[reward-sweep] warm-start profile=finish_ratio run=reward_sweep_small_finish_ratio seed=3 Tue Jun 30 06:54:41 PM KST 2026
Gym has been unmaintained since 2022 and does not support NumPy 2.0 amongst other critical functionality.
Please upgrade to Gymnasium, the maintained drop-in replacement of Gym, or contact the authors of your software and request that they upgrade.
See the migration guide at https://gymnasium.farama.org/introduction/migration_guide/ for additional information.
[INFO][AppLauncher]: Using device: cuda:0
[INFO][AppLauncher]: Loading experience file: /home/user/IsaacLab/apps/isaaclab.python.headless.kit

[36m======================================================================================[0m
[36m[1m[INFO][IsaacLab]: Logging to file: /tmp/isaaclab/logs/isaaclab_2026-06-30_18-54-43.log[0m
[36m======================================================================================[0m

[33m18:54:43 [simulation_context.py] WARNING: The `enable_external_forces_every_iteration` parameter in the PhysxCfg is set to False. If you are experiencing noisy velocities, consider enabling this flag. You may need to slightly increase the number of velocity iterations (setting it to 1 or 2 rather than 0), together with this flag, to improve the accuracy of velocity updates.[0m
[INFO]: Base environment:
	Environment device    : cuda:0
	Environment seed      : None
	Physics step-size     : 0.008333333333333333
	Rendering step-size   : 0.16666666666666666
	Environment step-size : 0.16666666666666666
[33m18:54:44 [interactive_scene.py] WARNING: Collision filtering can only be automatically enabled when replicate_physics=True and using GPU simulation. Please call scene.filter_collisions(global_prim_paths) to filter collisions across environments.[0m
[INFO]: Time taken for scene creation : 1.164662 seconds
[INFO]: Scene manager:  <class InteractiveScene>
	Number of environments: 4
	Environment spacing   : 3.0
	Source prim name      : /World/envs/env_0
	Global prim paths     : []
	Replicate physics     : False
[INFO]: Starting the simulation. This may take a few seconds. Please wait...
[INFO]: Time taken for simulation start : 0.375598 seconds
[INFO]: Completed setting up the environment...
[gat-train] loaded GAT checkpoint: isaaclab_pallet/runs/overnight_full/PCT-latest.pt
[gat-train] run_dir=isaaclab_pallet/runs/reward_sweep_small_finish_ratio device=cuda:0 num_envs=4 obs_shape=(4, 301, 9) leaf_shape=(4, 100, 9) num_steps=5 normFactor=0.8 drift_fail_threshold=0.4 reward_profile=finish_ratio
[gat-train] initial competition score = 89.26  -> PCT-best.pt
[gat-train] update=1 samples=20 fps=5.0 loss=0.0515 actor=0.0386 value=0.0179 entropy=0.5030 mean_return=0.000 mean_len=0.0
[gat-train] update=2 samples=40 fps=8.2 loss=-0.0218 actor=-0.0353 value=0.0234 entropy=0.9951 mean_return=0.000 mean_len=0.0
[gat-train] update=3 samples=60 fps=10.1 loss=0.0743 actor=0.0695 value=0.0149 entropy=1.0077 mean_return=0.000 mean_len=0.0
[gat-train] update=4 samples=80 fps=11.2 loss=0.0136 actor=0.0145 value=0.0119 entropy=1.2845 mean_return=0.000 mean_len=0.0
[gat-train] update=5 samples=100 fps=11.7 loss=-0.2096 actor=-0.2185 value=0.0224 entropy=1.3478 mean_return=0.000 mean_len=0.0
[gat-train] update=6 samples=120 fps=12.1 loss=-0.0730 actor=-0.0614 value=0.0028 entropy=1.4321 mean_return=0.000 mean_len=0.0
[gat-train] update=7 samples=140 fps=12.2 loss=-0.1526 actor=-0.1569 value=0.0193 entropy=1.4953 mean_return=0.000 mean_len=0.0
[gat-train] update=8 samples=160 fps=12.3 loss=-0.1730 actor=-0.2216 value=0.0590 entropy=1.0405 mean_return=0.000 mean_len=0.0
[gat-train] update=9 samples=180 fps=12.2 loss=-0.1725 actor=-0.1974 value=0.0391 entropy=1.4184 mean_return=0.000 mean_len=0.0
[gat-train] update=10 samples=200 fps=12.1 loss=-0.2477 actor=-0.3030 value=0.0692 entropy=1.3848 mean_return=0.000 mean_len=0.0
[gat-train] update=11 samples=220 fps=12.0 loss=-0.3181 actor=-0.4152 value=0.1113 entropy=1.4160 mean_return=0.000 mean_len=0.0
[gat-train] update=12 samples=240 fps=11.9 loss=-0.3147 actor=-0.4420 value=0.1409 entropy=1.3531 mean_return=0.000 mean_len=0.0
[gat-train] update=13 samples=260 fps=11.7 loss=-0.3276 actor=-0.4866 value=0.1736 entropy=1.4596 mean_return=0.000 mean_len=0.0
[gat-train] update=14 samples=280 fps=11.5 loss=-0.3832 actor=-0.5820 value=0.2129 entropy=1.4117 mean_return=0.000 mean_len=0.0
[gat-train] update=15 samples=300 fps=11.4 loss=-0.4533 actor=-0.6631 value=0.2256 entropy=1.5810 mean_return=0.000 mean_len=0.0
[gat-train] update=16 samples=320 fps=11.5 loss=-0.6245 actor=-0.9451 value=0.3386 entropy=1.8007 mean_return=0.000 mean_len=0.0
[gat-train] update=17 samples=340 fps=11.6 loss=-0.5200 actor=-0.7757 value=0.2730 entropy=1.7327 mean_return=0.000 mean_len=0.0
[gat-train] update=18 samples=360 fps=11.8 loss=101.8263 actor=15.1167 value=86.7279 entropy=1.8234 mean_return=18.086 mean_len=89.0
[gat-train] update=19 samples=380 fps=12.2 loss=20.8441 actor=4.0564 value=16.7963 entropy=0.8644 mean_return=18.235 mean_len=89.8
[gat-train] update=20 samples=400 fps=12.5 loss=0.0982 actor=0.0837 value=0.0249 entropy=1.0410 mean_return=18.235 mean_len=89.8
[gat-train] update=21 samples=420 fps=12.9 loss=0.1154 actor=0.1150 value=0.0168 entropy=1.6406 mean_return=18.235 mean_len=89.8
[gat-train] update=22 samples=440 fps=13.0 loss=-0.0436 actor=-0.0370 value=0.0083 entropy=1.4869 mean_return=18.235 mean_len=89.8
[gat-train] update=23 samples=460 fps=13.1 loss=-0.1904 actor=-0.1861 value=0.0143 entropy=1.8547 mean_return=18.235 mean_len=89.8
[gat-train] update=24 samples=480 fps=13.1 loss=-0.2324 actor=-0.2312 value=0.0180 entropy=1.9170 mean_return=18.235 mean_len=89.8
[gat-train] update=25 samples=500 fps=13.1 loss=-0.2367 actor=-0.2498 value=0.0292 entropy=1.6132 mean_return=18.235 mean_len=89.8
[gat-train] update=26 samples=520 fps=13.1 loss=-0.3787 actor=-0.4009 value=0.0431 entropy=2.0960 mean_return=18.235 mean_len=89.8
[gat-train] update=27 samples=540 fps=13.0 loss=-0.4428 actor=-0.4978 value=0.0769 entropy=2.1918 mean_return=18.235 mean_len=89.8
[gat-train] update=28 samples=560 fps=13.0 loss=-0.5906 actor=-0.6779 value=0.1113 entropy=2.3977 mean_return=18.235 mean_len=89.8
[gat-train] update=29 samples=580 fps=12.9 loss=-0.6524 actor=-0.7639 value=0.1358 entropy=2.4292 mean_return=18.235 mean_len=89.8
[gat-train] update=30 samples=600 fps=12.8 loss=-0.9642 actor=-1.1019 value=0.1665 entropy=2.8792 mean_return=18.235 mean_len=89.8
[gat-train] update=31 samples=620 fps=12.8 loss=-1.0038 actor=-1.1782 value=0.2027 entropy=2.8346 mean_return=18.235 mean_len=89.8
[gat-train] update=32 samples=640 fps=12.7 loss=-1.2270 actor=-1.4053 value=0.2097 entropy=3.1448 mean_return=18.235 mean_len=89.8
[gat-train] update=33 samples=660 fps=12.6 loss=-1.2023 actor=-1.4391 value=0.2687 entropy=3.1999 mean_return=18.235 mean_len=89.8
[gat-train] update=34 samples=680 fps=12.7 loss=-1.1493 actor=-1.4064 value=0.2852 entropy=2.8057 mean_return=18.235 mean_len=89.8
[gat-train] update=35 samples=700 fps=12.8 loss=49.6630 actor=8.9041 value=40.7798 entropy=2.0868 mean_return=18.036 mean_len=88.0
[gat-train] update=36 samples=720 fps=12.9 loss=52.3806 actor=9.1513 value=43.2501 entropy=2.0816 mean_return=17.911 mean_len=87.8
[gat-train] update=37 samples=740 fps=13.1 loss=0.2265 actor=0.2168 value=0.0331 entropy=2.3404 mean_return=17.911 mean_len=87.8
[gat-train] update=38 samples=760 fps=13.2 loss=0.0328 actor=0.0507 value=0.0075 entropy=2.5428 mean_return=17.911 mean_len=87.8
[gat-train] update=39 samples=780 fps=13.3 loss=0.0258 actor=0.0327 value=0.0183 entropy=2.5255 mean_return=17.911 mean_len=87.8
[gat-train] update=40 samples=800 fps=13.3 loss=-0.0424 actor=-0.0297 value=0.0120 entropy=2.4743 mean_return=17.911 mean_len=87.8
[gat-train] update=41 samples=820 fps=13.3 loss=-0.1474 actor=-0.1465 value=0.0231 entropy=2.4000 mean_return=17.911 mean_len=87.8
[gat-train] update=42 samples=840 fps=13.3 loss=-0.1664 actor=-0.1510 value=0.0083 entropy=2.3695 mean_return=17.911 mean_len=87.8
[gat-train] update=43 samples=860 fps=13.2 loss=-0.5439 actor=-0.5801 value=0.0572 entropy=2.0999 mean_return=17.911 mean_len=87.8
[gat-train] update=44 samples=880 fps=13.2 loss=-0.3394 actor=-0.3757 value=0.0542 entropy=1.7805 mean_return=17.911 mean_len=87.8
[gat-train] update=45 samples=900 fps=13.2 loss=-0.4630 actor=-0.5177 value=0.0735 entropy=1.8832 mean_return=17.911 mean_len=87.8
[gat-train] update=46 samples=920 fps=13.1 loss=-0.3068 actor=-0.3575 value=0.0677 entropy=1.7023 mean_return=17.911 mean_len=87.8
[gat-train] update=47 samples=940 fps=13.0 loss=-0.3669 actor=-0.4728 value=0.1208 entropy=1.4905 mean_return=17.911 mean_len=87.8
[gat-train] update=48 samples=960 fps=13.0 loss=-0.3657 actor=-0.4977 value=0.1499 entropy=1.7929 mean_return=17.911 mean_len=87.8
[gat-train] update=49 samples=980 fps=12.8 loss=-0.2871 actor=-0.4399 value=0.1678 entropy=1.4971 mean_return=17.911 mean_len=87.8
[gat-train] update=50 samples=1000 fps=12.8 loss=-0.6022 actor=-0.8618 value=0.2749 entropy=1.5291 mean_return=17.911 mean_len=87.8
[gat-train] eval update=50 comp_score=90.72 best=90.72  *NEW BEST -> PCT-best.pt*
[gat-train] update=51 samples=1020 fps=12.3 loss=-0.3019 actor=-0.5332 value=0.2447 entropy=1.3353 mean_return=17.911 mean_len=87.8
[gat-train] update=52 samples=1040 fps=12.4 loss=16.9377 actor=2.8023 value=14.1511 entropy=1.5665 mean_return=17.745 mean_len=87.3
[gat-train] update=53 samples=1060 fps=12.4 loss=10.5710 actor=2.5978 value=7.9875 entropy=1.4347 mean_return=17.806 mean_len=87.4
[gat-train] update=54 samples=1080 fps=12.5 loss=-0.1524 actor=-0.2611 value=0.1220 entropy=1.3243 mean_return=17.806 mean_len=87.4
[gat-train] update=55 samples=1100 fps=12.6 loss=33.5384 actor=6.5908 value=26.9624 entropy=1.4849 mean_return=17.953 mean_len=88.4
[gat-train] update=56 samples=1120 fps=12.6 loss=0.0209 actor=0.0174 value=0.0175 entropy=1.3972 mean_return=17.953 mean_len=88.4
[gat-train] update=57 samples=1140 fps=12.7 loss=-0.0834 actor=-0.0851 value=0.0184 entropy=1.6645 mean_return=17.953 mean_len=88.4
[gat-train] update=58 samples=1160 fps=12.8 loss=-0.1592 actor=-0.1714 value=0.0282 entropy=1.5987 mean_return=17.953 mean_len=88.4
[gat-train] update=59 samples=1180 fps=12.8 loss=-0.1290 actor=-0.1297 value=0.0155 entropy=1.4791 mean_return=17.953 mean_len=88.4
[gat-train] update=60 samples=1200 fps=12.8 loss=-0.1870 actor=-0.1995 value=0.0296 entropy=1.7048 mean_return=17.953 mean_len=88.4
[gat-train] update=61 samples=1220 fps=12.8 loss=-0.3378 actor=-0.3434 value=0.0264 entropy=2.0787 mean_return=17.953 mean_len=88.4
[gat-train] update=62 samples=1240 fps=12.8 loss=-0.4073 actor=-0.4541 value=0.0680 entropy=2.1153 mean_return=17.953 mean_len=88.4
[gat-train] update=63 samples=1260 fps=12.8 loss=-0.4041 actor=-0.4443 value=0.0602 entropy=2.0046 mean_return=17.953 mean_len=88.4
[gat-train] update=64 samples=1280 fps=12.7 loss=-0.4756 actor=-0.5587 value=0.1028 entropy=1.9673 mean_return=17.953 mean_len=88.4
[gat-train] update=65 samples=1300 fps=12.7 loss=-0.6572 actor=-0.7652 value=0.1303 entropy=2.2376 mean_return=17.953 mean_len=88.4
[gat-train] update=66 samples=1320 fps=12.7 loss=-0.6543 actor=-0.7929 value=0.1627 entropy=2.4131 mean_return=17.953 mean_len=88.4
[gat-train] update=67 samples=1340 fps=12.6 loss=-0.7118 actor=-0.8881 value=0.2038 entropy=2.7398 mean_return=17.953 mean_len=88.4
[gat-train] update=68 samples=1360 fps=12.6 loss=-0.9617 actor=-1.1301 value=0.1959 entropy=2.7511 mean_return=17.953 mean_len=88.4
[gat-train] update=69 samples=1380 fps=12.6 loss=27.4334 actor=4.3546 value=23.1038 entropy=2.4993 mean_return=17.961 mean_len=88.2
[gat-train] update=70 samples=1400 fps=12.6 loss=-0.7029 actor=-0.8800 value=0.1992 entropy=2.2091 mean_return=17.961 mean_len=88.2
[gat-train] update=71 samples=1420 fps=12.6 loss=49.8428 actor=4.0045 value=45.8566 entropy=1.8255 mean_return=18.020 mean_len=88.6
[gat-train] update=72 samples=1440 fps=12.7 loss=46.5475 actor=8.2872 value=38.2831 entropy=2.2720 mean_return=17.988 mean_len=88.7
[gat-train] update=73 samples=1460 fps=12.7 loss=11.2488 actor=3.1102 value=8.1563 entropy=1.7676 mean_return=18.018 mean_len=88.7
[gat-train] update=74 samples=1480 fps=12.8 loss=-0.2883 actor=-0.3247 value=0.0588 entropy=2.2445 mean_return=18.018 mean_len=88.7
[gat-train] update=75 samples=1500 fps=12.8 loss=0.0151 actor=0.0159 value=0.0197 entropy=2.0441 mean_return=18.018 mean_len=88.7
[gat-train] update=76 samples=1520 fps=12.9 loss=-0.3125 actor=-0.3357 value=0.0448 entropy=2.1593 mean_return=18.018 mean_len=88.7
[gat-train] update=77 samples=1540 fps=12.9 loss=-0.1876 actor=-0.1741 value=0.0087 entropy=2.2177 mean_return=18.018 mean_len=88.7
[gat-train] update=78 samples=1560 fps=12.9 loss=-0.2901 actor=-0.2942 value=0.0255 entropy=2.1392 mean_return=18.018 mean_len=88.7
[gat-train] update=79 samples=1580 fps=12.9 loss=-0.5124 actor=-0.5377 value=0.0521 entropy=2.6887 mean_return=18.018 mean_len=88.7
[gat-train] update=80 samples=1600 fps=12.9 loss=-0.4804 actor=-0.5042 value=0.0481 entropy=2.4349 mean_return=18.018 mean_len=88.7
[gat-train] update=81 samples=1620 fps=12.8 loss=-0.7133 actor=-0.8405 value=0.1511 entropy=2.3936 mean_return=18.018 mean_len=88.7
[gat-train] update=82 samples=1640 fps=12.8 loss=-0.7048 actor=-0.7483 value=0.0680 entropy=2.4492 mean_return=18.018 mean_len=88.7
[gat-train] update=83 samples=1660 fps=12.8 loss=-0.4998 actor=-0.6051 value=0.1256 entropy=2.0370 mean_return=18.018 mean_len=88.7
[gat-train] update=84 samples=1680 fps=12.8 loss=-0.9184 actor=-1.1176 value=0.2254 entropy=2.6224 mean_return=18.018 mean_len=88.7
[gat-train] update=85 samples=1700 fps=12.8 loss=-0.4002 actor=-0.5013 value=0.1212 entropy=2.0126 mean_return=18.018 mean_len=88.7
[gat-train] update=86 samples=1720 fps=12.8 loss=-0.7401 actor=-0.9335 value=0.2164 entropy=2.2975 mean_return=18.018 mean_len=88.7
[gat-train] update=87 samples=1740 fps=12.8 loss=19.9333 actor=2.7546 value=17.2025 entropy=2.3859 mean_return=18.023 mean_len=88.7
[gat-train] update=88 samples=1760 fps=12.8 loss=-0.4011 actor=-0.6189 value=0.2351 entropy=1.7285 mean_return=18.023 mean_len=88.7
[gat-train] update=89 samples=1780 fps=12.8 loss=10.4221 actor=2.3849 value=8.0566 entropy=1.9455 mean_return=18.002 mean_len=88.6
[gat-train] update=90 samples=1800 fps=12.9 loss=47.6644 actor=5.6777 value=41.9991 entropy=1.2383 mean_return=18.010 mean_len=88.6
[gat-train] update=91 samples=1820 fps=12.9 loss=12.0718 actor=3.0004 value=9.0867 entropy=1.5382 mean_return=18.016 mean_len=88.7
[gat-train] update=92 samples=1840 fps=13.0 loss=0.1367 actor=0.0665 value=0.0834 entropy=1.3200 mean_return=18.016 mean_len=88.7
[gat-train] update=93 samples=1860 fps=13.0 loss=0.0717 actor=0.0547 value=0.0295 entropy=1.2452 mean_return=18.016 mean_len=88.7
[gat-train] update=94 samples=1880 fps=13.0 loss=-0.0399 actor=-0.0368 value=0.0097 entropy=1.2784 mean_return=18.016 mean_len=88.7
[gat-train] update=95 samples=1900 fps=13.0 loss=-0.1763 actor=-0.1900 value=0.0308 entropy=1.7089 mean_return=18.016 mean_len=88.7
[gat-train] update=96 samples=1920 fps=13.0 loss=-0.1304 actor=-0.1400 value=0.0265 entropy=1.6941 mean_return=18.016 mean_len=88.7
[gat-train] update=97 samples=1940 fps=13.0 loss=-0.2551 actor=-0.2726 value=0.0353 entropy=1.7742 mean_return=18.016 mean_len=88.7
[gat-train] update=98 samples=1960 fps=13.0 loss=-0.4954 actor=-0.6064 value=0.1264 entropy=1.5364 mean_return=18.016 mean_len=88.7
[gat-train] update=99 samples=1980 fps=13.0 loss=-0.3857 actor=-0.4252 value=0.0563 entropy=1.6814 mean_return=18.016 mean_len=88.7
[gat-train] update=100 samples=2000 fps=13.0 loss=-0.5928 actor=-0.6786 value=0.1061 entropy=2.0344 mean_return=18.016 mean_len=88.7
[gat-train] eval update=100 comp_score=89.99 best=90.72
[gat-train] update=101 samples=2020 fps=12.7 loss=-0.3506 actor=-0.4415 value=0.1074 entropy=1.6630 mean_return=18.016 mean_len=88.7
[gat-train] update=102 samples=2040 fps=12.6 loss=-0.6950 actor=-0.9045 value=0.2278 entropy=1.8339 mean_return=18.016 mean_len=88.7
[gat-train] update=103 samples=2060 fps=12.6 loss=-0.9531 actor=-1.1586 value=0.2255 entropy=1.9993 mean_return=18.016 mean_len=88.7
[gat-train] update=104 samples=2080 fps=12.6 loss=44.9656 actor=7.0200 value=37.9649 entropy=1.9326 mean_return=18.002 mean_len=88.7
[gat-train] update=105 samples=2100 fps=12.6 loss=-0.1614 actor=-0.2571 value=0.1100 entropy=1.4363 mean_return=18.002 mean_len=88.7
[gat-train] update=106 samples=2120 fps=12.6 loss=-0.9607 actor=-1.1750 value=0.2405 entropy=2.6215 mean_return=18.002 mean_len=88.7
[gat-train] update=107 samples=2140 fps=12.6 loss=42.4777 actor=5.1298 value=37.3677 entropy=1.9898 mean_return=18.042 mean_len=88.9
[gat-train] update=108 samples=2160 fps=12.6 loss=37.9661 actor=4.9784 value=33.0024 entropy=1.4695 mean_return=18.053 mean_len=88.9
[gat-train] update=109 samples=2180 fps=12.7 loss=51.5757 actor=5.7935 value=45.8005 entropy=1.8362 mean_return=18.071 mean_len=89.1
[gat-train] update=110 samples=2200 fps=12.7 loss=0.1218 actor=0.0342 value=0.0971 entropy=0.9484 mean_return=18.071 mean_len=89.1
[gat-train] update=111 samples=2220 fps=12.7 loss=0.0407 actor=0.0015 value=0.0519 entropy=1.2690 mean_return=18.071 mean_len=89.1
[gat-train] update=112 samples=2240 fps=12.7 loss=-0.1417 actor=-0.1412 value=0.0119 entropy=1.2428 mean_return=18.071 mean_len=89.1
[gat-train] update=113 samples=2260 fps=12.7 loss=-0.0038 actor=-0.0037 value=0.0171 entropy=1.7237 mean_return=18.071 mean_len=89.1
[gat-train] update=114 samples=2280 fps=12.7 loss=-0.1327 actor=-0.2032 value=0.0855 entropy=1.4939 mean_return=18.071 mean_len=89.1
[gat-train] update=115 samples=2300 fps=12.7 loss=-0.1576 actor=-0.1880 value=0.0443 entropy=1.3938 mean_return=18.071 mean_len=89.1
[gat-train] update=116 samples=2320 fps=12.7 loss=-0.0784 actor=-0.1178 value=0.0520 entropy=1.2599 mean_return=18.071 mean_len=89.1
[gat-train] update=117 samples=2340 fps=12.7 loss=-0.4912 actor=-0.5896 value=0.1134 entropy=1.4997 mean_return=18.071 mean_len=89.1
[gat-train] update=118 samples=2360 fps=12.7 loss=-0.3882 actor=-0.4818 value=0.1067 entropy=1.3019 mean_return=18.071 mean_len=89.1
[gat-train] update=119 samples=2380 fps=12.7 loss=-0.6123 actor=-0.7063 value=0.1122 entropy=1.8133 mean_return=18.071 mean_len=89.1
[gat-train] update=120 samples=2400 fps=12.7 loss=-0.5163 actor=-0.6489 value=0.1460 entropy=1.3345 mean_return=18.071 mean_len=89.1
[gat-train] update=121 samples=2420 fps=12.7 loss=37.6695 actor=7.9529 value=29.7334 entropy=1.6749 mean_return=18.035 mean_len=88.9
[gat-train] update=122 samples=2440 fps=12.6 loss=-0.2325 actor=-0.3512 value=0.1332 entropy=1.4559 mean_return=18.035 mean_len=88.9
[gat-train] update=123 samples=2460 fps=12.6 loss=-0.3087 actor=-0.4657 value=0.1707 entropy=1.3702 mean_return=18.035 mean_len=88.9
[gat-train] update=124 samples=2480 fps=12.6 loss=-0.4097 actor=-0.5595 value=0.1650 entropy=1.5198 mean_return=18.035 mean_len=88.9
[gat-train] update=125 samples=2500 fps=12.7 loss=51.9620 actor=8.5868 value=43.3910 entropy=1.5899 mean_return=18.065 mean_len=89.0
[gat-train] update=126 samples=2520 fps=12.7 loss=40.0509 actor=5.1814 value=34.8824 entropy=1.2863 mean_return=18.064 mean_len=89.0
[gat-train] update=127 samples=2540 fps=12.7 loss=47.7716 actor=5.4394 value=42.3455 entropy=1.3272 mean_return=18.089 mean_len=89.0
[gat-train] update=128 samples=2560 fps=12.8 loss=0.0533 actor=0.0029 value=0.0582 entropy=0.7857 mean_return=18.089 mean_len=89.0
[gat-train] update=129 samples=2580 fps=12.8 loss=-0.0111 actor=-0.0319 value=0.0331 entropy=1.2231 mean_return=18.089 mean_len=89.0
[gat-train] update=130 samples=2600 fps=12.8 loss=-0.1751 actor=-0.1842 value=0.0228 entropy=1.3612 mean_return=18.089 mean_len=89.0
[gat-train] update=131 samples=2620 fps=12.8 loss=-0.1089 actor=-0.1291 value=0.0346 entropy=1.4301 mean_return=18.089 mean_len=89.0
[gat-train] update=132 samples=2640 fps=12.8 loss=-0.1582 actor=-0.1746 value=0.0308 entropy=1.4336 mean_return=18.089 mean_len=89.0
[gat-train] update=133 samples=2660 fps=12.8 loss=-0.1439 actor=-0.2170 value=0.0857 entropy=1.2542 mean_return=18.089 mean_len=89.0
[gat-train] update=134 samples=2680 fps=12.8 loss=-0.2495 actor=-0.2955 value=0.0597 entropy=1.3750 mean_return=18.089 mean_len=89.0
[gat-train] update=135 samples=2700 fps=12.8 loss=-0.2638 actor=-0.3233 value=0.0726 entropy=1.3096 mean_return=18.089 mean_len=89.0
[gat-train] update=136 samples=2720 fps=12.8 loss=-0.3619 actor=-0.5229 value=0.1748 entropy=1.3800 mean_return=18.089 mean_len=89.0
[gat-train] update=137 samples=2740 fps=12.7 loss=-0.3421 actor=-0.5036 value=0.1777 entropy=1.6171 mean_return=18.089 mean_len=89.0
[gat-train] update=138 samples=2760 fps=12.7 loss=-0.3249 actor=-0.4038 value=0.0939 entropy=1.4944 mean_return=18.089 mean_len=89.0
[gat-train] update=139 samples=2780 fps=12.7 loss=10.8021 actor=2.4062 value=8.4133 entropy=1.7456 mean_return=18.105 mean_len=89.0
[gat-train] update=140 samples=2800 fps=12.7 loss=-0.3989 actor=-0.5675 value=0.1866 entropy=1.8087 mean_return=18.105 mean_len=89.0
[gat-train] update=141 samples=2820 fps=12.7 loss=-0.5942 actor=-0.7497 value=0.1771 entropy=2.1538 mean_return=18.105 mean_len=89.0
[gat-train] update=142 samples=2840 fps=12.7 loss=41.3267 actor=5.7962 value=35.5499 entropy=1.9371 mean_return=18.102 mean_len=88.8
[gat-train] update=143 samples=2860 fps=12.7 loss=10.1380 actor=2.6371 value=7.5160 entropy=1.4981 mean_return=18.087 mean_len=88.6
[gat-train] update=144 samples=2880 fps=12.8 loss=-0.2014 actor=-0.2204 value=0.0385 entropy=1.9517 mean_return=18.087 mean_len=88.6
[gat-train] update=145 samples=2900 fps=12.8 loss=-0.0653 actor=-0.1574 value=0.1117 entropy=1.9574 mean_return=18.087 mean_len=88.6
[gat-train] update=146 samples=2920 fps=12.8 loss=23.5425 actor=4.7427 value=18.8183 entropy=1.8421 mean_return=18.096 mean_len=88.7
[gat-train] update=147 samples=2940 fps=12.8 loss=-0.2051 actor=-0.2318 value=0.0447 entropy=1.7944 mean_return=18.096 mean_len=88.7
[gat-train] update=148 samples=2960 fps=12.8 loss=-0.2216 actor=-0.2248 value=0.0248 entropy=2.1560 mean_return=18.096 mean_len=88.7
[gat-train] update=149 samples=2980 fps=12.8 loss=-0.2367 actor=-0.2952 value=0.0767 entropy=1.8217 mean_return=18.096 mean_len=88.7
[gat-train] update=150 samples=3000 fps=12.8 loss=-0.3510 actor=-0.3907 value=0.0613 entropy=2.1552 mean_return=18.096 mean_len=88.7
[gat-train] eval update=150 comp_score=89.26 best=90.72
[gat-train] update=151 samples=3020 fps=12.7 loss=-0.1849 actor=-0.2529 value=0.0911 entropy=2.3129 mean_return=18.096 mean_len=88.7
[gat-train] update=152 samples=3040 fps=12.7 loss=-0.6700 actor=-0.8616 value=0.2161 entropy=2.4470 mean_return=18.096 mean_len=88.7
[gat-train] update=153 samples=3060 fps=12.6 loss=-1.0466 actor=-1.2592 value=0.2370 entropy=2.4478 mean_return=18.096 mean_len=88.7
[gat-train] update=154 samples=3080 fps=12.6 loss=-0.5049 actor=-0.5778 value=0.0992 entropy=2.6296 mean_return=18.096 mean_len=88.7
[gat-train] update=155 samples=3100 fps=12.6 loss=-0.9537 actor=-1.1871 value=0.2602 entropy=2.6804 mean_return=18.096 mean_len=88.7
[gat-train] update=156 samples=3120 fps=12.6 loss=-0.5331 actor=-0.6703 value=0.1586 entropy=2.1408 mean_return=18.096 mean_len=88.7
[gat-train] update=157 samples=3140 fps=12.6 loss=11.9296 actor=2.5749 value=9.3772 entropy=2.2559 mean_return=18.106 mean_len=88.8
[gat-train] update=158 samples=3160 fps=12.7 loss=24.1420 actor=3.8350 value=20.3265 entropy=1.9574 mean_return=18.051 mean_len=88.4
[gat-train] update=159 samples=3180 fps=12.7 loss=36.8146 actor=5.2271 value=31.6069 entropy=1.9390 mean_return=18.000 mean_len=88.3
[gat-train] update=160 samples=3200 fps=12.7 loss=-0.4995 actor=-0.6124 value=0.1343 entropy=2.1374 mean_return=18.000 mean_len=88.3
[gat-train] update=161 samples=3220 fps=12.7 loss=0.2191 actor=0.1551 value=0.0863 entropy=2.2339 mean_return=18.000 mean_len=88.3
[gat-train] update=162 samples=3240 fps=12.7 loss=-0.1289 actor=-0.1641 value=0.0559 entropy=2.0724 mean_return=18.000 mean_len=88.3
[gat-train] update=163 samples=3260 fps=12.7 loss=-0.4053 actor=-0.4657 value=0.0808 entropy=2.0291 mean_return=18.000 mean_len=88.3
[gat-train] update=164 samples=3280 fps=12.7 loss=59.4395 actor=10.1132 value=49.3496 entropy=2.3342 mean_return=18.023 mean_len=88.4
[gat-train] update=165 samples=3300 fps=12.7 loss=-0.3597 actor=-0.4699 value=0.1279 entropy=1.7694 mean_return=18.023 mean_len=88.4
[gat-train] update=166 samples=3320 fps=12.7 loss=-0.1090 actor=-0.1882 value=0.0993 entropy=2.0066 mean_return=18.023 mean_len=88.4
[gat-train] update=167 samples=3340 fps=12.7 loss=-0.2282 actor=-0.2816 value=0.0744 entropy=2.1008 mean_return=18.023 mean_len=88.4
[gat-train] update=168 samples=3360 fps=12.7 loss=-0.5173 actor=-0.6455 value=0.1528 entropy=2.4520 mean_return=18.023 mean_len=88.4
[gat-train] update=169 samples=3380 fps=12.7 loss=-0.5657 actor=-0.6910 value=0.1496 entropy=2.4369 mean_return=18.023 mean_len=88.4
[gat-train] update=170 samples=3400 fps=12.7 loss=-0.8199 actor=-0.9810 value=0.1879 entropy=2.6779 mean_return=18.023 mean_len=88.4
[gat-train] update=171 samples=3420 fps=12.7 loss=-1.0091 actor=-1.2358 value=0.2502 entropy=2.3527 mean_return=18.023 mean_len=88.4
[gat-train] update=172 samples=3440 fps=12.7 loss=23.8516 actor=3.7413 value=20.1341 entropy=2.3860 mean_return=17.975 mean_len=88.1
[gat-train] update=173 samples=3460 fps=12.7 loss=-0.5660 actor=-0.7894 value=0.2476 entropy=2.4238 mean_return=17.975 mean_len=88.1
[gat-train] update=174 samples=3480 fps=12.7 loss=24.8019 actor=4.9493 value=19.8795 entropy=2.6910 mean_return=17.951 mean_len=87.9
[gat-train] update=175 samples=3500 fps=12.7 loss=-0.4765 actor=-0.5798 value=0.1288 entropy=2.5549 mean_return=17.951 mean_len=87.9
[gat-train] update=176 samples=3520 fps=12.7 loss=41.4665 actor=7.8940 value=33.5963 entropy=2.3676 mean_return=17.938 mean_len=87.8
[gat-train] update=177 samples=3540 fps=12.8 loss=0.0152 actor=-0.0586 value=0.0978 entropy=2.4013 mean_return=17.938 mean_len=87.8
[gat-train] update=178 samples=3560 fps=12.8 loss=-0.2243 actor=-0.2476 value=0.0463 entropy=2.3042 mean_return=17.938 mean_len=87.8
[gat-train] update=179 samples=3580 fps=12.8 loss=-0.2966 actor=-0.3184 value=0.0474 entropy=2.5634 mean_return=17.938 mean_len=87.8
[gat-train] update=180 samples=3600 fps=12.8 loss=9.2187 actor=2.2057 value=7.0382 entropy=2.5245 mean_return=17.887 mean_len=87.5
[gat-train] update=181 samples=3620 fps=12.8 loss=-0.3531 actor=-0.4033 value=0.0760 entropy=2.5830 mean_return=17.887 mean_len=87.5
[gat-train] update=182 samples=3640 fps=12.8 loss=-0.3595 actor=-0.4264 value=0.0963 entropy=2.9432 mean_return=17.887 mean_len=87.5
[gat-train] update=183 samples=3660 fps=12.8 loss=-0.3289 actor=-0.3789 value=0.0788 entropy=2.8785 mean_return=17.887 mean_len=87.5
[gat-train] update=184 samples=3680 fps=12.8 loss=-0.7117 actor=-0.8455 value=0.1641 entropy=3.0272 mean_return=17.887 mean_len=87.5
[gat-train] update=185 samples=3700 fps=12.8 loss=-0.7849 actor=-0.9627 value=0.2083 entropy=3.0528 mean_return=17.887 mean_len=87.5
[gat-train] update=186 samples=3720 fps=12.8 loss=-0.8541 actor=-0.9967 value=0.1732 entropy=3.0563 mean_return=17.887 mean_len=87.5
[gat-train] update=187 samples=3740 fps=12.8 loss=-0.8710 actor=-0.9659 value=0.1253 entropy=3.0353 mean_return=17.887 mean_len=87.5
[gat-train] update=188 samples=3760 fps=12.8 loss=-0.5189 actor=-0.6283 value=0.1402 entropy=3.0826 mean_return=17.887 mean_len=87.5
[gat-train] update=189 samples=3780 fps=12.8 loss=-1.0072 actor=-1.2843 value=0.3078 entropy=3.0665 mean_return=17.887 mean_len=87.5
[gat-train] update=190 samples=3800 fps=12.8 loss=56.2242 actor=9.9840 value=46.2666 entropy=2.6428 mean_return=17.836 mean_len=87.4
[gat-train] update=191 samples=3820 fps=12.8 loss=-0.2479 actor=-0.4851 value=0.2611 entropy=2.3905 mean_return=17.836 mean_len=87.4
[gat-train] update=192 samples=3840 fps=12.8 loss=45.0463 actor=9.2003 value=35.8757 entropy=2.9626 mean_return=17.806 mean_len=87.3
[gat-train] update=193 samples=3860 fps=12.8 loss=-0.2544 actor=-0.4560 value=0.2297 entropy=2.8063 mean_return=17.806 mean_len=87.3
[gat-train] update=194 samples=3880 fps=12.8 loss=-0.0878 actor=-0.1017 value=0.0447 entropy=3.0742 mean_return=17.806 mean_len=87.3
[gat-train] update=195 samples=3900 fps=12.8 loss=-0.2804 actor=-0.2991 value=0.0473 entropy=2.8661 mean_return=17.806 mean_len=87.3
[gat-train] update=196 samples=3920 fps=12.8 loss=53.0998 actor=10.3316 value=42.7990 entropy=3.0772 mean_return=17.806 mean_len=87.2
[gat-train] update=197 samples=3940 fps=12.9 loss=-0.4093 actor=-0.5654 value=0.1835 entropy=2.7397 mean_return=17.806 mean_len=87.2
[gat-train] update=198 samples=3960 fps=12.9 loss=-0.3216 actor=-0.3523 value=0.0609 entropy=3.0153 mean_return=17.806 mean_len=87.2
[gat-train] update=199 samples=3980 fps=12.9 loss=-0.6083 actor=-0.6851 value=0.1078 entropy=3.1000 mean_return=17.806 mean_len=87.2
[gat-train] update=200 samples=4000 fps=12.9 loss=-0.9619 actor=-1.0983 value=0.1661 entropy=2.9763 mean_return=17.806 mean_len=87.2
[gat-train] eval update=200 comp_score=89.26 best=90.72
[gat-train] update=201 samples=4020 fps=12.7 loss=-0.5483 actor=-0.6433 value=0.1266 entropy=3.1565 mean_return=17.806 mean_len=87.2
[gat-train] update=202 samples=4040 fps=12.7 loss=-0.2491 actor=-0.3181 value=0.1018 entropy=3.2791 mean_return=17.806 mean_len=87.2
[gat-train] update=203 samples=4060 fps=12.7 loss=-1.4690 actor=-1.8335 value=0.3968 entropy=3.2349 mean_return=17.806 mean_len=87.2
[gat-train] update=204 samples=4080 fps=12.7 loss=-1.0198 actor=-1.1547 value=0.1677 entropy=3.2797 mean_return=17.806 mean_len=87.2
[gat-train] update=205 samples=4100 fps=12.7 loss=-0.6307 actor=-0.7258 value=0.1246 entropy=2.9526 mean_return=17.806 mean_len=87.2
[gat-train] update=206 samples=4120 fps=12.7 loss=30.4251 actor=3.8837 value=26.5652 entropy=2.3718 mean_return=17.781 mean_len=87.1
[gat-train] update=207 samples=4140 fps=12.7 loss=20.2711 actor=3.6361 value=16.6580 entropy=2.3097 mean_return=17.762 mean_len=87.0
[gat-train] update=208 samples=4160 fps=12.7 loss=-0.2868 actor=-0.4782 value=0.2166 entropy=2.5127 mean_return=17.762 mean_len=87.0
[gat-train] update=209 samples=4180 fps=12.8 loss=32.3042 actor=6.4466 value=25.8814 entropy=2.3834 mean_return=17.737 mean_len=86.9
[gat-train] update=210 samples=4200 fps=12.8 loss=0.0687 actor=0.0617 value=0.0304 entropy=2.3402 mean_return=17.737 mean_len=86.9
[gat-train] update=211 samples=4220 fps=12.8 loss=-0.2792 actor=-0.3058 value=0.0516 entropy=2.4998 mean_return=17.737 mean_len=86.9
[gat-train] update=212 samples=4240 fps=12.8 loss=-0.1564 actor=-0.1981 value=0.0681 entropy=2.6387 mean_return=17.737 mean_len=86.9
[gat-train] update=213 samples=4260 fps=12.8 loss=-0.4046 actor=-0.4214 value=0.0376 entropy=2.0801 mean_return=17.737 mean_len=86.9
[gat-train] update=214 samples=4280 fps=12.8 loss=11.9275 actor=2.7743 value=9.1757 entropy=2.2524 mean_return=17.740 mean_len=86.9
[gat-train] update=215 samples=4300 fps=12.8 loss=-0.1180 actor=-0.1245 value=0.0307 entropy=2.4212 mean_return=17.740 mean_len=86.9
[gat-train] update=216 samples=4320 fps=12.8 loss=-0.2356 actor=-0.3097 value=0.0952 entropy=2.1067 mean_return=17.740 mean_len=86.9
[gat-train] update=217 samples=4340 fps=12.8 loss=-0.6943 actor=-0.8448 value=0.1737 entropy=2.3265 mean_return=17.740 mean_len=86.9
[gat-train] update=218 samples=4360 fps=12.8 loss=-0.6605 actor=-0.7921 value=0.1560 entropy=2.4514 mean_return=17.740 mean_len=86.9
[gat-train] update=219 samples=4380 fps=12.8 loss=-0.5006 actor=-0.5747 value=0.0988 entropy=2.4796 mean_return=17.740 mean_len=86.9
[gat-train] update=220 samples=4400 fps=12.8 loss=-0.9193 actor=-1.0801 value=0.1878 entropy=2.6995 mean_return=17.740 mean_len=86.9
[gat-train] update=221 samples=4420 fps=12.8 loss=-0.4543 actor=-0.5301 value=0.1003 entropy=2.4568 mean_return=17.740 mean_len=86.9
[gat-train] update=222 samples=4440 fps=12.8 loss=28.3432 actor=3.8990 value=24.4677 entropy=2.3482 mean_return=17.707 mean_len=86.7
[gat-train] update=223 samples=4460 fps=12.8 loss=-0.5457 actor=-0.7124 value=0.1861 entropy=1.9332 mean_return=17.707 mean_len=86.7
[gat-train] update=224 samples=4480 fps=12.8 loss=47.5033 actor=8.0937 value=39.4327 entropy=2.3136 mean_return=17.708 mean_len=86.7
[gat-train] update=225 samples=4500 fps=12.8 loss=-0.2351 actor=-0.3088 value=0.0923 entropy=1.8596 mean_return=17.708 mean_len=86.7
[gat-train] update=226 samples=4520 fps=12.8 loss=-0.2110 actor=-0.2406 value=0.0491 entropy=1.9450 mean_return=17.708 mean_len=86.7
[gat-train] update=227 samples=4540 fps=12.8 loss=35.9365 actor=5.5291 value=30.4238 entropy=1.6428 mean_return=17.707 mean_len=86.8
[gat-train] update=228 samples=4560 fps=12.8 loss=-0.0834 actor=-0.1324 value=0.0663 entropy=1.7287 mean_return=17.707 mean_len=86.8
[gat-train] update=229 samples=4580 fps=12.8 loss=0.2344 actor=0.0725 value=0.1789 entropy=1.7015 mean_return=17.707 mean_len=86.8
[gat-train] update=230 samples=4600 fps=12.8 loss=21.3757 actor=3.4942 value=17.8968 entropy=1.5260 mean_return=17.685 mean_len=86.6
[gat-train] update=231 samples=4620 fps=12.8 loss=-0.2023 actor=-0.2576 value=0.0683 entropy=1.3021 mean_return=17.685 mean_len=86.6
[gat-train] update=232 samples=4640 fps=12.8 loss=-0.0795 actor=-0.1375 value=0.0742 entropy=1.6138 mean_return=17.685 mean_len=86.6
[gat-train] update=233 samples=4660 fps=12.8 loss=-0.2143 actor=-0.2523 value=0.0541 entropy=1.6076 mean_return=17.685 mean_len=86.6
[gat-train] update=234 samples=4680 fps=12.8 loss=-0.4412 actor=-0.5568 value=0.1369 entropy=2.1226 mean_return=17.685 mean_len=86.6
[gat-train] update=235 samples=4700 fps=12.8 loss=-0.4784 actor=-0.5805 value=0.1210 entropy=1.8834 mean_return=17.685 mean_len=86.6
[gat-train] update=236 samples=4720 fps=12.8 loss=-0.1933 actor=-0.2348 value=0.0603 entropy=1.8753 mean_return=17.685 mean_len=86.6
[gat-train] update=237 samples=4740 fps=12.8 loss=-0.1230 actor=-0.2287 value=0.1261 entropy=2.0400 mean_return=17.685 mean_len=86.6
[gat-train] update=238 samples=4760 fps=12.8 loss=-0.4556 actor=-0.6128 value=0.1758 entropy=1.8601 mean_return=17.685 mean_len=86.6
[gat-train] update=239 samples=4780 fps=12.8 loss=43.1439 actor=5.2347 value=37.9301 entropy=2.0881 mean_return=17.672 mean_len=86.5
[gat-train] update=240 samples=4800 fps=12.8 loss=-0.3188 actor=-0.4433 value=0.1433 entropy=1.8887 mean_return=17.672 mean_len=86.5
[gat-train] update=241 samples=4820 fps=12.8 loss=-0.4216 actor=-0.5354 value=0.1327 entropy=1.8879 mean_return=17.672 mean_len=86.5
[gat-train] update=242 samples=4840 fps=12.8 loss=-0.2046 actor=-0.3281 value=0.1463 entropy=2.2765 mean_return=17.672 mean_len=86.5
[gat-train] update=243 samples=4860 fps=12.8 loss=38.3523 actor=4.2828 value=34.0918 entropy=2.2213 mean_return=17.680 mean_len=86.6
[gat-train] update=244 samples=4880 fps=12.8 loss=-0.4083 actor=-0.4762 value=0.0896 entropy=2.1683 mean_return=17.680 mean_len=86.6
[gat-train] update=245 samples=4900 fps=12.8 loss=-0.2878 actor=-0.3192 value=0.0526 entropy=2.1111 mean_return=17.680 mean_len=86.6
[gat-train] update=246 samples=4920 fps=12.8 loss=14.7169 actor=3.4097 value=11.3278 entropy=2.0569 mean_return=17.700 mean_len=86.7
[gat-train] update=247 samples=4940 fps=12.9 loss=57.9170 actor=9.2215 value=48.7151 entropy=1.9663 mean_return=17.708 mean_len=86.8
[gat-train] update=248 samples=4960 fps=12.9 loss=0.3169 actor=0.0718 value=0.2670 entropy=2.1934 mean_return=17.708 mean_len=86.8
[gat-train] update=249 samples=4980 fps=12.9 loss=-0.0103 actor=-0.0494 value=0.0617 entropy=2.2669 mean_return=17.708 mean_len=86.8
[gat-train] update=250 samples=5000 fps=12.9 loss=-0.3052 actor=-0.3250 value=0.0403 entropy=2.0532 mean_return=17.708 mean_len=86.8
[gat-train] eval update=250 comp_score=89.99 best=90.72
[gat-train] update=251 samples=5020 fps=12.8 loss=-0.4297 actor=-0.4616 value=0.0570 entropy=2.5057 mean_return=17.708 mean_len=86.8
[gat-train] update=252 samples=5040 fps=12.8 loss=-0.1139 actor=-0.1240 value=0.0380 entropy=2.7806 mean_return=17.708 mean_len=86.8
[gat-train] update=253 samples=5060 fps=12.8 loss=-0.6785 actor=-0.8351 value=0.1853 entropy=2.8732 mean_return=17.708 mean_len=86.8
[gat-train] update=254 samples=5080 fps=12.8 loss=-0.8532 actor=-0.9262 value=0.1037 entropy=3.0642 mean_return=17.708 mean_len=86.8
[gat-train] update=255 samples=5100 fps=12.8 loss=-1.1492 actor=-1.3858 value=0.2652 entropy=2.8575 mean_return=17.708 mean_len=86.8
[gat-train] update=256 samples=5120 fps=12.8 loss=-0.7810 actor=-0.9313 value=0.1794 entropy=2.9101 mean_return=17.708 mean_len=86.8
[gat-train] update=257 samples=5140 fps=12.7 loss=-0.7395 actor=-0.9254 value=0.2167 entropy=3.0745 mean_return=17.708 mean_len=86.8
[gat-train] update=258 samples=5160 fps=12.7 loss=38.5738 actor=5.2326 value=33.3709 entropy=2.9669 mean_return=17.737 mean_len=87.0
[gat-train] update=259 samples=5180 fps=12.7 loss=-0.4814 actor=-0.6413 value=0.1899 entropy=2.9911 mean_return=17.737 mean_len=87.0
[gat-train] update=260 samples=5200 fps=12.7 loss=59.3829 actor=9.7622 value=49.6491 entropy=2.8451 mean_return=17.739 mean_len=86.9
[gat-train] update=261 samples=5220 fps=12.7 loss=-0.1232 actor=-0.3738 value=0.2760 entropy=2.5453 mean_return=17.739 mean_len=86.9
[gat-train] update=262 samples=5240 fps=12.8 loss=-0.4070 actor=-0.5080 value=0.1286 entropy=2.7648 mean_return=17.739 mean_len=86.9
[gat-train] update=263 samples=5260 fps=12.8 loss=34.0716 actor=5.7804 value=28.3169 entropy=2.5784 mean_return=17.760 mean_len=87.0
[gat-train] update=264 samples=5280 fps=12.8 loss=-0.1997 actor=-0.2110 value=0.0343 entropy=2.2961 mean_return=17.760 mean_len=87.0
[gat-train] update=265 samples=5300 fps=12.8 loss=12.7173 actor=2.9375 value=9.8032 entropy=2.3391 mean_return=17.728 mean_len=87.0
[gat-train] update=266 samples=5320 fps=12.8 loss=-0.2391 actor=-0.2821 value=0.0685 entropy=2.5489 mean_return=17.728 mean_len=87.0
[gat-train] update=267 samples=5340 fps=12.8 loss=0.5563 actor=0.4523 value=0.1266 entropy=2.2597 mean_return=17.728 mean_len=87.0
[gat-train] update=268 samples=5360 fps=12.8 loss=-0.1815 actor=-0.2235 value=0.0673 entropy=2.5253 mean_return=17.728 mean_len=87.0
[gat-train] update=269 samples=5380 fps=12.8 loss=-0.5049 actor=-0.5451 value=0.0652 entropy=2.5039 mean_return=17.728 mean_len=87.0
[gat-train] update=270 samples=5400 fps=12.8 loss=-0.4295 actor=-0.4708 value=0.0660 entropy=2.4670 mean_return=17.728 mean_len=87.0
[gat-train] update=271 samples=5420 fps=12.8 loss=-0.4025 actor=-0.4673 value=0.0892 entropy=2.4333 mean_return=17.728 mean_len=87.0
[gat-train] update=272 samples=5440 fps=12.8 loss=-0.5569 actor=-0.7159 value=0.1833 entropy=2.4252 mean_return=17.728 mean_len=87.0
[gat-train] update=273 samples=5460 fps=12.8 loss=-0.4332 actor=-0.5164 value=0.1093 entropy=2.6218 mean_return=17.728 mean_len=87.0
[gat-train] update=274 samples=5480 fps=12.8 loss=-0.3430 actor=-0.4712 value=0.1522 entropy=2.3983 mean_return=17.728 mean_len=87.0
[gat-train] update=275 samples=5500 fps=12.8 loss=42.2065 actor=5.6565 value=36.5726 entropy=2.2614 mean_return=17.713 mean_len=86.8
[gat-train] update=276 samples=5520 fps=12.8 loss=-0.3474 actor=-0.4416 value=0.1173 entropy=2.3025 mean_return=17.713 mean_len=86.8
[gat-train] update=277 samples=5540 fps=12.8 loss=35.1791 actor=6.4435 value=28.7572 entropy=2.1649 mean_return=17.677 mean_len=86.6
[gat-train] update=278 samples=5560 fps=12.8 loss=-0.5712 actor=-0.7370 value=0.1884 entropy=2.2669 mean_return=17.677 mean_len=86.6
[gat-train] update=279 samples=5580 fps=12.8 loss=0.0996 actor=-0.0402 value=0.1645 entropy=2.4795 mean_return=17.677 mean_len=86.6
[gat-train] update=280 samples=5600 fps=12.8 loss=-0.2069 actor=-0.2843 value=0.1009 entropy=2.3487 mean_return=17.677 mean_len=86.6
[gat-train] update=281 samples=5620 fps=12.8 loss=27.1724 actor=5.5285 value=21.6662 entropy=2.2218 mean_return=17.678 mean_len=86.7
[gat-train] update=282 samples=5640 fps=12.8 loss=50.3359 actor=8.4424 value=41.9122 entropy=1.8791 mean_return=17.667 mean_len=86.5
[gat-train] update=283 samples=5660 fps=12.8 loss=0.0056 actor=-0.0015 value=0.0249 entropy=1.7733 mean_return=17.667 mean_len=86.5
[gat-train] update=284 samples=5680 fps=12.8 loss=-0.3034 actor=-0.3819 value=0.1019 entropy=2.3436 mean_return=17.667 mean_len=86.5
[gat-train] update=285 samples=5700 fps=12.8 loss=-0.2189 actor=-0.2802 value=0.0850 entropy=2.3666 mean_return=17.667 mean_len=86.5
[gat-train] update=286 samples=5720 fps=12.8 loss=-0.6182 actor=-0.6875 value=0.0940 entropy=2.4726 mean_return=17.667 mean_len=86.5
[gat-train] update=287 samples=5740 fps=12.8 loss=-0.1230 actor=-0.1347 value=0.0369 entropy=2.5303 mean_return=17.667 mean_len=86.5
[gat-train] update=288 samples=5760 fps=12.8 loss=-0.6465 actor=-0.7507 value=0.1305 entropy=2.6230 mean_return=17.667 mean_len=86.5
[gat-train] update=289 samples=5780 fps=12.8 loss=-0.4075 actor=-0.4550 value=0.0747 entropy=2.7163 mean_return=17.667 mean_len=86.5
[gat-train] update=290 samples=5800 fps=12.8 loss=-0.2389 actor=-0.2882 value=0.0783 entropy=2.8983 mean_return=17.667 mean_len=86.5
[gat-train] update=291 samples=5820 fps=12.8 loss=0.1208 actor=0.0142 value=0.1332 entropy=2.6592 mean_return=17.667 mean_len=86.5
[gat-train] update=292 samples=5840 fps=12.8 loss=-0.0575 actor=-0.1848 value=0.1517 entropy=2.4391 mean_return=17.667 mean_len=86.5
[gat-train] update=293 samples=5860 fps=12.8 loss=35.2998 actor=6.9107 value=28.4113 entropy=2.2112 mean_return=17.630 mean_len=86.3
[gat-train] update=294 samples=5880 fps=12.8 loss=0.1102 actor=0.0737 value=0.0593 entropy=2.2854 mean_return=17.630 mean_len=86.3
[gat-train] update=295 samples=5900 fps=12.8 loss=-0.3068 actor=-0.4056 value=0.1219 entropy=2.3116 mean_return=17.630 mean_len=86.3
[gat-train] update=296 samples=5920 fps=12.8 loss=-0.7905 actor=-0.9178 value=0.1512 entropy=2.3902 mean_return=17.630 mean_len=86.3
[gat-train] update=297 samples=5940 fps=12.8 loss=-0.3997 actor=-0.5285 value=0.1536 entropy=2.4864 mean_return=17.630 mean_len=86.3
[gat-train] update=298 samples=5960 fps=12.8 loss=49.0664 actor=7.0594 value=42.0333 entropy=2.6241 mean_return=17.623 mean_len=86.3
[gat-train] update=299 samples=5980 fps=12.8 loss=0.3927 actor=0.2752 value=0.1360 entropy=1.8456 mean_return=17.623 mean_len=86.3
[gat-train] update=300 samples=6000 fps=12.8 loss=13.0573 actor=2.9835 value=10.0933 entropy=1.9516 mean_return=17.635 mean_len=86.3
[gat-train] eval update=300 comp_score=90.72 best=90.72
[gat-train] update=301 samples=6020 fps=12.7 loss=0.0281 actor=0.0083 value=0.0401 entropy=2.0223 mean_return=17.635 mean_len=86.3
[gat-train] update=302 samples=6040 fps=12.8 loss=-0.0638 actor=-0.1210 value=0.0770 entropy=1.9763 mean_return=17.635 mean_len=86.3
[gat-train] update=303 samples=6060 fps=12.8 loss=-0.4333 actor=-0.6364 value=0.2215 entropy=1.8390 mean_return=17.635 mean_len=86.3
[gat-train] update=304 samples=6080 fps=12.7 loss=-0.5078 actor=-0.6086 value=0.1247 entropy=2.3881 mean_return=17.635 mean_len=86.3
[gat-train] update=305 samples=6100 fps=12.7 loss=0.3228 actor=0.0910 value=0.2530 entropy=2.1231 mean_return=17.635 mean_len=86.3
[gat-train] update=306 samples=6120 fps=12.7 loss=-0.5834 actor=-0.9914 value=0.4280 entropy=1.9982 mean_return=17.635 mean_len=86.3
[gat-train] update=307 samples=6140 fps=12.7 loss=-0.5007 actor=-0.7979 value=0.3162 entropy=1.9036 mean_return=17.635 mean_len=86.3
[gat-train] update=308 samples=6160 fps=12.7 loss=-0.5770 actor=-0.8454 value=0.2850 entropy=1.6632 mean_return=17.635 mean_len=86.3
[gat-train] update=309 samples=6180 fps=12.7 loss=-0.1846 actor=-0.2218 value=0.0556 entropy=1.8467 mean_return=17.635 mean_len=86.3
[gat-train] update=310 samples=6200 fps=12.7 loss=75.6860 actor=11.7422 value=63.9639 entropy=2.0142 mean_return=17.587 mean_len=86.1
[gat-train] update=311 samples=6220 fps=12.7 loss=-0.2244 actor=-0.4165 value=0.2041 entropy=1.2023 mean_return=17.587 mean_len=86.1
[gat-train] update=312 samples=6240 fps=12.7 loss=0.0362 actor=-0.0719 value=0.1194 entropy=1.1270 mean_return=17.587 mean_len=86.1
[gat-train] update=313 samples=6260 fps=12.7 loss=-0.2472 actor=-0.5574 value=0.3261 entropy=1.5879 mean_return=17.587 mean_len=86.1
[gat-train] update=314 samples=6280 fps=12.7 loss=0.1830 actor=0.0583 value=0.1383 entropy=1.3683 mean_return=17.587 mean_len=86.1
[gat-train] update=315 samples=6300 fps=12.8 loss=49.9042 actor=8.0528 value=41.8666 entropy=1.5218 mean_return=17.566 mean_len=86.0
[gat-train] update=316 samples=6320 fps=12.8 loss=27.3809 actor=4.3436 value=23.0515 entropy=1.4243 mean_return=17.535 mean_len=85.9
[gat-train] update=317 samples=6340 fps=12.8 loss=0.4208 actor=0.2236 value=0.2091 entropy=1.1917 mean_return=17.535 mean_len=85.9
[gat-train] update=318 samples=6360 fps=12.8 loss=-0.1354 actor=-0.1752 value=0.0516 entropy=1.1689 mean_return=17.535 mean_len=85.9
[gat-train] update=319 samples=6380 fps=12.8 loss=-0.2479 actor=-0.2915 value=0.0575 entropy=1.3912 mean_return=17.535 mean_len=85.9
[gat-train] update=320 samples=6400 fps=12.8 loss=-0.0781 actor=-0.1116 value=0.0476 entropy=1.4164 mean_return=17.535 mean_len=85.9
[gat-train] update=321 samples=6420 fps=12.8 loss=-0.0801 actor=-0.1805 value=0.1153 entropy=1.4831 mean_return=17.535 mean_len=85.9
[gat-train] update=322 samples=6440 fps=12.8 loss=-0.0727 actor=-0.2408 value=0.1833 entropy=1.5210 mean_return=17.535 mean_len=85.9
[gat-train] update=323 samples=6460 fps=12.8 loss=-0.3322 actor=-0.5004 value=0.1846 entropy=1.6313 mean_return=17.535 mean_len=85.9
[gat-train] update=324 samples=6480 fps=12.8 loss=-0.4882 actor=-0.6484 value=0.1766 entropy=1.6364 mean_return=17.535 mean_len=85.9
[gat-train] update=325 samples=6500 fps=12.8 loss=-0.4610 actor=-0.8469 value=0.4012 entropy=1.5372 mean_return=17.535 mean_len=85.9
[gat-train] update=326 samples=6520 fps=12.8 loss=20.8630 actor=2.9271 value=17.9521 entropy=1.6193 mean_return=17.495 mean_len=85.7
[gat-train] update=327 samples=6540 fps=12.8 loss=0.0412 actor=-0.0258 value=0.0799 entropy=1.2921 mean_return=17.495 mean_len=85.7
[gat-train] update=328 samples=6560 fps=12.8 loss=48.7256 actor=5.0863 value=43.6530 entropy=1.3637 mean_return=17.482 mean_len=85.6
[gat-train] update=329 samples=6580 fps=12.8 loss=-0.2137 actor=-0.2789 value=0.0798 entropy=1.4508 mean_return=17.482 mean_len=85.6
[gat-train] update=330 samples=6600 fps=12.8 loss=-0.0898 actor=-0.2344 value=0.1577 entropy=1.3205 mean_return=17.482 mean_len=85.6
[gat-train] update=331 samples=6620 fps=12.8 loss=-0.4836 actor=-0.6275 value=0.1576 entropy=1.3745 mean_return=17.482 mean_len=85.6
[gat-train] update=332 samples=6640 fps=12.8 loss=57.0547 actor=6.9853 value=50.0856 entropy=1.6195 mean_return=17.484 mean_len=85.6
[gat-train] update=333 samples=6660 fps=12.8 loss=0.2926 actor=-0.3374 value=0.6430 entropy=1.3010 mean_return=17.484 mean_len=85.6
[gat-train] update=334 samples=6680 fps=12.8 loss=29.6545 actor=4.7858 value=24.8839 entropy=1.5105 mean_return=17.489 mean_len=85.6
[gat-train] update=335 samples=6700 fps=12.8 loss=-0.3280 actor=-0.3625 value=0.0489 entropy=1.4424 mean_return=17.489 mean_len=85.6
[gat-train] update=336 samples=6720 fps=12.8 loss=0.0570 actor=-0.0644 value=0.1318 entropy=1.0464 mean_return=17.489 mean_len=85.6
[gat-train] update=337 samples=6740 fps=12.8 loss=-0.2458 actor=-0.3084 value=0.0757 entropy=1.3123 mean_return=17.489 mean_len=85.6
[gat-train] update=338 samples=6760 fps=12.8 loss=-0.0481 actor=-0.1436 value=0.1104 entropy=1.4927 mean_return=17.489 mean_len=85.6
[gat-train] update=339 samples=6780 fps=12.8 loss=-0.3596 actor=-0.4527 value=0.1079 entropy=1.4772 mean_return=17.489 mean_len=85.6
[gat-train] update=340 samples=6800 fps=12.8 loss=-0.2434 actor=-0.4239 value=0.1957 entropy=1.5246 mean_return=17.489 mean_len=85.6
[gat-train] update=341 samples=6820 fps=12.8 loss=-0.3022 actor=-0.3425 value=0.0566 entropy=1.6216 mean_return=17.489 mean_len=85.6
[gat-train] update=342 samples=6840 fps=12.8 loss=-0.3298 actor=-0.6886 value=0.3740 entropy=1.5274 mean_return=17.489 mean_len=85.6
[gat-train] update=343 samples=6860 fps=12.8 loss=-0.2010 actor=-0.3284 value=0.1449 entropy=1.7576 mean_return=17.489 mean_len=85.6
[gat-train] update=344 samples=6880 fps=12.8 loss=44.6273 actor=7.0730 value=37.5742 entropy=1.9918 mean_return=17.505 mean_len=85.6
[gat-train] update=345 samples=6900 fps=12.8 loss=-0.0219 actor=-0.1486 value=0.1439 entropy=1.7282 mean_return=17.505 mean_len=85.6
[gat-train] update=346 samples=6920 fps=12.8 loss=28.0615 actor=4.1792 value=23.9000 entropy=1.7723 mean_return=17.487 mean_len=85.6
[gat-train] update=347 samples=6940 fps=12.8 loss=-0.2064 actor=-0.2752 value=0.0853 entropy=1.6424 mean_return=17.487 mean_len=85.6
[gat-train] update=348 samples=6960 fps=12.8 loss=-0.3311 actor=-0.5157 value=0.2020 entropy=1.7486 mean_return=17.487 mean_len=85.6
[gat-train] update=349 samples=6980 fps=12.8 loss=0.5852 actor=0.3738 value=0.2277 entropy=1.6390 mean_return=17.487 mean_len=85.6
[gat-train] update=350 samples=7000 fps=12.8 loss=-0.0494 actor=-0.0711 value=0.0412 entropy=1.9485 mean_return=17.487 mean_len=85.6
[gat-train] eval update=350 comp_score=90.72 best=90.72
[gat-train] update=351 samples=7020 fps=12.7 loss=28.1823 actor=4.4245 value=23.7753 entropy=1.7473 mean_return=17.487 mean_len=85.7
[gat-train] update=352 samples=7040 fps=12.7 loss=65.7908 actor=7.3680 value=58.4377 entropy=1.4854 mean_return=17.501 mean_len=85.8
[gat-train] update=353 samples=7060 fps=12.7 loss=0.5217 actor=0.1062 value=0.4281 entropy=1.2718 mean_return=17.501 mean_len=85.8
[gat-train] update=354 samples=7080 fps=12.7 loss=-0.2527 actor=-0.3085 value=0.0720 entropy=1.6188 mean_return=17.501 mean_len=85.8
[gat-train] update=355 samples=7100 fps=12.8 loss=0.2293 actor=0.0775 value=0.1691 entropy=1.7273 mean_return=17.501 mean_len=85.8
[gat-train] update=356 samples=7120 fps=12.8 loss=-0.2428 actor=-0.4464 value=0.2229 entropy=1.9361 mean_return=17.501 mean_len=85.8
[gat-train] update=357 samples=7140 fps=12.8 loss=-0.3802 actor=-0.4570 value=0.0992 entropy=2.2340 mean_return=17.501 mean_len=85.8
[gat-train] update=358 samples=7160 fps=12.8 loss=-0.2945 actor=-0.4940 value=0.2203 entropy=2.0741 mean_return=17.501 mean_len=85.8
[gat-train] update=359 samples=7180 fps=12.8 loss=-0.3151 actor=-0.5492 value=0.2533 entropy=1.9150 mean_return=17.501 mean_len=85.8
[gat-train] update=360 samples=7200 fps=12.8 loss=-0.4363 actor=-0.8552 value=0.4380 entropy=1.9132 mean_return=17.501 mean_len=85.8
[gat-train] update=361 samples=7220 fps=12.8 loss=0.3179 actor=0.1158 value=0.2208 entropy=1.8717 mean_return=17.501 mean_len=85.8
[gat-train] update=362 samples=7240 fps=12.8 loss=26.6807 actor=3.7100 value=22.9853 entropy=1.4549 mean_return=17.513 mean_len=86.0
[gat-train] update=363 samples=7260 fps=12.8 loss=14.3844 actor=3.1418 value=11.2588 entropy=1.6181 mean_return=17.487 mean_len=85.8
[gat-train] update=364 samples=7280 fps=12.8 loss=-0.2665 actor=-0.3467 value=0.0967 entropy=1.6496 mean_return=17.487 mean_len=85.8
[gat-train] update=365 samples=7300 fps=12.8 loss=-0.2769 actor=-0.3542 value=0.0935 entropy=1.6216 mean_return=17.487 mean_len=85.8
[gat-train] update=366 samples=7320 fps=12.8 loss=-0.4725 actor=-0.6750 value=0.2189 entropy=1.6376 mean_return=17.487 mean_len=85.8
[gat-train] update=367 samples=7340 fps=12.8 loss=0.4350 actor=0.2280 value=0.2261 entropy=1.9061 mean_return=17.487 mean_len=85.8
[gat-train] update=368 samples=7360 fps=12.8 loss=-0.0083 actor=-0.2358 value=0.2436 entropy=1.6124 mean_return=17.487 mean_len=85.8
[gat-train] update=369 samples=7380 fps=12.8 loss=41.8282 actor=5.1156 value=36.7272 entropy=1.4691 mean_return=17.483 mean_len=85.8
[gat-train] update=370 samples=7400 fps=12.8 loss=51.7442 actor=5.7690 value=45.9898 entropy=1.4635 mean_return=17.521 mean_len=86.1
[gat-train] update=371 samples=7420 fps=12.8 loss=-0.0296 actor=-0.1117 value=0.0939 entropy=1.1820 mean_return=17.521 mean_len=86.1
[gat-train] update=372 samples=7440 fps=12.8 loss=-0.0742 actor=-0.1313 value=0.0713 entropy=1.4289 mean_return=17.521 mean_len=86.1
[gat-train] update=373 samples=7460 fps=12.8 loss=-0.0962 actor=-0.1500 value=0.0673 entropy=1.3581 mean_return=17.521 mean_len=86.1
[gat-train] update=374 samples=7480 fps=12.8 loss=-0.1990 actor=-0.2464 value=0.0620 entropy=1.4594 mean_return=17.521 mean_len=86.1
[gat-train] update=375 samples=7500 fps=12.8 loss=-0.2809 actor=-0.4111 value=0.1462 entropy=1.5981 mean_return=17.521 mean_len=86.1
[gat-train] update=376 samples=7520 fps=12.8 loss=-0.4879 actor=-0.6442 value=0.1738 entropy=1.7495 mean_return=17.521 mean_len=86.1
[gat-train] update=377 samples=7540 fps=12.8 loss=-0.1974 actor=-0.3726 value=0.1915 entropy=1.6297 mean_return=17.521 mean_len=86.1
[gat-train] update=378 samples=7560 fps=12.8 loss=0.1022 actor=-0.1880 value=0.3062 entropy=1.6013 mean_return=17.521 mean_len=86.1
[gat-train] update=379 samples=7580 fps=12.8 loss=25.0045 actor=2.9168 value=22.1079 entropy=2.0285 mean_return=17.529 mean_len=86.1
[gat-train] update=380 samples=7600 fps=12.8 loss=27.5110 actor=5.5373 value=21.9904 entropy=1.6697 mean_return=17.515 mean_len=86.0
[gat-train] update=381 samples=7620 fps=12.8 loss=-0.2213 actor=-0.3408 value=0.1370 entropy=1.7572 mean_return=17.515 mean_len=86.0
[gat-train] update=382 samples=7640 fps=12.8 loss=-0.3325 actor=-0.4241 value=0.1098 entropy=1.8254 mean_return=17.515 mean_len=86.0
[gat-train] update=383 samples=7660 fps=12.8 loss=-0.3848 actor=-0.4440 value=0.0799 entropy=2.0746 mean_return=17.515 mean_len=86.0
[gat-train] update=384 samples=7680 fps=12.8 loss=-0.4618 actor=-0.5558 value=0.1142 entropy=2.0220 mean_return=17.515 mean_len=86.0
[gat-train] update=385 samples=7700 fps=12.8 loss=0.5359 actor=0.3793 value=0.1763 entropy=1.9669 mean_return=17.515 mean_len=86.0
[gat-train] update=386 samples=7720 fps=12.8 loss=59.5024 actor=5.9093 value=53.6110 entropy=1.7871 mean_return=17.547 mean_len=86.2
[gat-train] update=387 samples=7740 fps=12.8 loss=1.2034 actor=0.5730 value=0.6441 entropy=1.3673 mean_return=17.547 mean_len=86.2
[gat-train] update=388 samples=7760 fps=12.8 loss=39.8555 actor=4.5548 value=35.3175 entropy=1.6775 mean_return=17.573 mean_len=86.3
[gat-train] update=389 samples=7780 fps=12.8 loss=-0.0642 actor=-0.1132 value=0.0630 entropy=1.4055 mean_return=17.573 mean_len=86.3
[gat-train] update=390 samples=7800 fps=12.8 loss=-0.3437 actor=-0.4758 value=0.1497 entropy=1.7582 mean_return=17.573 mean_len=86.3
[gat-train] update=391 samples=7820 fps=12.8 loss=-0.0743 actor=-0.1595 value=0.1033 entropy=1.8161 mean_return=17.573 mean_len=86.3
[gat-train] update=392 samples=7840 fps=12.8 loss=-0.4983 actor=-0.6941 value=0.2154 entropy=1.9620 mean_return=17.573 mean_len=86.3
[gat-train] update=393 samples=7860 fps=12.8 loss=-0.3707 actor=-0.7550 value=0.4019 entropy=1.7581 mean_return=17.573 mean_len=86.3
[gat-train] update=394 samples=7880 fps=12.8 loss=0.0052 actor=-0.1519 value=0.1739 entropy=1.6773 mean_return=17.573 mean_len=86.3
[gat-train] update=395 samples=7900 fps=12.8 loss=-0.2256 actor=-0.3321 value=0.1223 entropy=1.5778 mean_return=17.573 mean_len=86.3
[gat-train] update=396 samples=7920 fps=12.8 loss=25.1300 actor=3.6741 value=21.4709 entropy=1.5058 mean_return=17.577 mean_len=86.3
[gat-train] update=397 samples=7940 fps=12.8 loss=-0.3440 actor=-0.5512 value=0.2232 entropy=1.6000 mean_return=17.577 mean_len=86.3
[gat-train] update=398 samples=7960 fps=12.8 loss=0.4224 actor=0.2329 value=0.2096 entropy=2.0007 mean_return=17.577 mean_len=86.3
[gat-train] update=399 samples=7980 fps=12.8 loss=30.8785 actor=1.6762 value=29.2200 entropy=1.7688 mean_return=17.636 mean_len=86.7
[gat-train] update=400 samples=8000 fps=12.8 loss=-0.1175 actor=-0.1873 value=0.0839 entropy=1.4084 mean_return=17.636 mean_len=86.7
[gat-train] eval update=400 comp_score=89.99 best=90.72
[gat-train] update=401 samples=8020 fps=12.7 loss=-0.4636 actor=-0.5786 value=0.1335 entropy=1.8487 mean_return=17.636 mean_len=86.7
[gat-train] update=402 samples=8040 fps=12.7 loss=-0.3666 actor=-0.4691 value=0.1187 entropy=1.6250 mean_return=17.636 mean_len=86.7
[gat-train] update=403 samples=8060 fps=12.7 loss=0.4195 actor=0.3323 value=0.1038 entropy=1.6658 mean_return=17.636 mean_len=86.7
[gat-train] update=404 samples=8080 fps=12.7 loss=-0.0264 actor=-0.1096 value=0.1015 entropy=1.8289 mean_return=17.636 mean_len=86.7
[gat-train] update=405 samples=8100 fps=12.7 loss=94.2864 actor=11.9988 value=82.3048 entropy=1.7263 mean_return=17.684 mean_len=86.9
[gat-train] update=406 samples=8120 fps=12.7 loss=0.4665 actor=-0.0923 value=0.5680 entropy=0.9186 mean_return=17.684 mean_len=86.9
[gat-train] update=407 samples=8140 fps=12.7 loss=-0.1154 actor=-0.1468 value=0.0436 entropy=1.2245 mean_return=17.684 mean_len=86.9
[gat-train] update=408 samples=8160 fps=12.7 loss=-0.1346 actor=-0.2476 value=0.1259 entropy=1.2946 mean_return=17.684 mean_len=86.9
[gat-train] update=409 samples=8180 fps=12.7 loss=-0.3562 actor=-0.4396 value=0.1011 entropy=1.7656 mean_return=17.684 mean_len=86.9
[gat-train] update=410 samples=8200 fps=12.7 loss=-0.0802 actor=-0.1459 value=0.0799 entropy=1.4268 mean_return=17.684 mean_len=86.9
[gat-train] update=411 samples=8220 fps=12.7 loss=0.2170 actor=0.1743 value=0.0599 entropy=1.7072 mean_return=17.684 mean_len=86.9
[gat-train] update=412 samples=8240 fps=12.7 loss=-0.0946 actor=-0.2925 value=0.2122 entropy=1.4359 mean_return=17.684 mean_len=86.9
[gat-train] update=413 samples=8260 fps=12.7 loss=-0.0882 actor=-0.2909 value=0.2191 entropy=1.6413 mean_return=17.684 mean_len=86.9
[gat-train] update=414 samples=8280 fps=12.7 loss=45.3268 actor=6.1224 value=39.2221 entropy=1.7740 mean_return=17.721 mean_len=87.1
[gat-train] update=415 samples=8300 fps=12.7 loss=0.1727 actor=-0.0104 value=0.1959 entropy=1.2799 mean_return=17.721 mean_len=87.1
[gat-train] update=416 samples=8320 fps=12.7 loss=25.9911 actor=3.6871 value=22.3224 entropy=1.8333 mean_return=17.723 mean_len=87.1
[gat-train] update=417 samples=8340 fps=12.7 loss=-0.1380 actor=-0.6624 value=0.5393 entropy=1.4890 mean_return=17.723 mean_len=87.1
[gat-train] update=418 samples=8360 fps=12.7 loss=-0.2016 actor=-0.3792 value=0.1934 entropy=1.5828 mean_return=17.723 mean_len=87.1
[gat-train] update=419 samples=8380 fps=12.7 loss=-0.1142 actor=-0.1990 value=0.1049 entropy=2.0122 mean_return=17.723 mean_len=87.1
[gat-train] update=420 samples=8400 fps=12.7 loss=0.0678 actor=0.0065 value=0.0836 entropy=2.2379 mean_return=17.723 mean_len=87.1
[gat-train] update=421 samples=8420 fps=12.7 loss=-0.2546 actor=-0.4687 value=0.2340 entropy=1.9840 mean_return=17.723 mean_len=87.1
[gat-train] update=422 samples=8440 fps=12.7 loss=53.6074 actor=6.5183 value=47.1104 entropy=2.1272 mean_return=17.745 mean_len=87.2
[gat-train] update=423 samples=8460 fps=12.7 loss=56.5362 actor=6.8593 value=49.6957 entropy=1.8758 mean_return=17.758 mean_len=87.4
[gat-train] update=424 samples=8480 fps=12.8 loss=0.0890 actor=-0.0347 value=0.1444 entropy=2.0754 mean_return=17.758 mean_len=87.4
[gat-train] update=425 samples=8500 fps=12.8 loss=-0.5266 actor=-0.6096 value=0.1068 entropy=2.3729 mean_return=17.758 mean_len=87.4
[gat-train] update=426 samples=8520 fps=12.8 loss=-0.5448 actor=-0.6922 value=0.1708 entropy=2.3409 mean_return=17.758 mean_len=87.4
[gat-train] update=427 samples=8540 fps=12.8 loss=-0.1630 actor=-0.2693 value=0.1323 entropy=2.6075 mean_return=17.758 mean_len=87.4
[gat-train] update=428 samples=8560 fps=12.8 loss=-0.8552 actor=-1.0521 value=0.2255 entropy=2.8579 mean_return=17.758 mean_len=87.4
[gat-train] update=429 samples=8580 fps=12.7 loss=-0.3767 actor=-0.4388 value=0.0865 entropy=2.4437 mean_return=17.758 mean_len=87.4
[gat-train] update=430 samples=8600 fps=12.7 loss=-0.1987 actor=-0.3119 value=0.1374 entropy=2.4193 mean_return=17.758 mean_len=87.4
[gat-train] update=431 samples=8620 fps=12.8 loss=40.0290 actor=6.4791 value=33.5729 entropy=2.3027 mean_return=17.762 mean_len=87.4
[gat-train] update=432 samples=8640 fps=12.8 loss=-0.0191 actor=-0.1837 value=0.1874 entropy=2.2892 mean_return=17.762 mean_len=87.4
[gat-train] update=433 samples=8660 fps=12.8 loss=42.0298 actor=5.8333 value=36.2166 entropy=2.0226 mean_return=17.760 mean_len=87.4
[gat-train] update=434 samples=8680 fps=12.8 loss=0.0836 actor=-0.1205 value=0.2239 entropy=1.9759 mean_return=17.760 mean_len=87.4
[gat-train] update=435 samples=8700 fps=12.8 loss=-0.6107 actor=-0.9697 value=0.3790 entropy=1.9988 mean_return=17.760 mean_len=87.4
[gat-train] update=436 samples=8720 fps=12.8 loss=0.1144 actor=-0.1044 value=0.2379 entropy=1.9020 mean_return=17.760 mean_len=87.4
[gat-train] update=437 samples=8740 fps=12.8 loss=-0.1040 actor=-0.3162 value=0.2310 entropy=1.8838 mean_return=17.760 mean_len=87.4
[gat-train] update=438 samples=8760 fps=12.8 loss=-0.0721 actor=-0.1533 value=0.1008 entropy=1.9546 mean_return=17.760 mean_len=87.4
[gat-train] update=439 samples=8780 fps=12.8 loss=39.5469 actor=4.5560 value=35.0091 entropy=1.8208 mean_return=17.796 mean_len=87.5
[gat-train] update=440 samples=8800 fps=12.8 loss=53.1372 actor=6.7280 value=46.4251 entropy=1.5842 mean_return=17.790 mean_len=87.4
[gat-train] update=441 samples=8820 fps=12.8 loss=0.2074 actor=0.1098 value=0.1074 entropy=0.9745 mean_return=17.790 mean_len=87.4
[gat-train] update=442 samples=8840 fps=12.8 loss=0.0839 actor=-0.0062 value=0.1019 entropy=1.1823 mean_return=17.790 mean_len=87.4
[gat-train] update=443 samples=8860 fps=12.8 loss=0.0155 actor=-0.1640 value=0.1941 entropy=1.4593 mean_return=17.790 mean_len=87.4
[gat-train] update=444 samples=8880 fps=12.8 loss=-0.2539 actor=-0.5292 value=0.2912 entropy=1.5885 mean_return=17.790 mean_len=87.4
[gat-train] update=445 samples=8900 fps=12.8 loss=0.2232 actor=0.0339 value=0.2058 entropy=1.6569 mean_return=17.790 mean_len=87.4
[gat-train] update=446 samples=8920 fps=12.8 loss=40.3777 actor=4.8798 value=35.5138 entropy=1.5884 mean_return=17.763 mean_len=87.2
[gat-train] update=447 samples=8940 fps=12.8 loss=-0.1492 actor=-0.2515 value=0.1154 entropy=1.3087 mean_return=17.763 mean_len=87.2
[gat-train] update=448 samples=8960 fps=12.8 loss=-0.0889 actor=-0.2546 value=0.1778 entropy=1.2053 mean_return=17.763 mean_len=87.2
[gat-train] update=449 samples=8980 fps=12.8 loss=0.0478 actor=-0.1373 value=0.2006 entropy=1.5455 mean_return=17.763 mean_len=87.2
[gat-train] update=450 samples=9000 fps=12.8 loss=0.0051 actor=-0.1231 value=0.1456 entropy=1.7425 mean_return=17.763 mean_len=87.2
[gat-train] eval update=450 comp_score=88.24 best=90.72
[gat-train] update=451 samples=9020 fps=12.7 loss=59.0812 actor=7.8418 value=51.2553 entropy=1.5901 mean_return=17.803 mean_len=87.4
[gat-train] update=452 samples=9040 fps=12.7 loss=-0.1114 actor=-0.1461 value=0.0500 entropy=1.5279 mean_return=17.803 mean_len=87.4
[gat-train] update=453 samples=9060 fps=12.7 loss=-0.1374 actor=-0.4658 value=0.3453 entropy=1.6864 mean_return=17.803 mean_len=87.4
[gat-train] update=454 samples=9080 fps=12.7 loss=-0.0146 actor=-0.2705 value=0.2730 entropy=1.7058 mean_return=17.803 mean_len=87.4
[gat-train] update=455 samples=9100 fps=12.7 loss=0.0916 actor=-0.1047 value=0.2104 entropy=1.4104 mean_return=17.803 mean_len=87.4
[gat-train] update=456 samples=9120 fps=12.7 loss=37.2365 actor=3.3327 value=33.9193 entropy=1.5428 mean_return=17.807 mean_len=87.3
[gat-train] update=457 samples=9140 fps=12.7 loss=0.0145 actor=-0.1325 value=0.1626 entropy=1.5565 mean_return=17.807 mean_len=87.3
[gat-train] update=458 samples=9160 fps=12.7 loss=-0.0645 actor=-0.1908 value=0.1430 entropy=1.6724 mean_return=17.807 mean_len=87.3
[gat-train] update=459 samples=9180 fps=12.7 loss=77.5120 actor=4.8873 value=72.6382 entropy=1.3505 mean_return=17.814 mean_len=87.4
[gat-train] update=460 samples=9200 fps=12.7 loss=0.5728 actor=-0.0804 value=0.6660 entropy=1.2721 mean_return=17.814 mean_len=87.4
[gat-train] update=461 samples=9220 fps=12.7 loss=0.1302 actor=0.0364 value=0.1069 entropy=1.3077 mean_return=17.814 mean_len=87.4
[gat-train] update=462 samples=9240 fps=12.7 loss=0.0339 actor=-0.2277 value=0.2736 entropy=1.2037 mean_return=17.814 mean_len=87.4
[gat-train] update=463 samples=9260 fps=12.8 loss=39.1834 actor=5.6387 value=33.5583 entropy=1.3583 mean_return=17.770 mean_len=87.2
[gat-train] update=464 samples=9280 fps=12.8 loss=-0.1039 actor=-0.1705 value=0.0790 entropy=1.2455 mean_return=17.770 mean_len=87.2
[gat-train] update=465 samples=9300 fps=12.8 loss=-0.1108 actor=-0.1574 value=0.0589 entropy=1.2296 mean_return=17.770 mean_len=87.2
[gat-train] update=466 samples=9320 fps=12.8 loss=-0.1073 actor=-0.1701 value=0.0771 entropy=1.4242 mean_return=17.770 mean_len=87.2
[gat-train] update=467 samples=9340 fps=12.8 loss=-0.4496 actor=-0.8704 value=0.4349 entropy=1.4176 mean_return=17.770 mean_len=87.2
[gat-train] update=468 samples=9360 fps=12.8 loss=0.0420 actor=-0.0634 value=0.1191 entropy=1.3734 mean_return=17.770 mean_len=87.2
[gat-train] update=469 samples=9380 fps=12.8 loss=68.5877 actor=5.7659 value=62.8379 entropy=1.6109 mean_return=17.779 mean_len=87.3
[gat-train] update=470 samples=9400 fps=12.8 loss=0.7897 actor=0.0551 value=0.7487 entropy=1.4138 mean_return=17.779 mean_len=87.3
[gat-train] update=471 samples=9420 fps=12.8 loss=0.1459 actor=0.0519 value=0.1100 entropy=1.6018 mean_return=17.779 mean_len=87.3
[gat-train] update=472 samples=9440 fps=12.8 loss=56.9011 actor=6.9601 value=49.9593 entropy=1.8332 mean_return=17.747 mean_len=87.0
[gat-train] update=473 samples=9460 fps=12.8 loss=0.3064 actor=-0.4663 value=0.7876 entropy=1.4934 mean_return=17.747 mean_len=87.0
[gat-train] update=474 samples=9480 fps=12.8 loss=-0.0511 actor=-0.2100 value=0.1729 entropy=1.4039 mean_return=17.747 mean_len=87.0
[gat-train] update=475 samples=9500 fps=12.8 loss=-0.0025 actor=-0.2302 value=0.2440 entropy=1.6365 mean_return=17.747 mean_len=87.0
[gat-train] update=476 samples=9520 fps=12.8 loss=0.2230 actor=0.1383 value=0.1009 entropy=1.6196 mean_return=17.747 mean_len=87.0
[gat-train] update=477 samples=9540 fps=12.8 loss=58.3439 actor=7.9791 value=50.3835 entropy=1.8700 mean_return=17.765 mean_len=87.1
[gat-train] update=478 samples=9560 fps=12.8 loss=-0.0241 actor=-0.2102 value=0.2010 entropy=1.4872 mean_return=17.765 mean_len=87.1
[gat-train] update=479 samples=9580 fps=12.8 loss=0.1424 actor=0.0315 value=0.1267 entropy=1.5766 mean_return=17.765 mean_len=87.1
[gat-train] update=480 samples=9600 fps=12.8 loss=-0.0306 actor=-0.1888 value=0.1734 entropy=1.5291 mean_return=17.765 mean_len=87.1
[gat-train] update=481 samples=9620 fps=12.8 loss=45.0858 actor=5.6679 value=39.4365 entropy=1.8534 mean_return=17.774 mean_len=87.1
[gat-train] update=482 samples=9640 fps=12.8 loss=-0.0464 actor=-0.3425 value=0.3101 entropy=1.3908 mean_return=17.774 mean_len=87.1
[gat-train] update=483 samples=9660 fps=12.8 loss=-0.2442 actor=-0.3999 value=0.1768 entropy=2.1007 mean_return=17.774 mean_len=87.1
[gat-train] update=484 samples=9680 fps=12.8 loss=-0.3437 actor=-0.5158 value=0.1929 entropy=2.0789 mean_return=17.774 mean_len=87.1
[gat-train] update=485 samples=9700 fps=12.8 loss=-0.2400 actor=-0.3676 value=0.1483 entropy=2.0656 mean_return=17.774 mean_len=87.1
[gat-train] update=486 samples=9720 fps=12.8 loss=-0.6219 actor=-0.9080 value=0.3095 entropy=2.3391 mean_return=17.774 mean_len=87.1
[gat-train] update=487 samples=9740 fps=12.8 loss=43.7121 actor=5.2109 value=38.5226 entropy=2.1398 mean_return=17.794 mean_len=87.2
[gat-train] update=488 samples=9760 fps=12.8 loss=0.1740 actor=-0.0367 value=0.2333 entropy=2.2610 mean_return=17.794 mean_len=87.2
[gat-train] update=489 samples=9780 fps=12.8 loss=-0.0058 actor=-0.2326 value=0.2525 entropy=2.5676 mean_return=17.794 mean_len=87.2
[gat-train] update=490 samples=9800 fps=12.8 loss=16.2875 actor=2.6476 value=13.6609 entropy=2.0977 mean_return=17.797 mean_len=87.2
[gat-train] update=491 samples=9820 fps=12.8 loss=0.0080 actor=-0.0828 value=0.1186 entropy=2.7767 mean_return=17.797 mean_len=87.2
[gat-train] update=492 samples=9840 fps=12.8 loss=-0.3905 actor=-0.6079 value=0.2424 entropy=2.4991 mean_return=17.797 mean_len=87.2
[gat-train] update=493 samples=9860 fps=12.8 loss=0.1044 actor=-0.4520 value=0.5756 entropy=1.9150 mean_return=17.797 mean_len=87.2
[gat-train] update=494 samples=9880 fps=12.8 loss=0.1325 actor=-0.1667 value=0.3118 entropy=1.2553 mean_return=17.797 mean_len=87.2
[gat-train] update=495 samples=9900 fps=12.8 loss=28.2920 actor=3.5315 value=24.7786 entropy=1.8126 mean_return=17.809 mean_len=87.3
[gat-train] update=496 samples=9920 fps=12.8 loss=37.9851 actor=2.9503 value=35.0549 entropy=2.0112 mean_return=17.761 mean_len=87.0
[gat-train] update=497 samples=9940 fps=12.8 loss=0.0712 actor=-0.0285 value=0.1182 entropy=1.8491 mean_return=17.761 mean_len=87.0
[gat-train] update=498 samples=9960 fps=12.8 loss=0.4805 actor=0.4282 value=0.0707 entropy=1.8377 mean_return=17.761 mean_len=87.0
[gat-train] update=499 samples=9980 fps=12.8 loss=-0.2988 actor=-0.4717 value=0.1939 entropy=2.1031 mean_return=17.761 mean_len=87.0
[gat-train] update=500 samples=10000 fps=12.8 loss=-0.2809 actor=-0.4127 value=0.1505 entropy=1.8659 mean_return=17.761 mean_len=87.0
[gat-train] eval update=500 comp_score=89.99 best=90.72
[gat-train] update=501 samples=10020 fps=12.7 loss=-0.3703 actor=-0.5101 value=0.1567 entropy=1.6858 mean_return=17.761 mean_len=87.0
[gat-train] update=502 samples=10040 fps=12.7 loss=-0.1551 actor=-0.3389 value=0.2053 entropy=2.1496 mean_return=17.761 mean_len=87.0
[gat-train] update=503 samples=10060 fps=12.7 loss=-0.2787 actor=-0.6077 value=0.3472 entropy=1.8157 mean_return=17.761 mean_len=87.0
[gat-train] update=504 samples=10080 fps=12.7 loss=54.6646 actor=7.4864 value=47.1975 entropy=1.9273 mean_return=17.745 mean_len=87.0
[gat-train] update=505 samples=10100 fps=12.7 loss=-0.2365 actor=-0.5487 value=0.3263 entropy=1.4165 mean_return=17.745 mean_len=87.0
[gat-train] update=506 samples=10120 fps=12.7 loss=48.8661 actor=4.9250 value=43.9574 entropy=1.6394 mean_return=17.723 mean_len=86.9
[gat-train] update=507 samples=10140 fps=12.7 loss=-0.1725 actor=-0.3528 value=0.1929 entropy=1.2683 mean_return=17.723 mean_len=86.9
[gat-train] update=508 samples=10160 fps=12.7 loss=-0.2663 actor=-0.5765 value=0.3261 entropy=1.5979 mean_return=17.723 mean_len=86.9
[gat-train] update=509 samples=10180 fps=12.7 loss=-0.1171 actor=-0.5313 value=0.4268 entropy=1.2620 mean_return=17.723 mean_len=86.9
[gat-train] update=510 samples=10200 fps=12.7 loss=-0.1597 actor=-0.5251 value=0.3809 entropy=1.5445 mean_return=17.723 mean_len=86.9
[gat-train] update=511 samples=10220 fps=12.7 loss=0.0837 actor=-0.1748 value=0.2722 entropy=1.3658 mean_return=17.723 mean_len=86.9
[gat-train] update=512 samples=10240 fps=12.7 loss=29.2741 actor=4.8568 value=24.4330 entropy=1.5700 mean_return=17.745 mean_len=87.0
[gat-train] update=513 samples=10260 fps=12.7 loss=63.9822 actor=6.3223 value=57.6781 entropy=1.8181 mean_return=17.753 mean_len=87.0
[gat-train] update=514 samples=10280 fps=12.8 loss=0.9177 actor=0.1360 value=0.7941 entropy=1.2381 mean_return=17.753 mean_len=87.0
[gat-train] update=515 samples=10300 fps=12.8 loss=-0.1521 actor=-0.2927 value=0.1533 entropy=1.2781 mean_return=17.753 mean_len=87.0
[gat-train] update=516 samples=10320 fps=12.8 loss=-0.2538 actor=-0.4409 value=0.2063 entropy=1.9140 mean_return=17.753 mean_len=87.0
[gat-train] update=517 samples=10340 fps=12.8 loss=-0.3898 actor=-0.5287 value=0.1601 entropy=2.1158 mean_return=17.753 mean_len=87.0
[gat-train] update=518 samples=10360 fps=12.8 loss=0.3705 actor=0.1470 value=0.2445 entropy=2.0977 mean_return=17.753 mean_len=87.0
[gat-train] update=519 samples=10380 fps=12.8 loss=-0.1359 actor=-0.2679 value=0.1524 entropy=2.0401 mean_return=17.753 mean_len=87.0
[gat-train] update=520 samples=10400 fps=12.8 loss=-0.1826 actor=-0.2897 value=0.1292 entropy=2.2162 mean_return=17.753 mean_len=87.0
[gat-train] update=521 samples=10420 fps=12.8 loss=45.3187 actor=7.3816 value=37.9606 entropy=2.3584 mean_return=17.727 mean_len=86.9
[gat-train] update=522 samples=10440 fps=12.8 loss=-0.0809 actor=-0.3103 value=0.2470 entropy=1.7606 mean_return=17.727 mean_len=86.9
[gat-train] update=523 samples=10460 fps=12.8 loss=14.8600 actor=3.6539 value=11.2279 entropy=2.1810 mean_return=17.732 mean_len=86.9
[gat-train] update=524 samples=10480 fps=12.8 loss=-0.2379 actor=-1.2682 value=1.0535 entropy=2.3187 mean_return=17.732 mean_len=86.9
[gat-train] update=525 samples=10500 fps=12.8 loss=-0.2043 actor=-0.5459 value=0.3670 entropy=2.5521 mean_return=17.732 mean_len=86.9
[gat-train] update=526 samples=10520 fps=12.8 loss=-0.0848 actor=-0.2905 value=0.2320 entropy=2.6401 mean_return=17.732 mean_len=86.9
[gat-train] update=527 samples=10540 fps=12.8 loss=-0.5970 actor=-0.8059 value=0.2337 entropy=2.4817 mean_return=17.732 mean_len=86.9
[gat-train] update=528 samples=10560 fps=12.8 loss=0.3224 actor=0.1535 value=0.1913 entropy=2.2495 mean_return=17.732 mean_len=86.9
[gat-train] update=529 samples=10580 fps=12.8 loss=75.6039 actor=13.1239 value=62.5020 entropy=2.2024 mean_return=17.762 mean_len=86.8
[gat-train] update=530 samples=10600 fps=12.8 loss=0.6400 actor=-0.0159 value=0.6766 entropy=2.0802 mean_return=17.762 mean_len=86.8
[gat-train] update=531 samples=10620 fps=12.8 loss=0.0056 actor=-0.0674 value=0.0966 entropy=2.3558 mean_return=17.762 mean_len=86.8
[gat-train] update=532 samples=10640 fps=12.8 loss=-0.3955 actor=-0.5137 value=0.1435 entropy=2.5347 mean_return=17.762 mean_len=86.8
[gat-train] update=533 samples=10660 fps=12.8 loss=0.6626 actor=0.4003 value=0.2896 entropy=2.7299 mean_return=17.762 mean_len=86.8
[gat-train] update=534 samples=10680 fps=12.8 loss=0.6684 actor=0.2598 value=0.4373 entropy=2.8695 mean_return=17.762 mean_len=86.8
[gat-train] update=535 samples=10700 fps=12.8 loss=-0.7704 actor=-1.0363 value=0.2957 entropy=2.9816 mean_return=17.762 mean_len=86.8
[gat-train] update=536 samples=10720 fps=12.8 loss=-0.3626 actor=-0.5892 value=0.2564 entropy=2.9815 mean_return=17.762 mean_len=86.8
[gat-train] update=537 samples=10740 fps=12.8 loss=-0.5480 actor=-0.8759 value=0.3569 entropy=2.9003 mean_return=17.762 mean_len=86.8
[gat-train] update=538 samples=10760 fps=12.8 loss=41.3303 actor=6.3840 value=34.9760 entropy=2.9733 mean_return=17.758 mean_len=86.7
[gat-train] update=539 samples=10780 fps=12.8 loss=-0.4560 actor=-0.6238 value=0.1970 entropy=2.9194 mean_return=17.758 mean_len=86.7
[gat-train] update=540 samples=10800 fps=12.8 loss=41.3930 actor=4.5868 value=36.8342 entropy=2.7939 mean_return=17.779 mean_len=86.9
[gat-train] update=541 samples=10820 fps=12.8 loss=-0.4462 actor=-0.8038 value=0.3877 entropy=3.0137 mean_return=17.779 mean_len=86.9
[gat-train] update=542 samples=10840 fps=12.8 loss=-0.9385 actor=-1.2698 value=0.3631 entropy=3.1763 mean_return=17.779 mean_len=86.9
[gat-train] update=543 samples=10860 fps=12.8 loss=0.2923 actor=0.0199 value=0.3044 entropy=3.2003 mean_return=17.779 mean_len=86.9
[gat-train] update=544 samples=10880 fps=12.8 loss=0.2807 actor=0.1911 value=0.1206 entropy=3.0982 mean_return=17.779 mean_len=86.9
[gat-train] update=545 samples=10900 fps=12.8 loss=27.4524 actor=5.0281 value=22.4539 entropy=2.9577 mean_return=17.766 mean_len=86.7
[gat-train] update=546 samples=10920 fps=12.8 loss=44.1790 actor=7.4771 value=36.7296 entropy=2.7741 mean_return=17.765 mean_len=86.7
[gat-train] update=547 samples=10940 fps=12.8 loss=-0.3595 actor=-0.4085 value=0.0787 entropy=2.9755 mean_return=17.765 mean_len=86.7
[gat-train] update=548 samples=10960 fps=12.8 loss=0.3525 actor=0.3319 value=0.0526 entropy=3.2022 mean_return=17.765 mean_len=86.7
[gat-train] update=549 samples=10980 fps=12.8 loss=-0.3151 actor=-0.4806 value=0.1951 entropy=2.9552 mean_return=17.765 mean_len=86.7
[gat-train] update=550 samples=11000 fps=12.8 loss=0.3359 actor=0.2088 value=0.1573 entropy=3.0221 mean_return=17.765 mean_len=86.7
[gat-train] eval update=550 comp_score=89.26 best=90.72
[gat-train] update=551 samples=11020 fps=12.8 loss=0.4748 actor=0.0891 value=0.4157 entropy=2.9958 mean_return=17.765 mean_len=86.7
[gat-train] update=552 samples=11040 fps=12.8 loss=0.1369 actor=-0.1892 value=0.3566 entropy=3.0515 mean_return=17.765 mean_len=86.7
[gat-train] update=553 samples=11060 fps=12.8 loss=-1.1007 actor=-1.4455 value=0.3723 entropy=2.7523 mean_return=17.765 mean_len=86.7
[gat-train] update=554 samples=11080 fps=12.8 loss=25.7212 actor=4.0273 value=21.7199 entropy=2.5953 mean_return=17.718 mean_len=86.4
[gat-train] update=555 samples=11100 fps=12.8 loss=1.1793 actor=0.4542 value=0.7513 entropy=2.6155 mean_return=17.718 mean_len=86.4
[gat-train] update=556 samples=11120 fps=12.8 loss=50.5931 actor=6.4211 value=44.1978 entropy=2.5887 mean_return=17.671 mean_len=86.2
[gat-train] update=557 samples=11140 fps=12.8 loss=-0.1318 actor=-0.1906 value=0.0822 entropy=2.3399 mean_return=17.671 mean_len=86.2
[gat-train] update=558 samples=11160 fps=12.8 loss=0.0992 actor=-0.0204 value=0.1432 entropy=2.3579 mean_return=17.671 mean_len=86.2
[gat-train] update=559 samples=11180 fps=12.8 loss=0.1265 actor=0.0089 value=0.1401 entropy=2.2519 mean_return=17.671 mean_len=86.2
[gat-train] update=560 samples=11200 fps=12.8 loss=46.8397 actor=5.3445 value=41.5179 entropy=2.2701 mean_return=17.612 mean_len=86.0
[gat-train] update=561 samples=11220 fps=12.8 loss=-0.1854 actor=-0.2411 value=0.0737 entropy=1.7985 mean_return=17.612 mean_len=86.0
[gat-train] update=562 samples=11240 fps=12.8 loss=48.4907 actor=7.8549 value=40.6536 entropy=1.7825 mean_return=17.576 mean_len=85.8
[gat-train] update=563 samples=11260 fps=12.8 loss=0.3068 actor=0.2263 value=0.0943 entropy=1.3824 mean_return=17.576 mean_len=85.8
[gat-train] update=564 samples=11280 fps=12.8 loss=0.1811 actor=-0.2155 value=0.4128 entropy=1.6208 mean_return=17.576 mean_len=85.8
[gat-train] update=565 samples=11300 fps=12.8 loss=-0.1489 actor=-0.2628 value=0.1278 entropy=1.3868 mean_return=17.576 mean_len=85.8
[gat-train] update=566 samples=11320 fps=12.8 loss=-0.3185 actor=-0.4519 value=0.1480 entropy=1.4662 mean_return=17.576 mean_len=85.8
[gat-train] update=567 samples=11340 fps=12.8 loss=0.0407 actor=-0.1334 value=0.1920 entropy=1.7923 mean_return=17.576 mean_len=85.8
[gat-train] update=568 samples=11360 fps=12.8 loss=0.4059 actor=-0.1237 value=0.5448 entropy=1.5139 mean_return=17.576 mean_len=85.8
[gat-train] update=569 samples=11380 fps=12.8 loss=0.0741 actor=-0.3486 value=0.4371 entropy=1.4312 mean_return=17.576 mean_len=85.8
[gat-train] update=570 samples=11400 fps=12.8 loss=-0.3794 actor=-0.7725 value=0.4083 entropy=1.5228 mean_return=17.576 mean_len=85.8
[gat-train] update=571 samples=11420 fps=12.8 loss=-0.3987 actor=-0.6455 value=0.2634 entropy=1.6655 mean_return=17.576 mean_len=85.8
[gat-train] update=572 samples=11440 fps=12.8 loss=61.7464 actor=6.2210 value=55.5395 entropy=1.4126 mean_return=17.570 mean_len=85.8
[gat-train] update=573 samples=11460 fps=12.8 loss=71.4244 actor=8.6158 value=62.8245 entropy=1.5865 mean_return=17.551 mean_len=85.7
[gat-train] update=574 samples=11480 fps=12.8 loss=0.3312 actor=-0.4366 value=0.7791 entropy=1.1261 mean_return=17.551 mean_len=85.7
[gat-train] update=575 samples=11500 fps=12.8 loss=0.1495 actor=0.0301 value=0.1313 entropy=1.1865 mean_return=17.551 mean_len=85.7
[gat-train] update=576 samples=11520 fps=12.8 loss=-0.1526 actor=-0.2913 value=0.1563 entropy=1.7643 mean_return=17.551 mean_len=85.7
[gat-train] update=577 samples=11540 fps=12.8 loss=0.6576 actor=0.3726 value=0.2973 entropy=1.2251 mean_return=17.551 mean_len=85.7
[gat-train] update=578 samples=11560 fps=12.8 loss=16.3639 actor=3.5479 value=12.8314 entropy=1.5479 mean_return=17.574 mean_len=85.8
[gat-train] update=579 samples=11580 fps=12.8 loss=0.2109 actor=0.1242 value=0.0992 entropy=1.2504 mean_return=17.574 mean_len=85.8
[gat-train] update=580 samples=11600 fps=12.8 loss=15.5985 actor=3.5171 value=12.0935 entropy=1.2117 mean_return=17.556 mean_len=85.7
[gat-train] update=581 samples=11620 fps=12.8 loss=-0.2489 actor=-0.2980 value=0.0607 entropy=1.1588 mean_return=17.556 mean_len=85.7
[gat-train] update=582 samples=11640 fps=12.8 loss=-0.1022 actor=-0.1443 value=0.0564 entropy=1.4227 mean_return=17.556 mean_len=85.7
[gat-train] update=583 samples=11660 fps=12.8 loss=-0.2842 actor=-0.4466 value=0.1771 entropy=1.4730 mean_return=17.556 mean_len=85.7
[gat-train] update=584 samples=11680 fps=12.8 loss=-0.1369 actor=-0.1973 value=0.0763 entropy=1.5868 mean_return=17.556 mean_len=85.7
[gat-train] update=585 samples=11700 fps=12.8 loss=0.0742 actor=-0.0743 value=0.1626 entropy=1.4196 mean_return=17.556 mean_len=85.7
[gat-train] update=586 samples=11720 fps=12.8 loss=0.4180 actor=0.1250 value=0.3084 entropy=1.5421 mean_return=17.556 mean_len=85.7
[gat-train] update=587 samples=11740 fps=12.8 loss=-0.1396 actor=-0.7422 value=0.6158 entropy=1.3240 mean_return=17.556 mean_len=85.7
[gat-train] update=588 samples=11760 fps=12.8 loss=0.3840 actor=0.0911 value=0.3053 entropy=1.2462 mean_return=17.556 mean_len=85.7
[gat-train] update=589 samples=11780 fps=12.8 loss=38.7778 actor=4.5478 value=34.2462 entropy=1.6147 mean_return=17.556 mean_len=85.6
[gat-train] update=590 samples=11800 fps=12.8 loss=40.4277 actor=6.9123 value=33.5299 entropy=1.4441 mean_return=17.569 mean_len=85.6
[gat-train] update=591 samples=11820 fps=12.8 loss=0.0138 actor=-0.1718 value=0.2028 entropy=1.7179 mean_return=17.569 mean_len=85.6
[gat-train] update=592 samples=11840 fps=12.8 loss=0.1386 actor=-0.0071 value=0.1628 entropy=1.7114 mean_return=17.569 mean_len=85.6
[gat-train] update=593 samples=11860 fps=12.8 loss=-0.0556 actor=-0.1976 value=0.1634 entropy=2.1342 mean_return=17.569 mean_len=85.6
[gat-train] update=594 samples=11880 fps=12.8 loss=-0.4614 actor=-0.9274 value=0.4848 entropy=1.8763 mean_return=17.569 mean_len=85.6
[gat-train] update=595 samples=11900 fps=12.8 loss=97.9276 actor=12.7993 value=85.1498 entropy=2.1444 mean_return=17.535 mean_len=85.4
[gat-train] update=596 samples=11920 fps=12.8 loss=0.1981 actor=0.1142 value=0.0995 entropy=1.5648 mean_return=17.535 mean_len=85.4
[gat-train] update=597 samples=11940 fps=12.8 loss=0.1067 actor=0.0566 value=0.0677 entropy=1.7620 mean_return=17.535 mean_len=85.4
[gat-train] update=598 samples=11960 fps=12.8 loss=-0.1865 actor=-0.2352 value=0.0766 entropy=2.7946 mean_return=17.535 mean_len=85.4
[gat-train] update=599 samples=11980 fps=12.8 loss=-0.4961 actor=-0.8437 value=0.3736 entropy=2.6002 mean_return=17.535 mean_len=85.4
[gat-train] update=600 samples=12000 fps=12.8 loss=-0.3436 actor=-0.5057 value=0.1834 entropy=2.1275 mean_return=17.535 mean_len=85.4
[gat-train] eval update=600 comp_score=90.72 best=90.72
[gat-train] update=601 samples=12020 fps=12.8 loss=0.3237 actor=0.0010 value=0.3426 entropy=1.9843 mean_return=17.535 mean_len=85.4
[gat-train] update=602 samples=12040 fps=12.8 loss=-0.3256 actor=-0.8660 value=0.5538 entropy=1.3417 mean_return=17.535 mean_len=85.4
[gat-train] update=603 samples=12060 fps=12.8 loss=0.5596 actor=-0.0024 value=0.5894 entropy=2.7392 mean_return=17.535 mean_len=85.4
[gat-train] update=604 samples=12080 fps=12.8 loss=0.5309 actor=-0.1382 value=0.6932 entropy=2.3998 mean_return=17.535 mean_len=85.4
[gat-train] update=605 samples=12100 fps=12.8 loss=13.1771 actor=3.0611 value=10.1330 entropy=1.6975 mean_return=17.503 mean_len=85.2
[gat-train] update=606 samples=12120 fps=12.8 loss=0.2246 actor=-0.1466 value=0.3914 entropy=2.0142 mean_return=17.503 mean_len=85.2
[gat-train] update=607 samples=12140 fps=12.8 loss=-0.1736 actor=-0.4484 value=0.2925 entropy=1.7567 mean_return=17.503 mean_len=85.2
[gat-train] update=608 samples=12160 fps=12.8 loss=61.4602 actor=7.6661 value=53.8119 entropy=1.7837 mean_return=17.518 mean_len=85.3
[gat-train] update=609 samples=12180 fps=12.8 loss=-0.0603 actor=-0.2619 value=0.2242 entropy=2.2587 mean_return=17.518 mean_len=85.3
[gat-train] update=610 samples=12200 fps=12.8 loss=0.2816 actor=-0.0309 value=0.3312 entropy=1.8708 mean_return=17.518 mean_len=85.3
[gat-train] update=611 samples=12220 fps=12.8 loss=0.3408 actor=0.0811 value=0.2743 entropy=1.4711 mean_return=17.518 mean_len=85.3
[gat-train] update=612 samples=12240 fps=12.8 loss=67.3457 actor=5.9093 value=61.4512 entropy=1.4773 mean_return=17.496 mean_len=85.1
[gat-train] update=613 samples=12260 fps=12.8 loss=30.7253 actor=4.0799 value=26.6660 entropy=2.0565 mean_return=17.495 mean_len=85.1
[gat-train] update=614 samples=12280 fps=12.8 loss=0.4713 actor=0.3744 value=0.1214 entropy=2.4474 mean_return=17.495 mean_len=85.1
[gat-train] update=615 samples=12300 fps=12.8 loss=0.1502 actor=0.0694 value=0.0988 entropy=1.7986 mean_return=17.495 mean_len=85.1
[gat-train] update=616 samples=12320 fps=12.8 loss=0.5669 actor=0.4612 value=0.1299 entropy=2.4195 mean_return=17.495 mean_len=85.1
[gat-train] update=617 samples=12340 fps=12.8 loss=-0.0607 actor=-0.2802 value=0.2388 entropy=1.9349 mean_return=17.495 mean_len=85.1
[gat-train] update=618 samples=12360 fps=12.8 loss=-0.3337 actor=-0.5192 value=0.2069 entropy=2.1432 mean_return=17.495 mean_len=85.1
[gat-train] update=619 samples=12380 fps=12.8 loss=-0.0178 actor=-0.0819 value=0.0841 entropy=2.0013 mean_return=17.495 mean_len=85.1
[gat-train] update=620 samples=12400 fps=12.8 loss=0.2655 actor=0.1007 value=0.1933 entropy=2.8514 mean_return=17.495 mean_len=85.1
[gat-train] update=621 samples=12420 fps=12.8 loss=-0.2553 actor=-0.5798 value=0.3461 entropy=2.1504 mean_return=17.495 mean_len=85.1
[gat-train] update=622 samples=12440 fps=12.8 loss=55.6315 actor=5.5342 value=50.1181 entropy=2.0916 mean_return=17.483 mean_len=85.1
[gat-train] update=623 samples=12460 fps=12.8 loss=-0.3701 actor=-0.8457 value=0.5055 entropy=2.9854 mean_return=17.483 mean_len=85.1
[gat-train] update=624 samples=12480 fps=12.8 loss=0.1501 actor=-0.1955 value=0.3700 entropy=2.4403 mean_return=17.483 mean_len=85.1
[gat-train] update=625 samples=12500 fps=12.8 loss=0.0916 actor=-0.1617 value=0.2779 entropy=2.4634 mean_return=17.483 mean_len=85.1
[gat-train] update=626 samples=12520 fps=12.8 loss=-0.3870 actor=-0.5357 value=0.1711 entropy=2.2432 mean_return=17.483 mean_len=85.1
[gat-train] update=627 samples=12540 fps=12.8 loss=54.6150 actor=10.4759 value=44.1574 entropy=1.8257 mean_return=17.503 mean_len=85.1
[gat-train] update=628 samples=12560 fps=12.8 loss=46.4558 actor=5.1016 value=41.3762 entropy=2.1990 mean_return=17.482 mean_len=85.0
[gat-train] update=629 samples=12580 fps=12.8 loss=0.2233 actor=-0.0079 value=0.2524 entropy=2.1183 mean_return=17.482 mean_len=85.0
[gat-train] update=630 samples=12600 fps=12.8 loss=15.8937 actor=3.3345 value=12.5780 entropy=1.8722 mean_return=17.482 mean_len=85.0
[gat-train] update=631 samples=12620 fps=12.8 loss=0.2435 actor=0.0488 value=0.2084 entropy=1.3667 mean_return=17.482 mean_len=85.0
[gat-train] update=632 samples=12640 fps=12.8 loss=-0.1716 actor=-0.2000 value=0.0449 entropy=1.6560 mean_return=17.482 mean_len=85.0
[gat-train] update=633 samples=12660 fps=12.8 loss=-0.3381 actor=-0.4414 value=0.1210 entropy=1.7770 mean_return=17.482 mean_len=85.0
[gat-train] update=634 samples=12680 fps=12.8 loss=0.2131 actor=0.1073 value=0.1201 entropy=1.4277 mean_return=17.482 mean_len=85.0
[gat-train] update=635 samples=12700 fps=12.8 loss=-0.0836 actor=-0.3207 value=0.2526 entropy=1.5487 mean_return=17.482 mean_len=85.0
[gat-train] update=636 samples=12720 fps=12.8 loss=-0.2418 actor=-0.3340 value=0.1114 entropy=1.9186 mean_return=17.482 mean_len=85.0
[gat-train] update=637 samples=12740 fps=12.8 loss=0.0536 actor=-0.0039 value=0.0758 entropy=1.8230 mean_return=17.482 mean_len=85.0
[gat-train] update=638 samples=12760 fps=12.8 loss=0.2986 actor=-0.0515 value=0.3673 entropy=1.7191 mean_return=17.482 mean_len=85.0
[gat-train] update=639 samples=12780 fps=12.8 loss=-0.3905 actor=-0.6568 value=0.2807 entropy=1.4411 mean_return=17.482 mean_len=85.0
[gat-train] update=640 samples=12800 fps=12.8 loss=0.5930 actor=0.2717 value=0.3410 entropy=1.9716 mean_return=17.482 mean_len=85.0
[gat-train] update=641 samples=12820 fps=12.8 loss=65.7362 actor=7.1476 value=58.6062 entropy=1.7533 mean_return=17.498 mean_len=85.1
[gat-train] update=642 samples=12840 fps=12.8 loss=-0.6292 actor=-0.8779 value=0.2696 entropy=2.0893 mean_return=17.498 mean_len=85.1
[gat-train] update=643 samples=12860 fps=12.8 loss=0.1744 actor=0.0421 value=0.1530 entropy=2.0702 mean_return=17.498 mean_len=85.1
[gat-train] update=644 samples=12880 fps=12.8 loss=0.5437 actor=0.4448 value=0.1199 entropy=2.0964 mean_return=17.498 mean_len=85.1
[gat-train] update=645 samples=12900 fps=12.8 loss=45.6961 actor=5.3788 value=40.3408 entropy=2.3558 mean_return=17.534 mean_len=85.2
[gat-train] update=646 samples=12920 fps=12.8 loss=87.6661 actor=11.2458 value=76.4424 entropy=2.2119 mean_return=17.524 mean_len=85.2
[gat-train] update=647 samples=12940 fps=12.8 loss=-0.3892 actor=-0.5058 value=0.1413 entropy=2.4719 mean_return=17.524 mean_len=85.2
[gat-train] update=648 samples=12960 fps=12.8 loss=0.3300 actor=0.2314 value=0.1200 entropy=2.1404 mean_return=17.524 mean_len=85.2
[gat-train] update=649 samples=12980 fps=12.8 loss=-0.5332 actor=-0.5858 value=0.0753 entropy=2.2698 mean_return=17.524 mean_len=85.2
[gat-train] update=650 samples=13000 fps=12.8 loss=-0.6174 actor=-0.7316 value=0.1368 entropy=2.2540 mean_return=17.524 mean_len=85.2
[gat-train] eval update=650 comp_score=88.97 best=90.72
[gat-train] update=651 samples=13020 fps=12.8 loss=-0.1186 actor=-0.1557 value=0.0558 entropy=1.8775 mean_return=17.524 mean_len=85.2
[gat-train] update=652 samples=13040 fps=12.8 loss=-0.4002 actor=-0.5339 value=0.1578 entropy=2.4147 mean_return=17.524 mean_len=85.2
[gat-train] update=653 samples=13060 fps=12.8 loss=0.8690 actor=0.5105 value=0.3785 entropy=1.9978 mean_return=17.524 mean_len=85.2
[gat-train] update=654 samples=13080 fps=12.8 loss=-0.6657 actor=-1.2215 value=0.5744 entropy=1.8610 mean_return=17.524 mean_len=85.2
[gat-train] update=655 samples=13100 fps=12.8 loss=-0.2202 actor=-0.4437 value=0.2375 entropy=1.3987 mean_return=17.524 mean_len=85.2
[gat-train] update=656 samples=13120 fps=12.8 loss=36.8111 actor=4.6633 value=32.1712 entropy=2.3393 mean_return=17.497 mean_len=85.0
[gat-train] update=657 samples=13140 fps=12.8 loss=-0.2382 actor=-0.4364 value=0.2174 entropy=1.9265 mean_return=17.497 mean_len=85.0
[gat-train] update=658 samples=13160 fps=12.8 loss=-0.1963 actor=-0.3981 value=0.2174 entropy=1.5635 mean_return=17.497 mean_len=85.0
[gat-train] update=659 samples=13180 fps=12.8 loss=-0.1933 actor=-0.4485 value=0.2726 entropy=1.7370 mean_return=17.497 mean_len=85.0
[gat-train] update=660 samples=13200 fps=12.8 loss=0.6953 actor=0.4599 value=0.2514 entropy=1.6062 mean_return=17.497 mean_len=85.0
[gat-train] update=661 samples=13220 fps=12.8 loss=0.2772 actor=-0.1736 value=0.4654 entropy=1.4568 mean_return=17.497 mean_len=85.0
[gat-train] update=662 samples=13240 fps=12.8 loss=0.8579 actor=0.2959 value=0.5768 entropy=1.4800 mean_return=17.497 mean_len=85.0
[gat-train] update=663 samples=13260 fps=12.8 loss=32.4264 actor=7.0862 value=25.3558 entropy=1.5675 mean_return=17.492 mean_len=85.1
[gat-train] update=664 samples=13280 fps=12.8 loss=47.5828 actor=6.2104 value=41.3839 entropy=1.1507 mean_return=17.500 mean_len=85.2
[gat-train] update=665 samples=13300 fps=12.8 loss=0.5367 actor=0.3942 value=0.1571 entropy=1.4655 mean_return=17.500 mean_len=85.2
[gat-train] update=666 samples=13320 fps=12.8 loss=0.1702 actor=-0.0061 value=0.1910 entropy=1.4711 mean_return=17.500 mean_len=85.2
[gat-train] update=667 samples=13340 fps=12.8 loss=0.0685 actor=-0.0970 value=0.1801 entropy=1.4579 mean_return=17.500 mean_len=85.2
[gat-train] update=668 samples=13360 fps=12.8 loss=-0.0552 actor=-0.1381 value=0.0937 entropy=1.0840 mean_return=17.500 mean_len=85.2
[gat-train] update=669 samples=13380 fps=12.8 loss=0.2026 actor=0.0890 value=0.1276 entropy=1.4038 mean_return=17.500 mean_len=85.2
[gat-train] update=670 samples=13400 fps=12.8 loss=0.0396 actor=-0.0916 value=0.1425 entropy=1.1301 mean_return=17.500 mean_len=85.2
[gat-train] update=671 samples=13420 fps=12.8 loss=-0.1114 actor=-0.6067 value=0.5080 entropy=1.2631 mean_return=17.500 mean_len=85.2
[gat-train] update=672 samples=13440 fps=12.8 loss=-0.0412 actor=-0.2978 value=0.2740 entropy=1.7486 mean_return=17.500 mean_len=85.2
[gat-train] update=673 samples=13460 fps=12.8 loss=59.9149 actor=7.0681 value=52.8676 entropy=2.0842 mean_return=17.478 mean_len=85.0
[gat-train] update=674 samples=13480 fps=12.8 loss=0.4893 actor=0.1715 value=0.3327 entropy=1.4864 mean_return=17.478 mean_len=85.0
[gat-train] update=675 samples=13500 fps=12.8 loss=-0.1549 actor=-0.3967 value=0.2572 entropy=1.5351 mean_return=17.478 mean_len=85.0
[gat-train] update=676 samples=13520 fps=12.8 loss=-0.4650 actor=-0.9279 value=0.4822 entropy=1.9386 mean_return=17.478 mean_len=85.0
[gat-train] update=677 samples=13540 fps=12.8 loss=-0.3139 actor=-0.6852 value=0.3918 entropy=2.0534 mean_return=17.478 mean_len=85.0
[gat-train] update=678 samples=13560 fps=12.8 loss=0.7457 actor=0.5773 value=0.1928 entropy=2.4318 mean_return=17.478 mean_len=85.0
[gat-train] update=679 samples=13580 fps=12.8 loss=0.1212 actor=-0.2579 value=0.3922 entropy=1.3133 mean_return=17.478 mean_len=85.0
[gat-train] update=680 samples=13600 fps=12.8 loss=101.1059 actor=14.0301 value=87.0952 entropy=1.9434 mean_return=17.459 mean_len=84.8
[gat-train] update=681 samples=13620 fps=12.8 loss=18.7890 actor=3.7569 value=15.0535 entropy=2.1391 mean_return=17.479 mean_len=85.0
[gat-train] update=682 samples=13640 fps=12.8 loss=1.6150 actor=1.1297 value=0.5067 entropy=2.1414 mean_return=17.479 mean_len=85.0
[gat-train] update=683 samples=13660 fps=12.8 loss=0.4207 actor=0.3110 value=0.1276 entropy=1.7850 mean_return=17.479 mean_len=85.0
[gat-train] update=684 samples=13680 fps=12.8 loss=-0.2743 actor=-0.3803 value=0.1337 entropy=2.7779 mean_return=17.479 mean_len=85.0
[gat-train] update=685 samples=13700 fps=12.8 loss=-0.1569 actor=-0.2023 value=0.0804 entropy=3.5026 mean_return=17.479 mean_len=85.0
[gat-train] update=686 samples=13720 fps=12.8 loss=0.1006 actor=-0.1019 value=0.2288 entropy=2.6306 mean_return=17.479 mean_len=85.0
[gat-train] update=687 samples=13740 fps=12.8 loss=1.0042 actor=0.7422 value=0.2924 entropy=3.0373 mean_return=17.479 mean_len=85.0
[gat-train] update=688 samples=13760 fps=12.8 loss=-0.7887 actor=-1.6623 value=0.9005 entropy=2.6897 mean_return=17.479 mean_len=85.0
[gat-train] update=689 samples=13780 fps=12.8 loss=62.0357 actor=8.3673 value=53.6955 entropy=2.7034 mean_return=17.465 mean_len=84.8
[gat-train] update=690 samples=13800 fps=12.8 loss=1.0808 actor=-0.6347 value=1.7382 entropy=2.2656 mean_return=17.465 mean_len=84.8
[gat-train] update=691 samples=13820 fps=12.8 loss=-0.9513 actor=-1.3731 value=0.4554 entropy=3.3597 mean_return=17.465 mean_len=84.8
[gat-train] update=692 samples=13840 fps=12.8 loss=-0.8371 actor=-0.9949 value=0.1929 entropy=3.5087 mean_return=17.465 mean_len=84.8
[gat-train] update=693 samples=13860 fps=12.8 loss=-0.2704 actor=-0.4223 value=0.1844 entropy=3.2544 mean_return=17.465 mean_len=84.8
[gat-train] update=694 samples=13880 fps=12.8 loss=0.3457 actor=0.2702 value=0.1008 entropy=2.5362 mean_return=17.465 mean_len=84.8
[gat-train] update=695 samples=13900 fps=12.8 loss=0.8520 actor=0.5474 value=0.3319 entropy=2.7322 mean_return=17.465 mean_len=84.8
[gat-train] update=696 samples=13920 fps=12.8 loss=62.2243 actor=7.9438 value=54.3094 entropy=2.8973 mean_return=17.437 mean_len=84.7
[gat-train] update=697 samples=13940 fps=12.8 loss=95.2971 actor=10.7674 value=84.5549 entropy=2.5272 mean_return=17.412 mean_len=84.5
[gat-train] update=698 samples=13960 fps=12.8 loss=1.9512 actor=0.0677 value=1.9133 entropy=2.9772 mean_return=17.412 mean_len=84.5
[gat-train] update=699 samples=13980 fps=12.8 loss=1.6897 actor=1.3459 value=0.3710 entropy=2.7178 mean_return=17.412 mean_len=84.5
[gat-train] update=700 samples=14000 fps=12.8 loss=0.1313 actor=0.0841 value=0.0798 entropy=3.2603 mean_return=17.412 mean_len=84.5
[gat-train] eval update=700 comp_score=88.52 best=90.72
[gat-train] update=701 samples=14020 fps=12.8 loss=-0.3566 actor=-0.3821 value=0.0562 entropy=3.0729 mean_return=17.412 mean_len=84.5
[gat-train] update=702 samples=14040 fps=12.8 loss=0.3687 actor=0.1966 value=0.1968 entropy=2.4686 mean_return=17.412 mean_len=84.5
[gat-train] update=703 samples=14060 fps=12.8 loss=-0.2731 actor=-0.6671 value=0.4106 entropy=1.6661 mean_return=17.412 mean_len=84.5
[gat-train] update=704 samples=14080 fps=12.8 loss=-0.3811 actor=-0.5365 value=0.1753 entropy=1.9924 mean_return=17.412 mean_len=84.5
[gat-train] update=705 samples=14100 fps=12.8 loss=-0.2901 actor=-0.4336 value=0.1651 entropy=2.1567 mean_return=17.412 mean_len=84.5
[gat-train] update=706 samples=14120 fps=12.8 loss=15.1842 actor=3.0842 value=12.1236 entropy=2.3647 mean_return=17.402 mean_len=84.4
[gat-train] update=707 samples=14140 fps=12.8 loss=-0.3767 actor=-0.4474 value=0.0986 entropy=2.7911 mean_return=17.402 mean_len=84.4
[gat-train] update=708 samples=14160 fps=12.8 loss=-0.4234 actor=-0.5250 value=0.1310 entropy=2.9452 mean_return=17.402 mean_len=84.4
[gat-train] update=709 samples=14180 fps=12.8 loss=-0.5582 actor=-0.7586 value=0.2206 entropy=2.0192 mean_return=17.402 mean_len=84.4
[gat-train] update=710 samples=14200 fps=12.8 loss=-0.1735 actor=-0.6505 value=0.5025 entropy=2.5450 mean_return=17.402 mean_len=84.4
[gat-train] update=711 samples=14220 fps=12.8 loss=0.3562 actor=0.1452 value=0.2383 entropy=2.7271 mean_return=17.402 mean_len=84.4
[gat-train] update=712 samples=14240 fps=12.8 loss=-0.0830 actor=-0.4285 value=0.3670 entropy=2.1493 mean_return=17.402 mean_len=84.4
[gat-train] update=713 samples=14260 fps=12.8 loss=0.1000 actor=-0.1294 value=0.2535 entropy=2.4069 mean_return=17.402 mean_len=84.4
[gat-train] update=714 samples=14280 fps=12.8 loss=27.5202 actor=3.9321 value=23.6068 entropy=1.8684 mean_return=17.427 mean_len=84.5
[gat-train] update=715 samples=14300 fps=12.8 loss=34.2716 actor=6.6290 value=27.6737 entropy=3.1042 mean_return=17.460 mean_len=84.7
[gat-train] update=716 samples=14320 fps=12.8 loss=0.2451 actor=0.0951 value=0.1764 entropy=2.6381 mean_return=17.460 mean_len=84.7
[gat-train] update=717 samples=14340 fps=12.8 loss=-0.2204 actor=-0.3684 value=0.1782 entropy=3.0327 mean_return=17.460 mean_len=84.7
[gat-train] update=718 samples=14360 fps=12.8 loss=-0.1352 actor=-0.1981 value=0.0860 entropy=2.3131 mean_return=17.460 mean_len=84.7
[gat-train] update=719 samples=14380 fps=12.8 loss=-0.5688 actor=-0.6663 value=0.1228 entropy=2.5344 mean_return=17.460 mean_len=84.7
[gat-train] update=720 samples=14400 fps=12.8 loss=-0.0039 actor=-0.4059 value=0.4285 entropy=2.6526 mean_return=17.460 mean_len=84.7
[gat-train] update=721 samples=14420 fps=12.8 loss=-0.2550 actor=-0.4212 value=0.1949 entropy=2.8655 mean_return=17.460 mean_len=84.7
[gat-train] update=722 samples=14440 fps=12.8 loss=29.4942 actor=3.8766 value=25.6430 entropy=2.5438 mean_return=17.445 mean_len=84.6
[gat-train] update=723 samples=14460 fps=12.8 loss=-0.7505 actor=-1.1221 value=0.3988 entropy=2.7246 mean_return=17.445 mean_len=84.6
[gat-train] update=724 samples=14480 fps=12.8 loss=-1.0314 actor=-1.3193 value=0.3147 entropy=2.6788 mean_return=17.445 mean_len=84.6
[gat-train] update=725 samples=14500 fps=12.8 loss=0.3346 actor=0.0817 value=0.2764 entropy=2.3584 mean_return=17.445 mean_len=84.6
[gat-train] update=726 samples=14520 fps=12.8 loss=-0.1707 actor=-0.3039 value=0.1649 entropy=3.1746 mean_return=17.445 mean_len=84.6
[gat-train] update=727 samples=14540 fps=12.8 loss=0.1184 actor=-0.1885 value=0.3370 entropy=3.0111 mean_return=17.445 mean_len=84.6
[gat-train] update=728 samples=14560 fps=12.8 loss=2.2794 actor=1.0781 value=1.2252 entropy=2.3912 mean_return=17.445 mean_len=84.6
[gat-train] update=729 samples=14580 fps=12.8 loss=0.6567 actor=-0.5561 value=1.2321 entropy=1.9316 mean_return=17.445 mean_len=84.6
[gat-train] update=730 samples=14600 fps=12.8 loss=98.9794 actor=12.2521 value=86.7524 entropy=2.5064 mean_return=17.394 mean_len=84.4
[gat-train] update=731 samples=14620 fps=12.8 loss=0.0427 actor=-0.1024 value=0.1733 entropy=2.8218 mean_return=17.394 mean_len=84.4
[gat-train] update=732 samples=14640 fps=12.8 loss=59.2312 actor=7.5896 value=51.6709 entropy=2.9226 mean_return=17.402 mean_len=84.6
[gat-train] update=733 samples=14660 fps=12.8 loss=-0.4534 actor=-0.5265 value=0.1061 entropy=3.3025 mean_return=17.402 mean_len=84.6
[gat-train] update=734 samples=14680 fps=12.8 loss=0.2872 actor=0.2082 value=0.1052 entropy=2.6172 mean_return=17.402 mean_len=84.6
[gat-train] update=735 samples=14700 fps=12.8 loss=-0.4821 actor=-0.6734 value=0.2207 entropy=2.9400 mean_return=17.402 mean_len=84.6
[gat-train] update=736 samples=14720 fps=12.8 loss=0.2346 actor=0.1928 value=0.0701 entropy=2.8231 mean_return=17.402 mean_len=84.6
[gat-train] update=737 samples=14740 fps=12.8 loss=58.9505 actor=6.7540 value=52.2262 entropy=2.9708 mean_return=17.363 mean_len=84.4
[gat-train] update=738 samples=14760 fps=12.8 loss=-0.1963 actor=-1.3242 value=1.1576 entropy=2.9753 mean_return=17.363 mean_len=84.4
[gat-train] update=739 samples=14780 fps=12.8 loss=-0.5273 actor=-0.7112 value=0.2141 entropy=3.0140 mean_return=17.363 mean_len=84.4
[gat-train] update=740 samples=14800 fps=12.8 loss=-0.3432 actor=-0.4867 value=0.1822 entropy=3.8781 mean_return=17.363 mean_len=84.4
[gat-train] update=741 samples=14820 fps=12.8 loss=0.5295 actor=0.1874 value=0.3731 entropy=3.1010 mean_return=17.363 mean_len=84.4
[gat-train] update=742 samples=14840 fps=12.8 loss=0.5594 actor=0.0808 value=0.5131 entropy=3.4443 mean_return=17.363 mean_len=84.4
[gat-train] update=743 samples=14860 fps=12.8 loss=-0.8403 actor=-1.4283 value=0.6279 entropy=3.9955 mean_return=17.363 mean_len=84.4
[gat-train] update=744 samples=14880 fps=12.8 loss=1.6257 actor=1.0221 value=0.6367 entropy=3.3101 mean_return=17.363 mean_len=84.4
[gat-train] update=745 samples=14900 fps=12.8 loss=0.1019 actor=-0.5571 value=0.6899 entropy=3.0896 mean_return=17.363 mean_len=84.4
[gat-train] update=746 samples=14920 fps=12.8 loss=-0.2299 actor=-0.6155 value=0.4077 entropy=2.2135 mean_return=17.363 mean_len=84.4
[gat-train] update=747 samples=14940 fps=12.8 loss=72.7680 actor=10.8103 value=61.9876 entropy=3.0010 mean_return=17.325 mean_len=84.5
[gat-train] update=748 samples=14960 fps=12.8 loss=-1.0601 actor=-1.9518 value=0.9260 entropy=3.4236 mean_return=17.325 mean_len=84.5
[gat-train] update=749 samples=14980 fps=12.8 loss=31.8885 actor=5.8994 value=26.0223 entropy=3.3150 mean_return=17.312 mean_len=84.4
[gat-train] update=750 samples=15000 fps=12.8 loss=-0.0391 actor=-0.2687 value=0.2686 entropy=3.9007 mean_return=17.312 mean_len=84.4
[gat-train] eval update=750 comp_score=91.59 best=91.59  *NEW BEST -> PCT-best.pt*
[gat-train] update=751 samples=15020 fps=12.8 loss=0.5421 actor=0.3063 value=0.2740 entropy=3.8272 mean_return=17.312 mean_len=84.4
[gat-train] update=752 samples=15040 fps=12.8 loss=-0.5037 actor=-0.9885 value=0.5163 entropy=3.1488 mean_return=17.312 mean_len=84.4
[gat-train] update=753 samples=15060 fps=12.8 loss=68.2830 actor=9.9977 value=58.3179 entropy=3.2619 mean_return=17.300 mean_len=84.4
[gat-train] update=754 samples=15080 fps=12.8 loss=-0.4512 actor=-2.2151 value=1.7973 entropy=3.3361 mean_return=17.300 mean_len=84.4
[gat-train] update=755 samples=15100 fps=12.8 loss=-0.7476 actor=-1.1071 value=0.3944 entropy=3.4984 mean_return=17.300 mean_len=84.4
[gat-train] update=756 samples=15120 fps=12.8 loss=-1.8350 actor=-2.5673 value=0.7709 entropy=3.8670 mean_return=17.300 mean_len=84.4
[gat-train] update=757 samples=15140 fps=12.8 loss=-0.8272 actor=-1.1067 value=0.3130 entropy=3.3431 mean_return=17.300 mean_len=84.4
[gat-train] update=758 samples=15160 fps=12.8 loss=-0.5660 actor=-0.6575 value=0.1294 entropy=3.7838 mean_return=17.300 mean_len=84.4
[gat-train] update=759 samples=15180 fps=12.8 loss=-0.7173 actor=-0.9298 value=0.2448 entropy=3.2335 mean_return=17.300 mean_len=84.4
[gat-train] update=760 samples=15200 fps=12.8 loss=0.1423 actor=-0.2659 value=0.4408 entropy=3.2540 mean_return=17.300 mean_len=84.4
[gat-train] update=761 samples=15220 fps=12.8 loss=49.9567 actor=8.3920 value=41.5927 entropy=2.8044 mean_return=17.205 mean_len=83.8
[gat-train] update=762 samples=15240 fps=12.8 loss=65.3192 actor=10.3939 value=54.9608 entropy=3.5523 mean_return=17.170 mean_len=83.7
[gat-train] update=763 samples=15260 fps=12.8 loss=0.6479 actor=-2.5661 value=3.2465 entropy=3.2585 mean_return=17.170 mean_len=83.7
[gat-train] update=764 samples=15280 fps=12.8 loss=-0.0596 actor=-0.4896 value=0.4638 entropy=3.3897 mean_return=17.170 mean_len=83.7
[gat-train] update=765 samples=15300 fps=12.8 loss=-1.1571 actor=-1.5504 value=0.4309 entropy=3.7577 mean_return=17.170 mean_len=83.7
[gat-train] update=766 samples=15320 fps=12.8 loss=-0.1609 actor=-0.3060 value=0.1730 entropy=2.7933 mean_return=17.170 mean_len=83.7
[gat-train] update=767 samples=15340 fps=12.8 loss=-0.1052 actor=-0.2536 value=0.1799 entropy=3.1563 mean_return=17.170 mean_len=83.7
[gat-train] update=768 samples=15360 fps=12.8 loss=-0.2324 actor=-0.2795 value=0.0752 entropy=2.8026 mean_return=17.170 mean_len=83.7
[gat-train] update=769 samples=15380 fps=12.8 loss=14.0639 actor=2.3970 value=11.7004 entropy=3.3502 mean_return=17.174 mean_len=83.7
[gat-train] update=770 samples=15400 fps=12.8 loss=-1.1332 actor=-1.5545 value=0.4517 entropy=3.0387 mean_return=17.174 mean_len=83.7
[gat-train] update=771 samples=15420 fps=12.8 loss=-0.3242 actor=-0.6426 value=0.3568 entropy=3.8309 mean_return=17.174 mean_len=83.7
[gat-train] update=772 samples=15440 fps=12.8 loss=-0.5716 actor=-0.7728 value=0.2317 entropy=3.0453 mean_return=17.174 mean_len=83.7
[gat-train] update=773 samples=15460 fps=12.8 loss=-0.4289 actor=-0.7922 value=0.4009 entropy=3.7694 mean_return=17.174 mean_len=83.7
[gat-train] update=774 samples=15480 fps=12.8 loss=0.0792 actor=-0.0856 value=0.1948 entropy=3.0040 mean_return=17.174 mean_len=83.7
[gat-train] update=775 samples=15500 fps=12.8 loss=-0.2228 actor=-0.5530 value=0.3587 entropy=2.8617 mean_return=17.174 mean_len=83.7
[gat-train] update=776 samples=15520 fps=12.8 loss=25.6128 actor=3.7181 value=21.9218 entropy=2.7097 mean_return=17.137 mean_len=83.5
[gat-train] update=777 samples=15540 fps=12.8 loss=0.4632 actor=0.3795 value=0.1088 entropy=2.5097 mean_return=17.137 mean_len=83.5
[gat-train] update=778 samples=15560 fps=12.8 loss=114.4152 actor=16.1343 value=98.3039 entropy=2.2938 mean_return=17.092 mean_len=83.3
[gat-train] update=779 samples=15580 fps=12.8 loss=-0.0739 actor=-0.3684 value=0.3311 entropy=3.6591 mean_return=17.092 mean_len=83.3
[gat-train] update=780 samples=15600 fps=12.8 loss=0.1898 actor=0.0485 value=0.1743 entropy=3.2992 mean_return=17.092 mean_len=83.3
[gat-train] update=781 samples=15620 fps=12.8 loss=0.0736 actor=-0.0619 value=0.1693 entropy=3.3780 mean_return=17.092 mean_len=83.3
[gat-train] update=782 samples=15640 fps=12.8 loss=-0.0431 actor=-0.2324 value=0.2237 entropy=3.4391 mean_return=17.092 mean_len=83.3
[gat-train] update=783 samples=15660 fps=12.8 loss=-0.7225 actor=-1.6818 value=0.9869 entropy=2.7488 mean_return=17.092 mean_len=83.3
[gat-train] update=784 samples=15680 fps=12.8 loss=65.3667 actor=8.8237 value=56.5728 entropy=2.9832 mean_return=17.050 mean_len=83.1
[gat-train] update=785 samples=15700 fps=12.8 loss=0.3441 actor=-1.0346 value=1.4051 entropy=2.6342 mean_return=17.050 mean_len=83.1
[gat-train] update=786 samples=15720 fps=12.8 loss=0.5820 actor=-0.0300 value=0.6392 entropy=2.7158 mean_return=17.050 mean_len=83.1
[gat-train] update=787 samples=15740 fps=12.8 loss=1.6245 actor=0.7784 value=0.8789 entropy=3.2702 mean_return=17.050 mean_len=83.1
[gat-train] update=788 samples=15760 fps=12.8 loss=-0.4232 actor=-0.9952 value=0.5977 entropy=2.5672 mean_return=17.050 mean_len=83.1
[gat-train] update=789 samples=15780 fps=12.8 loss=1.0092 actor=0.7762 value=0.2671 entropy=3.4146 mean_return=17.050 mean_len=83.1
[gat-train] update=790 samples=15800 fps=12.8 loss=-0.2221 actor=-0.4260 value=0.2313 entropy=2.7408 mean_return=17.050 mean_len=83.1
[gat-train] update=791 samples=15820 fps=12.8 loss=-0.1677 actor=-0.3223 value=0.1825 entropy=2.7843 mean_return=17.050 mean_len=83.1
[gat-train] update=792 samples=15840 fps=12.8 loss=26.4797 actor=3.0980 value=23.4039 entropy=2.2142 mean_return=17.016 mean_len=83.0
[gat-train] update=793 samples=15860 fps=12.8 loss=0.4961 actor=0.2016 value=0.3162 entropy=2.1728 mean_return=17.016 mean_len=83.0
[gat-train] update=794 samples=15880 fps=12.8 loss=30.0142 actor=6.3212 value=23.7208 entropy=2.7822 mean_return=16.958 mean_len=82.7
[gat-train] update=795 samples=15900 fps=12.8 loss=1.1089 actor=0.7614 value=0.3774 entropy=2.9961 mean_return=16.958 mean_len=82.7
[gat-train] update=796 samples=15920 fps=12.8 loss=-0.3672 actor=-0.5435 value=0.2025 entropy=2.6235 mean_return=16.958 mean_len=82.7
[gat-train] update=797 samples=15940 fps=12.8 loss=0.4636 actor=0.3846 value=0.1098 entropy=3.0795 mean_return=16.958 mean_len=82.7
[gat-train] update=798 samples=15960 fps=12.8 loss=0.4432 actor=0.2445 value=0.2259 entropy=2.7277 mean_return=16.958 mean_len=82.7
[gat-train] update=799 samples=15980 fps=12.8 loss=0.7736 actor=0.4773 value=0.3209 entropy=2.4616 mean_return=16.958 mean_len=82.7
[gat-train] update=800 samples=16000 fps=12.8 loss=0.0704 actor=-0.2827 value=0.3789 entropy=2.5842 mean_return=16.958 mean_len=82.7
[gat-train] eval update=800 comp_score=87.79 best=91.59
[gat-train] update=801 samples=16020 fps=12.8 loss=15.7962 actor=3.0604 value=12.7617 entropy=2.5915 mean_return=16.948 mean_len=82.6
[gat-train] update=802 samples=16040 fps=12.8 loss=0.4816 actor=0.1887 value=0.3199 entropy=2.6886 mean_return=16.948 mean_len=82.6
[gat-train] update=803 samples=16060 fps=12.8 loss=-0.5332 actor=-0.8828 value=0.3787 entropy=2.9090 mean_return=16.948 mean_len=82.6
[gat-train] update=804 samples=16080 fps=12.8 loss=-0.3393 actor=-0.4780 value=0.1689 entropy=3.0243 mean_return=16.948 mean_len=82.6
[gat-train] update=805 samples=16100 fps=12.8 loss=-0.6201 actor=-0.9159 value=0.3208 entropy=2.5053 mean_return=16.948 mean_len=82.6
[gat-train] update=806 samples=16120 fps=12.8 loss=-0.1805 actor=-0.4530 value=0.2977 entropy=2.5278 mean_return=16.948 mean_len=82.6
[gat-train] update=807 samples=16140 fps=12.8 loss=-0.3699 actor=-0.7722 value=0.4255 entropy=2.3138 mean_return=16.948 mean_len=82.6
[gat-train] update=808 samples=16160 fps=12.8 loss=14.3590 actor=3.3248 value=11.0650 entropy=3.0787 mean_return=16.923 mean_len=82.6
[gat-train] update=809 samples=16180 fps=12.8 loss=64.3792 actor=9.3938 value=55.0103 entropy=2.4885 mean_return=16.928 mean_len=82.6
[gat-train] update=810 samples=16200 fps=12.8 loss=27.6198 actor=2.4477 value=25.2061 entropy=3.4046 mean_return=16.891 mean_len=82.4
[gat-train] update=811 samples=16220 fps=12.8 loss=1.0123 actor=0.6325 value=0.4075 entropy=2.7742 mean_return=16.891 mean_len=82.4
[gat-train] update=812 samples=16240 fps=12.8 loss=-0.0351 actor=-0.4531 value=0.4465 entropy=2.8500 mean_return=16.891 mean_len=82.4
[gat-train] update=813 samples=16260 fps=12.8 loss=0.3386 actor=0.2717 value=0.0964 entropy=2.9485 mean_return=16.891 mean_len=82.4
[gat-train] update=814 samples=16280 fps=12.8 loss=1.0355 actor=-0.4352 value=1.5006 entropy=2.9942 mean_return=16.891 mean_len=82.4
[gat-train] update=815 samples=16300 fps=12.8 loss=-0.2002 actor=-0.5300 value=0.3613 entropy=3.1525 mean_return=16.891 mean_len=82.4
[gat-train] update=816 samples=16320 fps=12.8 loss=0.1780 actor=-0.0425 value=0.2448 entropy=2.4370 mean_return=16.891 mean_len=82.4
[gat-train] update=817 samples=16340 fps=12.8 loss=16.3884 actor=3.8824 value=12.5354 entropy=2.9382 mean_return=16.850 mean_len=82.3
[gat-train] update=818 samples=16360 fps=12.8 loss=-1.1872 actor=-1.6173 value=0.4592 entropy=2.9082 mean_return=16.850 mean_len=82.3
[gat-train] update=819 samples=16380 fps=12.8 loss=0.0284 actor=-0.2226 value=0.2820 entropy=3.0955 mean_return=16.850 mean_len=82.3
[gat-train] update=820 samples=16400 fps=12.8 loss=-0.5457 actor=-0.6052 value=0.0914 entropy=3.1921 mean_return=16.850 mean_len=82.3
[gat-train] update=821 samples=16420 fps=12.8 loss=-0.1706 actor=-0.4562 value=0.3140 entropy=2.8365 mean_return=16.850 mean_len=82.3
[gat-train] update=822 samples=16440 fps=12.8 loss=0.3600 actor=-0.1655 value=0.5536 entropy=2.8138 mean_return=16.850 mean_len=82.3
[gat-train] update=823 samples=16460 fps=12.8 loss=0.4741 actor=0.2375 value=0.2682 entropy=3.1629 mean_return=16.850 mean_len=82.3
[gat-train] update=824 samples=16480 fps=12.8 loss=25.9611 actor=3.1114 value=22.8786 entropy=2.8907 mean_return=16.810 mean_len=82.2
[gat-train] update=825 samples=16500 fps=12.8 loss=65.0998 actor=8.7229 value=56.4020 entropy=2.5043 mean_return=16.795 mean_len=82.0
[gat-train] update=826 samples=16520 fps=12.8 loss=16.3137 actor=2.7799 value=13.5593 entropy=2.5459 mean_return=16.745 mean_len=81.7
[gat-train] update=827 samples=16540 fps=12.8 loss=-0.1629 actor=-0.3138 value=0.1887 entropy=3.7749 mean_return=16.745 mean_len=81.7
[gat-train] update=828 samples=16560 fps=12.8 loss=0.8358 actor=0.7720 value=0.1022 entropy=3.8451 mean_return=16.745 mean_len=81.7
[gat-train] update=829 samples=16580 fps=12.8 loss=-0.0651 actor=-0.3416 value=0.3003 entropy=2.3844 mean_return=16.745 mean_len=81.7
[gat-train] update=830 samples=16600 fps=12.8 loss=1.0294 actor=0.7830 value=0.2772 entropy=3.0762 mean_return=16.745 mean_len=81.7
[gat-train] update=831 samples=16620 fps=12.8 loss=1.2723 actor=0.8883 value=0.4115 entropy=2.7578 mean_return=16.745 mean_len=81.7
[gat-train] update=832 samples=16640 fps=12.8 loss=-0.0373 actor=-0.4697 value=0.4540 entropy=2.1552 mean_return=16.745 mean_len=81.7
[gat-train] update=833 samples=16660 fps=12.8 loss=38.5688 actor=3.5292 value=35.0658 entropy=2.6190 mean_return=16.739 mean_len=81.8
[gat-train] update=834 samples=16680 fps=12.8 loss=-0.7977 actor=-1.0136 value=0.2480 entropy=3.2097 mean_return=16.739 mean_len=81.8
[gat-train] update=835 samples=16700 fps=12.8 loss=-0.0893 actor=-0.3693 value=0.3088 entropy=2.8930 mean_return=16.739 mean_len=81.8
[gat-train] update=836 samples=16720 fps=12.8 loss=-0.4615 actor=-0.6216 value=0.1866 entropy=2.6443 mean_return=16.739 mean_len=81.8
[gat-train] update=837 samples=16740 fps=12.8 loss=0.3476 actor=0.2518 value=0.1302 entropy=3.4445 mean_return=16.739 mean_len=81.8
[gat-train] update=838 samples=16760 fps=12.8 loss=0.7399 actor=0.1819 value=0.5875 entropy=2.9608 mean_return=16.739 mean_len=81.8
[gat-train] update=839 samples=16780 fps=12.8 loss=12.7418 actor=2.1654 value=10.6052 entropy=2.8810 mean_return=16.706 mean_len=81.6
[gat-train] update=840 samples=16800 fps=12.8 loss=-0.1405 actor=-0.5864 value=0.4755 entropy=2.9523 mean_return=16.706 mean_len=81.6
[gat-train] update=841 samples=16820 fps=12.8 loss=59.6372 actor=7.5959 value=52.0717 entropy=3.0360 mean_return=16.680 mean_len=81.3
[gat-train] update=842 samples=16840 fps=12.8 loss=2.7421 actor=-1.8454 value=4.6159 entropy=2.8464 mean_return=16.680 mean_len=81.3
[gat-train] update=843 samples=16860 fps=12.8 loss=46.6454 actor=7.9596 value=38.7192 entropy=3.3359 mean_return=16.654 mean_len=81.2
[gat-train] update=844 samples=16880 fps=12.8 loss=0.1417 actor=-0.1526 value=0.3322 entropy=3.7938 mean_return=16.654 mean_len=81.2
[gat-train] update=845 samples=16900 fps=12.8 loss=0.3063 actor=-0.1884 value=0.5325 entropy=3.7797 mean_return=16.654 mean_len=81.2
[gat-train] update=846 samples=16920 fps=12.8 loss=-0.2818 actor=-0.3552 value=0.1095 entropy=3.6112 mean_return=16.654 mean_len=81.2
[gat-train] update=847 samples=16940 fps=12.8 loss=-0.7758 actor=-0.9351 value=0.1934 entropy=3.4118 mean_return=16.654 mean_len=81.2
[gat-train] update=848 samples=16960 fps=12.8 loss=-0.0249 actor=-0.1969 value=0.2078 entropy=3.5743 mean_return=16.654 mean_len=81.2
[gat-train] update=849 samples=16980 fps=12.8 loss=2.1138 actor=1.3951 value=0.7558 entropy=3.7194 mean_return=16.654 mean_len=81.2
[gat-train] update=850 samples=17000 fps=12.8 loss=13.8731 actor=0.9217 value=12.9886 entropy=3.7255 mean_return=16.650 mean_len=81.2
[gat-train] eval update=850 comp_score=92.38 best=92.38  *NEW BEST -> PCT-best.pt*
[gat-train] update=851 samples=17020 fps=12.8 loss=-1.0729 actor=-1.6300 value=0.5954 entropy=3.8314 mean_return=16.650 mean_len=81.2
[gat-train] update=852 samples=17040 fps=12.8 loss=-0.0676 actor=-0.2998 value=0.2702 entropy=3.8008 mean_return=16.650 mean_len=81.2
[gat-train] update=853 samples=17060 fps=12.8 loss=0.0553 actor=-0.1714 value=0.2635 entropy=3.6746 mean_return=16.650 mean_len=81.2
[gat-train] update=854 samples=17080 fps=12.8 loss=52.9638 actor=8.5766 value=44.4186 entropy=3.1376 mean_return=16.611 mean_len=81.0
[gat-train] update=855 samples=17100 fps=12.8 loss=-0.3044 actor=-0.7249 value=0.4576 entropy=3.7096 mean_return=16.611 mean_len=81.0
[gat-train] update=856 samples=17120 fps=12.8 loss=59.2374 actor=9.4483 value=49.8219 entropy=3.2815 mean_return=16.593 mean_len=81.0
[gat-train] update=857 samples=17140 fps=12.8 loss=1.4563 actor=0.0579 value=1.4330 entropy=3.4535 mean_return=16.593 mean_len=81.0
[gat-train] update=858 samples=17160 fps=12.8 loss=23.7399 actor=2.5784 value=21.1969 entropy=3.5308 mean_return=16.540 mean_len=80.8
[gat-train] update=859 samples=17180 fps=12.8 loss=-0.9021 actor=-1.0960 value=0.2361 entropy=4.2115 mean_return=16.540 mean_len=80.8
[gat-train] update=860 samples=17200 fps=12.8 loss=0.0734 actor=-0.1836 value=0.2910 entropy=3.3965 mean_return=16.540 mean_len=80.8
[gat-train] update=861 samples=17220 fps=12.8 loss=0.2494 actor=-0.2054 value=0.4856 entropy=3.0731 mean_return=16.540 mean_len=80.8
[gat-train] update=862 samples=17240 fps=12.8 loss=1.4149 actor=0.5663 value=0.8759 entropy=2.7248 mean_return=16.540 mean_len=80.8
[gat-train] update=863 samples=17260 fps=12.8 loss=-0.3279 actor=-0.7703 value=0.4719 entropy=2.9575 mean_return=16.540 mean_len=80.8
[gat-train] update=864 samples=17280 fps=12.8 loss=53.8633 actor=6.7080 value=47.1906 entropy=3.5329 mean_return=16.501 mean_len=80.5
[gat-train] update=865 samples=17300 fps=12.8 loss=0.8543 actor=-0.2056 value=1.0963 entropy=3.6477 mean_return=16.501 mean_len=80.5
[gat-train] update=866 samples=17320 fps=12.8 loss=-1.2289 actor=-1.5948 value=0.4028 entropy=3.6932 mean_return=16.501 mean_len=80.5
[gat-train] update=867 samples=17340 fps=12.8 loss=-0.1761 actor=-0.6153 value=0.4767 entropy=3.7494 mean_return=16.501 mean_len=80.5
[gat-train] update=868 samples=17360 fps=12.8 loss=-1.1267 actor=-1.6792 value=0.5919 entropy=3.9368 mean_return=16.501 mean_len=80.5
[gat-train] update=869 samples=17380 fps=12.8 loss=-0.2416 actor=-0.6476 value=0.4372 entropy=3.1169 mean_return=16.501 mean_len=80.5
[gat-train] update=870 samples=17400 fps=12.8 loss=26.8405 actor=4.5013 value=22.3698 entropy=3.0562 mean_return=16.452 mean_len=80.3
[gat-train] update=871 samples=17420 fps=12.8 loss=0.0014 actor=-1.0860 value=1.1177 entropy=3.0350 mean_return=16.452 mean_len=80.3
[gat-train] update=872 samples=17440 fps=12.8 loss=46.5322 actor=7.1985 value=39.3659 entropy=3.2209 mean_return=16.369 mean_len=79.9
[gat-train] update=873 samples=17460 fps=12.8 loss=-0.5623 actor=-0.8268 value=0.2990 entropy=3.4550 mean_return=16.369 mean_len=79.9
[gat-train] update=874 samples=17480 fps=12.8 loss=0.1528 actor=-0.3759 value=0.5653 entropy=3.6591 mean_return=16.369 mean_len=79.9
[gat-train] update=875 samples=17500 fps=12.8 loss=0.0105 actor=-0.3504 value=0.3916 entropy=3.0805 mean_return=16.369 mean_len=79.9
[gat-train] update=876 samples=17520 fps=12.8 loss=-0.1954 actor=-0.6108 value=0.4500 entropy=3.4633 mean_return=16.369 mean_len=79.9
[gat-train] update=877 samples=17540 fps=12.8 loss=37.2483 actor=6.0658 value=31.2138 entropy=3.1349 mean_return=16.279 mean_len=79.5
[gat-train] update=878 samples=17560 fps=12.8 loss=-0.6448 actor=-1.2753 value=0.6651 entropy=3.4652 mean_return=16.279 mean_len=79.5
[gat-train] update=879 samples=17580 fps=12.8 loss=-0.9873 actor=-1.4706 value=0.5159 entropy=3.2632 mean_return=16.279 mean_len=79.5
[gat-train] update=880 samples=17600 fps=12.8 loss=-0.9306 actor=-1.1669 value=0.2719 entropy=3.5607 mean_return=16.279 mean_len=79.5
[gat-train] update=881 samples=17620 fps=12.8 loss=1.0888 actor=0.6872 value=0.4416 entropy=4.0021 mean_return=16.279 mean_len=79.5
[gat-train] update=882 samples=17640 fps=12.8 loss=-0.4072 actor=-1.0643 value=0.6927 entropy=3.5629 mean_return=16.279 mean_len=79.5
[gat-train] update=883 samples=17660 fps=12.8 loss=-0.7315 actor=-1.1270 value=0.4292 entropy=3.3717 mean_return=16.279 mean_len=79.5
[gat-train] update=884 samples=17680 fps=12.8 loss=-0.7618 actor=-1.2354 value=0.5107 entropy=3.7034 mean_return=16.279 mean_len=79.5
[gat-train] update=885 samples=17700 fps=12.8 loss=0.3248 actor=-0.2567 value=0.6146 entropy=3.3106 mean_return=16.279 mean_len=79.5
[gat-train] update=886 samples=17720 fps=12.8 loss=1.3971 actor=0.6743 value=0.7531 entropy=3.0298 mean_return=16.279 mean_len=79.5
[gat-train] update=887 samples=17740 fps=12.8 loss=31.3932 actor=4.6086 value=26.8102 entropy=2.5584 mean_return=16.243 mean_len=79.4
[gat-train] update=888 samples=17760 fps=12.8 loss=141.7664 actor=17.2838 value=124.5120 entropy=2.9518 mean_return=16.224 mean_len=79.4
[gat-train] update=889 samples=17780 fps=12.8 loss=1.9984 actor=-1.2878 value=3.3218 entropy=3.5517 mean_return=16.224 mean_len=79.4
[gat-train] update=890 samples=17800 fps=12.8 loss=-0.4946 actor=-0.8110 value=0.3535 entropy=3.7155 mean_return=16.224 mean_len=79.4
[gat-train] update=891 samples=17820 fps=12.8 loss=1.2786 actor=0.9078 value=0.4079 entropy=3.7053 mean_return=16.224 mean_len=79.4
[gat-train] update=892 samples=17840 fps=12.8 loss=0.1362 actor=-0.2508 value=0.4235 entropy=3.6396 mean_return=16.224 mean_len=79.4
[gat-train] update=893 samples=17860 fps=12.8 loss=67.0609 actor=11.6103 value=55.4829 entropy=3.2231 mean_return=16.218 mean_len=79.4
[gat-train] update=894 samples=17880 fps=12.8 loss=0.7891 actor=-0.3567 value=1.1802 entropy=3.4330 mean_return=16.218 mean_len=79.4
[gat-train] update=895 samples=17900 fps=12.8 loss=-0.4145 actor=-0.5601 value=0.1804 entropy=3.4919 mean_return=16.218 mean_len=79.4
[gat-train] update=896 samples=17920 fps=12.8 loss=-0.8026 actor=-1.2029 value=0.4347 entropy=3.4387 mean_return=16.218 mean_len=79.4
[gat-train] update=897 samples=17940 fps=12.8 loss=-1.0222 actor=-1.3230 value=0.3384 entropy=3.7530 mean_return=16.218 mean_len=79.4
[gat-train] update=898 samples=17960 fps=12.8 loss=0.4254 actor=0.0707 value=0.3845 entropy=2.9775 mean_return=16.218 mean_len=79.4
[gat-train] update=899 samples=17980 fps=12.8 loss=-0.6100 actor=-0.9325 value=0.3515 entropy=2.8992 mean_return=16.218 mean_len=79.4
[gat-train] update=900 samples=18000 fps=12.8 loss=0.4273 actor=0.0436 value=0.4160 entropy=3.2309 mean_return=16.218 mean_len=79.4
[gat-train] eval update=900 comp_score=91.59 best=92.38
[gat-train] update=901 samples=18020 fps=12.8 loss=-0.3415 actor=-0.8129 value=0.5049 entropy=3.3517 mean_return=16.218 mean_len=79.4
[gat-train] update=902 samples=18040 fps=12.8 loss=0.4842 actor=0.0266 value=0.4849 entropy=2.7261 mean_return=16.218 mean_len=79.4
[gat-train] update=903 samples=18060 fps=12.8 loss=43.9867 actor=6.2990 value=37.7097 entropy=2.2016 mean_return=16.187 mean_len=79.3
[gat-train] update=904 samples=18080 fps=12.8 loss=76.4182 actor=8.6857 value=67.7617 entropy=2.9177 mean_return=16.158 mean_len=79.2
[gat-train] update=905 samples=18100 fps=12.8 loss=0.1945 actor=0.0437 value=0.1831 entropy=3.2221 mean_return=16.158 mean_len=79.2
[gat-train] update=906 samples=18120 fps=12.8 loss=0.2610 actor=0.1061 value=0.1896 entropy=3.4739 mean_return=16.158 mean_len=79.2
[gat-train] update=907 samples=18140 fps=12.8 loss=-0.0158 actor=-0.5937 value=0.6096 entropy=3.1769 mean_return=16.158 mean_len=79.2
[gat-train] update=908 samples=18160 fps=12.8 loss=2.3218 actor=1.6787 value=0.6688 entropy=2.5729 mean_return=16.158 mean_len=79.2
[gat-train] update=909 samples=18180 fps=12.8 loss=26.0772 actor=3.3083 value=22.8027 entropy=3.3862 mean_return=16.125 mean_len=78.9
[gat-train] update=910 samples=18200 fps=12.8 loss=-0.4049 actor=-0.4687 value=0.1000 entropy=3.6207 mean_return=16.125 mean_len=78.9
[gat-train] update=911 samples=18220 fps=12.8 loss=-0.3983 actor=-0.4695 value=0.1078 entropy=3.6619 mean_return=16.125 mean_len=78.9
[gat-train] update=912 samples=18240 fps=12.8 loss=-0.8380 actor=-1.0528 value=0.2499 entropy=3.5115 mean_return=16.125 mean_len=78.9
[gat-train] update=913 samples=18260 fps=12.8 loss=-0.2619 actor=-0.6257 value=0.3921 entropy=2.8272 mean_return=16.125 mean_len=78.9
[gat-train] update=914 samples=18280 fps=12.8 loss=0.8205 actor=0.2004 value=0.6560 entropy=3.5783 mean_return=16.125 mean_len=78.9
[gat-train] update=915 samples=18300 fps=12.8 loss=1.0258 actor=-0.1240 value=1.1812 entropy=3.1335 mean_return=16.125 mean_len=78.9
[gat-train] update=916 samples=18320 fps=12.8 loss=-0.0074 actor=-0.5483 value=0.5730 entropy=3.2025 mean_return=16.125 mean_len=78.9
[gat-train] update=917 samples=18340 fps=12.8 loss=54.3885 actor=6.1732 value=48.2452 entropy=2.9861 mean_return=16.076 mean_len=78.6
[gat-train] update=918 samples=18360 fps=12.8 loss=0.7293 actor=-0.8577 value=1.6160 entropy=2.9009 mean_return=16.076 mean_len=78.6
[gat-train] update=919 samples=18380 fps=12.8 loss=0.0291 actor=-0.1865 value=0.2430 entropy=2.7380 mean_return=16.076 mean_len=78.6
[gat-train] update=920 samples=18400 fps=12.8 loss=83.9779 actor=11.7516 value=72.2603 entropy=3.4007 mean_return=16.075 mean_len=78.6
[gat-train] update=921 samples=18420 fps=12.8 loss=0.2544 actor=-1.0328 value=1.3218 entropy=3.4612 mean_return=16.075 mean_len=78.6
[gat-train] update=922 samples=18440 fps=12.8 loss=0.9850 actor=0.5940 value=0.4282 entropy=3.7136 mean_return=16.075 mean_len=78.6
[gat-train] update=923 samples=18460 fps=12.8 loss=1.2382 actor=0.8830 value=0.3903 entropy=3.5066 mean_return=16.075 mean_len=78.6
[gat-train] update=924 samples=18480 fps=12.8 loss=22.3934 actor=3.0217 value=19.4070 entropy=3.5361 mean_return=16.056 mean_len=78.4
[gat-train] update=925 samples=18500 fps=12.8 loss=1.2029 actor=0.6683 value=0.5631 entropy=2.8533 mean_return=16.056 mean_len=78.4
[gat-train] update=926 samples=18520 fps=12.8 loss=-0.4468 actor=-0.7603 value=0.3502 entropy=3.6636 mean_return=16.056 mean_len=78.4
[gat-train] update=927 samples=18540 fps=12.8 loss=0.5336 actor=0.2914 value=0.2787 entropy=3.6441 mean_return=16.056 mean_len=78.4
[gat-train] update=928 samples=18560 fps=12.8 loss=-0.8728 actor=-1.1289 value=0.2902 entropy=3.3999 mean_return=16.056 mean_len=78.4
[gat-train] update=929 samples=18580 fps=12.8 loss=0.7901 actor=0.3719 value=0.4476 entropy=2.9381 mean_return=16.056 mean_len=78.4
[gat-train] update=930 samples=18600 fps=12.8 loss=0.6446 actor=-0.4369 value=1.1134 entropy=3.1890 mean_return=16.056 mean_len=78.4
[gat-train] update=931 samples=18620 fps=12.8 loss=0.2464 actor=-0.0256 value=0.3028 entropy=3.0737 mean_return=16.056 mean_len=78.4
[gat-train] update=932 samples=18640 fps=12.8 loss=69.9972 actor=11.1604 value=58.8723 entropy=3.5529 mean_return=16.022 mean_len=78.2
[gat-train] update=933 samples=18660 fps=12.8 loss=1.8277 actor=0.4711 value=1.3896 entropy=3.3013 mean_return=16.022 mean_len=78.2
[gat-train] update=934 samples=18680 fps=12.8 loss=-0.7053 actor=-1.5112 value=0.8407 entropy=3.4837 mean_return=16.022 mean_len=78.2
[gat-train] update=935 samples=18700 fps=12.8 loss=72.8379 actor=13.0143 value=59.8564 entropy=3.2820 mean_return=16.056 mean_len=78.2
[gat-train] update=936 samples=18720 fps=12.8 loss=37.4881 actor=4.8688 value=32.6524 entropy=3.3112 mean_return=16.052 mean_len=78.1
[gat-train] update=937 samples=18740 fps=12.8 loss=0.6890 actor=-0.3867 value=1.1121 entropy=3.6378 mean_return=16.052 mean_len=78.1
[gat-train] update=938 samples=18760 fps=12.8 loss=0.6043 actor=0.4149 value=0.2245 entropy=3.5045 mean_return=16.052 mean_len=78.1
[gat-train] update=939 samples=18780 fps=12.8 loss=0.2042 actor=-0.0093 value=0.2501 entropy=3.6667 mean_return=16.052 mean_len=78.1
[gat-train] update=940 samples=18800 fps=12.8 loss=29.0690 actor=3.3223 value=25.7819 entropy=3.5203 mean_return=16.037 mean_len=78.0
[gat-train] update=941 samples=18820 fps=12.8 loss=2.0645 actor=0.7961 value=1.3029 entropy=3.4520 mean_return=16.037 mean_len=78.0
[gat-train] update=942 samples=18840 fps=12.8 loss=1.8106 actor=-0.0666 value=1.9097 entropy=3.2550 mean_return=16.037 mean_len=78.0
[gat-train] update=943 samples=18860 fps=12.8 loss=2.0828 actor=1.2036 value=0.9122 entropy=3.3039 mean_return=16.037 mean_len=78.0
[gat-train] update=944 samples=18880 fps=12.8 loss=7.7087 actor=1.0660 value=6.6749 entropy=3.2175 mean_return=15.919 mean_len=77.2
[gat-train] update=945 samples=18900 fps=12.8 loss=0.2581 actor=-0.1118 value=0.4096 entropy=3.9648 mean_return=15.919 mean_len=77.2
[gat-train] update=946 samples=18920 fps=12.8 loss=-0.9422 actor=-1.7369 value=0.8284 entropy=3.3729 mean_return=15.919 mean_len=77.2
[gat-train] update=947 samples=18940 fps=12.8 loss=-0.5783 actor=-1.3260 value=0.7796 entropy=3.1917 mean_return=15.919 mean_len=77.2
[gat-train] update=948 samples=18960 fps=12.8 loss=0.1478 actor=0.0186 value=0.1514 entropy=2.2232 mean_return=15.919 mean_len=77.2
[gat-train] update=949 samples=18980 fps=12.8 loss=14.3826 actor=2.0744 value=12.3416 entropy=3.3356 mean_return=15.906 mean_len=77.2
[gat-train] update=950 samples=19000 fps=12.8 loss=32.0658 actor=5.1463 value=26.9510 entropy=3.1470 mean_return=15.914 mean_len=77.2
[gat-train] eval update=950 comp_score=89.26 best=92.38
[gat-train] update=951 samples=19020 fps=12.8 loss=-1.3313 actor=-1.9248 value=0.6310 entropy=3.7468 mean_return=15.914 mean_len=77.2
[gat-train] update=952 samples=19040 fps=12.8 loss=-0.6498 actor=-0.7595 value=0.1470 entropy=3.7317 mean_return=15.914 mean_len=77.2
[gat-train] update=953 samples=19060 fps=12.8 loss=-0.1955 actor=-0.6267 value=0.4714 entropy=4.0155 mean_return=15.914 mean_len=77.2
[gat-train] update=954 samples=19080 fps=12.8 loss=-0.6304 actor=-1.2527 value=0.6551 entropy=3.2821 mean_return=15.914 mean_len=77.2
[gat-train] update=955 samples=19100 fps=12.8 loss=-0.2849 actor=-1.3979 value=1.1458 entropy=3.2730 mean_return=15.914 mean_len=77.2
[gat-train] update=956 samples=19120 fps=12.8 loss=73.5703 actor=11.1871 value=62.4118 entropy=2.8562 mean_return=15.962 mean_len=77.7
[gat-train] update=957 samples=19140 fps=12.8 loss=-0.6921 actor=-2.3454 value=1.6852 entropy=3.1914 mean_return=15.962 mean_len=77.7
[gat-train] update=958 samples=19160 fps=12.8 loss=2.8464 actor=1.4848 value=1.3931 entropy=3.1462 mean_return=15.962 mean_len=77.7
[gat-train] update=959 samples=19180 fps=12.8 loss=-0.5350 actor=-1.3449 value=0.8402 entropy=3.0238 mean_return=15.962 mean_len=77.7
[gat-train] update=960 samples=19200 fps=12.8 loss=40.5588 actor=4.9281 value=35.6601 entropy=2.9441 mean_return=15.976 mean_len=77.7
[gat-train] update=961 samples=19220 fps=12.8 loss=-1.2025 actor=-2.5503 value=1.3828 entropy=3.4968 mean_return=15.976 mean_len=77.7
[gat-train] update=962 samples=19240 fps=12.8 loss=0.9292 actor=0.7735 value=0.1857 entropy=3.0062 mean_return=15.976 mean_len=77.7
[gat-train] update=963 samples=19260 fps=12.8 loss=32.2954 actor=4.7245 value=27.6065 entropy=3.5530 mean_return=15.997 mean_len=77.7
[gat-train] update=964 samples=19280 fps=12.8 loss=0.3142 actor=-0.4930 value=0.8418 entropy=3.4607 mean_return=15.997 mean_len=77.7
[gat-train] update=965 samples=19300 fps=12.8 loss=11.8089 actor=1.6186 value=10.2289 entropy=3.8635 mean_return=16.000 mean_len=77.6
[gat-train] update=966 samples=19320 fps=12.8 loss=-1.0100 actor=-1.5172 value=0.5442 entropy=3.7032 mean_return=16.000 mean_len=77.6
[gat-train] update=967 samples=19340 fps=12.8 loss=-1.7047 actor=-2.2241 value=0.5564 entropy=3.6963 mean_return=16.000 mean_len=77.6
[gat-train] update=968 samples=19360 fps=12.8 loss=0.9027 actor=0.3449 value=0.5954 entropy=3.7617 mean_return=16.000 mean_len=77.6
[gat-train] update=969 samples=19380 fps=12.8 loss=1.9453 actor=1.2597 value=0.7164 entropy=3.0738 mean_return=16.000 mean_len=77.6
[gat-train] update=970 samples=19400 fps=12.8 loss=53.3215 actor=7.3270 value=46.0244 entropy=2.9887 mean_return=15.968 mean_len=77.4
[gat-train] update=971 samples=19420 fps=12.8 loss=-0.0507 actor=-1.5304 value=1.5129 entropy=3.3127 mean_return=15.968 mean_len=77.4
[gat-train] update=972 samples=19440 fps=12.8 loss=-0.2492 actor=-1.0248 value=0.8127 entropy=3.7188 mean_return=15.968 mean_len=77.4
[gat-train] update=973 samples=19460 fps=12.8 loss=-0.9120 actor=-1.7364 value=0.8608 entropy=3.6443 mean_return=15.968 mean_len=77.4
[gat-train] update=974 samples=19480 fps=12.8 loss=2.4861 actor=1.6038 value=0.9171 entropy=3.4802 mean_return=15.968 mean_len=77.4
[gat-train] update=975 samples=19500 fps=12.8 loss=47.5572 actor=4.2249 value=43.3660 entropy=3.3682 mean_return=15.940 mean_len=77.2
[gat-train] update=976 samples=19520 fps=12.8 loss=-0.9813 actor=-2.2952 value=1.3480 entropy=3.4090 mean_return=15.940 mean_len=77.2
[gat-train] update=977 samples=19540 fps=12.8 loss=4.4437 actor=2.8007 value=1.6784 entropy=3.5363 mean_return=15.940 mean_len=77.2
[gat-train] update=978 samples=19560 fps=12.8 loss=23.0780 actor=4.1837 value=18.9301 entropy=3.5826 mean_return=15.905 mean_len=76.8
[gat-train] update=979 samples=19580 fps=12.8 loss=-0.4155 actor=-0.7840 value=0.4085 entropy=3.9975 mean_return=15.905 mean_len=76.8
[gat-train] update=980 samples=19600 fps=12.8 loss=0.4526 actor=0.0016 value=0.4888 entropy=3.7827 mean_return=15.905 mean_len=76.8
[gat-train] update=981 samples=19620 fps=12.8 loss=0.7461 actor=0.5437 value=0.2423 entropy=3.9909 mean_return=15.905 mean_len=76.8
[gat-train] update=982 samples=19640 fps=12.8 loss=-0.6790 actor=-1.1571 value=0.5204 entropy=4.2304 mean_return=15.905 mean_len=76.8
[gat-train] update=983 samples=19660 fps=12.8 loss=1.3079 actor=0.8332 value=0.5132 entropy=3.8549 mean_return=15.905 mean_len=76.8
[gat-train] update=984 samples=19680 fps=12.8 loss=0.3453 actor=-0.1888 value=0.5724 entropy=3.8274 mean_return=15.905 mean_len=76.8
[gat-train] update=985 samples=19700 fps=12.8 loss=19.9856 actor=1.5928 value=18.4286 entropy=3.5729 mean_return=15.879 mean_len=76.7
[gat-train] update=986 samples=19720 fps=12.8 loss=1.9118 actor=1.0815 value=0.8694 entropy=3.9010 mean_return=15.879 mean_len=76.7
[gat-train] update=987 samples=19740 fps=12.8 loss=0.8170 actor=0.4440 value=0.4090 entropy=3.5985 mean_return=15.879 mean_len=76.7
[gat-train] update=988 samples=19760 fps=12.8 loss=1.4600 actor=1.1094 value=0.3858 entropy=3.5263 mean_return=15.879 mean_len=76.7
[gat-train] update=989 samples=19780 fps=12.8 loss=58.9630 actor=8.5887 value=50.4086 entropy=3.4281 mean_return=15.849 mean_len=76.6
[gat-train] update=990 samples=19800 fps=12.8 loss=6.0782 actor=3.1140 value=2.9987 entropy=3.4556 mean_return=15.849 mean_len=76.6
[gat-train] update=991 samples=19820 fps=12.8 loss=9.5851 actor=-0.6649 value=10.2836 entropy=3.3603 mean_return=15.799 mean_len=76.3
[gat-train] update=992 samples=19840 fps=12.8 loss=0.4396 actor=-0.0783 value=0.5570 entropy=3.9117 mean_return=15.799 mean_len=76.3
[gat-train] update=993 samples=19860 fps=12.8 loss=13.1159 actor=1.5509 value=11.6048 entropy=3.9788 mean_return=15.801 mean_len=76.2
[gat-train] update=994 samples=19880 fps=12.8 loss=1.4192 actor=1.0668 value=0.3895 entropy=3.7114 mean_return=15.801 mean_len=76.2
[gat-train] update=995 samples=19900 fps=12.8 loss=-0.6229 actor=-1.1557 value=0.5743 entropy=4.1467 mean_return=15.801 mean_len=76.2
[gat-train] update=996 samples=19920 fps=12.8 loss=-1.3014 actor=-1.6498 value=0.3858 entropy=3.7460 mean_return=15.801 mean_len=76.2
[gat-train] update=997 samples=19940 fps=12.8 loss=-0.5382 actor=-0.7475 value=0.2464 entropy=3.7118 mean_return=15.801 mean_len=76.2
[gat-train] update=998 samples=19960 fps=12.8 loss=0.1614 actor=-0.5068 value=0.6998 entropy=3.1604 mean_return=15.801 mean_len=76.2
[gat-train] update=999 samples=19980 fps=12.9 loss=25.3219 actor=5.5427 value=19.8129 entropy=3.3706 mean_return=15.756 mean_len=76.0
[gat-train] update=1000 samples=20000 fps=12.9 loss=-1.1731 actor=-2.6356 value=1.4998 entropy=3.7315 mean_return=15.756 mean_len=76.0
[gat-train] eval update=1000 comp_score=88.97 best=92.38
[gat-train] update=1001 samples=20020 fps=12.8 loss=0.2251 actor=0.0721 value=0.1949 entropy=4.1902 mean_return=15.756 mean_len=76.0
[gat-train] update=1002 samples=20040 fps=12.8 loss=-0.7906 actor=-1.2260 value=0.4737 entropy=3.8290 mean_return=15.756 mean_len=76.0
[gat-train] update=1003 samples=20060 fps=12.8 loss=2.4859 actor=1.2092 value=1.3073 entropy=3.0661 mean_return=15.756 mean_len=76.0
[gat-train] update=1004 samples=20080 fps=12.8 loss=86.9700 actor=11.2768 value=75.7186 entropy=2.5274 mean_return=15.740 mean_len=75.7
[gat-train] update=1005 samples=20100 fps=12.8 loss=1.0557 actor=-1.0146 value=2.1012 entropy=3.0861 mean_return=15.740 mean_len=75.7
[gat-train] update=1006 samples=20120 fps=12.8 loss=0.2364 actor=-0.6040 value=0.8776 entropy=3.7199 mean_return=15.740 mean_len=75.7
[gat-train] update=1007 samples=20140 fps=12.8 loss=57.4610 actor=7.7522 value=49.7408 entropy=3.2072 mean_return=15.718 mean_len=75.5
[gat-train] update=1008 samples=20160 fps=12.8 loss=-0.4533 actor=-2.3533 value=1.9386 entropy=3.8588 mean_return=15.718 mean_len=75.5
[gat-train] update=1009 samples=20180 fps=12.8 loss=0.4562 actor=0.2735 value=0.2209 entropy=3.8232 mean_return=15.718 mean_len=75.5
[gat-train] update=1010 samples=20200 fps=12.8 loss=0.3205 actor=-0.0385 value=0.3954 entropy=3.6473 mean_return=15.718 mean_len=75.5
[gat-train] update=1011 samples=20220 fps=12.8 loss=0.6397 actor=0.3561 value=0.3167 entropy=3.3085 mean_return=15.718 mean_len=75.5
[gat-train] update=1012 samples=20240 fps=12.8 loss=16.1927 actor=0.5784 value=15.6463 entropy=3.1946 mean_return=15.684 mean_len=75.2
[gat-train] update=1013 samples=20260 fps=12.8 loss=-0.3084 actor=-0.5342 value=0.2648 entropy=3.9077 mean_return=15.684 mean_len=75.2
[gat-train] update=1014 samples=20280 fps=12.8 loss=-0.4991 actor=-1.1117 value=0.6501 entropy=3.7522 mean_return=15.684 mean_len=75.2
[gat-train] update=1015 samples=20300 fps=12.8 loss=0.2214 actor=-0.3290 value=0.5855 entropy=3.5158 mean_return=15.684 mean_len=75.2
[gat-train] update=1016 samples=20320 fps=12.8 loss=0.4962 actor=-0.1679 value=0.6969 entropy=3.2809 mean_return=15.684 mean_len=75.2
[gat-train] update=1017 samples=20340 fps=12.8 loss=0.5146 actor=0.3313 value=0.2130 entropy=2.9638 mean_return=15.684 mean_len=75.2
[gat-train] update=1018 samples=20360 fps=12.8 loss=40.2566 actor=7.6234 value=32.6659 entropy=3.2674 mean_return=15.661 mean_len=75.0
[gat-train] update=1019 samples=20380 fps=12.8 loss=54.0347 actor=5.6447 value=48.4239 entropy=3.3960 mean_return=15.636 mean_len=74.9
[gat-train] update=1020 samples=20400 fps=12.8 loss=3.8872 actor=-0.4970 value=4.4220 entropy=3.7847 mean_return=15.636 mean_len=74.9
[gat-train] update=1021 samples=20420 fps=12.8 loss=1.3164 actor=0.9322 value=0.4218 entropy=3.7617 mean_return=15.636 mean_len=74.9
[gat-train] update=1022 samples=20440 fps=12.8 loss=1.5848 actor=1.1358 value=0.4860 entropy=3.7099 mean_return=15.636 mean_len=74.9
[gat-train] update=1023 samples=20460 fps=12.8 loss=1.7652 actor=1.3300 value=0.4705 entropy=3.5258 mean_return=15.636 mean_len=74.9
[gat-train] update=1024 samples=20480 fps=12.9 loss=26.9080 actor=3.0678 value=23.8748 entropy=3.4546 mean_return=15.637 mean_len=75.1
[gat-train] update=1025 samples=20500 fps=12.9 loss=-0.6016 actor=-1.4616 value=0.8989 entropy=3.8857 mean_return=15.637 mean_len=75.1
[gat-train] update=1026 samples=20520 fps=12.9 loss=56.8061 actor=9.2208 value=47.6210 entropy=3.5659 mean_return=15.587 mean_len=74.9
[gat-train] update=1027 samples=20540 fps=12.9 loss=-0.4009 actor=-1.7857 value=1.4254 entropy=4.0630 mean_return=15.587 mean_len=74.9
[gat-train] update=1028 samples=20560 fps=12.9 loss=-0.4907 actor=-0.6946 value=0.2458 entropy=4.1955 mean_return=15.587 mean_len=74.9
[gat-train] update=1029 samples=20580 fps=12.9 loss=-0.9547 actor=-1.4941 value=0.5794 entropy=4.0125 mean_return=15.587 mean_len=74.9
[gat-train] update=1030 samples=20600 fps=12.9 loss=1.2138 actor=0.2990 value=0.9469 entropy=3.2213 mean_return=15.587 mean_len=74.9
[gat-train] update=1031 samples=20620 fps=12.9 loss=1.6200 actor=0.7012 value=0.9520 entropy=3.3183 mean_return=15.305 mean_len=74.3
[gat-train] update=1032 samples=20640 fps=12.9 loss=-0.3448 actor=-0.6686 value=0.3600 entropy=3.6162 mean_return=15.305 mean_len=74.3
[gat-train] update=1033 samples=20660 fps=12.9 loss=-0.5834 actor=-0.7462 value=0.1979 entropy=3.5021 mean_return=15.305 mean_len=74.3
[gat-train] update=1034 samples=20680 fps=12.9 loss=12.4959 actor=2.3459 value=10.1892 entropy=3.9190 mean_return=15.258 mean_len=74.2
[gat-train] update=1035 samples=20700 fps=12.9 loss=-1.5264 actor=-3.0479 value=1.5613 entropy=3.9728 mean_return=15.258 mean_len=74.2
[gat-train] update=1036 samples=20720 fps=12.9 loss=3.5262 actor=2.6277 value=0.9385 entropy=4.0030 mean_return=15.258 mean_len=74.2
[gat-train] update=1037 samples=20740 fps=12.9 loss=0.7115 actor=0.2246 value=0.5238 entropy=3.6899 mean_return=15.258 mean_len=74.2
[gat-train] update=1038 samples=20760 fps=12.9 loss=1.0256 actor=0.5526 value=0.5058 entropy=3.2762 mean_return=15.258 mean_len=74.2
[gat-train] update=1039 samples=20780 fps=12.9 loss=12.5728 actor=0.7968 value=11.8077 entropy=3.1770 mean_return=15.243 mean_len=74.1
[gat-train] update=1040 samples=20800 fps=12.9 loss=49.5864 actor=6.2984 value=43.3242 entropy=3.6179 mean_return=15.226 mean_len=74.0
[gat-train] update=1041 samples=20820 fps=12.9 loss=3.1312 actor=1.2626 value=1.9090 entropy=4.0347 mean_return=15.226 mean_len=74.0
[gat-train] update=1042 samples=20840 fps=12.9 loss=1.7978 actor=1.0899 value=0.7464 entropy=3.8498 mean_return=15.226 mean_len=74.0
[gat-train] update=1043 samples=20860 fps=12.9 loss=-0.3709 actor=-1.0619 value=0.7270 entropy=3.6066 mean_return=15.226 mean_len=74.0
[gat-train] update=1044 samples=20880 fps=12.9 loss=0.0248 actor=-0.2413 value=0.3067 entropy=4.0588 mean_return=15.226 mean_len=74.0
[gat-train] update=1045 samples=20900 fps=12.9 loss=19.8782 actor=3.6263 value=16.2896 entropy=3.7679 mean_return=15.221 mean_len=73.9
[gat-train] update=1046 samples=20920 fps=12.9 loss=-0.1333 actor=-0.5462 value=0.4466 entropy=3.3677 mean_return=15.221 mean_len=73.9
[gat-train] update=1047 samples=20940 fps=12.9 loss=16.7014 actor=1.5606 value=15.1795 entropy=3.8616 mean_return=15.188 mean_len=73.8
[gat-train] update=1048 samples=20960 fps=12.9 loss=0.2668 actor=-0.2495 value=0.5584 entropy=4.2124 mean_return=15.188 mean_len=73.8
[gat-train] update=1049 samples=20980 fps=12.9 loss=-1.7512 actor=-2.2173 value=0.5068 entropy=4.0743 mean_return=15.188 mean_len=73.8
[gat-train] update=1050 samples=21000 fps=12.9 loss=0.3617 actor=0.2427 value=0.1590 entropy=3.9979 mean_return=15.188 mean_len=73.8
[gat-train] eval update=1050 comp_score=89.65 best=92.38
[gat-train] update=1051 samples=21020 fps=12.8 loss=0.3580 actor=0.0189 value=0.3791 entropy=3.9978 mean_return=15.188 mean_len=73.8
[gat-train] update=1052 samples=21040 fps=12.8 loss=0.5876 actor=-0.0764 value=0.6992 entropy=3.5223 mean_return=15.188 mean_len=73.8
[gat-train] update=1053 samples=21060 fps=12.8 loss=44.4203 actor=7.5614 value=36.8932 entropy=3.4340 mean_return=15.171 mean_len=73.7
[gat-train] update=1054 samples=21080 fps=12.8 loss=2.0772 actor=-0.1011 value=2.2158 entropy=3.7484 mean_return=15.171 mean_len=73.7
[gat-train] update=1055 samples=21100 fps=12.8 loss=32.4560 actor=4.5564 value=27.9370 entropy=3.7415 mean_return=15.175 mean_len=73.6
[gat-train] update=1056 samples=21120 fps=12.8 loss=0.5744 actor=-0.2147 value=0.8294 entropy=4.0194 mean_return=15.175 mean_len=73.6
[gat-train] update=1057 samples=21140 fps=12.8 loss=0.4015 actor=-0.2562 value=0.6949 entropy=3.7147 mean_return=15.175 mean_len=73.6
[gat-train] update=1058 samples=21160 fps=12.8 loss=2.8061 actor=2.1910 value=0.6545 entropy=3.9369 mean_return=15.175 mean_len=73.6
[gat-train] update=1059 samples=21180 fps=12.8 loss=-0.7658 actor=-2.0702 value=1.3348 entropy=3.0496 mean_return=15.175 mean_len=73.6
[gat-train] update=1060 samples=21200 fps=12.9 loss=33.8510 actor=5.5588 value=28.3215 entropy=2.9331 mean_return=15.199 mean_len=73.7
[gat-train] update=1061 samples=21220 fps=12.8 loss=-1.2121 actor=-2.4000 value=1.2213 entropy=3.3405 mean_return=15.199 mean_len=73.7
[gat-train] update=1062 samples=21240 fps=12.9 loss=32.6336 actor=4.8551 value=27.8143 entropy=3.5756 mean_return=15.217 mean_len=74.0
[gat-train] update=1063 samples=21260 fps=12.9 loss=-1.3027 actor=-1.9650 value=0.7014 entropy=3.9164 mean_return=15.217 mean_len=74.0
[gat-train] update=1064 samples=21280 fps=12.9 loss=0.4958 actor=0.0392 value=0.4938 entropy=3.7184 mean_return=15.217 mean_len=74.0
[gat-train] update=1065 samples=21300 fps=12.9 loss=1.0674 actor=0.8042 value=0.3004 entropy=3.7238 mean_return=15.217 mean_len=74.0
[gat-train] update=1066 samples=21320 fps=12.9 loss=-0.3460 actor=-0.8345 value=0.5240 entropy=3.5402 mean_return=15.217 mean_len=74.0
[gat-train] update=1067 samples=21340 fps=12.9 loss=2.9853 actor=2.1699 value=0.8455 entropy=3.0119 mean_return=15.217 mean_len=74.0
[gat-train] update=1068 samples=21360 fps=12.9 loss=30.6538 actor=2.9671 value=27.7138 entropy=2.7127 mean_return=15.199 mean_len=73.7
[gat-train] update=1069 samples=21380 fps=12.9 loss=47.8819 actor=8.8035 value=39.1157 entropy=3.7207 mean_return=15.142 mean_len=73.5
[gat-train] update=1070 samples=21400 fps=12.9 loss=-1.1756 actor=-2.3865 value=1.2507 entropy=3.9780 mean_return=15.142 mean_len=73.5
[gat-train] update=1071 samples=21420 fps=12.9 loss=2.4331 actor=1.8869 value=0.5827 entropy=3.6452 mean_return=15.142 mean_len=73.5
[gat-train] update=1072 samples=21440 fps=12.9 loss=0.0643 actor=-0.7055 value=0.8049 entropy=3.5140 mean_return=15.142 mean_len=73.5
[gat-train] update=1073 samples=21460 fps=12.9 loss=-1.7275 actor=-4.1251 value=2.4311 entropy=3.3517 mean_return=15.142 mean_len=73.5
[gat-train] update=1074 samples=21480 fps=12.9 loss=24.5423 actor=3.8322 value=20.7400 entropy=2.9888 mean_return=15.099 mean_len=73.2
[gat-train] update=1075 samples=21500 fps=12.9 loss=15.4713 actor=1.5876 value=13.9208 entropy=3.7051 mean_return=15.030 mean_len=72.9
[gat-train] update=1076 samples=21520 fps=12.9 loss=-0.3995 actor=-1.1470 value=0.7890 entropy=4.1525 mean_return=15.030 mean_len=72.9
[gat-train] update=1077 samples=21540 fps=12.9 loss=0.1525 actor=-0.2667 value=0.4618 entropy=4.2613 mean_return=15.030 mean_len=72.9
[gat-train] update=1078 samples=21560 fps=12.9 loss=-0.7024 actor=-0.9833 value=0.3191 entropy=3.8073 mean_return=15.030 mean_len=72.9
[gat-train] update=1079 samples=21580 fps=12.9 loss=-0.3223 actor=-0.6395 value=0.3561 entropy=3.8991 mean_return=15.030 mean_len=72.9
[gat-train] update=1080 samples=21600 fps=12.9 loss=6.9371 actor=3.4429 value=3.5284 entropy=3.4187 mean_return=14.909 mean_len=71.9
[gat-train] update=1081 samples=21620 fps=12.9 loss=-1.3641 actor=-3.0116 value=1.6821 entropy=3.4649 mean_return=14.909 mean_len=71.9
[gat-train] update=1082 samples=21640 fps=12.9 loss=43.2598 actor=7.3600 value=35.9378 entropy=3.7952 mean_return=14.851 mean_len=71.8
[gat-train] update=1083 samples=21660 fps=12.9 loss=0.6519 actor=-0.2612 value=0.9466 entropy=3.3558 mean_return=14.851 mean_len=71.8
[gat-train] update=1084 samples=21680 fps=12.9 loss=-0.5625 actor=-1.6654 value=1.1376 entropy=3.4811 mean_return=14.851 mean_len=71.8
[gat-train] update=1085 samples=21700 fps=12.9 loss=59.9792 actor=9.3328 value=50.6857 entropy=3.9304 mean_return=14.851 mean_len=71.8
[gat-train] update=1086 samples=21720 fps=12.9 loss=0.4351 actor=-0.2762 value=0.7529 entropy=4.1598 mean_return=14.851 mean_len=71.8
[gat-train] update=1087 samples=21740 fps=12.9 loss=-1.4312 actor=-2.0302 value=0.6408 entropy=4.1723 mean_return=14.851 mean_len=71.8
[gat-train] update=1088 samples=21760 fps=12.9 loss=2.5838 actor=1.8390 value=0.7871 entropy=4.2338 mean_return=14.851 mean_len=71.8
[gat-train] update=1089 samples=21780 fps=12.9 loss=0.0906 actor=-0.2599 value=0.3854 entropy=3.4985 mean_return=14.851 mean_len=71.8
[gat-train] update=1090 samples=21800 fps=12.9 loss=32.6466 actor=4.9131 value=27.7703 entropy=3.6796 mean_return=14.824 mean_len=71.8
[gat-train] update=1091 samples=21820 fps=12.9 loss=-0.7485 actor=-0.9097 value=0.2007 entropy=3.9462 mean_return=14.824 mean_len=71.8
[gat-train] update=1092 samples=21840 fps=12.9 loss=-0.9211 actor=-1.7524 value=0.8684 entropy=3.7061 mean_return=14.824 mean_len=71.8
[gat-train] update=1093 samples=21860 fps=12.9 loss=-2.0957 actor=-2.7359 value=0.6788 entropy=3.8628 mean_return=14.824 mean_len=71.8
[gat-train] update=1094 samples=21880 fps=12.9 loss=-0.4654 actor=-1.4035 value=0.9736 entropy=3.5524 mean_return=14.824 mean_len=71.8
[gat-train] update=1095 samples=21900 fps=12.9 loss=47.4538 actor=9.0109 value=38.4818 entropy=3.9019 mean_return=14.834 mean_len=71.9
[gat-train] update=1096 samples=21920 fps=12.9 loss=1.5761 actor=0.3988 value=1.2141 entropy=3.6830 mean_return=14.834 mean_len=71.9
[gat-train] update=1097 samples=21940 fps=12.9 loss=58.8460 actor=10.3688 value=48.5121 entropy=3.4886 mean_return=14.825 mean_len=71.8
[gat-train] update=1098 samples=21960 fps=12.9 loss=-1.2497 actor=-3.2845 value=2.0710 entropy=3.6206 mean_return=14.825 mean_len=71.8
[gat-train] update=1099 samples=21980 fps=12.9 loss=2.4270 actor=1.7238 value=0.7404 entropy=3.7259 mean_return=14.825 mean_len=71.8
[gat-train] update=1100 samples=22000 fps=12.9 loss=46.2768 actor=7.1814 value=39.1305 entropy=3.5139 mean_return=14.795 mean_len=71.7
[gat-train] eval update=1100 comp_score=92.24 best=92.38
[gat-train] update=1101 samples=22020 fps=12.9 loss=-0.2653 actor=-0.3727 value=0.1494 entropy=4.1936 mean_return=14.795 mean_len=71.7
[gat-train] update=1102 samples=22040 fps=12.9 loss=1.1259 actor=0.6534 value=0.5129 entropy=4.0346 mean_return=14.795 mean_len=71.7
[gat-train] update=1103 samples=22060 fps=12.9 loss=0.2609 actor=-0.2020 value=0.4988 entropy=3.5917 mean_return=14.795 mean_len=71.7
[gat-train] update=1104 samples=22080 fps=12.9 loss=0.0285 actor=-0.1419 value=0.2059 entropy=3.5550 mean_return=14.795 mean_len=71.7
[gat-train] update=1105 samples=22100 fps=12.9 loss=12.2686 actor=2.3676 value=9.9417 entropy=4.0737 mean_return=14.788 mean_len=71.6
[gat-train] update=1106 samples=22120 fps=12.9 loss=4.0610 actor=3.1439 value=0.9597 entropy=4.2582 mean_return=14.788 mean_len=71.6
[gat-train] update=1107 samples=22140 fps=12.9 loss=-0.7001 actor=-1.2676 value=0.6074 entropy=3.9827 mean_return=14.788 mean_len=71.6
[gat-train] update=1108 samples=22160 fps=12.9 loss=0.1614 actor=0.0895 value=0.1116 entropy=3.9783 mean_return=14.788 mean_len=71.6
[gat-train] update=1109 samples=22180 fps=12.9 loss=-1.4940 actor=-2.8928 value=1.4315 entropy=3.2671 mean_return=14.788 mean_len=71.6
[gat-train] update=1110 samples=22200 fps=12.9 loss=1.7129 actor=0.9504 value=0.7960 entropy=3.3479 mean_return=14.788 mean_len=71.6
[gat-train] update=1111 samples=22220 fps=12.9 loss=20.6006 actor=2.4629 value=18.1744 entropy=3.6688 mean_return=14.742 mean_len=71.4
[gat-train] update=1112 samples=22240 fps=12.9 loss=0.6184 actor=0.3199 value=0.3388 entropy=4.0273 mean_return=14.742 mean_len=71.4
[gat-train] update=1113 samples=22260 fps=12.9 loss=1.2232 actor=0.6144 value=0.6449 entropy=3.6118 mean_return=14.742 mean_len=71.4
[gat-train] update=1114 samples=22280 fps=12.9 loss=0.2808 actor=0.1653 value=0.1520 entropy=3.6548 mean_return=14.742 mean_len=71.4
[gat-train] update=1115 samples=22300 fps=12.9 loss=41.5431 actor=3.8880 value=37.6901 entropy=3.4972 mean_return=14.730 mean_len=71.3
[gat-train] update=1116 samples=22320 fps=12.9 loss=0.3957 actor=0.1147 value=0.3181 entropy=3.7168 mean_return=14.730 mean_len=71.3
[gat-train] update=1117 samples=22340 fps=12.9 loss=19.9460 actor=5.2799 value=14.7049 entropy=3.8774 mean_return=14.669 mean_len=71.0
[gat-train] update=1118 samples=22360 fps=12.9 loss=0.8706 actor=-0.4057 value=1.3117 entropy=3.5372 mean_return=14.669 mean_len=71.0
[gat-train] update=1119 samples=22380 fps=12.9 loss=1.4688 actor=-0.3734 value=1.8791 entropy=3.6903 mean_return=14.669 mean_len=71.0
[gat-train] update=1120 samples=22400 fps=12.9 loss=-0.6997 actor=-1.4567 value=0.7965 entropy=3.9449 mean_return=14.669 mean_len=71.0
[gat-train] update=1121 samples=22420 fps=12.9 loss=-0.1700 actor=-0.8212 value=0.6855 entropy=3.4285 mean_return=14.669 mean_len=71.0
[gat-train] update=1122 samples=22440 fps=12.9 loss=1.1798 actor=0.3632 value=0.8558 entropy=3.9157 mean_return=14.669 mean_len=71.0
[gat-train] update=1123 samples=22460 fps=12.9 loss=-0.4056 actor=-1.7060 value=1.3304 entropy=3.0018 mean_return=14.669 mean_len=71.0
[gat-train] update=1124 samples=22480 fps=12.9 loss=0.4355 actor=0.2052 value=0.2671 entropy=3.6847 mean_return=14.669 mean_len=71.0
[gat-train] update=1125 samples=22500 fps=12.9 loss=-0.5659 actor=-0.9982 value=0.4646 entropy=3.2263 mean_return=14.669 mean_len=71.0
[gat-train] update=1126 samples=22520 fps=12.9 loss=86.6728 actor=12.8875 value=73.8174 entropy=3.2048 mean_return=14.757 mean_len=71.6
[gat-train] update=1127 samples=22540 fps=12.9 loss=2.5675 actor=0.7328 value=1.8706 entropy=3.5861 mean_return=14.757 mean_len=71.6
[gat-train] update=1128 samples=22560 fps=12.9 loss=1.0756 actor=0.5475 value=0.5657 entropy=3.7568 mean_return=14.757 mean_len=71.6
[gat-train] update=1129 samples=22580 fps=12.9 loss=1.1639 actor=0.8801 value=0.3164 entropy=3.2611 mean_return=14.757 mean_len=71.6
[gat-train] update=1130 samples=22600 fps=12.9 loss=43.7124 actor=7.2719 value=36.4700 entropy=2.9468 mean_return=14.759 mean_len=71.7
[gat-train] update=1131 samples=22620 fps=12.9 loss=37.5901 actor=4.9662 value=32.6588 entropy=3.4920 mean_return=14.725 mean_len=71.5
[gat-train] update=1132 samples=22640 fps=12.9 loss=-0.6669 actor=-1.7094 value=1.0760 entropy=3.3493 mean_return=14.725 mean_len=71.5
[gat-train] update=1133 samples=22660 fps=12.9 loss=2.8325 actor=2.3520 value=0.5226 entropy=4.2142 mean_return=14.725 mean_len=71.5
[gat-train] update=1134 samples=22680 fps=12.9 loss=-0.7554 actor=-1.1725 value=0.4572 entropy=4.0071 mean_return=14.725 mean_len=71.5
[gat-train] update=1135 samples=22700 fps=12.9 loss=2.1176 actor=0.9255 value=1.2316 entropy=3.9559 mean_return=14.725 mean_len=71.5
[gat-train] update=1136 samples=22720 fps=12.9 loss=-0.5813 actor=-1.5958 value=1.0543 entropy=3.9784 mean_return=14.725 mean_len=71.5
[gat-train] update=1137 samples=22740 fps=12.9 loss=2.5107 actor=0.9398 value=1.6069 entropy=3.6033 mean_return=14.725 mean_len=71.5
[gat-train] update=1138 samples=22760 fps=12.9 loss=2.3420 actor=0.5354 value=1.8412 entropy=3.4603 mean_return=14.725 mean_len=71.5
[gat-train] update=1139 samples=22780 fps=12.9 loss=-0.3915 actor=-1.8372 value=1.4761 entropy=3.0415 mean_return=14.725 mean_len=71.5
[gat-train] update=1140 samples=22800 fps=12.9 loss=0.3587 actor=-0.5288 value=0.9214 entropy=3.3865 mean_return=14.725 mean_len=71.5
[gat-train] update=1141 samples=22820 fps=12.9 loss=42.8901 actor=8.0587 value=34.8662 entropy=3.4763 mean_return=14.716 mean_len=71.4
[gat-train] update=1142 samples=22840 fps=12.8 loss=-0.9175 actor=-1.7144 value=0.8374 entropy=4.0480 mean_return=14.716 mean_len=71.4
[gat-train] update=1143 samples=22860 fps=12.8 loss=0.5027 actor=0.4618 value=0.0786 entropy=3.7755 mean_return=14.716 mean_len=71.4
[gat-train] update=1144 samples=22880 fps=12.8 loss=10.2306 actor=1.9409 value=8.3269 entropy=3.7162 mean_return=14.684 mean_len=71.2
[gat-train] update=1145 samples=22900 fps=12.8 loss=20.6126 actor=4.8778 value=15.7756 entropy=4.0733 mean_return=14.681 mean_len=71.2
[gat-train] update=1146 samples=22920 fps=12.8 loss=-1.3735 actor=-2.1378 value=0.8064 entropy=4.2111 mean_return=14.681 mean_len=71.2
[gat-train] update=1147 samples=22940 fps=12.8 loss=-0.3841 actor=-0.4817 value=0.1340 entropy=3.6369 mean_return=14.681 mean_len=71.2
[gat-train] update=1148 samples=22960 fps=12.8 loss=1.0919 actor=0.9781 value=0.1532 entropy=3.9357 mean_return=14.681 mean_len=71.2
[gat-train] update=1149 samples=22980 fps=12.8 loss=-0.2743 actor=-0.4205 value=0.1846 entropy=3.8493 mean_return=14.681 mean_len=71.2
[gat-train] update=1150 samples=23000 fps=12.8 loss=-1.1661 actor=-1.4898 value=0.3597 entropy=3.6025 mean_return=14.681 mean_len=71.2
[gat-train] eval update=1150 comp_score=89.26 best=92.38
[gat-train] update=1151 samples=23020 fps=12.8 loss=0.6327 actor=0.0966 value=0.5713 entropy=3.5226 mean_return=14.681 mean_len=71.2
[gat-train] update=1152 samples=23040 fps=12.8 loss=-1.4712 actor=-2.2691 value=0.8350 entropy=3.7070 mean_return=14.681 mean_len=71.2
[gat-train] update=1153 samples=23060 fps=12.8 loss=-0.2499 actor=-0.7385 value=0.5254 entropy=3.6897 mean_return=14.681 mean_len=71.2
[gat-train] update=1154 samples=23080 fps=12.8 loss=0.0155 actor=-0.5623 value=0.6074 entropy=2.9587 mean_return=14.681 mean_len=71.2
[gat-train] update=1155 samples=23100 fps=12.8 loss=33.3814 actor=5.3903 value=28.0203 entropy=2.9225 mean_return=14.652 mean_len=71.1
[gat-train] update=1156 samples=23120 fps=12.8 loss=83.8873 actor=14.8731 value=69.0483 entropy=3.4049 mean_return=14.663 mean_len=71.1
[gat-train] update=1157 samples=23140 fps=12.8 loss=-0.4513 actor=-1.9422 value=1.5293 entropy=3.8387 mean_return=14.663 mean_len=71.1
[gat-train] update=1158 samples=23160 fps=12.8 loss=-0.9236 actor=-1.2835 value=0.3934 entropy=3.3544 mean_return=14.663 mean_len=71.1
[gat-train] update=1159 samples=23180 fps=12.8 loss=10.5607 actor=0.7381 value=9.8602 entropy=3.7564 mean_return=14.644 mean_len=71.1
[gat-train] update=1160 samples=23200 fps=12.8 loss=2.2045 actor=1.8052 value=0.4369 entropy=3.7576 mean_return=14.644 mean_len=71.1
[gat-train] update=1161 samples=23220 fps=12.8 loss=-0.4604 actor=-0.6693 value=0.2453 entropy=3.6366 mean_return=14.644 mean_len=71.1
[gat-train] update=1162 samples=23240 fps=12.8 loss=-0.8856 actor=-1.1645 value=0.3160 entropy=3.7153 mean_return=14.644 mean_len=71.1
[gat-train] update=1163 samples=23260 fps=12.8 loss=1.1856 actor=0.3227 value=0.8982 entropy=3.5338 mean_return=14.644 mean_len=71.1
[gat-train] update=1164 samples=23280 fps=12.8 loss=1.1409 actor=0.9097 value=0.2670 entropy=3.5802 mean_return=14.644 mean_len=71.1
[gat-train] update=1165 samples=23300 fps=12.8 loss=0.0196 actor=-0.8562 value=0.9102 entropy=3.4387 mean_return=14.644 mean_len=71.1
[gat-train] update=1166 samples=23320 fps=12.8 loss=-1.3773 actor=-2.0456 value=0.7043 entropy=3.6058 mean_return=14.644 mean_len=71.1
[gat-train] update=1167 samples=23340 fps=12.8 loss=0.7350 actor=-0.4876 value=1.2576 entropy=3.5037 mean_return=14.644 mean_len=71.1
[gat-train] update=1168 samples=23360 fps=12.8 loss=1.0500 actor=-0.8111 value=1.8918 entropy=3.0709 mean_return=14.644 mean_len=71.1
[gat-train] update=1169 samples=23380 fps=12.8 loss=50.9299 actor=9.6812 value=41.2774 entropy=2.8679 mean_return=14.635 mean_len=71.0
[gat-train] update=1170 samples=23400 fps=12.8 loss=24.0804 actor=2.7164 value=21.3955 entropy=3.1488 mean_return=14.656 mean_len=71.2
[gat-train] update=1171 samples=23420 fps=12.8 loss=20.8773 actor=3.0621 value=17.8511 entropy=3.5796 mean_return=14.653 mean_len=71.1
[gat-train] update=1172 samples=23440 fps=12.8 loss=0.6071 actor=0.3940 value=0.2462 entropy=3.3115 mean_return=14.653 mean_len=71.1
[gat-train] update=1173 samples=23460 fps=12.8 loss=-0.3972 actor=-0.4489 value=0.0843 entropy=3.2531 mean_return=14.653 mean_len=71.1
[gat-train] update=1174 samples=23480 fps=12.8 loss=11.2858 actor=1.0482 value=10.2718 entropy=3.4160 mean_return=14.667 mean_len=71.2
[gat-train] update=1175 samples=23500 fps=12.8 loss=0.9172 actor=0.5417 value=0.4073 entropy=3.1697 mean_return=14.667 mean_len=71.2
[gat-train] update=1176 samples=23520 fps=12.8 loss=1.8886 actor=1.2511 value=0.6744 entropy=3.6832 mean_return=14.667 mean_len=71.2
[gat-train] update=1177 samples=23540 fps=12.8 loss=1.1616 actor=0.1777 value=1.0184 entropy=3.4593 mean_return=14.667 mean_len=71.2
[gat-train] update=1178 samples=23560 fps=12.8 loss=-0.8140 actor=-1.2601 value=0.4792 entropy=3.3134 mean_return=14.667 mean_len=71.2
[gat-train] update=1179 samples=23580 fps=12.8 loss=-0.7727 actor=-1.1609 value=0.4188 entropy=3.0616 mean_return=14.667 mean_len=71.2
[gat-train] update=1180 samples=23600 fps=12.8 loss=1.9125 actor=1.2184 value=0.7223 entropy=2.8250 mean_return=14.667 mean_len=71.2
[gat-train] update=1181 samples=23620 fps=12.8 loss=13.4854 actor=1.6084 value=11.9072 entropy=3.0200 mean_return=14.609 mean_len=71.0
[gat-train] update=1182 samples=23640 fps=12.8 loss=0.1371 actor=-0.0837 value=0.2609 entropy=4.0133 mean_return=14.609 mean_len=71.0
[gat-train] update=1183 samples=23660 fps=12.8 loss=-0.9318 actor=-1.7058 value=0.8099 entropy=3.5980 mean_return=14.609 mean_len=71.0
[gat-train] update=1184 samples=23680 fps=12.8 loss=0.8107 actor=0.1232 value=0.7155 entropy=2.8048 mean_return=14.609 mean_len=71.0
[gat-train] update=1185 samples=23700 fps=12.9 loss=29.9967 actor=2.4549 value=27.5745 entropy=3.2629 mean_return=14.575 mean_len=70.9
[gat-train] update=1186 samples=23720 fps=12.9 loss=0.8052 actor=0.4547 value=0.3901 entropy=3.9510 mean_return=14.575 mean_len=70.9
[gat-train] update=1187 samples=23740 fps=12.9 loss=-0.8073 actor=-1.2987 value=0.5274 entropy=3.6029 mean_return=14.575 mean_len=70.9
[gat-train] update=1188 samples=23760 fps=12.9 loss=-0.5284 actor=-0.6463 value=0.1504 entropy=3.2466 mean_return=14.575 mean_len=70.9
[gat-train] update=1189 samples=23780 fps=12.9 loss=11.7277 actor=1.5837 value=10.1787 entropy=3.4722 mean_return=14.587 mean_len=71.1
[gat-train] update=1190 samples=23800 fps=12.9 loss=-0.9317 actor=-1.0341 value=0.1401 entropy=3.7720 mean_return=14.587 mean_len=71.1
[gat-train] update=1191 samples=23820 fps=12.9 loss=-0.9583 actor=-1.4166 value=0.4990 entropy=4.0730 mean_return=14.587 mean_len=71.1
[gat-train] update=1192 samples=23840 fps=12.9 loss=0.5840 actor=0.2573 value=0.3566 entropy=2.9771 mean_return=14.587 mean_len=71.1
[gat-train] update=1193 samples=23860 fps=12.9 loss=-0.6414 actor=-1.4945 value=0.8894 entropy=3.6189 mean_return=14.587 mean_len=71.1
[gat-train] update=1194 samples=23880 fps=12.9 loss=0.7382 actor=0.3749 value=0.3953 entropy=3.1982 mean_return=14.587 mean_len=71.1
[gat-train] update=1195 samples=23900 fps=12.9 loss=9.2804 actor=0.8469 value=8.4744 entropy=4.0925 mean_return=14.550 mean_len=71.1
[gat-train] update=1196 samples=23920 fps=12.9 loss=1.1178 actor=0.9432 value=0.2163 entropy=4.1723 mean_return=14.550 mean_len=71.1
[gat-train] update=1197 samples=23940 fps=12.9 loss=-1.1533 actor=-1.4975 value=0.3815 entropy=3.7320 mean_return=14.550 mean_len=71.1
[gat-train] update=1198 samples=23960 fps=12.9 loss=2.3718 actor=1.2145 value=1.1912 entropy=3.3910 mean_return=14.550 mean_len=71.1
[gat-train] update=1199 samples=23980 fps=12.9 loss=48.9531 actor=10.4118 value=38.5714 entropy=3.0130 mean_return=14.545 mean_len=71.0
[gat-train] update=1200 samples=24000 fps=12.9 loss=13.6198 actor=1.7591 value=11.8955 entropy=3.4831 mean_return=14.529 mean_len=70.9
[gat-train] eval update=1200 comp_score=92.38 best=92.38
[gat-train] update=1201 samples=24020 fps=12.8 loss=1.4622 actor=0.6638 value=0.8363 entropy=3.7904 mean_return=14.529 mean_len=70.9
[gat-train] update=1202 samples=24040 fps=12.8 loss=48.2861 actor=9.6102 value=38.7114 entropy=3.5485 mean_return=14.530 mean_len=70.8
[gat-train] update=1203 samples=24060 fps=12.8 loss=-0.1385 actor=-2.1954 value=2.0933 entropy=3.6453 mean_return=14.530 mean_len=70.8
[gat-train] update=1204 samples=24080 fps=12.8 loss=1.1803 actor=0.6406 value=0.5776 entropy=3.7853 mean_return=14.530 mean_len=70.8
[gat-train] update=1205 samples=24100 fps=12.8 loss=-0.6610 actor=-1.1002 value=0.4769 entropy=3.7754 mean_return=14.530 mean_len=70.8
[gat-train] update=1206 samples=24120 fps=12.8 loss=1.2298 actor=0.8336 value=0.4362 entropy=4.0058 mean_return=14.530 mean_len=70.8
[gat-train] update=1207 samples=24140 fps=12.8 loss=-0.1522 actor=-0.9927 value=0.8753 entropy=3.4793 mean_return=14.530 mean_len=70.8
[gat-train] update=1208 samples=24160 fps=12.8 loss=-0.9416 actor=-1.7230 value=0.8175 entropy=3.6138 mean_return=14.530 mean_len=70.8
[gat-train] update=1209 samples=24180 fps=12.8 loss=-1.1673 actor=-1.5917 value=0.4596 entropy=3.5223 mean_return=14.530 mean_len=70.8
[gat-train] update=1210 samples=24200 fps=12.8 loss=57.5438 actor=7.6265 value=49.9483 entropy=3.0992 mean_return=14.779 mean_len=71.2
[gat-train] update=1211 samples=24220 fps=12.8 loss=1.1233 actor=0.1063 value=1.0511 entropy=3.4180 mean_return=14.779 mean_len=71.2
[gat-train] update=1212 samples=24240 fps=12.8 loss=-0.9445 actor=-2.3602 value=1.4515 entropy=3.5827 mean_return=14.779 mean_len=71.2
[gat-train] update=1213 samples=24260 fps=12.8 loss=0.3374 actor=-0.2456 value=0.6172 entropy=3.4222 mean_return=14.779 mean_len=71.2
[gat-train] update=1214 samples=24280 fps=12.8 loss=33.9493 actor=5.7705 value=28.2056 entropy=2.6811 mean_return=14.790 mean_len=71.2
[gat-train] update=1215 samples=24300 fps=12.8 loss=37.5275 actor=6.9457 value=30.6129 entropy=3.1110 mean_return=14.790 mean_len=71.2
[gat-train] update=1216 samples=24320 fps=12.8 loss=-1.1013 actor=-1.4911 value=0.4258 entropy=3.6067 mean_return=14.790 mean_len=71.2
[gat-train] update=1217 samples=24340 fps=12.8 loss=1.0354 actor=0.6390 value=0.4258 entropy=2.9319 mean_return=14.790 mean_len=71.2
[gat-train] update=1218 samples=24360 fps=12.8 loss=5.1354 actor=3.6179 value=1.5549 entropy=3.7413 mean_return=14.790 mean_len=71.2
[gat-train] update=1219 samples=24380 fps=12.8 loss=12.5450 actor=1.4615 value=11.1230 entropy=3.9451 mean_return=14.820 mean_len=71.4
[gat-train] update=1220 samples=24400 fps=12.8 loss=-0.1412 actor=-0.2645 value=0.1644 entropy=4.1043 mean_return=14.820 mean_len=71.4
[gat-train] update=1221 samples=24420 fps=12.8 loss=-0.5470 actor=-0.8219 value=0.3113 entropy=3.6449 mean_return=14.820 mean_len=71.4
[gat-train] update=1222 samples=24440 fps=12.8 loss=-0.8453 actor=-1.2428 value=0.4354 entropy=3.7894 mean_return=14.820 mean_len=71.4
[gat-train] update=1223 samples=24460 fps=12.8 loss=-0.4754 actor=-0.9034 value=0.4675 entropy=3.9522 mean_return=14.820 mean_len=71.4
[gat-train] update=1224 samples=24480 fps=12.8 loss=0.5244 actor=-0.0026 value=0.5616 entropy=3.4587 mean_return=14.820 mean_len=71.4
[gat-train] update=1225 samples=24500 fps=12.8 loss=41.8542 actor=6.6967 value=35.1864 entropy=2.8930 mean_return=14.831 mean_len=71.5
[gat-train] update=1226 samples=24520 fps=12.8 loss=-1.0290 actor=-1.7482 value=0.7540 entropy=3.4835 mean_return=14.831 mean_len=71.5
[gat-train] update=1227 samples=24540 fps=12.8 loss=44.3318 actor=9.1525 value=35.2112 entropy=3.1964 mean_return=14.824 mean_len=71.5
[gat-train] update=1228 samples=24560 fps=12.8 loss=0.3575 actor=0.0638 value=0.3319 entropy=3.8245 mean_return=14.824 mean_len=71.5
[gat-train] update=1229 samples=24580 fps=12.8 loss=-0.3326 actor=-0.5107 value=0.2137 entropy=3.5593 mean_return=14.824 mean_len=71.5
[gat-train] update=1230 samples=24600 fps=12.8 loss=48.4486 actor=8.3883 value=40.0981 entropy=3.7809 mean_return=14.838 mean_len=71.6
[gat-train] update=1231 samples=24620 fps=12.8 loss=-0.3548 actor=-0.8158 value=0.4969 entropy=3.6003 mean_return=14.838 mean_len=71.6
[gat-train] update=1232 samples=24640 fps=12.8 loss=1.0277 actor=0.6424 value=0.4201 entropy=3.4751 mean_return=14.838 mean_len=71.6
[gat-train] update=1233 samples=24660 fps=12.8 loss=0.8186 actor=0.4304 value=0.4182 entropy=3.0021 mean_return=14.838 mean_len=71.6
[gat-train] update=1234 samples=24680 fps=12.8 loss=21.7435 actor=3.3666 value=18.4097 entropy=3.2790 mean_return=14.862 mean_len=71.7
[gat-train] update=1235 samples=24700 fps=12.9 loss=2.0271 actor=1.5566 value=0.5068 entropy=3.6428 mean_return=14.862 mean_len=71.7
[gat-train] update=1236 samples=24720 fps=12.9 loss=-0.9702 actor=-2.0924 value=1.1594 entropy=3.7214 mean_return=14.862 mean_len=71.7
[gat-train] update=1237 samples=24740 fps=12.9 loss=0.1010 actor=-0.2215 value=0.3583 entropy=3.5759 mean_return=14.862 mean_len=71.7
[gat-train] update=1238 samples=24760 fps=12.9 loss=0.1497 actor=-0.1103 value=0.2893 entropy=2.9254 mean_return=14.862 mean_len=71.7
[gat-train] update=1239 samples=24780 fps=12.9 loss=0.5800 actor=-0.2380 value=0.8419 entropy=2.3916 mean_return=14.862 mean_len=71.7
[gat-train] update=1240 samples=24800 fps=12.9 loss=41.2841 actor=5.9617 value=35.3529 entropy=3.0463 mean_return=14.845 mean_len=71.6
[gat-train] update=1241 samples=24820 fps=12.9 loss=50.2776 actor=7.3995 value=42.9104 entropy=3.2305 mean_return=14.878 mean_len=71.5
[gat-train] update=1242 samples=24840 fps=12.9 loss=-0.0384 actor=-1.1864 value=1.1883 entropy=4.0232 mean_return=14.878 mean_len=71.5
[gat-train] update=1243 samples=24860 fps=12.9 loss=-0.8287 actor=-1.2467 value=0.4551 entropy=3.7103 mean_return=14.878 mean_len=71.5
[gat-train] update=1244 samples=24880 fps=12.9 loss=0.2804 actor=-0.1924 value=0.5049 entropy=3.2180 mean_return=14.878 mean_len=71.5
[gat-train] update=1245 samples=24900 fps=12.9 loss=-0.4784 actor=-1.0163 value=0.5676 entropy=2.9805 mean_return=14.878 mean_len=71.5
[gat-train] update=1246 samples=24920 fps=12.9 loss=0.0738 actor=-0.2850 value=0.3853 entropy=2.6577 mean_return=14.878 mean_len=71.5
[gat-train] update=1247 samples=24940 fps=12.9 loss=0.5942 actor=-1.2720 value=1.8907 entropy=2.4503 mean_return=14.878 mean_len=71.5
[gat-train] update=1248 samples=24960 fps=12.9 loss=31.5745 actor=3.8196 value=27.7853 entropy=3.0359 mean_return=14.918 mean_len=71.8
[gat-train] update=1249 samples=24980 fps=12.9 loss=0.5164 actor=0.3990 value=0.1479 entropy=3.0517 mean_return=14.918 mean_len=71.8
[gat-train] update=1250 samples=25000 fps=12.9 loss=11.8641 actor=1.5785 value=10.3208 entropy=3.5261 mean_return=14.950 mean_len=72.0
[gat-train] eval update=1250 comp_score=88.52 best=92.38
[gat-train] update=1251 samples=25020 fps=12.8 loss=-0.4661 actor=-0.6218 value=0.1926 entropy=3.6899 mean_return=14.950 mean_len=72.0
[gat-train] update=1252 samples=25040 fps=12.8 loss=0.9766 actor=0.7466 value=0.2583 entropy=2.8313 mean_return=14.950 mean_len=72.0
[gat-train] update=1253 samples=25060 fps=12.8 loss=-0.3386 actor=-0.6334 value=0.3287 entropy=3.3895 mean_return=14.950 mean_len=72.0
[gat-train] update=1254 samples=25080 fps=12.8 loss=3.0560 actor=1.1607 value=1.9271 entropy=3.1720 mean_return=14.950 mean_len=72.0
[gat-train] update=1255 samples=25100 fps=12.8 loss=50.4787 actor=7.4305 value=43.0786 entropy=3.0401 mean_return=14.977 mean_len=72.1
[gat-train] update=1256 samples=25120 fps=12.8 loss=2.1166 actor=0.5070 value=1.6332 entropy=2.3596 mean_return=14.977 mean_len=72.1
[gat-train] update=1257 samples=25140 fps=12.8 loss=45.8773 actor=6.0849 value=39.8225 entropy=3.0002 mean_return=15.047 mean_len=72.4
[gat-train] update=1258 samples=25160 fps=12.8 loss=-0.9393 actor=-1.4300 value=0.5240 entropy=3.3246 mean_return=15.047 mean_len=72.4
[gat-train] update=1259 samples=25180 fps=12.8 loss=-1.0977 actor=-1.2214 value=0.1616 entropy=3.7905 mean_return=15.047 mean_len=72.4
[gat-train] update=1260 samples=25200 fps=12.8 loss=-0.2215 actor=-0.4124 value=0.2237 entropy=3.2864 mean_return=15.047 mean_len=72.4
[gat-train] update=1261 samples=25220 fps=12.8 loss=-0.6991 actor=-0.8936 value=0.2234 entropy=2.8914 mean_return=15.047 mean_len=72.4
[gat-train] update=1262 samples=25240 fps=12.8 loss=3.2512 actor=1.9162 value=1.3638 entropy=2.8820 mean_return=15.047 mean_len=72.4
[gat-train] update=1263 samples=25260 fps=12.8 loss=-0.0841 actor=-0.7065 value=0.6488 entropy=2.6364 mean_return=15.047 mean_len=72.4
[gat-train] update=1264 samples=25280 fps=12.8 loss=37.1421 actor=4.5488 value=32.6215 entropy=2.8116 mean_return=15.186 mean_len=73.4
[gat-train] update=1265 samples=25300 fps=12.8 loss=0.5241 actor=0.1810 value=0.3736 entropy=3.0454 mean_return=15.186 mean_len=73.4
[gat-train] update=1266 samples=25320 fps=12.8 loss=54.4138 actor=9.7910 value=44.6539 entropy=3.1139 mean_return=15.252 mean_len=73.7
[gat-train] update=1267 samples=25340 fps=12.8 loss=-0.9200 actor=-1.4861 value=0.6039 entropy=3.7742 mean_return=15.252 mean_len=73.7
[gat-train] update=1268 samples=25360 fps=12.8 loss=-0.3272 actor=-1.0825 value=0.7842 entropy=2.8921 mean_return=15.252 mean_len=73.7
[gat-train] update=1269 samples=25380 fps=12.8 loss=-0.1736 actor=-0.4889 value=0.3398 entropy=2.4526 mean_return=15.252 mean_len=73.7
[gat-train] update=1270 samples=25400 fps=12.8 loss=0.4114 actor=-0.3289 value=0.7676 entropy=2.7336 mean_return=15.252 mean_len=73.7
[gat-train] update=1271 samples=25420 fps=12.8 loss=0.5831 actor=-0.0342 value=0.6422 entropy=2.4913 mean_return=15.252 mean_len=73.7
[gat-train] update=1272 samples=25440 fps=12.8 loss=14.7591 actor=3.5484 value=11.2316 entropy=2.0992 mean_return=15.252 mean_len=73.7
[gat-train] update=1273 samples=25460 fps=12.8 loss=0.0602 actor=-0.2548 value=0.3341 entropy=1.9044 mean_return=15.252 mean_len=73.7
[gat-train] update=1274 samples=25480 fps=12.8 loss=66.5496 actor=6.9437 value=59.6265 entropy=2.0558 mean_return=15.284 mean_len=73.9
[gat-train] update=1275 samples=25500 fps=12.8 loss=1.7379 actor=0.1048 value=1.6464 entropy=1.3312 mean_return=15.284 mean_len=73.9
[gat-train] update=1276 samples=25520 fps=12.8 loss=0.7597 actor=0.1947 value=0.5851 entropy=2.0142 mean_return=15.284 mean_len=73.9
[gat-train] update=1277 samples=25540 fps=12.8 loss=1.2746 actor=0.6591 value=0.6346 entropy=1.9168 mean_return=15.284 mean_len=73.9
[gat-train] update=1278 samples=25560 fps=12.8 loss=-0.3243 actor=-0.5332 value=0.2348 entropy=2.5841 mean_return=15.284 mean_len=73.9
[gat-train] update=1279 samples=25580 fps=12.8 loss=0.2360 actor=0.1054 value=0.1494 entropy=1.8817 mean_return=15.284 mean_len=73.9
[gat-train] update=1280 samples=25600 fps=12.8 loss=1.2167 actor=0.7848 value=0.4574 entropy=2.5541 mean_return=15.284 mean_len=73.9
[gat-train] update=1281 samples=25620 fps=12.8 loss=38.3079 actor=4.2612 value=34.0691 entropy=2.2419 mean_return=15.313 mean_len=74.0
[gat-train] update=1282 samples=25640 fps=12.8 loss=0.1740 actor=-0.2607 value=0.4525 entropy=1.7798 mean_return=15.313 mean_len=74.0
[gat-train] update=1283 samples=25660 fps=12.8 loss=0.6471 actor=0.3659 value=0.3072 entropy=2.6025 mean_return=15.313 mean_len=74.0
[gat-train] update=1284 samples=25680 fps=12.8 loss=14.9521 actor=3.6684 value=11.3094 entropy=2.5774 mean_return=15.339 mean_len=74.3
[gat-train] update=1285 samples=25700 fps=12.8 loss=1.6423 actor=0.8960 value=0.7700 entropy=2.3652 mean_return=15.339 mean_len=74.3
[gat-train] update=1286 samples=25720 fps=12.8 loss=1.0518 actor=0.5867 value=0.4859 entropy=2.0750 mean_return=15.339 mean_len=74.3
[gat-train] update=1287 samples=25740 fps=12.8 loss=1.2272 actor=0.6680 value=0.5789 entropy=1.9664 mean_return=15.339 mean_len=74.3
[gat-train] update=1288 samples=25760 fps=12.8 loss=1.0860 actor=0.7432 value=0.3630 entropy=2.0183 mean_return=15.339 mean_len=74.3
[gat-train] update=1289 samples=25780 fps=12.8 loss=51.9896 actor=6.9777 value=45.0336 entropy=2.1742 mean_return=15.407 mean_len=74.5
[gat-train] update=1290 samples=25800 fps=12.8 loss=50.0416 actor=5.1539 value=44.9112 entropy=2.3454 mean_return=15.439 mean_len=74.7
[gat-train] update=1291 samples=25820 fps=12.8 loss=2.2557 actor=0.8747 value=1.4092 entropy=2.8234 mean_return=15.439 mean_len=74.7
[gat-train] update=1292 samples=25840 fps=12.8 loss=-0.3304 actor=-0.6758 value=0.3709 entropy=2.5504 mean_return=15.439 mean_len=74.7
[gat-train] update=1293 samples=25860 fps=12.8 loss=0.4909 actor=0.3452 value=0.1664 entropy=2.0626 mean_return=15.439 mean_len=74.7
[gat-train] update=1294 samples=25880 fps=12.8 loss=-0.2427 actor=-0.3669 value=0.1486 entropy=2.4323 mean_return=15.439 mean_len=74.7
[gat-train] update=1295 samples=25900 fps=12.8 loss=-0.1823 actor=-0.7947 value=0.6295 entropy=1.7077 mean_return=15.439 mean_len=74.7
[gat-train] update=1296 samples=25920 fps=12.8 loss=51.9202 actor=5.3069 value=46.6316 entropy=1.8290 mean_return=15.459 mean_len=74.9
[gat-train] update=1297 samples=25940 fps=12.8 loss=0.3582 actor=-0.5425 value=0.9233 entropy=2.2628 mean_return=15.459 mean_len=74.9
[gat-train] update=1298 samples=25960 fps=12.8 loss=0.1355 actor=-0.1814 value=0.3411 entropy=2.4267 mean_return=15.459 mean_len=74.9
[gat-train] update=1299 samples=25980 fps=12.8 loss=0.1461 actor=-0.4490 value=0.6237 entropy=2.8589 mean_return=15.459 mean_len=74.9
[gat-train] update=1300 samples=26000 fps=12.8 loss=0.8663 actor=0.5214 value=0.3702 entropy=2.5221 mean_return=15.459 mean_len=74.9
[gat-train] eval update=1300 comp_score=87.79 best=92.38
[gat-train] update=1301 samples=26020 fps=12.8 loss=27.7313 actor=4.5322 value=23.2211 entropy=2.2040 mean_return=15.488 mean_len=75.1
[gat-train] update=1302 samples=26040 fps=12.8 loss=-0.1936 actor=-0.3354 value=0.1651 entropy=2.3252 mean_return=15.488 mean_len=75.1
[gat-train] update=1303 samples=26060 fps=12.8 loss=0.0171 actor=-0.0570 value=0.0975 entropy=2.3398 mean_return=15.488 mean_len=75.1
[gat-train] update=1304 samples=26080 fps=12.8 loss=0.4855 actor=0.2275 value=0.2756 entropy=1.7518 mean_return=15.488 mean_len=75.1
[gat-train] update=1305 samples=26100 fps=12.8 loss=0.9995 actor=0.7762 value=0.2431 entropy=1.9787 mean_return=15.488 mean_len=75.1
[gat-train] update=1306 samples=26120 fps=12.8 loss=14.2383 actor=3.5793 value=10.6772 entropy=1.8211 mean_return=15.509 mean_len=75.2
[gat-train] update=1307 samples=26140 fps=12.8 loss=-0.1148 actor=-0.4657 value=0.3716 entropy=2.0710 mean_return=15.509 mean_len=75.2
[gat-train] update=1308 samples=26160 fps=12.8 loss=-0.0466 actor=-0.1174 value=0.0902 entropy=1.9475 mean_return=15.509 mean_len=75.2
[gat-train] update=1309 samples=26180 fps=12.8 loss=27.9387 actor=3.5819 value=24.3733 entropy=1.6460 mean_return=15.602 mean_len=75.8
[gat-train] update=1310 samples=26200 fps=12.8 loss=-0.0489 actor=-0.2918 value=0.2659 entropy=2.2930 mean_return=15.602 mean_len=75.8
[gat-train] update=1311 samples=26220 fps=12.8 loss=0.1376 actor=-0.1208 value=0.2859 entropy=2.7509 mean_return=15.602 mean_len=75.8
[gat-train] update=1312 samples=26240 fps=12.8 loss=0.2029 actor=-0.0242 value=0.2434 entropy=1.6307 mean_return=15.602 mean_len=75.8
[gat-train] update=1313 samples=26260 fps=12.8 loss=0.7703 actor=0.0534 value=0.7346 entropy=1.7706 mean_return=15.602 mean_len=75.8
[gat-train] update=1314 samples=26280 fps=12.8 loss=13.8944 actor=3.1873 value=10.7355 entropy=2.8354 mean_return=15.638 mean_len=76.0
[gat-train] update=1315 samples=26300 fps=12.8 loss=-0.2263 actor=-0.5255 value=0.3217 entropy=2.2542 mean_return=15.638 mean_len=76.0
[gat-train] update=1316 samples=26320 fps=12.8 loss=3.0907 actor=2.0784 value=1.0391 entropy=2.6834 mean_return=15.638 mean_len=76.0
[gat-train] update=1317 samples=26340 fps=12.8 loss=0.2120 actor=0.0623 value=0.1689 entropy=1.9256 mean_return=15.638 mean_len=76.0
[gat-train] update=1318 samples=26360 fps=12.8 loss=24.8675 actor=3.5712 value=21.3178 entropy=2.1547 mean_return=15.676 mean_len=76.2
[gat-train] update=1319 samples=26380 fps=12.8 loss=-0.1741 actor=-0.3888 value=0.2416 entropy=2.6879 mean_return=15.676 mean_len=76.2
[gat-train] update=1320 samples=26400 fps=12.8 loss=-0.7671 actor=-1.1669 value=0.4288 entropy=2.9031 mean_return=15.676 mean_len=76.2
[gat-train] update=1321 samples=26420 fps=12.8 loss=-0.3286 actor=-0.5388 value=0.2404 entropy=3.0165 mean_return=15.676 mean_len=76.2
[gat-train] update=1322 samples=26440 fps=12.8 loss=65.3616 actor=10.6696 value=54.7217 entropy=2.9697 mean_return=15.737 mean_len=76.3
[gat-train] update=1323 samples=26460 fps=12.8 loss=-0.0236 actor=-1.1584 value=1.1667 entropy=3.1837 mean_return=15.737 mean_len=76.3
[gat-train] update=1324 samples=26480 fps=12.8 loss=54.3692 actor=6.5080 value=47.8849 entropy=2.3707 mean_return=15.749 mean_len=76.5
[gat-train] update=1325 samples=26500 fps=12.8 loss=0.2074 actor=-0.8938 value=1.1258 entropy=2.4581 mean_return=15.749 mean_len=76.5
[gat-train] update=1326 samples=26520 fps=12.8 loss=-0.0768 actor=-0.1605 value=0.1082 entropy=2.4518 mean_return=15.749 mean_len=76.5
[gat-train] update=1327 samples=26540 fps=12.8 loss=0.2378 actor=0.0563 value=0.2092 entropy=2.7755 mean_return=15.749 mean_len=76.5
[gat-train] update=1328 samples=26560 fps=12.8 loss=0.6825 actor=0.3697 value=0.3345 entropy=2.1648 mean_return=15.749 mean_len=76.5
[gat-train] update=1329 samples=26580 fps=12.8 loss=0.1527 actor=-0.0976 value=0.2733 entropy=2.2997 mean_return=15.749 mean_len=76.5
[gat-train] update=1330 samples=26600 fps=12.8 loss=13.1651 actor=3.0946 value=10.0918 entropy=2.1225 mean_return=15.783 mean_len=76.6
[gat-train] update=1331 samples=26620 fps=12.8 loss=0.9743 actor=0.2471 value=0.7517 entropy=2.4569 mean_return=15.783 mean_len=76.6
[gat-train] update=1332 samples=26640 fps=12.8 loss=-0.1147 actor=-0.7939 value=0.7111 entropy=3.1873 mean_return=15.783 mean_len=76.6
[gat-train] update=1333 samples=26660 fps=12.8 loss=1.2126 actor=0.8102 value=0.4354 entropy=3.2963 mean_return=15.783 mean_len=76.6
[gat-train] update=1334 samples=26680 fps=12.8 loss=46.9704 actor=7.4063 value=39.5887 entropy=2.4687 mean_return=15.805 mean_len=76.8
[gat-train] update=1335 samples=26700 fps=12.8 loss=-0.3328 actor=-1.0258 value=0.7180 entropy=2.5014 mean_return=15.805 mean_len=76.8
[gat-train] update=1336 samples=26720 fps=12.8 loss=-0.3916 actor=-0.6375 value=0.2746 entropy=2.8669 mean_return=15.805 mean_len=76.8
[gat-train] update=1337 samples=26740 fps=12.8 loss=-0.0331 actor=-0.8638 value=0.8503 entropy=1.9538 mean_return=15.805 mean_len=76.8
[gat-train] update=1338 samples=26760 fps=12.8 loss=1.4908 actor=0.4536 value=1.0650 entropy=2.7803 mean_return=15.805 mean_len=76.8
[gat-train] update=1339 samples=26780 fps=12.8 loss=45.9379 actor=4.6667 value=41.2941 entropy=2.2903 mean_return=15.868 mean_len=77.1
[gat-train] update=1340 samples=26800 fps=12.8 loss=0.7061 actor=-0.4661 value=1.1999 entropy=2.7728 mean_return=15.868 mean_len=77.1
[gat-train] update=1341 samples=26820 fps=12.8 loss=2.2235 actor=1.3691 value=0.8788 entropy=2.4470 mean_return=15.868 mean_len=77.1
[gat-train] update=1342 samples=26840 fps=12.8 loss=40.3509 actor=6.2197 value=34.1598 entropy=2.8597 mean_return=15.926 mean_len=77.5
[gat-train] update=1343 samples=26860 fps=12.8 loss=-0.2122 actor=-1.1540 value=0.9573 entropy=1.5408 mean_return=15.926 mean_len=77.5
[gat-train] update=1344 samples=26880 fps=12.8 loss=1.0264 actor=0.5967 value=0.4551 entropy=2.5358 mean_return=15.926 mean_len=77.5
[gat-train] update=1345 samples=26900 fps=12.8 loss=30.5937 actor=4.2249 value=26.3934 entropy=2.4617 mean_return=15.964 mean_len=77.6
[gat-train] update=1346 samples=26920 fps=12.8 loss=0.0220 actor=-0.3695 value=0.4120 entropy=2.0518 mean_return=15.964 mean_len=77.6
[gat-train] update=1347 samples=26940 fps=12.8 loss=0.0162 actor=-0.0613 value=0.1026 entropy=2.5154 mean_return=15.964 mean_len=77.6
[gat-train] update=1348 samples=26960 fps=12.8 loss=-0.0763 actor=-0.3712 value=0.3165 entropy=2.1593 mean_return=15.964 mean_len=77.6
[gat-train] update=1349 samples=26980 fps=12.8 loss=0.7137 actor=0.4366 value=0.2955 entropy=1.8421 mean_return=15.964 mean_len=77.6
[gat-train] update=1350 samples=27000 fps=12.8 loss=32.6372 actor=3.9159 value=28.7384 entropy=1.7131 mean_return=16.002 mean_len=78.0
[gat-train] eval update=1350 comp_score=88.52 best=92.38
[gat-train] update=1351 samples=27020 fps=12.8 loss=0.1314 actor=-0.0084 value=0.1611 entropy=2.1238 mean_return=16.002 mean_len=78.0
[gat-train] update=1352 samples=27040 fps=12.8 loss=0.1088 actor=-0.0020 value=0.1259 entropy=1.5100 mean_return=16.002 mean_len=78.0
[gat-train] update=1353 samples=27060 fps=12.8 loss=-0.0507 actor=-0.4869 value=0.4529 entropy=1.6650 mean_return=16.002 mean_len=78.0
[gat-train] update=1354 samples=27080 fps=12.8 loss=-0.0987 actor=-0.6313 value=0.5493 entropy=1.6672 mean_return=16.002 mean_len=78.0
[gat-train] update=1355 samples=27100 fps=12.8 loss=44.0940 actor=6.7886 value=37.3179 entropy=1.2489 mean_return=16.001 mean_len=78.0
[gat-train] update=1356 samples=27120 fps=12.8 loss=-0.0529 actor=-0.3075 value=0.2657 entropy=1.1149 mean_return=16.001 mean_len=78.0
[gat-train] update=1357 samples=27140 fps=12.8 loss=-0.0932 actor=-0.2772 value=0.2018 entropy=1.7793 mean_return=16.001 mean_len=78.0
[gat-train] update=1358 samples=27160 fps=12.8 loss=66.6716 actor=9.4396 value=57.2483 entropy=1.6417 mean_return=16.061 mean_len=78.3
[gat-train] update=1359 samples=27180 fps=12.8 loss=0.9681 actor=-0.2331 value=1.2172 entropy=1.6007 mean_return=16.061 mean_len=78.3
[gat-train] update=1360 samples=27200 fps=12.8 loss=0.3361 actor=0.0549 value=0.2967 entropy=1.5517 mean_return=16.061 mean_len=78.3
[gat-train] update=1361 samples=27220 fps=12.8 loss=1.2202 actor=0.7293 value=0.5021 entropy=1.1211 mean_return=16.061 mean_len=78.3
[gat-train] update=1362 samples=27240 fps=12.8 loss=48.9169 actor=5.0375 value=43.8924 entropy=1.2997 mean_return=16.125 mean_len=78.6
[gat-train] update=1363 samples=27260 fps=12.8 loss=0.7076 actor=0.4027 value=0.3147 entropy=0.9809 mean_return=16.125 mean_len=78.6
[gat-train] update=1364 samples=27280 fps=12.8 loss=0.0982 actor=-0.1116 value=0.2233 entropy=1.3493 mean_return=16.125 mean_len=78.6
[gat-train] update=1365 samples=27300 fps=12.8 loss=0.0917 actor=-0.1294 value=0.2331 entropy=1.1974 mean_return=16.125 mean_len=78.6
[gat-train] update=1366 samples=27320 fps=12.8 loss=11.5978 actor=2.4632 value=9.1490 entropy=1.4425 mean_return=16.126 mean_len=78.7
[gat-train] update=1367 samples=27340 fps=12.8 loss=0.5486 actor=-0.1304 value=0.6930 entropy=1.4023 mean_return=16.126 mean_len=78.7
[gat-train] update=1368 samples=27360 fps=12.8 loss=0.1621 actor=-0.2268 value=0.4037 entropy=1.4789 mean_return=16.126 mean_len=78.7
[gat-train] update=1369 samples=27380 fps=12.8 loss=0.2768 actor=-0.2528 value=0.5425 entropy=1.2772 mean_return=16.126 mean_len=78.7
[gat-train] update=1370 samples=27400 fps=12.8 loss=0.0065 actor=-0.1563 value=0.1789 entropy=1.6014 mean_return=16.126 mean_len=78.7
[gat-train] update=1371 samples=27420 fps=12.8 loss=35.9911 actor=3.6565 value=32.3494 entropy=1.4834 mean_return=16.156 mean_len=78.9
[gat-train] update=1372 samples=27440 fps=12.8 loss=0.3654 actor=0.1195 value=0.2624 entropy=1.6525 mean_return=16.156 mean_len=78.9
[gat-train] update=1373 samples=27460 fps=12.8 loss=0.0513 actor=-0.2187 value=0.2872 entropy=1.7179 mean_return=16.156 mean_len=78.9
[gat-train] update=1374 samples=27480 fps=12.8 loss=0.5575 actor=-0.2628 value=0.8377 entropy=1.7448 mean_return=16.156 mean_len=78.9
[gat-train] update=1375 samples=27500 fps=12.8 loss=21.8369 actor=2.8356 value=19.0180 entropy=1.6751 mean_return=16.188 mean_len=79.0
[gat-train] update=1376 samples=27520 fps=12.8 loss=0.1011 actor=0.0269 value=0.0938 entropy=1.9635 mean_return=16.188 mean_len=79.0
[gat-train] update=1377 samples=27540 fps=12.8 loss=0.2809 actor=-0.0191 value=0.3221 entropy=2.2064 mean_return=16.188 mean_len=79.0
[gat-train] update=1378 samples=27560 fps=12.8 loss=0.5358 actor=0.3566 value=0.1995 entropy=2.0276 mean_return=16.188 mean_len=79.0
[gat-train] update=1379 samples=27580 fps=12.8 loss=13.9177 actor=3.3166 value=10.6209 entropy=1.9910 mean_return=16.290 mean_len=79.5
[gat-train] update=1380 samples=27600 fps=12.8 loss=0.2299 actor=-0.0477 value=0.3007 entropy=2.3041 mean_return=16.290 mean_len=79.5
[gat-train] update=1381 samples=27620 fps=12.8 loss=0.4167 actor=0.0669 value=0.3720 entropy=2.2189 mean_return=16.290 mean_len=79.5
[gat-train] update=1382 samples=27640 fps=12.8 loss=58.1576 actor=9.3127 value=48.8697 entropy=2.4915 mean_return=16.359 mean_len=79.7
[gat-train] update=1383 samples=27660 fps=12.8 loss=-0.0278 actor=-0.9118 value=0.9075 entropy=2.3401 mean_return=16.359 mean_len=79.7
[gat-train] update=1384 samples=27680 fps=12.8 loss=-0.2583 actor=-0.3639 value=0.1328 entropy=2.7170 mean_return=16.359 mean_len=79.7
[gat-train] update=1385 samples=27700 fps=12.8 loss=0.1483 actor=0.0445 value=0.1317 entropy=2.7892 mean_return=16.359 mean_len=79.7
[gat-train] update=1386 samples=27720 fps=12.8 loss=-0.1759 actor=-0.3539 value=0.2068 entropy=2.8809 mean_return=16.359 mean_len=79.7
[gat-train] update=1387 samples=27740 fps=12.8 loss=-1.0431 actor=-1.3119 value=0.2995 entropy=3.0669 mean_return=16.359 mean_len=79.7
[gat-train] update=1388 samples=27760 fps=12.8 loss=34.7766 actor=4.5616 value=30.2440 entropy=2.8997 mean_return=16.408 mean_len=80.0
[gat-train] update=1389 samples=27780 fps=12.8 loss=-0.6795 actor=-1.1617 value=0.5131 entropy=3.0844 mean_return=16.408 mean_len=80.0
[gat-train] update=1390 samples=27800 fps=12.8 loss=1.5046 actor=1.0605 value=0.4759 entropy=3.1859 mean_return=16.408 mean_len=80.0
[gat-train] update=1391 samples=27820 fps=12.8 loss=59.4684 actor=10.5654 value=48.9339 entropy=3.0941 mean_return=16.436 mean_len=80.2
[gat-train] update=1392 samples=27840 fps=12.8 loss=0.5181 actor=-0.7030 value=1.2503 entropy=2.9134 mean_return=16.436 mean_len=80.2
[gat-train] update=1393 samples=27860 fps=12.8 loss=2.5297 actor=1.5775 value=0.9860 entropy=3.3784 mean_return=16.436 mean_len=80.2
[gat-train] update=1394 samples=27880 fps=12.8 loss=43.4419 actor=8.2323 value=35.2409 entropy=3.1251 mean_return=16.489 mean_len=80.3
[gat-train] update=1395 samples=27900 fps=12.8 loss=-0.3442 actor=-1.5711 value=1.2592 entropy=3.2380 mean_return=16.489 mean_len=80.3
[gat-train] update=1396 samples=27920 fps=12.8 loss=0.3533 actor=0.0841 value=0.3059 entropy=3.6699 mean_return=16.489 mean_len=80.3
[gat-train] update=1397 samples=27940 fps=12.8 loss=1.0299 actor=0.6647 value=0.4001 entropy=3.4873 mean_return=16.489 mean_len=80.3
[gat-train] update=1398 samples=27960 fps=12.8 loss=-0.3956 actor=-0.5422 value=0.1791 entropy=3.2508 mean_return=16.489 mean_len=80.3
[gat-train] update=1399 samples=27980 fps=12.8 loss=23.5308 actor=3.3175 value=20.2463 entropy=3.3085 mean_return=16.513 mean_len=80.5
[gat-train] update=1400 samples=28000 fps=12.8 loss=0.9834 actor=0.2930 value=0.7278 entropy=3.7343 mean_return=16.513 mean_len=80.5
[gat-train] eval update=1400 comp_score=89.99 best=92.38
[gat-train] update=1401 samples=28020 fps=12.8 loss=2.3506 actor=0.8954 value=1.4906 entropy=3.5402 mean_return=16.513 mean_len=80.5
[gat-train] update=1402 samples=28040 fps=12.8 loss=-0.8824 actor=-1.8765 value=1.0279 entropy=3.3791 mean_return=16.513 mean_len=80.5
[gat-train] update=1403 samples=28060 fps=12.8 loss=0.5135 actor=-0.1399 value=0.6867 entropy=3.3332 mean_return=16.513 mean_len=80.5
[gat-train] update=1404 samples=28080 fps=12.8 loss=11.0005 actor=2.0703 value=8.9646 entropy=3.4414 mean_return=16.520 mean_len=80.6
[gat-train] update=1405 samples=28100 fps=12.8 loss=1.0288 actor=-0.3965 value=1.4611 entropy=3.5860 mean_return=16.520 mean_len=80.6
[gat-train] update=1406 samples=28120 fps=12.8 loss=0.2843 actor=0.1080 value=0.2104 entropy=3.4192 mean_return=16.520 mean_len=80.6
[gat-train] update=1407 samples=28140 fps=12.8 loss=12.4814 actor=3.0967 value=9.4205 entropy=3.5715 mean_return=16.535 mean_len=80.7
[gat-train] update=1408 samples=28160 fps=12.8 loss=2.0358 actor=1.3808 value=0.6898 entropy=3.4793 mean_return=16.535 mean_len=80.7
[gat-train] update=1409 samples=28180 fps=12.8 loss=31.5764 actor=4.9967 value=26.6112 entropy=3.1493 mean_return=16.540 mean_len=80.6
[gat-train] update=1410 samples=28200 fps=12.8 loss=1.7532 actor=0.9577 value=0.8319 entropy=3.6456 mean_return=16.540 mean_len=80.6
[gat-train] update=1411 samples=28220 fps=12.8 loss=0.0422 actor=-0.0698 value=0.1483 entropy=3.6313 mean_return=16.540 mean_len=80.6
[gat-train] update=1412 samples=28240 fps=12.8 loss=24.0196 actor=5.5332 value=18.5216 entropy=3.5122 mean_return=16.519 mean_len=80.5
[gat-train] update=1413 samples=28260 fps=12.8 loss=-0.3976 actor=-0.5946 value=0.2344 entropy=3.7396 mean_return=16.519 mean_len=80.5
[gat-train] update=1414 samples=28280 fps=12.8 loss=-0.8495 actor=-1.0235 value=0.2136 entropy=3.9640 mean_return=16.519 mean_len=80.5
[gat-train] update=1415 samples=28300 fps=12.8 loss=0.9535 actor=0.1315 value=0.8598 entropy=3.7775 mean_return=16.519 mean_len=80.5
[gat-train] update=1416 samples=28320 fps=12.8 loss=1.9195 actor=1.1073 value=0.8480 entropy=3.5836 mean_return=16.519 mean_len=80.5
[gat-train] update=1417 samples=28340 fps=12.8 loss=-1.1915 actor=-1.9241 value=0.7690 entropy=3.6396 mean_return=16.519 mean_len=80.5
[gat-train] update=1418 samples=28360 fps=12.8 loss=37.8458 actor=6.6065 value=31.2743 entropy=3.5037 mean_return=16.497 mean_len=80.4
[gat-train] update=1419 samples=28380 fps=12.8 loss=0.7400 actor=0.3874 value=0.3897 entropy=3.7103 mean_return=16.497 mean_len=80.4
[gat-train] update=1420 samples=28400 fps=12.8 loss=1.0321 actor=0.6200 value=0.4498 entropy=3.7660 mean_return=16.497 mean_len=80.4
[gat-train] update=1421 samples=28420 fps=12.8 loss=2.2776 actor=1.6925 value=0.6171 entropy=3.2104 mean_return=16.497 mean_len=80.4
[gat-train] update=1422 samples=28440 fps=12.8 loss=9.9767 actor=1.4243 value=8.5855 entropy=3.3026 mean_return=16.485 mean_len=80.3
[gat-train] update=1423 samples=28460 fps=12.8 loss=-0.1407 actor=-0.9028 value=0.7965 entropy=3.4417 mean_return=16.485 mean_len=80.3
[gat-train] update=1424 samples=28480 fps=12.8 loss=-0.5027 actor=-0.9541 value=0.4840 entropy=3.2662 mean_return=16.485 mean_len=80.3
[gat-train] update=1425 samples=28500 fps=12.8 loss=11.6960 actor=3.3051 value=8.4254 entropy=3.4482 mean_return=16.496 mean_len=80.4
[gat-train] update=1426 samples=28520 fps=12.8 loss=17.4677 actor=4.4031 value=13.0981 entropy=3.3589 mean_return=16.505 mean_len=80.4
[gat-train] update=1427 samples=28540 fps=12.8 loss=1.2061 actor=0.6251 value=0.6161 entropy=3.5116 mean_return=16.505 mean_len=80.4
[gat-train] update=1428 samples=28560 fps=12.8 loss=-0.5053 actor=-0.9071 value=0.4376 entropy=3.5742 mean_return=16.505 mean_len=80.4
[gat-train] update=1429 samples=28580 fps=12.8 loss=-0.1546 actor=-0.7483 value=0.6316 entropy=3.7916 mean_return=16.505 mean_len=80.4
[gat-train] update=1430 samples=28600 fps=12.8 loss=-0.3421 actor=-0.8916 value=0.5857 entropy=3.6183 mean_return=16.505 mean_len=80.4
[gat-train] update=1431 samples=28620 fps=12.8 loss=17.8683 actor=4.7669 value=13.1362 entropy=3.4738 mean_return=16.480 mean_len=80.2
[gat-train] update=1432 samples=28640 fps=12.8 loss=0.6056 actor=0.2226 value=0.4205 entropy=3.7517 mean_return=16.480 mean_len=80.2
[gat-train] update=1433 samples=28660 fps=12.8 loss=2.0955 actor=1.4054 value=0.7263 entropy=3.6157 mean_return=16.480 mean_len=80.2
[gat-train] update=1434 samples=28680 fps=12.8 loss=0.9614 actor=0.3725 value=0.6258 entropy=3.6881 mean_return=16.480 mean_len=80.2
[gat-train] update=1435 samples=28700 fps=12.8 loss=26.2095 actor=5.0268 value=21.2122 entropy=2.9535 mean_return=16.435 mean_len=80.0
[gat-train] update=1436 samples=28720 fps=12.8 loss=2.6226 actor=1.7861 value=0.8681 entropy=3.1626 mean_return=16.435 mean_len=80.0
[gat-train] update=1437 samples=28740 fps=12.8 loss=32.9787 actor=5.5599 value=27.4511 entropy=3.2303 mean_return=16.389 mean_len=79.8
[gat-train] update=1438 samples=28760 fps=12.8 loss=0.7876 actor=-1.4185 value=2.2385 entropy=3.2507 mean_return=16.389 mean_len=79.8
[gat-train] update=1439 samples=28780 fps=12.8 loss=36.4052 actor=6.6084 value=29.8322 entropy=3.5300 mean_return=16.338 mean_len=79.7
[gat-train] update=1440 samples=28800 fps=12.8 loss=1.3549 actor=0.7705 value=0.6213 entropy=3.6870 mean_return=16.338 mean_len=79.7
[gat-train] update=1441 samples=28820 fps=12.8 loss=0.7671 actor=-0.3289 value=1.1332 entropy=3.7182 mean_return=16.338 mean_len=79.7
[gat-train] update=1442 samples=28840 fps=12.8 loss=0.6673 actor=0.5458 value=0.1606 entropy=3.9003 mean_return=16.338 mean_len=79.7
[gat-train] update=1443 samples=28860 fps=12.8 loss=-0.0082 actor=-0.1409 value=0.1714 entropy=3.8765 mean_return=16.338 mean_len=79.7
[gat-train] update=1444 samples=28880 fps=12.8 loss=0.1372 actor=-0.9458 value=1.1171 entropy=3.4114 mean_return=16.338 mean_len=79.7
[gat-train] update=1445 samples=28900 fps=12.8 loss=8.7478 actor=1.2138 value=7.5705 entropy=3.6523 mean_return=16.264 mean_len=79.3
[gat-train] update=1446 samples=28920 fps=12.8 loss=0.3715 actor=-0.1596 value=0.5693 entropy=3.8160 mean_return=16.264 mean_len=79.3
[gat-train] update=1447 samples=28940 fps=12.8 loss=0.5420 actor=0.2456 value=0.3327 entropy=3.6326 mean_return=16.264 mean_len=79.3
[gat-train] update=1448 samples=28960 fps=12.8 loss=2.9623 actor=1.8885 value=1.1096 entropy=3.5828 mean_return=16.264 mean_len=79.3
[gat-train] update=1449 samples=28980 fps=12.8 loss=20.4313 actor=1.5851 value=18.8781 entropy=3.1924 mean_return=16.249 mean_len=79.1
[gat-train] update=1450 samples=29000 fps=12.8 loss=1.9092 actor=1.3721 value=0.5715 entropy=3.4480 mean_return=16.249 mean_len=79.1
[gat-train] eval update=1450 comp_score=90.72 best=92.38
[gat-train] update=1451 samples=29020 fps=12.8 loss=0.3761 actor=0.1332 value=0.2757 entropy=3.2757 mean_return=16.249 mean_len=79.1
[gat-train] update=1452 samples=29040 fps=12.8 loss=9.3912 actor=2.3773 value=7.0466 entropy=3.2727 mean_return=16.239 mean_len=79.0
[gat-train] update=1453 samples=29060 fps=12.8 loss=1.3456 actor=0.3386 value=1.0418 entropy=3.4816 mean_return=16.239 mean_len=79.0
[gat-train] update=1454 samples=29080 fps=12.8 loss=8.6210 actor=1.5210 value=7.1381 entropy=3.8036 mean_return=16.195 mean_len=78.9
[gat-train] update=1455 samples=29100 fps=12.8 loss=1.1718 actor=0.5988 value=0.6126 entropy=3.9539 mean_return=16.195 mean_len=78.9
[gat-train] update=1456 samples=29120 fps=12.8 loss=1.2063 actor=0.7253 value=0.5201 entropy=3.9035 mean_return=16.195 mean_len=78.9
[gat-train] update=1457 samples=29140 fps=12.8 loss=3.8605 actor=2.0377 value=1.8596 entropy=3.6855 mean_return=16.195 mean_len=78.9
[gat-train] update=1458 samples=29160 fps=12.8 loss=0.3791 actor=-0.8801 value=1.2926 entropy=3.3415 mean_return=16.195 mean_len=78.9
[gat-train] update=1459 samples=29180 fps=12.8 loss=1.8136 actor=-0.5706 value=2.4152 entropy=3.1000 mean_return=16.195 mean_len=78.9
[gat-train] update=1460 samples=29200 fps=12.8 loss=26.5447 actor=3.4865 value=23.0865 entropy=2.8259 mean_return=16.166 mean_len=78.8
[gat-train] update=1461 samples=29220 fps=12.8 loss=0.3629 actor=-0.5076 value=0.9006 entropy=3.0125 mean_return=16.166 mean_len=78.8
[gat-train] update=1462 samples=29240 fps=12.8 loss=0.4770 actor=-0.0260 value=0.5352 entropy=3.2165 mean_return=16.166 mean_len=78.8
[gat-train] update=1463 samples=29260 fps=12.8 loss=45.4933 actor=9.9286 value=35.5983 entropy=3.3581 mean_return=16.073 mean_len=78.1
[gat-train] update=1464 samples=29280 fps=12.8 loss=0.2048 actor=-0.4402 value=0.6801 entropy=3.5124 mean_return=16.073 mean_len=78.1
[gat-train] update=1465 samples=29300 fps=12.8 loss=-0.2980 actor=-0.5894 value=0.3293 entropy=3.7922 mean_return=16.073 mean_len=78.1
[gat-train] update=1466 samples=29320 fps=12.8 loss=-0.9417 actor=-1.8099 value=0.9045 entropy=3.6279 mean_return=16.073 mean_len=78.1
[gat-train] update=1467 samples=29340 fps=12.8 loss=2.7838 actor=1.8142 value=1.0042 entropy=3.4619 mean_return=16.073 mean_len=78.1
[gat-train] update=1468 samples=29360 fps=12.8 loss=12.8074 actor=-0.0140 value=12.8538 entropy=3.2432 mean_return=16.017 mean_len=77.8
[gat-train] update=1469 samples=29380 fps=12.8 loss=0.5844 actor=0.0740 value=0.5477 entropy=3.7280 mean_return=16.017 mean_len=77.8
[gat-train] update=1470 samples=29400 fps=12.8 loss=0.4741 actor=-0.3293 value=0.8406 entropy=3.7171 mean_return=16.017 mean_len=77.8
[gat-train] update=1471 samples=29420 fps=12.8 loss=-0.8873 actor=-1.6310 value=0.7814 entropy=3.7736 mean_return=16.017 mean_len=77.8
[gat-train] update=1472 samples=29440 fps=12.8 loss=0.5548 actor=0.2803 value=0.3133 entropy=3.8747 mean_return=16.017 mean_len=77.8
[gat-train] update=1473 samples=29460 fps=12.8 loss=34.1018 actor=5.6550 value=28.4837 entropy=3.6819 mean_return=15.945 mean_len=77.4
[gat-train] update=1474 samples=29480 fps=12.8 loss=3.4106 actor=2.7265 value=0.7228 entropy=3.8639 mean_return=15.945 mean_len=77.4
[gat-train] update=1475 samples=29500 fps=12.8 loss=1.5840 actor=1.1627 value=0.4574 entropy=3.6074 mean_return=15.945 mean_len=77.4
[gat-train] update=1476 samples=29520 fps=12.8 loss=0.1022 actor=-0.4902 value=0.6214 entropy=2.8958 mean_return=15.945 mean_len=77.4
[gat-train] update=1477 samples=29540 fps=12.8 loss=33.0884 actor=7.3405 value=25.7805 entropy=3.2582 mean_return=15.813 mean_len=76.6
[gat-train] update=1478 samples=29560 fps=12.8 loss=-0.1021 actor=-0.2477 value=0.1815 entropy=3.5871 mean_return=15.813 mean_len=76.6
[gat-train] update=1479 samples=29580 fps=12.8 loss=0.4576 actor=-0.0972 value=0.5907 entropy=3.5881 mean_return=15.813 mean_len=76.6
[gat-train] update=1480 samples=29600 fps=12.8 loss=2.1263 actor=1.1623 value=1.0013 entropy=3.7344 mean_return=15.813 mean_len=76.6
[gat-train] update=1481 samples=29620 fps=12.8 loss=0.6066 actor=0.0209 value=0.6213 entropy=3.5694 mean_return=15.813 mean_len=76.6
[gat-train] update=1482 samples=29640 fps=12.8 loss=37.2986 actor=3.9282 value=33.4030 entropy=3.2569 mean_return=15.765 mean_len=76.5
[gat-train] update=1483 samples=29660 fps=12.8 loss=0.0611 actor=-0.7291 value=0.8252 entropy=3.5019 mean_return=15.765 mean_len=76.5
[gat-train] update=1484 samples=29680 fps=12.8 loss=-0.3742 actor=-0.4571 value=0.1212 entropy=3.8286 mean_return=15.765 mean_len=76.5
[gat-train] update=1485 samples=29700 fps=12.8 loss=-0.1724 actor=-0.6786 value=0.5442 entropy=3.7935 mean_return=15.765 mean_len=76.5
[gat-train] update=1486 samples=29720 fps=12.8 loss=-0.0737 actor=-1.0617 value=1.0241 entropy=3.6046 mean_return=15.765 mean_len=76.5
[gat-train] update=1487 samples=29740 fps=12.8 loss=0.9675 actor=0.5576 value=0.4451 entropy=3.5245 mean_return=15.765 mean_len=76.5
[gat-train] update=1488 samples=29760 fps=12.8 loss=40.5104 actor=6.9592 value=33.5829 entropy=3.1773 mean_return=15.770 mean_len=76.5
[gat-train] update=1489 samples=29780 fps=12.8 loss=0.9454 actor=-0.0939 value=1.0694 entropy=3.0159 mean_return=15.770 mean_len=76.5
[gat-train] update=1490 samples=29800 fps=12.8 loss=0.0856 actor=-0.3802 value=0.4980 entropy=3.2245 mean_return=15.770 mean_len=76.5
[gat-train] update=1491 samples=29820 fps=12.8 loss=40.5308 actor=5.2098 value=35.3503 entropy=2.9281 mean_return=15.711 mean_len=76.2
[gat-train] update=1492 samples=29840 fps=12.8 loss=0.2342 actor=-1.1071 value=1.3689 entropy=2.7612 mean_return=15.711 mean_len=76.2
[gat-train] update=1493 samples=29860 fps=12.8 loss=18.2905 actor=2.1783 value=16.1429 entropy=3.0726 mean_return=15.702 mean_len=76.2
[gat-train] update=1494 samples=29880 fps=12.8 loss=0.9331 actor=0.6173 value=0.3475 entropy=3.1676 mean_return=15.702 mean_len=76.2
[gat-train] update=1495 samples=29900 fps=12.8 loss=19.7701 actor=4.2900 value=15.5102 entropy=3.0037 mean_return=15.625 mean_len=75.6
[gat-train] update=1496 samples=29920 fps=12.8 loss=0.1903 actor=-0.1604 value=0.3836 entropy=3.2983 mean_return=15.625 mean_len=75.6
[gat-train] update=1497 samples=29940 fps=12.8 loss=1.0839 actor=0.8203 value=0.2978 entropy=3.4216 mean_return=15.625 mean_len=75.6
[gat-train] update=1498 samples=29960 fps=12.8 loss=0.1854 actor=0.1223 value=0.0966 entropy=3.3504 mean_return=15.625 mean_len=75.6
[gat-train] update=1499 samples=29980 fps=12.8 loss=-0.0772 actor=-0.4962 value=0.4551 entropy=3.6208 mean_return=15.625 mean_len=75.6
[gat-train] update=1500 samples=30000 fps=12.8 loss=3.3399 actor=2.3792 value=0.9981 entropy=3.7342 mean_return=15.625 mean_len=75.6
[gat-train] eval update=1500 comp_score=88.97 best=92.38
[gat-train] update=1501 samples=30020 fps=12.8 loss=-0.2846 actor=-0.8788 value=0.6287 entropy=3.4492 mean_return=15.625 mean_len=75.6
[gat-train] update=1502 samples=30040 fps=12.8 loss=0.6098 actor=0.2364 value=0.4086 entropy=3.5264 mean_return=15.625 mean_len=75.6
[gat-train] update=1503 samples=30060 fps=12.8 loss=-1.2027 actor=-1.8737 value=0.7064 entropy=3.5411 mean_return=15.625 mean_len=75.6
[gat-train] update=1504 samples=30080 fps=12.8 loss=-0.5435 actor=-0.9472 value=0.4365 entropy=3.2780 mean_return=15.625 mean_len=75.6
[gat-train] update=1505 samples=30100 fps=12.8 loss=11.0426 actor=1.7938 value=9.2832 entropy=3.4414 mean_return=15.596 mean_len=75.5
[gat-train] update=1506 samples=30120 fps=12.8 loss=0.5324 actor=0.3845 value=0.1833 entropy=3.5448 mean_return=15.596 mean_len=75.5
[gat-train] update=1507 samples=30140 fps=12.8 loss=28.6199 actor=6.0190 value=22.6328 entropy=3.1878 mean_return=15.531 mean_len=75.4
[gat-train] update=1508 samples=30160 fps=12.8 loss=1.4891 actor=1.1288 value=0.3900 entropy=2.9603 mean_return=15.531 mean_len=75.4
[gat-train] update=1509 samples=30180 fps=12.8 loss=11.2187 actor=2.6001 value=8.6491 entropy=3.0569 mean_return=15.494 mean_len=75.3
[gat-train] update=1510 samples=30200 fps=12.8 loss=9.2457 actor=2.2741 value=7.0053 entropy=3.3671 mean_return=15.468 mean_len=75.2
[gat-train] update=1511 samples=30220 fps=12.8 loss=-0.0271 actor=-0.1227 value=0.1306 entropy=3.4964 mean_return=15.468 mean_len=75.2
[gat-train] update=1512 samples=30240 fps=12.8 loss=1.2662 actor=0.5002 value=0.8014 entropy=3.5458 mean_return=15.468 mean_len=75.2
[gat-train] update=1513 samples=30260 fps=12.8 loss=1.2237 actor=0.4988 value=0.7619 entropy=3.7038 mean_return=15.468 mean_len=75.2
[gat-train] update=1514 samples=30280 fps=12.8 loss=3.3127 actor=1.6305 value=1.7183 entropy=3.6042 mean_return=15.468 mean_len=75.2
[gat-train] update=1515 samples=30300 fps=12.8 loss=1.9719 actor=0.6625 value=1.3454 entropy=3.6062 mean_return=15.468 mean_len=75.2
[gat-train] update=1516 samples=30320 fps=12.8 loss=0.9919 actor=0.4502 value=0.5776 entropy=3.5900 mean_return=15.468 mean_len=75.2
[gat-train] update=1517 samples=30340 fps=12.8 loss=-0.4282 actor=-1.0737 value=0.6815 entropy=3.6015 mean_return=15.468 mean_len=75.2
[gat-train] update=1518 samples=30360 fps=12.8 loss=0.3974 actor=0.0572 value=0.3738 entropy=3.3586 mean_return=15.468 mean_len=75.2
[gat-train] update=1519 samples=30380 fps=12.8 loss=22.7242 actor=2.2196 value=20.5377 entropy=3.3185 mean_return=15.428 mean_len=75.0
[gat-train] update=1520 samples=30400 fps=12.8 loss=1.6967 actor=0.1941 value=1.5367 entropy=3.4113 mean_return=15.428 mean_len=75.0
[gat-train] update=1521 samples=30420 fps=12.8 loss=36.2919 actor=6.2362 value=30.0880 entropy=3.2419 mean_return=15.384 mean_len=74.8
[gat-train] update=1522 samples=30440 fps=12.8 loss=-0.3314 actor=-0.6786 value=0.3784 entropy=3.1262 mean_return=15.384 mean_len=74.8
[gat-train] update=1523 samples=30460 fps=12.8 loss=3.0503 actor=2.2294 value=0.8499 entropy=2.9025 mean_return=15.384 mean_len=74.8
[gat-train] update=1524 samples=30480 fps=12.8 loss=33.8121 actor=6.0092 value=27.8317 entropy=2.8825 mean_return=15.306 mean_len=74.3
[gat-train] update=1525 samples=30500 fps=12.8 loss=-0.0068 actor=-0.0977 value=0.1269 entropy=3.6119 mean_return=15.306 mean_len=74.3
[gat-train] update=1526 samples=30520 fps=12.8 loss=-0.1466 actor=-0.2364 value=0.1268 entropy=3.6992 mean_return=15.306 mean_len=74.3
[gat-train] update=1527 samples=30540 fps=12.8 loss=-0.9717 actor=-1.4322 value=0.4971 entropy=3.6637 mean_return=15.306 mean_len=74.3
[gat-train] update=1528 samples=30560 fps=12.8 loss=-0.8565 actor=-1.1090 value=0.2910 entropy=3.8491 mean_return=15.306 mean_len=74.3
[gat-train] update=1529 samples=30580 fps=12.8 loss=0.3191 actor=-0.0719 value=0.4293 entropy=3.8292 mean_return=15.306 mean_len=74.3
[gat-train] update=1530 samples=30600 fps=12.8 loss=0.0624 actor=-0.4270 value=0.5257 entropy=3.6403 mean_return=15.306 mean_len=74.3
[gat-train] update=1531 samples=30620 fps=12.8 loss=-0.9605 actor=-2.0883 value=1.1655 entropy=3.7764 mean_return=15.306 mean_len=74.3
[gat-train] update=1532 samples=30640 fps=12.8 loss=0.2674 actor=-0.4444 value=0.7489 entropy=3.7125 mean_return=15.306 mean_len=74.3
[gat-train] update=1533 samples=30660 fps=12.8 loss=1.4323 actor=0.9160 value=0.5508 entropy=3.4447 mean_return=15.306 mean_len=74.3
[gat-train] update=1534 samples=30680 fps=12.8 loss=27.6217 actor=4.4018 value=23.2469 entropy=2.7033 mean_return=15.285 mean_len=74.2
[gat-train] update=1535 samples=30700 fps=12.8 loss=9.0079 actor=2.6347 value=6.4038 entropy=3.0645 mean_return=15.263 mean_len=74.0
[gat-train] update=1536 samples=30720 fps=12.8 loss=2.0186 actor=1.3739 value=0.6764 entropy=3.1703 mean_return=15.263 mean_len=74.0
[gat-train] update=1537 samples=30740 fps=12.8 loss=18.5369 actor=2.4088 value=16.1564 entropy=2.8324 mean_return=15.241 mean_len=73.7
[gat-train] update=1538 samples=30760 fps=12.8 loss=37.4407 actor=6.4087 value=31.0637 entropy=3.1688 mean_return=15.190 mean_len=73.5
[gat-train] update=1539 samples=30780 fps=12.8 loss=0.4609 actor=-0.1779 value=0.6726 entropy=3.3845 mean_return=15.190 mean_len=73.5
[gat-train] update=1540 samples=30800 fps=12.8 loss=-0.3769 actor=-0.4360 value=0.0948 entropy=3.5701 mean_return=15.190 mean_len=73.5
[gat-train] update=1541 samples=30820 fps=12.8 loss=0.7989 actor=0.6442 value=0.1910 entropy=3.6328 mean_return=15.190 mean_len=73.5
[gat-train] update=1542 samples=30840 fps=12.8 loss=-0.8190 actor=-1.3211 value=0.5376 entropy=3.5528 mean_return=15.190 mean_len=73.5
[gat-train] update=1543 samples=30860 fps=12.8 loss=-0.8809 actor=-1.2394 value=0.3952 entropy=3.6681 mean_return=15.190 mean_len=73.5
[gat-train] update=1544 samples=30880 fps=12.8 loss=1.8466 actor=1.0195 value=0.8660 entropy=3.8851 mean_return=15.190 mean_len=73.5
[gat-train] update=1545 samples=30900 fps=12.8 loss=-0.0710 actor=-0.7288 value=0.6948 entropy=3.7005 mean_return=15.190 mean_len=73.5
[gat-train] update=1546 samples=30920 fps=12.8 loss=0.4288 actor=0.0780 value=0.3868 entropy=3.5965 mean_return=15.190 mean_len=73.5
[gat-train] update=1547 samples=30940 fps=12.8 loss=0.5632 actor=-0.2790 value=0.8772 entropy=3.5009 mean_return=15.190 mean_len=73.5
[gat-train] update=1548 samples=30960 fps=12.8 loss=-0.5320 actor=-1.0001 value=0.5020 entropy=3.3856 mean_return=15.190 mean_len=73.5
[gat-train] update=1549 samples=30980 fps=12.8 loss=24.9446 actor=4.8113 value=20.1609 entropy=2.7640 mean_return=15.136 mean_len=73.3
[gat-train] update=1550 samples=31000 fps=12.8 loss=63.7982 actor=12.2157 value=51.6113 entropy=2.8781 mean_return=15.099 mean_len=73.1
[gat-train] eval update=1550 comp_score=90.72 best=92.38
[gat-train] update=1551 samples=31020 fps=12.8 loss=0.7564 actor=0.1349 value=0.6496 entropy=2.8064 mean_return=15.099 mean_len=73.1
[gat-train] update=1552 samples=31040 fps=12.8 loss=0.3368 actor=0.1587 value=0.2084 entropy=3.0252 mean_return=15.099 mean_len=73.1
[gat-train] update=1553 samples=31060 fps=12.8 loss=24.2374 actor=3.9829 value=20.2854 entropy=3.0932 mean_return=15.049 mean_len=72.9
[gat-train] update=1554 samples=31080 fps=12.8 loss=0.7917 actor=0.5756 value=0.2500 entropy=3.3875 mean_return=15.049 mean_len=72.9
[gat-train] update=1555 samples=31100 fps=12.8 loss=0.2409 actor=-0.2207 value=0.4950 entropy=3.3386 mean_return=15.049 mean_len=72.9
[gat-train] update=1556 samples=31120 fps=12.8 loss=0.4293 actor=0.1590 value=0.3059 entropy=3.5696 mean_return=15.049 mean_len=72.9
[gat-train] update=1557 samples=31140 fps=12.8 loss=-1.0632 actor=-1.6463 value=0.6195 entropy=3.6425 mean_return=15.049 mean_len=72.9
[gat-train] update=1558 samples=31160 fps=12.8 loss=-0.4688 actor=-0.6237 value=0.1932 entropy=3.8353 mean_return=15.049 mean_len=72.9
[gat-train] update=1559 samples=31180 fps=12.8 loss=0.5147 actor=0.3157 value=0.2388 entropy=3.9835 mean_return=15.049 mean_len=72.9
[gat-train] update=1560 samples=31200 fps=12.8 loss=0.6964 actor=0.4455 value=0.2902 entropy=3.9279 mean_return=15.049 mean_len=72.9
[gat-train] update=1561 samples=31220 fps=12.8 loss=-0.5788 actor=-1.1761 value=0.6359 entropy=3.8500 mean_return=15.049 mean_len=72.9
[gat-train] update=1562 samples=31240 fps=12.8 loss=0.7308 actor=-0.0168 value=0.7861 entropy=3.8553 mean_return=15.049 mean_len=72.9
[gat-train] update=1563 samples=31260 fps=12.8 loss=1.0321 actor=0.6775 value=0.3908 entropy=3.6120 mean_return=15.049 mean_len=72.9
[gat-train] update=1564 samples=31280 fps=12.8 loss=76.3266 actor=13.7728 value=62.5855 entropy=3.1678 mean_return=14.954 mean_len=72.5
[gat-train] update=1565 samples=31300 fps=12.8 loss=1.2116 actor=-0.4084 value=1.6479 entropy=2.7941 mean_return=14.954 mean_len=72.5
[gat-train] update=1566 samples=31320 fps=12.8 loss=1.0232 actor=0.7845 value=0.2696 entropy=3.0918 mean_return=14.954 mean_len=72.5
[gat-train] update=1567 samples=31340 fps=12.8 loss=12.3230 actor=3.4338 value=8.9221 entropy=3.2830 mean_return=14.947 mean_len=72.5
[gat-train] update=1568 samples=31360 fps=12.8 loss=0.2163 actor=-0.0192 value=0.2689 entropy=3.3505 mean_return=14.947 mean_len=72.5
[gat-train] update=1569 samples=31380 fps=12.8 loss=50.8117 actor=8.7566 value=42.0888 entropy=3.3640 mean_return=14.910 mean_len=72.4
[gat-train] update=1570 samples=31400 fps=12.8 loss=0.6351 actor=-0.2193 value=0.8867 entropy=3.2319 mean_return=14.910 mean_len=72.4
[gat-train] update=1571 samples=31420 fps=12.8 loss=1.3425 actor=0.3999 value=0.9787 entropy=3.6120 mean_return=14.910 mean_len=72.4
[gat-train] update=1572 samples=31440 fps=12.8 loss=0.0445 actor=-0.2697 value=0.3498 entropy=3.5624 mean_return=14.910 mean_len=72.4
[gat-train] update=1573 samples=31460 fps=12.8 loss=-0.9841 actor=-1.7261 value=0.7772 entropy=3.5184 mean_return=14.910 mean_len=72.4
[gat-train] update=1574 samples=31480 fps=12.8 loss=-0.5825 actor=-0.9890 value=0.4417 entropy=3.5234 mean_return=14.910 mean_len=72.4
[gat-train] update=1575 samples=31500 fps=12.8 loss=-0.5502 actor=-1.2596 value=0.7444 entropy=3.4957 mean_return=14.910 mean_len=72.4
[gat-train] update=1576 samples=31520 fps=12.8 loss=0.0285 actor=-0.4440 value=0.5076 entropy=3.5083 mean_return=14.910 mean_len=72.4
[gat-train] update=1577 samples=31540 fps=12.8 loss=18.3874 actor=3.9977 value=14.4230 entropy=3.3270 mean_return=14.854 mean_len=72.1
[gat-train] update=1578 samples=31560 fps=12.8 loss=-0.0191 actor=-0.4825 value=0.4973 entropy=3.3871 mean_return=14.854 mean_len=72.1
[gat-train] update=1579 samples=31580 fps=12.8 loss=1.9717 actor=1.3003 value=0.7075 entropy=3.6004 mean_return=14.854 mean_len=72.1
[gat-train] update=1580 samples=31600 fps=12.8 loss=53.7072 actor=11.4992 value=42.2428 entropy=3.4795 mean_return=14.824 mean_len=72.1
[gat-train] update=1581 samples=31620 fps=12.8 loss=34.9390 actor=6.6341 value=28.3339 entropy=2.8994 mean_return=14.805 mean_len=72.0
[gat-train] update=1582 samples=31640 fps=12.8 loss=0.6575 actor=0.4826 value=0.2081 entropy=3.3146 mean_return=14.805 mean_len=72.0
[gat-train] update=1583 samples=31660 fps=12.8 loss=1.2570 actor=0.9505 value=0.3414 entropy=3.4793 mean_return=14.805 mean_len=72.0
[gat-train] update=1584 samples=31680 fps=12.8 loss=8.2498 actor=1.7889 value=6.4957 entropy=3.4836 mean_return=14.782 mean_len=71.9
[gat-train] update=1585 samples=31700 fps=12.8 loss=-0.4403 actor=-0.4795 value=0.0755 entropy=3.6329 mean_return=14.782 mean_len=71.9
[gat-train] update=1586 samples=31720 fps=12.8 loss=2.1643 actor=1.8655 value=0.3378 entropy=3.8971 mean_return=14.782 mean_len=71.9
[gat-train] update=1587 samples=31740 fps=12.8 loss=-0.6455 actor=-1.0483 value=0.4413 entropy=3.8482 mean_return=14.782 mean_len=71.9
[gat-train] update=1588 samples=31760 fps=12.8 loss=-0.8279 actor=-1.1399 value=0.3506 entropy=3.8605 mean_return=14.782 mean_len=71.9
[gat-train] update=1589 samples=31780 fps=12.8 loss=0.5162 actor=0.3750 value=0.1799 entropy=3.8713 mean_return=14.782 mean_len=71.9
[gat-train] update=1590 samples=31800 fps=12.8 loss=35.2884 actor=9.6208 value=25.7048 entropy=3.7187 mean_return=14.752 mean_len=71.7
[gat-train] update=1591 samples=31820 fps=12.8 loss=1.4638 actor=0.9759 value=0.5217 entropy=3.3839 mean_return=14.752 mean_len=71.7
[gat-train] update=1592 samples=31840 fps=12.8 loss=0.3995 actor=-0.0530 value=0.4861 entropy=3.3588 mean_return=14.752 mean_len=71.7
[gat-train] update=1593 samples=31860 fps=12.8 loss=-0.4321 actor=-0.8755 value=0.4763 entropy=3.2905 mean_return=14.752 mean_len=71.7
[gat-train] update=1594 samples=31880 fps=12.8 loss=-0.6704 actor=-1.0092 value=0.3703 entropy=3.1457 mean_return=14.752 mean_len=71.7
[gat-train] update=1595 samples=31900 fps=12.8 loss=1.3518 actor=1.1460 value=0.2357 entropy=2.9956 mean_return=14.752 mean_len=71.7
[gat-train] update=1596 samples=31920 fps=12.9 loss=24.9416 actor=4.3808 value=20.5906 entropy=2.9763 mean_return=14.789 mean_len=71.9
[gat-train] update=1597 samples=31940 fps=12.9 loss=0.5717 actor=0.4811 value=0.1242 entropy=3.3594 mean_return=14.789 mean_len=71.9
[gat-train] update=1598 samples=31960 fps=12.9 loss=-0.3756 actor=-0.5955 value=0.2524 entropy=3.2504 mean_return=14.789 mean_len=71.9
[gat-train] update=1599 samples=31980 fps=12.9 loss=0.7058 actor=0.5883 value=0.1479 entropy=3.0411 mean_return=14.789 mean_len=71.9
[gat-train] update=1600 samples=32000 fps=12.9 loss=10.5731 actor=2.4800 value=8.1252 entropy=3.2150 mean_return=14.815 mean_len=72.0
[gat-train] eval update=1600 comp_score=88.97 best=92.38
[gat-train] update=1601 samples=32020 fps=12.8 loss=0.9589 actor=0.7260 value=0.2671 entropy=3.4187 mean_return=14.815 mean_len=72.0
[gat-train] update=1602 samples=32040 fps=12.8 loss=1.8111 actor=1.3981 value=0.4464 entropy=3.3382 mean_return=14.815 mean_len=72.0
[gat-train] update=1603 samples=32060 fps=12.8 loss=0.9957 actor=0.4193 value=0.6101 entropy=3.3810 mean_return=14.815 mean_len=72.0
[gat-train] update=1604 samples=32080 fps=12.8 loss=0.7596 actor=0.4248 value=0.3691 entropy=3.4310 mean_return=14.815 mean_len=72.0
[gat-train] update=1605 samples=32100 fps=12.8 loss=1.2646 actor=0.8930 value=0.4054 entropy=3.3837 mean_return=14.815 mean_len=72.0
[gat-train] update=1606 samples=32120 fps=12.8 loss=8.4261 actor=0.7936 value=7.6654 entropy=3.2843 mean_return=14.800 mean_len=72.0
[gat-train] update=1607 samples=32140 fps=12.8 loss=2.2171 actor=1.6302 value=0.6224 entropy=3.5500 mean_return=14.800 mean_len=72.0
[gat-train] update=1608 samples=32160 fps=12.8 loss=-1.1382 actor=-1.7887 value=0.6849 entropy=3.4491 mean_return=14.800 mean_len=72.0
[gat-train] update=1609 samples=32180 fps=12.8 loss=0.5528 actor=0.0194 value=0.5675 entropy=3.4094 mean_return=14.800 mean_len=72.0
[gat-train] update=1610 samples=32200 fps=12.8 loss=-0.1496 actor=-0.5698 value=0.4529 entropy=3.2625 mean_return=14.800 mean_len=72.0
[gat-train] update=1611 samples=32220 fps=12.8 loss=33.5984 actor=6.8326 value=26.7940 entropy=2.8174 mean_return=14.825 mean_len=72.2
[gat-train] update=1612 samples=32240 fps=12.8 loss=10.7727 actor=3.3674 value=7.4335 entropy=2.8164 mean_return=14.879 mean_len=72.5
[gat-train] update=1613 samples=32260 fps=12.9 loss=0.0898 actor=-0.1010 value=0.2198 entropy=2.9100 mean_return=14.879 mean_len=72.5
[gat-train] update=1614 samples=32280 fps=12.9 loss=7.1607 actor=1.7920 value=5.3997 entropy=3.0970 mean_return=14.897 mean_len=72.6
[gat-train] update=1615 samples=32300 fps=12.9 loss=-0.8072 actor=-1.0154 value=0.2415 entropy=3.3318 mean_return=14.897 mean_len=72.6
[gat-train] update=1616 samples=32320 fps=12.9 loss=0.8857 actor=0.6586 value=0.2620 entropy=3.4926 mean_return=14.897 mean_len=72.6
[gat-train] update=1617 samples=32340 fps=12.9 loss=-0.7868 actor=-0.9067 value=0.1544 entropy=3.4451 mean_return=14.897 mean_len=72.6
[gat-train] update=1618 samples=32360 fps=12.9 loss=-0.0422 actor=-0.1375 value=0.1304 entropy=3.5070 mean_return=14.897 mean_len=72.6
[gat-train] update=1619 samples=32380 fps=12.9 loss=0.4673 actor=0.3224 value=0.1785 entropy=3.3509 mean_return=14.897 mean_len=72.6
[gat-train] update=1620 samples=32400 fps=12.9 loss=22.1540 actor=3.5060 value=18.6812 entropy=3.3175 mean_return=14.929 mean_len=72.7
[gat-train] update=1621 samples=32420 fps=12.9 loss=0.2395 actor=0.0719 value=0.2027 entropy=3.5143 mean_return=14.929 mean_len=72.7
[gat-train] update=1622 samples=32440 fps=12.9 loss=1.1762 actor=1.0174 value=0.1951 entropy=3.6292 mean_return=14.929 mean_len=72.7
[gat-train] update=1623 samples=32460 fps=12.9 loss=-0.4349 actor=-0.6278 value=0.2287 entropy=3.5707 mean_return=14.929 mean_len=72.7
[gat-train] update=1624 samples=32480 fps=12.9 loss=-1.0216 actor=-1.5933 value=0.6070 entropy=3.5334 mean_return=14.929 mean_len=72.7
[gat-train] update=1625 samples=32500 fps=12.9 loss=0.1697 actor=-0.4116 value=0.6162 entropy=3.4866 mean_return=14.929 mean_len=72.7
[gat-train] update=1626 samples=32520 fps=12.9 loss=0.1797 actor=-0.2485 value=0.4599 entropy=3.1704 mean_return=14.929 mean_len=72.7
[gat-train] update=1627 samples=32540 fps=12.9 loss=49.4119 actor=9.0207 value=40.4209 entropy=2.9646 mean_return=15.024 mean_len=73.1
[gat-train] update=1628 samples=32560 fps=12.9 loss=0.1161 actor=-0.0149 value=0.1635 entropy=3.2443 mean_return=15.024 mean_len=73.1
[gat-train] update=1629 samples=32580 fps=12.9 loss=-0.1308 actor=-0.2990 value=0.2026 entropy=3.4327 mean_return=15.024 mean_len=73.1
[gat-train] update=1630 samples=32600 fps=12.9 loss=0.7787 actor=0.6546 value=0.1588 entropy=3.4697 mean_return=15.024 mean_len=73.1
[gat-train] update=1631 samples=32620 fps=12.9 loss=-0.2788 actor=-0.5419 value=0.2949 entropy=3.1774 mean_return=15.024 mean_len=73.1
[gat-train] update=1632 samples=32640 fps=12.9 loss=12.0974 actor=2.9686 value=9.1622 entropy=3.3428 mean_return=15.073 mean_len=73.5
[gat-train] update=1633 samples=32660 fps=12.9 loss=0.4167 actor=0.1636 value=0.2880 entropy=3.4940 mean_return=15.073 mean_len=73.5
[gat-train] update=1634 samples=32680 fps=12.9 loss=1.4508 actor=1.1261 value=0.3589 entropy=3.4221 mean_return=15.073 mean_len=73.5
[gat-train] update=1635 samples=32700 fps=12.9 loss=-0.4387 actor=-0.5954 value=0.1882 entropy=3.1575 mean_return=15.073 mean_len=73.5
[gat-train] update=1636 samples=32720 fps=12.9 loss=24.9061 actor=4.4389 value=20.4993 entropy=3.2009 mean_return=15.080 mean_len=73.7
[gat-train] update=1637 samples=32740 fps=12.9 loss=4.2890 actor=2.8131 value=1.5100 entropy=3.4116 mean_return=15.080 mean_len=73.7
[gat-train] update=1638 samples=32760 fps=12.9 loss=0.6226 actor=-0.0748 value=0.7308 entropy=3.3367 mean_return=15.080 mean_len=73.7
[gat-train] update=1639 samples=32780 fps=12.9 loss=0.3243 actor=-0.1413 value=0.5004 entropy=3.4810 mean_return=15.080 mean_len=73.7
[gat-train] update=1640 samples=32800 fps=12.9 loss=-0.5211 actor=-0.8271 value=0.3408 entropy=3.4761 mean_return=15.080 mean_len=73.7
[gat-train] update=1641 samples=32820 fps=12.9 loss=1.4836 actor=1.0514 value=0.4643 entropy=3.2168 mean_return=15.080 mean_len=73.7
[gat-train] update=1642 samples=32840 fps=12.9 loss=69.5691 actor=13.2839 value=56.3142 entropy=2.9005 mean_return=15.117 mean_len=73.8
[gat-train] update=1643 samples=32860 fps=12.9 loss=0.2173 actor=-0.6483 value=0.8934 entropy=2.7856 mean_return=15.117 mean_len=73.8
[gat-train] update=1644 samples=32880 fps=12.9 loss=0.1836 actor=-0.0797 value=0.2950 entropy=3.1613 mean_return=15.117 mean_len=73.8
[gat-train] update=1645 samples=32900 fps=12.9 loss=0.3814 actor=0.2711 value=0.1418 entropy=3.1449 mean_return=15.117 mean_len=73.8
[gat-train] update=1646 samples=32920 fps=12.9 loss=0.8607 actor=0.6235 value=0.2684 entropy=3.1189 mean_return=15.117 mean_len=73.8
[gat-train] update=1647 samples=32940 fps=12.9 loss=41.4394 actor=6.5867 value=34.8831 entropy=3.0371 mean_return=15.186 mean_len=74.3
[gat-train] update=1648 samples=32960 fps=12.9 loss=-0.3775 actor=-0.9546 value=0.6053 entropy=2.8173 mean_return=15.186 mean_len=74.3
[gat-train] update=1649 samples=32980 fps=12.9 loss=0.9049 actor=0.4992 value=0.4371 entropy=3.1307 mean_return=15.186 mean_len=74.3
[gat-train] update=1650 samples=33000 fps=12.9 loss=-0.3810 actor=-0.9382 value=0.5887 entropy=3.1466 mean_return=15.186 mean_len=74.3
[gat-train] eval update=1650 comp_score=84.44 best=92.38
[gat-train] update=1651 samples=33020 fps=12.8 loss=21.6990 actor=6.2562 value=15.4723 entropy=2.9403 mean_return=15.190 mean_len=74.3
[gat-train] update=1652 samples=33040 fps=12.9 loss=0.0997 actor=-0.4202 value=0.5504 entropy=3.0474 mean_return=15.190 mean_len=74.3
[gat-train] update=1653 samples=33060 fps=12.9 loss=0.2813 actor=0.1678 value=0.1448 entropy=3.1265 mean_return=15.190 mean_len=74.3
[gat-train] update=1654 samples=33080 fps=12.9 loss=-0.0990 actor=-0.3404 value=0.2720 entropy=3.0598 mean_return=15.190 mean_len=74.3
[gat-train] update=1655 samples=33100 fps=12.8 loss=-0.8089 actor=-1.1263 value=0.3480 entropy=3.0551 mean_return=15.190 mean_len=74.3
[gat-train] update=1656 samples=33120 fps=12.8 loss=0.5899 actor=-0.2993 value=0.9211 entropy=3.1811 mean_return=15.190 mean_len=74.3
[gat-train] update=1657 samples=33140 fps=12.8 loss=0.8183 actor=0.3524 value=0.4948 entropy=2.8888 mean_return=15.190 mean_len=74.3
[gat-train] update=1658 samples=33160 fps=12.8 loss=77.2170 actor=14.6975 value=62.5468 entropy=2.7320 mean_return=15.310 mean_len=74.8
[gat-train] update=1659 samples=33180 fps=12.8 loss=0.0425 actor=-0.5522 value=0.6154 entropy=2.0697 mean_return=15.310 mean_len=74.8
[gat-train] update=1660 samples=33200 fps=12.8 loss=-0.1020 actor=-0.4324 value=0.3512 entropy=2.0793 mean_return=15.310 mean_len=74.8
[gat-train] update=1661 samples=33220 fps=12.9 loss=0.6516 actor=0.4318 value=0.2413 entropy=2.1404 mean_return=15.310 mean_len=74.8
[gat-train] update=1662 samples=33240 fps=12.8 loss=0.5577 actor=0.4174 value=0.1633 entropy=2.2965 mean_return=15.310 mean_len=74.8
[gat-train] update=1663 samples=33260 fps=12.8 loss=-0.3436 actor=-0.9572 value=0.6356 entropy=2.1967 mean_return=15.310 mean_len=74.8
[gat-train] update=1664 samples=33280 fps=12.8 loss=0.4304 actor=0.0520 value=0.4032 entropy=2.4791 mean_return=15.310 mean_len=74.8
[gat-train] update=1665 samples=33300 fps=12.8 loss=0.7510 actor=0.5249 value=0.2458 entropy=1.9741 mean_return=15.310 mean_len=74.8
[gat-train] update=1666 samples=33320 fps=12.8 loss=12.9442 actor=3.5787 value=9.3847 entropy=1.9226 mean_return=15.385 mean_len=75.3
[gat-train] update=1667 samples=33340 fps=12.9 loss=21.7133 actor=3.6355 value=18.0982 entropy=2.0389 mean_return=15.431 mean_len=75.5
[gat-train] update=1668 samples=33360 fps=12.9 loss=-0.6006 actor=-0.9300 value=0.3497 entropy=2.0221 mean_return=15.431 mean_len=75.5
[gat-train] update=1669 samples=33380 fps=12.9 loss=-0.3789 actor=-0.6078 value=0.2520 entropy=2.3054 mean_return=15.431 mean_len=75.5
[gat-train] update=1670 samples=33400 fps=12.9 loss=-0.8944 actor=-1.3081 value=0.4349 entropy=2.1246 mean_return=15.431 mean_len=75.5
[gat-train] update=1671 samples=33420 fps=12.9 loss=-0.1125 actor=-0.1955 value=0.1084 entropy=2.5336 mean_return=15.431 mean_len=75.5
[gat-train] update=1672 samples=33440 fps=12.8 loss=0.7208 actor=0.3482 value=0.3954 entropy=2.2818 mean_return=15.431 mean_len=75.5
[gat-train] update=1673 samples=33460 fps=12.8 loss=0.0913 actor=0.0024 value=0.1122 entropy=2.3356 mean_return=15.431 mean_len=75.5
[gat-train] update=1674 samples=33480 fps=12.9 loss=32.0191 actor=4.7976 value=27.2420 entropy=2.0498 mean_return=15.479 mean_len=75.6
[gat-train] update=1675 samples=33500 fps=12.9 loss=25.8104 actor=4.7293 value=21.0986 entropy=1.7563 mean_return=15.488 mean_len=75.7
[gat-train] update=1676 samples=33520 fps=12.9 loss=0.0833 actor=0.0421 value=0.0591 entropy=1.8014 mean_return=15.488 mean_len=75.7
[gat-train] update=1677 samples=33540 fps=12.9 loss=-0.1624 actor=-0.3312 value=0.1881 entropy=1.9325 mean_return=15.488 mean_len=75.7
[gat-train] update=1678 samples=33560 fps=12.9 loss=-0.1322 actor=-0.1835 value=0.0714 entropy=2.0071 mean_return=15.488 mean_len=75.7
[gat-train] update=1679 samples=33580 fps=12.9 loss=-0.3408 actor=-0.4439 value=0.1242 entropy=2.1076 mean_return=15.488 mean_len=75.7
[gat-train] update=1680 samples=33600 fps=12.9 loss=0.1460 actor=0.0577 value=0.1125 entropy=2.4303 mean_return=15.488 mean_len=75.7
[gat-train] update=1681 samples=33620 fps=12.8 loss=-0.1083 actor=-0.2537 value=0.1689 entropy=2.3502 mean_return=15.488 mean_len=75.7
[gat-train] update=1682 samples=33640 fps=12.8 loss=0.7677 actor=0.3696 value=0.4215 entropy=2.3383 mean_return=15.488 mean_len=75.7
[gat-train] update=1683 samples=33660 fps=12.8 loss=18.2429 actor=2.6690 value=15.5940 entropy=2.0087 mean_return=15.542 mean_len=76.0
[gat-train] update=1684 samples=33680 fps=12.8 loss=0.9806 actor=0.3056 value=0.6951 entropy=1.9997 mean_return=15.542 mean_len=76.0
[gat-train] update=1685 samples=33700 fps=12.8 loss=0.0144 actor=-0.3566 value=0.3916 entropy=2.0638 mean_return=15.542 mean_len=76.0
[gat-train] update=1686 samples=33720 fps=12.9 loss=12.4099 actor=3.2286 value=9.2008 entropy=1.9519 mean_return=15.589 mean_len=76.3
[gat-train] update=1687 samples=33740 fps=12.9 loss=0.3373 actor=0.1418 value=0.2155 entropy=2.0006 mean_return=15.589 mean_len=76.3
[gat-train] update=1688 samples=33760 fps=12.8 loss=0.2384 actor=0.0101 value=0.2491 entropy=2.0762 mean_return=15.589 mean_len=76.3
[gat-train] update=1689 samples=33780 fps=12.8 loss=0.1752 actor=-0.1442 value=0.3410 entropy=2.1563 mean_return=15.589 mean_len=76.3
[gat-train] update=1690 samples=33800 fps=12.8 loss=41.2412 actor=8.0293 value=33.2343 entropy=2.2447 mean_return=15.648 mean_len=76.6
[gat-train] update=1691 samples=33820 fps=12.9 loss=1.1898 actor=0.3163 value=0.8938 entropy=2.0316 mean_return=15.648 mean_len=76.6
[gat-train] update=1692 samples=33840 fps=12.9 loss=9.2346 actor=1.8644 value=7.3900 entropy=1.9842 mean_return=15.686 mean_len=76.7
[gat-train] update=1693 samples=33860 fps=12.9 loss=2.0272 actor=1.2320 value=0.8161 entropy=2.0988 mean_return=15.686 mean_len=76.7
[gat-train] update=1694 samples=33880 fps=12.9 loss=-0.0686 actor=-0.2408 value=0.1962 entropy=2.4067 mean_return=15.686 mean_len=76.7
[gat-train] update=1695 samples=33900 fps=12.9 loss=-0.5184 actor=-1.1557 value=0.6649 entropy=2.7603 mean_return=15.686 mean_len=76.7
[gat-train] update=1696 samples=33920 fps=12.9 loss=-0.8094 actor=-0.9492 value=0.1692 entropy=2.9268 mean_return=15.686 mean_len=76.7
[gat-train] update=1697 samples=33940 fps=12.9 loss=-0.4083 actor=-0.6574 value=0.2774 entropy=2.8264 mean_return=15.686 mean_len=76.7
[gat-train] update=1698 samples=33960 fps=12.9 loss=1.8815 actor=1.4639 value=0.4469 entropy=2.9195 mean_return=15.686 mean_len=76.7
[gat-train] update=1699 samples=33980 fps=12.9 loss=0.4391 actor=0.1025 value=0.3661 entropy=2.9542 mean_return=15.686 mean_len=76.7
[gat-train] update=1700 samples=34000 fps=12.9 loss=17.3847 actor=2.7887 value=14.6221 entropy=2.6133 mean_return=15.762 mean_len=76.8
[gat-train] eval update=1700 comp_score=86.19 best=92.38
[gat-train] update=1701 samples=34020 fps=12.8 loss=0.0768 actor=-0.0581 value=0.1603 entropy=2.5354 mean_return=15.762 mean_len=76.8
[gat-train] update=1702 samples=34040 fps=12.8 loss=44.7151 actor=6.2419 value=38.5006 entropy=2.7427 mean_return=15.771 mean_len=76.9
[gat-train] update=1703 samples=34060 fps=12.8 loss=-0.4253 actor=-0.8705 value=0.4694 entropy=2.4117 mean_return=15.771 mean_len=76.9
[gat-train] update=1704 samples=34080 fps=12.8 loss=1.1134 actor=0.8495 value=0.2913 entropy=2.7398 mean_return=15.771 mean_len=76.9
[gat-train] update=1705 samples=34100 fps=12.8 loss=0.2483 actor=0.1692 value=0.1048 entropy=2.5740 mean_return=15.771 mean_len=76.9
[gat-train] update=1706 samples=34120 fps=12.8 loss=0.6865 actor=0.5016 value=0.2111 entropy=2.6126 mean_return=15.771 mean_len=76.9
[gat-train] update=1707 samples=34140 fps=12.8 loss=15.5836 actor=3.7004 value=11.9061 entropy=2.2972 mean_return=15.799 mean_len=77.0
[gat-train] update=1708 samples=34160 fps=12.8 loss=18.7191 actor=3.6074 value=15.1315 entropy=1.9806 mean_return=15.859 mean_len=77.3
[gat-train] update=1709 samples=34180 fps=12.8 loss=0.0704 actor=0.0467 value=0.0463 entropy=2.2551 mean_return=15.859 mean_len=77.3
[gat-train] update=1710 samples=34200 fps=12.8 loss=0.1321 actor=0.0262 value=0.1262 entropy=2.0326 mean_return=15.859 mean_len=77.3
[gat-train] update=1711 samples=34220 fps=12.8 loss=-0.5064 actor=-0.6044 value=0.1216 entropy=2.3563 mean_return=15.859 mean_len=77.3
[gat-train] update=1712 samples=34240 fps=12.8 loss=-0.5842 actor=-1.0855 value=0.5282 entropy=2.6952 mean_return=15.859 mean_len=77.3
[gat-train] update=1713 samples=34260 fps=12.8 loss=-0.3556 actor=-0.5237 value=0.1970 entropy=2.8887 mean_return=15.859 mean_len=77.3
[gat-train] update=1714 samples=34280 fps=12.8 loss=-0.0486 actor=-0.5311 value=0.5111 entropy=2.8561 mean_return=15.859 mean_len=77.3
[gat-train] update=1715 samples=34300 fps=12.8 loss=0.6273 actor=0.0080 value=0.6482 entropy=2.8884 mean_return=15.859 mean_len=77.3
[gat-train] update=1716 samples=34320 fps=12.8 loss=25.0989 actor=4.6556 value=20.4697 entropy=2.6494 mean_return=15.909 mean_len=77.5
[gat-train] update=1717 samples=34340 fps=12.8 loss=36.6672 actor=6.5480 value=30.1470 entropy=2.7752 mean_return=15.914 mean_len=77.5
[gat-train] update=1718 samples=34360 fps=12.8 loss=0.5538 actor=0.1529 value=0.4273 entropy=2.6366 mean_return=15.914 mean_len=77.5
[gat-train] update=1719 samples=34380 fps=12.8 loss=-0.2772 actor=-0.4760 value=0.2267 entropy=2.7842 mean_return=15.914 mean_len=77.5
[gat-train] update=1720 samples=34400 fps=12.8 loss=-0.4981 actor=-0.7155 value=0.2483 entropy=3.0843 mean_return=15.914 mean_len=77.5
[gat-train] update=1721 samples=34420 fps=12.8 loss=-0.2382 actor=-0.4905 value=0.2853 entropy=3.2963 mean_return=15.914 mean_len=77.5
[gat-train] update=1722 samples=34440 fps=12.8 loss=0.5902 actor=0.2509 value=0.3715 entropy=3.2140 mean_return=15.914 mean_len=77.5
[gat-train] update=1723 samples=34460 fps=12.8 loss=35.3706 actor=7.8449 value=27.5552 entropy=2.9406 mean_return=15.970 mean_len=77.7
[gat-train] update=1724 samples=34480 fps=12.8 loss=45.6260 actor=8.0273 value=37.6270 entropy=2.8274 mean_return=16.008 mean_len=77.8
[gat-train] update=1725 samples=34500 fps=12.8 loss=0.2447 actor=-0.2505 value=0.5231 entropy=2.7846 mean_return=16.008 mean_len=77.8
[gat-train] update=1726 samples=34520 fps=12.8 loss=1.1305 actor=0.9505 value=0.2106 entropy=3.0648 mean_return=16.008 mean_len=77.8
[gat-train] update=1727 samples=34540 fps=12.8 loss=-0.5955 actor=-0.6973 value=0.1343 entropy=3.2527 mean_return=16.008 mean_len=77.8
[gat-train] update=1728 samples=34560 fps=12.8 loss=1.5394 actor=0.4190 value=1.1534 entropy=3.2932 mean_return=16.008 mean_len=77.8
[gat-train] update=1729 samples=34580 fps=12.8 loss=1.7169 actor=1.0187 value=0.7318 entropy=3.3572 mean_return=16.008 mean_len=77.8
[gat-train] update=1730 samples=34600 fps=12.8 loss=0.1966 actor=-0.3336 value=0.5630 entropy=3.2780 mean_return=16.008 mean_len=77.8
[gat-train] update=1731 samples=34620 fps=12.8 loss=16.1895 actor=4.5336 value=11.6865 entropy=3.0595 mean_return=16.039 mean_len=78.0
[gat-train] update=1732 samples=34640 fps=12.8 loss=-0.2660 actor=-0.5113 value=0.2763 entropy=3.0949 mean_return=16.039 mean_len=78.0
[gat-train] update=1733 samples=34660 fps=12.8 loss=0.7523 actor=0.6041 value=0.1822 entropy=3.3995 mean_return=16.039 mean_len=78.0
[gat-train] update=1734 samples=34680 fps=12.8 loss=1.0093 actor=0.7574 value=0.2819 entropy=3.0027 mean_return=16.039 mean_len=78.0
[gat-train] update=1735 samples=34700 fps=12.8 loss=12.4885 actor=4.1294 value=8.3891 entropy=3.0033 mean_return=16.077 mean_len=78.3
[gat-train] update=1736 samples=34720 fps=12.8 loss=0.0566 actor=-0.2352 value=0.3231 entropy=3.1263 mean_return=16.077 mean_len=78.3
[gat-train] update=1737 samples=34740 fps=12.8 loss=1.7883 actor=1.4593 value=0.3600 entropy=3.1021 mean_return=16.077 mean_len=78.3
[gat-train] update=1738 samples=34760 fps=12.8 loss=30.4019 actor=6.0220 value=24.4080 entropy=2.8080 mean_return=16.070 mean_len=78.3
[gat-train] update=1739 samples=34780 fps=12.9 loss=6.8661 actor=1.5973 value=5.2962 entropy=2.7387 mean_return=16.107 mean_len=78.4
[gat-train] update=1740 samples=34800 fps=12.9 loss=1.1247 actor=0.9016 value=0.2540 entropy=3.0972 mean_return=16.107 mean_len=78.4
[gat-train] update=1741 samples=34820 fps=12.9 loss=-0.0820 actor=-0.4053 value=0.3549 entropy=3.1650 mean_return=16.107 mean_len=78.4
[gat-train] update=1742 samples=34840 fps=12.9 loss=0.4698 actor=0.3753 value=0.1259 entropy=3.1375 mean_return=16.107 mean_len=78.4
[gat-train] update=1743 samples=34860 fps=12.9 loss=0.9626 actor=0.7456 value=0.2502 entropy=3.3183 mean_return=16.107 mean_len=78.4
[gat-train] update=1744 samples=34880 fps=12.9 loss=-0.2162 actor=-0.3858 value=0.1995 entropy=2.9897 mean_return=16.107 mean_len=78.4
[gat-train] update=1745 samples=34900 fps=12.9 loss=11.4670 actor=2.7765 value=8.7217 entropy=3.1217 mean_return=16.078 mean_len=78.2
[gat-train] update=1746 samples=34920 fps=12.9 loss=-0.4172 actor=-0.6417 value=0.2578 entropy=3.3235 mean_return=16.078 mean_len=78.2
[gat-train] update=1747 samples=34940 fps=12.9 loss=0.5673 actor=0.0037 value=0.5965 entropy=3.2915 mean_return=16.078 mean_len=78.2
[gat-train] update=1748 samples=34960 fps=12.9 loss=-0.3077 actor=-0.4236 value=0.1497 entropy=3.3908 mean_return=16.078 mean_len=78.2
[gat-train] update=1749 samples=34980 fps=12.9 loss=-0.4118 actor=-0.7868 value=0.4069 entropy=3.1867 mean_return=16.078 mean_len=78.2
[gat-train] update=1750 samples=35000 fps=12.9 loss=3.0409 actor=1.7825 value=1.2901 entropy=3.1673 mean_return=16.078 mean_len=78.2
[gat-train] eval update=1750 comp_score=84.44 best=92.38
[gat-train] update=1751 samples=35020 fps=12.8 loss=39.7244 actor=6.9829 value=32.7716 entropy=3.0058 mean_return=16.131 mean_len=78.5
[gat-train] update=1752 samples=35040 fps=12.8 loss=-0.6963 actor=-1.1789 value=0.5117 entropy=2.9163 mean_return=16.131 mean_len=78.5
[gat-train] update=1753 samples=35060 fps=12.8 loss=38.5581 actor=9.8772 value=28.7105 entropy=2.9524 mean_return=16.162 mean_len=78.6
[gat-train] update=1754 samples=35080 fps=12.8 loss=-0.1506 actor=-0.5146 value=0.3860 entropy=2.1984 mean_return=16.162 mean_len=78.6
[gat-train] update=1755 samples=35100 fps=12.8 loss=25.5126 actor=5.3173 value=20.2202 entropy=2.4864 mean_return=16.174 mean_len=78.8
[gat-train] update=1756 samples=35120 fps=12.8 loss=0.7974 actor=0.5396 value=0.2830 entropy=2.5188 mean_return=16.174 mean_len=78.8
[gat-train] update=1757 samples=35140 fps=12.8 loss=-0.0695 actor=-0.5508 value=0.5095 entropy=2.8224 mean_return=16.174 mean_len=78.8
[gat-train] update=1758 samples=35160 fps=12.8 loss=-0.3852 actor=-0.4975 value=0.1431 entropy=3.0717 mean_return=16.174 mean_len=78.8
[gat-train] update=1759 samples=35180 fps=12.8 loss=0.4922 actor=0.2715 value=0.2529 entropy=3.2080 mean_return=16.174 mean_len=78.8
[gat-train] update=1760 samples=35200 fps=12.8 loss=25.1131 actor=4.4033 value=20.7389 entropy=2.9072 mean_return=16.194 mean_len=78.8
[gat-train] update=1761 samples=35220 fps=12.9 loss=-0.3705 actor=-0.6097 value=0.2701 entropy=3.0787 mean_return=16.194 mean_len=78.8
[gat-train] update=1762 samples=35240 fps=12.9 loss=0.9706 actor=0.6725 value=0.3300 entropy=3.1949 mean_return=16.194 mean_len=78.8
[gat-train] update=1763 samples=35260 fps=12.8 loss=0.9264 actor=0.7306 value=0.2271 entropy=3.1284 mean_return=16.194 mean_len=78.8
[gat-train] update=1764 samples=35280 fps=12.8 loss=-0.8824 actor=-1.3876 value=0.5392 entropy=3.4018 mean_return=16.194 mean_len=78.8
[gat-train] update=1765 samples=35300 fps=12.8 loss=0.7868 actor=0.4457 value=0.3750 entropy=3.3826 mean_return=16.194 mean_len=78.8
[gat-train] update=1766 samples=35320 fps=12.8 loss=-0.0483 actor=-0.3207 value=0.3030 entropy=3.0671 mean_return=16.194 mean_len=78.8
[gat-train] update=1767 samples=35340 fps=12.8 loss=7.2909 actor=1.5842 value=5.7390 entropy=3.2281 mean_return=16.163 mean_len=78.7
[gat-train] update=1768 samples=35360 fps=12.8 loss=33.4265 actor=8.2540 value=25.2048 entropy=3.2196 mean_return=16.175 mean_len=78.5
[gat-train] update=1769 samples=35380 fps=12.9 loss=-0.1146 actor=-1.1616 value=1.0749 entropy=2.7912 mean_return=16.175 mean_len=78.5
[gat-train] update=1770 samples=35400 fps=12.9 loss=39.2414 actor=8.3378 value=30.9367 entropy=3.3124 mean_return=16.209 mean_len=78.8
[gat-train] update=1771 samples=35420 fps=12.9 loss=-0.2459 actor=-0.6691 value=0.4538 entropy=3.0607 mean_return=16.209 mean_len=78.8
[gat-train] update=1772 samples=35440 fps=12.9 loss=-0.0563 actor=-0.1422 value=0.1192 entropy=3.3334 mean_return=16.209 mean_len=78.8
[gat-train] update=1773 samples=35460 fps=12.9 loss=2.0305 actor=1.3304 value=0.7339 entropy=3.3846 mean_return=16.209 mean_len=78.8
[gat-train] update=1774 samples=35480 fps=12.9 loss=0.8910 actor=0.5485 value=0.3763 entropy=3.3844 mean_return=16.209 mean_len=78.8
[gat-train] update=1775 samples=35500 fps=12.9 loss=1.6385 actor=0.9030 value=0.7673 entropy=3.1799 mean_return=16.209 mean_len=78.8
[gat-train] update=1776 samples=35520 fps=12.9 loss=0.4147 actor=0.2189 value=0.2262 entropy=3.0454 mean_return=16.209 mean_len=78.8
[gat-train] update=1777 samples=35540 fps=12.9 loss=15.9058 actor=3.2889 value=12.6457 entropy=2.8885 mean_return=16.260 mean_len=78.9
[gat-train] update=1778 samples=35560 fps=12.9 loss=0.2354 actor=-0.1816 value=0.4481 entropy=3.1117 mean_return=16.260 mean_len=78.9
[gat-train] update=1779 samples=35580 fps=12.9 loss=-0.7912 actor=-1.3722 value=0.6114 entropy=3.0453 mean_return=16.260 mean_len=78.9
[gat-train] update=1780 samples=35600 fps=12.9 loss=-0.2699 actor=-0.4396 value=0.2035 entropy=3.3893 mean_return=16.260 mean_len=78.9
[gat-train] update=1781 samples=35620 fps=12.9 loss=0.9374 actor=0.2257 value=0.7447 entropy=3.2975 mean_return=16.260 mean_len=78.9
[gat-train] update=1782 samples=35640 fps=12.9 loss=7.3666 actor=2.4335 value=4.9645 entropy=3.1307 mean_return=16.283 mean_len=78.9
[gat-train] update=1783 samples=35660 fps=12.9 loss=-0.0595 actor=-0.1681 value=0.1402 entropy=3.1608 mean_return=16.283 mean_len=78.9
[gat-train] update=1784 samples=35680 fps=12.9 loss=10.4012 actor=3.0724 value=7.3575 entropy=2.8665 mean_return=16.296 mean_len=78.8
[gat-train] update=1785 samples=35700 fps=12.9 loss=25.1761 actor=5.6278 value=19.5781 entropy=2.9768 mean_return=16.326 mean_len=79.2
[gat-train] update=1786 samples=35720 fps=12.9 loss=-0.4885 actor=-0.7977 value=0.3411 entropy=3.1898 mean_return=16.326 mean_len=79.2
[gat-train] update=1787 samples=35740 fps=12.9 loss=-0.0196 actor=-0.0770 value=0.0911 entropy=3.3802 mean_return=16.326 mean_len=79.2
[gat-train] update=1788 samples=35760 fps=12.9 loss=-0.6182 actor=-0.9676 value=0.3846 entropy=3.5242 mean_return=16.326 mean_len=79.2
[gat-train] update=1789 samples=35780 fps=12.9 loss=-0.6260 actor=-0.9398 value=0.3501 entropy=3.6302 mean_return=16.326 mean_len=79.2
[gat-train] update=1790 samples=35800 fps=12.9 loss=1.1719 actor=0.8029 value=0.4066 entropy=3.7582 mean_return=16.326 mean_len=79.2
[gat-train] update=1791 samples=35820 fps=12.9 loss=10.1502 actor=1.7319 value=8.4529 entropy=3.4492 mean_return=16.323 mean_len=79.1
[gat-train] update=1792 samples=35840 fps=12.9 loss=1.4380 actor=1.0539 value=0.4218 entropy=3.7681 mean_return=16.323 mean_len=79.1
[gat-train] update=1793 samples=35860 fps=12.9 loss=-0.6903 actor=-0.8469 value=0.1944 entropy=3.7783 mean_return=16.323 mean_len=79.1
[gat-train] update=1794 samples=35880 fps=12.9 loss=0.4270 actor=-0.5534 value=1.0167 entropy=3.6344 mean_return=16.323 mean_len=79.1
[gat-train] update=1795 samples=35900 fps=12.9 loss=-0.0026 actor=-0.7038 value=0.7391 entropy=3.7966 mean_return=16.323 mean_len=79.1
[gat-train] update=1796 samples=35920 fps=12.9 loss=0.5198 actor=0.3273 value=0.2290 entropy=3.6516 mean_return=16.323 mean_len=79.1
[gat-train] update=1797 samples=35940 fps=12.9 loss=28.8124 actor=6.8920 value=21.9528 entropy=3.2459 mean_return=16.323 mean_len=79.2
[gat-train] update=1798 samples=35960 fps=12.9 loss=0.3971 actor=-0.2948 value=0.7208 entropy=2.8888 mean_return=16.323 mean_len=79.2
[gat-train] update=1799 samples=35980 fps=12.9 loss=26.2293 actor=6.7627 value=19.4985 entropy=3.1874 mean_return=16.278 mean_len=78.9
[gat-train] update=1800 samples=36000 fps=12.9 loss=-0.2418 actor=-0.2686 value=0.0627 entropy=3.5837 mean_return=16.278 mean_len=78.9
[gat-train] eval update=1800 comp_score=84.44 best=92.38
[gat-train] update=1801 samples=36020 fps=12.8 loss=0.8841 actor=0.5170 value=0.4036 entropy=3.6501 mean_return=16.278 mean_len=78.9
[gat-train] update=1802 samples=36040 fps=12.8 loss=0.3230 actor=0.0521 value=0.3088 entropy=3.7976 mean_return=16.278 mean_len=78.9
[gat-train] update=1803 samples=36060 fps=12.8 loss=2.3172 actor=1.7958 value=0.5600 entropy=3.8556 mean_return=16.278 mean_len=78.9
[gat-train] update=1804 samples=36080 fps=12.8 loss=0.3269 actor=-0.1754 value=0.5375 entropy=3.5171 mean_return=16.278 mean_len=78.9
[gat-train] update=1805 samples=36100 fps=12.8 loss=24.7026 actor=2.4767 value=22.2588 entropy=3.2811 mean_return=16.269 mean_len=78.8
[gat-train] update=1806 samples=36120 fps=12.8 loss=0.6685 actor=0.0496 value=0.6546 entropy=3.5675 mean_return=16.269 mean_len=78.8
[gat-train] update=1807 samples=36140 fps=12.8 loss=-0.8817 actor=-1.3672 value=0.5242 entropy=3.8669 mean_return=16.269 mean_len=78.8
[gat-train] update=1808 samples=36160 fps=12.8 loss=0.0927 actor=-0.1424 value=0.2751 entropy=4.0008 mean_return=16.269 mean_len=78.8
[gat-train] update=1809 samples=36180 fps=12.8 loss=-1.1559 actor=-1.9590 value=0.8412 entropy=3.8100 mean_return=16.269 mean_len=78.8
[gat-train] update=1810 samples=36200 fps=12.8 loss=-0.4318 actor=-0.5996 value=0.2054 entropy=3.7581 mean_return=16.269 mean_len=78.8
[gat-train] update=1811 samples=36220 fps=12.8 loss=-0.5611 actor=-0.8023 value=0.2794 entropy=3.8092 mean_return=16.269 mean_len=78.8
[gat-train] update=1812 samples=36240 fps=12.8 loss=1.0858 actor=0.7119 value=0.4063 entropy=3.2409 mean_return=16.269 mean_len=78.8
[gat-train] update=1813 samples=36260 fps=12.8 loss=55.6208 actor=11.4668 value=44.1839 entropy=2.9914 mean_return=16.236 mean_len=78.9
[gat-train] update=1814 samples=36280 fps=12.8 loss=39.2580 actor=9.2483 value=30.0431 entropy=3.3365 mean_return=16.264 mean_len=79.0
[gat-train] update=1815 samples=36300 fps=12.8 loss=0.1547 actor=-1.3021 value=1.4883 entropy=3.1448 mean_return=16.264 mean_len=79.0
[gat-train] update=1816 samples=36320 fps=12.8 loss=1.1314 actor=0.8579 value=0.3092 entropy=3.5705 mean_return=16.264 mean_len=79.0
[gat-train] update=1817 samples=36340 fps=12.9 loss=1.0529 actor=0.8478 value=0.2409 entropy=3.5799 mean_return=16.264 mean_len=79.0
[gat-train] update=1818 samples=36360 fps=12.9 loss=1.0378 actor=-0.2768 value=1.3481 entropy=3.3554 mean_return=16.264 mean_len=79.0
[gat-train] update=1819 samples=36380 fps=12.9 loss=11.1419 actor=2.9169 value=8.2577 entropy=3.2666 mean_return=16.235 mean_len=78.8
[gat-train] update=1820 samples=36400 fps=12.9 loss=5.3806 actor=3.2135 value=2.2025 entropy=3.5345 mean_return=16.235 mean_len=78.8
[gat-train] update=1821 samples=36420 fps=12.9 loss=-0.9946 actor=-2.0596 value=1.1007 entropy=3.5696 mean_return=16.235 mean_len=78.8
[gat-train] update=1822 samples=36440 fps=12.9 loss=-0.4499 actor=-0.6777 value=0.2654 entropy=3.7560 mean_return=16.235 mean_len=78.8
[gat-train] update=1823 samples=36460 fps=12.9 loss=-0.7851 actor=-1.4075 value=0.6604 entropy=3.7995 mean_return=16.235 mean_len=78.8
[gat-train] update=1824 samples=36480 fps=12.9 loss=-0.8382 actor=-1.4756 value=0.6736 entropy=3.6275 mean_return=16.235 mean_len=78.8
[gat-train] update=1825 samples=36500 fps=12.9 loss=-0.1231 actor=-0.6529 value=0.5674 entropy=3.7635 mean_return=16.235 mean_len=78.8
[gat-train] update=1826 samples=36520 fps=12.9 loss=17.7417 actor=5.3763 value=12.4009 entropy=3.5486 mean_return=16.176 mean_len=78.5
[gat-train] update=1827 samples=36540 fps=12.9 loss=0.4393 actor=-1.0940 value=1.5667 entropy=3.3448 mean_return=16.176 mean_len=78.5
[gat-train] update=1828 samples=36560 fps=12.9 loss=-0.2098 actor=-0.8413 value=0.6647 entropy=3.3174 mean_return=16.176 mean_len=78.5
[gat-train] update=1829 samples=36580 fps=12.9 loss=17.0679 actor=4.5022 value=12.5968 entropy=3.1050 mean_return=16.130 mean_len=78.2
[gat-train] update=1830 samples=36600 fps=12.9 loss=14.4599 actor=3.2576 value=11.2355 entropy=3.3175 mean_return=16.130 mean_len=78.2
[gat-train] update=1831 samples=36620 fps=12.9 loss=1.9210 actor=1.5847 value=0.3712 entropy=3.4884 mean_return=16.130 mean_len=78.2
[gat-train] update=1832 samples=36640 fps=12.9 loss=1.2758 actor=0.7755 value=0.5353 entropy=3.4973 mean_return=16.130 mean_len=78.2
[gat-train] update=1833 samples=36660 fps=12.9 loss=1.4030 actor=1.0776 value=0.3579 entropy=3.2516 mean_return=16.130 mean_len=78.2
[gat-train] update=1834 samples=36680 fps=12.9 loss=7.5761 actor=2.2235 value=5.3875 entropy=3.4909 mean_return=16.121 mean_len=78.2
[gat-train] update=1835 samples=36700 fps=12.9 loss=-0.7866 actor=-1.0914 value=0.3425 entropy=3.7788 mean_return=16.121 mean_len=78.2
[gat-train] update=1836 samples=36720 fps=12.9 loss=0.5518 actor=-0.1911 value=0.7795 entropy=3.6670 mean_return=16.121 mean_len=78.2
[gat-train] update=1837 samples=36740 fps=12.9 loss=1.8925 actor=1.1431 value=0.7871 entropy=3.7744 mean_return=16.121 mean_len=78.2
[gat-train] update=1838 samples=36760 fps=12.9 loss=4.0226 actor=2.3919 value=1.6653 entropy=3.4667 mean_return=16.121 mean_len=78.2
[gat-train] update=1839 samples=36780 fps=12.9 loss=20.7308 actor=3.5489 value=17.2147 entropy=3.2774 mean_return=16.079 mean_len=77.9
[gat-train] update=1840 samples=36800 fps=12.9 loss=-0.6575 actor=-1.3979 value=0.7733 entropy=3.2972 mean_return=16.079 mean_len=77.9
[gat-train] update=1841 samples=36820 fps=12.9 loss=1.2974 actor=0.9305 value=0.4034 entropy=3.6476 mean_return=16.079 mean_len=77.9
[gat-train] update=1842 samples=36840 fps=12.9 loss=2.3064 actor=1.1675 value=1.1721 entropy=3.3169 mean_return=16.079 mean_len=77.9
[gat-train] update=1843 samples=36860 fps=12.9 loss=7.5271 actor=2.4292 value=5.1293 entropy=3.1415 mean_return=16.049 mean_len=77.7
[gat-train] update=1844 samples=36880 fps=12.9 loss=0.1853 actor=-0.3806 value=0.5980 entropy=3.2008 mean_return=16.049 mean_len=77.7
[gat-train] update=1845 samples=36900 fps=12.9 loss=9.4023 actor=3.6636 value=5.7727 entropy=3.3937 mean_return=16.042 mean_len=77.7
[gat-train] update=1846 samples=36920 fps=12.9 loss=1.2857 actor=0.5446 value=0.7756 entropy=3.4542 mean_return=16.042 mean_len=77.7
[gat-train] update=1847 samples=36940 fps=12.9 loss=3.1496 actor=1.5176 value=1.6624 entropy=3.0371 mean_return=16.042 mean_len=77.7
[gat-train] update=1848 samples=36960 fps=12.9 loss=10.1792 actor=1.8509 value=8.3605 entropy=3.2106 mean_return=16.003 mean_len=77.6
[gat-train] update=1849 samples=36980 fps=12.9 loss=-0.4012 actor=-0.8858 value=0.5192 entropy=3.4679 mean_return=16.003 mean_len=77.6
[gat-train] update=1850 samples=37000 fps=12.9 loss=0.3822 actor=0.1499 value=0.2693 entropy=3.6930 mean_return=16.003 mean_len=77.6
[gat-train] eval update=1850 comp_score=89.26 best=92.38
[gat-train] update=1851 samples=37020 fps=12.9 loss=-0.0740 actor=-0.2249 value=0.1876 entropy=3.6638 mean_return=16.003 mean_len=77.6
[gat-train] update=1852 samples=37040 fps=12.9 loss=-0.6275 actor=-0.9092 value=0.3164 entropy=3.4744 mean_return=16.003 mean_len=77.6
[gat-train] update=1853 samples=37060 fps=12.9 loss=0.2862 actor=-0.2873 value=0.6092 entropy=3.5763 mean_return=16.003 mean_len=77.6
[gat-train] update=1854 samples=37080 fps=12.9 loss=17.0260 actor=5.3791 value=11.6817 entropy=3.4749 mean_return=15.954 mean_len=77.4
[gat-train] update=1855 samples=37100 fps=12.9 loss=2.4531 actor=-0.1551 value=2.6414 entropy=3.3162 mean_return=15.876 mean_len=76.8
[gat-train] update=1856 samples=37120 fps=12.9 loss=0.3485 actor=0.0458 value=0.3382 entropy=3.5438 mean_return=15.876 mean_len=76.8
[gat-train] update=1857 samples=37140 fps=12.9 loss=14.9833 actor=3.1889 value=11.8276 entropy=3.3156 mean_return=15.795 mean_len=76.4
[gat-train] update=1858 samples=37160 fps=12.9 loss=2.5932 actor=1.8322 value=0.7973 entropy=3.6365 mean_return=15.795 mean_len=76.4
[gat-train] update=1859 samples=37180 fps=12.9 loss=1.9629 actor=0.9211 value=1.0765 entropy=3.4644 mean_return=15.795 mean_len=76.4
[gat-train] update=1860 samples=37200 fps=12.9 loss=1.9375 actor=1.1361 value=0.8379 entropy=3.6568 mean_return=15.795 mean_len=76.4
[gat-train] update=1861 samples=37220 fps=12.9 loss=0.0073 actor=-0.3283 value=0.3697 entropy=3.4130 mean_return=15.795 mean_len=76.4
[gat-train] update=1862 samples=37240 fps=12.9 loss=30.0702 actor=6.8764 value=23.2289 entropy=3.5079 mean_return=15.747 mean_len=76.3
[gat-train] update=1863 samples=37260 fps=12.9 loss=-0.2197 actor=-1.5849 value=1.3977 entropy=3.2458 mean_return=15.747 mean_len=76.3
[gat-train] update=1864 samples=37280 fps=12.9 loss=-0.5209 actor=-0.8931 value=0.4103 entropy=3.8117 mean_return=15.747 mean_len=76.3
[gat-train] update=1865 samples=37300 fps=12.9 loss=1.9122 actor=1.3714 value=0.5797 entropy=3.8913 mean_return=15.747 mean_len=76.3
[gat-train] update=1866 samples=37320 fps=12.9 loss=-0.9848 actor=-1.8895 value=0.9410 entropy=3.6288 mean_return=15.747 mean_len=76.3
[gat-train] update=1867 samples=37340 fps=12.9 loss=-0.3355 actor=-1.2425 value=0.9422 entropy=3.5167 mean_return=15.747 mean_len=76.3
[gat-train] update=1868 samples=37360 fps=12.9 loss=5.3093 actor=1.8065 value=3.5389 entropy=3.6103 mean_return=15.730 mean_len=76.0
[gat-train] update=1869 samples=37380 fps=12.9 loss=37.0603 actor=8.8046 value=28.2942 entropy=3.8471 mean_return=15.697 mean_len=75.8
[gat-train] update=1870 samples=37400 fps=12.9 loss=-0.2605 actor=-0.5802 value=0.3532 entropy=3.3434 mean_return=15.697 mean_len=75.8
[gat-train] update=1871 samples=37420 fps=12.9 loss=33.9289 actor=8.2222 value=25.7431 entropy=3.6450 mean_return=15.632 mean_len=75.3
[gat-train] update=1872 samples=37440 fps=12.9 loss=1.4512 actor=0.8534 value=0.6317 entropy=3.3796 mean_return=15.632 mean_len=75.3
[gat-train] update=1873 samples=37460 fps=12.9 loss=1.0761 actor=0.5775 value=0.5370 entropy=3.8345 mean_return=15.632 mean_len=75.3
[gat-train] update=1874 samples=37480 fps=12.9 loss=-0.0836 actor=-0.2111 value=0.1642 entropy=3.6695 mean_return=15.632 mean_len=75.3
[gat-train] update=1875 samples=37500 fps=12.9 loss=0.2572 actor=0.0474 value=0.2451 entropy=3.5294 mean_return=15.632 mean_len=75.3
[gat-train] update=1876 samples=37520 fps=12.9 loss=2.2537 actor=0.9039 value=1.3852 entropy=3.5387 mean_return=15.632 mean_len=75.3
[gat-train] update=1877 samples=37540 fps=12.9 loss=33.1407 actor=8.1102 value=25.0657 entropy=3.5151 mean_return=15.609 mean_len=75.2
[gat-train] update=1878 samples=37560 fps=12.9 loss=0.9458 actor=0.5572 value=0.4209 entropy=3.2370 mean_return=15.609 mean_len=75.2
[gat-train] update=1879 samples=37580 fps=12.9 loss=-0.2325 actor=-0.7058 value=0.5090 entropy=3.5698 mean_return=15.609 mean_len=75.2
[gat-train] update=1880 samples=37600 fps=12.9 loss=2.0614 actor=0.0167 value=2.0814 entropy=3.6668 mean_return=15.609 mean_len=75.2
[gat-train] update=1881 samples=37620 fps=12.9 loss=0.2102 actor=-0.4636 value=0.7083 entropy=3.4550 mean_return=15.609 mean_len=75.2
[gat-train] update=1882 samples=37640 fps=12.9 loss=1.1069 actor=0.6022 value=0.5386 entropy=3.3862 mean_return=15.609 mean_len=75.2
[gat-train] update=1883 samples=37660 fps=12.9 loss=32.9621 actor=5.7755 value=27.2171 entropy=3.0442 mean_return=15.581 mean_len=75.1
[gat-train] update=1884 samples=37680 fps=12.9 loss=0.2070 actor=-0.3226 value=0.5563 entropy=2.6723 mean_return=15.581 mean_len=75.1
[gat-train] update=1885 samples=37700 fps=12.9 loss=13.4339 actor=3.0077 value=10.4575 entropy=3.1341 mean_return=15.526 mean_len=75.0
[gat-train] update=1886 samples=37720 fps=12.9 loss=17.7745 actor=3.9361 value=13.8693 entropy=3.1006 mean_return=15.487 mean_len=74.7
[gat-train] update=1887 samples=37740 fps=12.9 loss=0.3367 actor=0.3381 value=0.0317 entropy=3.3014 mean_return=15.487 mean_len=74.7
[gat-train] update=1888 samples=37760 fps=12.9 loss=-0.0708 actor=-0.1163 value=0.0795 entropy=3.4044 mean_return=15.487 mean_len=74.7
[gat-train] update=1889 samples=37780 fps=12.9 loss=0.2652 actor=0.1275 value=0.1739 entropy=3.6121 mean_return=15.487 mean_len=74.7
[gat-train] update=1890 samples=37800 fps=12.9 loss=-0.0999 actor=-0.3439 value=0.2791 entropy=3.5093 mean_return=15.487 mean_len=74.7
[gat-train] update=1891 samples=37820 fps=12.9 loss=0.2346 actor=-0.1751 value=0.4463 entropy=3.6597 mean_return=15.487 mean_len=74.7
[gat-train] update=1892 samples=37840 fps=12.9 loss=0.7572 actor=0.5580 value=0.2352 entropy=3.5920 mean_return=15.487 mean_len=74.7
[gat-train] update=1893 samples=37860 fps=12.9 loss=-0.0855 actor=-0.3253 value=0.2723 entropy=3.2437 mean_return=15.487 mean_len=74.7
[gat-train] update=1894 samples=37880 fps=12.9 loss=8.0230 actor=2.3048 value=5.7511 entropy=3.2962 mean_return=15.477 mean_len=74.8
[gat-train] update=1895 samples=37900 fps=12.9 loss=-1.2096 actor=-2.0009 value=0.8248 entropy=3.3476 mean_return=15.477 mean_len=74.8
[gat-train] update=1896 samples=37920 fps=12.9 loss=1.1825 actor=0.9395 value=0.2769 entropy=3.3894 mean_return=15.477 mean_len=74.8
[gat-train] update=1897 samples=37940 fps=12.9 loss=0.4457 actor=-0.2493 value=0.7268 entropy=3.1760 mean_return=15.477 mean_len=74.8
[gat-train] update=1898 samples=37960 fps=12.9 loss=0.8732 actor=-0.2123 value=1.1152 entropy=2.9723 mean_return=15.477 mean_len=74.8
[gat-train] update=1899 samples=37980 fps=12.9 loss=8.5024 actor=3.2552 value=5.2736 entropy=2.6435 mean_return=15.429 mean_len=74.6
[gat-train] update=1900 samples=38000 fps=12.9 loss=8.9907 actor=4.0087 value=5.0104 entropy=2.8378 mean_return=15.398 mean_len=74.5
[gat-train] eval update=1900 comp_score=86.19 best=92.38
[gat-train] update=1901 samples=38020 fps=12.9 loss=0.2206 actor=0.0224 value=0.2238 entropy=2.5533 mean_return=15.398 mean_len=74.5
[gat-train] update=1902 samples=38040 fps=12.9 loss=8.2857 actor=3.1114 value=5.2016 entropy=2.7310 mean_return=15.402 mean_len=74.5
[gat-train] update=1903 samples=38060 fps=12.9 loss=0.2011 actor=0.1495 value=0.0800 entropy=2.8424 mean_return=15.402 mean_len=74.5
[gat-train] update=1904 samples=38080 fps=12.9 loss=2.2037 actor=1.6881 value=0.5474 entropy=3.1854 mean_return=15.402 mean_len=74.5
[gat-train] update=1905 samples=38100 fps=12.9 loss=0.0734 actor=-0.2601 value=0.3618 entropy=2.8245 mean_return=15.402 mean_len=74.5
[gat-train] update=1906 samples=38120 fps=12.9 loss=0.2346 actor=-0.2363 value=0.5004 entropy=2.9500 mean_return=15.402 mean_len=74.5
[gat-train] update=1907 samples=38140 fps=12.9 loss=2.0296 actor=1.1886 value=0.8730 entropy=3.1973 mean_return=15.402 mean_len=74.5
[gat-train] update=1908 samples=38160 fps=12.9 loss=8.5863 actor=1.7280 value=6.8881 entropy=2.9840 mean_return=15.360 mean_len=74.3
[gat-train] update=1909 samples=38180 fps=12.9 loss=-0.1860 actor=-0.5642 value=0.4087 entropy=3.0506 mean_return=15.360 mean_len=74.3
[gat-train] update=1910 samples=38200 fps=12.9 loss=-0.1910 actor=-0.3649 value=0.2075 entropy=3.3703 mean_return=15.360 mean_len=74.3
[gat-train] update=1911 samples=38220 fps=12.9 loss=-0.4590 actor=-0.7290 value=0.3043 entropy=3.4301 mean_return=15.360 mean_len=74.3
[gat-train] update=1912 samples=38240 fps=12.9 loss=-0.8992 actor=-1.3745 value=0.5091 entropy=3.3809 mean_return=15.360 mean_len=74.3
[gat-train] update=1913 samples=38260 fps=12.9 loss=-0.7524 actor=-1.7443 value=1.0270 entropy=3.5045 mean_return=15.360 mean_len=74.3
[gat-train] update=1914 samples=38280 fps=12.9 loss=1.5902 actor=0.5197 value=1.1040 entropy=3.3581 mean_return=15.360 mean_len=74.3
[gat-train] update=1915 samples=38300 fps=12.9 loss=0.1872 actor=-0.5539 value=0.7691 entropy=2.8045 mean_return=15.360 mean_len=74.3
[gat-train] update=1916 samples=38320 fps=12.9 loss=41.0672 actor=10.1900 value=30.9030 entropy=2.5768 mean_return=15.360 mean_len=74.5
[gat-train] update=1917 samples=38340 fps=12.9 loss=-0.1338 actor=-0.4616 value=0.3519 entropy=2.4075 mean_return=15.360 mean_len=74.5
[gat-train] update=1918 samples=38360 fps=12.9 loss=7.0247 actor=1.8932 value=5.1593 entropy=2.7774 mean_return=15.343 mean_len=74.4
[gat-train] update=1919 samples=38380 fps=12.9 loss=-0.1756 actor=-0.3515 value=0.2055 entropy=2.9470 mean_return=15.343 mean_len=74.4
[gat-train] update=1920 samples=38400 fps=12.9 loss=-0.2759 actor=-0.4243 value=0.1783 entropy=2.9897 mean_return=15.343 mean_len=74.4
[gat-train] update=1921 samples=38420 fps=12.9 loss=0.5837 actor=0.4128 value=0.2048 entropy=3.3959 mean_return=15.343 mean_len=74.4
[gat-train] update=1922 samples=38440 fps=12.9 loss=26.3072 actor=6.4996 value=19.8401 entropy=3.2455 mean_return=15.377 mean_len=74.5
[gat-train] update=1923 samples=38460 fps=12.9 loss=-0.4879 actor=-0.6588 value=0.2022 entropy=3.1307 mean_return=15.377 mean_len=74.5
[gat-train] update=1924 samples=38480 fps=12.9 loss=-0.3486 actor=-0.3777 value=0.0641 entropy=3.5090 mean_return=15.377 mean_len=74.5
[gat-train] update=1925 samples=38500 fps=12.9 loss=-0.6136 actor=-0.8215 value=0.2434 entropy=3.5519 mean_return=15.377 mean_len=74.5
[gat-train] update=1926 samples=38520 fps=12.9 loss=1.7866 actor=1.3614 value=0.4610 entropy=3.5760 mean_return=15.377 mean_len=74.5
[gat-train] update=1927 samples=38540 fps=12.9 loss=-1.8126 actor=-2.6514 value=0.8743 entropy=3.5466 mean_return=15.377 mean_len=74.5
[gat-train] update=1928 samples=38560 fps=12.9 loss=0.5444 actor=-0.3003 value=0.8815 entropy=3.6806 mean_return=15.377 mean_len=74.5
[gat-train] update=1929 samples=38580 fps=12.9 loss=0.3288 actor=0.0254 value=0.3391 entropy=3.5694 mean_return=15.377 mean_len=74.5
[gat-train] update=1930 samples=38600 fps=12.9 loss=1.7670 actor=1.1952 value=0.6065 entropy=3.4734 mean_return=15.377 mean_len=74.5
[gat-train] update=1931 samples=38620 fps=12.9 loss=1.0452 actor=0.8496 value=0.2220 entropy=2.6386 mean_return=15.377 mean_len=74.5
[gat-train] update=1932 samples=38640 fps=12.9 loss=31.6869 actor=7.9039 value=23.8081 entropy=2.5057 mean_return=15.334 mean_len=74.4
[gat-train] update=1933 samples=38660 fps=12.9 loss=-0.5456 actor=-0.9116 value=0.3951 entropy=2.9107 mean_return=15.334 mean_len=74.4
[gat-train] update=1934 samples=38680 fps=12.9 loss=1.3291 actor=1.1197 value=0.2409 entropy=3.1516 mean_return=15.334 mean_len=74.4
[gat-train] update=1935 samples=38700 fps=12.9 loss=-0.1263 actor=-0.3705 value=0.2731 entropy=2.8827 mean_return=15.334 mean_len=74.4
[gat-train] update=1936 samples=38720 fps=12.9 loss=0.4020 actor=0.1917 value=0.2448 entropy=3.4538 mean_return=15.334 mean_len=74.4
[gat-train] update=1937 samples=38740 fps=12.9 loss=-0.1460 actor=-0.2744 value=0.1613 entropy=3.2964 mean_return=15.334 mean_len=74.4
[gat-train] update=1938 samples=38760 fps=12.9 loss=0.4417 actor=0.2387 value=0.2344 entropy=3.1350 mean_return=15.334 mean_len=74.4
[gat-train] update=1939 samples=38780 fps=12.9 loss=8.9964 actor=2.8413 value=6.1872 entropy=3.2056 mean_return=15.341 mean_len=74.6
[gat-train] update=1940 samples=38800 fps=12.9 loss=-0.8388 actor=-1.6534 value=0.8481 entropy=3.3488 mean_return=15.341 mean_len=74.6
[gat-train] update=1941 samples=38820 fps=12.9 loss=-0.2938 actor=-0.4795 value=0.2218 entropy=3.6134 mean_return=15.341 mean_len=74.6
[gat-train] update=1942 samples=38840 fps=12.9 loss=-0.7841 actor=-1.4517 value=0.7039 entropy=3.6276 mean_return=15.341 mean_len=74.6
[gat-train] update=1943 samples=38860 fps=12.9 loss=0.6942 actor=0.3289 value=0.4046 entropy=3.9243 mean_return=15.341 mean_len=74.6
[gat-train] update=1944 samples=38880 fps=12.9 loss=2.0272 actor=1.1967 value=0.8679 entropy=3.7455 mean_return=15.341 mean_len=74.6
[gat-train] update=1945 samples=38900 fps=12.9 loss=0.6137 actor=-0.3036 value=0.9515 entropy=3.4251 mean_return=15.341 mean_len=74.6
[gat-train] update=1946 samples=38920 fps=12.9 loss=2.5560 actor=1.7064 value=0.8843 entropy=3.4637 mean_return=15.341 mean_len=74.6
[gat-train] update=1947 samples=38940 fps=12.9 loss=22.0143 actor=4.0977 value=17.9448 entropy=2.8222 mean_return=15.308 mean_len=74.4
[gat-train] update=1948 samples=38960 fps=12.9 loss=-0.2428 actor=-0.4149 value=0.2061 entropy=3.3901 mean_return=15.308 mean_len=74.4
[gat-train] update=1949 samples=38980 fps=12.9 loss=19.1345 actor=4.0320 value=15.1351 entropy=3.2583 mean_return=15.353 mean_len=74.6
[gat-train] update=1950 samples=39000 fps=12.9 loss=-0.3312 actor=-0.5945 value=0.2982 entropy=3.4902 mean_return=15.353 mean_len=74.6
[gat-train] eval update=1950 comp_score=86.19 best=92.38
[gat-train] update=1951 samples=39020 fps=12.9 loss=1.8708 actor=0.9225 value=0.9824 entropy=3.4166 mean_return=15.353 mean_len=74.6
[gat-train] update=1952 samples=39040 fps=12.9 loss=3.8758 actor=1.4735 value=2.4363 entropy=3.4019 mean_return=15.332 mean_len=74.4
[gat-train] update=1953 samples=39060 fps=12.9 loss=-0.6394 actor=-0.7055 value=0.1014 entropy=3.5309 mean_return=15.332 mean_len=74.4
[gat-train] update=1954 samples=39080 fps=12.9 loss=-0.1918 actor=-0.2020 value=0.0465 entropy=3.6293 mean_return=15.332 mean_len=74.4
[gat-train] update=1955 samples=39100 fps=12.9 loss=0.8925 actor=0.3372 value=0.5932 entropy=3.7927 mean_return=15.332 mean_len=74.4
[gat-train] update=1956 samples=39120 fps=12.9 loss=0.5865 actor=0.1952 value=0.4298 entropy=3.8573 mean_return=15.332 mean_len=74.4
[gat-train] update=1957 samples=39140 fps=12.9 loss=-0.8789 actor=-1.1962 value=0.3557 entropy=3.8367 mean_return=15.332 mean_len=74.4
[gat-train] update=1958 samples=39160 fps=12.9 loss=-0.3120 actor=-0.7181 value=0.4435 entropy=3.7368 mean_return=15.332 mean_len=74.4
[gat-train] update=1959 samples=39180 fps=12.9 loss=-2.2455 actor=-3.8547 value=1.6466 entropy=3.7444 mean_return=15.332 mean_len=74.4
[gat-train] update=1960 samples=39200 fps=12.9 loss=2.0686 actor=1.4087 value=0.6977 entropy=3.7848 mean_return=15.332 mean_len=74.4
[gat-train] update=1961 samples=39220 fps=12.9 loss=0.2379 actor=-0.4367 value=0.7089 entropy=3.4231 mean_return=15.332 mean_len=74.4
[gat-train] update=1962 samples=39240 fps=12.9 loss=27.4343 actor=5.8795 value=21.5827 entropy=2.7867 mean_return=15.342 mean_len=74.4
[gat-train] update=1963 samples=39260 fps=12.9 loss=34.5118 actor=6.7622 value=27.7764 entropy=2.6790 mean_return=15.277 mean_len=74.3
[gat-train] update=1964 samples=39280 fps=12.9 loss=-0.3445 actor=-0.6481 value=0.3343 entropy=3.0645 mean_return=15.277 mean_len=74.3
[gat-train] update=1965 samples=39300 fps=12.9 loss=1.4208 actor=0.8731 value=0.5808 entropy=3.3146 mean_return=15.277 mean_len=74.3
[gat-train] update=1966 samples=39320 fps=12.9 loss=10.1057 actor=2.7962 value=7.3405 entropy=3.0928 mean_return=15.273 mean_len=74.3
[gat-train] update=1967 samples=39340 fps=12.9 loss=-0.2172 actor=-0.3172 value=0.1339 entropy=3.3903 mean_return=15.273 mean_len=74.3
[gat-train] update=1968 samples=39360 fps=12.9 loss=-0.6691 actor=-0.7555 value=0.1228 entropy=3.6362 mean_return=15.273 mean_len=74.3
[gat-train] update=1969 samples=39380 fps=12.9 loss=0.3278 actor=0.2354 value=0.1289 entropy=3.6533 mean_return=15.273 mean_len=74.3
[gat-train] update=1970 samples=39400 fps=12.9 loss=0.5671 actor=0.5344 value=0.0696 entropy=3.6944 mean_return=15.273 mean_len=74.3
[gat-train] update=1971 samples=39420 fps=12.9 loss=-0.8097 actor=-1.2693 value=0.4951 entropy=3.5398 mean_return=15.273 mean_len=74.3
[gat-train] update=1972 samples=39440 fps=12.9 loss=0.0409 actor=-0.3387 value=0.4163 entropy=3.6653 mean_return=15.273 mean_len=74.3
[gat-train] update=1973 samples=39460 fps=12.9 loss=-0.8514 actor=-2.0072 value=1.1905 entropy=3.4640 mean_return=15.273 mean_len=74.3
[gat-train] update=1974 samples=39480 fps=12.9 loss=2.3978 actor=1.5201 value=0.9137 entropy=3.5876 mean_return=15.273 mean_len=74.3
[gat-train] update=1975 samples=39500 fps=12.9 loss=1.1797 actor=0.7900 value=0.4181 entropy=2.8342 mean_return=15.273 mean_len=74.3
[gat-train] update=1976 samples=39520 fps=12.9 loss=4.1182 actor=1.0228 value=3.1239 entropy=2.8456 mean_return=15.238 mean_len=74.0
[gat-train] update=1977 samples=39540 fps=12.9 loss=23.4172 actor=4.4625 value=18.9813 entropy=2.6590 mean_return=15.246 mean_len=74.1
[gat-train] update=1978 samples=39560 fps=12.9 loss=5.8827 actor=1.9304 value=3.9803 entropy=2.8014 mean_return=15.245 mean_len=73.9
[gat-train] update=1979 samples=39580 fps=12.9 loss=-0.0886 actor=-0.1065 value=0.0501 entropy=3.2224 mean_return=15.245 mean_len=73.9
[gat-train] update=1980 samples=39600 fps=12.9 loss=0.8658 actor=0.3860 value=0.5104 entropy=3.0622 mean_return=15.245 mean_len=73.9
[gat-train] update=1981 samples=39620 fps=12.9 loss=16.7632 actor=3.7911 value=13.0018 entropy=2.9658 mean_return=15.270 mean_len=74.1
[gat-train] update=1982 samples=39640 fps=12.9 loss=-0.0444 actor=-0.1895 value=0.1747 entropy=2.9574 mean_return=15.270 mean_len=74.1
[gat-train] update=1983 samples=39660 fps=12.9 loss=-0.1220 actor=-0.2065 value=0.1181 entropy=3.3629 mean_return=15.270 mean_len=74.1
[gat-train] update=1984 samples=39680 fps=12.9 loss=0.1051 actor=-0.1359 value=0.2755 entropy=3.4553 mean_return=15.270 mean_len=74.1
[gat-train] update=1985 samples=39700 fps=12.9 loss=0.9310 actor=0.6944 value=0.2710 entropy=3.4399 mean_return=15.270 mean_len=74.1
[gat-train] update=1986 samples=39720 fps=12.9 loss=-0.1285 actor=-0.3438 value=0.2505 entropy=3.5281 mean_return=15.270 mean_len=74.1
[gat-train] update=1987 samples=39740 fps=12.9 loss=-0.6468 actor=-0.8887 value=0.2781 entropy=3.6179 mean_return=15.270 mean_len=74.1
[gat-train] update=1988 samples=39760 fps=12.9 loss=0.6868 actor=-0.0501 value=0.7710 entropy=3.4118 mean_return=15.270 mean_len=74.1
[gat-train] update=1989 samples=39780 fps=12.9 loss=-1.0559 actor=-1.8491 value=0.8267 entropy=3.3498 mean_return=15.270 mean_len=74.1
[gat-train] update=1990 samples=39800 fps=12.9 loss=18.7032 actor=5.1096 value=13.6252 entropy=3.1594 mean_return=15.281 mean_len=74.0
[gat-train] update=1991 samples=39820 fps=12.9 loss=17.1482 actor=3.0711 value=14.1037 entropy=2.6698 mean_return=15.286 mean_len=74.0
[gat-train] update=1992 samples=39840 fps=12.9 loss=0.2327 actor=-0.1182 value=0.3785 entropy=2.7635 mean_return=15.286 mean_len=74.0
[gat-train] update=1993 samples=39860 fps=12.9 loss=6.9146 actor=2.6868 value=4.2577 entropy=2.9888 mean_return=15.301 mean_len=73.9
[gat-train] update=1994 samples=39880 fps=12.9 loss=0.9292 actor=0.6395 value=0.3198 entropy=3.0093 mean_return=15.301 mean_len=73.9
[gat-train] update=1995 samples=39900 fps=12.9 loss=1.3557 actor=1.1003 value=0.2852 entropy=2.9793 mean_return=15.301 mean_len=73.9
[gat-train] update=1996 samples=39920 fps=12.9 loss=0.0495 actor=-0.1599 value=0.2403 entropy=3.0940 mean_return=15.301 mean_len=73.9
[gat-train] update=1997 samples=39940 fps=12.9 loss=19.7680 actor=3.3445 value=16.4572 entropy=3.3761 mean_return=15.340 mean_len=74.0
[gat-train] update=1998 samples=39960 fps=12.9 loss=0.3646 actor=0.2233 value=0.1769 entropy=3.5695 mean_return=15.340 mean_len=74.0
[gat-train] update=1999 samples=39980 fps=12.9 loss=0.2548 actor=-0.1161 value=0.4057 entropy=3.4769 mean_return=15.340 mean_len=74.0
[gat-train] update=2000 samples=40000 fps=12.9 loss=-0.5453 actor=-0.7298 value=0.2203 entropy=3.5787 mean_return=15.340 mean_len=74.0
[gat-train] eval update=2000 comp_score=85.46 best=92.38
[gat-train] update=2001 samples=40020 fps=12.9 loss=-0.9718 actor=-1.4110 value=0.4741 entropy=3.4901 mean_return=15.340 mean_len=74.0
[gat-train] update=2002 samples=40040 fps=12.9 loss=-0.6371 actor=-0.7897 value=0.1901 entropy=3.7498 mean_return=15.340 mean_len=74.0
[gat-train] update=2003 samples=40060 fps=12.9 loss=0.8872 actor=0.6409 value=0.2816 entropy=3.5363 mean_return=15.340 mean_len=74.0
[gat-train] update=2004 samples=40080 fps=12.9 loss=-0.2747 actor=-1.1737 value=0.9310 entropy=3.1938 mean_return=15.340 mean_len=74.0
[gat-train] update=2005 samples=40100 fps=12.9 loss=-0.1585 actor=-0.8844 value=0.7565 entropy=3.0538 mean_return=15.340 mean_len=74.0
[gat-train] update=2006 samples=40120 fps=12.9 loss=20.0548 actor=4.0412 value=16.0401 entropy=2.6575 mean_return=15.342 mean_len=74.1
[gat-train] update=2007 samples=40140 fps=12.9 loss=7.2664 actor=2.4919 value=4.8016 entropy=2.7183 mean_return=15.370 mean_len=74.3
[gat-train] update=2008 samples=40160 fps=12.9 loss=-0.2501 actor=-0.7458 value=0.5242 entropy=2.8437 mean_return=15.370 mean_len=74.3
[gat-train] update=2009 samples=40180 fps=12.9 loss=25.2854 actor=4.0615 value=21.2493 entropy=2.5361 mean_return=15.437 mean_len=74.6
[gat-train] update=2010 samples=40200 fps=12.9 loss=1.2956 actor=0.9274 value=0.3980 entropy=2.9851 mean_return=15.437 mean_len=74.6
[gat-train] update=2011 samples=40220 fps=12.9 loss=0.0140 actor=-0.5185 value=0.5644 entropy=3.1891 mean_return=15.437 mean_len=74.6
[gat-train] update=2012 samples=40240 fps=12.9 loss=2.5202 actor=1.7212 value=0.8324 entropy=3.3443 mean_return=15.437 mean_len=74.6
[gat-train] update=2013 samples=40260 fps=12.9 loss=5.7470 actor=1.3800 value=4.3979 entropy=3.0904 mean_return=15.465 mean_len=74.6
[gat-train] update=2014 samples=40280 fps=12.9 loss=-0.2260 actor=-0.2961 value=0.1038 entropy=3.3680 mean_return=15.465 mean_len=74.6
[gat-train] update=2015 samples=40300 fps=12.9 loss=0.2317 actor=0.0777 value=0.1869 entropy=3.2857 mean_return=15.465 mean_len=74.6
[gat-train] update=2016 samples=40320 fps=12.9 loss=-1.2331 actor=-1.7241 value=0.5239 entropy=3.2839 mean_return=15.465 mean_len=74.6
[gat-train] update=2017 samples=40340 fps=12.9 loss=0.8964 actor=0.7175 value=0.2141 entropy=3.5222 mean_return=15.465 mean_len=74.6
[gat-train] update=2018 samples=40360 fps=12.9 loss=0.1511 actor=-0.1696 value=0.3558 entropy=3.5127 mean_return=15.465 mean_len=74.6
[gat-train] update=2019 samples=40380 fps=12.9 loss=-0.8990 actor=-1.1351 value=0.2712 entropy=3.5174 mean_return=15.465 mean_len=74.6
[gat-train] update=2020 samples=40400 fps=12.9 loss=0.2662 actor=-0.1305 value=0.4301 entropy=3.3406 mean_return=15.465 mean_len=74.6
[gat-train] update=2021 samples=40420 fps=12.9 loss=0.4889 actor=-0.4460 value=0.9650 entropy=3.0104 mean_return=15.465 mean_len=74.6
[gat-train] update=2022 samples=40440 fps=12.9 loss=19.6785 actor=3.0006 value=16.7049 entropy=2.7101 mean_return=15.474 mean_len=74.7
[gat-train] update=2023 samples=40460 fps=12.9 loss=13.3439 actor=2.6708 value=10.6996 entropy=2.6510 mean_return=15.497 mean_len=74.8
[gat-train] update=2024 samples=40480 fps=12.9 loss=26.2798 actor=6.9469 value=19.3578 entropy=2.4904 mean_return=15.511 mean_len=75.0
[gat-train] update=2025 samples=40500 fps=12.9 loss=-0.3670 actor=-1.0144 value=0.6697 entropy=2.2270 mean_return=15.511 mean_len=75.0
[gat-train] update=2026 samples=40520 fps=12.9 loss=-0.0721 actor=-0.1562 value=0.1067 entropy=2.2664 mean_return=15.511 mean_len=75.0
[gat-train] update=2027 samples=40540 fps=12.9 loss=0.4054 actor=0.2196 value=0.2099 entropy=2.4148 mean_return=15.511 mean_len=75.0
[gat-train] update=2028 samples=40560 fps=12.9 loss=26.7251 actor=4.7853 value=21.9638 entropy=2.4036 mean_return=15.541 mean_len=75.2
[gat-train] update=2029 samples=40580 fps=12.9 loss=-0.1329 actor=-0.2455 value=0.1313 entropy=1.8694 mean_return=15.541 mean_len=75.2
[gat-train] update=2030 samples=40600 fps=12.9 loss=-0.1775 actor=-0.1884 value=0.0322 entropy=2.1367 mean_return=15.541 mean_len=75.2
[gat-train] update=2031 samples=40620 fps=12.9 loss=0.2205 actor=0.1550 value=0.0884 entropy=2.2805 mean_return=15.541 mean_len=75.2
[gat-train] update=2032 samples=40640 fps=12.9 loss=-0.4391 actor=-0.5662 value=0.1487 entropy=2.1624 mean_return=15.541 mean_len=75.2
[gat-train] update=2033 samples=40660 fps=12.9 loss=0.3309 actor=0.2600 value=0.0933 entropy=2.2484 mean_return=15.541 mean_len=75.2
[gat-train] update=2034 samples=40680 fps=12.9 loss=-0.3394 actor=-0.6838 value=0.3705 entropy=2.6094 mean_return=15.541 mean_len=75.2
[gat-train] update=2035 samples=40700 fps=12.9 loss=-0.3853 actor=-0.4773 value=0.1170 entropy=2.4917 mean_return=15.541 mean_len=75.2
[gat-train] update=2036 samples=40720 fps=12.9 loss=-0.0323 actor=-0.2680 value=0.2629 entropy=2.7151 mean_return=15.541 mean_len=75.2
[gat-train] update=2037 samples=40740 fps=12.9 loss=2.1064 actor=1.4621 value=0.6736 entropy=2.9359 mean_return=15.541 mean_len=75.2
[gat-train] update=2038 samples=40760 fps=12.9 loss=2.4632 actor=0.7329 value=1.7568 entropy=2.6518 mean_return=15.541 mean_len=75.2
[gat-train] update=2039 samples=40780 fps=12.9 loss=72.9357 actor=12.7688 value=60.1915 entropy=2.4658 mean_return=15.637 mean_len=75.7
[gat-train] update=2040 samples=40800 fps=12.9 loss=0.3044 actor=-0.1082 value=0.4284 entropy=1.5717 mean_return=15.637 mean_len=75.7
[gat-train] update=2041 samples=40820 fps=12.9 loss=1.3070 actor=0.8200 value=0.5033 entropy=1.6287 mean_return=15.637 mean_len=75.7
[gat-train] update=2042 samples=40840 fps=12.9 loss=41.2926 actor=7.3375 value=33.9737 entropy=1.8566 mean_return=15.709 mean_len=76.1
[gat-train] update=2043 samples=40860 fps=12.9 loss=1.3609 actor=0.8727 value=0.5081 entropy=1.9990 mean_return=15.709 mean_len=76.1
[gat-train] update=2044 samples=40880 fps=12.9 loss=-0.0621 actor=-0.2808 value=0.2317 entropy=1.3096 mean_return=15.709 mean_len=76.1
[gat-train] update=2045 samples=40900 fps=12.9 loss=14.9540 actor=3.4097 value=11.5598 entropy=1.5520 mean_return=15.785 mean_len=76.5
[gat-train] update=2046 samples=40920 fps=12.9 loss=0.0500 actor=0.0237 value=0.0395 entropy=1.3230 mean_return=15.785 mean_len=76.5
[gat-train] update=2047 samples=40940 fps=12.9 loss=0.0158 actor=-0.0292 value=0.0590 entropy=1.4022 mean_return=15.785 mean_len=76.5
[gat-train] update=2048 samples=40960 fps=12.9 loss=-0.3178 actor=-0.3365 value=0.0332 entropy=1.4497 mean_return=15.785 mean_len=76.5
[gat-train] update=2049 samples=40980 fps=12.9 loss=-0.1634 actor=-0.2387 value=0.0909 entropy=1.5660 mean_return=15.785 mean_len=76.5
[gat-train] update=2050 samples=41000 fps=12.9 loss=-0.2993 actor=-0.3386 value=0.0578 entropy=1.8504 mean_return=15.785 mean_len=76.5
[gat-train] eval update=2050 comp_score=90.72 best=92.38
[gat-train] update=2051 samples=41020 fps=12.9 loss=-0.0412 actor=-0.1231 value=0.1003 entropy=1.8394 mean_return=15.785 mean_len=76.5
[gat-train] update=2052 samples=41040 fps=12.9 loss=-0.5012 actor=-0.7985 value=0.3165 entropy=1.9195 mean_return=15.785 mean_len=76.5
[gat-train] update=2053 samples=41060 fps=12.9 loss=-0.1893 actor=-0.5259 value=0.3601 entropy=2.3466 mean_return=15.785 mean_len=76.5
[gat-train] update=2054 samples=41080 fps=12.9 loss=0.5870 actor=0.3964 value=0.2128 entropy=2.2239 mean_return=15.785 mean_len=76.5
[gat-train] update=2055 samples=41100 fps=12.9 loss=0.1667 actor=-0.3662 value=0.5570 entropy=2.4047 mean_return=15.785 mean_len=76.5
[gat-train] update=2056 samples=41120 fps=12.9 loss=21.7889 actor=4.9547 value=16.8588 entropy=2.4548 mean_return=15.868 mean_len=76.9
[gat-train] update=2057 samples=41140 fps=12.9 loss=33.6027 actor=6.1888 value=27.4333 entropy=1.9471 mean_return=15.936 mean_len=77.2
[gat-train] update=2058 samples=41160 fps=12.9 loss=0.7328 actor=0.2610 value=0.4884 entropy=1.6584 mean_return=15.936 mean_len=77.2
[gat-train] update=2059 samples=41180 fps=12.9 loss=12.3163 actor=2.2500 value=10.0831 entropy=1.6864 mean_return=15.977 mean_len=77.5
[gat-train] update=2060 samples=41200 fps=12.9 loss=-0.0589 actor=-0.1530 value=0.1091 entropy=1.4993 mean_return=15.977 mean_len=77.5
[gat-train] update=2061 samples=41220 fps=12.9 loss=0.3655 actor=0.0529 value=0.3281 entropy=1.5504 mean_return=15.977 mean_len=77.5
[gat-train] update=2062 samples=41240 fps=12.9 loss=42.5003 actor=7.7585 value=34.7623 entropy=2.0466 mean_return=16.004 mean_len=77.8
[gat-train] update=2063 samples=41260 fps=12.9 loss=0.2147 actor=-0.0362 value=0.2630 entropy=1.2096 mean_return=16.004 mean_len=77.8
[gat-train] update=2064 samples=41280 fps=12.9 loss=-0.1805 actor=-0.2177 value=0.0506 entropy=1.3357 mean_return=16.004 mean_len=77.8
[gat-train] update=2065 samples=41300 fps=12.9 loss=0.6016 actor=0.3340 value=0.2829 entropy=1.5289 mean_return=16.004 mean_len=77.8
[gat-train] update=2066 samples=41320 fps=12.9 loss=-0.1858 actor=-0.4729 value=0.3043 entropy=1.7187 mean_return=16.004 mean_len=77.8
[gat-train] update=2067 samples=41340 fps=12.9 loss=-0.1412 actor=-0.1728 value=0.0478 entropy=1.6147 mean_return=16.004 mean_len=77.8
[gat-train] update=2068 samples=41360 fps=12.9 loss=0.2981 actor=0.0936 value=0.2245 entropy=2.0014 mean_return=16.004 mean_len=77.8
[gat-train] update=2069 samples=41380 fps=12.9 loss=-0.0826 actor=-0.5895 value=0.5281 entropy=2.1152 mean_return=16.004 mean_len=77.8
[gat-train] update=2070 samples=41400 fps=12.9 loss=-0.5359 actor=-1.2237 value=0.7103 entropy=2.2447 mean_return=16.004 mean_len=77.8
[gat-train] update=2071 samples=41420 fps=12.9 loss=0.1173 actor=-0.5448 value=0.6868 entropy=2.4649 mean_return=16.004 mean_len=77.8
[gat-train] update=2072 samples=41440 fps=12.9 loss=-0.6010 actor=-1.0829 value=0.5070 entropy=2.5093 mean_return=16.004 mean_len=77.8
[gat-train] update=2073 samples=41460 fps=12.9 loss=2.0504 actor=1.0905 value=0.9819 entropy=2.1912 mean_return=16.004 mean_len=77.8
[gat-train] update=2074 samples=41480 fps=12.9 loss=16.5710 actor=5.0411 value=11.5497 entropy=1.9751 mean_return=16.106 mean_len=78.3
[gat-train] update=2075 samples=41500 fps=12.9 loss=0.4463 actor=-0.3086 value=0.7706 entropy=1.5712 mean_return=16.106 mean_len=78.3
[gat-train] update=2076 samples=41520 fps=12.9 loss=0.8395 actor=0.5458 value=0.3103 entropy=1.6599 mean_return=16.106 mean_len=78.3
[gat-train] update=2077 samples=41540 fps=12.9 loss=8.1250 actor=1.7509 value=6.3921 entropy=1.7986 mean_return=16.148 mean_len=78.5
[gat-train] update=2078 samples=41560 fps=12.9 loss=-0.4963 actor=-0.6653 value=0.1862 entropy=1.7187 mean_return=16.148 mean_len=78.5
[gat-train] update=2079 samples=41580 fps=12.9 loss=0.2776 actor=0.1627 value=0.1319 entropy=1.7046 mean_return=16.148 mean_len=78.5
[gat-train] update=2080 samples=41600 fps=12.9 loss=25.2238 actor=5.3832 value=19.8577 entropy=1.7077 mean_return=16.196 mean_len=78.7
[gat-train] update=2081 samples=41620 fps=12.9 loss=0.1037 actor=0.0601 value=0.0575 entropy=1.3950 mean_return=16.196 mean_len=78.7
[gat-train] update=2082 samples=41640 fps=12.9 loss=-0.0170 actor=-0.1322 value=0.1315 entropy=1.6279 mean_return=16.196 mean_len=78.7
[gat-train] update=2083 samples=41660 fps=12.9 loss=0.4829 actor=0.2730 value=0.2258 entropy=1.5914 mean_return=16.196 mean_len=78.7
[gat-train] update=2084 samples=41680 fps=12.9 loss=-0.2615 actor=-0.4512 value=0.2069 entropy=1.7200 mean_return=16.196 mean_len=78.7
[gat-train] update=2085 samples=41700 fps=12.9 loss=-0.4112 actor=-0.5328 value=0.1380 entropy=1.6389 mean_return=16.196 mean_len=78.7
[gat-train] update=2086 samples=41720 fps=12.9 loss=0.1608 actor=-0.1876 value=0.3652 entropy=1.6747 mean_return=16.196 mean_len=78.7
[gat-train] update=2087 samples=41740 fps=12.9 loss=-0.4717 actor=-0.5684 value=0.1125 entropy=1.5704 mean_return=16.196 mean_len=78.7
[gat-train] update=2088 samples=41760 fps=12.9 loss=-0.5156 actor=-0.8599 value=0.3639 entropy=1.9557 mean_return=16.196 mean_len=78.7
[gat-train] update=2089 samples=41780 fps=12.9 loss=-0.7726 actor=-1.4832 value=0.7307 entropy=2.0103 mean_return=16.196 mean_len=78.7
[gat-train] update=2090 samples=41800 fps=12.9 loss=1.0160 actor=0.5654 value=0.4694 entropy=1.8814 mean_return=16.196 mean_len=78.7
[gat-train] update=2091 samples=41820 fps=12.9 loss=36.6813 actor=6.1468 value=30.5520 entropy=1.7540 mean_return=16.257 mean_len=79.0
[gat-train] update=2092 samples=41840 fps=12.9 loss=0.8935 actor=0.2051 value=0.7072 entropy=1.8889 mean_return=16.257 mean_len=79.0
[gat-train] update=2093 samples=41860 fps=12.9 loss=35.9996 actor=7.1163 value=28.9098 entropy=2.6535 mean_return=16.360 mean_len=79.4
[gat-train] update=2094 samples=41880 fps=12.9 loss=0.1057 actor=-0.1082 value=0.2331 entropy=1.9245 mean_return=16.360 mean_len=79.4
[gat-train] update=2095 samples=41900 fps=12.9 loss=1.8815 actor=1.0147 value=0.8935 entropy=2.6775 mean_return=16.360 mean_len=79.4
[gat-train] update=2096 samples=41920 fps=12.9 loss=0.3894 actor=0.1096 value=0.3048 entropy=2.5069 mean_return=16.360 mean_len=79.4
[gat-train] update=2097 samples=41940 fps=12.9 loss=19.4684 actor=3.3597 value=16.1309 entropy=2.2233 mean_return=16.392 mean_len=79.6
[gat-train] update=2098 samples=41960 fps=12.9 loss=0.3093 actor=0.0607 value=0.2717 entropy=2.3128 mean_return=16.392 mean_len=79.6
[gat-train] update=2099 samples=41980 fps=12.9 loss=0.3124 actor=0.1282 value=0.2089 entropy=2.4703 mean_return=16.392 mean_len=79.6
[gat-train] update=2100 samples=42000 fps=12.9 loss=-0.4333 actor=-0.5813 value=0.1760 entropy=2.7967 mean_return=16.392 mean_len=79.6
[gat-train] eval update=2100 comp_score=88.52 best=92.38
[gat-train] update=2101 samples=42020 fps=12.9 loss=0.0120 actor=-0.0795 value=0.1148 entropy=2.3253 mean_return=16.392 mean_len=79.6
[gat-train] update=2102 samples=42040 fps=12.9 loss=0.8009 actor=0.2878 value=0.5372 entropy=2.4118 mean_return=16.392 mean_len=79.6
[gat-train] update=2103 samples=42060 fps=12.9 loss=-0.5215 actor=-1.0632 value=0.5612 entropy=1.9468 mean_return=16.392 mean_len=79.6
[gat-train] update=2104 samples=42080 fps=12.9 loss=0.9626 actor=0.3651 value=0.6231 entropy=2.5658 mean_return=16.392 mean_len=79.6
[gat-train] update=2105 samples=42100 fps=12.9 loss=0.5850 actor=0.0366 value=0.5768 entropy=2.8403 mean_return=16.392 mean_len=79.6
[gat-train] update=2106 samples=42120 fps=12.9 loss=0.2936 actor=-0.1849 value=0.5021 entropy=2.3579 mean_return=16.392 mean_len=79.6
[gat-train] update=2107 samples=42140 fps=12.9 loss=33.8523 actor=6.3345 value=27.5478 entropy=3.0041 mean_return=16.403 mean_len=79.7
[gat-train] update=2108 samples=42160 fps=12.9 loss=-0.3045 actor=-1.2468 value=0.9694 entropy=2.7062 mean_return=16.403 mean_len=79.7
[gat-train] update=2109 samples=42180 fps=12.9 loss=7.2021 actor=1.8500 value=5.3759 entropy=2.3819 mean_return=16.421 mean_len=79.8
[gat-train] update=2110 samples=42200 fps=12.9 loss=8.2180 actor=2.0104 value=6.2465 entropy=3.8897 mean_return=16.450 mean_len=79.9
[gat-train] update=2111 samples=42220 fps=12.9 loss=1.9238 actor=1.5728 value=0.3882 entropy=3.7248 mean_return=16.450 mean_len=79.9
[gat-train] update=2112 samples=42240 fps=12.9 loss=30.8063 actor=6.5917 value=24.2505 entropy=3.5823 mean_return=16.422 mean_len=79.7
[gat-train] update=2113 samples=42260 fps=12.9 loss=-0.4167 actor=-0.8281 value=0.4451 entropy=3.3665 mean_return=16.422 mean_len=79.7
[gat-train] update=2114 samples=42280 fps=12.9 loss=1.0300 actor=0.6998 value=0.3582 entropy=2.7951 mean_return=16.422 mean_len=79.7
[gat-train] update=2115 samples=42300 fps=12.9 loss=-0.0657 actor=-0.5176 value=0.4807 entropy=2.8825 mean_return=16.422 mean_len=79.7
[gat-train] update=2116 samples=42320 fps=12.9 loss=1.3137 actor=0.8703 value=0.4751 entropy=3.1660 mean_return=16.422 mean_len=79.7
[gat-train] update=2117 samples=42340 fps=12.9 loss=-0.7734 actor=-2.0330 value=1.2911 entropy=3.1422 mean_return=16.422 mean_len=79.7
[gat-train] update=2118 samples=42360 fps=12.9 loss=-0.9112 actor=-1.1639 value=0.2822 entropy=2.9526 mean_return=16.422 mean_len=79.7
[gat-train] update=2119 samples=42380 fps=12.9 loss=1.8967 actor=0.5204 value=1.4071 entropy=3.0716 mean_return=16.422 mean_len=79.7
[gat-train] update=2120 samples=42400 fps=12.9 loss=1.4662 actor=-0.1769 value=1.6713 entropy=2.8188 mean_return=16.422 mean_len=79.7
[gat-train] update=2121 samples=42420 fps=12.9 loss=1.3023 actor=0.4209 value=0.9146 entropy=3.3198 mean_return=16.422 mean_len=79.7
[gat-train] update=2122 samples=42440 fps=12.9 loss=2.2074 actor=1.4508 value=0.7876 entropy=3.0950 mean_return=16.422 mean_len=79.7
[gat-train] update=2123 samples=42460 fps=12.9 loss=0.9720 actor=-1.4730 value=2.4691 entropy=2.4089 mean_return=16.422 mean_len=79.7
[gat-train] update=2124 samples=42480 fps=12.9 loss=32.6971 actor=6.0346 value=26.6898 entropy=2.7233 mean_return=16.423 mean_len=79.8
[gat-train] update=2125 samples=42500 fps=12.9 loss=0.4897 actor=0.0488 value=0.4689 entropy=2.8034 mean_return=16.423 mean_len=79.8
[gat-train] update=2126 samples=42520 fps=12.9 loss=24.0702 actor=4.0172 value=20.0833 entropy=3.0250 mean_return=16.432 mean_len=79.8
[gat-train] update=2127 samples=42540 fps=12.9 loss=1.1228 actor=0.6988 value=0.4670 entropy=4.3008 mean_return=16.432 mean_len=79.8
[gat-train] update=2128 samples=42560 fps=12.9 loss=0.0484 actor=-0.0536 value=0.1391 entropy=3.7060 mean_return=16.432 mean_len=79.8
[gat-train] update=2129 samples=42580 fps=12.9 loss=0.3415 actor=0.2336 value=0.1435 entropy=3.5620 mean_return=16.432 mean_len=79.8
[gat-train] update=2130 samples=42600 fps=12.9 loss=0.5803 actor=0.2808 value=0.3300 entropy=3.0470 mean_return=16.432 mean_len=79.8
[gat-train] update=2131 samples=42620 fps=12.9 loss=0.1959 actor=-0.0507 value=0.2747 entropy=2.8151 mean_return=16.432 mean_len=79.8
[gat-train] update=2132 samples=42640 fps=12.9 loss=0.2909 actor=0.1425 value=0.1701 entropy=2.1650 mean_return=16.432 mean_len=79.8
[gat-train] update=2133 samples=42660 fps=12.9 loss=0.8559 actor=-0.1705 value=1.0565 entropy=3.0115 mean_return=16.432 mean_len=79.8
[gat-train] update=2134 samples=42680 fps=12.9 loss=-1.0941 actor=-1.8717 value=0.8039 entropy=2.6277 mean_return=16.432 mean_len=79.8
[gat-train] update=2135 samples=42700 fps=12.9 loss=0.8965 actor=0.6398 value=0.2880 entropy=3.1270 mean_return=16.432 mean_len=79.8
[gat-train] update=2136 samples=42720 fps=12.9 loss=1.6807 actor=0.8990 value=0.8158 entropy=3.4057 mean_return=16.432 mean_len=79.8
[gat-train] update=2137 samples=42740 fps=12.9 loss=-0.9626 actor=-1.8229 value=0.8877 entropy=2.7440 mean_return=16.432 mean_len=79.8
[gat-train] update=2138 samples=42760 fps=12.9 loss=0.5714 actor=-0.0277 value=0.6281 entropy=2.8975 mean_return=16.432 mean_len=79.8
[gat-train] update=2139 samples=42780 fps=12.9 loss=0.8030 actor=0.2962 value=0.5304 entropy=2.3570 mean_return=16.432 mean_len=79.8
[gat-train] update=2140 samples=42800 fps=12.9 loss=6.6460 actor=1.6327 value=5.0334 entropy=2.0063 mean_return=16.446 mean_len=79.8
[gat-train] update=2141 samples=42820 fps=12.9 loss=27.2666 actor=5.4584 value=21.8353 entropy=2.7010 mean_return=16.467 mean_len=79.9
[gat-train] update=2142 samples=42840 fps=12.9 loss=6.3795 actor=0.4379 value=5.9778 entropy=3.6158 mean_return=16.482 mean_len=79.9
[gat-train] update=2143 samples=42860 fps=12.9 loss=1.3868 actor=0.9027 value=0.5147 entropy=3.0599 mean_return=16.482 mean_len=79.9
[gat-train] update=2144 samples=42880 fps=12.9 loss=0.9851 actor=0.6478 value=0.3717 entropy=3.4460 mean_return=16.482 mean_len=79.9
[gat-train] update=2145 samples=42900 fps=12.9 loss=0.3825 actor=0.2375 value=0.1829 entropy=3.7849 mean_return=16.482 mean_len=79.9
[gat-train] update=2146 samples=42920 fps=12.9 loss=0.3331 actor=0.1710 value=0.1960 entropy=3.3899 mean_return=16.482 mean_len=79.9
[gat-train] update=2147 samples=42940 fps=12.9 loss=-0.4650 actor=-0.5599 value=0.1247 entropy=2.9798 mean_return=16.482 mean_len=79.9
[gat-train] update=2148 samples=42960 fps=12.9 loss=0.6435 actor=0.3851 value=0.2907 entropy=3.2257 mean_return=16.482 mean_len=79.9
[gat-train] update=2149 samples=42980 fps=12.9 loss=0.1919 actor=0.0827 value=0.1384 entropy=2.9288 mean_return=16.482 mean_len=79.9
[gat-train] update=2150 samples=43000 fps=12.9 loss=0.3493 actor=-0.1185 value=0.5021 entropy=3.4276 mean_return=16.482 mean_len=79.9
[gat-train] eval update=2150 comp_score=88.52 best=92.38
[gat-train] update=2151 samples=43020 fps=12.8 loss=0.3950 actor=-0.0089 value=0.4336 entropy=2.9654 mean_return=16.482 mean_len=79.9
[gat-train] update=2152 samples=43040 fps=12.8 loss=-0.1473 actor=-0.6336 value=0.5132 entropy=2.6915 mean_return=16.482 mean_len=79.9
[gat-train] update=2153 samples=43060 fps=12.8 loss=0.0718 actor=-0.5199 value=0.6236 entropy=3.2009 mean_return=16.482 mean_len=79.9
[gat-train] update=2154 samples=43080 fps=12.8 loss=-0.7906 actor=-1.6011 value=0.8372 entropy=2.6754 mean_return=16.482 mean_len=79.9
[gat-train] update=2155 samples=43100 fps=12.8 loss=52.2480 actor=11.0308 value=41.2468 entropy=2.9550 mean_return=16.458 mean_len=79.9
[gat-train] update=2156 samples=43120 fps=12.8 loss=1.1761 actor=0.1605 value=1.0452 entropy=2.9554 mean_return=16.458 mean_len=79.9
[gat-train] update=2157 samples=43140 fps=12.8 loss=0.0839 actor=-0.1516 value=0.2654 entropy=2.9900 mean_return=16.458 mean_len=79.9
[gat-train] update=2158 samples=43160 fps=12.8 loss=6.7112 actor=2.1807 value=4.5621 entropy=3.1639 mean_return=16.460 mean_len=80.0
[gat-train] update=2159 samples=43180 fps=12.8 loss=13.5598 actor=1.7081 value=11.8852 entropy=3.3499 mean_return=16.479 mean_len=80.2
[gat-train] update=2160 samples=43200 fps=12.8 loss=0.3381 actor=0.1151 value=0.2587 entropy=3.5726 mean_return=16.479 mean_len=80.2
[gat-train] update=2161 samples=43220 fps=12.8 loss=0.1898 actor=-0.1302 value=0.3471 entropy=2.7178 mean_return=16.479 mean_len=80.2
[gat-train] update=2162 samples=43240 fps=12.8 loss=0.9108 actor=0.7869 value=0.1542 entropy=3.0296 mean_return=16.479 mean_len=80.2
[gat-train] update=2163 samples=43260 fps=12.8 loss=0.4972 actor=-0.2363 value=0.7537 entropy=2.0309 mean_return=16.479 mean_len=80.2
[gat-train] update=2164 samples=43280 fps=12.8 loss=-0.5563 actor=-0.9680 value=0.4471 entropy=3.5341 mean_return=16.479 mean_len=80.2
[gat-train] update=2165 samples=43300 fps=12.8 loss=2.1193 actor=1.2045 value=0.9443 entropy=2.9525 mean_return=16.479 mean_len=80.2
[gat-train] update=2166 samples=43320 fps=12.8 loss=-0.1464 actor=-0.5929 value=0.4749 entropy=2.8417 mean_return=16.479 mean_len=80.2
[gat-train] update=2167 samples=43340 fps=12.8 loss=-0.7275 actor=-1.2542 value=0.5609 entropy=3.4211 mean_return=16.479 mean_len=80.2
[gat-train] update=2168 samples=43360 fps=12.8 loss=-1.4578 actor=-2.2105 value=0.7887 entropy=3.5946 mean_return=16.479 mean_len=80.2
[gat-train] update=2169 samples=43380 fps=12.8 loss=1.6418 actor=0.7309 value=0.9405 entropy=2.9652 mean_return=16.479 mean_len=80.2
[gat-train] update=2170 samples=43400 fps=12.8 loss=0.6516 actor=0.2855 value=0.3974 entropy=3.1232 mean_return=16.479 mean_len=80.2
[gat-train] update=2171 samples=43420 fps=12.8 loss=10.5446 actor=1.4989 value=9.0765 entropy=3.0781 mean_return=16.502 mean_len=80.3
[gat-train] update=2172 samples=43440 fps=12.8 loss=12.1552 actor=1.8544 value=10.3329 entropy=3.2175 mean_return=16.567 mean_len=80.5
[gat-train] update=2173 samples=43460 fps=12.8 loss=23.1613 actor=5.3482 value=17.8470 entropy=3.3790 mean_return=16.600 mean_len=80.8
[gat-train] update=2174 samples=43480 fps=12.8 loss=-0.1178 actor=-0.5446 value=0.4605 entropy=3.3656 mean_return=16.600 mean_len=80.8
[gat-train] update=2175 samples=43500 fps=12.8 loss=17.3116 actor=2.9966 value=14.3433 entropy=2.8239 mean_return=16.626 mean_len=80.9
[gat-train] update=2176 samples=43520 fps=12.9 loss=0.6525 actor=-0.0276 value=0.7104 entropy=3.0351 mean_return=16.626 mean_len=80.9
[gat-train] update=2177 samples=43540 fps=12.9 loss=0.7394 actor=0.5641 value=0.2069 entropy=3.1562 mean_return=16.626 mean_len=80.9
[gat-train] update=2178 samples=43560 fps=12.9 loss=1.2451 actor=0.7454 value=0.5254 entropy=2.5814 mean_return=16.626 mean_len=80.9
[gat-train] update=2179 samples=43580 fps=12.9 loss=0.9313 actor=0.7194 value=0.2477 entropy=3.5846 mean_return=16.626 mean_len=80.9
[gat-train] update=2180 samples=43600 fps=12.9 loss=-0.2056 actor=-0.5009 value=0.3302 entropy=3.4973 mean_return=16.626 mean_len=80.9
[gat-train] update=2181 samples=43620 fps=12.8 loss=1.1566 actor=0.4738 value=0.7111 entropy=2.8282 mean_return=16.626 mean_len=80.9
[gat-train] update=2182 samples=43640 fps=12.8 loss=0.5949 actor=-0.0252 value=0.6532 entropy=3.3068 mean_return=16.626 mean_len=80.9
[gat-train] update=2183 samples=43660 fps=12.8 loss=0.5033 actor=-0.0707 value=0.6029 entropy=2.8917 mean_return=16.626 mean_len=80.9
[gat-train] update=2184 samples=43680 fps=12.8 loss=0.8629 actor=0.3284 value=0.5591 entropy=2.4650 mean_return=16.626 mean_len=80.9
[gat-train] update=2185 samples=43700 fps=12.8 loss=1.2609 actor=0.1770 value=1.1039 entropy=2.0085 mean_return=16.626 mean_len=80.9
[gat-train] update=2186 samples=43720 fps=12.8 loss=21.5935 actor=2.4253 value=19.1864 entropy=1.8303 mean_return=16.640 mean_len=81.0
[gat-train] update=2187 samples=43740 fps=12.8 loss=8.6440 actor=-0.2369 value=8.9089 entropy=2.7972 mean_return=16.630 mean_len=81.0
[gat-train] update=2188 samples=43760 fps=12.8 loss=0.7389 actor=-0.0083 value=0.7766 entropy=2.9408 mean_return=16.630 mean_len=81.0
[gat-train] update=2189 samples=43780 fps=12.8 loss=3.7409 actor=2.1663 value=1.6069 entropy=3.2312 mean_return=16.630 mean_len=81.0
[gat-train] update=2190 samples=43800 fps=12.8 loss=26.2459 actor=5.4505 value=20.8176 entropy=2.2153 mean_return=16.645 mean_len=81.1
[gat-train] update=2191 samples=43820 fps=12.9 loss=7.2017 actor=1.4948 value=5.7352 entropy=2.8264 mean_return=16.705 mean_len=81.4
[gat-train] update=2192 samples=43840 fps=12.9 loss=-0.0797 actor=-0.3838 value=0.3318 entropy=2.7764 mean_return=16.705 mean_len=81.4
[gat-train] update=2193 samples=43860 fps=12.9 loss=0.4715 actor=0.2906 value=0.2124 entropy=3.1544 mean_return=16.705 mean_len=81.4
[gat-train] update=2194 samples=43880 fps=12.9 loss=0.1266 actor=0.0830 value=0.0732 entropy=2.9537 mean_return=16.705 mean_len=81.4
[gat-train] update=2195 samples=43900 fps=12.9 loss=-0.2799 actor=-0.3703 value=0.1192 entropy=2.8836 mean_return=16.705 mean_len=81.4
[gat-train] update=2196 samples=43920 fps=12.9 loss=0.6852 actor=0.2631 value=0.4502 entropy=2.8125 mean_return=16.705 mean_len=81.4
[gat-train] update=2197 samples=43940 fps=12.9 loss=-0.0474 actor=-0.1604 value=0.1479 entropy=3.4900 mean_return=16.705 mean_len=81.4
[gat-train] update=2198 samples=43960 fps=12.9 loss=-1.1928 actor=-1.4359 value=0.2757 entropy=3.2632 mean_return=16.705 mean_len=81.4
[gat-train] update=2199 samples=43980 fps=12.9 loss=-0.3740 actor=-0.6482 value=0.2994 entropy=2.5230 mean_return=16.705 mean_len=81.4
[gat-train] update=2200 samples=44000 fps=12.8 loss=1.1348 actor=0.6512 value=0.5057 entropy=2.2154 mean_return=16.705 mean_len=81.4
[gat-train] eval update=2200 comp_score=88.52 best=92.38
[gat-train] update=2201 samples=44020 fps=12.8 loss=1.4928 actor=0.4189 value=1.0969 entropy=2.3087 mean_return=16.705 mean_len=81.4
[gat-train] update=2202 samples=44040 fps=12.8 loss=1.7639 actor=0.8092 value=0.9768 entropy=2.2106 mean_return=16.705 mean_len=81.4
[gat-train] update=2203 samples=44060 fps=12.8 loss=43.0796 actor=7.2883 value=35.8128 entropy=2.1374 mean_return=16.724 mean_len=81.6
[gat-train] update=2204 samples=44080 fps=12.8 loss=2.1523 actor=1.0377 value=1.1425 entropy=2.7892 mean_return=16.724 mean_len=81.6
[gat-train] update=2205 samples=44100 fps=12.8 loss=1.6668 actor=0.4222 value=1.2643 entropy=1.9739 mean_return=16.724 mean_len=81.6
[gat-train] update=2206 samples=44120 fps=12.8 loss=0.1170 actor=-0.2933 value=0.4332 entropy=2.2835 mean_return=16.724 mean_len=81.6
[gat-train] update=2207 samples=44140 fps=12.8 loss=20.3269 actor=4.9252 value=15.4287 entropy=2.7045 mean_return=16.765 mean_len=81.7
[gat-train] update=2208 samples=44160 fps=12.8 loss=-0.0048 actor=-0.1567 value=0.1812 entropy=2.9325 mean_return=16.765 mean_len=81.7
[gat-train] update=2209 samples=44180 fps=12.8 loss=0.7132 actor=0.6052 value=0.1335 entropy=2.5586 mean_return=16.765 mean_len=81.7
[gat-train] update=2210 samples=44200 fps=12.8 loss=-0.2883 actor=-0.3855 value=0.1266 entropy=2.9390 mean_return=16.765 mean_len=81.7
[gat-train] update=2211 samples=44220 fps=12.8 loss=-0.1596 actor=-0.2600 value=0.1279 entropy=2.7510 mean_return=16.765 mean_len=81.7
[gat-train] update=2212 samples=44240 fps=12.8 loss=0.8105 actor=0.6879 value=0.1462 entropy=2.3540 mean_return=16.765 mean_len=81.7
[gat-train] update=2213 samples=44260 fps=12.8 loss=-0.4338 actor=-0.5914 value=0.1834 entropy=2.5839 mean_return=16.765 mean_len=81.7
[gat-train] update=2214 samples=44280 fps=12.8 loss=1.9041 actor=1.4302 value=0.5095 entropy=3.5517 mean_return=16.765 mean_len=81.7
[gat-train] update=2215 samples=44300 fps=12.8 loss=0.0184 actor=-0.9153 value=0.9563 entropy=2.2507 mean_return=16.765 mean_len=81.7
[gat-train] update=2216 samples=44320 fps=12.8 loss=6.1626 actor=3.8450 value=2.3486 entropy=3.1022 mean_return=16.765 mean_len=81.7
[gat-train] update=2217 samples=44340 fps=12.8 loss=0.2633 actor=-1.3824 value=1.6609 entropy=1.5195 mean_return=16.765 mean_len=81.7
[gat-train] update=2218 samples=44360 fps=12.8 loss=22.7961 actor=4.0871 value=18.7343 entropy=2.5290 mean_return=16.752 mean_len=81.6
[gat-train] update=2219 samples=44380 fps=12.8 loss=0.1018 actor=-0.1812 value=0.3065 entropy=2.3592 mean_return=16.752 mean_len=81.6
[gat-train] update=2220 samples=44400 fps=12.8 loss=30.6032 actor=3.9205 value=26.7093 entropy=2.6558 mean_return=16.762 mean_len=81.8
[gat-train] update=2221 samples=44420 fps=12.8 loss=1.2882 actor=0.1874 value=1.1352 entropy=3.4405 mean_return=16.762 mean_len=81.8
[gat-train] update=2222 samples=44440 fps=12.8 loss=0.5224 actor=0.1715 value=0.3746 entropy=2.3751 mean_return=16.762 mean_len=81.8
[gat-train] update=2223 samples=44460 fps=12.8 loss=1.7609 actor=1.3344 value=0.4531 entropy=2.6586 mean_return=16.762 mean_len=81.8
[gat-train] update=2224 samples=44480 fps=12.8 loss=6.3527 actor=1.5916 value=4.7883 entropy=2.7122 mean_return=16.782 mean_len=81.9
[gat-train] update=2225 samples=44500 fps=12.8 loss=16.8339 actor=3.6094 value=13.2482 entropy=2.3776 mean_return=16.815 mean_len=82.1
[gat-train] update=2226 samples=44520 fps=12.8 loss=0.2937 actor=0.0015 value=0.3188 entropy=2.6593 mean_return=16.815 mean_len=82.1
[gat-train] update=2227 samples=44540 fps=12.8 loss=-0.2828 actor=-0.4013 value=0.1533 entropy=3.4837 mean_return=16.815 mean_len=82.1
[gat-train] update=2228 samples=44560 fps=12.8 loss=1.8817 actor=1.0406 value=0.8720 entropy=3.0858 mean_return=16.815 mean_len=82.1
[gat-train] update=2229 samples=44580 fps=12.8 loss=-0.1417 actor=-0.7976 value=0.6855 entropy=2.9623 mean_return=16.815 mean_len=82.1
[gat-train] update=2230 samples=44600 fps=12.8 loss=-0.4373 actor=-0.5632 value=0.1507 entropy=2.4738 mean_return=16.815 mean_len=82.1
[gat-train] update=2231 samples=44620 fps=12.8 loss=-0.9831 actor=-1.3690 value=0.4190 entropy=3.3101 mean_return=16.815 mean_len=82.1
[gat-train] update=2232 samples=44640 fps=12.8 loss=-0.4838 actor=-0.8624 value=0.4135 entropy=3.4882 mean_return=16.815 mean_len=82.1
[gat-train] update=2233 samples=44660 fps=12.8 loss=-0.2519 actor=-0.4113 value=0.1900 entropy=3.0564 mean_return=16.815 mean_len=82.1
[gat-train] update=2234 samples=44680 fps=12.8 loss=1.8828 actor=1.5191 value=0.3925 entropy=2.8787 mean_return=16.815 mean_len=82.1
[gat-train] update=2235 samples=44700 fps=12.8 loss=34.1975 actor=6.9131 value=27.3091 entropy=2.4700 mean_return=16.850 mean_len=82.3
[gat-train] update=2236 samples=44720 fps=12.8 loss=0.2624 actor=-1.2822 value=1.5670 entropy=2.2389 mean_return=16.850 mean_len=82.3
[gat-train] update=2237 samples=44740 fps=12.8 loss=11.6712 actor=2.4636 value=9.2374 entropy=2.9829 mean_return=16.851 mean_len=82.3
[gat-train] update=2238 samples=44760 fps=12.8 loss=1.7547 actor=0.0602 value=1.7266 entropy=3.2060 mean_return=16.851 mean_len=82.3
[gat-train] update=2239 samples=44780 fps=12.8 loss=15.5124 actor=2.6607 value=12.8845 entropy=3.2853 mean_return=16.833 mean_len=82.2
[gat-train] update=2240 samples=44800 fps=12.8 loss=21.4915 actor=4.7877 value=16.7401 entropy=3.6357 mean_return=16.787 mean_len=82.0
[gat-train] update=2241 samples=44820 fps=12.8 loss=-0.9842 actor=-1.2041 value=0.2617 entropy=4.1792 mean_return=16.787 mean_len=82.0
[gat-train] update=2242 samples=44840 fps=12.8 loss=0.8247 actor=0.5887 value=0.2786 entropy=4.2612 mean_return=16.787 mean_len=82.0
[gat-train] update=2243 samples=44860 fps=12.8 loss=1.2404 actor=0.8340 value=0.4457 entropy=3.9337 mean_return=16.787 mean_len=82.0
[gat-train] update=2244 samples=44880 fps=12.8 loss=-0.0039 actor=-0.6900 value=0.7154 entropy=2.9272 mean_return=16.787 mean_len=82.0
[gat-train] update=2245 samples=44900 fps=12.8 loss=0.0894 actor=-0.2365 value=0.3593 entropy=3.3317 mean_return=16.787 mean_len=82.0
[gat-train] update=2246 samples=44920 fps=12.8 loss=2.0147 actor=1.1633 value=0.8804 entropy=2.8969 mean_return=16.787 mean_len=82.0
[gat-train] update=2247 samples=44940 fps=12.8 loss=-0.3574 actor=-0.5518 value=0.2207 entropy=2.6396 mean_return=16.787 mean_len=82.0
[gat-train] update=2248 samples=44960 fps=12.8 loss=-0.6026 actor=-0.6892 value=0.1190 entropy=3.2348 mean_return=16.787 mean_len=82.0
[gat-train] update=2249 samples=44980 fps=12.8 loss=-0.2912 actor=-0.4464 value=0.1856 entropy=3.0412 mean_return=16.787 mean_len=82.0
[gat-train] update=2250 samples=45000 fps=12.8 loss=-0.7023 actor=-0.9240 value=0.2543 entropy=3.2551 mean_return=16.787 mean_len=82.0
[gat-train] eval update=2250 comp_score=88.24 best=92.38
[gat-train] update=2251 samples=45020 fps=12.8 loss=22.0157 actor=4.5994 value=17.4452 entropy=2.8908 mean_return=16.748 mean_len=81.8
[gat-train] update=2252 samples=45040 fps=12.8 loss=0.5765 actor=0.3314 value=0.2771 entropy=3.1891 mean_return=16.748 mean_len=81.8
[gat-train] update=2253 samples=45060 fps=12.8 loss=27.0888 actor=6.6617 value=20.4583 entropy=3.1226 mean_return=16.744 mean_len=81.8
[gat-train] update=2254 samples=45080 fps=12.8 loss=6.6742 actor=1.6770 value=5.0273 entropy=3.0076 mean_return=16.685 mean_len=81.5
[gat-train] update=2255 samples=45100 fps=12.8 loss=0.3620 actor=0.1375 value=0.2501 entropy=2.5514 mean_return=16.685 mean_len=81.5
[gat-train] update=2256 samples=45120 fps=12.8 loss=5.8396 actor=1.1183 value=4.7529 entropy=3.1523 mean_return=16.651 mean_len=81.3
[gat-train] update=2257 samples=45140 fps=12.8 loss=0.9749 actor=0.8443 value=0.1634 entropy=3.2776 mean_return=16.651 mean_len=81.3
[gat-train] update=2258 samples=45160 fps=12.8 loss=0.3352 actor=0.1863 value=0.1829 entropy=3.4023 mean_return=16.651 mean_len=81.3
[gat-train] update=2259 samples=45180 fps=12.8 loss=0.0762 actor=-0.1797 value=0.2801 entropy=2.4112 mean_return=16.651 mean_len=81.3
[gat-train] update=2260 samples=45200 fps=12.8 loss=-0.6112 actor=-1.0232 value=0.4430 entropy=3.0992 mean_return=16.651 mean_len=81.3
[gat-train] update=2261 samples=45220 fps=12.8 loss=-0.0097 actor=-0.4271 value=0.4378 entropy=2.0369 mean_return=16.651 mean_len=81.3
[gat-train] update=2262 samples=45240 fps=12.8 loss=2.1426 actor=1.4615 value=0.7073 entropy=2.6240 mean_return=16.651 mean_len=81.3
[gat-train] update=2263 samples=45260 fps=12.8 loss=-0.3001 actor=-0.7240 value=0.4430 entropy=1.9021 mean_return=16.651 mean_len=81.3
[gat-train] update=2264 samples=45280 fps=12.8 loss=-0.0692 actor=-0.4834 value=0.4350 entropy=2.0747 mean_return=16.651 mean_len=81.3
[gat-train] update=2265 samples=45300 fps=12.8 loss=0.0999 actor=-0.7443 value=0.8615 entropy=1.7255 mean_return=16.651 mean_len=81.3
[gat-train] update=2266 samples=45320 fps=12.8 loss=0.4546 actor=-0.2458 value=0.7204 entropy=2.0038 mean_return=16.651 mean_len=81.3
[gat-train] update=2267 samples=45340 fps=12.8 loss=16.8363 actor=2.5930 value=14.2661 entropy=2.2793 mean_return=16.619 mean_len=81.3
[gat-train] update=2268 samples=45360 fps=12.8 loss=-0.1161 actor=-0.8664 value=0.7716 entropy=2.1263 mean_return=16.619 mean_len=81.3
[gat-train] update=2269 samples=45380 fps=12.8 loss=1.0105 actor=0.3655 value=0.6688 entropy=2.3726 mean_return=16.619 mean_len=81.3
[gat-train] update=2270 samples=45400 fps=12.8 loss=15.2222 actor=2.6916 value=12.5508 entropy=2.0144 mean_return=16.631 mean_len=81.1
[gat-train] update=2271 samples=45420 fps=12.8 loss=19.6458 actor=2.9859 value=16.6850 entropy=2.5104 mean_return=16.618 mean_len=81.3
[gat-train] update=2272 samples=45440 fps=12.8 loss=28.7806 actor=4.7921 value=24.0130 entropy=2.4485 mean_return=16.581 mean_len=81.2
[gat-train] update=2273 samples=45460 fps=12.8 loss=1.0189 actor=0.8131 value=0.2334 entropy=2.7598 mean_return=16.581 mean_len=81.2
[gat-train] update=2274 samples=45480 fps=12.8 loss=0.3506 actor=0.2970 value=0.0871 entropy=3.3591 mean_return=16.581 mean_len=81.2
[gat-train] update=2275 samples=45500 fps=12.8 loss=-0.5685 actor=-0.6620 value=0.1259 entropy=3.2280 mean_return=16.581 mean_len=81.2
[gat-train] update=2276 samples=45520 fps=12.8 loss=0.1907 actor=0.0060 value=0.2055 entropy=2.0807 mean_return=16.581 mean_len=81.2
[gat-train] update=2277 samples=45540 fps=12.8 loss=0.5712 actor=0.1443 value=0.4451 entropy=1.8199 mean_return=16.581 mean_len=81.2
[gat-train] update=2278 samples=45560 fps=12.8 loss=-0.0038 actor=-0.7057 value=0.7188 entropy=1.6845 mean_return=16.581 mean_len=81.2
[gat-train] update=2279 samples=45580 fps=12.8 loss=-0.1090 actor=-0.3996 value=0.3100 entropy=1.9492 mean_return=16.581 mean_len=81.2
[gat-train] update=2280 samples=45600 fps=12.8 loss=0.4775 actor=-0.1674 value=0.6624 entropy=1.7457 mean_return=16.581 mean_len=81.2
[gat-train] update=2281 samples=45620 fps=12.8 loss=0.2896 actor=-0.2566 value=0.5599 entropy=1.3719 mean_return=16.581 mean_len=81.2
[gat-train] update=2282 samples=45640 fps=12.8 loss=0.5686 actor=-0.1649 value=0.7507 entropy=1.7273 mean_return=16.581 mean_len=81.2
[gat-train] update=2283 samples=45660 fps=12.8 loss=-0.0170 actor=-0.3515 value=0.3470 entropy=1.2469 mean_return=16.581 mean_len=81.2
[gat-train] update=2284 samples=45680 fps=12.8 loss=13.8181 actor=3.2193 value=10.6147 entropy=1.5907 mean_return=16.518 mean_len=80.8
[gat-train] update=2285 samples=45700 fps=12.8 loss=14.2203 actor=2.9395 value=11.2987 entropy=1.7932 mean_return=16.534 mean_len=80.8
[gat-train] update=2286 samples=45720 fps=12.8 loss=0.9200 actor=0.6268 value=0.3114 entropy=1.8155 mean_return=16.534 mean_len=80.8
[gat-train] update=2287 samples=45740 fps=12.8 loss=9.3675 actor=2.3268 value=7.0613 entropy=2.0606 mean_return=16.527 mean_len=80.6
[gat-train] update=2288 samples=45760 fps=12.8 loss=0.2739 actor=0.1798 value=0.1193 entropy=2.5221 mean_return=16.527 mean_len=80.6
[gat-train] update=2289 samples=45780 fps=12.8 loss=29.7107 actor=5.0579 value=24.6740 entropy=2.1268 mean_return=16.496 mean_len=80.4
[gat-train] update=2290 samples=45800 fps=12.8 loss=0.1889 actor=-0.0152 value=0.2254 entropy=2.1276 mean_return=16.496 mean_len=80.4
[gat-train] update=2291 samples=45820 fps=12.8 loss=-0.0694 actor=-0.1720 value=0.1179 entropy=1.5303 mean_return=16.496 mean_len=80.4
[gat-train] update=2292 samples=45840 fps=12.8 loss=-0.0290 actor=-0.0778 value=0.0656 entropy=1.6689 mean_return=16.496 mean_len=80.4
[gat-train] update=2293 samples=45860 fps=12.8 loss=-0.0510 actor=-0.1340 value=0.0965 entropy=1.3497 mean_return=16.496 mean_len=80.4
[gat-train] update=2294 samples=45880 fps=12.8 loss=-0.0422 actor=-0.1113 value=0.0834 entropy=1.4250 mean_return=16.496 mean_len=80.4
[gat-train] update=2295 samples=45900 fps=12.8 loss=0.3701 actor=0.1112 value=0.2753 entropy=1.6399 mean_return=16.496 mean_len=80.4
[gat-train] update=2296 samples=45920 fps=12.8 loss=-0.0240 actor=-0.3777 value=0.3706 entropy=1.6845 mean_return=16.496 mean_len=80.4
[gat-train] update=2297 samples=45940 fps=12.8 loss=0.0164 actor=-0.3538 value=0.3881 entropy=1.7887 mean_return=16.496 mean_len=80.4
[gat-train] update=2298 samples=45960 fps=12.8 loss=-0.2052 actor=-0.3394 value=0.1531 entropy=1.8889 mean_return=16.496 mean_len=80.4
[gat-train] update=2299 samples=45980 fps=12.8 loss=-0.2006 actor=-0.4601 value=0.2790 entropy=1.9461 mean_return=16.496 mean_len=80.4
[gat-train] update=2300 samples=46000 fps=12.8 loss=-0.3659 actor=-0.5754 value=0.2332 entropy=2.3664 mean_return=16.496 mean_len=80.4
[gat-train] eval update=2300 comp_score=91.59 best=92.38
[gat-train] update=2301 samples=46020 fps=12.8 loss=22.3194 actor=4.6321 value=17.7115 entropy=2.4118 mean_return=16.481 mean_len=80.4
[gat-train] update=2302 samples=46040 fps=12.8 loss=43.6519 actor=8.9561 value=34.7181 entropy=2.2252 mean_return=16.504 mean_len=80.6
[gat-train] update=2303 samples=46060 fps=12.8 loss=0.4391 actor=0.3126 value=0.1453 entropy=1.8828 mean_return=16.504 mean_len=80.6
[gat-train] update=2304 samples=46080 fps=12.8 loss=13.4208 actor=2.9359 value=10.4995 entropy=1.4565 mean_return=16.528 mean_len=80.7
[gat-train] update=2305 samples=46100 fps=12.8 loss=0.5270 actor=0.4361 value=0.1064 entropy=1.5477 mean_return=16.528 mean_len=80.7
[gat-train] update=2306 samples=46120 fps=12.8 loss=0.1633 actor=-0.8506 value=1.0299 entropy=1.6012 mean_return=16.528 mean_len=80.7
[gat-train] update=2307 samples=46140 fps=12.8 loss=24.5090 actor=6.0732 value=18.4519 entropy=1.6139 mean_return=16.574 mean_len=80.9
[gat-train] update=2308 samples=46160 fps=12.8 loss=0.0478 actor=0.0455 value=0.0163 entropy=1.3937 mean_return=16.574 mean_len=80.9
[gat-train] update=2309 samples=46180 fps=12.8 loss=0.7029 actor=0.5214 value=0.2009 entropy=1.9366 mean_return=16.574 mean_len=80.9
[gat-train] update=2310 samples=46200 fps=12.8 loss=1.5978 actor=0.5212 value=1.0973 entropy=2.0703 mean_return=16.574 mean_len=80.9
[gat-train] update=2311 samples=46220 fps=12.8 loss=-0.1790 actor=-0.3656 value=0.2080 entropy=2.1363 mean_return=16.574 mean_len=80.9
[gat-train] update=2312 samples=46240 fps=12.8 loss=0.2981 actor=0.1717 value=0.1507 entropy=2.4338 mean_return=16.574 mean_len=80.9
[gat-train] update=2313 samples=46260 fps=12.8 loss=-0.8277 actor=-1.1366 value=0.3371 entropy=2.8232 mean_return=16.574 mean_len=80.9
[gat-train] update=2314 samples=46280 fps=12.8 loss=-0.7016 actor=-0.8667 value=0.1940 entropy=2.8938 mean_return=16.574 mean_len=80.9
[gat-train] update=2315 samples=46300 fps=12.8 loss=0.5543 actor=0.2751 value=0.3091 entropy=2.9860 mean_return=16.574 mean_len=80.9
[gat-train] update=2316 samples=46320 fps=12.8 loss=-0.1025 actor=-0.6683 value=0.5980 entropy=3.2218 mean_return=16.574 mean_len=80.9
[gat-train] update=2317 samples=46340 fps=12.8 loss=2.8360 actor=2.1215 value=0.7445 entropy=2.9984 mean_return=16.574 mean_len=80.9
[gat-train] update=2318 samples=46360 fps=12.8 loss=10.6616 actor=2.7070 value=7.9816 entropy=2.7042 mean_return=16.571 mean_len=80.8
[gat-train] update=2319 samples=46380 fps=12.8 loss=1.3472 actor=0.8944 value=0.4777 entropy=2.4986 mean_return=16.571 mean_len=80.8
[gat-train] update=2320 samples=46400 fps=12.8 loss=21.1208 actor=2.5344 value=18.6073 entropy=2.0864 mean_return=16.617 mean_len=81.1
[gat-train] update=2321 samples=46420 fps=12.8 loss=22.0289 actor=4.2857 value=17.7645 entropy=2.1310 mean_return=16.654 mean_len=81.3
[gat-train] update=2322 samples=46440 fps=12.8 loss=-0.1368 actor=-0.3884 value=0.2720 entropy=2.0464 mean_return=16.654 mean_len=81.3
[gat-train] update=2323 samples=46460 fps=12.8 loss=0.3784 actor=0.2559 value=0.1417 entropy=1.9228 mean_return=16.654 mean_len=81.3
[gat-train] update=2324 samples=46480 fps=12.8 loss=5.8674 actor=1.8823 value=4.0075 entropy=2.2408 mean_return=16.671 mean_len=81.3
[gat-train] update=2325 samples=46500 fps=12.8 loss=0.1577 actor=0.1177 value=0.0648 entropy=2.4834 mean_return=16.671 mean_len=81.3
[gat-train] update=2326 samples=46520 fps=12.8 loss=-0.3802 actor=-0.5492 value=0.1960 entropy=2.6935 mean_return=16.671 mean_len=81.3
[gat-train] update=2327 samples=46540 fps=12.8 loss=-0.5755 actor=-0.6971 value=0.1495 entropy=2.7932 mean_return=16.671 mean_len=81.3
[gat-train] update=2328 samples=46560 fps=12.8 loss=0.0198 actor=-0.0223 value=0.0736 entropy=3.1487 mean_return=16.671 mean_len=81.3
[gat-train] update=2329 samples=46580 fps=12.8 loss=-0.1291 actor=-0.2900 value=0.1951 entropy=3.4187 mean_return=16.671 mean_len=81.3
[gat-train] update=2330 samples=46600 fps=12.8 loss=-0.3382 actor=-0.8860 value=0.5829 entropy=3.5073 mean_return=16.671 mean_len=81.3
[gat-train] update=2331 samples=46620 fps=12.8 loss=-0.7465 actor=-1.0600 value=0.3487 entropy=3.5261 mean_return=16.671 mean_len=81.3
[gat-train] update=2332 samples=46640 fps=12.8 loss=0.7111 actor=-0.1027 value=0.8455 entropy=3.1694 mean_return=16.671 mean_len=81.3
[gat-train] update=2333 samples=46660 fps=12.8 loss=20.0847 actor=6.3646 value=13.7519 entropy=3.1769 mean_return=16.658 mean_len=81.2
[gat-train] update=2334 samples=46680 fps=12.8 loss=0.0405 actor=-0.6264 value=0.6960 entropy=2.9140 mean_return=16.658 mean_len=81.2
[gat-train] update=2335 samples=46700 fps=12.8 loss=0.9869 actor=0.1854 value=0.8318 entropy=3.0297 mean_return=16.658 mean_len=81.2
[gat-train] update=2336 samples=46720 fps=12.8 loss=14.0719 actor=3.5961 value=10.5005 entropy=2.4768 mean_return=16.718 mean_len=81.4
[gat-train] update=2337 samples=46740 fps=12.8 loss=5.9364 actor=2.6910 value=3.2721 entropy=2.6671 mean_return=16.703 mean_len=81.4
[gat-train] update=2338 samples=46760 fps=12.8 loss=21.4657 actor=6.2963 value=15.1983 entropy=2.8932 mean_return=16.668 mean_len=81.2
[gat-train] update=2339 samples=46780 fps=12.8 loss=0.2358 actor=-0.0908 value=0.3557 entropy=2.9103 mean_return=16.668 mean_len=81.2
[gat-train] update=2340 samples=46800 fps=12.8 loss=0.1120 actor=0.1178 value=0.0284 entropy=3.4122 mean_return=16.668 mean_len=81.2
[gat-train] update=2341 samples=46820 fps=12.8 loss=-0.8644 actor=-1.0810 value=0.2509 entropy=3.4244 mean_return=16.668 mean_len=81.2
[gat-train] update=2342 samples=46840 fps=12.8 loss=2.4666 actor=1.8050 value=0.6964 entropy=3.4759 mean_return=16.668 mean_len=81.2
[gat-train] update=2343 samples=46860 fps=12.8 loss=1.0995 actor=0.6348 value=0.4989 entropy=3.4202 mean_return=16.668 mean_len=81.2
[gat-train] update=2344 samples=46880 fps=12.8 loss=-0.9170 actor=-1.3614 value=0.4785 entropy=3.4086 mean_return=16.668 mean_len=81.2
[gat-train] update=2345 samples=46900 fps=12.8 loss=2.4238 actor=1.4011 value=1.0583 entropy=3.5575 mean_return=16.668 mean_len=81.2
[gat-train] update=2346 samples=46920 fps=12.8 loss=19.0595 actor=5.4859 value=13.6092 entropy=3.5609 mean_return=16.662 mean_len=81.0
[gat-train] update=2347 samples=46940 fps=12.8 loss=-0.9207 actor=-1.3560 value=0.4678 entropy=3.2490 mean_return=16.662 mean_len=81.0
[gat-train] update=2348 samples=46960 fps=12.8 loss=2.3028 actor=1.2652 value=1.0728 entropy=3.5154 mean_return=16.662 mean_len=81.0
[gat-train] update=2349 samples=46980 fps=12.8 loss=1.6917 actor=1.1717 value=0.5539 entropy=3.3905 mean_return=16.662 mean_len=81.0
[gat-train] update=2350 samples=47000 fps=12.8 loss=0.8193 actor=0.1571 value=0.6942 entropy=3.1966 mean_return=16.662 mean_len=81.0
[gat-train] eval update=2350 comp_score=93.11 best=93.11  *NEW BEST -> PCT-best.pt*
[gat-train] update=2351 samples=47020 fps=12.8 loss=28.7738 actor=8.7401 value=20.0616 entropy=2.7837 mean_return=16.626 mean_len=80.8
[gat-train] update=2352 samples=47040 fps=12.8 loss=12.1450 actor=3.1693 value=9.0019 entropy=2.6194 mean_return=16.600 mean_len=80.8
[gat-train] update=2353 samples=47060 fps=12.8 loss=0.1814 actor=0.0582 value=0.1554 entropy=3.2140 mean_return=16.600 mean_len=80.8
[gat-train] update=2354 samples=47080 fps=12.8 loss=-0.5130 actor=-0.6171 value=0.1379 entropy=3.3695 mean_return=16.600 mean_len=80.8
[gat-train] update=2355 samples=47100 fps=12.8 loss=1.1265 actor=0.8613 value=0.3002 entropy=3.4939 mean_return=16.600 mean_len=80.8
[gat-train] update=2356 samples=47120 fps=12.8 loss=0.5451 actor=0.4312 value=0.1507 entropy=3.6696 mean_return=16.600 mean_len=80.8
[gat-train] update=2357 samples=47140 fps=12.8 loss=0.4872 actor=0.1079 value=0.4155 entropy=3.6256 mean_return=16.600 mean_len=80.8
[gat-train] update=2358 samples=47160 fps=12.8 loss=-0.8149 actor=-1.1200 value=0.3432 entropy=3.8133 mean_return=16.600 mean_len=80.8
[gat-train] update=2359 samples=47180 fps=12.8 loss=-0.6210 actor=-1.0966 value=0.5134 entropy=3.7815 mean_return=16.600 mean_len=80.8
[gat-train] update=2360 samples=47200 fps=12.8 loss=-1.0121 actor=-1.6374 value=0.6621 entropy=3.6727 mean_return=16.600 mean_len=80.8
[gat-train] update=2361 samples=47220 fps=12.8 loss=2.8863 actor=2.3002 value=0.6241 entropy=3.8000 mean_return=16.600 mean_len=80.8
[gat-train] update=2362 samples=47240 fps=12.8 loss=12.0519 actor=1.3990 value=10.6837 entropy=3.0882 mean_return=16.589 mean_len=80.7
[gat-train] update=2363 samples=47260 fps=12.8 loss=0.3451 actor=-0.5571 value=0.9366 entropy=3.4330 mean_return=16.589 mean_len=80.7
[gat-train] update=2364 samples=47280 fps=12.8 loss=0.8608 actor=0.4492 value=0.4458 entropy=3.4155 mean_return=16.589 mean_len=80.7
[gat-train] update=2365 samples=47300 fps=12.8 loss=-0.9405 actor=-2.1436 value=1.2364 entropy=3.3278 mean_return=16.589 mean_len=80.7
[gat-train] update=2366 samples=47320 fps=12.8 loss=16.9748 actor=5.3110 value=11.6917 entropy=2.7922 mean_return=16.561 mean_len=80.4
[gat-train] update=2367 samples=47340 fps=12.8 loss=4.4290 actor=0.6428 value=3.8118 entropy=2.5589 mean_return=16.574 mean_len=80.4
[gat-train] update=2368 samples=47360 fps=12.8 loss=11.5480 actor=3.6242 value=7.9544 entropy=3.0545 mean_return=16.534 mean_len=80.4
[gat-train] update=2369 samples=47380 fps=12.8 loss=-0.7324 actor=-0.9899 value=0.2904 entropy=3.2956 mean_return=16.534 mean_len=80.4
[gat-train] update=2370 samples=47400 fps=12.8 loss=-0.2951 actor=-0.3920 value=0.1306 entropy=3.3733 mean_return=16.534 mean_len=80.4
[gat-train] update=2371 samples=47420 fps=12.8 loss=-0.8774 actor=-1.2204 value=0.3789 entropy=3.5928 mean_return=16.534 mean_len=80.4
[gat-train] update=2372 samples=47440 fps=12.8 loss=-0.6517 actor=-0.9870 value=0.3722 entropy=3.6932 mean_return=16.534 mean_len=80.4
[gat-train] update=2373 samples=47460 fps=12.8 loss=0.2106 actor=0.0217 value=0.2261 entropy=3.7178 mean_return=16.534 mean_len=80.4
[gat-train] update=2374 samples=47480 fps=12.8 loss=0.9659 actor=0.5339 value=0.4692 entropy=3.7266 mean_return=16.534 mean_len=80.4
[gat-train] update=2375 samples=47500 fps=12.8 loss=-0.6854 actor=-1.2041 value=0.5533 entropy=3.4500 mean_return=16.534 mean_len=80.4
[gat-train] update=2376 samples=47520 fps=12.8 loss=20.3573 actor=5.4074 value=14.9854 entropy=3.5556 mean_return=16.516 mean_len=80.2
[gat-train] update=2377 samples=47540 fps=12.8 loss=-0.0800 actor=-1.8794 value=1.8299 entropy=3.0551 mean_return=16.516 mean_len=80.2
[gat-train] update=2378 samples=47560 fps=12.8 loss=4.8244 actor=3.2948 value=1.5663 entropy=3.6781 mean_return=16.516 mean_len=80.2
[gat-train] update=2379 samples=47580 fps=12.8 loss=1.4973 actor=0.6767 value=0.8534 entropy=3.2784 mean_return=16.516 mean_len=80.2
[gat-train] update=2380 samples=47600 fps=12.8 loss=14.3268 actor=4.3597 value=9.9970 entropy=2.9840 mean_return=16.499 mean_len=80.0
[gat-train] update=2381 samples=47620 fps=12.8 loss=-0.5855 actor=-0.9331 value=0.3785 entropy=3.0924 mean_return=16.499 mean_len=80.0
[gat-train] update=2382 samples=47640 fps=12.8 loss=34.1105 actor=9.7087 value=24.4330 entropy=3.1183 mean_return=16.477 mean_len=79.9
[gat-train] update=2383 samples=47660 fps=12.8 loss=-0.5567 actor=-0.6499 value=0.1270 entropy=3.3717 mean_return=16.477 mean_len=79.9
[gat-train] update=2384 samples=47680 fps=12.8 loss=-1.0015 actor=-1.1577 value=0.1925 entropy=3.6319 mean_return=16.477 mean_len=79.9
[gat-train] update=2385 samples=47700 fps=12.8 loss=-0.6285 actor=-0.7661 value=0.1730 entropy=3.5445 mean_return=16.477 mean_len=79.9
[gat-train] update=2386 samples=47720 fps=12.8 loss=1.6043 actor=0.7351 value=0.9063 entropy=3.7100 mean_return=16.477 mean_len=79.9
[gat-train] update=2387 samples=47740 fps=12.8 loss=0.2625 actor=-0.3771 value=0.6756 entropy=3.6066 mean_return=16.477 mean_len=79.9
[gat-train] update=2388 samples=47760 fps=12.8 loss=-0.7968 actor=-1.1496 value=0.3885 entropy=3.5692 mean_return=16.477 mean_len=79.9
[gat-train] update=2389 samples=47780 fps=12.8 loss=-0.1976 actor=-0.4595 value=0.2958 entropy=3.3877 mean_return=16.477 mean_len=79.9
[gat-train] update=2390 samples=47800 fps=12.8 loss=12.4958 actor=2.0470 value=10.4820 entropy=3.3233 mean_return=16.453 mean_len=79.8
[gat-train] update=2391 samples=47820 fps=12.8 loss=-0.1297 actor=-0.3526 value=0.2598 entropy=3.6878 mean_return=16.453 mean_len=79.8
[gat-train] update=2392 samples=47840 fps=12.8 loss=-0.2919 actor=-0.7676 value=0.5128 entropy=3.7104 mean_return=16.453 mean_len=79.8
[gat-train] update=2393 samples=47860 fps=12.8 loss=2.0594 actor=1.2048 value=0.8918 entropy=3.7308 mean_return=16.453 mean_len=79.8
[gat-train] update=2394 samples=47880 fps=12.8 loss=-0.9009 actor=-1.5564 value=0.6895 entropy=3.4042 mean_return=16.453 mean_len=79.8
[gat-train] update=2395 samples=47900 fps=12.8 loss=30.8493 actor=9.4615 value=21.4195 entropy=3.1693 mean_return=16.335 mean_len=79.2
[gat-train] update=2396 samples=47920 fps=12.8 loss=20.0097 actor=5.7984 value=14.2428 entropy=3.1430 mean_return=16.275 mean_len=79.0
[gat-train] update=2397 samples=47940 fps=12.8 loss=1.2074 actor=0.8094 value=0.4282 entropy=3.0215 mean_return=16.275 mean_len=79.0
[gat-train] update=2398 samples=47960 fps=12.8 loss=-0.0022 actor=-0.3911 value=0.4218 entropy=3.2847 mean_return=16.275 mean_len=79.0
[gat-train] update=2399 samples=47980 fps=12.8 loss=0.5212 actor=0.3520 value=0.2041 entropy=3.4968 mean_return=16.275 mean_len=79.0
[gat-train] update=2400 samples=48000 fps=12.8 loss=-0.6980 actor=-1.0626 value=0.4002 entropy=3.5633 mean_return=16.275 mean_len=79.0
[gat-train] eval update=2400 comp_score=92.38 best=93.11
[gat-train] update=2401 samples=48020 fps=12.8 loss=0.6059 actor=0.5159 value=0.1288 entropy=3.8767 mean_return=16.275 mean_len=79.0
[gat-train] update=2402 samples=48040 fps=12.8 loss=0.0525 actor=-0.1290 value=0.2203 entropy=3.8836 mean_return=16.275 mean_len=79.0
[gat-train] update=2403 samples=48060 fps=12.8 loss=0.3254 actor=0.0883 value=0.2746 entropy=3.7438 mean_return=16.275 mean_len=79.0
[gat-train] update=2404 samples=48080 fps=12.8 loss=13.9882 actor=4.7076 value=9.3154 entropy=3.4731 mean_return=16.240 mean_len=78.7
[gat-train] update=2405 samples=48100 fps=12.8 loss=-0.4104 actor=-0.6614 value=0.2858 entropy=3.4851 mean_return=16.240 mean_len=78.7
[gat-train] update=2406 samples=48120 fps=12.8 loss=1.2973 actor=0.9374 value=0.3958 entropy=3.5901 mean_return=16.240 mean_len=78.7
[gat-train] update=2407 samples=48140 fps=12.8 loss=0.5107 actor=-0.8499 value=1.3951 entropy=3.4540 mean_return=16.240 mean_len=78.7
[gat-train] update=2408 samples=48160 fps=12.8 loss=0.9688 actor=0.6197 value=0.3856 entropy=3.6374 mean_return=16.240 mean_len=78.7
[gat-train] update=2409 samples=48180 fps=12.8 loss=0.6759 actor=0.2443 value=0.4626 entropy=3.0968 mean_return=16.240 mean_len=78.7
[gat-train] update=2410 samples=48200 fps=12.8 loss=0.5581 actor=0.2857 value=0.2984 entropy=2.6049 mean_return=16.240 mean_len=78.7
[gat-train] update=2411 samples=48220 fps=12.8 loss=31.1955 actor=5.4185 value=25.7982 entropy=2.1182 mean_return=16.212 mean_len=78.8
[gat-train] update=2412 samples=48240 fps=12.8 loss=9.6060 actor=2.0685 value=7.5671 entropy=2.9647 mean_return=16.167 mean_len=78.6
[gat-train] update=2413 samples=48260 fps=12.8 loss=0.3881 actor=0.1855 value=0.2376 entropy=3.5006 mean_return=16.167 mean_len=78.6
[gat-train] update=2414 samples=48280 fps=12.8 loss=0.3417 actor=-0.0245 value=0.4022 entropy=3.5993 mean_return=16.167 mean_len=78.6
[gat-train] update=2415 samples=48300 fps=12.8 loss=-0.6756 actor=-0.7166 value=0.0791 entropy=3.8102 mean_return=16.167 mean_len=78.6
[gat-train] update=2416 samples=48320 fps=12.8 loss=0.6063 actor=0.5057 value=0.1390 entropy=3.8424 mean_return=16.167 mean_len=78.6
[gat-train] update=2417 samples=48340 fps=12.8 loss=-0.0607 actor=-0.5477 value=0.5236 entropy=3.6608 mean_return=16.167 mean_len=78.6
[gat-train] update=2418 samples=48360 fps=12.8 loss=2.1256 actor=0.2538 value=1.9061 entropy=3.4295 mean_return=16.167 mean_len=78.6
[gat-train] update=2419 samples=48380 fps=12.8 loss=-0.7754 actor=-1.8040 value=1.0600 entropy=3.1414 mean_return=16.167 mean_len=78.6
[gat-train] update=2420 samples=48400 fps=12.8 loss=4.9167 actor=0.9782 value=3.9724 entropy=3.3873 mean_return=16.137 mean_len=78.5
[gat-train] update=2421 samples=48420 fps=12.8 loss=0.8135 actor=0.3096 value=0.5409 entropy=3.7048 mean_return=16.137 mean_len=78.5
[gat-train] update=2422 samples=48440 fps=12.8 loss=-1.1910 actor=-1.5043 value=0.3510 entropy=3.7704 mean_return=16.137 mean_len=78.5
[gat-train] update=2423 samples=48460 fps=12.8 loss=2.0719 actor=1.5728 value=0.5369 entropy=3.7790 mean_return=16.137 mean_len=78.5
[gat-train] update=2424 samples=48480 fps=12.8 loss=2.0317 actor=1.4654 value=0.6004 entropy=3.4111 mean_return=16.137 mean_len=78.5
[gat-train] update=2425 samples=48500 fps=12.8 loss=0.7446 actor=0.3073 value=0.4645 entropy=2.7167 mean_return=16.137 mean_len=78.5
[gat-train] update=2426 samples=48520 fps=12.8 loss=7.5214 actor=1.3817 value=6.1666 entropy=2.6914 mean_return=16.084 mean_len=78.1
[gat-train] update=2427 samples=48540 fps=12.8 loss=16.2323 actor=4.6210 value=11.6389 entropy=2.7538 mean_return=16.061 mean_len=78.0
[gat-train] update=2428 samples=48560 fps=12.8 loss=6.5538 actor=3.0348 value=3.5445 entropy=2.5452 mean_return=16.056 mean_len=77.9
[gat-train] update=2429 samples=48580 fps=12.8 loss=-0.2151 actor=-0.3516 value=0.1587 entropy=2.2195 mean_return=16.056 mean_len=77.9
[gat-train] update=2430 samples=48600 fps=12.8 loss=1.5287 actor=1.0599 value=0.4960 entropy=2.7178 mean_return=16.056 mean_len=77.9
[gat-train] update=2431 samples=48620 fps=12.8 loss=-0.5802 actor=-0.8741 value=0.3215 entropy=2.7565 mean_return=16.056 mean_len=77.9
[gat-train] update=2432 samples=48640 fps=12.8 loss=-0.0503 actor=-0.1823 value=0.1587 entropy=2.6683 mean_return=16.056 mean_len=77.9
[gat-train] update=2433 samples=48660 fps=12.8 loss=0.1552 actor=-0.0863 value=0.2713 entropy=2.9818 mean_return=16.056 mean_len=77.9
[gat-train] update=2434 samples=48680 fps=12.8 loss=-0.4388 actor=-0.5827 value=0.1726 entropy=2.8734 mean_return=16.056 mean_len=77.9
[gat-train] update=2435 samples=48700 fps=12.8 loss=1.8209 actor=1.2434 value=0.6081 entropy=3.0546 mean_return=16.056 mean_len=77.9
[gat-train] update=2436 samples=48720 fps=12.8 loss=26.4857 actor=4.1032 value=22.4124 entropy=2.9860 mean_return=16.079 mean_len=78.1
[gat-train] update=2437 samples=48740 fps=12.8 loss=-0.0163 actor=-0.5076 value=0.5197 entropy=2.8418 mean_return=16.079 mean_len=78.1
[gat-train] update=2438 samples=48760 fps=12.8 loss=-1.0767 actor=-1.7117 value=0.6660 entropy=3.1004 mean_return=16.079 mean_len=78.1
[gat-train] update=2439 samples=48780 fps=12.8 loss=2.5175 actor=1.9985 value=0.5521 entropy=3.3144 mean_return=16.079 mean_len=78.1
[gat-train] update=2440 samples=48800 fps=12.8 loss=0.8172 actor=0.2272 value=0.6219 entropy=3.1884 mean_return=16.079 mean_len=78.1
[gat-train] update=2441 samples=48820 fps=12.8 loss=0.1076 actor=-0.4515 value=0.5887 entropy=2.9633 mean_return=16.079 mean_len=78.1
[gat-train] update=2442 samples=48840 fps=12.8 loss=2.9567 actor=1.3859 value=1.5954 entropy=2.4658 mean_return=16.079 mean_len=78.1
[gat-train] update=2443 samples=48860 fps=12.8 loss=34.1858 actor=9.6118 value=24.5938 entropy=1.9814 mean_return=16.085 mean_len=78.1
[gat-train] update=2444 samples=48880 fps=12.9 loss=0.0209 actor=-0.2092 value=0.2493 entropy=1.9290 mean_return=16.085 mean_len=78.1
[gat-train] update=2445 samples=48900 fps=12.9 loss=-0.1402 actor=-0.2471 value=0.1321 entropy=2.5234 mean_return=16.085 mean_len=78.1
[gat-train] update=2446 samples=48920 fps=12.9 loss=0.2314 actor=0.1875 value=0.0706 entropy=2.6710 mean_return=16.085 mean_len=78.1
[gat-train] update=2447 samples=48940 fps=12.9 loss=-0.2176 actor=-0.3040 value=0.1162 entropy=2.9860 mean_return=16.085 mean_len=78.1
[gat-train] update=2448 samples=48960 fps=12.9 loss=0.5859 actor=0.2964 value=0.3229 entropy=3.3455 mean_return=16.085 mean_len=78.1
[gat-train] update=2449 samples=48980 fps=12.9 loss=0.0188 actor=-0.1524 value=0.2053 entropy=3.4046 mean_return=16.085 mean_len=78.1
[gat-train] update=2450 samples=49000 fps=12.9 loss=-0.8632 actor=-1.1824 value=0.3540 entropy=3.4796 mean_return=16.085 mean_len=78.1
[gat-train] eval update=2450 comp_score=89.99 best=93.11
[gat-train] update=2451 samples=49020 fps=12.8 loss=0.3444 actor=0.1048 value=0.2744 entropy=3.4797 mean_return=16.085 mean_len=78.1
[gat-train] update=2452 samples=49040 fps=12.8 loss=9.5478 actor=2.0780 value=7.5034 entropy=3.3683 mean_return=16.107 mean_len=78.3
[gat-train] update=2453 samples=49060 fps=12.8 loss=-0.9610 actor=-1.3212 value=0.3942 entropy=3.3980 mean_return=16.107 mean_len=78.3
[gat-train] update=2454 samples=49080 fps=12.8 loss=1.2252 actor=0.9767 value=0.2857 entropy=3.7213 mean_return=16.107 mean_len=78.3
[gat-train] update=2455 samples=49100 fps=12.8 loss=-0.4320 actor=-1.0665 value=0.6701 entropy=3.5642 mean_return=16.107 mean_len=78.3
[gat-train] update=2456 samples=49120 fps=12.8 loss=1.3413 actor=1.0668 value=0.3106 entropy=3.6146 mean_return=16.107 mean_len=78.3
[gat-train] update=2457 samples=49140 fps=12.8 loss=1.9662 actor=1.0128 value=0.9869 entropy=3.3544 mean_return=16.107 mean_len=78.3
[gat-train] update=2458 samples=49160 fps=12.8 loss=29.2755 actor=8.4646 value=20.8374 entropy=2.6544 mean_return=16.092 mean_len=78.1
[gat-train] update=2459 samples=49180 fps=12.8 loss=9.2066 actor=1.4392 value=7.7930 entropy=2.5585 mean_return=16.073 mean_len=78.1
[gat-train] update=2460 samples=49200 fps=12.8 loss=0.8164 actor=0.7281 value=0.1195 entropy=3.1202 mean_return=16.073 mean_len=78.1
[gat-train] update=2461 samples=49220 fps=12.8 loss=-1.1016 actor=-1.3567 value=0.2867 entropy=3.1545 mean_return=16.073 mean_len=78.1
[gat-train] update=2462 samples=49240 fps=12.8 loss=-0.4690 actor=-0.6032 value=0.1699 entropy=3.5683 mean_return=16.073 mean_len=78.1
[gat-train] update=2463 samples=49260 fps=12.8 loss=-0.1324 actor=-0.2515 value=0.1543 entropy=3.5245 mean_return=16.073 mean_len=78.1
[gat-train] update=2464 samples=49280 fps=12.8 loss=-1.0960 actor=-1.3370 value=0.2782 entropy=3.7205 mean_return=16.073 mean_len=78.1
[gat-train] update=2465 samples=49300 fps=12.8 loss=0.8413 actor=0.6393 value=0.2391 entropy=3.7141 mean_return=16.073 mean_len=78.1
[gat-train] update=2466 samples=49320 fps=12.8 loss=-0.6504 actor=-1.2157 value=0.6004 entropy=3.5087 mean_return=16.073 mean_len=78.1
[gat-train] update=2467 samples=49340 fps=12.8 loss=0.1080 actor=-0.7019 value=0.8410 entropy=3.0997 mean_return=16.073 mean_len=78.1
[gat-train] update=2468 samples=49360 fps=12.8 loss=6.1496 actor=2.4383 value=3.7419 entropy=3.0680 mean_return=16.050 mean_len=77.9
[gat-train] update=2469 samples=49380 fps=12.8 loss=0.7544 actor=0.3540 value=0.4343 entropy=3.3859 mean_return=16.050 mean_len=77.9
[gat-train] update=2470 samples=49400 fps=12.8 loss=0.8234 actor=0.0752 value=0.7831 entropy=3.4930 mean_return=16.050 mean_len=77.9
[gat-train] update=2471 samples=49420 fps=12.8 loss=3.3373 actor=2.4065 value=0.9628 entropy=3.2031 mean_return=16.050 mean_len=77.9
[gat-train] update=2472 samples=49440 fps=12.8 loss=19.5661 actor=5.7654 value=13.8289 entropy=2.8190 mean_return=16.012 mean_len=77.6
[gat-train] update=2473 samples=49460 fps=12.8 loss=21.7002 actor=6.8227 value=14.9026 entropy=2.5188 mean_return=16.028 mean_len=77.7
[gat-train] update=2474 samples=49480 fps=12.9 loss=5.9110 actor=1.2131 value=4.7237 entropy=2.5788 mean_return=15.965 mean_len=77.5
[gat-train] update=2475 samples=49500 fps=12.9 loss=0.1040 actor=-0.2389 value=0.3721 entropy=2.9289 mean_return=15.965 mean_len=77.5
[gat-train] update=2476 samples=49520 fps=12.9 loss=1.6432 actor=1.2323 value=0.4413 entropy=3.0298 mean_return=15.965 mean_len=77.5
[gat-train] update=2477 samples=49540 fps=12.9 loss=-0.5319 actor=-0.7620 value=0.2609 entropy=3.0757 mean_return=15.965 mean_len=77.5
[gat-train] update=2478 samples=49560 fps=12.9 loss=0.0438 actor=-0.0850 value=0.1651 entropy=3.6329 mean_return=15.965 mean_len=77.5
[gat-train] update=2479 samples=49580 fps=12.9 loss=-1.4886 actor=-2.2120 value=0.7602 entropy=3.6693 mean_return=15.965 mean_len=77.5
[gat-train] update=2480 samples=49600 fps=12.9 loss=0.2094 actor=0.0830 value=0.1639 entropy=3.7512 mean_return=15.965 mean_len=77.5
[gat-train] update=2481 samples=49620 fps=12.9 loss=-0.1949 actor=-1.0687 value=0.9099 entropy=3.6120 mean_return=15.965 mean_len=77.5
[gat-train] update=2482 samples=49640 fps=12.9 loss=22.4843 actor=6.9547 value=15.5648 entropy=3.5208 mean_return=15.944 mean_len=77.4
[gat-train] update=2483 samples=49660 fps=12.9 loss=-0.7566 actor=-2.6303 value=1.9037 entropy=2.9950 mean_return=15.944 mean_len=77.4
[gat-train] update=2484 samples=49680 fps=12.9 loss=2.6765 actor=2.0120 value=0.7004 entropy=3.5800 mean_return=15.944 mean_len=77.4
[gat-train] update=2485 samples=49700 fps=12.9 loss=0.6235 actor=0.2125 value=0.4444 entropy=3.3346 mean_return=15.944 mean_len=77.4
[gat-train] update=2486 samples=49720 fps=12.9 loss=7.2082 actor=0.9288 value=6.3134 entropy=3.3878 mean_return=15.903 mean_len=77.0
[gat-train] update=2487 samples=49740 fps=12.9 loss=0.3097 actor=0.0307 value=0.3146 entropy=3.5558 mean_return=15.903 mean_len=77.0
[gat-train] update=2488 samples=49760 fps=12.9 loss=1.6492 actor=1.2506 value=0.4308 entropy=3.2210 mean_return=15.903 mean_len=77.0
[gat-train] update=2489 samples=49780 fps=12.9 loss=41.2676 actor=11.6182 value=29.6808 entropy=3.1362 mean_return=15.837 mean_len=76.7
[gat-train] update=2490 samples=49800 fps=12.9 loss=0.7908 actor=0.4020 value=0.4170 entropy=2.8179 mean_return=15.837 mean_len=76.7
[gat-train] update=2491 samples=49820 fps=12.9 loss=0.1487 actor=-0.3441 value=0.5264 entropy=3.3662 mean_return=15.837 mean_len=76.7
[gat-train] update=2492 samples=49840 fps=12.9 loss=0.0465 actor=-0.2228 value=0.3058 entropy=3.6545 mean_return=15.837 mean_len=76.7
[gat-train] update=2493 samples=49860 fps=12.9 loss=1.5706 actor=1.0515 value=0.5558 entropy=3.6629 mean_return=15.837 mean_len=76.7
[gat-train] update=2494 samples=49880 fps=12.9 loss=0.3892 actor=0.1974 value=0.2286 entropy=3.6776 mean_return=15.837 mean_len=76.7
[gat-train] update=2495 samples=49900 fps=12.9 loss=1.3453 actor=0.8610 value=0.5206 entropy=3.6336 mean_return=15.837 mean_len=76.7
[gat-train] update=2496 samples=49920 fps=12.9 loss=1.9475 actor=-0.0901 value=2.0722 entropy=3.4660 mean_return=15.776 mean_len=76.3
[gat-train] update=2497 samples=49940 fps=12.9 loss=1.1150 actor=0.8974 value=0.2549 entropy=3.7281 mean_return=15.776 mean_len=76.3
[gat-train] update=2498 samples=49960 fps=12.9 loss=-0.0921 actor=-0.5887 value=0.5329 entropy=3.6275 mean_return=15.776 mean_len=76.3
[gat-train] update=2499 samples=49980 fps=12.9 loss=15.5385 actor=4.5507 value=11.0248 entropy=3.6954 mean_return=15.674 mean_len=75.9
[gat-train] update=2500 samples=50000 fps=12.9 loss=-0.2418 actor=-0.4185 value=0.2117 entropy=3.4987 mean_return=15.674 mean_len=75.9
[gat-train] eval update=2500 comp_score=93.04 best=93.11
Loading user config located at: '/home/user/isaacsim/kit/data/Kit/Isaac-Sim/5.1/user.config.json'
[Info] [carb] Logging to file: /home/user/isaacsim/kit/logs/Kit/Isaac-Sim/5.1/kit_20260630_185441.log
2026-06-30T09:54:41Z [162ms] [Warning] [omni.platforminfo.plugin] failed to open the default display.  Can't verify X Server version.
2026-06-30T09:54:41Z [164ms] [Warning] [omni.usd_config.extension] Enable omni.materialx.libs extension to use MaterialX
2026-06-30T09:54:41Z [407ms] [Warning] [carb] Acquiring non optional plugin interface which is not listed as dependency: [omni::physx::IPhysxBenchmarks v1.0] (plugin: <default plugin>), by client: omni.physics.physx.plugin. Add it to CARB_PLUGIN_IMPL_DEPS() macro of a client.
2026-06-30T09:54:41Z [500ms] [Warning] [omni.isaac.dynamic_control] omni.isaac.dynamic_control is deprecated as of Isaac Sim 4.5. No action is needed from end-users.
2026-06-30T09:54:43Z [2,046ms] [Warning] [gpu.foundation.plugin] Skipping unsupported non-NVIDIA GPU: AMD Unknown (RADV RAPHAEL_MENDOCINO)
2026-06-30T09:54:43Z [2,046ms] [Warning] [gpu.foundation.plugin] Skipping unsupported non-NVIDIA GPU: AMD Unknown (RADV RAPHAEL_MENDOCINO)

|---------------------------------------------------------------------------------------------|
| Driver Version: 580.159.03    | Graphics API: Vulkan
|=============================================================================================|
| GPU | Name                             | Active | LDA | GPU Memory | Vendor-ID | LUID       |
|     |                                  |        |     |            | Device-ID | UUID       |
|     |                                  |        |     |            | Bus-ID    |            |
|---------------------------------------------------------------------------------------------|
| 0   | NVIDIA RTX PRO 6000 Blackwell .. | Yes: 0 |     | 97887   MB | 10de      | 0          |
|     |                                  |        |     |            | 2bb1      | 25b334fd.. |
|     |                                  |        |     |            | 1         |            |
|---------------------------------------------------------------------------------------------|
| 1   | AMD Unknown (RADV RAPHAEL_MEND.. |        |     | 43508   MB | 1002      | 0          |
|     |                                  |        |     |            | 13c0      | 00000000.. |
|     |                                  |        |     |            | 79        |            |
|=============================================================================================|
| OS: 22.04.5 LTS (Jammy Jellyfish) ubuntu, Version: 22.04.5, Kernel: 6.8.0-124-generic
| Processor: AMD Ryzen 9 9950X3D 16-Core Processor
| Cores: 16 | Logical Cores: 32
|---------------------------------------------------------------------------------------------|
| Total Memory (MB): 126429 | Free Memory: 114471
| Total Page/Swap (MB): 2047 | Free Page/Swap: 2045
|---------------------------------------------------------------------------------------------|
2026-06-30T09:54:43Z [2,490ms] [Warning] [isaaclab.envs.direct_rl_env] Seed not set for the environment. The environment creation may not be deterministic.
[reward-sweep] profile=finish_ratio exited code=0 Tue Jun 30 07:59:38 PM KST 2026
