[reward-sweep] warm-start profile=smooth_low run=reward_sweep_small_smooth_low seed=1 Tue Jun 30 02:47:22 PM KST 2026
Gym has been unmaintained since 2022 and does not support NumPy 2.0 amongst other critical functionality.
Please upgrade to Gymnasium, the maintained drop-in replacement of Gym, or contact the authors of your software and request that they upgrade.
See the migration guide at https://gymnasium.farama.org/introduction/migration_guide/ for additional information.
[INFO][AppLauncher]: Using device: cuda:0
[INFO][AppLauncher]: Loading experience file: /home/user/IsaacLab/apps/isaaclab.python.headless.kit

[36m======================================================================================[0m
[36m[1m[INFO][IsaacLab]: Logging to file: /tmp/isaaclab/logs/isaaclab_2026-06-30_14-47-24.log[0m
[36m======================================================================================[0m

[33m14:47:24 [simulation_context.py] WARNING: The `enable_external_forces_every_iteration` parameter in the PhysxCfg is set to False. If you are experiencing noisy velocities, consider enabling this flag. You may need to slightly increase the number of velocity iterations (setting it to 1 or 2 rather than 0), together with this flag, to improve the accuracy of velocity updates.[0m
[INFO]: Base environment:
	Environment device    : cuda:0
	Environment seed      : None
	Physics step-size     : 0.008333333333333333
	Rendering step-size   : 0.16666666666666666
	Environment step-size : 0.16666666666666666
[33m14:47:26 [interactive_scene.py] WARNING: Collision filtering can only be automatically enabled when replicate_physics=True and using GPU simulation. Please call scene.filter_collisions(global_prim_paths) to filter collisions across environments.[0m
[INFO]: Time taken for scene creation : 1.115649 seconds
[INFO]: Scene manager:  <class InteractiveScene>
	Number of environments: 4
	Environment spacing   : 3.0
	Source prim name      : /World/envs/env_0
	Global prim paths     : []
	Replicate physics     : False
[INFO]: Starting the simulation. This may take a few seconds. Please wait...
[INFO]: Time taken for simulation start : 0.383968 seconds
[INFO]: Completed setting up the environment...
[gat-train] loaded GAT checkpoint: isaaclab_pallet/runs/overnight_full/PCT-latest.pt
[gat-train] run_dir=isaaclab_pallet/runs/reward_sweep_small_smooth_low device=cuda:0 num_envs=4 obs_shape=(4, 301, 9) leaf_shape=(4, 100, 9) num_steps=5 normFactor=0.8 drift_fail_threshold=0.4 reward_profile=smooth_low
[gat-train] initial competition score = 89.26  -> PCT-best.pt
[gat-train] update=1 samples=20 fps=4.9 loss=0.0082 actor=-0.0357 value=0.0496 entropy=0.5697 mean_return=0.000 mean_len=0.0
[gat-train] update=2 samples=40 fps=8.0 loss=0.3634 actor=0.2474 value=0.1253 entropy=0.9320 mean_return=0.000 mean_len=0.0
[gat-train] update=3 samples=60 fps=9.9 loss=0.4069 actor=0.2886 value=0.1302 entropy=1.1855 mean_return=0.000 mean_len=0.0
[gat-train] update=4 samples=80 fps=10.8 loss=0.0259 actor=0.0060 value=0.0328 entropy=1.2949 mean_return=0.000 mean_len=0.0
[gat-train] update=5 samples=100 fps=11.3 loss=0.1232 actor=0.0996 value=0.0369 entropy=1.3320 mean_return=0.000 mean_len=0.0
[gat-train] update=6 samples=120 fps=11.6 loss=-0.0945 actor=-0.1013 value=0.0227 entropy=1.5903 mean_return=0.000 mean_len=0.0
[gat-train] update=7 samples=140 fps=11.7 loss=-0.1401 actor=-0.1870 value=0.0597 entropy=1.2730 mean_return=0.000 mean_len=0.0
[gat-train] update=8 samples=160 fps=11.7 loss=-0.2520 actor=-0.2841 value=0.0516 entropy=1.9589 mean_return=0.000 mean_len=0.0
[gat-train] update=9 samples=180 fps=11.6 loss=-0.4138 actor=-0.5189 value=0.1233 entropy=1.8164 mean_return=0.000 mean_len=0.0
[gat-train] update=10 samples=200 fps=11.3 loss=-0.7480 actor=-0.8553 value=0.1272 entropy=1.9934 mean_return=0.000 mean_len=0.0
[gat-train] update=11 samples=220 fps=11.3 loss=-0.5670 actor=-0.7350 value=0.1885 entropy=2.0554 mean_return=0.000 mean_len=0.0
[gat-train] update=12 samples=240 fps=11.2 loss=-1.5438 actor=-1.9221 value=0.4087 entropy=3.0426 mean_return=0.000 mean_len=0.0
[gat-train] update=13 samples=260 fps=11.1 loss=-0.6984 actor=-0.9598 value=0.2808 entropy=1.9436 mean_return=0.000 mean_len=0.0
[gat-train] update=14 samples=280 fps=11.0 loss=-1.2866 actor=-1.6756 value=0.4157 entropy=2.6720 mean_return=0.000 mean_len=0.0
[gat-train] update=15 samples=300 fps=11.0 loss=-0.7540 actor=-1.1543 value=0.4224 entropy=2.2035 mean_return=0.000 mean_len=0.0
[gat-train] update=16 samples=320 fps=11.1 loss=-0.8697 actor=-1.4050 value=0.5554 entropy=2.0112 mean_return=0.000 mean_len=0.0
[gat-train] update=17 samples=340 fps=11.3 loss=-0.6383 actor=-1.0767 value=0.4569 entropy=1.8439 mean_return=6.345 mean_len=81.0
[gat-train] update=18 samples=360 fps=11.6 loss=0.0143 actor=-0.2523 value=0.2879 entropy=2.1230 mean_return=5.093 mean_len=86.2
[gat-train] update=19 samples=380 fps=11.9 loss=0.6221 actor=0.3356 value=0.3107 entropy=2.4215 mean_return=5.093 mean_len=86.2
[gat-train] update=20 samples=400 fps=12.2 loss=0.5057 actor=0.3777 value=0.1534 entropy=2.5375 mean_return=5.093 mean_len=86.2
[gat-train] update=21 samples=420 fps=12.3 loss=0.5845 actor=0.4477 value=0.1566 entropy=1.9802 mean_return=5.093 mean_len=86.2
[gat-train] update=22 samples=440 fps=12.4 loss=-0.0276 actor=-0.0301 value=0.0256 entropy=2.2998 mean_return=5.093 mean_len=86.2
[gat-train] update=23 samples=460 fps=12.5 loss=-0.2093 actor=-0.1996 value=0.0129 entropy=2.2582 mean_return=5.093 mean_len=86.2
[gat-train] update=24 samples=480 fps=12.5 loss=-0.0719 actor=-0.0653 value=0.0116 entropy=1.8232 mean_return=5.093 mean_len=86.2
[gat-train] update=25 samples=500 fps=12.5 loss=-0.4559 actor=-0.4957 value=0.0624 entropy=2.2629 mean_return=5.093 mean_len=86.2
[gat-train] update=26 samples=520 fps=12.4 loss=-0.8927 actor=-0.9738 value=0.1097 entropy=2.8580 mean_return=5.093 mean_len=86.2
[gat-train] update=27 samples=540 fps=12.4 loss=-0.3578 actor=-0.4288 value=0.0891 entropy=1.8180 mean_return=5.093 mean_len=86.2
[gat-train] update=28 samples=560 fps=12.3 loss=-0.9462 actor=-1.1266 value=0.2115 entropy=3.1062 mean_return=5.093 mean_len=86.2
[gat-train] update=29 samples=580 fps=12.2 loss=-1.0862 actor=-1.2189 value=0.1601 entropy=2.7388 mean_return=5.093 mean_len=86.2
[gat-train] update=30 samples=600 fps=12.2 loss=-1.1779 actor=-1.4529 value=0.3015 entropy=2.6463 mean_return=5.093 mean_len=86.2
[gat-train] update=31 samples=620 fps=12.1 loss=-1.3910 actor=-1.8456 value=0.4849 entropy=3.0409 mean_return=5.093 mean_len=86.2
[gat-train] update=32 samples=640 fps=12.1 loss=-1.2218 actor=-1.7140 value=0.5168 entropy=2.4641 mean_return=5.093 mean_len=86.2
[gat-train] update=33 samples=660 fps=12.1 loss=-0.5509 actor=-0.8851 value=0.3511 entropy=1.6830 mean_return=5.093 mean_len=86.2
[gat-train] update=34 samples=680 fps=12.1 loss=-0.7286 actor=-1.1698 value=0.4649 entropy=2.3656 mean_return=5.233 mean_len=86.4
[gat-train] update=35 samples=700 fps=12.2 loss=0.0065 actor=-0.2900 value=0.3160 entropy=1.9470 mean_return=5.426 mean_len=85.9
[gat-train] update=36 samples=720 fps=12.4 loss=0.3924 actor=0.2437 value=0.1725 entropy=2.3756 mean_return=5.278 mean_len=86.4
[gat-train] update=37 samples=740 fps=12.5 loss=0.4008 actor=0.3386 value=0.0908 entropy=2.8576 mean_return=5.278 mean_len=86.4
[gat-train] update=38 samples=760 fps=12.6 loss=0.0262 actor=0.0297 value=0.0227 entropy=2.6159 mean_return=5.278 mean_len=86.4
[gat-train] update=39 samples=780 fps=12.7 loss=-0.0162 actor=-0.0286 value=0.0369 entropy=2.4544 mean_return=5.278 mean_len=86.4
[gat-train] update=40 samples=800 fps=12.7 loss=-0.0769 actor=-0.1107 value=0.0543 entropy=2.0553 mean_return=5.278 mean_len=86.4
[gat-train] update=41 samples=820 fps=12.7 loss=-0.2553 actor=-0.2593 value=0.0283 entropy=2.4306 mean_return=5.278 mean_len=86.4
[gat-train] update=42 samples=840 fps=12.7 loss=-0.7354 actor=-0.8972 value=0.1865 entropy=2.4732 mean_return=5.278 mean_len=86.4
[gat-train] update=43 samples=860 fps=12.7 loss=-0.8497 actor=-0.9519 value=0.1293 entropy=2.7102 mean_return=5.278 mean_len=86.4
[gat-train] update=44 samples=880 fps=12.6 loss=-0.7836 actor=-0.8859 value=0.1283 entropy=2.6070 mean_return=5.278 mean_len=86.4
[gat-train] update=45 samples=900 fps=12.5 loss=-0.8471 actor=-1.1016 value=0.2786 entropy=2.4058 mean_return=5.278 mean_len=86.4
[gat-train] update=46 samples=920 fps=12.4 loss=-0.9015 actor=-1.0526 value=0.1778 entropy=2.6681 mean_return=5.278 mean_len=86.4
[gat-train] update=47 samples=940 fps=12.4 loss=-1.2475 actor=-1.6620 value=0.4398 entropy=2.5305 mean_return=5.278 mean_len=86.4
[gat-train] update=48 samples=960 fps=12.3 loss=-0.8250 actor=-1.1969 value=0.3948 entropy=2.2917 mean_return=5.278 mean_len=86.4
[gat-train] update=49 samples=980 fps=12.3 loss=-1.1042 actor=-1.5634 value=0.4822 entropy=2.2962 mean_return=5.278 mean_len=86.4
[gat-train] update=50 samples=1000 fps=12.3 loss=-0.6785 actor=-1.1494 value=0.4938 entropy=2.2981 mean_return=5.127 mean_len=85.9
[gat-train] eval update=50 comp_score=86.19 best=89.26
[gat-train] update=51 samples=1020 fps=11.9 loss=-0.5473 actor=-1.0841 value=0.5528 entropy=1.5932 mean_return=5.127 mean_len=85.9
[gat-train] update=52 samples=1040 fps=12.0 loss=0.0461 actor=-0.3398 value=0.4045 entropy=1.8570 mean_return=5.103 mean_len=85.8
[gat-train] update=53 samples=1060 fps=12.1 loss=0.4801 actor=0.1214 value=0.3786 entropy=1.9886 mean_return=5.007 mean_len=86.3
[gat-train] update=54 samples=1080 fps=12.2 loss=0.5034 actor=0.3929 value=0.1343 entropy=2.3815 mean_return=4.849 mean_len=86.3
[gat-train] update=55 samples=1100 fps=12.3 loss=0.2805 actor=0.2024 value=0.0992 entropy=2.1069 mean_return=4.849 mean_len=86.3
[gat-train] update=56 samples=1120 fps=12.3 loss=0.1481 actor=0.1004 value=0.0674 entropy=1.9719 mean_return=4.849 mean_len=86.3
[gat-train] update=57 samples=1140 fps=12.3 loss=-0.3356 actor=-0.3321 value=0.0181 entropy=2.1551 mean_return=4.849 mean_len=86.3
[gat-train] update=58 samples=1160 fps=12.4 loss=-0.3178 actor=-0.3494 value=0.0492 entropy=1.7668 mean_return=4.849 mean_len=86.3
[gat-train] update=59 samples=1180 fps=12.4 loss=-0.2272 actor=-0.2562 value=0.0437 entropy=1.4667 mean_return=4.849 mean_len=86.3
[gat-train] update=60 samples=1200 fps=12.4 loss=-0.4616 actor=-0.5178 value=0.0794 entropy=2.3216 mean_return=4.849 mean_len=86.3
[gat-train] update=61 samples=1220 fps=12.4 loss=-0.7480 actor=-0.8243 value=0.1029 entropy=2.6659 mean_return=4.849 mean_len=86.3
[gat-train] update=62 samples=1240 fps=12.4 loss=-0.7481 actor=-0.9320 value=0.2057 entropy=2.1800 mean_return=4.849 mean_len=86.3
[gat-train] update=63 samples=1260 fps=12.3 loss=-0.8730 actor=-1.0441 value=0.1921 entropy=2.1001 mean_return=4.849 mean_len=86.3
[gat-train] update=64 samples=1280 fps=12.3 loss=-0.3408 actor=-0.6196 value=0.2934 entropy=1.4638 mean_return=4.849 mean_len=86.3
[gat-train] update=65 samples=1300 fps=12.3 loss=-0.8867 actor=-1.2003 value=0.3310 entropy=1.7400 mean_return=4.849 mean_len=86.3
[gat-train] update=66 samples=1320 fps=12.3 loss=-0.5557 actor=-0.9709 value=0.4337 entropy=1.8545 mean_return=4.942 mean_len=85.7
[gat-train] update=67 samples=1340 fps=12.3 loss=0.0249 actor=-0.2763 value=0.3148 entropy=1.3584 mean_return=4.942 mean_len=85.7
[gat-train] update=68 samples=1360 fps=12.3 loss=-0.0355 actor=-0.3576 value=0.3365 entropy=1.4353 mean_return=4.942 mean_len=85.7
[gat-train] update=69 samples=1380 fps=12.3 loss=-0.3029 actor=-0.7912 value=0.5019 entropy=1.3605 mean_return=4.942 mean_len=85.7
[gat-train] update=70 samples=1400 fps=12.3 loss=-0.0428 actor=-0.3815 value=0.3546 entropy=1.5837 mean_return=4.980 mean_len=86.0
[gat-train] update=71 samples=1420 fps=12.3 loss=0.3595 actor=0.0596 value=0.3129 entropy=1.3020 mean_return=4.920 mean_len=86.3
[gat-train] update=72 samples=1440 fps=12.4 loss=0.4306 actor=0.2849 value=0.1570 entropy=1.1292 mean_return=4.943 mean_len=86.6
[gat-train] update=73 samples=1460 fps=12.5 loss=0.2101 actor=0.1723 value=0.0545 entropy=1.6650 mean_return=4.943 mean_len=86.6
[gat-train] update=74 samples=1480 fps=12.5 loss=0.2551 actor=0.1847 value=0.0866 entropy=1.6217 mean_return=4.943 mean_len=86.6
[gat-train] update=75 samples=1500 fps=12.5 loss=-0.0879 actor=-0.1149 value=0.0423 entropy=1.5266 mean_return=4.943 mean_len=86.6
[gat-train] update=76 samples=1520 fps=12.5 loss=-0.1897 actor=-0.2540 value=0.0796 entropy=1.5290 mean_return=4.943 mean_len=86.6
[gat-train] update=77 samples=1540 fps=12.5 loss=-0.1871 actor=-0.2483 value=0.0774 entropy=1.6332 mean_return=4.943 mean_len=86.6
[gat-train] update=78 samples=1560 fps=12.5 loss=-0.3877 actor=-0.4834 value=0.1121 entropy=1.6406 mean_return=4.943 mean_len=86.6
[gat-train] update=79 samples=1580 fps=12.5 loss=-0.4748 actor=-0.6281 value=0.1760 entropy=2.2758 mean_return=4.943 mean_len=86.6
[gat-train] update=80 samples=1600 fps=12.5 loss=-0.8456 actor=-1.0658 value=0.2435 entropy=2.3314 mean_return=4.943 mean_len=86.6
[gat-train] update=81 samples=1620 fps=12.4 loss=-0.7401 actor=-1.0763 value=0.3582 entropy=2.2003 mean_return=4.943 mean_len=86.6
[gat-train] update=82 samples=1640 fps=12.4 loss=-0.5212 actor=-0.8847 value=0.3857 entropy=2.2221 mean_return=4.943 mean_len=86.6
[gat-train] update=83 samples=1660 fps=12.4 loss=-0.1946 actor=-0.5331 value=0.3541 entropy=1.5597 mean_return=4.914 mean_len=86.5
[gat-train] update=84 samples=1680 fps=12.4 loss=-1.0823 actor=-1.4431 value=0.3818 entropy=2.1084 mean_return=4.914 mean_len=86.5
[gat-train] update=85 samples=1700 fps=12.4 loss=-0.7559 actor=-1.1822 value=0.4488 entropy=2.2433 mean_return=4.914 mean_len=86.5
[gat-train] update=86 samples=1720 fps=12.3 loss=-0.6467 actor=-1.0853 value=0.4608 entropy=2.2275 mean_return=4.914 mean_len=86.5
[gat-train] update=87 samples=1740 fps=12.3 loss=0.2049 actor=-0.2874 value=0.5109 entropy=1.8660 mean_return=4.940 mean_len=86.4
[gat-train] update=88 samples=1760 fps=12.4 loss=15.8302 actor=-1.8647 value=17.7057 entropy=1.0727 mean_return=4.433 mean_len=86.2
[gat-train] update=89 samples=1780 fps=12.4 loss=0.9043 actor=0.7573 value=0.1708 entropy=2.3779 mean_return=4.448 mean_len=86.3
[gat-train] update=90 samples=1800 fps=12.5 loss=0.3354 actor=0.1940 value=0.1612 entropy=1.9787 mean_return=4.448 mean_len=86.3
[gat-train] update=91 samples=1820 fps=12.5 loss=0.2505 actor=0.2095 value=0.0582 entropy=1.7243 mean_return=4.448 mean_len=86.3
[gat-train] update=92 samples=1840 fps=12.5 loss=-0.2453 actor=-0.2514 value=0.0253 entropy=1.9156 mean_return=4.448 mean_len=86.3
[gat-train] update=93 samples=1860 fps=12.5 loss=-0.3410 actor=-0.3523 value=0.0347 entropy=2.3420 mean_return=4.448 mean_len=86.3
[gat-train] update=94 samples=1880 fps=12.5 loss=-0.8654 actor=-0.9579 value=0.1225 entropy=3.0082 mean_return=4.448 mean_len=86.3
[gat-train] update=95 samples=1900 fps=12.5 loss=-0.4408 actor=-0.5114 value=0.0877 entropy=1.7076 mean_return=4.448 mean_len=86.3
[gat-train] update=96 samples=1920 fps=12.5 loss=-0.7199 actor=-0.8058 value=0.1052 entropy=1.9335 mean_return=4.448 mean_len=86.3
[gat-train] update=97 samples=1940 fps=12.5 loss=-0.8118 actor=-1.0493 value=0.2610 entropy=2.3468 mean_return=4.448 mean_len=86.3
[gat-train] update=98 samples=1960 fps=12.5 loss=-0.7187 actor=-1.0065 value=0.3069 entropy=1.9089 mean_return=4.448 mean_len=86.3
[gat-train] update=99 samples=1980 fps=12.4 loss=-0.5522 actor=-0.8101 value=0.2771 entropy=1.9257 mean_return=4.448 mean_len=86.3
[gat-train] update=100 samples=2000 fps=12.4 loss=-0.8583 actor=-1.2220 value=0.3849 entropy=2.1124 mean_return=4.448 mean_len=86.3
[gat-train] eval update=100 comp_score=88.52 best=89.26
[gat-train] update=101 samples=2020 fps=12.2 loss=-0.8456 actor=-1.2150 value=0.3935 entropy=2.4095 mean_return=4.448 mean_len=86.3
[gat-train] update=102 samples=2040 fps=12.1 loss=-0.0835 actor=-0.8218 value=0.7642 entropy=2.5914 mean_return=4.449 mean_len=86.7
[gat-train] update=103 samples=2060 fps=12.2 loss=-0.5979 actor=-1.0030 value=0.4246 entropy=1.9514 mean_return=4.449 mean_len=86.7
[gat-train] update=104 samples=2080 fps=12.2 loss=0.7472 actor=0.0952 value=0.6696 entropy=1.7660 mean_return=4.447 mean_len=86.3
[gat-train] update=105 samples=2100 fps=12.2 loss=-0.4998 actor=-0.8163 value=0.3360 entropy=1.9461 mean_return=4.447 mean_len=86.3
[gat-train] update=106 samples=2120 fps=12.2 loss=0.7583 actor=0.3435 value=0.4367 entropy=2.1927 mean_return=4.458 mean_len=86.6
[gat-train] update=107 samples=2140 fps=12.3 loss=1.1237 actor=0.8154 value=0.3275 entropy=1.9202 mean_return=4.452 mean_len=86.8
[gat-train] update=108 samples=2160 fps=12.3 loss=0.0020 actor=-0.0236 value=0.0456 entropy=1.9967 mean_return=4.452 mean_len=86.8
[gat-train] update=109 samples=2180 fps=12.3 loss=0.0079 actor=-0.0370 value=0.0570 entropy=1.2048 mean_return=4.452 mean_len=86.8
[gat-train] update=110 samples=2200 fps=12.3 loss=-0.0649 actor=-0.0751 value=0.0276 entropy=1.7356 mean_return=4.452 mean_len=86.8
[gat-train] update=111 samples=2220 fps=12.3 loss=-0.1322 actor=-0.1857 value=0.0664 entropy=1.2870 mean_return=4.452 mean_len=86.8
[gat-train] update=112 samples=2240 fps=12.3 loss=-0.2627 actor=-0.3397 value=0.0932 entropy=1.6239 mean_return=4.452 mean_len=86.8
[gat-train] update=113 samples=2260 fps=12.3 loss=-0.1841 actor=-0.2197 value=0.0515 entropy=1.5888 mean_return=4.452 mean_len=86.8
[gat-train] update=114 samples=2280 fps=12.3 loss=-0.5307 actor=-0.7181 value=0.2043 entropy=1.6955 mean_return=4.452 mean_len=86.8
[gat-train] update=115 samples=2300 fps=12.3 loss=-0.3186 actor=-0.4769 value=0.1722 entropy=1.3877 mean_return=4.452 mean_len=86.8
[gat-train] update=116 samples=2320 fps=12.3 loss=-0.2788 actor=-0.5400 value=0.2793 entropy=1.8108 mean_return=4.452 mean_len=86.8
[gat-train] update=117 samples=2340 fps=12.3 loss=-0.5712 actor=-0.8841 value=0.3288 entropy=1.5928 mean_return=4.452 mean_len=86.8
[gat-train] update=118 samples=2360 fps=12.3 loss=-0.4507 actor=-0.8902 value=0.4548 entropy=1.5302 mean_return=4.452 mean_len=86.8
[gat-train] update=119 samples=2380 fps=12.3 loss=0.6918 actor=-0.1217 value=0.8284 entropy=1.4827 mean_return=4.483 mean_len=86.8
[gat-train] update=120 samples=2400 fps=12.3 loss=-0.1986 actor=-0.6437 value=0.4584 entropy=1.3342 mean_return=4.483 mean_len=86.8
[gat-train] update=121 samples=2420 fps=12.3 loss=-0.2774 actor=-0.6046 value=0.3419 entropy=1.4601 mean_return=4.483 mean_len=86.8
[gat-train] update=122 samples=2440 fps=12.3 loss=2.2427 actor=1.0049 value=1.2504 entropy=1.2667 mean_return=4.553 mean_len=86.6
[gat-train] update=123 samples=2460 fps=12.3 loss=2.3648 actor=1.5688 value=0.8100 entropy=1.4017 mean_return=4.563 mean_len=86.7
[gat-train] update=124 samples=2480 fps=12.4 loss=0.3808 actor=0.2115 value=0.1842 entropy=1.4885 mean_return=4.563 mean_len=86.7
[gat-train] update=125 samples=2500 fps=12.4 loss=0.2324 actor=0.1574 value=0.0884 entropy=1.3374 mean_return=4.563 mean_len=86.7
[gat-train] update=126 samples=2520 fps=12.4 loss=0.0250 actor=-0.0663 value=0.1050 entropy=1.3748 mean_return=4.563 mean_len=86.7
[gat-train] update=127 samples=2540 fps=12.4 loss=-0.0812 actor=-0.1120 value=0.0405 entropy=0.9649 mean_return=4.563 mean_len=86.7
[gat-train] update=128 samples=2560 fps=12.4 loss=-0.1976 actor=-0.2055 value=0.0281 entropy=2.0231 mean_return=4.563 mean_len=86.7
[gat-train] update=129 samples=2580 fps=12.4 loss=-0.3362 actor=-0.4043 value=0.0862 entropy=1.8019 mean_return=4.563 mean_len=86.7
[gat-train] update=130 samples=2600 fps=12.4 loss=-0.6839 actor=-0.8365 value=0.1785 entropy=2.5992 mean_return=4.563 mean_len=86.7
[gat-train] update=131 samples=2620 fps=12.4 loss=-0.3919 actor=-0.5752 value=0.1981 entropy=1.4877 mean_return=4.563 mean_len=86.7
[gat-train] update=132 samples=2640 fps=12.4 loss=-0.6662 actor=-0.8886 value=0.2420 entropy=1.9645 mean_return=4.563 mean_len=86.7
[gat-train] update=133 samples=2660 fps=12.4 loss=-1.0335 actor=-1.3202 value=0.3086 entropy=2.1979 mean_return=4.563 mean_len=86.7
[gat-train] update=134 samples=2680 fps=12.3 loss=-0.3979 actor=-0.7121 value=0.3333 entropy=1.9172 mean_return=4.563 mean_len=86.7
[gat-train] update=135 samples=2700 fps=12.3 loss=-0.9831 actor=-1.4908 value=0.5278 entropy=2.0091 mean_return=4.563 mean_len=86.7
[gat-train] update=136 samples=2720 fps=12.3 loss=-0.5724 actor=-1.0855 value=0.5341 entropy=2.1037 mean_return=4.563 mean_len=86.7
[gat-train] update=137 samples=2740 fps=12.3 loss=0.7569 actor=-0.1868 value=0.9607 entropy=1.7043 mean_return=4.548 mean_len=86.8
[gat-train] update=138 samples=2760 fps=12.3 loss=-0.0897 actor=-0.3597 value=0.2833 entropy=1.3400 mean_return=4.548 mean_len=86.8
[gat-train] update=139 samples=2780 fps=12.3 loss=0.6680 actor=0.1399 value=0.5433 entropy=1.5172 mean_return=4.554 mean_len=86.6
[gat-train] update=140 samples=2800 fps=12.4 loss=-0.0197 actor=-0.3790 value=0.3730 entropy=1.3760 mean_return=4.554 mean_len=86.6
[gat-train] update=141 samples=2820 fps=12.4 loss=2.8918 actor=1.5161 value=1.3937 entropy=1.7979 mean_return=4.555 mean_len=86.8
[gat-train] update=142 samples=2840 fps=12.4 loss=0.3730 actor=0.2654 value=0.1244 entropy=1.6767 mean_return=4.555 mean_len=86.8
[gat-train] update=143 samples=2860 fps=12.4 loss=0.3131 actor=0.2368 value=0.0965 entropy=2.0229 mean_return=4.555 mean_len=86.8
[gat-train] update=144 samples=2880 fps=12.5 loss=-0.0290 actor=-0.0784 value=0.0651 entropy=1.5727 mean_return=4.555 mean_len=86.8
[gat-train] update=145 samples=2900 fps=12.5 loss=-0.4811 actor=-0.5044 value=0.0504 entropy=2.7129 mean_return=4.555 mean_len=86.8
[gat-train] update=146 samples=2920 fps=12.5 loss=-0.4659 actor=-0.5780 value=0.1288 entropy=1.6691 mean_return=4.555 mean_len=86.8
[gat-train] update=147 samples=2940 fps=12.4 loss=-0.4902 actor=-0.5483 value=0.0799 entropy=2.1824 mean_return=4.555 mean_len=86.8
[gat-train] update=148 samples=2960 fps=12.4 loss=-0.7327 actor=-0.9132 value=0.2033 entropy=2.2791 mean_return=4.555 mean_len=86.8
[gat-train] update=149 samples=2980 fps=12.4 loss=-0.9444 actor=-1.1143 value=0.1952 entropy=2.5352 mean_return=4.555 mean_len=86.8
[gat-train] update=150 samples=3000 fps=12.4 loss=-0.8098 actor=-1.0131 value=0.2271 entropy=2.3811 mean_return=4.555 mean_len=86.8
[gat-train] eval update=150 comp_score=86.92 best=89.26
[gat-train] update=151 samples=3020 fps=12.2 loss=-1.1651 actor=-1.5077 value=0.3698 entropy=2.7245 mean_return=4.555 mean_len=86.8
[gat-train] update=152 samples=3040 fps=12.2 loss=-1.3651 actor=-1.8255 value=0.4823 entropy=2.1851 mean_return=4.555 mean_len=86.8
[gat-train] update=153 samples=3060 fps=12.2 loss=-1.7427 actor=-2.2570 value=0.5424 entropy=2.8124 mean_return=4.555 mean_len=86.8
[gat-train] update=154 samples=3080 fps=12.2 loss=2.2353 actor=0.5885 value=1.6689 entropy=2.2134 mean_return=4.545 mean_len=86.8
[gat-train] update=155 samples=3100 fps=12.2 loss=-0.2586 actor=-0.7703 value=0.5331 entropy=2.1448 mean_return=4.545 mean_len=86.8
[gat-train] update=156 samples=3120 fps=12.2 loss=2.2556 actor=0.7219 value=1.5541 entropy=2.0431 mean_return=4.541 mean_len=86.8
[gat-train] update=157 samples=3140 fps=12.2 loss=2.8895 actor=1.4498 value=1.4634 entropy=2.3625 mean_return=4.537 mean_len=86.7
[gat-train] update=158 samples=3160 fps=12.3 loss=2.8053 actor=1.3350 value=1.4941 entropy=2.3817 mean_return=4.540 mean_len=86.7
[gat-train] update=159 samples=3180 fps=12.3 loss=0.4977 actor=0.4446 value=0.0746 entropy=2.1531 mean_return=4.540 mean_len=86.7
[gat-train] update=160 samples=3200 fps=12.3 loss=0.1724 actor=0.1422 value=0.0557 entropy=2.5410 mean_return=4.540 mean_len=86.7
[gat-train] update=161 samples=3220 fps=12.3 loss=0.3471 actor=0.2417 value=0.1235 entropy=1.8088 mean_return=4.540 mean_len=86.7
[gat-train] update=162 samples=3240 fps=12.3 loss=-0.0002 actor=-0.0580 value=0.0769 entropy=1.9035 mean_return=4.540 mean_len=86.7
[gat-train] update=163 samples=3260 fps=12.3 loss=-0.2367 actor=-0.2643 value=0.0523 entropy=2.4662 mean_return=4.540 mean_len=86.7
[gat-train] update=164 samples=3280 fps=12.3 loss=-0.6410 actor=-0.7534 value=0.1388 entropy=2.6376 mean_return=4.540 mean_len=86.7
[gat-train] update=165 samples=3300 fps=12.3 loss=-0.8231 actor=-1.0113 value=0.2185 entropy=3.0227 mean_return=4.540 mean_len=86.7
[gat-train] update=166 samples=3320 fps=12.3 loss=-0.7303 actor=-0.9086 value=0.2042 entropy=2.5924 mean_return=4.540 mean_len=86.7
[gat-train] update=167 samples=3340 fps=12.3 loss=-1.2417 actor=-1.7059 value=0.4949 entropy=3.0658 mean_return=4.540 mean_len=86.7
[gat-train] update=168 samples=3360 fps=12.3 loss=-1.0547 actor=-1.2912 value=0.2638 entropy=2.7306 mean_return=4.540 mean_len=86.7
[gat-train] update=169 samples=3380 fps=12.3 loss=1.4891 actor=0.1248 value=1.3932 entropy=2.8907 mean_return=4.555 mean_len=86.4
[gat-train] update=170 samples=3400 fps=12.3 loss=-0.3751 actor=-0.6746 value=0.3275 entropy=2.7883 mean_return=4.555 mean_len=86.4
[gat-train] update=171 samples=3420 fps=12.3 loss=-0.9541 actor=-1.3191 value=0.3981 entropy=3.3114 mean_return=4.555 mean_len=86.4
[gat-train] update=172 samples=3440 fps=12.3 loss=-0.9924 actor=-1.3316 value=0.3696 entropy=3.0467 mean_return=4.555 mean_len=86.4
[gat-train] update=173 samples=3460 fps=12.3 loss=-1.0767 actor=-1.4830 value=0.4340 entropy=2.7671 mean_return=4.555 mean_len=86.4
[gat-train] update=174 samples=3480 fps=12.4 loss=6.7539 actor=2.8799 value=3.9009 entropy=2.6857 mean_return=4.618 mean_len=86.2
[gat-train] update=175 samples=3500 fps=12.4 loss=-0.3796 actor=-0.5324 value=0.1815 entropy=2.8727 mean_return=4.618 mean_len=86.2
[gat-train] update=176 samples=3520 fps=12.4 loss=0.7031 actor=0.5170 value=0.2155 entropy=2.9355 mean_return=4.618 mean_len=86.2
[gat-train] update=177 samples=3540 fps=12.4 loss=0.4584 actor=0.3832 value=0.1045 entropy=2.9353 mean_return=4.618 mean_len=86.2
[gat-train] update=178 samples=3560 fps=12.4 loss=-0.2423 actor=-0.2781 value=0.0639 entropy=2.8191 mean_return=4.618 mean_len=86.2
[gat-train] update=179 samples=3580 fps=12.4 loss=-0.3416 actor=-0.4021 value=0.0942 entropy=3.3751 mean_return=4.618 mean_len=86.2
[gat-train] update=180 samples=3600 fps=12.4 loss=-0.5810 actor=-0.7020 value=0.1477 entropy=2.6744 mean_return=4.618 mean_len=86.2
[gat-train] update=181 samples=3620 fps=12.4 loss=-0.9291 actor=-1.0315 value=0.1324 entropy=3.0065 mean_return=4.618 mean_len=86.2
[gat-train] update=182 samples=3640 fps=12.4 loss=-1.2128 actor=-1.4097 value=0.2313 entropy=3.4415 mean_return=4.618 mean_len=86.2
[gat-train] update=183 samples=3660 fps=12.4 loss=-1.1160 actor=-1.2525 value=0.1701 entropy=3.3629 mean_return=4.618 mean_len=86.2
[gat-train] update=184 samples=3680 fps=12.4 loss=-1.5385 actor=-1.9358 value=0.4307 entropy=3.3446 mean_return=4.618 mean_len=86.2
[gat-train] update=185 samples=3700 fps=12.4 loss=-1.4619 actor=-1.8358 value=0.4079 entropy=3.3959 mean_return=4.618 mean_len=86.2
[gat-train] update=186 samples=3720 fps=12.3 loss=2.2440 actor=0.2280 value=2.0475 entropy=3.1519 mean_return=4.620 mean_len=86.2
[gat-train] update=187 samples=3740 fps=12.3 loss=-1.3959 actor=-1.7895 value=0.4324 entropy=3.8915 mean_return=4.620 mean_len=86.2
[gat-train] update=188 samples=3760 fps=12.3 loss=-1.2473 actor=-1.4313 value=0.2181 entropy=3.4157 mean_return=4.620 mean_len=86.2
[gat-train] update=189 samples=3780 fps=12.3 loss=-0.9215 actor=-1.2553 value=0.3564 entropy=2.2500 mean_return=4.620 mean_len=86.2
[gat-train] update=190 samples=3800 fps=12.4 loss=1.5168 actor=0.4520 value=1.0892 entropy=2.4388 mean_return=4.611 mean_len=86.0
[gat-train] update=191 samples=3820 fps=12.4 loss=3.9044 actor=1.2863 value=2.6499 entropy=3.1850 mean_return=4.607 mean_len=86.0
[gat-train] update=192 samples=3840 fps=12.4 loss=-0.5261 actor=-0.6099 value=0.1136 entropy=2.9737 mean_return=4.607 mean_len=86.0
[gat-train] update=193 samples=3860 fps=12.4 loss=0.0304 actor=-0.0179 value=0.0819 entropy=3.3640 mean_return=4.607 mean_len=86.0
[gat-train] update=194 samples=3880 fps=12.4 loss=-0.8142 actor=-0.9393 value=0.1588 entropy=3.3694 mean_return=4.607 mean_len=86.0
[gat-train] update=195 samples=3900 fps=12.4 loss=-0.5375 actor=-0.5654 value=0.0521 entropy=2.4193 mean_return=4.607 mean_len=86.0
[gat-train] update=196 samples=3920 fps=12.4 loss=-1.0403 actor=-1.2180 value=0.2071 entropy=2.9350 mean_return=4.607 mean_len=86.0
[gat-train] update=197 samples=3940 fps=12.4 loss=-0.6901 actor=-0.8197 value=0.1553 entropy=2.5606 mean_return=4.607 mean_len=86.0
[gat-train] update=198 samples=3960 fps=12.4 loss=-0.6361 actor=-0.7185 value=0.1108 entropy=2.8382 mean_return=4.607 mean_len=86.0
[gat-train] update=199 samples=3980 fps=12.4 loss=-1.3620 actor=-1.7133 value=0.3810 entropy=2.9688 mean_return=4.607 mean_len=86.0
[gat-train] update=200 samples=4000 fps=12.4 loss=-0.9817 actor=-1.1892 value=0.2311 entropy=2.3597 mean_return=4.607 mean_len=86.0
[gat-train] eval update=200 comp_score=88.52 best=89.26
[gat-train] update=201 samples=4020 fps=12.3 loss=2.3077 actor=0.4116 value=1.9246 entropy=2.8538 mean_return=4.590 mean_len=85.7
[gat-train] update=202 samples=4040 fps=12.3 loss=-0.4608 actor=-1.0147 value=0.5795 entropy=2.5651 mean_return=4.590 mean_len=85.7
[gat-train] update=203 samples=4060 fps=12.3 loss=1.0788 actor=0.0559 value=1.0488 entropy=2.6001 mean_return=4.582 mean_len=85.3
[gat-train] update=204 samples=4080 fps=12.3 loss=-0.6270 actor=-1.0325 value=0.4417 entropy=3.6185 mean_return=4.582 mean_len=85.3
[gat-train] update=205 samples=4100 fps=12.3 loss=-0.4156 actor=-0.6715 value=0.2923 entropy=3.6425 mean_return=4.582 mean_len=85.3
[gat-train] update=206 samples=4120 fps=12.3 loss=-0.5636 actor=-0.7770 value=0.2449 entropy=3.1458 mean_return=4.582 mean_len=85.3
[gat-train] update=207 samples=4140 fps=12.4 loss=4.1538 actor=1.9704 value=2.2058 entropy=2.2352 mean_return=4.586 mean_len=85.0
[gat-train] update=208 samples=4160 fps=12.4 loss=-0.2862 actor=-0.3545 value=0.1038 entropy=3.5536 mean_return=4.586 mean_len=85.0
[gat-train] update=209 samples=4180 fps=12.4 loss=0.0062 actor=-0.0123 value=0.0544 entropy=3.5928 mean_return=4.586 mean_len=85.0
[gat-train] update=210 samples=4200 fps=12.4 loss=-0.4372 actor=-0.6693 value=0.2640 entropy=3.1987 mean_return=4.586 mean_len=85.0
[gat-train] update=211 samples=4220 fps=12.4 loss=-1.0382 actor=-1.2051 value=0.1986 entropy=3.1704 mean_return=4.586 mean_len=85.0
[gat-train] update=212 samples=4240 fps=12.4 loss=-1.6592 actor=-1.9546 value=0.3253 entropy=2.9863 mean_return=4.586 mean_len=85.0
[gat-train] update=213 samples=4260 fps=12.4 loss=-0.8119 actor=-0.9384 value=0.1538 entropy=2.7378 mean_return=4.586 mean_len=85.0
[gat-train] update=214 samples=4280 fps=12.3 loss=-0.9740 actor=-1.2622 value=0.3184 entropy=3.0153 mean_return=4.586 mean_len=85.0
[gat-train] update=215 samples=4300 fps=12.3 loss=-1.0997 actor=-1.4114 value=0.3377 entropy=2.6061 mean_return=4.586 mean_len=85.0
[gat-train] update=216 samples=4320 fps=12.3 loss=1.3326 actor=-0.2640 value=1.6231 entropy=2.6411 mean_return=4.585 mean_len=84.8
[gat-train] update=217 samples=4340 fps=12.3 loss=-0.7339 actor=-1.0584 value=0.3547 entropy=3.0072 mean_return=4.585 mean_len=84.8
[gat-train] update=218 samples=4360 fps=12.3 loss=-0.2728 actor=-0.5083 value=0.2594 entropy=2.3932 mean_return=4.585 mean_len=84.8
[gat-train] update=219 samples=4380 fps=12.3 loss=3.9511 actor=0.8107 value=3.1610 entropy=2.0556 mean_return=4.587 mean_len=84.7
[gat-train] update=220 samples=4400 fps=12.3 loss=-0.7649 actor=-1.6659 value=0.9266 entropy=2.5654 mean_return=4.587 mean_len=84.7
[gat-train] update=221 samples=4420 fps=12.3 loss=7.8730 actor=3.4120 value=4.4851 entropy=2.4061 mean_return=4.549 mean_len=84.3
[gat-train] update=222 samples=4440 fps=12.3 loss=0.7429 actor=0.3851 value=0.3804 entropy=2.2627 mean_return=4.549 mean_len=84.3
[gat-train] update=223 samples=4460 fps=12.3 loss=0.2854 actor=0.1787 value=0.1351 entropy=2.8348 mean_return=4.549 mean_len=84.3
[gat-train] update=224 samples=4480 fps=12.3 loss=-0.2064 actor=-0.2370 value=0.0550 entropy=2.4477 mean_return=4.549 mean_len=84.3
[gat-train] update=225 samples=4500 fps=12.2 loss=-0.2433 actor=-0.2637 value=0.0411 entropy=2.0710 mean_return=4.549 mean_len=84.3
[gat-train] update=226 samples=4520 fps=12.1 loss=-0.5501 actor=-0.6056 value=0.0823 entropy=2.6732 mean_return=4.549 mean_len=84.3
[gat-train] update=227 samples=4540 fps=12.1 loss=-0.5162 actor=-0.5718 value=0.0778 entropy=2.2319 mean_return=4.549 mean_len=84.3
[gat-train] update=228 samples=4560 fps=12.0 loss=-0.5127 actor=-0.6294 value=0.1372 entropy=2.0551 mean_return=4.549 mean_len=84.3
[gat-train] update=229 samples=4580 fps=11.9 loss=-0.4046 actor=-0.5281 value=0.1434 entropy=1.9944 mean_return=4.549 mean_len=84.3
[gat-train] update=230 samples=4600 fps=11.9 loss=-0.5828 actor=-0.8138 value=0.2495 entropy=1.8514 mean_return=4.549 mean_len=84.3
[gat-train] update=231 samples=4620 fps=11.8 loss=-0.2234 actor=-0.4345 value=0.2248 entropy=1.3726 mean_return=4.549 mean_len=84.3
[gat-train] update=232 samples=4640 fps=11.8 loss=-0.5147 actor=-0.7219 value=0.2225 entropy=1.5256 mean_return=4.549 mean_len=84.3
[gat-train] update=233 samples=4660 fps=11.7 loss=2.2429 actor=0.4478 value=1.8109 entropy=1.5863 mean_return=4.554 mean_len=84.2
[gat-train] update=234 samples=4680 fps=11.6 loss=0.1871 actor=-0.2742 value=0.4741 entropy=1.2775 mean_return=4.554 mean_len=84.2
[gat-train] update=235 samples=4700 fps=11.6 loss=-0.1410 actor=-0.4821 value=0.3576 entropy=1.6492 mean_return=4.554 mean_len=84.2
[gat-train] update=236 samples=4720 fps=11.5 loss=-0.1399 actor=-0.4591 value=0.3314 entropy=1.2205 mean_return=4.554 mean_len=84.2
[gat-train] update=237 samples=4740 fps=11.5 loss=-0.3298 actor=-0.9025 value=0.5867 entropy=1.3999 mean_return=4.554 mean_len=84.2
[gat-train] update=238 samples=4760 fps=11.5 loss=11.1023 actor=3.4984 value=7.6185 entropy=1.4542 mean_return=4.492 mean_len=84.2
[gat-train] update=239 samples=4780 fps=11.4 loss=0.3458 actor=0.1362 value=0.2181 entropy=0.8534 mean_return=4.492 mean_len=84.2
[gat-train] update=240 samples=4800 fps=11.4 loss=0.1583 actor=0.0488 value=0.1208 entropy=1.1332 mean_return=4.492 mean_len=84.2
[gat-train] update=241 samples=4820 fps=11.4 loss=0.1561 actor=0.0937 value=0.0749 entropy=1.2532 mean_return=4.492 mean_len=84.2
[gat-train] update=242 samples=4840 fps=11.3 loss=-0.0356 actor=-0.0662 value=0.0433 entropy=1.2656 mean_return=4.492 mean_len=84.2
[gat-train] update=243 samples=4860 fps=11.3 loss=-0.1254 actor=-0.1832 value=0.0717 entropy=1.3887 mean_return=4.492 mean_len=84.2
[gat-train] update=244 samples=4880 fps=11.2 loss=-0.3807 actor=-0.5667 value=0.2031 entropy=1.7152 mean_return=4.492 mean_len=84.2
[gat-train] update=245 samples=4900 fps=11.2 loss=-0.2367 actor=-0.4222 value=0.1993 entropy=1.3834 mean_return=4.492 mean_len=84.2
[gat-train] update=246 samples=4920 fps=11.1 loss=-0.4904 actor=-0.6222 value=0.1483 entropy=1.6468 mean_return=4.492 mean_len=84.2
[gat-train] update=247 samples=4940 fps=11.1 loss=-0.6574 actor=-0.8043 value=0.1677 entropy=2.0773 mean_return=4.492 mean_len=84.2
[gat-train] update=248 samples=4960 fps=11.0 loss=-0.8854 actor=-1.0588 value=0.1928 entropy=1.9339 mean_return=4.492 mean_len=84.2
[gat-train] update=249 samples=4980 fps=11.0 loss=-1.0249 actor=-1.3650 value=0.3615 entropy=2.1383 mean_return=4.492 mean_len=84.2
[gat-train] update=250 samples=5000 fps=10.9 loss=5.5686 actor=1.2173 value=4.3718 entropy=2.0482 mean_return=4.451 mean_len=84.2
[gat-train] eval update=250 comp_score=92.32 best=92.32  *NEW BEST -> PCT-best.pt*
[gat-train] update=251 samples=5020 fps=10.8 loss=-0.5744 actor=-0.9397 value=0.3851 entropy=1.9746 mean_return=4.451 mean_len=84.2
[gat-train] update=252 samples=5040 fps=10.8 loss=-0.7610 actor=-1.2011 value=0.4583 entropy=1.8279 mean_return=4.451 mean_len=84.2
[gat-train] update=253 samples=5060 fps=10.7 loss=-0.6424 actor=-1.1911 value=0.5667 entropy=1.7939 mean_return=4.451 mean_len=84.2
[gat-train] update=254 samples=5080 fps=10.7 loss=-0.5277 actor=-0.9437 value=0.4317 entropy=1.5768 mean_return=4.451 mean_len=84.2
[gat-train] update=255 samples=5100 fps=10.7 loss=11.4976 actor=3.8643 value=7.6510 entropy=1.7675 mean_return=4.496 mean_len=84.3
[gat-train] update=256 samples=5120 fps=10.6 loss=3.4246 actor=1.2235 value=2.2116 entropy=1.0464 mean_return=4.494 mean_len=84.3
[gat-train] update=257 samples=5140 fps=10.6 loss=0.5517 actor=0.3673 value=0.1956 entropy=1.1088 mean_return=4.494 mean_len=84.3
[gat-train] update=258 samples=5160 fps=10.6 loss=0.1111 actor=0.0449 value=0.0785 entropy=1.2296 mean_return=4.494 mean_len=84.3
[gat-train] update=259 samples=5180 fps=10.6 loss=-0.1797 actor=-0.2226 value=0.0581 entropy=1.5205 mean_return=4.494 mean_len=84.3
[gat-train] update=260 samples=5200 fps=10.5 loss=-0.1271 actor=-0.1310 value=0.0197 entropy=1.5839 mean_return=4.494 mean_len=84.3
[gat-train] update=261 samples=5220 fps=10.5 loss=-0.0658 actor=-0.0705 value=0.0159 entropy=1.1132 mean_return=4.494 mean_len=84.3
[gat-train] update=262 samples=5240 fps=10.5 loss=-0.4367 actor=-0.5152 value=0.0954 entropy=1.6898 mean_return=4.494 mean_len=84.3
[gat-train] update=263 samples=5260 fps=10.4 loss=-0.3261 actor=-0.4215 value=0.1128 entropy=1.7377 mean_return=4.494 mean_len=84.3
[gat-train] update=264 samples=5280 fps=10.4 loss=-0.1662 actor=-0.2634 value=0.1129 entropy=1.5692 mean_return=4.494 mean_len=84.3
[gat-train] update=265 samples=5300 fps=10.4 loss=-0.2253 actor=-0.4714 value=0.2632 entropy=1.7069 mean_return=4.494 mean_len=84.3
[gat-train] update=266 samples=5320 fps=10.3 loss=-0.7919 actor=-0.9361 value=0.1656 entropy=2.1496 mean_return=4.494 mean_len=84.3
[gat-train] update=267 samples=5340 fps=10.3 loss=4.2291 actor=1.2921 value=2.9571 entropy=2.0075 mean_return=4.554 mean_len=84.2
[gat-train] update=268 samples=5360 fps=10.2 loss=-0.4697 actor=-0.9884 value=0.5399 entropy=2.1226 mean_return=4.554 mean_len=84.2
[gat-train] update=269 samples=5380 fps=10.2 loss=-0.6800 actor=-0.9012 value=0.2505 entropy=2.9256 mean_return=4.554 mean_len=84.2
[gat-train] update=270 samples=5400 fps=10.2 loss=-0.3818 actor=-0.7471 value=0.3847 entropy=1.9433 mean_return=4.554 mean_len=84.2
[gat-train] update=271 samples=5420 fps=10.2 loss=-0.4861 actor=-0.8558 value=0.3930 entropy=2.3180 mean_return=4.554 mean_len=84.2
[gat-train] update=272 samples=5440 fps=10.1 loss=5.6544 actor=1.9101 value=3.7671 entropy=2.2838 mean_return=4.589 mean_len=84.2
[gat-train] update=273 samples=5460 fps=10.1 loss=7.6917 actor=2.6590 value=5.0537 entropy=2.1039 mean_return=4.563 mean_len=84.4
[gat-train] update=274 samples=5480 fps=10.1 loss=1.0965 actor=0.5628 value=0.5504 entropy=1.6681 mean_return=4.563 mean_len=84.4
[gat-train] update=275 samples=5500 fps=10.0 loss=4.5933 actor=0.9101 value=3.7111 entropy=2.7876 mean_return=4.546 mean_len=84.6
[gat-train] update=276 samples=5520 fps=10.0 loss=0.3514 actor=0.2489 value=0.1289 entropy=2.6353 mean_return=4.546 mean_len=84.6
[gat-train] update=277 samples=5540 fps=10.0 loss=0.0686 actor=-0.0953 value=0.1935 entropy=2.9601 mean_return=4.546 mean_len=84.6
[gat-train] update=278 samples=5560 fps=10.0 loss=0.0255 actor=-0.0961 value=0.1433 entropy=2.1586 mean_return=4.546 mean_len=84.6
[gat-train] update=279 samples=5580 fps=10.0 loss=-0.6668 actor=-0.7550 value=0.1176 entropy=2.9370 mean_return=4.546 mean_len=84.6
[gat-train] update=280 samples=5600 fps=9.9 loss=-0.7887 actor=-0.8960 value=0.1360 entropy=2.8751 mean_return=4.546 mean_len=84.6
[gat-train] update=281 samples=5620 fps=9.9 loss=-0.9809 actor=-1.1533 value=0.2042 entropy=3.1834 mean_return=4.546 mean_len=84.6
[gat-train] update=282 samples=5640 fps=9.9 loss=-1.1339 actor=-1.3376 value=0.2315 entropy=2.7772 mean_return=4.546 mean_len=84.6
[gat-train] update=283 samples=5660 fps=9.9 loss=-1.0751 actor=-1.5587 value=0.5145 entropy=3.0957 mean_return=4.546 mean_len=84.6
[gat-train] update=284 samples=5680 fps=9.8 loss=-0.8273 actor=-0.9649 value=0.1657 entropy=2.8086 mean_return=4.546 mean_len=84.6
[gat-train] update=285 samples=5700 fps=9.8 loss=2.2800 actor=-0.0546 value=2.3571 entropy=2.2472 mean_return=4.563 mean_len=84.5
[gat-train] update=286 samples=5720 fps=9.8 loss=-1.1419 actor=-1.5042 value=0.3909 entropy=2.8609 mean_return=4.563 mean_len=84.5
[gat-train] update=287 samples=5740 fps=9.7 loss=-1.0251 actor=-1.2497 value=0.2557 entropy=3.1070 mean_return=4.563 mean_len=84.5
[gat-train] update=288 samples=5760 fps=9.7 loss=-1.0880 actor=-1.5828 value=0.5245 entropy=2.9713 mean_return=4.563 mean_len=84.5
[gat-train] update=289 samples=5780 fps=9.7 loss=-0.5025 actor=-0.7875 value=0.3104 entropy=2.5374 mean_return=4.563 mean_len=84.5
[gat-train] update=290 samples=5800 fps=9.7 loss=8.6205 actor=2.3244 value=6.3216 entropy=2.5465 mean_return=4.559 mean_len=84.4
[gat-train] update=291 samples=5820 fps=9.7 loss=-0.4199 actor=-1.1156 value=0.7189 entropy=2.3236 mean_return=4.559 mean_len=84.4
[gat-train] update=292 samples=5840 fps=9.6 loss=-0.2523 actor=-0.3341 value=0.1147 entropy=3.2871 mean_return=4.559 mean_len=84.4
[gat-train] update=293 samples=5860 fps=9.6 loss=4.7886 actor=1.9511 value=2.8642 entropy=2.6697 mean_return=4.541 mean_len=84.5
[gat-train] update=294 samples=5880 fps=9.6 loss=-0.3167 actor=-0.4594 value=0.1739 entropy=3.1158 mean_return=4.541 mean_len=84.5
[gat-train] update=295 samples=5900 fps=9.6 loss=-0.5562 actor=-0.6220 value=0.0998 entropy=3.4028 mean_return=4.541 mean_len=84.5
[gat-train] update=296 samples=5920 fps=9.5 loss=-0.0237 actor=-0.2037 value=0.2064 entropy=2.6479 mean_return=4.541 mean_len=84.5
[gat-train] update=297 samples=5940 fps=9.5 loss=-0.7152 actor=-0.7990 value=0.1092 entropy=2.5505 mean_return=4.541 mean_len=84.5
[gat-train] update=298 samples=5960 fps=9.5 loss=-0.2417 actor=-0.2988 value=0.0833 entropy=2.6233 mean_return=4.541 mean_len=84.5
[gat-train] update=299 samples=5980 fps=9.5 loss=-0.5581 actor=-0.6210 value=0.0889 entropy=2.5986 mean_return=4.541 mean_len=84.5
[gat-train] update=300 samples=6000 fps=9.4 loss=5.4570 actor=0.8514 value=4.6343 entropy=2.8722 mean_return=4.720 mean_len=84.4
[gat-train] eval update=300 comp_score=89.41 best=92.32
[gat-train] update=301 samples=6020 fps=9.4 loss=-0.1897 actor=-0.5919 value=0.4215 entropy=1.9221 mean_return=4.720 mean_len=84.4
[gat-train] update=302 samples=6040 fps=9.4 loss=-1.6218 actor=-1.9100 value=0.3170 entropy=2.8857 mean_return=4.720 mean_len=84.4
[gat-train] update=303 samples=6060 fps=9.3 loss=-0.5923 actor=-0.7943 value=0.2326 entropy=3.0597 mean_return=4.720 mean_len=84.4
[gat-train] update=304 samples=6080 fps=9.3 loss=-0.6442 actor=-0.9312 value=0.3136 entropy=2.6558 mean_return=4.720 mean_len=84.4
[gat-train] update=305 samples=6100 fps=9.3 loss=-1.0767 actor=-1.6703 value=0.6189 entropy=2.5224 mean_return=4.720 mean_len=84.4
[gat-train] update=306 samples=6120 fps=9.3 loss=-0.5328 actor=-0.6387 value=0.1290 entropy=2.3200 mean_return=4.720 mean_len=84.4
[gat-train] update=307 samples=6140 fps=9.2 loss=3.2422 actor=-0.0912 value=3.3601 entropy=2.6772 mean_return=4.715 mean_len=84.4
[gat-train] update=308 samples=6160 fps=9.2 loss=0.0012 actor=-0.2476 value=0.2656 entropy=1.6743 mean_return=4.715 mean_len=84.4
[gat-train] update=309 samples=6180 fps=9.2 loss=6.1796 actor=2.0559 value=4.1497 entropy=2.5994 mean_return=4.728 mean_len=84.4
[gat-train] update=310 samples=6200 fps=9.2 loss=0.4345 actor=0.1248 value=0.3295 entropy=1.9755 mean_return=4.728 mean_len=84.4
[gat-train] update=311 samples=6220 fps=9.2 loss=0.0968 actor=-0.1453 value=0.2729 entropy=3.0833 mean_return=4.728 mean_len=84.4
[gat-train] update=312 samples=6240 fps=9.2 loss=-0.0936 actor=-0.2701 value=0.1916 entropy=1.5123 mean_return=4.728 mean_len=84.4
[gat-train] update=313 samples=6260 fps=9.2 loss=0.1488 actor=-0.0365 value=0.2037 entropy=1.8338 mean_return=4.728 mean_len=84.4
[gat-train] update=314 samples=6280 fps=9.1 loss=-0.3619 actor=-0.5118 value=0.1749 entropy=2.4987 mean_return=4.728 mean_len=84.4
[gat-train] update=315 samples=6300 fps=9.1 loss=-0.2540 actor=-0.3666 value=0.1268 entropy=1.4179 mean_return=4.728 mean_len=84.4
[gat-train] update=316 samples=6320 fps=9.1 loss=-0.6143 actor=-0.7529 value=0.1631 entropy=2.4513 mean_return=4.728 mean_len=84.4
[gat-train] update=317 samples=6340 fps=9.1 loss=3.9162 actor=0.4906 value=3.4523 entropy=2.6742 mean_return=4.720 mean_len=84.2
[gat-train] update=318 samples=6360 fps=9.1 loss=-0.4879 actor=-0.6776 value=0.2107 entropy=2.0927 mean_return=4.720 mean_len=84.2
[gat-train] update=319 samples=6380 fps=9.0 loss=-0.1499 actor=-0.3199 value=0.1866 entropy=1.6690 mean_return=4.720 mean_len=84.2
[gat-train] update=320 samples=6400 fps=9.0 loss=-0.3717 actor=-0.6921 value=0.3390 entropy=1.8568 mean_return=4.720 mean_len=84.2
[gat-train] update=321 samples=6420 fps=9.0 loss=-1.0002 actor=-1.2434 value=0.2685 entropy=2.5290 mean_return=4.720 mean_len=84.2
[gat-train] update=322 samples=6440 fps=9.0 loss=-0.8728 actor=-1.1243 value=0.2707 entropy=1.9231 mean_return=4.720 mean_len=84.2
[gat-train] update=323 samples=6460 fps=9.0 loss=-0.0835 actor=-0.4871 value=0.4186 entropy=1.4983 mean_return=4.720 mean_len=84.2
[gat-train] update=324 samples=6480 fps=9.0 loss=4.4883 actor=0.7341 value=3.7765 entropy=2.2370 mean_return=4.748 mean_len=84.0
[gat-train] update=325 samples=6500 fps=8.9 loss=-0.0346 actor=-0.2962 value=0.2814 entropy=1.9769 mean_return=4.748 mean_len=84.0
[gat-train] update=326 samples=6520 fps=8.9 loss=5.4719 actor=1.3588 value=4.1345 entropy=2.1369 mean_return=4.730 mean_len=84.0
[gat-train] update=327 samples=6540 fps=8.9 loss=7.7487 actor=1.9272 value=5.8373 entropy=1.5829 mean_return=4.720 mean_len=84.1
[gat-train] update=328 samples=6560 fps=8.9 loss=0.4111 actor=0.2266 value=0.2029 entropy=1.8372 mean_return=4.720 mean_len=84.1
[gat-train] update=329 samples=6580 fps=8.9 loss=-0.2185 actor=-0.3499 value=0.1480 entropy=1.6559 mean_return=4.720 mean_len=84.1
[gat-train] update=330 samples=6600 fps=8.9 loss=0.2305 actor=0.0795 value=0.1659 entropy=1.4878 mean_return=4.720 mean_len=84.1
[gat-train] update=331 samples=6620 fps=8.9 loss=-0.1165 actor=-0.2648 value=0.1648 entropy=1.6401 mean_return=4.720 mean_len=84.1
[gat-train] update=332 samples=6640 fps=8.8 loss=-0.7226 actor=-0.8150 value=0.1129 entropy=2.0446 mean_return=4.720 mean_len=84.1
[gat-train] update=333 samples=6660 fps=8.8 loss=-0.4066 actor=-0.5834 value=0.1933 entropy=1.6557 mean_return=4.720 mean_len=84.1
[gat-train] update=334 samples=6680 fps=8.8 loss=-0.3282 actor=-0.4425 value=0.1298 entropy=1.5518 mean_return=4.720 mean_len=84.1
[gat-train] update=335 samples=6700 fps=8.8 loss=3.9876 actor=1.0840 value=2.9176 entropy=1.4033 mean_return=4.684 mean_len=84.3
[gat-train] update=336 samples=6720 fps=8.8 loss=-0.1650 actor=-0.3855 value=0.2370 entropy=1.6497 mean_return=4.684 mean_len=84.3
[gat-train] update=337 samples=6740 fps=8.8 loss=-0.4170 actor=-0.5912 value=0.1901 entropy=1.5886 mean_return=4.684 mean_len=84.3
[gat-train] update=338 samples=6760 fps=8.8 loss=-0.2001 actor=-0.6705 value=0.4840 entropy=1.3549 mean_return=4.684 mean_len=84.3
[gat-train] update=339 samples=6780 fps=8.7 loss=-0.3200 actor=-0.5032 value=0.1979 entropy=1.4708 mean_return=4.684 mean_len=84.3
[gat-train] update=340 samples=6800 fps=8.7 loss=-0.2181 actor=-0.4697 value=0.2636 entropy=1.2019 mean_return=4.684 mean_len=84.3
[gat-train] update=341 samples=6820 fps=8.7 loss=-0.1095 actor=-0.2974 value=0.1994 entropy=1.1470 mean_return=4.684 mean_len=84.3
[gat-train] update=342 samples=6840 fps=8.7 loss=6.9727 actor=1.8150 value=5.1750 entropy=1.7407 mean_return=4.682 mean_len=84.3
[gat-train] update=343 samples=6860 fps=8.7 loss=7.8151 actor=2.1118 value=5.7176 entropy=1.4231 mean_return=4.694 mean_len=84.3
[gat-train] update=344 samples=6880 fps=8.7 loss=-0.0516 actor=-0.5150 value=0.4760 entropy=1.2617 mean_return=4.694 mean_len=84.3
[gat-train] update=345 samples=6900 fps=8.7 loss=7.5718 actor=2.2571 value=5.3284 entropy=1.3693 mean_return=4.711 mean_len=84.5
[gat-train] update=346 samples=6920 fps=8.6 loss=0.0948 actor=-0.2707 value=0.3756 entropy=1.0094 mean_return=4.711 mean_len=84.5
[gat-train] update=347 samples=6940 fps=8.6 loss=0.0343 actor=-0.0277 value=0.0761 entropy=1.4113 mean_return=4.711 mean_len=84.5
[gat-train] update=348 samples=6960 fps=8.6 loss=-0.1606 actor=-0.3642 value=0.2198 entropy=1.6113 mean_return=4.711 mean_len=84.5
[gat-train] update=349 samples=6980 fps=8.6 loss=-0.2122 actor=-0.3020 value=0.1037 entropy=1.3822 mean_return=4.711 mean_len=84.5
[gat-train] update=350 samples=7000 fps=8.6 loss=-0.2420 actor=-0.3487 value=0.1228 entropy=1.6100 mean_return=4.711 mean_len=84.5
[gat-train] eval update=350 comp_score=89.99 best=92.32
[gat-train] update=351 samples=7020 fps=8.5 loss=-0.3573 actor=-0.5559 value=0.2171 entropy=1.8584 mean_return=4.711 mean_len=84.5
[gat-train] update=352 samples=7040 fps=8.5 loss=-0.1527 actor=-0.2627 value=0.1282 entropy=1.8260 mean_return=4.711 mean_len=84.5
[gat-train] update=353 samples=7060 fps=8.5 loss=6.8207 actor=1.4509 value=5.3896 entropy=1.9810 mean_return=4.704 mean_len=84.5
[gat-train] update=354 samples=7080 fps=8.5 loss=-0.4465 actor=-0.7098 value=0.2788 entropy=1.5548 mean_return=4.704 mean_len=84.5
[gat-train] update=355 samples=7100 fps=8.5 loss=-0.3365 actor=-0.5315 value=0.2165 entropy=2.1426 mean_return=4.704 mean_len=84.5
[gat-train] update=356 samples=7120 fps=8.5 loss=-0.9839 actor=-1.3881 value=0.4255 entropy=2.1334 mean_return=4.704 mean_len=84.5
[gat-train] update=357 samples=7140 fps=8.5 loss=-0.7289 actor=-1.0455 value=0.3367 entropy=2.0052 mean_return=4.704 mean_len=84.5
[gat-train] update=358 samples=7160 fps=8.4 loss=-0.7903 actor=-1.2466 value=0.4783 entropy=2.2033 mean_return=4.704 mean_len=84.5
[gat-train] update=359 samples=7180 fps=8.4 loss=-0.4590 actor=-0.6066 value=0.1715 entropy=2.3853 mean_return=4.704 mean_len=84.5
[gat-train] update=360 samples=7200 fps=8.4 loss=5.6661 actor=1.0067 value=4.6812 entropy=2.1836 mean_return=4.704 mean_len=84.4
[gat-train] update=361 samples=7220 fps=8.4 loss=4.5516 actor=0.7997 value=3.7704 entropy=1.8429 mean_return=4.702 mean_len=84.5
[gat-train] update=362 samples=7240 fps=8.4 loss=-0.0549 actor=-0.5963 value=0.5590 entropy=1.7594 mean_return=4.702 mean_len=84.5
[gat-train] update=363 samples=7260 fps=8.4 loss=9.7409 actor=2.9876 value=6.7737 entropy=2.0414 mean_return=4.699 mean_len=84.6
[gat-train] update=364 samples=7280 fps=8.4 loss=0.4568 actor=-0.0701 value=0.5435 entropy=1.6678 mean_return=4.699 mean_len=84.6
[gat-train] update=365 samples=7300 fps=8.4 loss=-0.2316 actor=-0.4199 value=0.2081 entropy=1.9870 mean_return=4.699 mean_len=84.6
[gat-train] update=366 samples=7320 fps=8.4 loss=-0.4335 actor=-0.5593 value=0.1456 entropy=1.9929 mean_return=4.699 mean_len=84.6
[gat-train] update=367 samples=7340 fps=8.3 loss=-0.4836 actor=-0.7371 value=0.2736 entropy=2.0048 mean_return=4.699 mean_len=84.6
[gat-train] update=368 samples=7360 fps=8.3 loss=-0.4846 actor=-0.5868 value=0.1229 entropy=2.0735 mean_return=4.699 mean_len=84.6
[gat-train] update=369 samples=7380 fps=8.3 loss=2.2278 actor=0.5799 value=1.6670 entropy=1.9082 mean_return=4.700 mean_len=84.5
[gat-train] update=370 samples=7400 fps=8.3 loss=-0.3021 actor=-0.5162 value=0.2317 entropy=1.7614 mean_return=4.700 mean_len=84.5
[gat-train] update=371 samples=7420 fps=8.3 loss=-0.1305 actor=-0.2995 value=0.1885 entropy=1.9504 mean_return=4.700 mean_len=84.5
[gat-train] update=372 samples=7440 fps=8.3 loss=-0.7542 actor=-1.0892 value=0.3550 entropy=1.9994 mean_return=4.700 mean_len=84.5
[gat-train] update=373 samples=7460 fps=8.3 loss=-0.6083 actor=-0.7571 value=0.1670 entropy=1.8220 mean_return=4.700 mean_len=84.5
[gat-train] update=374 samples=7480 fps=8.3 loss=-0.6297 actor=-0.8420 value=0.2325 entropy=2.0210 mean_return=4.700 mean_len=84.5
[gat-train] update=375 samples=7500 fps=8.3 loss=-0.4159 actor=-0.7581 value=0.3592 entropy=1.6968 mean_return=4.700 mean_len=84.5
[gat-train] update=376 samples=7520 fps=8.2 loss=-0.3961 actor=-0.6645 value=0.2852 entropy=1.6828 mean_return=4.700 mean_len=84.5
[gat-train] update=377 samples=7540 fps=8.2 loss=-0.4774 actor=-0.7083 value=0.2485 entropy=1.7563 mean_return=4.700 mean_len=84.5
[gat-train] update=378 samples=7560 fps=8.2 loss=10.4153 actor=2.2426 value=8.1899 entropy=1.7096 mean_return=4.692 mean_len=84.5
[gat-train] update=379 samples=7580 fps=8.2 loss=4.8678 actor=0.9793 value=3.9010 entropy=1.2572 mean_return=4.677 mean_len=84.8
[gat-train] update=380 samples=7600 fps=8.2 loss=0.2995 actor=0.0550 value=0.2568 entropy=1.2381 mean_return=4.677 mean_len=84.8
[gat-train] update=381 samples=7620 fps=8.2 loss=6.8634 actor=1.8906 value=4.9893 entropy=1.6477 mean_return=4.653 mean_len=85.0
[gat-train] update=382 samples=7640 fps=8.2 loss=0.6154 actor=0.4230 value=0.2050 entropy=1.2678 mean_return=4.653 mean_len=85.0
[gat-train] update=383 samples=7660 fps=8.2 loss=0.0950 actor=-0.0370 value=0.1423 entropy=1.0346 mean_return=4.653 mean_len=85.0
[gat-train] update=384 samples=7680 fps=8.2 loss=-0.1868 actor=-0.3178 value=0.1475 entropy=1.6465 mean_return=4.653 mean_len=85.0
[gat-train] update=385 samples=7700 fps=8.2 loss=-0.1513 actor=-0.4227 value=0.2864 entropy=1.4998 mean_return=4.653 mean_len=85.0
[gat-train] update=386 samples=7720 fps=8.2 loss=0.0987 actor=0.0555 value=0.0581 entropy=1.4931 mean_return=4.653 mean_len=85.0
[gat-train] update=387 samples=7740 fps=8.1 loss=10.4678 actor=2.1413 value=8.3427 entropy=1.6196 mean_return=4.664 mean_len=85.1
[gat-train] update=388 samples=7760 fps=8.1 loss=0.0204 actor=-0.3872 value=0.4209 entropy=1.3281 mean_return=4.664 mean_len=85.1
[gat-train] update=389 samples=7780 fps=8.1 loss=-0.1401 actor=-0.2792 value=0.1549 entropy=1.5892 mean_return=4.664 mean_len=85.1
[gat-train] update=390 samples=7800 fps=8.1 loss=-0.2803 actor=-0.4518 value=0.1853 entropy=1.3796 mean_return=4.664 mean_len=85.1
[gat-train] update=391 samples=7820 fps=8.1 loss=-0.3183 actor=-0.5695 value=0.2647 entropy=1.3446 mean_return=4.664 mean_len=85.1
[gat-train] update=392 samples=7840 fps=8.1 loss=-0.2048 actor=-0.4565 value=0.2673 entropy=1.5561 mean_return=4.664 mean_len=85.1
[gat-train] update=393 samples=7860 fps=8.1 loss=-0.3419 actor=-0.5239 value=0.1978 entropy=1.5787 mean_return=4.664 mean_len=85.1
[gat-train] update=394 samples=7880 fps=8.1 loss=-0.5291 actor=-0.9268 value=0.4138 entropy=1.6092 mean_return=4.664 mean_len=85.1
[gat-train] update=395 samples=7900 fps=8.1 loss=-0.5362 actor=-1.0468 value=0.5246 entropy=1.3970 mean_return=4.664 mean_len=85.1
[gat-train] update=396 samples=7920 fps=8.1 loss=16.8833 actor=3.6078 value=13.2950 entropy=1.9433 mean_return=4.666 mean_len=85.2
[gat-train] update=397 samples=7940 fps=8.1 loss=0.5518 actor=0.0276 value=0.5360 entropy=1.1890 mean_return=4.666 mean_len=85.2
[gat-train] update=398 samples=7960 fps=8.0 loss=0.2316 actor=-0.1073 value=0.3515 entropy=1.2612 mean_return=4.666 mean_len=85.2
[gat-train] update=399 samples=7980 fps=8.0 loss=-0.0566 actor=-0.1552 value=0.1108 entropy=1.2170 mean_return=4.666 mean_len=85.2
[gat-train] update=400 samples=8000 fps=8.0 loss=3.1775 actor=0.9978 value=2.1926 entropy=1.2950 mean_return=4.676 mean_len=85.5
[gat-train] eval update=400 comp_score=86.19 best=92.32
[gat-train] update=401 samples=8020 fps=8.0 loss=-0.0349 actor=-0.3437 value=0.3216 entropy=1.2705 mean_return=4.676 mean_len=85.5
[gat-train] update=402 samples=8040 fps=8.0 loss=0.1528 actor=0.0533 value=0.1159 entropy=1.6390 mean_return=4.676 mean_len=85.5
[gat-train] update=403 samples=8060 fps=8.0 loss=-0.1880 actor=-0.5141 value=0.3398 entropy=1.3624 mean_return=4.676 mean_len=85.5
[gat-train] update=404 samples=8080 fps=8.0 loss=-0.2004 actor=-0.3138 value=0.1265 entropy=1.3044 mean_return=4.676 mean_len=85.5
[gat-train] update=405 samples=8100 fps=8.0 loss=4.7065 actor=1.0797 value=3.6422 entropy=1.5386 mean_return=4.711 mean_len=85.6
[gat-train] update=406 samples=8120 fps=8.0 loss=0.0216 actor=-0.1708 value=0.2051 entropy=1.2708 mean_return=4.711 mean_len=85.6
[gat-train] update=407 samples=8140 fps=8.0 loss=-0.2501 actor=-0.6825 value=0.4485 entropy=1.6155 mean_return=4.711 mean_len=85.6
[gat-train] update=408 samples=8160 fps=7.9 loss=-0.3497 actor=-0.4376 value=0.1022 entropy=1.4361 mean_return=4.711 mean_len=85.6
[gat-train] update=409 samples=8180 fps=7.9 loss=-0.3149 actor=-0.5283 value=0.2290 entropy=1.5652 mean_return=4.711 mean_len=85.6
[gat-train] update=410 samples=8200 fps=7.9 loss=-0.5097 actor=-0.8059 value=0.3145 entropy=1.8269 mean_return=4.711 mean_len=85.6
[gat-train] update=411 samples=8220 fps=7.9 loss=-0.4334 actor=-0.9043 value=0.4880 entropy=1.7079 mean_return=4.711 mean_len=85.6
[gat-train] update=412 samples=8240 fps=7.9 loss=-0.3853 actor=-0.7101 value=0.3410 entropy=1.6218 mean_return=4.711 mean_len=85.6
[gat-train] update=413 samples=8260 fps=7.9 loss=-0.4473 actor=-0.6723 value=0.2418 entropy=1.6836 mean_return=4.711 mean_len=85.6
[gat-train] update=414 samples=8280 fps=7.9 loss=13.2836 actor=3.4134 value=9.8879 entropy=1.7623 mean_return=4.731 mean_len=85.9
[gat-train] update=415 samples=8300 fps=7.9 loss=0.2041 actor=0.0272 value=0.1913 entropy=1.4398 mean_return=4.731 mean_len=85.9
[gat-train] update=416 samples=8320 fps=7.9 loss=-0.2221 actor=-0.5669 value=0.3597 entropy=1.4885 mean_return=4.731 mean_len=85.9
[gat-train] update=417 samples=8340 fps=7.9 loss=-0.0099 actor=-0.2410 value=0.2457 entropy=1.4593 mean_return=4.731 mean_len=85.9
[gat-train] update=418 samples=8360 fps=7.9 loss=-0.0652 actor=-0.2006 value=0.1472 entropy=1.1765 mean_return=4.731 mean_len=85.9
[gat-train] update=419 samples=8380 fps=7.9 loss=4.8712 actor=0.7144 value=4.1712 entropy=1.4371 mean_return=4.753 mean_len=86.5
[gat-train] update=420 samples=8400 fps=7.9 loss=0.1388 actor=-0.1989 value=0.3476 entropy=0.9880 mean_return=4.753 mean_len=86.5
[gat-train] update=421 samples=8420 fps=7.8 loss=0.3753 actor=0.1100 value=0.2787 entropy=1.3418 mean_return=4.753 mean_len=86.5
[gat-train] update=422 samples=8440 fps=7.8 loss=0.2572 actor=0.1295 value=0.1424 entropy=1.4625 mean_return=4.753 mean_len=86.5
[gat-train] update=423 samples=8460 fps=7.8 loss=3.5385 actor=0.9489 value=2.6036 entropy=1.4108 mean_return=4.726 mean_len=86.7
[gat-train] update=424 samples=8480 fps=7.8 loss=-0.1696 actor=-0.4904 value=0.3329 entropy=1.2180 mean_return=4.726 mean_len=86.7
[gat-train] update=425 samples=8500 fps=7.8 loss=-0.1217 actor=-0.3379 value=0.2307 entropy=1.4429 mean_return=4.726 mean_len=86.7
[gat-train] update=426 samples=8520 fps=7.8 loss=-0.0911 actor=-0.2952 value=0.2201 entropy=1.5991 mean_return=4.726 mean_len=86.7
[gat-train] update=427 samples=8540 fps=7.8 loss=-0.2441 actor=-0.6198 value=0.3915 entropy=1.5825 mean_return=4.726 mean_len=86.7
[gat-train] update=428 samples=8560 fps=7.8 loss=-0.1731 actor=-0.3616 value=0.2057 entropy=1.7167 mean_return=4.726 mean_len=86.7
[gat-train] update=429 samples=8580 fps=7.8 loss=-0.5122 actor=-0.8299 value=0.3340 entropy=1.6327 mean_return=4.726 mean_len=86.7
[gat-train] update=430 samples=8600 fps=7.8 loss=10.4469 actor=2.5729 value=7.8900 entropy=1.5994 mean_return=4.764 mean_len=86.8
[gat-train] update=431 samples=8620 fps=7.8 loss=0.2215 actor=-0.4685 value=0.7049 entropy=1.4907 mean_return=4.764 mean_len=86.8
[gat-train] update=432 samples=8640 fps=7.8 loss=-0.2939 actor=-0.6637 value=0.3865 entropy=1.6678 mean_return=4.764 mean_len=86.8
[gat-train] update=433 samples=8660 fps=7.8 loss=7.3890 actor=2.1970 value=5.2074 entropy=1.5335 mean_return=4.766 mean_len=87.2
[gat-train] update=434 samples=8680 fps=7.8 loss=-0.1627 actor=-0.3317 value=0.1834 entropy=1.4395 mean_return=4.766 mean_len=87.2
[gat-train] update=435 samples=8700 fps=7.8 loss=-0.4441 actor=-0.6652 value=0.2367 entropy=1.5591 mean_return=4.766 mean_len=87.2
[gat-train] update=436 samples=8720 fps=7.7 loss=-0.1140 actor=-0.4090 value=0.3110 entropy=1.6090 mean_return=4.766 mean_len=87.2
[gat-train] update=437 samples=8740 fps=7.7 loss=11.7319 actor=2.7604 value=8.9881 entropy=1.6511 mean_return=4.761 mean_len=87.4
[gat-train] update=438 samples=8760 fps=7.7 loss=-0.0607 actor=-1.4091 value=1.3635 entropy=1.5095 mean_return=4.761 mean_len=87.4
[gat-train] update=439 samples=8780 fps=7.7 loss=-0.1653 actor=-0.3674 value=0.2163 entropy=1.4237 mean_return=4.761 mean_len=87.4
[gat-train] update=440 samples=8800 fps=7.7 loss=-0.1171 actor=-0.2254 value=0.1254 entropy=1.7094 mean_return=4.761 mean_len=87.4
[gat-train] update=441 samples=8820 fps=7.7 loss=3.8593 actor=1.0657 value=2.8098 entropy=1.6155 mean_return=4.764 mean_len=87.8
[gat-train] update=442 samples=8840 fps=7.7 loss=-0.0614 actor=-0.3147 value=0.2734 entropy=2.0069 mean_return=4.764 mean_len=87.8
[gat-train] update=443 samples=8860 fps=7.7 loss=0.3341 actor=0.1696 value=0.1873 entropy=2.2877 mean_return=4.764 mean_len=87.8
[gat-train] update=444 samples=8880 fps=7.7 loss=-0.4179 actor=-0.6308 value=0.2360 entropy=2.3208 mean_return=4.764 mean_len=87.8
[gat-train] update=445 samples=8900 fps=7.7 loss=-0.6558 actor=-1.0746 value=0.4402 entropy=2.1411 mean_return=4.764 mean_len=87.8
[gat-train] update=446 samples=8920 fps=7.7 loss=-0.2966 actor=-0.5566 value=0.2864 entropy=2.6442 mean_return=4.764 mean_len=87.8
[gat-train] update=447 samples=8940 fps=7.7 loss=7.7584 actor=1.2661 value=6.5175 entropy=2.5219 mean_return=4.762 mean_len=88.0
[gat-train] update=448 samples=8960 fps=7.7 loss=-0.4600 actor=-0.7906 value=0.3556 entropy=2.4959 mean_return=4.762 mean_len=88.0
[gat-train] update=449 samples=8980 fps=7.7 loss=0.3947 actor=0.2081 value=0.2142 entropy=2.7583 mean_return=4.762 mean_len=88.0
[gat-train] update=450 samples=9000 fps=7.7 loss=-0.8385 actor=-1.1728 value=0.3606 entropy=2.6322 mean_return=4.762 mean_len=88.0
[gat-train] eval update=450 comp_score=87.50 best=92.32
[gat-train] update=451 samples=9020 fps=7.6 loss=7.2247 actor=1.9426 value=5.3091 entropy=2.7001 mean_return=4.766 mean_len=88.1
[gat-train] update=452 samples=9040 fps=7.6 loss=-0.0356 actor=-0.2216 value=0.2151 entropy=2.9125 mean_return=4.766 mean_len=88.1
[gat-train] update=453 samples=9060 fps=7.6 loss=-0.2870 actor=-0.7444 value=0.4882 entropy=3.0814 mean_return=4.766 mean_len=88.1
[gat-train] update=454 samples=9080 fps=7.6 loss=0.1875 actor=0.0532 value=0.1645 entropy=3.0180 mean_return=4.766 mean_len=88.1
[gat-train] update=455 samples=9100 fps=7.6 loss=2.9526 actor=-0.4555 value=3.4377 entropy=2.9567 mean_return=4.758 mean_len=88.2
[gat-train] update=456 samples=9120 fps=7.6 loss=-0.3462 actor=-0.4294 value=0.1149 entropy=3.1796 mean_return=4.758 mean_len=88.2
[gat-train] update=457 samples=9140 fps=7.6 loss=-0.2955 actor=-0.3875 value=0.1224 entropy=3.0403 mean_return=4.758 mean_len=88.2
[gat-train] update=458 samples=9160 fps=7.6 loss=3.6513 actor=0.3786 value=3.3052 entropy=3.2513 mean_return=4.754 mean_len=88.2
[gat-train] update=459 samples=9180 fps=7.6 loss=-0.9318 actor=-1.1985 value=0.3027 entropy=3.5964 mean_return=4.754 mean_len=88.2
[gat-train] update=460 samples=9200 fps=7.6 loss=-0.8203 actor=-1.0349 value=0.2510 entropy=3.6372 mean_return=4.754 mean_len=88.2
[gat-train] update=461 samples=9220 fps=7.6 loss=-0.4627 actor=-0.7013 value=0.2750 entropy=3.6350 mean_return=4.754 mean_len=88.2
[gat-train] update=462 samples=9240 fps=7.6 loss=-0.9978 actor=-1.1780 value=0.2159 entropy=3.5745 mean_return=4.754 mean_len=88.2
[gat-train] update=463 samples=9260 fps=7.6 loss=6.2888 actor=1.1499 value=5.1729 entropy=3.4083 mean_return=4.781 mean_len=87.9
[gat-train] update=464 samples=9280 fps=7.6 loss=-1.3280 actor=-1.7319 value=0.4399 entropy=3.5955 mean_return=4.781 mean_len=87.9
[gat-train] update=465 samples=9300 fps=7.6 loss=-0.5918 actor=-0.9649 value=0.4107 entropy=3.7591 mean_return=4.781 mean_len=87.9
[gat-train] update=466 samples=9320 fps=7.6 loss=-1.0397 actor=-1.1916 value=0.1873 entropy=3.5421 mean_return=4.781 mean_len=87.9
[gat-train] update=467 samples=9340 fps=7.6 loss=5.7671 actor=0.7085 value=5.0897 entropy=3.1092 mean_return=4.805 mean_len=87.8
[gat-train] update=468 samples=9360 fps=7.6 loss=-0.5847 actor=-0.7018 value=0.1485 entropy=3.1381 mean_return=4.805 mean_len=87.8
[gat-train] update=469 samples=9380 fps=7.6 loss=5.5042 actor=0.9850 value=4.5501 entropy=3.0824 mean_return=4.792 mean_len=87.5
[gat-train] update=470 samples=9400 fps=7.5 loss=0.5532 actor=0.4352 value=0.1510 entropy=3.2985 mean_return=4.792 mean_len=87.5
[gat-train] update=471 samples=9420 fps=7.5 loss=0.0300 actor=-0.1246 value=0.1875 entropy=3.2973 mean_return=4.792 mean_len=87.5
[gat-train] update=472 samples=9440 fps=7.5 loss=-0.9361 actor=-1.1472 value=0.2427 entropy=3.1627 mean_return=4.792 mean_len=87.5
[gat-train] update=473 samples=9460 fps=7.5 loss=4.0538 actor=0.5137 value=3.5743 entropy=3.4269 mean_return=4.748 mean_len=87.2
[gat-train] update=474 samples=9480 fps=7.5 loss=-0.3595 actor=-0.7042 value=0.3794 entropy=3.4660 mean_return=4.748 mean_len=87.2
[gat-train] update=475 samples=9500 fps=7.5 loss=-1.0329 actor=-1.3722 value=0.3749 entropy=3.5649 mean_return=4.748 mean_len=87.2
[gat-train] update=476 samples=9520 fps=7.5 loss=-0.3915 actor=-0.5407 value=0.1829 entropy=3.3753 mean_return=4.748 mean_len=87.2
[gat-train] update=477 samples=9540 fps=7.5 loss=-0.6624 actor=-1.3470 value=0.7160 entropy=3.1468 mean_return=4.748 mean_len=87.2
[gat-train] update=478 samples=9560 fps=7.5 loss=9.6053 actor=0.6418 value=8.9964 entropy=3.2905 mean_return=4.718 mean_len=87.0
[gat-train] update=479 samples=9580 fps=7.5 loss=0.0377 actor=-0.0695 value=0.1428 entropy=3.5587 mean_return=4.718 mean_len=87.0
[gat-train] update=480 samples=9600 fps=7.5 loss=0.3704 actor=0.1920 value=0.2134 entropy=3.4956 mean_return=4.718 mean_len=87.0
[gat-train] update=481 samples=9620 fps=7.5 loss=0.6439 actor=0.3363 value=0.3404 entropy=3.2836 mean_return=4.718 mean_len=87.0
[gat-train] update=482 samples=9640 fps=7.5 loss=3.8995 actor=0.5394 value=3.3907 entropy=3.0569 mean_return=4.662 mean_len=86.7
[gat-train] update=483 samples=9660 fps=7.5 loss=-0.3831 actor=-0.6011 value=0.2478 entropy=2.9888 mean_return=4.662 mean_len=86.7
[gat-train] update=484 samples=9680 fps=7.5 loss=7.4472 actor=1.1757 value=6.3009 entropy=2.9371 mean_return=4.633 mean_len=86.5
[gat-train] update=485 samples=9700 fps=7.5 loss=8.3821 actor=2.3058 value=6.1080 entropy=3.1657 mean_return=4.646 mean_len=86.0
[gat-train] update=486 samples=9720 fps=7.5 loss=-0.0711 actor=-0.1496 value=0.1135 entropy=3.4980 mean_return=4.646 mean_len=86.0
[gat-train] update=487 samples=9740 fps=7.5 loss=0.5241 actor=0.4248 value=0.1355 entropy=3.6139 mean_return=4.646 mean_len=86.0
[gat-train] update=488 samples=9760 fps=7.5 loss=-0.3650 actor=-0.6777 value=0.3470 entropy=3.4219 mean_return=4.646 mean_len=86.0
[gat-train] update=489 samples=9780 fps=7.5 loss=-0.7717 actor=-0.9258 value=0.1895 entropy=3.5422 mean_return=4.646 mean_len=86.0
[gat-train] update=490 samples=9800 fps=7.5 loss=-0.9978 actor=-1.2160 value=0.2542 entropy=3.5931 mean_return=4.646 mean_len=86.0
[gat-train] update=491 samples=9820 fps=7.5 loss=-0.8965 actor=-1.0874 value=0.2271 entropy=3.6271 mean_return=4.646 mean_len=86.0
[gat-train] update=492 samples=9840 fps=7.5 loss=-1.5635 actor=-1.9265 value=0.3970 entropy=3.4045 mean_return=4.646 mean_len=86.0
[gat-train] update=493 samples=9860 fps=7.4 loss=14.0715 actor=3.5987 value=10.5060 entropy=3.3224 mean_return=4.638 mean_len=85.6
[gat-train] update=494 samples=9880 fps=7.4 loss=-0.6471 actor=-1.2577 value=0.6437 entropy=3.2995 mean_return=4.638 mean_len=85.6
[gat-train] update=495 samples=9900 fps=7.4 loss=-0.9014 actor=-1.2789 value=0.4121 entropy=3.4549 mean_return=4.638 mean_len=85.6
[gat-train] update=496 samples=9920 fps=7.4 loss=-0.3684 actor=-0.9084 value=0.5743 entropy=3.4355 mean_return=4.638 mean_len=85.6
[gat-train] update=497 samples=9940 fps=7.4 loss=-0.3223 actor=-0.8223 value=0.5303 entropy=3.0227 mean_return=4.638 mean_len=85.6
[gat-train] update=498 samples=9960 fps=7.4 loss=9.2847 actor=2.9426 value=6.3703 entropy=2.8191 mean_return=4.622 mean_len=85.4
[gat-train] update=499 samples=9980 fps=7.4 loss=-0.3984 actor=-0.9933 value=0.6194 entropy=2.4534 mean_return=4.622 mean_len=85.4
[gat-train] update=500 samples=10000 fps=7.4 loss=23.3189 actor=6.7887 value=16.5574 entropy=2.7251 mean_return=4.607 mean_len=85.1
[gat-train] eval update=500 comp_score=87.50 best=92.32
[gat-train] update=501 samples=10020 fps=7.4 loss=0.6186 actor=-0.2715 value=0.9142 entropy=2.4122 mean_return=4.607 mean_len=85.1
[gat-train] update=502 samples=10040 fps=7.4 loss=0.0461 actor=-0.2140 value=0.2882 entropy=2.8189 mean_return=4.607 mean_len=85.1
[gat-train] update=503 samples=10060 fps=7.4 loss=0.3541 actor=0.3096 value=0.0753 entropy=3.0837 mean_return=4.607 mean_len=85.1
[gat-train] update=504 samples=10080 fps=7.4 loss=-0.6294 actor=-0.8751 value=0.2725 entropy=2.6789 mean_return=4.607 mean_len=85.1
[gat-train] update=505 samples=10100 fps=7.4 loss=-0.5369 actor=-0.6716 value=0.1636 entropy=2.8920 mean_return=4.607 mean_len=85.1
[gat-train] update=506 samples=10120 fps=7.4 loss=-0.4746 actor=-0.5403 value=0.0926 entropy=2.6850 mean_return=4.607 mean_len=85.1
[gat-train] update=507 samples=10140 fps=7.4 loss=-0.5779 actor=-1.0455 value=0.4935 entropy=2.5836 mean_return=4.607 mean_len=85.1
[gat-train] update=508 samples=10160 fps=7.4 loss=-0.1936 actor=-0.3451 value=0.1793 entropy=2.7772 mean_return=4.607 mean_len=85.1
[gat-train] update=509 samples=10180 fps=7.4 loss=4.1201 actor=0.4672 value=3.6799 entropy=2.7085 mean_return=4.594 mean_len=84.9
[gat-train] update=510 samples=10200 fps=7.4 loss=-1.0049 actor=-1.4994 value=0.5225 entropy=2.7928 mean_return=4.594 mean_len=84.9
[gat-train] update=511 samples=10220 fps=7.4 loss=-0.6837 actor=-1.1163 value=0.4583 entropy=2.5665 mean_return=4.594 mean_len=84.9
[gat-train] update=512 samples=10240 fps=7.3 loss=16.5105 actor=4.1126 value=12.4261 entropy=2.8191 mean_return=4.592 mean_len=84.8
[gat-train] update=513 samples=10260 fps=7.3 loss=-0.3061 actor=-1.5842 value=1.3030 entropy=2.4915 mean_return=4.592 mean_len=84.8
[gat-train] update=514 samples=10280 fps=7.3 loss=1.2625 actor=0.7825 value=0.5099 entropy=2.9905 mean_return=4.592 mean_len=84.8
[gat-train] update=515 samples=10300 fps=7.3 loss=0.4177 actor=0.2128 value=0.2317 entropy=2.6776 mean_return=4.592 mean_len=84.8
[gat-train] update=516 samples=10320 fps=7.3 loss=4.3925 actor=0.4136 value=4.0015 entropy=2.2684 mean_return=4.585 mean_len=84.6
[gat-train] update=517 samples=10340 fps=7.3 loss=18.2338 actor=4.8505 value=13.4070 entropy=2.3761 mean_return=4.560 mean_len=84.8
[gat-train] update=518 samples=10360 fps=7.3 loss=-0.0994 actor=-1.1759 value=1.0995 entropy=2.2962 mean_return=4.560 mean_len=84.8
[gat-train] update=519 samples=10380 fps=7.3 loss=-0.1026 actor=-0.1734 value=0.0952 entropy=2.4480 mean_return=4.560 mean_len=84.8
[gat-train] update=520 samples=10400 fps=7.3 loss=-0.0269 actor=-0.1227 value=0.1218 entropy=2.5985 mean_return=4.560 mean_len=84.8
[gat-train] update=521 samples=10420 fps=7.3 loss=-0.7131 actor=-0.9388 value=0.2516 entropy=2.5916 mean_return=4.560 mean_len=84.8
[gat-train] update=522 samples=10440 fps=7.3 loss=-0.8754 actor=-1.0084 value=0.1585 entropy=2.5479 mean_return=4.560 mean_len=84.8
[gat-train] update=523 samples=10460 fps=7.3 loss=-0.8635 actor=-1.2855 value=0.4488 entropy=2.6748 mean_return=4.560 mean_len=84.8
[gat-train] update=524 samples=10480 fps=7.3 loss=-0.3944 actor=-0.5817 value=0.2122 entropy=2.4968 mean_return=4.560 mean_len=84.8
[gat-train] update=525 samples=10500 fps=7.3 loss=7.6408 actor=1.8049 value=5.8613 entropy=2.5306 mean_return=4.579 mean_len=84.5
[gat-train] update=526 samples=10520 fps=7.3 loss=-0.2322 actor=-0.4307 value=0.2228 entropy=2.4343 mean_return=4.579 mean_len=84.5
[gat-train] update=527 samples=10540 fps=7.3 loss=-0.5701 actor=-1.0345 value=0.4910 entropy=2.6554 mean_return=4.579 mean_len=84.5
[gat-train] update=528 samples=10560 fps=7.3 loss=0.5029 actor=0.2329 value=0.2976 entropy=2.7527 mean_return=4.579 mean_len=84.5
[gat-train] update=529 samples=10580 fps=7.3 loss=13.3769 actor=1.9908 value=11.4126 entropy=2.6539 mean_return=4.585 mean_len=84.6
[gat-train] update=530 samples=10600 fps=7.3 loss=-0.8228 actor=-1.3117 value=0.5158 entropy=2.6906 mean_return=4.585 mean_len=84.6
[gat-train] update=531 samples=10620 fps=7.3 loss=0.3938 actor=-0.1888 value=0.6110 entropy=2.8444 mean_return=4.585 mean_len=84.6
[gat-train] update=532 samples=10640 fps=7.3 loss=20.4477 actor=5.6207 value=14.8520 entropy=2.4999 mean_return=4.567 mean_len=84.5
[gat-train] update=533 samples=10660 fps=7.3 loss=0.9456 actor=0.0019 value=0.9692 entropy=2.5514 mean_return=4.567 mean_len=84.5
[gat-train] update=534 samples=10680 fps=7.3 loss=15.6206 actor=3.6617 value=11.9837 entropy=2.4736 mean_return=4.588 mean_len=84.5
[gat-train] update=535 samples=10700 fps=7.3 loss=0.1956 actor=-0.0657 value=0.2872 entropy=2.5840 mean_return=4.588 mean_len=84.5
[gat-train] update=536 samples=10720 fps=7.3 loss=0.1729 actor=-0.0357 value=0.2375 entropy=2.8982 mean_return=4.588 mean_len=84.5
[gat-train] update=537 samples=10740 fps=7.3 loss=-0.8310 actor=-0.9169 value=0.1162 entropy=3.0397 mean_return=4.588 mean_len=84.5
[gat-train] update=538 samples=10760 fps=7.3 loss=-0.7745 actor=-0.8806 value=0.1355 entropy=2.9366 mean_return=4.588 mean_len=84.5
[gat-train] update=539 samples=10780 fps=7.3 loss=-0.8303 actor=-1.1383 value=0.3370 entropy=2.9131 mean_return=4.588 mean_len=84.5
[gat-train] update=540 samples=10800 fps=7.3 loss=-0.5202 actor=-0.6228 value=0.1323 entropy=2.9765 mean_return=4.588 mean_len=84.5
[gat-train] update=541 samples=10820 fps=7.3 loss=-0.1071 actor=-0.4392 value=0.3635 entropy=3.1423 mean_return=4.588 mean_len=84.5
[gat-train] update=542 samples=10840 fps=7.3 loss=4.1071 actor=0.4224 value=3.7128 entropy=2.8202 mean_return=4.600 mean_len=84.3
[gat-train] update=543 samples=10860 fps=7.2 loss=-0.6239 actor=-1.0357 value=0.4409 entropy=2.9131 mean_return=4.600 mean_len=84.3
[gat-train] update=544 samples=10880 fps=7.2 loss=-0.5556 actor=-0.9479 value=0.4220 entropy=2.9702 mean_return=4.600 mean_len=84.3
[gat-train] update=545 samples=10900 fps=7.2 loss=-0.8786 actor=-1.1722 value=0.3208 entropy=2.7109 mean_return=4.600 mean_len=84.3
[gat-train] update=546 samples=10920 fps=7.2 loss=15.9532 actor=3.9232 value=12.0573 entropy=2.7203 mean_return=4.600 mean_len=84.2
[gat-train] update=547 samples=10940 fps=7.2 loss=0.8634 actor=0.1284 value=0.7589 entropy=2.3937 mean_return=4.600 mean_len=84.2
[gat-train] update=548 samples=10960 fps=7.2 loss=-0.2368 actor=-0.6493 value=0.4372 entropy=2.4663 mean_return=4.600 mean_len=84.2
[gat-train] update=549 samples=10980 fps=7.2 loss=8.5499 actor=2.0411 value=6.5318 entropy=2.3032 mean_return=4.595 mean_len=84.1
[gat-train] update=550 samples=11000 fps=7.2 loss=-0.5922 actor=-1.0017 value=0.4339 entropy=2.4396 mean_return=4.595 mean_len=84.1
[gat-train] eval update=550 comp_score=91.59 best=92.32
[gat-train] update=551 samples=11020 fps=7.2 loss=-0.3202 actor=-0.5490 value=0.2540 entropy=2.5217 mean_return=4.595 mean_len=84.1
[gat-train] update=552 samples=11040 fps=7.2 loss=18.7084 actor=4.3455 value=14.3884 entropy=2.5488 mean_return=4.579 mean_len=84.1
[gat-train] update=553 samples=11060 fps=7.2 loss=-0.3443 actor=-0.8951 value=0.5720 entropy=2.1177 mean_return=4.579 mean_len=84.1
[gat-train] update=554 samples=11080 fps=7.2 loss=-0.1734 actor=-0.3881 value=0.2384 entropy=2.3702 mean_return=4.579 mean_len=84.1
[gat-train] update=555 samples=11100 fps=7.2 loss=-1.2718 actor=-1.7304 value=0.4858 entropy=2.7185 mean_return=4.579 mean_len=84.1
[gat-train] update=556 samples=11120 fps=7.2 loss=-0.5479 actor=-0.6448 value=0.1222 entropy=2.5373 mean_return=4.579 mean_len=84.1
[gat-train] update=557 samples=11140 fps=7.2 loss=0.0914 actor=-0.0481 value=0.1630 entropy=2.3424 mean_return=4.579 mean_len=84.1
[gat-train] update=558 samples=11160 fps=7.2 loss=7.7653 actor=1.2648 value=6.5273 entropy=2.6799 mean_return=4.571 mean_len=83.9
[gat-train] update=559 samples=11180 fps=7.2 loss=-0.4337 actor=-0.7330 value=0.3227 entropy=2.3385 mean_return=4.571 mean_len=83.9
[gat-train] update=560 samples=11200 fps=7.2 loss=-0.0026 actor=-0.1620 value=0.1823 entropy=2.2849 mean_return=4.571 mean_len=83.9
[gat-train] update=561 samples=11220 fps=7.2 loss=-0.3307 actor=-0.3991 value=0.0946 entropy=2.6175 mean_return=4.571 mean_len=83.9
[gat-train] update=562 samples=11240 fps=7.2 loss=11.1964 actor=2.2587 value=8.9622 entropy=2.4484 mean_return=4.583 mean_len=83.7
[gat-train] update=563 samples=11260 fps=7.2 loss=-0.2637 actor=-0.5407 value=0.2995 entropy=2.2422 mean_return=4.583 mean_len=83.7
[gat-train] update=564 samples=11280 fps=7.2 loss=0.0958 actor=-0.6902 value=0.8122 entropy=2.6241 mean_return=4.583 mean_len=83.7
[gat-train] update=565 samples=11300 fps=7.2 loss=-0.2675 actor=-1.0740 value=0.8312 entropy=2.4671 mean_return=4.583 mean_len=83.7
[gat-train] update=566 samples=11320 fps=7.2 loss=-0.5838 actor=-0.9095 value=0.3493 entropy=2.3698 mean_return=4.583 mean_len=83.7
[gat-train] update=567 samples=11340 fps=7.2 loss=8.6286 actor=1.1987 value=7.4538 entropy=2.3903 mean_return=4.599 mean_len=83.8
[gat-train] update=568 samples=11360 fps=7.2 loss=-0.2130 actor=-0.4782 value=0.2877 entropy=2.2547 mean_return=4.599 mean_len=83.8
[gat-train] update=569 samples=11380 fps=7.2 loss=0.1250 actor=-0.1812 value=0.3306 entropy=2.4403 mean_return=4.599 mean_len=83.8
[gat-train] update=570 samples=11400 fps=7.1 loss=5.1045 actor=1.3149 value=3.8123 entropy=2.2648 mean_return=4.616 mean_len=83.7
[gat-train] update=571 samples=11420 fps=7.1 loss=-1.0502 actor=-1.7591 value=0.7296 entropy=2.0722 mean_return=4.616 mean_len=83.7
[gat-train] update=572 samples=11440 fps=7.1 loss=-0.6784 actor=-1.3100 value=0.6562 entropy=2.4573 mean_return=4.616 mean_len=83.7
[gat-train] update=573 samples=11460 fps=7.1 loss=-0.3839 actor=-0.6572 value=0.2995 entropy=2.6300 mean_return=4.616 mean_len=83.7
[gat-train] update=574 samples=11480 fps=7.1 loss=0.1189 actor=-0.1965 value=0.3418 entropy=2.6349 mean_return=4.616 mean_len=83.7
[gat-train] update=575 samples=11500 fps=7.1 loss=-0.1548 actor=-0.5154 value=0.3874 entropy=2.6770 mean_return=4.616 mean_len=83.7
[gat-train] update=576 samples=11520 fps=7.1 loss=16.4860 actor=3.1425 value=13.3693 entropy=2.5810 mean_return=4.643 mean_len=83.7
[gat-train] update=577 samples=11540 fps=7.1 loss=0.5923 actor=0.1622 value=0.4525 entropy=2.2418 mean_return=4.643 mean_len=83.7
[gat-train] update=578 samples=11560 fps=7.1 loss=-0.4249 actor=-0.8671 value=0.4638 entropy=2.1521 mean_return=4.643 mean_len=83.7
[gat-train] update=579 samples=11580 fps=7.1 loss=18.0708 actor=4.7672 value=13.3275 entropy=2.3950 mean_return=4.641 mean_len=83.9
[gat-train] update=580 samples=11600 fps=7.1 loss=-0.1725 actor=-0.5934 value=0.4397 entropy=1.8815 mean_return=4.641 mean_len=83.9
[gat-train] update=581 samples=11620 fps=7.1 loss=-0.2989 actor=-0.6357 value=0.3552 entropy=1.8384 mean_return=4.641 mean_len=83.9
[gat-train] update=582 samples=11640 fps=7.1 loss=0.0646 actor=-0.1835 value=0.2687 entropy=2.0548 mean_return=4.641 mean_len=83.9
[gat-train] update=583 samples=11660 fps=7.1 loss=-0.4007 actor=-0.5629 value=0.1823 entropy=2.0089 mean_return=4.641 mean_len=83.9
[gat-train] update=584 samples=11680 fps=7.1 loss=8.1612 actor=1.0328 value=7.1478 entropy=1.9391 mean_return=4.648 mean_len=83.8
[gat-train] update=585 samples=11700 fps=7.1 loss=-0.5201 actor=-0.7483 value=0.2468 entropy=1.8603 mean_return=4.648 mean_len=83.8
[gat-train] update=586 samples=11720 fps=7.1 loss=0.5606 actor=0.3263 value=0.2560 entropy=2.1665 mean_return=4.648 mean_len=83.8
[gat-train] update=587 samples=11740 fps=7.1 loss=-0.5375 actor=-0.8246 value=0.3068 entropy=1.9711 mean_return=4.648 mean_len=83.8
[gat-train] update=588 samples=11760 fps=7.1 loss=21.5713 actor=5.1923 value=16.4016 entropy=2.2593 mean_return=4.667 mean_len=83.8
[gat-train] update=589 samples=11780 fps=7.1 loss=0.1158 actor=-1.1261 value=1.2599 entropy=1.7981 mean_return=4.667 mean_len=83.8
[gat-train] update=590 samples=11800 fps=7.1 loss=-0.2303 actor=-0.3986 value=0.1886 entropy=2.0230 mean_return=4.667 mean_len=83.8
[gat-train] update=591 samples=11820 fps=7.1 loss=-0.6735 actor=-0.9008 value=0.2480 entropy=2.0662 mean_return=4.667 mean_len=83.8
[gat-train] update=592 samples=11840 fps=7.1 loss=-0.5528 actor=-0.8320 value=0.3018 entropy=2.2616 mean_return=4.667 mean_len=83.8
[gat-train] update=593 samples=11860 fps=7.1 loss=-0.1615 actor=-0.3125 value=0.1740 entropy=2.3055 mean_return=4.667 mean_len=83.8
[gat-train] update=594 samples=11880 fps=7.1 loss=9.4837 actor=0.9962 value=8.5091 entropy=2.1628 mean_return=4.659 mean_len=83.8
[gat-train] update=595 samples=11900 fps=7.1 loss=0.1127 actor=-0.0368 value=0.1688 entropy=1.9336 mean_return=4.659 mean_len=83.8
[gat-train] update=596 samples=11920 fps=7.1 loss=-0.7027 actor=-1.1216 value=0.4388 entropy=1.9872 mean_return=4.659 mean_len=83.8
[gat-train] update=597 samples=11940 fps=7.1 loss=-0.3624 actor=-0.7125 value=0.3715 entropy=2.1367 mean_return=4.659 mean_len=83.8
[gat-train] update=598 samples=11960 fps=7.1 loss=0.7537 actor=0.5610 value=0.2134 entropy=2.0726 mean_return=4.659 mean_len=83.8
[gat-train] update=599 samples=11980 fps=7.1 loss=5.2193 actor=0.8468 value=4.3900 entropy=1.7601 mean_return=4.657 mean_len=83.9
[gat-train] update=600 samples=12000 fps=7.1 loss=0.0653 actor=-0.2158 value=0.2973 entropy=1.6187 mean_return=4.657 mean_len=83.9
[gat-train] eval update=600 comp_score=89.26 best=92.32
[gat-train] update=601 samples=12020 fps=7.0 loss=5.4862 actor=1.4860 value=4.0188 entropy=1.8647 mean_return=4.661 mean_len=83.9
[gat-train] update=602 samples=12040 fps=7.0 loss=-0.2749 actor=-0.4651 value=0.2066 entropy=1.6415 mean_return=4.661 mean_len=83.9
[gat-train] update=603 samples=12060 fps=7.0 loss=0.2042 actor=-0.0401 value=0.2602 entropy=1.5851 mean_return=4.661 mean_len=83.9
[gat-train] update=604 samples=12080 fps=7.0 loss=0.8120 actor=0.3813 value=0.4496 entropy=1.8996 mean_return=4.661 mean_len=83.9
[gat-train] update=605 samples=12100 fps=7.0 loss=-0.0062 actor=-0.5709 value=0.5796 entropy=1.4935 mean_return=4.661 mean_len=83.9
[gat-train] update=606 samples=12120 fps=7.0 loss=19.8060 actor=3.8048 value=16.0159 entropy=1.4701 mean_return=4.652 mean_len=83.9
[gat-train] update=607 samples=12140 fps=7.0 loss=0.8933 actor=-0.4042 value=1.3081 entropy=1.0656 mean_return=4.652 mean_len=83.9
[gat-train] update=608 samples=12160 fps=7.0 loss=-0.3659 actor=-0.8045 value=0.4547 entropy=1.6067 mean_return=4.652 mean_len=83.9
[gat-train] update=609 samples=12180 fps=7.0 loss=0.0970 actor=-0.3443 value=0.4540 entropy=1.2644 mean_return=4.652 mean_len=83.9
[gat-train] update=610 samples=12200 fps=7.0 loss=0.1139 actor=-0.0297 value=0.1595 entropy=1.5864 mean_return=4.652 mean_len=83.9
[gat-train] update=611 samples=12220 fps=7.0 loss=5.2894 actor=0.4870 value=4.8192 entropy=1.6893 mean_return=4.671 mean_len=83.7
[gat-train] update=612 samples=12240 fps=7.0 loss=0.0912 actor=-0.2235 value=0.3290 entropy=1.4270 mean_return=4.671 mean_len=83.7
[gat-train] update=613 samples=12260 fps=7.0 loss=0.1677 actor=-0.0222 value=0.2069 entropy=1.6975 mean_return=4.671 mean_len=83.7
[gat-train] update=614 samples=12280 fps=7.0 loss=-0.5931 actor=-0.8771 value=0.3028 entropy=1.8818 mean_return=4.671 mean_len=83.7
[gat-train] update=615 samples=12300 fps=7.0 loss=-0.3350 actor=-0.6660 value=0.3469 entropy=1.5888 mean_return=4.671 mean_len=83.7
[gat-train] update=616 samples=12320 fps=7.0 loss=0.5472 actor=0.0974 value=0.4670 entropy=1.7190 mean_return=4.671 mean_len=83.7
[gat-train] update=617 samples=12340 fps=7.0 loss=9.8310 actor=1.5566 value=8.2955 entropy=2.1068 mean_return=4.649 mean_len=83.8
[gat-train] update=618 samples=12360 fps=7.0 loss=-0.5176 actor=-0.9193 value=0.4224 entropy=2.0664 mean_return=4.649 mean_len=83.8
[gat-train] update=619 samples=12380 fps=7.0 loss=14.1225 actor=2.8993 value=11.2494 entropy=2.6293 mean_return=4.659 mean_len=83.8
[gat-train] update=620 samples=12400 fps=7.0 loss=-0.3363 actor=-1.0038 value=0.6854 entropy=1.7935 mean_return=4.659 mean_len=83.8
[gat-train] update=621 samples=12420 fps=7.0 loss=-1.1645 actor=-1.6813 value=0.5366 entropy=1.9726 mean_return=4.659 mean_len=83.8
[gat-train] update=622 samples=12440 fps=7.0 loss=0.2404 actor=-0.0583 value=0.3185 entropy=1.9899 mean_return=4.659 mean_len=83.8
[gat-train] update=623 samples=12460 fps=7.0 loss=-0.3365 actor=-0.5180 value=0.1996 entropy=1.8102 mean_return=4.659 mean_len=83.8
[gat-train] update=624 samples=12480 fps=7.0 loss=22.5204 actor=4.9732 value=17.5638 entropy=1.6651 mean_return=4.664 mean_len=83.9
[gat-train] update=625 samples=12500 fps=7.0 loss=0.8626 actor=-0.2111 value=1.0968 entropy=2.3081 mean_return=4.664 mean_len=83.9
[gat-train] update=626 samples=12520 fps=7.0 loss=0.1184 actor=-0.6724 value=0.8117 entropy=2.0832 mean_return=4.664 mean_len=83.9
[gat-train] update=627 samples=12540 fps=7.0 loss=-0.1553 actor=-0.3168 value=0.1855 entropy=2.3879 mean_return=4.664 mean_len=83.9
[gat-train] update=628 samples=12560 fps=7.0 loss=10.1215 actor=0.5665 value=9.5757 entropy=2.0770 mean_return=4.644 mean_len=83.7
[gat-train] update=629 samples=12580 fps=7.0 loss=0.5037 actor=0.1767 value=0.3459 entropy=1.8903 mean_return=4.644 mean_len=83.7
[gat-train] update=630 samples=12600 fps=7.0 loss=-0.1731 actor=-0.3963 value=0.2443 entropy=2.1148 mean_return=4.644 mean_len=83.7
[gat-train] update=631 samples=12620 fps=7.0 loss=-0.5977 actor=-1.6284 value=1.0499 entropy=1.9216 mean_return=4.644 mean_len=83.7
[gat-train] update=632 samples=12640 fps=7.0 loss=29.7182 actor=8.7673 value=20.9737 entropy=2.2782 mean_return=4.619 mean_len=83.4
[gat-train] update=633 samples=12660 fps=7.0 loss=0.5075 actor=-0.7977 value=1.3270 entropy=2.1708 mean_return=4.619 mean_len=83.4
[gat-train] update=634 samples=12680 fps=7.0 loss=-0.7203 actor=-1.0721 value=0.3755 entropy=2.3696 mean_return=4.619 mean_len=83.4
[gat-train] update=635 samples=12700 fps=7.0 loss=-0.0579 actor=-0.4707 value=0.4413 entropy=2.8561 mean_return=4.619 mean_len=83.4
[gat-train] update=636 samples=12720 fps=7.0 loss=13.0229 actor=1.2157 value=11.8320 entropy=2.4805 mean_return=4.590 mean_len=83.5
[gat-train] update=637 samples=12740 fps=7.0 loss=-0.3434 actor=-0.4169 value=0.0961 entropy=2.2534 mean_return=4.590 mean_len=83.5
[gat-train] update=638 samples=12760 fps=6.9 loss=0.0992 actor=-0.3608 value=0.4830 entropy=2.3023 mean_return=4.590 mean_len=83.5
[gat-train] update=639 samples=12780 fps=6.9 loss=-0.3061 actor=-0.9228 value=0.6349 entropy=1.8250 mean_return=4.590 mean_len=83.5
[gat-train] update=640 samples=12800 fps=6.9 loss=-0.3277 actor=-0.7530 value=0.4510 entropy=2.5739 mean_return=4.590 mean_len=83.5
[gat-train] update=641 samples=12820 fps=6.9 loss=-0.4759 actor=-0.6334 value=0.1829 entropy=2.5408 mean_return=4.590 mean_len=83.5
[gat-train] update=642 samples=12840 fps=6.9 loss=9.5457 actor=1.6478 value=7.9268 entropy=2.8900 mean_return=4.589 mean_len=83.3
[gat-train] update=643 samples=12860 fps=6.9 loss=-0.0592 actor=-0.3736 value=0.3420 entropy=2.7527 mean_return=4.589 mean_len=83.3
[gat-train] update=644 samples=12880 fps=6.9 loss=19.1583 actor=3.1261 value=16.0617 entropy=2.9508 mean_return=4.596 mean_len=83.1
[gat-train] update=645 samples=12900 fps=6.9 loss=0.0683 actor=-2.1699 value=2.2663 entropy=2.8140 mean_return=4.596 mean_len=83.1
[gat-train] update=646 samples=12920 fps=6.9 loss=-0.2479 actor=-0.3397 value=0.1250 entropy=3.3224 mean_return=4.596 mean_len=83.1
[gat-train] update=647 samples=12940 fps=6.9 loss=-0.0473 actor=-0.5769 value=0.5527 entropy=2.2978 mean_return=4.596 mean_len=83.1
[gat-train] update=648 samples=12960 fps=6.9 loss=0.2696 actor=-0.0024 value=0.2904 entropy=1.8321 mean_return=4.596 mean_len=83.1
[gat-train] update=649 samples=12980 fps=6.9 loss=0.0843 actor=-0.0638 value=0.1756 entropy=2.7512 mean_return=4.596 mean_len=83.1
[gat-train] update=650 samples=13000 fps=6.9 loss=9.1319 actor=1.2967 value=7.8610 entropy=2.5763 mean_return=4.596 mean_len=83.1
[gat-train] eval update=650 comp_score=95.39 best=95.39  *NEW BEST -> PCT-best.pt*
[gat-train] update=651 samples=13020 fps=6.9 loss=0.1918 actor=-0.3594 value=0.5767 entropy=2.5502 mean_return=4.596 mean_len=83.1
[gat-train] update=652 samples=13040 fps=6.9 loss=0.2403 actor=-0.6813 value=0.9485 entropy=2.6891 mean_return=4.596 mean_len=83.1
[gat-train] update=653 samples=13060 fps=6.9 loss=26.0486 actor=7.1922 value=18.8842 entropy=2.7839 mean_return=4.574 mean_len=83.1
[gat-train] update=654 samples=13080 fps=6.9 loss=-0.1672 actor=-1.2757 value=1.1354 entropy=2.6958 mean_return=4.574 mean_len=83.1
[gat-train] update=655 samples=13100 fps=6.9 loss=-0.8137 actor=-1.2638 value=0.4753 entropy=2.5150 mean_return=4.574 mean_len=83.1
[gat-train] update=656 samples=13120 fps=6.9 loss=-0.1811 actor=-0.6009 value=0.4439 entropy=2.4132 mean_return=4.574 mean_len=83.1
[gat-train] update=657 samples=13140 fps=6.9 loss=24.9345 actor=5.0319 value=19.9265 entropy=2.3989 mean_return=4.586 mean_len=82.9
[gat-train] update=658 samples=13160 fps=6.9 loss=0.3108 actor=-0.8678 value=1.2050 entropy=2.6465 mean_return=4.586 mean_len=82.9
[gat-train] update=659 samples=13180 fps=6.9 loss=0.2787 actor=-0.0179 value=0.3218 entropy=2.5296 mean_return=4.586 mean_len=82.9
[gat-train] update=660 samples=13200 fps=6.9 loss=0.1876 actor=-0.3315 value=0.5460 entropy=2.6967 mean_return=4.586 mean_len=82.9
[gat-train] update=661 samples=13220 fps=6.9 loss=0.2420 actor=-0.2470 value=0.5132 entropy=2.4274 mean_return=4.586 mean_len=82.9
[gat-train] update=662 samples=13240 fps=6.9 loss=6.2154 actor=1.2564 value=4.9883 entropy=2.9361 mean_return=4.570 mean_len=82.9
[gat-train] update=663 samples=13260 fps=6.9 loss=-0.5129 actor=-0.6879 value=0.2095 entropy=3.4481 mean_return=4.570 mean_len=82.9
[gat-train] update=664 samples=13280 fps=6.9 loss=0.1162 actor=-0.3643 value=0.5053 entropy=2.4810 mean_return=4.570 mean_len=82.9
[gat-train] update=665 samples=13300 fps=6.9 loss=-0.6100 actor=-1.0977 value=0.5164 entropy=2.8640 mean_return=4.570 mean_len=82.9
[gat-train] update=666 samples=13320 fps=6.9 loss=29.1142 actor=5.7549 value=23.3857 entropy=2.6432 mean_return=4.562 mean_len=82.9
[gat-train] update=667 samples=13340 fps=6.9 loss=-0.1899 actor=-1.2914 value=1.1308 entropy=2.9313 mean_return=4.562 mean_len=82.9
[gat-train] update=668 samples=13360 fps=6.9 loss=-0.1729 actor=-0.2978 value=0.1511 entropy=2.6167 mean_return=4.562 mean_len=82.9
[gat-train] update=669 samples=13380 fps=6.9 loss=-0.6291 actor=-0.9420 value=0.3400 entropy=2.7072 mean_return=4.562 mean_len=82.9
[gat-train] update=670 samples=13400 fps=6.9 loss=-0.2869 actor=-0.6355 value=0.3734 entropy=2.4764 mean_return=4.562 mean_len=82.9
[gat-train] update=671 samples=13420 fps=6.9 loss=11.0695 actor=0.3775 value=10.7154 entropy=2.3392 mean_return=4.570 mean_len=83.0
[gat-train] update=672 samples=13440 fps=6.9 loss=14.6081 actor=1.9291 value=12.6968 entropy=1.7801 mean_return=4.594 mean_len=82.9
[gat-train] update=673 samples=13460 fps=6.9 loss=-0.0608 actor=-0.6574 value=0.6198 entropy=2.3207 mean_return=4.594 mean_len=82.9
[gat-train] update=674 samples=13480 fps=6.9 loss=0.4162 actor=0.0612 value=0.3797 entropy=2.4686 mean_return=4.594 mean_len=82.9
[gat-train] update=675 samples=13500 fps=6.9 loss=0.5713 actor=0.4083 value=0.1876 entropy=2.4538 mean_return=4.594 mean_len=82.9
[gat-train] update=676 samples=13520 fps=6.9 loss=0.1616 actor=0.0034 value=0.1831 entropy=2.4908 mean_return=4.594 mean_len=82.9
[gat-train] update=677 samples=13540 fps=6.9 loss=-0.3087 actor=-0.8803 value=0.5956 entropy=2.4013 mean_return=4.594 mean_len=82.9
[gat-train] update=678 samples=13560 fps=6.9 loss=0.8495 actor=0.4838 value=0.3905 entropy=2.4804 mean_return=4.594 mean_len=82.9
[gat-train] update=679 samples=13580 fps=6.9 loss=-0.2250 actor=-0.5548 value=0.3468 entropy=1.6992 mean_return=4.594 mean_len=82.9
[gat-train] update=680 samples=13600 fps=6.9 loss=10.3472 actor=1.6388 value=8.7316 entropy=2.3160 mean_return=4.587 mean_len=83.3
[gat-train] update=681 samples=13620 fps=6.9 loss=-0.1566 actor=-0.6918 value=0.5655 entropy=3.0287 mean_return=4.587 mean_len=83.3
[gat-train] update=682 samples=13640 fps=6.9 loss=-0.3715 actor=-0.5427 value=0.2010 entropy=2.9766 mean_return=4.587 mean_len=83.3
[gat-train] update=683 samples=13660 fps=6.9 loss=16.6742 actor=1.2752 value=15.4207 entropy=2.1636 mean_return=4.622 mean_len=83.5
[gat-train] update=684 samples=13680 fps=6.8 loss=-0.2576 actor=-0.9207 value=0.6904 entropy=2.7317 mean_return=4.622 mean_len=83.5
[gat-train] update=685 samples=13700 fps=6.8 loss=-0.9209 actor=-1.8235 value=0.9368 entropy=3.4294 mean_return=4.622 mean_len=83.5
[gat-train] update=686 samples=13720 fps=6.8 loss=0.2447 actor=0.0263 value=0.2460 entropy=2.7646 mean_return=4.622 mean_len=83.5
[gat-train] update=687 samples=13740 fps=6.8 loss=0.8323 actor=0.1835 value=0.6693 entropy=2.0565 mean_return=4.622 mean_len=83.5
[gat-train] update=688 samples=13760 fps=6.8 loss=18.1760 actor=2.9450 value=15.2501 entropy=1.9110 mean_return=4.647 mean_len=83.7
[gat-train] update=689 samples=13780 fps=6.8 loss=0.2350 actor=-0.3593 value=0.6200 entropy=2.5687 mean_return=4.647 mean_len=83.7
[gat-train] update=690 samples=13800 fps=6.8 loss=15.8499 actor=2.0788 value=13.8041 entropy=3.2944 mean_return=4.645 mean_len=84.0
[gat-train] update=691 samples=13820 fps=6.8 loss=-0.1488 actor=-0.4033 value=0.2877 entropy=3.3283 mean_return=4.645 mean_len=84.0
[gat-train] update=692 samples=13840 fps=6.8 loss=0.4640 actor=0.1432 value=0.3542 entropy=3.3354 mean_return=4.645 mean_len=84.0
[gat-train] update=693 samples=13860 fps=6.8 loss=-0.5175 actor=-1.2531 value=0.7627 entropy=2.7088 mean_return=4.645 mean_len=84.0
[gat-train] update=694 samples=13880 fps=6.8 loss=-0.7081 actor=-0.8719 value=0.1953 entropy=3.1469 mean_return=4.645 mean_len=84.0
[gat-train] update=695 samples=13900 fps=6.8 loss=-0.3150 actor=-0.5856 value=0.3000 entropy=2.9308 mean_return=4.645 mean_len=84.0
[gat-train] update=696 samples=13920 fps=6.8 loss=11.9996 actor=0.8903 value=11.1379 entropy=2.8676 mean_return=4.659 mean_len=84.1
[gat-train] update=697 samples=13940 fps=6.8 loss=0.3305 actor=-0.6191 value=0.9774 entropy=2.7771 mean_return=4.659 mean_len=84.1
[gat-train] update=698 samples=13960 fps=6.8 loss=1.9870 actor=1.3112 value=0.6986 entropy=2.2754 mean_return=4.659 mean_len=84.1
[gat-train] update=699 samples=13980 fps=6.8 loss=14.4689 actor=1.6385 value=12.8592 entropy=2.8811 mean_return=4.638 mean_len=84.5
[gat-train] update=700 samples=14000 fps=6.8 loss=-0.1124 actor=-0.3828 value=0.3006 entropy=3.0230 mean_return=4.638 mean_len=84.5
[gat-train] eval update=700 comp_score=89.26 best=95.39
[gat-train] update=701 samples=14020 fps=6.8 loss=0.3436 actor=-0.1035 value=0.4693 entropy=2.2255 mean_return=4.638 mean_len=84.5
[gat-train] update=702 samples=14040 fps=6.8 loss=0.0479 actor=-0.2329 value=0.3104 entropy=2.9522 mean_return=4.638 mean_len=84.5
[gat-train] update=703 samples=14060 fps=6.8 loss=-0.5281 actor=-1.1565 value=0.6576 entropy=2.9187 mean_return=4.638 mean_len=84.5
[gat-train] update=704 samples=14080 fps=6.8 loss=1.5179 actor=1.0667 value=0.4787 entropy=2.7562 mean_return=4.638 mean_len=84.5
[gat-train] update=705 samples=14100 fps=6.8 loss=19.7505 actor=1.9692 value=17.8068 entropy=2.5456 mean_return=4.670 mean_len=84.6
[gat-train] update=706 samples=14120 fps=6.8 loss=11.2635 actor=2.8524 value=8.4374 entropy=2.6353 mean_return=4.674 mean_len=84.6
[gat-train] update=707 samples=14140 fps=6.8 loss=-0.9742 actor=-2.5298 value=1.5912 entropy=3.5611 mean_return=4.674 mean_len=84.6
[gat-train] update=708 samples=14160 fps=6.8 loss=-0.2644 actor=-0.5083 value=0.2773 entropy=3.3465 mean_return=4.674 mean_len=84.6
[gat-train] update=709 samples=14180 fps=6.8 loss=-0.6910 actor=-0.9555 value=0.2894 entropy=2.4955 mean_return=4.674 mean_len=84.6
[gat-train] update=710 samples=14200 fps=6.8 loss=-0.8014 actor=-1.5608 value=0.7874 entropy=2.8037 mean_return=4.674 mean_len=84.6
[gat-train] update=711 samples=14220 fps=6.8 loss=-0.1355 actor=-0.4523 value=0.3520 entropy=3.5179 mean_return=4.674 mean_len=84.6
[gat-train] update=712 samples=14240 fps=6.8 loss=-0.4480 actor=-0.7036 value=0.2849 entropy=2.9261 mean_return=4.674 mean_len=84.6
[gat-train] update=713 samples=14260 fps=6.8 loss=2.2559 actor=1.2313 value=1.0531 entropy=2.8567 mean_return=4.674 mean_len=84.6
[gat-train] update=714 samples=14280 fps=6.8 loss=6.2725 actor=1.8795 value=4.4218 entropy=2.8786 mean_return=4.695 mean_len=84.8
[gat-train] update=715 samples=14300 fps=6.8 loss=0.0799 actor=-0.2919 value=0.3972 entropy=2.5339 mean_return=4.695 mean_len=84.8
[gat-train] update=716 samples=14320 fps=6.8 loss=14.9256 actor=1.3549 value=13.6035 entropy=3.2728 mean_return=4.691 mean_len=85.0
[gat-train] update=717 samples=14340 fps=6.8 loss=0.6276 actor=0.1376 value=0.5190 entropy=2.9016 mean_return=4.691 mean_len=85.0
[gat-train] update=718 samples=14360 fps=6.8 loss=-0.0803 actor=-0.5508 value=0.5000 entropy=2.9565 mean_return=4.691 mean_len=85.0
[gat-train] update=719 samples=14380 fps=6.8 loss=0.1440 actor=-0.1311 value=0.3039 entropy=2.8795 mean_return=4.691 mean_len=85.0
[gat-train] update=720 samples=14400 fps=6.8 loss=-0.4187 actor=-1.6539 value=1.2615 entropy=2.6227 mean_return=4.691 mean_len=85.0
[gat-train] update=721 samples=14420 fps=6.8 loss=0.8691 actor=0.4243 value=0.4726 entropy=2.7932 mean_return=4.691 mean_len=85.0
[gat-train] update=722 samples=14440 fps=6.8 loss=15.0959 actor=3.5650 value=11.5568 entropy=2.5904 mean_return=4.707 mean_len=85.1
[gat-train] update=723 samples=14460 fps=6.8 loss=6.4605 actor=0.3552 value=6.1330 entropy=2.7683 mean_return=4.693 mean_len=85.3
[gat-train] update=724 samples=14480 fps=6.8 loss=0.6675 actor=0.3178 value=0.3799 entropy=3.0204 mean_return=4.693 mean_len=85.3
[gat-train] update=725 samples=14500 fps=6.8 loss=0.3868 actor=0.0388 value=0.3843 entropy=3.6342 mean_return=4.693 mean_len=85.3
[gat-train] update=726 samples=14520 fps=6.8 loss=-0.5592 actor=-0.7067 value=0.1789 entropy=3.1339 mean_return=4.693 mean_len=85.3
[gat-train] update=727 samples=14540 fps=6.8 loss=-1.0988 actor=-1.8208 value=0.7485 entropy=2.6511 mean_return=4.693 mean_len=85.3
[gat-train] update=728 samples=14560 fps=6.7 loss=-0.7860 actor=-0.9749 value=0.2201 entropy=3.1291 mean_return=4.693 mean_len=85.3
[gat-train] update=729 samples=14580 fps=6.7 loss=0.4472 actor=0.1913 value=0.2816 entropy=2.5645 mean_return=4.693 mean_len=85.3
[gat-train] update=730 samples=14600 fps=6.7 loss=11.6940 actor=2.4230 value=9.2975 entropy=2.6519 mean_return=4.701 mean_len=85.3
[gat-train] update=731 samples=14620 fps=6.7 loss=-0.8357 actor=-1.6947 value=0.8884 entropy=2.9402 mean_return=4.701 mean_len=85.3
[gat-train] update=732 samples=14640 fps=6.7 loss=19.7336 actor=4.0322 value=15.7309 entropy=2.9568 mean_return=4.710 mean_len=85.3
[gat-train] update=733 samples=14660 fps=6.7 loss=-0.3517 actor=-1.0065 value=0.6884 entropy=3.3517 mean_return=4.710 mean_len=85.3
[gat-train] update=734 samples=14680 fps=6.7 loss=0.6782 actor=0.2751 value=0.4362 entropy=3.3150 mean_return=4.710 mean_len=85.3
[gat-train] update=735 samples=14700 fps=6.7 loss=0.2434 actor=-0.5802 value=0.8540 entropy=3.0441 mean_return=4.710 mean_len=85.3
[gat-train] update=736 samples=14720 fps=6.7 loss=20.9385 actor=4.4396 value=16.5263 entropy=2.7364 mean_return=4.737 mean_len=85.1
[gat-train] update=737 samples=14740 fps=6.7 loss=1.3359 actor=0.5302 value=0.8389 entropy=3.3169 mean_return=4.737 mean_len=85.1
[gat-train] update=738 samples=14760 fps=6.7 loss=5.5248 actor=0.8411 value=4.7158 entropy=3.2088 mean_return=4.753 mean_len=84.9
[gat-train] update=739 samples=14780 fps=6.7 loss=0.5919 actor=0.2386 value=0.3864 entropy=3.3102 mean_return=4.753 mean_len=84.9
[gat-train] update=740 samples=14800 fps=6.7 loss=-0.0861 actor=-0.6084 value=0.5545 entropy=3.2202 mean_return=4.753 mean_len=84.9
[gat-train] update=741 samples=14820 fps=6.7 loss=-0.7869 actor=-0.9887 value=0.2393 entropy=3.7547 mean_return=4.753 mean_len=84.9
[gat-train] update=742 samples=14840 fps=6.7 loss=-0.0277 actor=-0.2882 value=0.2971 entropy=3.6678 mean_return=4.753 mean_len=84.9
[gat-train] update=743 samples=14860 fps=6.7 loss=-1.1302 actor=-1.5491 value=0.4514 entropy=3.2447 mean_return=4.753 mean_len=84.9
[gat-train] update=744 samples=14880 fps=6.7 loss=-0.1115 actor=-0.4196 value=0.3395 entropy=3.1450 mean_return=4.753 mean_len=84.9
[gat-train] update=745 samples=14900 fps=6.7 loss=20.9905 actor=1.8153 value=19.2052 entropy=3.0067 mean_return=4.734 mean_len=84.7
[gat-train] update=746 samples=14920 fps=6.7 loss=-0.7910 actor=-1.5328 value=0.7726 entropy=3.0825 mean_return=4.734 mean_len=84.7
[gat-train] update=747 samples=14940 fps=6.7 loss=1.3375 actor=0.5095 value=0.8610 entropy=3.3029 mean_return=4.734 mean_len=84.7
[gat-train] update=748 samples=14960 fps=6.7 loss=0.0104 actor=-0.3446 value=0.3867 entropy=3.1716 mean_return=4.734 mean_len=84.7
[gat-train] update=749 samples=14980 fps=6.7 loss=11.5770 actor=1.8942 value=9.7143 entropy=3.1452 mean_return=4.710 mean_len=84.7
[gat-train] update=750 samples=15000 fps=6.7 loss=0.2801 actor=-0.1086 value=0.4191 entropy=3.0382 mean_return=4.710 mean_len=84.7
[gat-train] eval update=750 comp_score=89.99 best=95.39
[gat-train] update=751 samples=15020 fps=6.7 loss=-0.5745 actor=-2.2094 value=1.6647 entropy=2.9755 mean_return=4.710 mean_len=84.7
[gat-train] update=752 samples=15040 fps=6.7 loss=15.7275 actor=2.6078 value=13.1514 entropy=3.1747 mean_return=4.698 mean_len=84.6
[gat-train] update=753 samples=15060 fps=6.7 loss=0.6623 actor=0.3813 value=0.3168 entropy=3.5811 mean_return=4.698 mean_len=84.6
[gat-train] update=754 samples=15080 fps=6.7 loss=14.7534 actor=2.4791 value=12.3072 entropy=3.2891 mean_return=4.705 mean_len=84.6
[gat-train] update=755 samples=15100 fps=6.7 loss=-0.7460 actor=-0.9842 value=0.2680 entropy=2.9867 mean_return=4.705 mean_len=84.6
[gat-train] update=756 samples=15120 fps=6.7 loss=-0.1025 actor=-0.4747 value=0.4054 entropy=3.3173 mean_return=4.705 mean_len=84.6
[gat-train] update=757 samples=15140 fps=6.7 loss=-0.4265 actor=-0.7874 value=0.3892 entropy=2.8255 mean_return=4.705 mean_len=84.6
[gat-train] update=758 samples=15160 fps=6.7 loss=-0.9246 actor=-1.3521 value=0.4596 entropy=3.2194 mean_return=4.705 mean_len=84.6
[gat-train] update=759 samples=15180 fps=6.7 loss=0.8877 actor=0.6333 value=0.2813 entropy=2.6834 mean_return=4.705 mean_len=84.6
[gat-train] update=760 samples=15200 fps=6.7 loss=-1.3485 actor=-2.4986 value=1.1807 entropy=3.0624 mean_return=4.705 mean_len=84.6
[gat-train] update=761 samples=15220 fps=6.7 loss=25.2875 actor=6.0328 value=19.2836 entropy=2.8908 mean_return=4.698 mean_len=84.5
[gat-train] update=762 samples=15240 fps=6.7 loss=0.7697 actor=-1.2259 value=2.0312 entropy=3.5575 mean_return=4.698 mean_len=84.5
[gat-train] update=763 samples=15260 fps=6.7 loss=21.0908 actor=3.9102 value=17.2108 entropy=3.0154 mean_return=4.712 mean_len=84.2
[gat-train] update=764 samples=15280 fps=6.7 loss=3.2672 actor=-4.3832 value=7.6846 entropy=3.4146 mean_return=4.712 mean_len=84.2
[gat-train] update=765 samples=15300 fps=6.7 loss=1.4618 actor=0.6080 value=0.8921 entropy=3.8287 mean_return=4.712 mean_len=84.2
[gat-train] update=766 samples=15320 fps=6.7 loss=1.4583 actor=0.9266 value=0.5627 entropy=3.1063 mean_return=4.712 mean_len=84.2
[gat-train] update=767 samples=15340 fps=6.7 loss=28.8813 actor=8.1265 value=20.7885 entropy=3.3728 mean_return=4.699 mean_len=83.9
[gat-train] update=768 samples=15360 fps=6.7 loss=11.1556 actor=0.2282 value=10.9612 entropy=3.3826 mean_return=4.683 mean_len=83.9
[gat-train] update=769 samples=15380 fps=6.7 loss=-1.6222 actor=-1.9657 value=0.3810 entropy=3.7543 mean_return=4.683 mean_len=83.9
[gat-train] update=770 samples=15400 fps=6.7 loss=-0.1162 actor=-0.1901 value=0.1131 entropy=3.9189 mean_return=4.683 mean_len=83.9
[gat-train] update=771 samples=15420 fps=6.7 loss=0.0732 actor=-0.0017 value=0.1096 entropy=3.4734 mean_return=4.683 mean_len=83.9
[gat-train] update=772 samples=15440 fps=6.7 loss=-1.4736 actor=-1.7974 value=0.3629 entropy=3.9186 mean_return=4.683 mean_len=83.9
[gat-train] update=773 samples=15460 fps=6.7 loss=-0.8515 actor=-1.1956 value=0.3739 entropy=2.9764 mean_return=4.683 mean_len=83.9
[gat-train] update=774 samples=15480 fps=6.7 loss=-0.5854 actor=-0.9759 value=0.4291 entropy=3.8643 mean_return=4.683 mean_len=83.9
[gat-train] update=775 samples=15500 fps=6.7 loss=1.7931 actor=1.1059 value=0.7204 entropy=3.3189 mean_return=4.683 mean_len=83.9
[gat-train] update=776 samples=15520 fps=6.7 loss=-0.2858 actor=-0.8222 value=0.5667 entropy=3.0334 mean_return=4.683 mean_len=83.9
[gat-train] update=777 samples=15540 fps=6.7 loss=25.7277 actor=3.6030 value=22.1564 entropy=3.1748 mean_return=4.657 mean_len=83.7
[gat-train] update=778 samples=15560 fps=6.7 loss=1.2175 actor=-0.7427 value=1.9926 entropy=3.2376 mean_return=4.657 mean_len=83.7
[gat-train] update=779 samples=15580 fps=6.7 loss=10.6300 actor=1.6857 value=8.9816 entropy=3.7285 mean_return=4.647 mean_len=83.5
[gat-train] update=780 samples=15600 fps=6.7 loss=-0.4078 actor=-0.8025 value=0.4328 entropy=3.8060 mean_return=4.647 mean_len=83.5
[gat-train] update=781 samples=15620 fps=6.7 loss=-0.3020 actor=-0.5792 value=0.3126 entropy=3.5402 mean_return=4.647 mean_len=83.5
[gat-train] update=782 samples=15640 fps=6.7 loss=25.3865 actor=7.0022 value=18.4187 entropy=3.4497 mean_return=4.652 mean_len=83.2
[gat-train] update=783 samples=15660 fps=6.7 loss=12.9967 actor=-0.3050 value=13.3371 entropy=3.5443 mean_return=4.662 mean_len=83.0
[gat-train] update=784 samples=15680 fps=6.6 loss=-0.5280 actor=-0.9863 value=0.4909 entropy=3.2597 mean_return=4.662 mean_len=83.0
[gat-train] update=785 samples=15700 fps=6.6 loss=0.3719 actor=0.2175 value=0.1908 entropy=3.6438 mean_return=4.662 mean_len=83.0
[gat-train] update=786 samples=15720 fps=6.6 loss=-1.2096 actor=-1.6809 value=0.5102 entropy=3.8878 mean_return=4.662 mean_len=83.0
[gat-train] update=787 samples=15740 fps=6.6 loss=0.0252 actor=-0.2159 value=0.2750 entropy=3.3846 mean_return=4.662 mean_len=83.0
[gat-train] update=788 samples=15760 fps=6.6 loss=-0.5731 actor=-1.1892 value=0.6555 entropy=3.9394 mean_return=4.662 mean_len=83.0
[gat-train] update=789 samples=15780 fps=6.6 loss=-2.0184 actor=-2.8031 value=0.8204 entropy=3.5787 mean_return=4.662 mean_len=83.0
[gat-train] update=790 samples=15800 fps=6.6 loss=-0.1209 actor=-0.8733 value=0.7827 entropy=3.0252 mean_return=4.662 mean_len=83.0
[gat-train] update=791 samples=15820 fps=6.6 loss=-1.5806 actor=-2.2366 value=0.6929 entropy=3.6807 mean_return=4.662 mean_len=83.0
[gat-train] update=792 samples=15840 fps=6.6 loss=0.7378 actor=-0.3488 value=1.1245 entropy=3.7925 mean_return=4.662 mean_len=83.0
[gat-train] update=793 samples=15860 fps=6.6 loss=-1.0313 actor=-1.5028 value=0.5017 entropy=3.0295 mean_return=4.662 mean_len=83.0
[gat-train] update=794 samples=15880 fps=6.6 loss=10.9903 actor=1.0668 value=9.9529 entropy=2.9401 mean_return=4.664 mean_len=82.9
[gat-train] update=795 samples=15900 fps=6.6 loss=24.8692 actor=4.2070 value=20.7002 entropy=3.8058 mean_return=4.647 mean_len=82.7
[gat-train] update=796 samples=15920 fps=6.6 loss=0.8223 actor=0.2076 value=0.6495 entropy=3.4775 mean_return=4.647 mean_len=82.7
[gat-train] update=797 samples=15940 fps=6.6 loss=30.8138 actor=7.9939 value=22.8580 entropy=3.8029 mean_return=4.650 mean_len=82.4
[gat-train] update=798 samples=15960 fps=6.6 loss=3.4833 actor=-2.1038 value=5.6193 entropy=3.2187 mean_return=4.650 mean_len=82.4
[gat-train] update=799 samples=15980 fps=6.6 loss=6.7484 actor=0.0944 value=6.6889 entropy=3.4959 mean_return=4.660 mean_len=82.0
[gat-train] update=800 samples=16000 fps=6.6 loss=0.4515 actor=0.0978 value=0.3907 entropy=3.7033 mean_return=4.660 mean_len=82.0
[gat-train] eval update=800 comp_score=89.99 best=95.39
[gat-train] update=801 samples=16020 fps=6.6 loss=-0.1498 actor=-0.5589 value=0.4455 entropy=3.6342 mean_return=4.660 mean_len=82.0
[gat-train] update=802 samples=16040 fps=6.6 loss=-1.0810 actor=-1.3562 value=0.3093 entropy=3.4152 mean_return=4.660 mean_len=82.0
[gat-train] update=803 samples=16060 fps=6.6 loss=0.4623 actor=0.3698 value=0.1263 entropy=3.3787 mean_return=4.660 mean_len=82.0
[gat-train] update=804 samples=16080 fps=6.6 loss=-1.1749 actor=-1.6080 value=0.4675 entropy=3.4422 mean_return=4.660 mean_len=82.0
[gat-train] update=805 samples=16100 fps=6.6 loss=-1.5328 actor=-2.4209 value=0.9223 entropy=3.4247 mean_return=4.660 mean_len=82.0
[gat-train] update=806 samples=16120 fps=6.6 loss=-0.2635 actor=-0.4617 value=0.2355 entropy=3.7345 mean_return=4.660 mean_len=82.0
[gat-train] update=807 samples=16140 fps=6.6 loss=-0.8998 actor=-1.3415 value=0.4733 entropy=3.1682 mean_return=4.660 mean_len=82.0
[gat-train] update=808 samples=16160 fps=6.6 loss=-1.0699 actor=-1.3979 value=0.3634 entropy=3.5427 mean_return=4.660 mean_len=82.0
[gat-train] update=809 samples=16180 fps=6.6 loss=25.9597 actor=5.3954 value=20.5977 entropy=3.3410 mean_return=4.659 mean_len=81.9
[gat-train] update=810 samples=16200 fps=6.6 loss=1.2590 actor=-0.3798 value=1.6732 entropy=3.4487 mean_return=4.659 mean_len=81.9
[gat-train] update=811 samples=16220 fps=6.6 loss=11.9669 actor=0.6769 value=11.3190 entropy=2.9080 mean_return=4.641 mean_len=81.7
[gat-train] update=812 samples=16240 fps=6.6 loss=22.0643 actor=4.5716 value=17.5291 entropy=3.6321 mean_return=4.623 mean_len=81.5
[gat-train] update=813 samples=16260 fps=6.6 loss=-0.0637 actor=-0.9914 value=0.9614 entropy=3.3740 mean_return=4.623 mean_len=81.5
[gat-train] update=814 samples=16280 fps=6.6 loss=0.6193 actor=0.4492 value=0.2085 entropy=3.8423 mean_return=4.623 mean_len=81.5
[gat-train] update=815 samples=16300 fps=6.6 loss=1.2512 actor=0.8142 value=0.4627 entropy=2.5698 mean_return=4.623 mean_len=81.5
[gat-train] update=816 samples=16320 fps=6.6 loss=21.9975 actor=4.0978 value=17.9371 entropy=3.7315 mean_return=4.601 mean_len=81.4
[gat-train] update=817 samples=16340 fps=6.6 loss=1.0536 actor=-1.1174 value=2.2059 entropy=3.4825 mean_return=4.601 mean_len=81.4
[gat-train] update=818 samples=16360 fps=6.6 loss=0.7788 actor=0.0160 value=0.7991 entropy=3.6250 mean_return=4.601 mean_len=81.4
[gat-train] update=819 samples=16380 fps=6.6 loss=-0.8611 actor=-1.1409 value=0.3194 entropy=3.9568 mean_return=4.601 mean_len=81.4
[gat-train] update=820 samples=16400 fps=6.6 loss=-0.7207 actor=-0.9130 value=0.2260 entropy=3.3696 mean_return=4.601 mean_len=81.4
[gat-train] update=821 samples=16420 fps=6.6 loss=2.0768 actor=1.5449 value=0.5631 entropy=3.1188 mean_return=4.601 mean_len=81.4
[gat-train] update=822 samples=16440 fps=6.6 loss=2.4125 actor=0.9798 value=1.4592 entropy=2.6578 mean_return=4.601 mean_len=81.4
[gat-train] update=823 samples=16460 fps=6.6 loss=-1.2638 actor=-1.8695 value=0.6401 entropy=3.4330 mean_return=4.601 mean_len=81.4
[gat-train] update=824 samples=16480 fps=6.6 loss=0.0358 actor=-0.2831 value=0.3507 entropy=3.1800 mean_return=4.601 mean_len=81.4
[gat-train] update=825 samples=16500 fps=6.6 loss=6.2185 actor=0.9257 value=5.3279 entropy=3.5094 mean_return=4.594 mean_len=81.1
[gat-train] update=826 samples=16520 fps=6.6 loss=30.2905 actor=6.4198 value=23.9064 entropy=3.5746 mean_return=4.586 mean_len=80.9
[gat-train] update=827 samples=16540 fps=6.6 loss=1.9606 actor=0.2731 value=1.7204 entropy=3.2866 mean_return=4.586 mean_len=80.9
[gat-train] update=828 samples=16560 fps=6.6 loss=6.6577 actor=1.9071 value=4.7897 entropy=3.9196 mean_return=4.593 mean_len=80.7
[gat-train] update=829 samples=16580 fps=6.6 loss=-1.6128 actor=-3.1947 value=1.6227 entropy=4.0784 mean_return=4.593 mean_len=80.7
[gat-train] update=830 samples=16600 fps=6.6 loss=-0.9112 actor=-1.3732 value=0.4939 entropy=3.1939 mean_return=4.593 mean_len=80.7
[gat-train] update=831 samples=16620 fps=6.6 loss=11.2711 actor=0.8757 value=10.4262 entropy=3.0826 mean_return=4.624 mean_len=80.6
[gat-train] update=832 samples=16640 fps=6.6 loss=-0.7153 actor=-0.9210 value=0.2458 entropy=4.0215 mean_return=4.624 mean_len=80.6
[gat-train] update=833 samples=16660 fps=6.6 loss=-1.1217 actor=-1.4133 value=0.3285 entropy=3.6846 mean_return=4.624 mean_len=80.6
[gat-train] update=834 samples=16680 fps=6.6 loss=-0.3008 actor=-0.9704 value=0.7023 entropy=3.2652 mean_return=4.624 mean_len=80.6
[gat-train] update=835 samples=16700 fps=6.6 loss=0.1573 actor=-0.2265 value=0.4179 entropy=3.4062 mean_return=4.624 mean_len=80.6
[gat-train] update=836 samples=16720 fps=6.6 loss=-1.0793 actor=-2.7108 value=1.6598 entropy=2.8357 mean_return=4.624 mean_len=80.6
[gat-train] update=837 samples=16740 fps=6.6 loss=1.6481 actor=1.1871 value=0.4940 entropy=3.2983 mean_return=4.624 mean_len=80.6
[gat-train] update=838 samples=16760 fps=6.6 loss=-0.8503 actor=-2.1166 value=1.2931 entropy=2.6893 mean_return=4.624 mean_len=80.6
[gat-train] update=839 samples=16780 fps=6.5 loss=19.1395 actor=4.2792 value=14.8915 entropy=3.1247 mean_return=4.614 mean_len=80.3
[gat-train] update=840 samples=16800 fps=6.5 loss=20.2522 actor=1.4075 value=18.8739 entropy=2.9238 mean_return=4.610 mean_len=80.0
[gat-train] update=841 samples=16820 fps=6.5 loss=0.1053 actor=-3.1135 value=3.2525 entropy=3.3749 mean_return=4.610 mean_len=80.0
[gat-train] update=842 samples=16840 fps=6.6 loss=7.9133 actor=0.5461 value=7.4055 entropy=3.8215 mean_return=4.596 mean_len=79.7
[gat-train] update=843 samples=16860 fps=6.6 loss=0.5574 actor=0.2183 value=0.3781 entropy=3.9052 mean_return=4.596 mean_len=79.7
[gat-train] update=844 samples=16880 fps=6.6 loss=0.8458 actor=0.3998 value=0.4793 entropy=3.3239 mean_return=4.596 mean_len=79.7
[gat-train] update=845 samples=16900 fps=6.6 loss=-0.2660 actor=-1.2175 value=0.9732 entropy=2.1694 mean_return=4.596 mean_len=79.7
[gat-train] update=846 samples=16920 fps=6.6 loss=17.4946 actor=3.1337 value=14.3802 entropy=1.9385 mean_return=4.607 mean_len=79.5
[gat-train] update=847 samples=16940 fps=6.6 loss=-0.8627 actor=-1.9476 value=1.1068 entropy=2.1822 mean_return=4.607 mean_len=79.5
[gat-train] update=848 samples=16960 fps=6.6 loss=1.2309 actor=0.8037 value=0.4612 entropy=3.4085 mean_return=4.607 mean_len=79.5
[gat-train] update=849 samples=16980 fps=6.6 loss=-1.4690 actor=-2.0506 value=0.6140 entropy=3.2397 mean_return=4.607 mean_len=79.5
[gat-train] update=850 samples=17000 fps=6.6 loss=-0.2270 actor=-0.4319 value=0.2261 entropy=2.1182 mean_return=4.607 mean_len=79.5
[gat-train] eval update=850 comp_score=93.99 best=95.39
[gat-train] update=851 samples=17020 fps=6.6 loss=-0.1360 actor=-0.5018 value=0.3980 entropy=3.2190 mean_return=4.607 mean_len=79.5
[gat-train] update=852 samples=17040 fps=6.6 loss=-0.2781 actor=-0.5682 value=0.3127 entropy=2.2680 mean_return=4.607 mean_len=79.5
[gat-train] update=853 samples=17060 fps=6.6 loss=-0.5558 actor=-1.0820 value=0.5507 entropy=2.4432 mean_return=4.607 mean_len=79.5
[gat-train] update=854 samples=17080 fps=6.6 loss=-0.4775 actor=-0.6254 value=0.1756 entropy=2.7716 mean_return=4.607 mean_len=79.5
[gat-train] update=855 samples=17100 fps=6.6 loss=22.9502 actor=3.7616 value=19.2148 entropy=2.6276 mean_return=4.616 mean_len=79.4
[gat-train] update=856 samples=17120 fps=6.6 loss=-0.3639 actor=-2.1716 value=1.8311 entropy=2.3371 mean_return=4.616 mean_len=79.4
[gat-train] update=857 samples=17140 fps=6.6 loss=7.3523 actor=1.1785 value=6.1980 entropy=2.4281 mean_return=4.579 mean_len=79.5
[gat-train] update=858 samples=17160 fps=6.6 loss=20.9334 actor=2.9095 value=18.0529 entropy=2.8942 mean_return=4.611 mean_len=79.4
[gat-train] update=859 samples=17180 fps=6.6 loss=0.9413 actor=0.4167 value=0.5513 entropy=2.6776 mean_return=4.611 mean_len=79.4
[gat-train] update=860 samples=17200 fps=6.6 loss=0.2594 actor=0.0074 value=0.2773 entropy=2.5276 mean_return=4.611 mean_len=79.4
[gat-train] update=861 samples=17220 fps=6.6 loss=-1.2412 actor=-1.8142 value=0.6015 entropy=2.8497 mean_return=4.611 mean_len=79.4
[gat-train] update=862 samples=17240 fps=6.6 loss=1.1922 actor=0.3400 value=0.8774 entropy=2.5274 mean_return=4.611 mean_len=79.4
[gat-train] update=863 samples=17260 fps=6.6 loss=-0.0447 actor=-0.5817 value=0.5693 entropy=3.2300 mean_return=4.611 mean_len=79.4
[gat-train] update=864 samples=17280 fps=6.6 loss=17.8484 actor=2.6001 value=15.2720 entropy=2.3669 mean_return=4.633 mean_len=79.5
[gat-train] update=865 samples=17300 fps=6.6 loss=-0.9033 actor=-1.2814 value=0.4105 entropy=3.2446 mean_return=4.633 mean_len=79.5
[gat-train] update=866 samples=17320 fps=6.6 loss=-0.2043 actor=-0.6653 value=0.4905 entropy=2.9558 mean_return=4.633 mean_len=79.5
[gat-train] update=867 samples=17340 fps=6.6 loss=0.0058 actor=-0.3116 value=0.3466 entropy=2.9158 mean_return=4.633 mean_len=79.5
[gat-train] update=868 samples=17360 fps=6.6 loss=0.7169 actor=0.0020 value=0.7407 entropy=2.5863 mean_return=4.633 mean_len=79.5
[gat-train] update=869 samples=17380 fps=6.6 loss=1.3310 actor=0.9157 value=0.4410 entropy=2.5729 mean_return=4.633 mean_len=79.5
[gat-train] update=870 samples=17400 fps=6.6 loss=-0.2045 actor=-1.0347 value=0.8481 entropy=1.7891 mean_return=4.633 mean_len=79.5
[gat-train] update=871 samples=17420 fps=6.6 loss=8.1441 actor=-1.2878 value=9.4559 entropy=2.3980 mean_return=4.606 mean_len=79.2
[gat-train] update=872 samples=17440 fps=6.7 loss=1.2169 actor=0.5941 value=0.6513 entropy=2.8428 mean_return=4.606 mean_len=79.2
[gat-train] update=873 samples=17460 fps=6.7 loss=8.1468 actor=1.5913 value=6.5813 entropy=2.5777 mean_return=4.571 mean_len=79.4
[gat-train] update=874 samples=17480 fps=6.7 loss=0.6791 actor=0.3190 value=0.3872 entropy=2.7174 mean_return=4.571 mean_len=79.4
[gat-train] update=875 samples=17500 fps=6.7 loss=8.3903 actor=2.0310 value=6.3921 entropy=3.2764 mean_return=4.580 mean_len=79.3
[gat-train] update=876 samples=17520 fps=6.7 loss=0.3229 actor=0.1076 value=0.2526 entropy=3.7272 mean_return=4.580 mean_len=79.3
[gat-train] update=877 samples=17540 fps=6.7 loss=-0.9575 actor=-1.1730 value=0.2501 entropy=3.4528 mean_return=4.580 mean_len=79.3
[gat-train] update=878 samples=17560 fps=6.7 loss=-0.3430 actor=-0.4161 value=0.1060 entropy=3.2917 mean_return=4.580 mean_len=79.3
[gat-train] update=879 samples=17580 fps=6.7 loss=0.8428 actor=0.3108 value=0.5586 entropy=2.6586 mean_return=4.580 mean_len=79.3
[gat-train] update=880 samples=17600 fps=6.7 loss=-0.2403 actor=-0.5073 value=0.2880 entropy=2.1039 mean_return=4.580 mean_len=79.3
[gat-train] update=881 samples=17620 fps=6.7 loss=6.6080 actor=-0.6354 value=7.2713 entropy=2.7903 mean_return=4.576 mean_len=79.2
[gat-train] update=882 samples=17640 fps=6.7 loss=0.5869 actor=0.4825 value=0.1314 entropy=2.6941 mean_return=4.576 mean_len=79.2
[gat-train] update=883 samples=17660 fps=6.7 loss=-0.5923 actor=-1.4192 value=0.8586 entropy=3.1737 mean_return=4.576 mean_len=79.2
[gat-train] update=884 samples=17680 fps=6.7 loss=-0.1248 actor=-0.2755 value=0.1792 entropy=2.8526 mean_return=4.576 mean_len=79.2
[gat-train] update=885 samples=17700 fps=6.7 loss=-0.5328 actor=-1.0615 value=0.5571 entropy=2.8322 mean_return=4.576 mean_len=79.2
[gat-train] update=886 samples=17720 fps=6.7 loss=-0.0073 actor=-0.9322 value=0.9500 entropy=2.4982 mean_return=4.576 mean_len=79.2
[gat-train] update=887 samples=17740 fps=6.7 loss=0.0238 actor=-0.4083 value=0.4553 entropy=2.3174 mean_return=4.576 mean_len=79.2
[gat-train] update=888 samples=17760 fps=6.7 loss=21.3120 actor=4.2887 value=17.0491 entropy=2.5784 mean_return=4.587 mean_len=79.2
[gat-train] update=889 samples=17780 fps=6.7 loss=23.6886 actor=3.0934 value=20.6169 entropy=2.1756 mean_return=4.566 mean_len=79.1
[gat-train] update=890 samples=17800 fps=6.7 loss=1.1867 actor=0.7552 value=0.4553 entropy=2.3769 mean_return=4.566 mean_len=79.1
[gat-train] update=891 samples=17820 fps=6.7 loss=22.5914 actor=2.1428 value=20.4773 entropy=2.8716 mean_return=4.575 mean_len=79.2
[gat-train] update=892 samples=17840 fps=6.7 loss=0.8206 actor=-0.7182 value=1.5674 entropy=2.8623 mean_return=4.575 mean_len=79.2
[gat-train] update=893 samples=17860 fps=6.7 loss=0.0212 actor=-0.2744 value=0.3265 entropy=3.0880 mean_return=4.575 mean_len=79.2
[gat-train] update=894 samples=17880 fps=6.7 loss=-0.5141 actor=-0.7714 value=0.2874 entropy=3.0066 mean_return=4.575 mean_len=79.2
[gat-train] update=895 samples=17900 fps=6.7 loss=-0.1655 actor=-0.4333 value=0.2910 entropy=2.3279 mean_return=4.575 mean_len=79.2
[gat-train] update=896 samples=17920 fps=6.7 loss=-0.7856 actor=-1.1396 value=0.3847 entropy=3.0741 mean_return=4.575 mean_len=79.2
[gat-train] update=897 samples=17940 fps=6.7 loss=-0.1101 actor=-0.9422 value=0.8559 entropy=2.3702 mean_return=4.575 mean_len=79.2
[gat-train] update=898 samples=17960 fps=6.7 loss=1.0848 actor=0.7154 value=0.3912 entropy=2.1813 mean_return=4.575 mean_len=79.2
[gat-train] update=899 samples=17980 fps=6.7 loss=8.6793 actor=0.3289 value=8.3772 entropy=2.6819 mean_return=4.565 mean_len=79.4
[gat-train] update=900 samples=18000 fps=6.7 loss=0.5393 actor=0.0183 value=0.5497 entropy=2.8779 mean_return=4.565 mean_len=79.4
[gat-train] eval update=900 comp_score=93.99 best=95.39
[gat-train] update=901 samples=18020 fps=6.7 loss=-0.3282 actor=-0.6141 value=0.3156 entropy=2.9688 mean_return=4.565 mean_len=79.4
[gat-train] update=902 samples=18040 fps=6.7 loss=-1.6602 actor=-2.3129 value=0.6838 entropy=3.1156 mean_return=4.565 mean_len=79.4
[gat-train] update=903 samples=18060 fps=6.7 loss=2.5820 actor=1.5046 value=1.1005 entropy=2.3120 mean_return=4.565 mean_len=79.4
[gat-train] update=904 samples=18080 fps=6.7 loss=-0.1640 actor=-0.8526 value=0.7146 entropy=2.6011 mean_return=4.565 mean_len=79.4
[gat-train] update=905 samples=18100 fps=6.7 loss=30.3156 actor=7.3790 value=22.9624 entropy=2.5842 mean_return=4.544 mean_len=79.4
[gat-train] update=906 samples=18120 fps=6.7 loss=1.4437 actor=-0.0804 value=1.5485 entropy=2.4478 mean_return=4.544 mean_len=79.4
[gat-train] update=907 samples=18140 fps=6.7 loss=24.4968 actor=5.2653 value=19.2563 entropy=2.4854 mean_return=4.553 mean_len=79.7
[gat-train] update=908 samples=18160 fps=6.8 loss=1.4305 actor=-0.9801 value=2.4323 entropy=2.1688 mean_return=4.553 mean_len=79.7
[gat-train] update=909 samples=18180 fps=6.8 loss=22.4083 actor=3.1584 value=19.2741 entropy=2.4254 mean_return=4.537 mean_len=79.7
[gat-train] update=910 samples=18200 fps=6.8 loss=0.6434 actor=-1.4756 value=2.1467 entropy=2.7666 mean_return=4.537 mean_len=79.7
[gat-train] update=911 samples=18220 fps=6.8 loss=0.7198 actor=0.1109 value=0.6347 entropy=2.5780 mean_return=4.537 mean_len=79.7
[gat-train] update=912 samples=18240 fps=6.8 loss=-0.4151 actor=-0.6780 value=0.2844 entropy=2.1573 mean_return=4.537 mean_len=79.7
[gat-train] update=913 samples=18260 fps=6.8 loss=1.1480 actor=0.9579 value=0.2105 entropy=2.0390 mean_return=4.537 mean_len=79.7
[gat-train] update=914 samples=18280 fps=6.8 loss=-0.1779 actor=-0.4859 value=0.3340 entropy=2.6043 mean_return=4.537 mean_len=79.7
[gat-train] update=915 samples=18300 fps=6.8 loss=-0.2153 actor=-0.3879 value=0.1891 entropy=1.6563 mean_return=4.537 mean_len=79.7
[gat-train] update=916 samples=18320 fps=6.8 loss=9.1559 actor=-0.8937 value=10.0757 entropy=2.6065 mean_return=4.544 mean_len=79.7
[gat-train] update=917 samples=18340 fps=6.8 loss=0.5386 actor=0.1009 value=0.4624 entropy=2.4744 mean_return=4.544 mean_len=79.7
[gat-train] update=918 samples=18360 fps=6.8 loss=1.3980 actor=0.5981 value=0.8266 entropy=2.6720 mean_return=4.544 mean_len=79.7
[gat-train] update=919 samples=18380 fps=6.8 loss=0.2758 actor=-0.1983 value=0.4930 entropy=1.8840 mean_return=4.544 mean_len=79.7
[gat-train] update=920 samples=18400 fps=6.8 loss=-0.4367 actor=-0.8668 value=0.4494 entropy=1.9311 mean_return=4.544 mean_len=79.7
[gat-train] update=921 samples=18420 fps=6.8 loss=-0.1056 actor=-0.5347 value=0.4496 entropy=2.0565 mean_return=4.544 mean_len=79.7
[gat-train] update=922 samples=18440 fps=6.8 loss=0.1017 actor=-0.1483 value=0.2707 entropy=2.0722 mean_return=4.544 mean_len=79.7
[gat-train] update=923 samples=18460 fps=6.8 loss=18.8552 actor=1.5607 value=17.3209 entropy=2.6408 mean_return=4.529 mean_len=79.8
[gat-train] update=924 samples=18480 fps=6.8 loss=0.9391 actor=0.1185 value=0.8451 entropy=2.4397 mean_return=4.529 mean_len=79.8
[gat-train] update=925 samples=18500 fps=6.8 loss=9.4523 actor=2.7399 value=6.7428 entropy=3.0464 mean_return=4.554 mean_len=79.8
[gat-train] update=926 samples=18520 fps=6.8 loss=13.5511 actor=1.7902 value=11.7885 entropy=2.7683 mean_return=4.560 mean_len=79.9
[gat-train] update=927 samples=18540 fps=6.8 loss=2.4686 actor=1.9231 value=0.5754 entropy=2.9883 mean_return=4.560 mean_len=79.9
[gat-train] update=928 samples=18560 fps=6.8 loss=-0.3367 actor=-0.5606 value=0.2533 entropy=2.9443 mean_return=4.560 mean_len=79.9
[gat-train] update=929 samples=18580 fps=6.8 loss=-1.0269 actor=-1.4436 value=0.4429 entropy=2.6141 mean_return=4.560 mean_len=79.9
[gat-train] update=930 samples=18600 fps=6.8 loss=0.2472 actor=0.0770 value=0.1922 entropy=2.2022 mean_return=4.560 mean_len=79.9
[gat-train] update=931 samples=18620 fps=6.8 loss=-0.2376 actor=-0.3858 value=0.1757 entropy=2.7557 mean_return=4.560 mean_len=79.9
[gat-train] update=932 samples=18640 fps=6.8 loss=0.7633 actor=0.5350 value=0.2556 entropy=2.7348 mean_return=4.560 mean_len=79.9
[gat-train] update=933 samples=18660 fps=6.8 loss=7.2959 actor=0.5470 value=6.7771 entropy=2.8202 mean_return=4.553 mean_len=79.9
[gat-train] update=934 samples=18680 fps=6.8 loss=1.0518 actor=0.7071 value=0.3797 entropy=3.4953 mean_return=4.553 mean_len=79.9
[gat-train] update=935 samples=18700 fps=6.8 loss=0.2053 actor=-0.3851 value=0.6161 entropy=2.5656 mean_return=4.553 mean_len=79.9
[gat-train] update=936 samples=18720 fps=6.8 loss=-1.3137 actor=-1.6576 value=0.3784 entropy=3.4574 mean_return=4.553 mean_len=79.9
[gat-train] update=937 samples=18740 fps=6.8 loss=-0.1219 actor=-0.6732 value=0.5775 entropy=2.6207 mean_return=4.553 mean_len=79.9
[gat-train] update=938 samples=18760 fps=6.8 loss=-1.3048 actor=-2.5368 value=1.2611 entropy=2.9034 mean_return=4.553 mean_len=79.9
[gat-train] update=939 samples=18780 fps=6.9 loss=2.0333 actor=1.2610 value=0.7990 entropy=2.6750 mean_return=4.553 mean_len=79.9
[gat-train] update=940 samples=18800 fps=6.9 loss=20.1260 actor=2.6598 value=17.4948 entropy=2.8502 mean_return=4.498 mean_len=80.2
[gat-train] update=941 samples=18820 fps=6.9 loss=13.0604 actor=2.8910 value=10.1990 entropy=2.9553 mean_return=4.479 mean_len=80.3
[gat-train] update=942 samples=18840 fps=6.9 loss=14.8591 actor=2.1980 value=12.6947 entropy=3.3654 mean_return=4.480 mean_len=80.4
[gat-train] update=943 samples=18860 fps=6.9 loss=-0.1573 actor=-0.5138 value=0.3927 entropy=3.6297 mean_return=4.480 mean_len=80.4
[gat-train] update=944 samples=18880 fps=6.9 loss=-0.0121 actor=-0.1090 value=0.1333 entropy=3.6436 mean_return=4.480 mean_len=80.4
[gat-train] update=945 samples=18900 fps=6.9 loss=-1.0325 actor=-1.2553 value=0.2554 entropy=3.2659 mean_return=4.480 mean_len=80.4
[gat-train] update=946 samples=18920 fps=6.9 loss=0.5340 actor=0.4067 value=0.1540 entropy=2.6755 mean_return=4.480 mean_len=80.4
[gat-train] update=947 samples=18940 fps=6.9 loss=14.1999 actor=2.7767 value=11.4535 entropy=3.0282 mean_return=4.506 mean_len=80.2
[gat-train] update=948 samples=18960 fps=6.9 loss=-0.2928 actor=-0.8097 value=0.5477 entropy=3.0856 mean_return=4.506 mean_len=80.2
[gat-train] update=949 samples=18980 fps=6.9 loss=1.1982 actor=0.3239 value=0.9020 entropy=2.7664 mean_return=4.506 mean_len=80.2
[gat-train] update=950 samples=19000 fps=6.9 loss=-1.0150 actor=-1.8761 value=0.8885 entropy=2.7432 mean_return=4.506 mean_len=80.2
[gat-train] eval update=950 comp_score=43.82 best=95.39
[gat-train] update=951 samples=19020 fps=6.9 loss=-1.7165 actor=-2.2843 value=0.5993 entropy=3.1558 mean_return=4.506 mean_len=80.2
[gat-train] update=952 samples=19040 fps=6.9 loss=-1.1030 actor=-1.4058 value=0.3334 entropy=3.0504 mean_return=4.506 mean_len=80.2
[gat-train] update=953 samples=19060 fps=6.9 loss=-0.1752 actor=-0.2471 value=0.1024 entropy=3.0428 mean_return=4.506 mean_len=80.2
[gat-train] update=954 samples=19080 fps=6.9 loss=-0.5213 actor=-0.8579 value=0.3676 entropy=3.1021 mean_return=4.506 mean_len=80.2
[gat-train] update=955 samples=19100 fps=6.9 loss=0.6049 actor=-0.5491 value=1.1820 entropy=2.8018 mean_return=4.506 mean_len=80.2
[gat-train] update=956 samples=19120 fps=6.9 loss=35.3926 actor=5.7134 value=29.7092 entropy=2.9921 mean_return=4.512 mean_len=79.9
[gat-train] update=957 samples=19140 fps=6.9 loss=1.1198 actor=0.2287 value=0.9166 entropy=2.5580 mean_return=4.512 mean_len=79.9
[gat-train] update=958 samples=19160 fps=6.9 loss=16.0303 actor=1.9488 value=14.1148 entropy=3.3381 mean_return=4.515 mean_len=80.0
[gat-train] update=959 samples=19180 fps=6.9 loss=-0.0750 actor=-0.3530 value=0.3100 entropy=3.2051 mean_return=4.515 mean_len=80.0
[gat-train] update=960 samples=19200 fps=6.9 loss=0.7586 actor=0.1085 value=0.6835 entropy=3.3401 mean_return=4.515 mean_len=80.0
[gat-train] update=961 samples=19220 fps=6.9 loss=1.3211 actor=0.8760 value=0.4760 entropy=3.0838 mean_return=4.515 mean_len=80.0
[gat-train] update=962 samples=19240 fps=6.9 loss=-0.0552 actor=-0.4898 value=0.4616 entropy=2.7024 mean_return=4.515 mean_len=80.0
[gat-train] update=963 samples=19260 fps=6.9 loss=1.0388 actor=0.6979 value=0.3733 entropy=3.2453 mean_return=4.515 mean_len=80.0
[gat-train] update=964 samples=19280 fps=6.9 loss=15.5237 actor=2.6205 value=12.9303 entropy=2.7108 mean_return=4.510 mean_len=80.3
[gat-train] update=965 samples=19300 fps=6.9 loss=0.7500 actor=0.3264 value=0.4530 entropy=2.9460 mean_return=4.510 mean_len=80.3
[gat-train] update=966 samples=19320 fps=6.9 loss=-0.4284 actor=-0.8513 value=0.4587 entropy=3.5776 mean_return=4.510 mean_len=80.3
[gat-train] update=967 samples=19340 fps=6.9 loss=0.3672 actor=-0.3186 value=0.7159 entropy=3.0115 mean_return=4.510 mean_len=80.3
[gat-train] update=968 samples=19360 fps=6.9 loss=-0.5712 actor=-0.9282 value=0.3862 entropy=2.9100 mean_return=4.510 mean_len=80.3
[gat-train] update=969 samples=19380 fps=6.9 loss=1.4365 actor=0.5433 value=0.9259 entropy=3.2748 mean_return=4.510 mean_len=80.3
[gat-train] update=970 samples=19400 fps=6.9 loss=1.2661 actor=0.0941 value=1.1978 entropy=2.5845 mean_return=4.510 mean_len=80.3
[gat-train] update=971 samples=19420 fps=7.0 loss=8.9122 actor=1.2935 value=7.6459 entropy=2.7196 mean_return=4.523 mean_len=80.4
[gat-train] update=972 samples=19440 fps=7.0 loss=18.2582 actor=2.2543 value=16.0397 entropy=3.5870 mean_return=4.528 mean_len=80.4
[gat-train] update=973 samples=19460 fps=7.0 loss=1.8452 actor=1.2538 value=0.6244 entropy=3.2953 mean_return=4.528 mean_len=80.4
[gat-train] update=974 samples=19480 fps=7.0 loss=21.4721 actor=4.5864 value=16.9204 entropy=3.4654 mean_return=4.554 mean_len=80.4
[gat-train] update=975 samples=19500 fps=7.0 loss=0.5603 actor=0.3405 value=0.2533 entropy=3.3493 mean_return=4.554 mean_len=80.4
[gat-train] update=976 samples=19520 fps=7.0 loss=-0.9674 actor=-1.6754 value=0.7453 entropy=3.7334 mean_return=4.554 mean_len=80.4
[gat-train] update=977 samples=19540 fps=7.0 loss=-0.9383 actor=-1.3664 value=0.4616 entropy=3.3420 mean_return=4.554 mean_len=80.4
[gat-train] update=978 samples=19560 fps=7.0 loss=-1.2873 actor=-1.6388 value=0.3876 entropy=3.6122 mean_return=4.554 mean_len=80.4
[gat-train] update=979 samples=19580 fps=7.0 loss=-1.0034 actor=-1.5485 value=0.5736 entropy=2.8442 mean_return=4.554 mean_len=80.4
[gat-train] update=980 samples=19600 fps=7.0 loss=-0.1243 actor=-0.2603 value=0.1704 entropy=3.4358 mean_return=4.554 mean_len=80.4
[gat-train] update=981 samples=19620 fps=7.0 loss=22.7479 actor=4.3900 value=18.3856 entropy=2.7689 mean_return=4.520 mean_len=80.6
[gat-train] update=982 samples=19640 fps=7.0 loss=-0.4061 actor=-4.1161 value=3.7385 entropy=2.8533 mean_return=4.520 mean_len=80.6
[gat-train] update=983 samples=19660 fps=7.0 loss=0.4574 actor=-0.4323 value=0.9190 entropy=2.9231 mean_return=4.520 mean_len=80.6
[gat-train] update=984 samples=19680 fps=7.0 loss=0.8481 actor=-0.4398 value=1.3183 entropy=3.0456 mean_return=4.520 mean_len=80.6
[gat-train] update=985 samples=19700 fps=7.0 loss=21.0213 actor=1.2420 value=19.8062 entropy=2.6880 mean_return=4.480 mean_len=80.6
[gat-train] update=986 samples=19720 fps=7.0 loss=-0.0551 actor=-0.8462 value=0.8118 entropy=2.0721 mean_return=4.480 mean_len=80.6
[gat-train] update=987 samples=19740 fps=7.0 loss=7.5752 actor=2.0172 value=5.5944 entropy=3.6449 mean_return=4.457 mean_len=80.5
[gat-train] update=988 samples=19760 fps=7.0 loss=0.9343 actor=-0.4272 value=1.3987 entropy=3.7254 mean_return=4.457 mean_len=80.5
[gat-train] update=989 samples=19780 fps=7.0 loss=-0.1456 actor=-0.4349 value=0.3220 entropy=3.2604 mean_return=4.457 mean_len=80.5
[gat-train] update=990 samples=19800 fps=7.0 loss=18.8203 actor=2.6163 value=16.2320 entropy=2.8010 mean_return=4.449 mean_len=80.5
[gat-train] update=991 samples=19820 fps=7.0 loss=-0.8538 actor=-1.2282 value=0.4074 entropy=3.3026 mean_return=4.449 mean_len=80.5
[gat-train] update=992 samples=19840 fps=7.0 loss=0.8866 actor=0.4650 value=0.4557 entropy=3.4143 mean_return=4.449 mean_len=80.5
[gat-train] update=993 samples=19860 fps=7.0 loss=-0.7505 actor=-0.9305 value=0.2150 entropy=3.5053 mean_return=4.449 mean_len=80.5
[gat-train] update=994 samples=19880 fps=7.0 loss=-1.1485 actor=-1.4016 value=0.2851 entropy=3.2020 mean_return=4.449 mean_len=80.5
[gat-train] update=995 samples=19900 fps=7.0 loss=-1.2439 actor=-1.6460 value=0.4364 entropy=3.4323 mean_return=4.449 mean_len=80.5
[gat-train] update=996 samples=19920 fps=7.0 loss=-0.2878 actor=-0.7741 value=0.5158 entropy=2.9612 mean_return=4.449 mean_len=80.5
[gat-train] update=997 samples=19940 fps=7.0 loss=17.5609 actor=1.9580 value=15.6380 entropy=3.5083 mean_return=4.457 mean_len=80.5
[gat-train] update=998 samples=19960 fps=7.0 loss=-0.4008 actor=-1.6408 value=1.2682 entropy=2.8207 mean_return=4.457 mean_len=80.5
[gat-train] update=999 samples=19980 fps=7.0 loss=0.8260 actor=-0.4690 value=1.3262 entropy=3.1159 mean_return=4.457 mean_len=80.5
[gat-train] update=1000 samples=20000 fps=7.0 loss=1.9024 actor=0.0579 value=1.8740 entropy=2.9487 mean_return=4.457 mean_len=80.5
[gat-train] eval update=1000 comp_score=43.82 best=95.39
[gat-train] update=1001 samples=20020 fps=7.0 loss=0.2136 actor=-1.0769 value=1.3100 entropy=1.9521 mean_return=4.457 mean_len=80.5
[gat-train] update=1002 samples=20040 fps=7.0 loss=35.5239 actor=6.3525 value=29.1957 entropy=2.4252 mean_return=4.394 mean_len=80.6
[gat-train] update=1003 samples=20060 fps=7.0 loss=0.1601 actor=-0.5869 value=0.7699 entropy=2.2971 mean_return=4.394 mean_len=80.6
[gat-train] update=1004 samples=20080 fps=7.1 loss=0.5859 actor=-0.7044 value=1.3271 entropy=3.6757 mean_return=4.394 mean_len=80.6
[gat-train] update=1005 samples=20100 fps=7.1 loss=0.3788 actor=-0.1592 value=0.5721 entropy=3.3979 mean_return=4.394 mean_len=80.6
[gat-train] update=1006 samples=20120 fps=7.1 loss=25.0767 actor=3.4462 value=21.6616 entropy=3.1104 mean_return=4.360 mean_len=80.6
[gat-train] update=1007 samples=20140 fps=7.1 loss=0.3297 actor=-2.0025 value=2.3669 entropy=3.4773 mean_return=4.360 mean_len=80.6
[gat-train] update=1008 samples=20160 fps=7.1 loss=-0.4065 actor=-0.9715 value=0.5947 entropy=2.9714 mean_return=4.360 mean_len=80.6
[gat-train] update=1009 samples=20180 fps=7.1 loss=0.6922 actor=0.1472 value=0.5770 entropy=3.1933 mean_return=4.360 mean_len=80.6
[gat-train] update=1010 samples=20200 fps=7.1 loss=0.1383 actor=-0.2912 value=0.4567 entropy=2.7107 mean_return=4.360 mean_len=80.6
[gat-train] update=1011 samples=20220 fps=7.1 loss=-0.5597 actor=-0.8243 value=0.2901 entropy=2.5480 mean_return=4.360 mean_len=80.6
[gat-train] update=1012 samples=20240 fps=7.1 loss=-0.5050 actor=-1.4354 value=0.9509 entropy=2.0511 mean_return=4.360 mean_len=80.6
[gat-train] update=1013 samples=20260 fps=7.1 loss=17.7111 actor=3.0653 value=14.6764 entropy=3.0514 mean_return=4.363 mean_len=80.7
[gat-train] update=1014 samples=20280 fps=7.1 loss=1.4448 actor=1.0564 value=0.4225 entropy=3.4086 mean_return=4.363 mean_len=80.7
[gat-train] update=1015 samples=20300 fps=7.1 loss=-0.5174 actor=-0.9776 value=0.4898 entropy=2.9525 mean_return=4.363 mean_len=80.7
[gat-train] update=1016 samples=20320 fps=7.1 loss=0.1438 actor=-1.1488 value=1.3187 entropy=2.6139 mean_return=4.363 mean_len=80.7
[gat-train] update=1017 samples=20340 fps=7.1 loss=-0.3383 actor=-0.9405 value=0.6317 entropy=2.9446 mean_return=4.363 mean_len=80.7
[gat-train] update=1018 samples=20360 fps=7.1 loss=0.2728 actor=-0.3790 value=0.6746 entropy=2.2831 mean_return=4.363 mean_len=80.7
[gat-train] update=1019 samples=20380 fps=7.1 loss=3.1979 actor=1.8588 value=1.3622 entropy=2.3122 mean_return=4.363 mean_len=80.7
[gat-train] update=1020 samples=20400 fps=7.1 loss=30.8487 actor=4.9691 value=25.9083 entropy=2.8706 mean_return=4.391 mean_len=81.0
[gat-train] update=1021 samples=20420 fps=7.1 loss=0.6812 actor=0.1496 value=0.5655 entropy=3.3898 mean_return=4.391 mean_len=81.0
[gat-train] update=1022 samples=20440 fps=7.1 loss=-0.0835 actor=-1.0350 value=0.9828 entropy=3.1235 mean_return=4.391 mean_len=81.0
[gat-train] update=1023 samples=20460 fps=7.1 loss=23.3536 actor=3.8901 value=19.4982 entropy=3.4666 mean_return=4.401 mean_len=81.2
[gat-train] update=1024 samples=20480 fps=7.1 loss=-0.8792 actor=-1.2427 value=0.3983 entropy=3.4770 mean_return=4.401 mean_len=81.2
[gat-train] update=1025 samples=20500 fps=7.1 loss=-0.0229 actor=-0.3520 value=0.3568 entropy=2.7808 mean_return=4.401 mean_len=81.2
[gat-train] update=1026 samples=20520 fps=7.1 loss=0.1576 actor=0.0307 value=0.1588 entropy=3.1916 mean_return=4.401 mean_len=81.2
[gat-train] update=1027 samples=20540 fps=7.1 loss=0.2630 actor=-0.0221 value=0.3074 entropy=2.2261 mean_return=4.401 mean_len=81.2
[gat-train] update=1028 samples=20560 fps=7.1 loss=0.4263 actor=-0.1281 value=0.5794 entropy=2.4961 mean_return=4.401 mean_len=81.2
[gat-train] update=1029 samples=20580 fps=7.1 loss=-0.5549 actor=-1.1842 value=0.6567 entropy=2.7391 mean_return=4.401 mean_len=81.2
[gat-train] update=1030 samples=20600 fps=7.1 loss=-0.5774 actor=-1.0476 value=0.4936 entropy=2.3372 mean_return=4.401 mean_len=81.2
[gat-train] update=1031 samples=20620 fps=7.1 loss=29.0993 actor=2.9145 value=26.2155 entropy=3.0608 mean_return=4.385 mean_len=81.4
[gat-train] update=1032 samples=20640 fps=7.1 loss=1.1997 actor=0.3265 value=0.9031 entropy=2.9800 mean_return=4.385 mean_len=81.4
[gat-train] update=1033 samples=20660 fps=7.1 loss=21.9710 actor=5.1064 value=16.8959 entropy=3.1252 mean_return=4.371 mean_len=81.2
[gat-train] update=1034 samples=20680 fps=7.1 loss=3.0187 actor=1.5590 value=1.4885 entropy=2.8880 mean_return=4.371 mean_len=81.2
[gat-train] update=1035 samples=20700 fps=7.1 loss=-0.1644 actor=-1.0163 value=0.8775 entropy=2.5586 mean_return=4.371 mean_len=81.2
[gat-train] update=1036 samples=20720 fps=7.1 loss=24.3796 actor=4.1816 value=20.2278 entropy=2.9792 mean_return=4.371 mean_len=81.4
[gat-train] update=1037 samples=20740 fps=7.2 loss=0.9340 actor=0.0477 value=0.9185 entropy=3.2148 mean_return=4.371 mean_len=81.4
[gat-train] update=1038 samples=20760 fps=7.2 loss=-0.1971 actor=-0.3303 value=0.1598 entropy=2.6550 mean_return=4.371 mean_len=81.4
[gat-train] update=1039 samples=20780 fps=7.2 loss=19.5981 actor=2.8674 value=16.7563 entropy=2.5603 mean_return=4.403 mean_len=81.5
[gat-train] update=1040 samples=20800 fps=7.2 loss=-0.3792 actor=-0.5100 value=0.1664 entropy=3.5585 mean_return=4.403 mean_len=81.5
[gat-train] update=1041 samples=20820 fps=7.2 loss=-0.8843 actor=-1.2628 value=0.4134 entropy=3.4895 mean_return=4.403 mean_len=81.5
[gat-train] update=1042 samples=20840 fps=7.2 loss=0.0822 actor=-0.1143 value=0.2283 entropy=3.1786 mean_return=4.403 mean_len=81.5
[gat-train] update=1043 samples=20860 fps=7.2 loss=0.1542 actor=-0.2431 value=0.4281 entropy=3.0680 mean_return=4.403 mean_len=81.5
[gat-train] update=1044 samples=20880 fps=7.2 loss=-0.7440 actor=-1.2547 value=0.5357 entropy=2.5005 mean_return=4.403 mean_len=81.5
[gat-train] update=1045 samples=20900 fps=7.2 loss=0.2910 actor=-0.2136 value=0.5295 entropy=2.4930 mean_return=4.403 mean_len=81.5
[gat-train] update=1046 samples=20920 fps=7.2 loss=-0.7331 actor=-1.0671 value=0.3636 entropy=2.9690 mean_return=4.403 mean_len=81.5
[gat-train] update=1047 samples=20940 fps=7.2 loss=10.1875 actor=1.4167 value=8.8045 entropy=3.3743 mean_return=4.429 mean_len=81.7
[gat-train] update=1048 samples=20960 fps=7.2 loss=0.6994 actor=0.1060 value=0.6222 entropy=2.8831 mean_return=4.429 mean_len=81.7
[gat-train] update=1049 samples=20980 fps=7.2 loss=34.6199 actor=5.8864 value=28.7592 entropy=2.5663 mean_return=4.425 mean_len=81.9
[gat-train] update=1050 samples=21000 fps=7.2 loss=1.7221 actor=-0.7338 value=2.4829 entropy=2.7045 mean_return=4.425 mean_len=81.9
[gat-train] eval update=1050 comp_score=43.82 best=95.39
[gat-train] update=1051 samples=21020 fps=7.2 loss=20.1706 actor=3.4748 value=16.7274 entropy=3.1664 mean_return=4.423 mean_len=81.9
[gat-train] update=1052 samples=21040 fps=7.2 loss=-0.1176 actor=-0.7144 value=0.6282 entropy=3.1346 mean_return=4.423 mean_len=81.9
[gat-train] update=1053 samples=21060 fps=7.2 loss=-0.3449 actor=-0.7956 value=0.4780 entropy=2.7254 mean_return=4.423 mean_len=81.9
[gat-train] update=1054 samples=21080 fps=7.2 loss=-0.2630 actor=-0.7388 value=0.5056 entropy=2.9849 mean_return=4.423 mean_len=81.9
[gat-train] update=1055 samples=21100 fps=7.2 loss=-0.4963 actor=-1.5103 value=1.0383 entropy=2.4340 mean_return=4.423 mean_len=81.9
[gat-train] update=1056 samples=21120 fps=7.2 loss=0.8414 actor=0.5270 value=0.3475 entropy=3.3069 mean_return=4.423 mean_len=81.9
[gat-train] update=1057 samples=21140 fps=7.2 loss=29.4433 actor=5.3392 value=24.1305 entropy=2.6281 mean_return=4.423 mean_len=82.1
[gat-train] update=1058 samples=21160 fps=7.2 loss=-0.4428 actor=-0.6724 value=0.2563 entropy=2.6703 mean_return=4.423 mean_len=82.1
[gat-train] update=1059 samples=21180 fps=7.2 loss=1.1555 actor=0.9200 value=0.2653 entropy=2.9906 mean_return=4.423 mean_len=82.1
[gat-train] update=1060 samples=21200 fps=7.2 loss=-0.2506 actor=-1.4551 value=1.2423 entropy=3.7822 mean_return=4.423 mean_len=82.1
[gat-train] update=1061 samples=21220 fps=7.2 loss=0.0926 actor=-0.9907 value=1.1109 entropy=2.7622 mean_return=4.423 mean_len=82.1
[gat-train] update=1062 samples=21240 fps=7.2 loss=-0.3003 actor=-1.0316 value=0.7584 entropy=2.7082 mean_return=4.423 mean_len=82.1
[gat-train] update=1063 samples=21260 fps=7.2 loss=40.4622 actor=8.2750 value=32.2236 entropy=3.6457 mean_return=4.447 mean_len=82.2
[gat-train] update=1064 samples=21280 fps=7.2 loss=1.6243 actor=-0.7548 value=2.4102 entropy=3.1195 mean_return=4.447 mean_len=82.2
[gat-train] update=1065 samples=21300 fps=7.2 loss=0.2688 actor=-0.8507 value=1.1493 entropy=2.9789 mean_return=4.447 mean_len=82.2
[gat-train] update=1066 samples=21320 fps=7.2 loss=18.3456 actor=4.2342 value=14.1433 entropy=3.1878 mean_return=4.423 mean_len=82.1
[gat-train] update=1067 samples=21340 fps=7.2 loss=15.1504 actor=2.1058 value=13.0726 entropy=2.8015 mean_return=4.389 mean_len=81.9
[gat-train] update=1068 samples=21360 fps=7.2 loss=0.1172 actor=-0.1953 value=0.3478 entropy=3.5231 mean_return=4.389 mean_len=81.9
[gat-train] update=1069 samples=21380 fps=7.2 loss=1.4401 actor=1.1392 value=0.3315 entropy=3.0610 mean_return=4.389 mean_len=81.9
[gat-train] update=1070 samples=21400 fps=7.2 loss=-0.8154 actor=-1.0934 value=0.3108 entropy=3.2869 mean_return=4.389 mean_len=81.9
[gat-train] update=1071 samples=21420 fps=7.2 loss=-0.3494 actor=-0.4790 value=0.1599 entropy=3.0342 mean_return=4.389 mean_len=81.9
[gat-train] update=1072 samples=21440 fps=7.2 loss=0.0190 actor=-0.0825 value=0.1334 entropy=3.1886 mean_return=4.389 mean_len=81.9
[gat-train] update=1073 samples=21460 fps=7.3 loss=-0.1575 actor=-0.4324 value=0.3118 entropy=3.6886 mean_return=4.389 mean_len=81.9
[gat-train] update=1074 samples=21480 fps=7.3 loss=15.3059 actor=2.5613 value=12.7775 entropy=3.2823 mean_return=4.400 mean_len=82.2
[gat-train] update=1075 samples=21500 fps=7.3 loss=-0.9038 actor=-1.5484 value=0.6716 entropy=2.7053 mean_return=4.400 mean_len=82.2
[gat-train] update=1076 samples=21520 fps=7.3 loss=-1.5350 actor=-1.9477 value=0.4479 entropy=3.5120 mean_return=4.400 mean_len=82.2
[gat-train] update=1077 samples=21540 fps=7.3 loss=-0.3726 actor=-0.4239 value=0.0911 entropy=3.9824 mean_return=4.400 mean_len=82.2
[gat-train] update=1078 samples=21560 fps=7.3 loss=-0.8242 actor=-1.3791 value=0.5848 entropy=2.9808 mean_return=4.400 mean_len=82.2
[gat-train] update=1079 samples=21580 fps=7.3 loss=2.7514 actor=1.7129 value=1.0683 entropy=2.9719 mean_return=4.400 mean_len=82.2
[gat-train] update=1080 samples=21600 fps=7.3 loss=0.6886 actor=-0.7251 value=1.4325 entropy=1.8685 mean_return=4.400 mean_len=82.2
[gat-train] update=1081 samples=21620 fps=7.3 loss=43.3705 actor=8.4647 value=34.9309 entropy=2.5073 mean_return=4.413 mean_len=82.2
[gat-train] update=1082 samples=21640 fps=7.3 loss=21.7971 actor=2.1289 value=19.6918 entropy=2.3579 mean_return=4.410 mean_len=82.1
[gat-train] update=1083 samples=21660 fps=7.3 loss=9.7611 actor=0.6815 value=9.1064 entropy=2.6833 mean_return=4.394 mean_len=82.1
[gat-train] update=1084 samples=21680 fps=7.3 loss=0.7113 actor=0.5110 value=0.2305 entropy=3.0266 mean_return=4.394 mean_len=82.1
[gat-train] update=1085 samples=21700 fps=7.3 loss=-0.2881 actor=-1.0810 value=0.8281 entropy=3.5243 mean_return=4.394 mean_len=82.1
[gat-train] update=1086 samples=21720 fps=7.3 loss=0.8429 actor=-0.2364 value=1.1043 entropy=2.4997 mean_return=4.394 mean_len=82.1
[gat-train] update=1087 samples=21740 fps=7.3 loss=-1.2766 actor=-2.2146 value=0.9664 entropy=2.8374 mean_return=4.394 mean_len=82.1
[gat-train] update=1088 samples=21760 fps=7.3 loss=0.0726 actor=-0.1778 value=0.2748 entropy=2.4454 mean_return=4.394 mean_len=82.1
[gat-train] update=1089 samples=21780 fps=7.3 loss=0.2602 actor=0.0215 value=0.2606 entropy=2.1915 mean_return=4.394 mean_len=82.1
[gat-train] update=1090 samples=21800 fps=7.3 loss=30.7210 actor=3.0506 value=27.6973 entropy=2.6927 mean_return=4.388 mean_len=82.0
[gat-train] update=1091 samples=21820 fps=7.3 loss=0.0626 actor=-0.1938 value=0.2843 entropy=2.7877 mean_return=4.388 mean_len=82.0
[gat-train] update=1092 samples=21840 fps=7.3 loss=-0.9875 actor=-1.9102 value=0.9528 entropy=3.0076 mean_return=4.388 mean_len=82.0
[gat-train] update=1093 samples=21860 fps=7.3 loss=-0.9066 actor=-1.3706 value=0.4885 entropy=2.4521 mean_return=4.388 mean_len=82.0
[gat-train] update=1094 samples=21880 fps=7.3 loss=0.3802 actor=-0.4914 value=0.8949 entropy=2.3342 mean_return=4.388 mean_len=82.0
[gat-train] update=1095 samples=21900 fps=7.3 loss=2.1474 actor=0.9921 value=1.1815 entropy=2.6245 mean_return=4.388 mean_len=82.0
[gat-train] update=1096 samples=21920 fps=7.3 loss=-0.7728 actor=-2.0185 value=1.2671 entropy=2.1377 mean_return=4.388 mean_len=82.0
[gat-train] update=1097 samples=21940 fps=7.3 loss=1.1710 actor=0.4046 value=0.7887 entropy=2.2268 mean_return=4.388 mean_len=82.0
[gat-train] update=1098 samples=21960 fps=7.3 loss=41.6838 actor=8.3042 value=33.4082 entropy=2.8666 mean_return=4.428 mean_len=81.9
[gat-train] update=1099 samples=21980 fps=7.3 loss=0.4359 actor=-0.2752 value=0.7403 entropy=2.9163 mean_return=4.428 mean_len=81.9
[gat-train] update=1100 samples=22000 fps=7.3 loss=27.0776 actor=4.4316 value=22.6836 entropy=3.7562 mean_return=4.457 mean_len=81.9
[gat-train] eval update=1100 comp_score=93.06 best=95.39
[gat-train] update=1101 samples=22020 fps=7.3 loss=0.3169 actor=-0.0198 value=0.3642 entropy=2.7514 mean_return=4.457 mean_len=81.9
[gat-train] update=1102 samples=22040 fps=7.3 loss=-0.2025 actor=-0.5253 value=0.3485 entropy=2.5690 mean_return=4.457 mean_len=81.9
[gat-train] update=1103 samples=22060 fps=7.3 loss=0.3553 actor=0.2383 value=0.1443 entropy=2.7268 mean_return=4.457 mean_len=81.9
[gat-train] update=1104 samples=22080 fps=7.3 loss=-0.3833 actor=-0.7003 value=0.3464 entropy=2.9400 mean_return=4.457 mean_len=81.9
[gat-train] update=1105 samples=22100 fps=7.3 loss=-0.6835 actor=-0.9297 value=0.2726 entropy=2.6317 mean_return=4.457 mean_len=81.9
[gat-train] update=1106 samples=22120 fps=7.3 loss=-0.2094 actor=-0.4707 value=0.2868 entropy=2.5477 mean_return=4.457 mean_len=81.9
[gat-train] update=1107 samples=22140 fps=7.3 loss=0.2983 actor=-1.1800 value=1.4994 entropy=2.1125 mean_return=4.457 mean_len=81.9
[gat-train] update=1108 samples=22160 fps=7.3 loss=0.4941 actor=-0.0163 value=0.5327 entropy=2.2424 mean_return=4.457 mean_len=81.9
[gat-train] update=1109 samples=22180 fps=7.3 loss=9.0346 actor=0.5607 value=8.5020 entropy=2.8088 mean_return=4.450 mean_len=82.0
[gat-train] update=1110 samples=22200 fps=7.3 loss=0.9277 actor=0.3398 value=0.6084 entropy=2.0591 mean_return=4.450 mean_len=82.0
[gat-train] update=1111 samples=22220 fps=7.3 loss=0.4030 actor=-0.0572 value=0.4864 entropy=2.6292 mean_return=4.450 mean_len=82.0
[gat-train] update=1112 samples=22240 fps=7.3 loss=0.9054 actor=0.3752 value=0.5519 entropy=2.1609 mean_return=4.450 mean_len=82.0
[gat-train] update=1113 samples=22260 fps=7.3 loss=1.1426 actor=-0.2216 value=1.3905 entropy=2.6318 mean_return=4.450 mean_len=82.0
[gat-train] update=1114 samples=22280 fps=7.4 loss=0.3233 actor=-0.5543 value=0.9023 entropy=2.4692 mean_return=4.450 mean_len=82.0
[gat-train] update=1115 samples=22300 fps=7.4 loss=18.9058 actor=3.4437 value=15.4906 entropy=2.8425 mean_return=4.458 mean_len=81.9
[gat-train] update=1116 samples=22320 fps=7.4 loss=-0.1039 actor=-2.4490 value=2.3651 entropy=2.0060 mean_return=4.458 mean_len=81.9
[gat-train] update=1117 samples=22340 fps=7.4 loss=11.6835 actor=2.3270 value=9.3852 entropy=2.8608 mean_return=4.461 mean_len=82.0
[gat-train] update=1118 samples=22360 fps=7.4 loss=16.2169 actor=2.2907 value=13.9505 entropy=2.4350 mean_return=4.456 mean_len=82.1
[gat-train] update=1119 samples=22380 fps=7.4 loss=0.4099 actor=-0.0331 value=0.4661 entropy=2.3076 mean_return=4.456 mean_len=82.1
[gat-train] update=1120 samples=22400 fps=7.4 loss=0.2417 actor=0.0836 value=0.1922 entropy=3.4117 mean_return=4.456 mean_len=82.1
[gat-train] update=1121 samples=22420 fps=7.4 loss=0.8606 actor=0.0053 value=0.8816 entropy=2.6310 mean_return=4.456 mean_len=82.1
[gat-train] update=1122 samples=22440 fps=7.4 loss=1.2367 actor=0.6392 value=0.6267 entropy=2.9198 mean_return=4.456 mean_len=82.1
[gat-train] update=1123 samples=22460 fps=7.4 loss=0.0716 actor=-0.1882 value=0.2820 entropy=2.2235 mean_return=4.456 mean_len=82.1
[gat-train] update=1124 samples=22480 fps=7.4 loss=36.8184 actor=6.7617 value=30.0819 entropy=2.5156 mean_return=4.479 mean_len=81.9
[gat-train] update=1125 samples=22500 fps=7.4 loss=1.7752 actor=-1.2332 value=3.0432 entropy=3.4841 mean_return=4.479 mean_len=81.9
[gat-train] update=1126 samples=22520 fps=7.4 loss=0.7303 actor=0.1981 value=0.5604 entropy=2.8196 mean_return=4.479 mean_len=81.9
[gat-train] update=1127 samples=22540 fps=7.4 loss=0.4376 actor=-0.0587 value=0.5346 entropy=3.8314 mean_return=4.479 mean_len=81.9
[gat-train] update=1128 samples=22560 fps=7.4 loss=-0.4495 actor=-1.0864 value=0.6720 entropy=3.5100 mean_return=4.479 mean_len=81.9
[gat-train] update=1129 samples=22580 fps=7.4 loss=-0.3083 actor=-0.9054 value=0.6309 entropy=3.3795 mean_return=4.479 mean_len=81.9
[gat-train] update=1130 samples=22600 fps=7.4 loss=0.3765 actor=-0.2835 value=0.6866 entropy=2.6516 mean_return=4.479 mean_len=81.9
[gat-train] update=1131 samples=22620 fps=7.4 loss=1.8565 actor=-0.3068 value=2.1927 entropy=2.9437 mean_return=4.479 mean_len=81.9
[gat-train] update=1132 samples=22640 fps=7.4 loss=1.0190 actor=-2.9474 value=3.9878 entropy=2.1419 mean_return=4.479 mean_len=81.9
[gat-train] update=1133 samples=22660 fps=7.4 loss=82.7573 actor=17.2998 value=65.4821 entropy=2.4653 mean_return=4.504 mean_len=81.7
[gat-train] update=1134 samples=22680 fps=7.4 loss=36.0008 actor=2.2495 value=33.7811 entropy=2.9926 mean_return=4.520 mean_len=81.9
[gat-train] update=1135 samples=22700 fps=7.4 loss=-0.8511 actor=-1.5529 value=0.7380 entropy=3.6251 mean_return=4.520 mean_len=81.9
[gat-train] update=1136 samples=22720 fps=7.4 loss=-0.0005 actor=-0.0792 value=0.1159 entropy=3.7188 mean_return=4.520 mean_len=81.9
[gat-train] update=1137 samples=22740 fps=7.4 loss=2.4662 actor=1.9175 value=0.5853 entropy=3.6592 mean_return=4.520 mean_len=81.9
[gat-train] update=1138 samples=22760 fps=7.4 loss=-0.4403 actor=-0.6741 value=0.2649 entropy=3.1173 mean_return=4.520 mean_len=81.9
[gat-train] update=1139 samples=22780 fps=7.4 loss=16.5726 actor=1.3850 value=15.2135 entropy=2.5925 mean_return=4.526 mean_len=81.7
[gat-train] update=1140 samples=22800 fps=7.4 loss=-0.2840 actor=-0.4422 value=0.1843 entropy=2.6161 mean_return=4.526 mean_len=81.7
[gat-train] update=1141 samples=22820 fps=7.4 loss=0.8628 actor=0.3501 value=0.5372 entropy=2.4407 mean_return=4.526 mean_len=81.7
[gat-train] update=1142 samples=22840 fps=7.4 loss=-0.6771 actor=-1.0582 value=0.4111 entropy=3.0097 mean_return=4.526 mean_len=81.7
[gat-train] update=1143 samples=22860 fps=7.4 loss=0.2575 actor=0.0617 value=0.2140 entropy=1.8172 mean_return=4.526 mean_len=81.7
[gat-train] update=1144 samples=22880 fps=7.4 loss=-0.5777 actor=-1.0756 value=0.5317 entropy=3.3792 mean_return=4.526 mean_len=81.7
[gat-train] update=1145 samples=22900 fps=7.4 loss=-1.1278 actor=-1.6924 value=0.5972 entropy=3.2592 mean_return=4.526 mean_len=81.7
[gat-train] update=1146 samples=22920 fps=7.4 loss=-1.2878 actor=-1.7269 value=0.4669 entropy=2.7766 mean_return=4.526 mean_len=81.7
[gat-train] update=1147 samples=22940 fps=7.4 loss=-1.2566 actor=-1.8030 value=0.5803 entropy=3.3837 mean_return=4.526 mean_len=81.7
[gat-train] update=1148 samples=22960 fps=7.4 loss=2.2733 actor=1.5205 value=0.7803 entropy=2.7551 mean_return=4.526 mean_len=81.7
[gat-train] update=1149 samples=22980 fps=7.4 loss=1.0386 actor=0.2635 value=0.7988 entropy=2.3764 mean_return=4.526 mean_len=81.7
[gat-train] update=1150 samples=23000 fps=7.4 loss=45.6222 actor=8.1852 value=37.4665 entropy=2.9439 mean_return=4.514 mean_len=81.9
[gat-train] eval update=1150 comp_score=89.26 best=95.39
[gat-train] update=1151 samples=23020 fps=7.4 loss=1.1719 actor=-0.5000 value=1.7055 entropy=3.3474 mean_return=4.514 mean_len=81.9
[gat-train] update=1152 samples=23040 fps=7.4 loss=0.6862 actor=0.5409 value=0.1771 entropy=3.1746 mean_return=4.514 mean_len=81.9
[gat-train] update=1153 samples=23060 fps=7.5 loss=0.9614 actor=0.6513 value=0.3429 entropy=3.2781 mean_return=4.514 mean_len=81.9
[gat-train] update=1154 samples=23080 fps=7.5 loss=1.1033 actor=0.6156 value=0.5126 entropy=2.4957 mean_return=4.514 mean_len=81.9
[gat-train] update=1155 samples=23100 fps=7.5 loss=-0.2205 actor=-1.2724 value=1.0793 entropy=2.7396 mean_return=4.514 mean_len=81.9
[gat-train] update=1156 samples=23120 fps=7.5 loss=43.0587 actor=9.0383 value=34.0500 entropy=2.9576 mean_return=4.535 mean_len=82.1
[gat-train] update=1157 samples=23140 fps=7.5 loss=-0.1208 actor=-0.8264 value=0.7405 entropy=3.4935 mean_return=4.535 mean_len=82.1
[gat-train] update=1158 samples=23160 fps=7.5 loss=-0.9507 actor=-1.8331 value=0.9159 entropy=3.3514 mean_return=4.535 mean_len=82.1
[gat-train] update=1159 samples=23180 fps=7.5 loss=0.0986 actor=-0.7763 value=0.9061 entropy=3.1163 mean_return=4.535 mean_len=82.1
[gat-train] update=1160 samples=23200 fps=7.5 loss=0.5166 actor=0.0511 value=0.4979 entropy=3.2414 mean_return=4.535 mean_len=82.1
[gat-train] update=1161 samples=23220 fps=7.5 loss=0.9261 actor=0.4755 value=0.4856 entropy=3.5038 mean_return=4.535 mean_len=82.1
[gat-train] update=1162 samples=23240 fps=7.5 loss=0.6207 actor=0.0432 value=0.6037 entropy=2.6259 mean_return=4.535 mean_len=82.1
[gat-train] update=1163 samples=23260 fps=7.5 loss=-0.4458 actor=-1.2688 value=0.8516 entropy=2.8621 mean_return=4.535 mean_len=82.1
[gat-train] update=1164 samples=23280 fps=7.5 loss=-1.1693 actor=-2.7190 value=1.5830 entropy=3.3255 mean_return=4.535 mean_len=82.1
[gat-train] update=1165 samples=23300 fps=7.5 loss=0.4092 actor=-2.5464 value=2.9819 entropy=2.6304 mean_return=4.535 mean_len=82.1
[gat-train] update=1166 samples=23320 fps=7.5 loss=81.0389 actor=14.6316 value=66.4376 entropy=3.0355 mean_return=4.530 mean_len=82.3
[gat-train] update=1167 samples=23340 fps=7.5 loss=4.1335 actor=-4.9299 value=9.0937 entropy=3.0339 mean_return=4.530 mean_len=82.3
[gat-train] update=1168 samples=23360 fps=7.5 loss=28.5306 actor=5.5928 value=22.9725 entropy=3.4703 mean_return=4.534 mean_len=82.4
[gat-train] update=1169 samples=23380 fps=7.5 loss=0.4394 actor=0.0291 value=0.4455 entropy=3.5186 mean_return=4.534 mean_len=82.4
[gat-train] update=1170 samples=23400 fps=7.5 loss=0.3003 actor=0.2670 value=0.0743 entropy=4.0961 mean_return=4.534 mean_len=82.4
[gat-train] update=1171 samples=23420 fps=7.5 loss=-0.4619 actor=-0.6147 value=0.1843 entropy=3.1508 mean_return=4.534 mean_len=82.4
[gat-train] update=1172 samples=23440 fps=7.5 loss=19.8478 actor=2.4108 value=17.4633 entropy=2.6221 mean_return=4.519 mean_len=82.5
[gat-train] update=1173 samples=23460 fps=7.5 loss=1.0384 actor=0.2289 value=0.8402 entropy=3.0661 mean_return=4.519 mean_len=82.5
[gat-train] update=1174 samples=23480 fps=7.5 loss=-0.5297 actor=-0.8863 value=0.3842 entropy=2.7590 mean_return=4.519 mean_len=82.5
[gat-train] update=1175 samples=23500 fps=7.5 loss=1.4828 actor=1.2183 value=0.2953 entropy=3.0752 mean_return=4.519 mean_len=82.5
[gat-train] update=1176 samples=23520 fps=7.5 loss=-0.1086 actor=-0.3678 value=0.2923 entropy=3.3143 mean_return=4.519 mean_len=82.5
[gat-train] update=1177 samples=23540 fps=7.5 loss=0.3693 actor=-0.1191 value=0.5165 entropy=2.8083 mean_return=4.519 mean_len=82.5
[gat-train] update=1178 samples=23560 fps=7.5 loss=-0.9142 actor=-2.4281 value=1.5500 entropy=3.6087 mean_return=4.519 mean_len=82.5
[gat-train] update=1179 samples=23580 fps=7.5 loss=-1.2430 actor=-2.0905 value=0.8778 entropy=3.0291 mean_return=4.519 mean_len=82.5
[gat-train] update=1180 samples=23600 fps=7.5 loss=-0.0165 actor=-1.6311 value=1.6492 entropy=3.4607 mean_return=4.519 mean_len=82.5
[gat-train] update=1181 samples=23620 fps=7.5 loss=1.6847 actor=0.2069 value=1.5056 entropy=2.7795 mean_return=4.519 mean_len=82.5
[gat-train] update=1182 samples=23640 fps=7.5 loss=48.3367 actor=8.9594 value=39.4039 entropy=2.6677 mean_return=4.531 mean_len=82.3
[gat-train] update=1183 samples=23660 fps=7.5 loss=10.4893 actor=0.3640 value=10.1592 entropy=3.3846 mean_return=4.563 mean_len=82.1
[gat-train] update=1184 samples=23680 fps=7.5 loss=0.5491 actor=-0.3772 value=0.9615 entropy=3.5206 mean_return=4.563 mean_len=82.1
[gat-train] update=1185 samples=23700 fps=7.5 loss=-1.9789 actor=-2.6816 value=0.7397 entropy=3.7013 mean_return=4.563 mean_len=82.1
[gat-train] update=1186 samples=23720 fps=7.5 loss=-0.5073 actor=-1.4574 value=0.9743 entropy=2.4245 mean_return=4.563 mean_len=82.1
[gat-train] update=1187 samples=23740 fps=7.5 loss=0.9459 actor=0.5875 value=0.3839 entropy=2.5538 mean_return=4.563 mean_len=82.1
[gat-train] update=1188 samples=23760 fps=7.5 loss=0.7080 actor=-0.3964 value=1.1315 entropy=2.7075 mean_return=4.563 mean_len=82.1
[gat-train] update=1189 samples=23780 fps=7.5 loss=19.6386 actor=2.4654 value=17.2063 entropy=3.2986 mean_return=4.580 mean_len=82.3
[gat-train] update=1190 samples=23800 fps=7.5 loss=-1.5295 actor=-2.0475 value=0.5515 entropy=3.3506 mean_return=4.580 mean_len=82.3
[gat-train] update=1191 samples=23820 fps=7.5 loss=-1.0301 actor=-1.2713 value=0.2787 entropy=3.7503 mean_return=4.580 mean_len=82.3
[gat-train] update=1192 samples=23840 fps=7.5 loss=-0.8174 actor=-1.1171 value=0.3285 entropy=2.8710 mean_return=4.580 mean_len=82.3
[gat-train] update=1193 samples=23860 fps=7.5 loss=-1.0823 actor=-1.7353 value=0.6817 entropy=2.8716 mean_return=4.580 mean_len=82.3
[gat-train] update=1194 samples=23880 fps=7.5 loss=1.2261 actor=0.5081 value=0.7434 entropy=2.5422 mean_return=4.580 mean_len=82.3
[gat-train] update=1195 samples=23900 fps=7.6 loss=-0.4023 actor=-1.4425 value=1.0640 entropy=2.3777 mean_return=4.580 mean_len=82.3
[gat-train] update=1196 samples=23920 fps=7.6 loss=4.0764 actor=2.6174 value=1.4854 entropy=2.6469 mean_return=4.580 mean_len=82.3
[gat-train] update=1197 samples=23940 fps=7.6 loss=25.3023 actor=2.7841 value=22.5383 entropy=2.0092 mean_return=4.586 mean_len=82.4
[gat-train] update=1198 samples=23960 fps=7.6 loss=0.7325 actor=0.1132 value=0.6399 entropy=2.0611 mean_return=4.586 mean_len=82.4
[gat-train] update=1199 samples=23980 fps=7.6 loss=33.4960 actor=4.1792 value=29.3439 entropy=2.7129 mean_return=4.560 mean_len=82.5
[gat-train] update=1200 samples=24000 fps=7.6 loss=0.1007 actor=-0.3126 value=0.4392 entropy=2.5965 mean_return=4.560 mean_len=82.5
[gat-train] eval update=1200 comp_score=89.26 best=95.39
[gat-train] update=1201 samples=24020 fps=7.6 loss=0.7329 actor=0.5416 value=0.2178 entropy=2.6457 mean_return=4.560 mean_len=82.5
[gat-train] update=1202 samples=24040 fps=7.6 loss=0.8402 actor=0.6392 value=0.2202 entropy=1.9188 mean_return=4.560 mean_len=82.5
[gat-train] update=1203 samples=24060 fps=7.6 loss=1.8993 actor=1.3160 value=0.6112 entropy=2.7833 mean_return=4.560 mean_len=82.5
[gat-train] update=1204 samples=24080 fps=7.6 loss=0.4808 actor=-1.0964 value=1.6046 entropy=2.7338 mean_return=4.560 mean_len=82.5
[gat-train] update=1205 samples=24100 fps=7.6 loss=30.6900 actor=5.9184 value=24.7906 entropy=1.9071 mean_return=4.573 mean_len=82.4
[gat-train] update=1206 samples=24120 fps=7.6 loss=0.4735 actor=-0.1353 value=0.6372 entropy=2.8428 mean_return=4.573 mean_len=82.4
[gat-train] update=1207 samples=24140 fps=7.6 loss=0.8726 actor=0.4076 value=0.4985 entropy=3.3519 mean_return=4.573 mean_len=82.4
[gat-train] update=1208 samples=24160 fps=7.6 loss=-0.0001 actor=-0.8414 value=0.8701 entropy=2.8845 mean_return=4.573 mean_len=82.4
[gat-train] update=1209 samples=24180 fps=7.6 loss=-0.1949 actor=-0.9461 value=0.7792 entropy=2.7948 mean_return=4.573 mean_len=82.4
[gat-train] update=1210 samples=24200 fps=7.6 loss=-1.2473 actor=-1.8681 value=0.6477 entropy=2.6792 mean_return=4.573 mean_len=82.4
[gat-train] update=1211 samples=24220 fps=7.6 loss=-1.2222 actor=-2.1334 value=0.9407 entropy=2.9454 mean_return=4.573 mean_len=82.4
[gat-train] update=1212 samples=24240 fps=7.6 loss=-0.5959 actor=-1.1318 value=0.5633 entropy=2.7443 mean_return=4.573 mean_len=82.4
[gat-train] update=1213 samples=24260 fps=7.6 loss=22.9000 actor=3.5841 value=19.3506 entropy=3.4678 mean_return=4.604 mean_len=82.5
[gat-train] update=1214 samples=24280 fps=7.6 loss=2.3337 actor=0.9033 value=1.4584 entropy=2.8042 mean_return=4.604 mean_len=82.5
[gat-train] update=1215 samples=24300 fps=7.6 loss=0.2388 actor=-0.3858 value=0.6498 entropy=2.5171 mean_return=4.604 mean_len=82.5
[gat-train] update=1216 samples=24320 fps=7.6 loss=17.5717 actor=3.0671 value=14.5357 entropy=3.1059 mean_return=4.615 mean_len=82.6
[gat-train] update=1217 samples=24340 fps=7.6 loss=-1.0770 actor=-1.7038 value=0.6568 entropy=2.9998 mean_return=4.615 mean_len=82.6
[gat-train] update=1218 samples=24360 fps=7.6 loss=10.1030 actor=1.2428 value=8.8924 entropy=3.2200 mean_return=4.612 mean_len=82.9
[gat-train] update=1219 samples=24380 fps=7.6 loss=0.7217 actor=0.0315 value=0.7162 entropy=2.6012 mean_return=4.612 mean_len=82.9
[gat-train] update=1220 samples=24400 fps=7.6 loss=2.0959 actor=1.3559 value=0.7747 entropy=3.4690 mean_return=4.612 mean_len=82.9
[gat-train] update=1221 samples=24420 fps=7.6 loss=43.1548 actor=7.5776 value=35.6051 entropy=2.7946 mean_return=4.593 mean_len=82.7
[gat-train] update=1222 samples=24440 fps=7.6 loss=1.5149 actor=-2.1884 value=3.7319 entropy=2.8642 mean_return=4.593 mean_len=82.7
[gat-train] update=1223 samples=24460 fps=7.6 loss=-0.7019 actor=-1.0484 value=0.3796 entropy=3.3122 mean_return=4.593 mean_len=82.7
[gat-train] update=1224 samples=24480 fps=7.6 loss=0.4764 actor=-0.2086 value=0.7145 entropy=2.9490 mean_return=4.593 mean_len=82.7
[gat-train] update=1225 samples=24500 fps=7.6 loss=0.0737 actor=-0.0797 value=0.1802 entropy=2.6806 mean_return=4.593 mean_len=82.7
[gat-train] update=1226 samples=24520 fps=7.6 loss=0.0426 actor=-0.4122 value=0.4771 entropy=2.2370 mean_return=4.593 mean_len=82.7
[gat-train] update=1227 samples=24540 fps=7.6 loss=-0.5029 actor=-1.6688 value=1.1966 entropy=3.0776 mean_return=4.593 mean_len=82.7
[gat-train] update=1228 samples=24560 fps=7.6 loss=1.0327 actor=-0.2158 value=1.2799 entropy=3.1357 mean_return=4.593 mean_len=82.7
[gat-train] update=1229 samples=24580 fps=7.6 loss=47.9342 actor=10.6305 value=37.3312 entropy=2.7410 mean_return=4.580 mean_len=82.6
[gat-train] update=1230 samples=24600 fps=7.6 loss=3.3568 actor=-0.7272 value=4.1187 entropy=3.4723 mean_return=4.580 mean_len=82.6
[gat-train] update=1231 samples=24620 fps=7.6 loss=2.3802 actor=1.3539 value=1.0573 entropy=3.0907 mean_return=4.580 mean_len=82.6
[gat-train] update=1232 samples=24640 fps=7.6 loss=1.9267 actor=0.9426 value=1.0144 entropy=3.0321 mean_return=4.580 mean_len=82.6
[gat-train] update=1233 samples=24660 fps=7.6 loss=37.2545 actor=6.5044 value=30.7771 entropy=2.7043 mean_return=4.552 mean_len=82.6
[gat-train] update=1234 samples=24680 fps=7.6 loss=-0.1834 actor=-0.9965 value=0.8384 entropy=2.5247 mean_return=4.552 mean_len=82.6
[gat-train] update=1235 samples=24700 fps=7.6 loss=-0.7769 actor=-1.2757 value=0.5253 entropy=2.6520 mean_return=4.552 mean_len=82.6
[gat-train] update=1236 samples=24720 fps=7.6 loss=10.1459 actor=1.7683 value=8.4104 entropy=3.2801 mean_return=4.563 mean_len=82.6
[gat-train] update=1237 samples=24740 fps=7.6 loss=19.2632 actor=4.1434 value=15.1504 entropy=3.0636 mean_return=4.605 mean_len=82.8
[gat-train] update=1238 samples=24760 fps=7.6 loss=-0.0187 actor=-0.2074 value=0.2215 entropy=3.2796 mean_return=4.605 mean_len=82.8
[gat-train] update=1239 samples=24780 fps=7.6 loss=-0.6911 actor=-1.4745 value=0.8113 entropy=2.7918 mean_return=4.605 mean_len=82.8
[gat-train] update=1240 samples=24800 fps=7.6 loss=0.8724 actor=0.2940 value=0.6094 entropy=3.0992 mean_return=4.605 mean_len=82.8
[gat-train] update=1241 samples=24820 fps=7.6 loss=-0.0341 actor=-0.2120 value=0.2076 entropy=2.9676 mean_return=4.605 mean_len=82.8
[gat-train] update=1242 samples=24840 fps=7.6 loss=1.6222 actor=0.6123 value=1.0432 entropy=3.3331 mean_return=4.605 mean_len=82.8
[gat-train] update=1243 samples=24860 fps=7.6 loss=0.1383 actor=-0.3391 value=0.5066 entropy=2.9171 mean_return=4.605 mean_len=82.8
[gat-train] update=1244 samples=24880 fps=7.6 loss=0.7408 actor=0.4036 value=0.3705 entropy=3.3302 mean_return=4.605 mean_len=82.8
[gat-train] update=1245 samples=24900 fps=7.7 loss=1.1034 actor=0.1151 value=1.0139 entropy=2.5655 mean_return=4.605 mean_len=82.8
[gat-train] update=1246 samples=24920 fps=7.7 loss=39.0451 actor=5.3404 value=33.7342 entropy=2.9509 mean_return=4.599 mean_len=82.9
[gat-train] update=1247 samples=24940 fps=7.7 loss=1.1053 actor=-2.2734 value=3.4135 entropy=3.4742 mean_return=4.599 mean_len=82.9
[gat-train] update=1248 samples=24960 fps=7.7 loss=0.0673 actor=-0.3001 value=0.3974 entropy=2.9911 mean_return=4.599 mean_len=82.9
[gat-train] update=1249 samples=24980 fps=7.7 loss=7.3019 actor=3.9434 value=3.3916 entropy=3.3011 mean_return=4.599 mean_len=82.9
[gat-train] update=1250 samples=25000 fps=7.7 loss=33.0545 actor=5.0550 value=28.0174 entropy=1.7945 mean_return=4.601 mean_len=83.0
[gat-train] eval update=1250 comp_score=89.99 best=95.39
[gat-train] update=1251 samples=25020 fps=7.7 loss=1.8606 actor=1.2052 value=0.6830 entropy=2.7647 mean_return=4.601 mean_len=83.0
[gat-train] update=1252 samples=25040 fps=7.7 loss=1.0176 actor=-0.2410 value=1.2860 entropy=2.7382 mean_return=4.601 mean_len=83.0
[gat-train] update=1253 samples=25060 fps=7.7 loss=34.4045 actor=3.1504 value=31.2853 entropy=3.1282 mean_return=4.595 mean_len=83.1
[gat-train] update=1254 samples=25080 fps=7.7 loss=0.1968 actor=-0.0985 value=0.3277 entropy=3.2504 mean_return=4.595 mean_len=83.1
[gat-train] update=1255 samples=25100 fps=7.7 loss=-0.1192 actor=-0.4931 value=0.4078 entropy=3.3968 mean_return=4.595 mean_len=83.1
[gat-train] update=1256 samples=25120 fps=7.7 loss=1.1746 actor=0.9097 value=0.2911 entropy=2.6238 mean_return=4.595 mean_len=83.1
[gat-train] update=1257 samples=25140 fps=7.7 loss=-0.9628 actor=-1.6489 value=0.7248 entropy=3.8714 mean_return=4.595 mean_len=83.1
[gat-train] update=1258 samples=25160 fps=7.7 loss=-0.6151 actor=-0.9524 value=0.3703 entropy=3.3018 mean_return=4.595 mean_len=83.1
[gat-train] update=1259 samples=25180 fps=7.7 loss=0.6109 actor=0.4870 value=0.1518 entropy=2.7895 mean_return=4.595 mean_len=83.1
[gat-train] update=1260 samples=25200 fps=7.7 loss=-0.1870 actor=-1.1404 value=0.9892 entropy=3.5808 mean_return=4.595 mean_len=83.1
[gat-train] update=1261 samples=25220 fps=7.7 loss=-1.6935 actor=-2.5203 value=0.8591 entropy=3.2311 mean_return=4.595 mean_len=83.1
[gat-train] update=1262 samples=25240 fps=7.7 loss=0.8123 actor=-0.2022 value=1.0497 entropy=3.5214 mean_return=4.595 mean_len=83.1
[gat-train] update=1263 samples=25260 fps=7.7 loss=27.2047 actor=4.0051 value=23.2368 entropy=3.7161 mean_return=4.622 mean_len=83.3
[gat-train] update=1264 samples=25280 fps=7.7 loss=0.3724 actor=-1.2065 value=1.6183 entropy=3.9439 mean_return=4.622 mean_len=83.3
[gat-train] update=1265 samples=25300 fps=7.7 loss=4.1995 actor=2.4536 value=1.7813 entropy=3.5359 mean_return=4.622 mean_len=83.3
[gat-train] update=1266 samples=25320 fps=7.7 loss=40.2148 actor=6.4280 value=33.8145 entropy=2.7762 mean_return=4.626 mean_len=83.1
[gat-train] update=1267 samples=25340 fps=7.7 loss=38.4893 actor=5.6872 value=32.8332 entropy=3.1074 mean_return=4.612 mean_len=82.9
[gat-train] update=1268 samples=25360 fps=7.7 loss=2.5649 actor=-0.4578 value=3.0572 entropy=3.4556 mean_return=4.612 mean_len=82.9
[gat-train] update=1269 samples=25380 fps=7.7 loss=41.4716 actor=7.7579 value=33.7502 entropy=3.6479 mean_return=4.600 mean_len=82.9
[gat-train] update=1270 samples=25400 fps=7.7 loss=1.6053 actor=1.3400 value=0.3055 entropy=4.0279 mean_return=4.600 mean_len=82.9
[gat-train] update=1271 samples=25420 fps=7.7 loss=0.2120 actor=-0.2881 value=0.5389 entropy=3.8773 mean_return=4.600 mean_len=82.9
[gat-train] update=1272 samples=25440 fps=7.7 loss=-1.5005 actor=-1.9994 value=0.5396 entropy=4.0800 mean_return=4.600 mean_len=82.9
[gat-train] update=1273 samples=25460 fps=7.7 loss=-0.8425 actor=-1.6573 value=0.8503 entropy=3.5528 mean_return=4.600 mean_len=82.9
[gat-train] update=1274 samples=25480 fps=7.7 loss=-0.1088 actor=-0.8067 value=0.7353 entropy=3.7368 mean_return=4.600 mean_len=82.9
[gat-train] update=1275 samples=25500 fps=7.7 loss=1.1041 actor=0.6874 value=0.4485 entropy=3.1846 mean_return=4.600 mean_len=82.9
[gat-train] update=1276 samples=25520 fps=7.7 loss=2.2793 actor=1.6638 value=0.6468 entropy=3.1334 mean_return=4.600 mean_len=82.9
[gat-train] update=1277 samples=25540 fps=7.7 loss=-0.4589 actor=-0.8957 value=0.4649 entropy=2.8109 mean_return=4.600 mean_len=82.9
[gat-train] update=1278 samples=25560 fps=7.7 loss=10.1625 actor=0.7278 value=9.4678 entropy=3.3117 mean_return=4.581 mean_len=82.7
[gat-train] update=1279 samples=25580 fps=7.7 loss=-0.4516 actor=-0.8930 value=0.4765 entropy=3.5116 mean_return=4.581 mean_len=82.7
[gat-train] update=1280 samples=25600 fps=7.7 loss=-1.1528 actor=-1.4316 value=0.3148 entropy=3.5948 mean_return=4.581 mean_len=82.7
[gat-train] update=1281 samples=25620 fps=7.7 loss=33.1376 actor=5.6224 value=27.5487 entropy=3.3500 mean_return=4.596 mean_len=82.6
[gat-train] update=1282 samples=25640 fps=7.7 loss=29.4192 actor=5.6179 value=23.8355 entropy=3.4248 mean_return=4.570 mean_len=82.2
[gat-train] update=1283 samples=25660 fps=7.7 loss=1.1205 actor=0.3237 value=0.8300 entropy=3.3168 mean_return=4.570 mean_len=82.2
[gat-train] update=1284 samples=25680 fps=7.7 loss=0.6851 actor=0.3442 value=0.3760 entropy=3.5115 mean_return=4.570 mean_len=82.2
[gat-train] update=1285 samples=25700 fps=7.7 loss=28.7070 actor=4.0767 value=24.6668 entropy=3.6565 mean_return=4.572 mean_len=82.3
[gat-train] update=1286 samples=25720 fps=7.7 loss=-0.5378 actor=-2.6519 value=2.1558 entropy=4.1673 mean_return=4.572 mean_len=82.3
[gat-train] update=1287 samples=25740 fps=7.7 loss=-0.5883 actor=-0.9787 value=0.4300 entropy=3.9570 mean_return=4.572 mean_len=82.3
[gat-train] update=1288 samples=25760 fps=7.7 loss=-1.0955 actor=-1.5537 value=0.4990 entropy=4.0778 mean_return=4.572 mean_len=82.3
[gat-train] update=1289 samples=25780 fps=7.7 loss=-1.3750 actor=-2.1039 value=0.7665 entropy=3.7542 mean_return=4.572 mean_len=82.3
[gat-train] update=1290 samples=25800 fps=7.7 loss=-0.0622 actor=-0.5417 value=0.5158 entropy=3.6283 mean_return=4.572 mean_len=82.3
[gat-train] update=1291 samples=25820 fps=7.7 loss=0.6056 actor=-0.2681 value=0.9053 entropy=3.1648 mean_return=4.572 mean_len=82.3
[gat-train] update=1292 samples=25840 fps=7.8 loss=42.8566 actor=7.5438 value=35.3486 entropy=3.5802 mean_return=4.572 mean_len=82.1
[gat-train] update=1293 samples=25860 fps=7.8 loss=0.7804 actor=-1.5014 value=2.3185 entropy=3.6659 mean_return=4.572 mean_len=82.1
[gat-train] update=1294 samples=25880 fps=7.8 loss=-0.0431 actor=-0.8388 value=0.8316 entropy=3.5872 mean_return=4.572 mean_len=82.1
[gat-train] update=1295 samples=25900 fps=7.8 loss=41.9858 actor=8.1682 value=33.8507 entropy=3.3075 mean_return=4.545 mean_len=81.9
[gat-train] update=1296 samples=25920 fps=7.8 loss=-0.3111 actor=-1.2094 value=0.9311 entropy=3.2851 mean_return=4.545 mean_len=81.9
[gat-train] update=1297 samples=25940 fps=7.8 loss=-0.7632 actor=-1.6723 value=0.9424 entropy=3.3382 mean_return=4.545 mean_len=81.9
[gat-train] update=1298 samples=25960 fps=7.8 loss=32.8102 actor=6.4466 value=26.3998 entropy=3.6294 mean_return=4.518 mean_len=81.9
[gat-train] update=1299 samples=25980 fps=7.8 loss=-0.0682 actor=-1.3524 value=1.3212 entropy=3.7045 mean_return=4.518 mean_len=81.9
[gat-train] update=1300 samples=26000 fps=7.8 loss=-0.4071 actor=-0.6188 value=0.2420 entropy=3.0364 mean_return=4.518 mean_len=81.9
[gat-train] eval update=1300 comp_score=86.92 best=95.39
[gat-train] update=1301 samples=26020 fps=7.8 loss=13.9564 actor=-2.0276 value=16.0243 entropy=4.0349 mean_return=4.525 mean_len=81.8
[gat-train] update=1302 samples=26040 fps=7.8 loss=1.5767 actor=1.2818 value=0.3349 entropy=4.0002 mean_return=4.525 mean_len=81.8
[gat-train] update=1303 samples=26060 fps=7.8 loss=0.0863 actor=-0.3819 value=0.5082 entropy=3.9944 mean_return=4.525 mean_len=81.8
[gat-train] update=1304 samples=26080 fps=7.8 loss=1.1513 actor=0.4601 value=0.7279 entropy=3.6714 mean_return=4.525 mean_len=81.8
[gat-train] update=1305 samples=26100 fps=7.8 loss=-1.2511 actor=-1.6531 value=0.4368 entropy=3.4829 mean_return=4.525 mean_len=81.8
[gat-train] update=1306 samples=26120 fps=7.8 loss=-0.9943 actor=-1.7650 value=0.8058 entropy=3.5024 mean_return=4.525 mean_len=81.8
[gat-train] update=1307 samples=26140 fps=7.8 loss=41.8568 actor=8.6851 value=33.2095 entropy=3.7821 mean_return=4.517 mean_len=81.6
[gat-train] update=1308 samples=26160 fps=7.8 loss=3.0133 actor=0.5024 value=2.5445 entropy=3.3676 mean_return=4.517 mean_len=81.6
[gat-train] update=1309 samples=26180 fps=7.8 loss=0.7490 actor=-1.7208 value=2.5086 entropy=3.8806 mean_return=4.517 mean_len=81.6
[gat-train] update=1310 samples=26200 fps=7.8 loss=0.3569 actor=-0.8963 value=1.2912 entropy=3.8027 mean_return=4.517 mean_len=81.6
[gat-train] update=1311 samples=26220 fps=7.8 loss=49.8058 actor=10.4929 value=39.3471 entropy=3.4141 mean_return=4.508 mean_len=81.3
[gat-train] update=1312 samples=26240 fps=7.8 loss=1.0182 actor=-1.3558 value=2.4065 entropy=3.2494 mean_return=4.508 mean_len=81.3
[gat-train] update=1313 samples=26260 fps=7.8 loss=10.3640 actor=-0.9998 value=11.4031 entropy=3.9368 mean_return=4.493 mean_len=81.1
[gat-train] update=1314 samples=26280 fps=7.8 loss=0.3780 actor=-0.1092 value=0.5255 entropy=3.8388 mean_return=4.493 mean_len=81.1
[gat-train] update=1315 samples=26300 fps=7.8 loss=0.7129 actor=0.2478 value=0.5031 entropy=3.8051 mean_return=4.493 mean_len=81.1
[gat-train] update=1316 samples=26320 fps=7.8 loss=9.7047 actor=2.0968 value=7.6437 entropy=3.5801 mean_return=4.471 mean_len=80.7
[gat-train] update=1317 samples=26340 fps=7.8 loss=0.5677 actor=0.1946 value=0.4150 entropy=4.1841 mean_return=4.471 mean_len=80.7
[gat-train] update=1318 samples=26360 fps=7.8 loss=-1.1486 actor=-1.3988 value=0.2915 entropy=4.1380 mean_return=4.471 mean_len=80.7
[gat-train] update=1319 samples=26380 fps=7.8 loss=-0.8835 actor=-1.1044 value=0.2582 entropy=3.7336 mean_return=4.471 mean_len=80.7
[gat-train] update=1320 samples=26400 fps=7.8 loss=0.2968 actor=0.1103 value=0.2183 entropy=3.1805 mean_return=4.471 mean_len=80.7
[gat-train] update=1321 samples=26420 fps=7.8 loss=0.0911 actor=-1.4054 value=1.5297 entropy=3.3242 mean_return=4.471 mean_len=80.7
[gat-train] update=1322 samples=26440 fps=7.8 loss=7.3322 actor=0.0170 value=7.3502 entropy=3.4974 mean_return=4.498 mean_len=80.3
[gat-train] update=1323 samples=26460 fps=7.8 loss=-0.7416 actor=-1.8803 value=1.1775 entropy=3.8785 mean_return=4.498 mean_len=80.3
[gat-train] update=1324 samples=26480 fps=7.8 loss=0.5376 actor=0.1861 value=0.3828 entropy=3.1343 mean_return=4.498 mean_len=80.3
[gat-train] update=1325 samples=26500 fps=7.8 loss=1.0239 actor=0.2974 value=0.7565 entropy=2.9972 mean_return=4.498 mean_len=80.3
[gat-train] update=1326 samples=26520 fps=7.8 loss=26.1997 actor=4.0762 value=22.1540 entropy=3.0529 mean_return=4.486 mean_len=80.2
[gat-train] update=1327 samples=26540 fps=7.8 loss=-0.9004 actor=-2.6765 value=1.8091 entropy=3.2965 mean_return=4.486 mean_len=80.2
[gat-train] update=1328 samples=26560 fps=7.8 loss=26.6105 actor=3.2468 value=23.3950 entropy=3.1314 mean_return=4.440 mean_len=80.1
[gat-train] update=1329 samples=26580 fps=7.8 loss=0.5066 actor=-0.3540 value=0.8922 entropy=3.1621 mean_return=4.440 mean_len=80.1
[gat-train] update=1330 samples=26600 fps=7.8 loss=0.8969 actor=0.7122 value=0.2145 entropy=2.9829 mean_return=4.440 mean_len=80.1
[gat-train] update=1331 samples=26620 fps=7.8 loss=-0.3485 actor=-0.6142 value=0.2969 entropy=3.1230 mean_return=4.440 mean_len=80.1
[gat-train] update=1332 samples=26640 fps=7.8 loss=24.2872 actor=2.9931 value=21.3263 entropy=3.2196 mean_return=4.400 mean_len=80.2
[gat-train] update=1333 samples=26660 fps=7.8 loss=-0.5400 actor=-1.2163 value=0.7169 entropy=4.0585 mean_return=4.400 mean_len=80.2
[gat-train] update=1334 samples=26680 fps=7.8 loss=-0.3404 actor=-1.2265 value=0.9248 entropy=3.8705 mean_return=4.400 mean_len=80.2
[gat-train] update=1335 samples=26700 fps=7.8 loss=-1.2674 actor=-1.7583 value=0.5303 entropy=3.9366 mean_return=4.400 mean_len=80.2
[gat-train] update=1336 samples=26720 fps=7.8 loss=43.5238 actor=9.9587 value=33.5985 entropy=3.3380 mean_return=4.410 mean_len=79.7
[gat-train] update=1337 samples=26740 fps=7.8 loss=0.1210 actor=-4.5815 value=4.7376 entropy=3.5132 mean_return=4.410 mean_len=79.7
[gat-train] update=1338 samples=26760 fps=7.9 loss=0.5136 actor=0.1222 value=0.4264 entropy=3.5091 mean_return=4.410 mean_len=79.7
[gat-train] update=1339 samples=26780 fps=7.9 loss=-1.7441 actor=-2.7111 value=1.0038 entropy=3.6823 mean_return=4.410 mean_len=79.7
[gat-train] update=1340 samples=26800 fps=7.9 loss=-0.1159 actor=-0.9717 value=0.8903 entropy=3.4593 mean_return=4.410 mean_len=79.7
[gat-train] update=1341 samples=26820 fps=7.9 loss=1.5806 actor=0.0785 value=1.5332 entropy=3.1118 mean_return=4.410 mean_len=79.7
[gat-train] update=1342 samples=26840 fps=7.9 loss=19.2864 actor=2.3515 value=16.9669 entropy=3.1988 mean_return=4.419 mean_len=79.8
[gat-train] update=1343 samples=26860 fps=7.9 loss=18.2264 actor=4.0459 value=14.2057 entropy=2.5164 mean_return=4.447 mean_len=79.7
[gat-train] update=1344 samples=26880 fps=7.9 loss=1.0193 actor=-0.5872 value=1.6403 entropy=3.3835 mean_return=4.447 mean_len=79.7
[gat-train] update=1345 samples=26900 fps=7.9 loss=-0.3158 actor=-0.7908 value=0.5094 entropy=3.4494 mean_return=4.447 mean_len=79.7
[gat-train] update=1346 samples=26920 fps=7.9 loss=-0.6270 actor=-0.8289 value=0.2360 entropy=3.4153 mean_return=4.447 mean_len=79.7
[gat-train] update=1347 samples=26940 fps=7.9 loss=-0.0282 actor=-0.1662 value=0.1673 entropy=2.9291 mean_return=4.447 mean_len=79.7
[gat-train] update=1348 samples=26960 fps=7.9 loss=17.1162 actor=0.6455 value=16.5027 entropy=3.2037 mean_return=4.414 mean_len=79.7
[gat-train] update=1349 samples=26980 fps=7.9 loss=-0.7721 actor=-1.6995 value=0.9595 entropy=3.2098 mean_return=4.414 mean_len=79.7
[gat-train] update=1350 samples=27000 fps=7.9 loss=0.8537 actor=-0.6773 value=1.5613 entropy=3.0279 mean_return=4.414 mean_len=79.7
[gat-train] eval update=1350 comp_score=88.52 best=95.39
[gat-train] update=1351 samples=27020 fps=7.9 loss=3.0438 actor=1.9543 value=1.1256 entropy=3.6133 mean_return=4.414 mean_len=79.7
[gat-train] update=1352 samples=27040 fps=7.9 loss=-0.2485 actor=-0.6065 value=0.3926 entropy=3.4556 mean_return=4.414 mean_len=79.7
[gat-train] update=1353 samples=27060 fps=7.9 loss=10.3969 actor=1.0905 value=9.3369 entropy=3.0542 mean_return=4.405 mean_len=79.7
[gat-train] update=1354 samples=27080 fps=7.9 loss=-0.3313 actor=-0.7629 value=0.4626 entropy=3.1064 mean_return=4.405 mean_len=79.7
[gat-train] update=1355 samples=27100 fps=7.9 loss=-0.3051 actor=-0.5369 value=0.2664 entropy=3.4560 mean_return=4.405 mean_len=79.7
[gat-train] update=1356 samples=27120 fps=7.9 loss=0.0466 actor=-0.6908 value=0.7720 entropy=3.4582 mean_return=4.405 mean_len=79.7
[gat-train] update=1357 samples=27140 fps=7.9 loss=25.6288 actor=4.3125 value=21.3436 entropy=2.7338 mean_return=4.383 mean_len=79.4
[gat-train] update=1358 samples=27160 fps=7.9 loss=0.9732 actor=0.1066 value=0.8988 entropy=3.2290 mean_return=4.383 mean_len=79.4
[gat-train] update=1359 samples=27180 fps=7.9 loss=25.3889 actor=4.0331 value=21.3872 entropy=3.1433 mean_return=4.375 mean_len=79.4
[gat-train] update=1360 samples=27200 fps=7.9 loss=0.5140 actor=0.1734 value=0.3779 entropy=3.7317 mean_return=4.375 mean_len=79.4
[gat-train] update=1361 samples=27220 fps=7.9 loss=0.2586 actor=-0.2973 value=0.5890 entropy=3.3091 mean_return=4.375 mean_len=79.4
[gat-train] update=1362 samples=27240 fps=7.9 loss=39.5237 actor=7.0014 value=32.5548 entropy=3.2509 mean_return=4.400 mean_len=79.2
[gat-train] update=1363 samples=27260 fps=7.9 loss=0.7391 actor=-0.8872 value=1.6574 entropy=3.1051 mean_return=4.400 mean_len=79.2
[gat-train] update=1364 samples=27280 fps=7.9 loss=-1.3687 actor=-1.7121 value=0.3810 entropy=3.7552 mean_return=4.400 mean_len=79.2
[gat-train] update=1365 samples=27300 fps=7.9 loss=1.0727 actor=0.8290 value=0.2780 entropy=3.4352 mean_return=4.400 mean_len=79.2
[gat-train] update=1366 samples=27320 fps=7.9 loss=0.0623 actor=-0.9807 value=1.0767 entropy=3.3791 mean_return=4.400 mean_len=79.2
[gat-train] update=1367 samples=27340 fps=7.9 loss=17.1554 actor=0.3828 value=16.8019 entropy=2.9179 mean_return=4.403 mean_len=78.8
[gat-train] update=1368 samples=27360 fps=7.9 loss=1.4825 actor=0.4158 value=1.0961 entropy=2.9486 mean_return=4.403 mean_len=78.8
[gat-train] update=1369 samples=27380 fps=7.9 loss=-0.3230 actor=-1.7711 value=1.4817 entropy=3.3594 mean_return=4.403 mean_len=78.8
[gat-train] update=1370 samples=27400 fps=7.9 loss=-0.6307 actor=-1.7750 value=1.1753 entropy=3.0909 mean_return=4.403 mean_len=78.8
[gat-train] update=1371 samples=27420 fps=7.9 loss=1.8092 actor=-0.6209 value=2.4613 entropy=3.1301 mean_return=4.403 mean_len=78.8
[gat-train] update=1372 samples=27440 fps=7.9 loss=1.4524 actor=0.5962 value=0.8831 entropy=2.6888 mean_return=4.403 mean_len=78.8
[gat-train] update=1373 samples=27460 fps=7.9 loss=10.4008 actor=0.0848 value=10.3458 entropy=2.9780 mean_return=4.407 mean_len=78.8
[gat-train] update=1374 samples=27480 fps=7.9 loss=-0.5619 actor=-1.2125 value=0.6851 entropy=3.4472 mean_return=4.407 mean_len=78.8
[gat-train] update=1375 samples=27500 fps=7.9 loss=11.0000 actor=2.5458 value=8.4861 entropy=3.1808 mean_return=4.378 mean_len=78.9
[gat-train] update=1376 samples=27520 fps=7.9 loss=1.0779 actor=-0.4771 value=1.5837 entropy=2.8676 mean_return=4.378 mean_len=78.9
[gat-train] update=1377 samples=27540 fps=7.9 loss=1.3473 actor=0.8665 value=0.5172 entropy=3.6390 mean_return=4.378 mean_len=78.9
[gat-train] update=1378 samples=27560 fps=7.9 loss=29.4012 actor=6.3824 value=23.0501 entropy=3.1380 mean_return=4.375 mean_len=78.8
[gat-train] update=1379 samples=27580 fps=7.9 loss=0.8948 actor=0.6714 value=0.2609 entropy=3.7468 mean_return=4.375 mean_len=78.8
[gat-train] update=1380 samples=27600 fps=7.9 loss=-0.2199 actor=-1.0155 value=0.8308 entropy=3.5235 mean_return=4.375 mean_len=78.8
[gat-train] update=1381 samples=27620 fps=7.9 loss=1.7618 actor=-0.0704 value=1.8655 entropy=3.3251 mean_return=4.375 mean_len=78.8
[gat-train] update=1382 samples=27640 fps=7.9 loss=-0.1387 actor=-0.7344 value=0.6224 entropy=2.6750 mean_return=4.375 mean_len=78.8
[gat-train] update=1383 samples=27660 fps=7.9 loss=-0.1002 actor=-0.4815 value=0.4092 entropy=2.7843 mean_return=4.375 mean_len=78.8
[gat-train] update=1384 samples=27680 fps=7.9 loss=44.2148 actor=6.4903 value=37.7522 entropy=2.7684 mean_return=4.359 mean_len=79.1
[gat-train] update=1385 samples=27700 fps=7.9 loss=1.7239 actor=-0.6435 value=2.3954 entropy=2.7963 mean_return=4.359 mean_len=79.1
[gat-train] update=1386 samples=27720 fps=7.9 loss=3.7443 actor=2.7408 value=1.0417 entropy=3.8188 mean_return=4.359 mean_len=79.1
[gat-train] update=1387 samples=27740 fps=7.9 loss=39.1715 actor=8.3972 value=30.8061 entropy=3.1836 mean_return=4.378 mean_len=78.9
[gat-train] update=1388 samples=27760 fps=7.9 loss=1.6917 actor=-2.8120 value=4.5389 entropy=3.5166 mean_return=4.378 mean_len=78.9
[gat-train] update=1389 samples=27780 fps=7.9 loss=-0.6124 actor=-0.7940 value=0.2187 entropy=3.7115 mean_return=4.378 mean_len=78.9
[gat-train] update=1390 samples=27800 fps=7.9 loss=-0.6696 actor=-0.7647 value=0.1335 entropy=3.8435 mean_return=4.378 mean_len=78.9
[gat-train] update=1391 samples=27820 fps=8.0 loss=0.9267 actor=0.3818 value=0.5788 entropy=3.3994 mean_return=4.378 mean_len=78.9
[gat-train] update=1392 samples=27840 fps=8.0 loss=8.4536 actor=-1.4318 value=9.9209 entropy=3.5416 mean_return=4.397 mean_len=79.1
[gat-train] update=1393 samples=27860 fps=8.0 loss=2.4583 actor=0.7585 value=1.7349 entropy=3.5146 mean_return=4.397 mean_len=79.1
[gat-train] update=1394 samples=27880 fps=8.0 loss=38.7867 actor=7.8618 value=30.9575 entropy=3.2615 mean_return=4.420 mean_len=79.1
[gat-train] update=1395 samples=27900 fps=8.0 loss=0.2855 actor=-1.6511 value=1.9719 entropy=3.5367 mean_return=4.420 mean_len=79.1
[gat-train] update=1396 samples=27920 fps=8.0 loss=0.9532 actor=-1.2862 value=2.2700 entropy=3.0687 mean_return=4.420 mean_len=79.1
[gat-train] update=1397 samples=27940 fps=8.0 loss=0.5811 actor=-0.1600 value=0.7716 entropy=3.0487 mean_return=4.420 mean_len=79.1
[gat-train] update=1398 samples=27960 fps=8.0 loss=-0.9908 actor=-1.9155 value=0.9591 entropy=3.4358 mean_return=4.420 mean_len=79.1
[gat-train] update=1399 samples=27980 fps=8.0 loss=19.1027 actor=3.8428 value=15.2946 entropy=3.4577 mean_return=4.411 mean_len=78.9
[gat-train] update=1400 samples=28000 fps=8.0 loss=-0.9068 actor=-1.8450 value=0.9703 entropy=3.2090 mean_return=4.411 mean_len=78.9
[gat-train] eval update=1400 comp_score=89.99 best=95.39
[gat-train] update=1401 samples=28020 fps=8.0 loss=0.0005 actor=-0.2948 value=0.3316 entropy=3.6334 mean_return=4.411 mean_len=78.9
[gat-train] update=1402 samples=28040 fps=8.0 loss=-0.8830 actor=-1.4811 value=0.6354 entropy=3.7354 mean_return=4.411 mean_len=78.9
[gat-train] update=1403 samples=28060 fps=8.0 loss=-0.4133 actor=-0.8587 value=0.4785 entropy=3.3186 mean_return=4.411 mean_len=78.9
[gat-train] update=1404 samples=28080 fps=8.0 loss=23.7001 actor=1.4954 value=22.2383 entropy=3.3686 mean_return=4.425 mean_len=78.9
[gat-train] update=1405 samples=28100 fps=8.0 loss=-0.6166 actor=-0.7497 value=0.1701 entropy=3.6989 mean_return=4.425 mean_len=78.9
[gat-train] update=1406 samples=28120 fps=8.0 loss=1.2918 actor=-0.7939 value=2.1174 entropy=3.1654 mean_return=4.425 mean_len=78.9
[gat-train] update=1407 samples=28140 fps=8.0 loss=1.9790 actor=1.2331 value=0.7784 entropy=3.2543 mean_return=4.425 mean_len=78.9
[gat-train] update=1408 samples=28160 fps=8.0 loss=10.4119 actor=1.0669 value=9.3785 entropy=3.3498 mean_return=4.387 mean_len=78.9
[gat-train] update=1409 samples=28180 fps=8.0 loss=0.0721 actor=-1.1218 value=1.2301 entropy=3.6222 mean_return=4.387 mean_len=78.9
[gat-train] update=1410 samples=28200 fps=8.0 loss=1.3455 actor=0.8236 value=0.5569 entropy=3.5054 mean_return=4.387 mean_len=78.9
[gat-train] update=1411 samples=28220 fps=8.0 loss=37.6362 actor=3.7010 value=33.9661 entropy=3.0867 mean_return=4.370 mean_len=78.9
[gat-train] update=1412 samples=28240 fps=8.0 loss=3.3050 actor=-1.3198 value=4.6617 entropy=3.6839 mean_return=4.370 mean_len=78.9
[gat-train] update=1413 samples=28260 fps=8.0 loss=44.8676 actor=7.3874 value=37.5103 entropy=3.0062 mean_return=4.390 mean_len=78.5
[gat-train] update=1414 samples=28280 fps=8.0 loss=1.4315 actor=0.2032 value=1.2664 entropy=3.8047 mean_return=4.390 mean_len=78.5
[gat-train] update=1415 samples=28300 fps=8.0 loss=-1.2482 actor=-2.6937 value=1.4803 entropy=3.4741 mean_return=4.390 mean_len=78.5
[gat-train] update=1416 samples=28320 fps=8.0 loss=1.0163 actor=0.7654 value=0.2859 entropy=3.4986 mean_return=4.390 mean_len=78.5
[gat-train] update=1417 samples=28340 fps=8.0 loss=-1.3560 actor=-1.6905 value=0.3739 entropy=3.9417 mean_return=4.390 mean_len=78.5
[gat-train] update=1418 samples=28360 fps=8.0 loss=-1.4105 actor=-2.0795 value=0.7080 entropy=3.8950 mean_return=4.390 mean_len=78.5
[gat-train] update=1419 samples=28380 fps=8.0 loss=0.5880 actor=-0.1537 value=0.7765 entropy=3.4860 mean_return=4.390 mean_len=78.5
[gat-train] update=1420 samples=28400 fps=8.0 loss=3.2059 actor=2.1798 value=1.0553 entropy=2.9175 mean_return=4.390 mean_len=78.5
[gat-train] update=1421 samples=28420 fps=8.0 loss=32.1274 actor=3.3303 value=28.8293 entropy=3.2129 mean_return=4.393 mean_len=78.6
[gat-train] update=1422 samples=28440 fps=8.0 loss=0.4758 actor=-1.4941 value=2.0019 entropy=3.1996 mean_return=4.393 mean_len=78.6
[gat-train] update=1423 samples=28460 fps=8.0 loss=-0.6411 actor=-1.4690 value=0.8584 entropy=3.0534 mean_return=4.393 mean_len=78.6
[gat-train] update=1424 samples=28480 fps=8.0 loss=21.3575 actor=3.3215 value=18.0674 entropy=3.1423 mean_return=4.374 mean_len=78.6
[gat-train] update=1425 samples=28500 fps=8.0 loss=-0.8123 actor=-1.3047 value=0.5233 entropy=3.0862 mean_return=4.374 mean_len=78.6
[gat-train] update=1426 samples=28520 fps=8.0 loss=0.6970 actor=0.3583 value=0.3697 entropy=3.1079 mean_return=4.374 mean_len=78.6
[gat-train] update=1427 samples=28540 fps=8.0 loss=-0.1091 actor=-0.4521 value=0.3695 entropy=2.6495 mean_return=4.374 mean_len=78.6
[gat-train] update=1428 samples=28560 fps=8.0 loss=16.5726 actor=3.7868 value=12.8221 entropy=3.6290 mean_return=4.382 mean_len=78.1
[gat-train] update=1429 samples=28580 fps=8.0 loss=-1.7816 actor=-3.5321 value=1.7831 entropy=3.2594 mean_return=4.382 mean_len=78.1
[gat-train] update=1430 samples=28600 fps=8.0 loss=0.0829 actor=-0.1929 value=0.3097 entropy=3.3908 mean_return=4.382 mean_len=78.1
[gat-train] update=1431 samples=28620 fps=8.0 loss=-0.7735 actor=-1.0910 value=0.3478 entropy=3.0247 mean_return=4.382 mean_len=78.1
[gat-train] update=1432 samples=28640 fps=8.0 loss=0.3948 actor=-0.1396 value=0.5652 entropy=3.0828 mean_return=4.382 mean_len=78.1
[gat-train] update=1433 samples=28660 fps=8.0 loss=-0.6473 actor=-1.0048 value=0.3871 entropy=2.9567 mean_return=4.382 mean_len=78.1
[gat-train] update=1434 samples=28680 fps=8.0 loss=1.6817 actor=0.9196 value=0.7884 entropy=2.6341 mean_return=4.382 mean_len=78.1
[gat-train] update=1435 samples=28700 fps=8.0 loss=-0.4741 actor=-2.6506 value=2.2059 entropy=2.9447 mean_return=4.382 mean_len=78.1
[gat-train] update=1436 samples=28720 fps=8.0 loss=-0.5278 actor=-0.8771 value=0.3799 entropy=3.0594 mean_return=4.382 mean_len=78.1
[gat-train] update=1437 samples=28740 fps=8.0 loss=-0.1016 actor=-1.2557 value=1.1817 entropy=2.7540 mean_return=4.382 mean_len=78.1
[gat-train] update=1438 samples=28760 fps=8.0 loss=24.2466 actor=2.2331 value=22.0448 entropy=3.1197 mean_return=4.329 mean_len=78.2
[gat-train] update=1439 samples=28780 fps=8.0 loss=1.2786 actor=0.9037 value=0.4066 entropy=3.1770 mean_return=4.329 mean_len=78.2
[gat-train] update=1440 samples=28800 fps=8.0 loss=30.0163 actor=3.4638 value=26.5757 entropy=2.3145 mean_return=4.334 mean_len=78.1
[gat-train] update=1441 samples=28820 fps=8.0 loss=0.9043 actor=0.5069 value=0.4260 entropy=2.8675 mean_return=4.334 mean_len=78.1
[gat-train] update=1442 samples=28840 fps=8.0 loss=-0.1069 actor=-0.3306 value=0.2547 entropy=3.0966 mean_return=4.334 mean_len=78.1
[gat-train] update=1443 samples=28860 fps=8.0 loss=39.2069 actor=6.6971 value=32.5375 entropy=2.7689 mean_return=4.305 mean_len=78.0
[gat-train] update=1444 samples=28880 fps=8.1 loss=1.7924 actor=-2.1683 value=3.9874 entropy=2.6726 mean_return=4.305 mean_len=78.0
[gat-train] update=1445 samples=28900 fps=8.1 loss=35.1995 actor=5.5263 value=29.6925 entropy=1.9264 mean_return=4.282 mean_len=78.1
[gat-train] update=1446 samples=28920 fps=8.1 loss=0.9132 actor=-0.4005 value=1.3424 entropy=2.8681 mean_return=4.282 mean_len=78.1
[gat-train] update=1447 samples=28940 fps=8.1 loss=1.2503 actor=0.8419 value=0.4318 entropy=2.3393 mean_return=4.282 mean_len=78.1
[gat-train] update=1448 samples=28960 fps=8.1 loss=-0.3139 actor=-0.4860 value=0.1981 entropy=2.6084 mean_return=4.282 mean_len=78.1
[gat-train] update=1449 samples=28980 fps=8.1 loss=0.2017 actor=-0.0593 value=0.2838 entropy=2.2832 mean_return=4.282 mean_len=78.1
[gat-train] update=1450 samples=29000 fps=8.1 loss=-0.6662 actor=-2.0372 value=1.3938 entropy=2.2804 mean_return=4.282 mean_len=78.1
[gat-train] eval update=1450 comp_score=89.99 best=95.39
[gat-train] update=1451 samples=29020 fps=8.1 loss=0.2540 actor=0.1024 value=0.1834 entropy=3.1781 mean_return=4.282 mean_len=78.1
[gat-train] update=1452 samples=29040 fps=8.1 loss=1.0558 actor=0.4035 value=0.6794 entropy=2.7138 mean_return=4.282 mean_len=78.1
[gat-train] update=1453 samples=29060 fps=8.1 loss=1.7517 actor=1.3215 value=0.4548 entropy=2.4647 mean_return=4.282 mean_len=78.1
[gat-train] update=1454 samples=29080 fps=8.1 loss=0.4321 actor=-1.3758 value=1.8229 entropy=1.5040 mean_return=4.282 mean_len=78.1
[gat-train] update=1455 samples=29100 fps=8.1 loss=21.9578 actor=2.7081 value=19.2760 entropy=2.6361 mean_return=4.303 mean_len=77.9
[gat-train] update=1456 samples=29120 fps=8.1 loss=11.4475 actor=1.2922 value=10.1865 entropy=3.1177 mean_return=4.261 mean_len=78.0
[gat-train] update=1457 samples=29140 fps=8.1 loss=1.8805 actor=1.1520 value=0.7588 entropy=3.0287 mean_return=4.261 mean_len=78.0
[gat-train] update=1458 samples=29160 fps=8.1 loss=2.7204 actor=1.4942 value=1.2525 entropy=2.6306 mean_return=4.261 mean_len=78.0
[gat-train] update=1459 samples=29180 fps=8.1 loss=-0.3983 actor=-0.8861 value=0.5172 entropy=2.9431 mean_return=4.261 mean_len=78.0
[gat-train] update=1460 samples=29200 fps=8.1 loss=1.1625 actor=0.5053 value=0.6873 entropy=3.0055 mean_return=4.261 mean_len=78.0
[gat-train] update=1461 samples=29220 fps=8.1 loss=10.1800 actor=0.3249 value=9.8849 entropy=2.9750 mean_return=4.265 mean_len=78.1
[gat-train] update=1462 samples=29240 fps=8.1 loss=0.8018 actor=0.4024 value=0.4205 entropy=2.1059 mean_return=4.265 mean_len=78.1
[gat-train] update=1463 samples=29260 fps=8.1 loss=41.3267 actor=7.0216 value=34.3353 entropy=3.0140 mean_return=4.279 mean_len=78.5
[gat-train] update=1464 samples=29280 fps=8.1 loss=1.7886 actor=-0.8609 value=2.6828 entropy=3.3288 mean_return=4.279 mean_len=78.5
[gat-train] update=1465 samples=29300 fps=8.1 loss=-0.8105 actor=-1.0963 value=0.3181 entropy=3.2286 mean_return=4.279 mean_len=78.5
[gat-train] update=1466 samples=29320 fps=8.1 loss=0.2353 actor=-0.4541 value=0.7231 entropy=3.3657 mean_return=4.279 mean_len=78.5
[gat-train] update=1467 samples=29340 fps=8.1 loss=1.7880 actor=1.1620 value=0.6577 entropy=3.1743 mean_return=4.279 mean_len=78.5
[gat-train] update=1468 samples=29360 fps=8.1 loss=-1.1625 actor=-2.4614 value=1.3289 entropy=2.9997 mean_return=4.279 mean_len=78.5
[gat-train] update=1469 samples=29380 fps=8.1 loss=1.0540 actor=0.6476 value=0.4369 entropy=3.0582 mean_return=4.279 mean_len=78.5
[gat-train] update=1470 samples=29400 fps=8.1 loss=0.4705 actor=-0.8118 value=1.3099 entropy=2.7535 mean_return=4.279 mean_len=78.5
[gat-train] update=1471 samples=29420 fps=8.1 loss=36.6520 actor=5.9895 value=30.6911 entropy=2.8587 mean_return=4.364 mean_len=78.5
[gat-train] update=1472 samples=29440 fps=8.1 loss=-0.7522 actor=-2.2718 value=1.5553 entropy=3.5607 mean_return=4.364 mean_len=78.5
[gat-train] update=1473 samples=29460 fps=8.1 loss=1.5103 actor=0.4123 value=1.1347 entropy=3.6656 mean_return=4.364 mean_len=78.5
[gat-train] update=1474 samples=29480 fps=8.1 loss=-0.3558 actor=-0.7936 value=0.4731 entropy=3.5294 mean_return=4.364 mean_len=78.5
[gat-train] update=1475 samples=29500 fps=8.1 loss=0.0185 actor=-1.3017 value=1.3520 entropy=3.1776 mean_return=4.364 mean_len=78.5
[gat-train] update=1476 samples=29520 fps=8.1 loss=2.0772 actor=1.1803 value=0.9243 entropy=2.7371 mean_return=4.364 mean_len=78.5
[gat-train] update=1477 samples=29540 fps=8.1 loss=37.9681 actor=6.9607 value=31.0297 entropy=2.2291 mean_return=4.350 mean_len=78.7
[gat-train] update=1478 samples=29560 fps=8.1 loss=1.7729 actor=-1.3368 value=3.1293 entropy=1.9652 mean_return=4.350 mean_len=78.7
[gat-train] update=1479 samples=29580 fps=8.1 loss=-0.7084 actor=-1.4267 value=0.7496 entropy=3.1305 mean_return=4.350 mean_len=78.7
[gat-train] update=1480 samples=29600 fps=8.1 loss=32.8794 actor=5.0432 value=27.8673 entropy=3.1094 mean_return=4.375 mean_len=78.9
[gat-train] update=1481 samples=29620 fps=8.1 loss=1.0238 actor=0.6169 value=0.4384 entropy=3.1449 mean_return=4.375 mean_len=78.9
[gat-train] update=1482 samples=29640 fps=8.1 loss=0.2122 actor=-0.7515 value=0.9956 entropy=3.1887 mean_return=4.375 mean_len=78.9
[gat-train] update=1483 samples=29660 fps=8.1 loss=-0.2809 actor=-1.1251 value=0.8777 entropy=3.3486 mean_return=4.375 mean_len=78.9
[gat-train] update=1484 samples=29680 fps=8.1 loss=1.5276 actor=0.6669 value=0.8910 entropy=3.0387 mean_return=4.375 mean_len=78.9
[gat-train] update=1485 samples=29700 fps=8.1 loss=0.0341 actor=-0.5820 value=0.6457 entropy=2.9542 mean_return=4.375 mean_len=78.9
[gat-train] update=1486 samples=29720 fps=8.1 loss=5.9836 actor=3.1822 value=2.8344 entropy=3.2947 mean_return=4.375 mean_len=78.9
[gat-train] update=1487 samples=29740 fps=8.1 loss=79.6897 actor=13.7088 value=66.0127 entropy=3.1770 mean_return=4.390 mean_len=79.1
[gat-train] update=1488 samples=29760 fps=8.1 loss=1.3113 actor=-1.3814 value=2.7234 entropy=3.0710 mean_return=4.390 mean_len=79.1
[gat-train] update=1489 samples=29780 fps=8.1 loss=0.5053 actor=0.1090 value=0.4292 entropy=3.2851 mean_return=4.390 mean_len=79.1
[gat-train] update=1490 samples=29800 fps=8.1 loss=0.5762 actor=0.2004 value=0.4167 entropy=4.0953 mean_return=4.390 mean_len=79.1
[gat-train] update=1491 samples=29820 fps=8.1 loss=-0.8161 actor=-1.6024 value=0.8168 entropy=3.0514 mean_return=4.390 mean_len=79.1
[gat-train] update=1492 samples=29840 fps=8.1 loss=-0.1087 actor=-0.8670 value=0.7873 entropy=2.8941 mean_return=4.390 mean_len=79.1
[gat-train] update=1493 samples=29860 fps=8.1 loss=39.0631 actor=6.7692 value=32.3320 entropy=3.8046 mean_return=4.420 mean_len=79.3
[gat-train] update=1494 samples=29880 fps=8.1 loss=-0.1846 actor=-2.3730 value=2.2221 entropy=3.3753 mean_return=4.420 mean_len=79.3
[gat-train] update=1495 samples=29900 fps=8.1 loss=0.1419 actor=-0.3243 value=0.4981 entropy=3.1896 mean_return=4.420 mean_len=79.3
[gat-train] update=1496 samples=29920 fps=8.1 loss=17.8881 actor=4.4154 value=13.5109 entropy=3.8238 mean_return=4.443 mean_len=79.3
[gat-train] update=1497 samples=29940 fps=8.1 loss=-0.8894 actor=-1.7124 value=0.8603 entropy=3.7336 mean_return=4.443 mean_len=79.3
[gat-train] update=1498 samples=29960 fps=8.1 loss=-1.8022 actor=-2.4791 value=0.7133 entropy=3.6384 mean_return=4.443 mean_len=79.3
[gat-train] update=1499 samples=29980 fps=8.1 loss=0.6639 actor=0.4272 value=0.2737 entropy=3.6941 mean_return=4.443 mean_len=79.3
[gat-train] update=1500 samples=30000 fps=8.1 loss=-0.1215 actor=-0.7044 value=0.6216 entropy=3.8675 mean_return=4.443 mean_len=79.3
[gat-train] eval update=1500 comp_score=88.52 best=95.39
[gat-train] update=1501 samples=30020 fps=8.1 loss=-0.0896 actor=-1.4529 value=1.3858 entropy=2.2509 mean_return=4.443 mean_len=79.3
[gat-train] update=1502 samples=30040 fps=8.1 loss=0.4166 actor=-0.5665 value=1.0109 entropy=2.7807 mean_return=4.443 mean_len=79.3
[gat-train] update=1503 samples=30060 fps=8.1 loss=54.3439 actor=9.5999 value=44.7751 entropy=3.1102 mean_return=4.412 mean_len=79.4
[gat-train] update=1504 samples=30080 fps=8.1 loss=2.1682 actor=-0.5881 value=2.7916 entropy=3.5294 mean_return=4.412 mean_len=79.4
[gat-train] update=1505 samples=30100 fps=8.1 loss=-0.9620 actor=-2.0459 value=1.1213 entropy=3.7401 mean_return=4.412 mean_len=79.4
[gat-train] update=1506 samples=30120 fps=8.1 loss=3.3642 actor=1.9112 value=1.4811 entropy=2.8109 mean_return=4.412 mean_len=79.4
[gat-train] update=1507 samples=30140 fps=8.1 loss=0.1273 actor=-1.2426 value=1.4016 entropy=3.1709 mean_return=4.412 mean_len=79.4
[gat-train] update=1508 samples=30160 fps=8.1 loss=1.1492 actor=-0.0302 value=1.2065 entropy=2.7121 mean_return=4.412 mean_len=79.4
[gat-train] update=1509 samples=30180 fps=8.1 loss=0.7615 actor=-0.0597 value=0.8443 entropy=2.3067 mean_return=4.412 mean_len=79.4
[gat-train] update=1510 samples=30200 fps=8.2 loss=41.3658 actor=8.0886 value=33.3076 entropy=3.0397 mean_return=4.418 mean_len=79.4
[gat-train] update=1511 samples=30220 fps=8.2 loss=36.2670 actor=5.6774 value=30.6206 entropy=3.1021 mean_return=4.437 mean_len=79.5
[gat-train] update=1512 samples=30240 fps=8.2 loss=-0.1317 actor=-0.9108 value=0.8123 entropy=3.3228 mean_return=4.437 mean_len=79.5
[gat-train] update=1513 samples=30260 fps=8.2 loss=-0.1674 actor=-0.6803 value=0.5483 entropy=3.5432 mean_return=4.437 mean_len=79.5
[gat-train] update=1514 samples=30280 fps=8.2 loss=-0.6659 actor=-1.4341 value=0.7995 entropy=3.1394 mean_return=4.437 mean_len=79.5
[gat-train] update=1515 samples=30300 fps=8.2 loss=-0.1911 actor=-0.7607 value=0.6048 entropy=3.5119 mean_return=4.437 mean_len=79.5
[gat-train] update=1516 samples=30320 fps=8.2 loss=3.0582 actor=1.8209 value=1.2716 entropy=3.4296 mean_return=4.437 mean_len=79.5
[gat-train] update=1517 samples=30340 fps=8.2 loss=-1.0364 actor=-2.4160 value=1.4122 entropy=3.2517 mean_return=4.437 mean_len=79.5
[gat-train] update=1518 samples=30360 fps=8.2 loss=42.9386 actor=7.6133 value=35.3553 entropy=2.9992 mean_return=4.452 mean_len=79.6
[gat-train] update=1519 samples=30380 fps=8.2 loss=1.6403 actor=-1.0645 value=2.7350 entropy=3.0186 mean_return=4.452 mean_len=79.6
[gat-train] update=1520 samples=30400 fps=8.2 loss=32.2063 actor=3.6458 value=28.5907 entropy=3.0240 mean_return=4.418 mean_len=79.9
[gat-train] update=1521 samples=30420 fps=8.2 loss=-0.3672 actor=-0.9601 value=0.6320 entropy=3.9022 mean_return=4.418 mean_len=79.9
[gat-train] update=1522 samples=30440 fps=8.2 loss=0.5182 actor=-0.2516 value=0.8064 entropy=3.6489 mean_return=4.418 mean_len=79.9
[gat-train] update=1523 samples=30460 fps=8.2 loss=2.8458 actor=0.4476 value=2.4330 entropy=3.4812 mean_return=4.418 mean_len=79.9
[gat-train] update=1524 samples=30480 fps=8.2 loss=0.8019 actor=-2.5170 value=3.3475 entropy=2.8650 mean_return=4.418 mean_len=79.9
[gat-train] update=1525 samples=30500 fps=8.2 loss=5.3245 actor=1.7289 value=3.6246 entropy=2.8985 mean_return=4.418 mean_len=79.9
[gat-train] update=1526 samples=30520 fps=8.2 loss=10.3577 actor=2.2911 value=8.0979 entropy=3.1349 mean_return=4.441 mean_len=80.0
[gat-train] update=1527 samples=30540 fps=8.2 loss=7.7379 actor=-2.8573 value=10.6359 entropy=4.0603 mean_return=4.450 mean_len=80.0
[gat-train] update=1528 samples=30560 fps=8.2 loss=1.3997 actor=0.2350 value=1.1949 entropy=3.0237 mean_return=4.450 mean_len=80.0
[gat-train] update=1529 samples=30580 fps=8.2 loss=-0.2076 actor=-0.9046 value=0.7318 entropy=3.4788 mean_return=4.450 mean_len=80.0
[gat-train] update=1530 samples=30600 fps=8.2 loss=-1.1697 actor=-1.6833 value=0.5485 entropy=3.4841 mean_return=4.450 mean_len=80.0
[gat-train] update=1531 samples=30620 fps=8.2 loss=-0.1638 actor=-0.7363 value=0.5946 entropy=2.2134 mean_return=4.450 mean_len=80.0
[gat-train] update=1532 samples=30640 fps=8.2 loss=0.5213 actor=0.0525 value=0.5018 entropy=3.2940 mean_return=4.450 mean_len=80.0
[gat-train] update=1533 samples=30660 fps=8.2 loss=-0.2324 actor=-1.9830 value=1.7804 entropy=2.9755 mean_return=4.450 mean_len=80.0
[gat-train] update=1534 samples=30680 fps=8.2 loss=-0.1532 actor=-1.1537 value=1.0334 entropy=3.2889 mean_return=4.450 mean_len=80.0
[gat-train] update=1535 samples=30700 fps=8.2 loss=20.0939 actor=4.2032 value=15.9222 entropy=3.1534 mean_return=4.468 mean_len=79.8
[gat-train] update=1536 samples=30720 fps=8.2 loss=8.1042 actor=-2.7808 value=10.9185 entropy=3.3502 mean_return=4.446 mean_len=80.0
[gat-train] update=1537 samples=30740 fps=8.2 loss=0.8934 actor=0.0444 value=0.8817 entropy=3.2735 mean_return=4.446 mean_len=80.0
[gat-train] update=1538 samples=30760 fps=8.2 loss=0.5479 actor=0.3234 value=0.2581 entropy=3.3554 mean_return=4.446 mean_len=80.0
[gat-train] update=1539 samples=30780 fps=8.2 loss=0.6011 actor=-0.0558 value=0.6874 entropy=3.0586 mean_return=4.446 mean_len=80.0
[gat-train] update=1540 samples=30800 fps=8.2 loss=-0.9059 actor=-1.3206 value=0.4484 entropy=3.3762 mean_return=4.446 mean_len=80.0
[gat-train] update=1541 samples=30820 fps=8.2 loss=24.2705 actor=3.2760 value=21.0249 entropy=3.0406 mean_return=4.434 mean_len=80.0
[gat-train] update=1542 samples=30840 fps=8.2 loss=1.3430 actor=0.1930 value=1.1796 entropy=2.9518 mean_return=4.434 mean_len=80.0
[gat-train] update=1543 samples=30860 fps=8.2 loss=1.2520 actor=0.9307 value=0.3514 entropy=3.0081 mean_return=4.434 mean_len=80.0
[gat-train] update=1544 samples=30880 fps=8.2 loss=10.3324 actor=1.0015 value=9.3685 entropy=3.7538 mean_return=4.410 mean_len=80.2
[gat-train] update=1545 samples=30900 fps=8.2 loss=-0.3629 actor=-1.2197 value=0.8950 entropy=3.8200 mean_return=4.410 mean_len=80.2
[gat-train] update=1546 samples=30920 fps=8.2 loss=0.1250 actor=-0.3717 value=0.5326 entropy=3.5939 mean_return=4.410 mean_len=80.2
[gat-train] update=1547 samples=30940 fps=8.2 loss=1.8795 actor=1.2313 value=0.6838 entropy=3.5596 mean_return=4.410 mean_len=80.2
[gat-train] update=1548 samples=30960 fps=8.2 loss=-0.6958 actor=-1.3638 value=0.6972 entropy=2.9203 mean_return=4.410 mean_len=80.2
[gat-train] update=1549 samples=30980 fps=8.2 loss=0.6054 actor=-0.0260 value=0.6639 entropy=3.2526 mean_return=4.410 mean_len=80.2
[gat-train] update=1550 samples=31000 fps=8.2 loss=2.0930 actor=0.9311 value=1.1862 entropy=2.4269 mean_return=4.410 mean_len=80.2
[gat-train] eval update=1550 comp_score=88.52 best=95.39
[gat-train] update=1551 samples=31020 fps=8.2 loss=46.6707 actor=5.9148 value=40.7878 entropy=3.1938 mean_return=4.441 mean_len=80.1
[gat-train] update=1552 samples=31040 fps=8.2 loss=1.3816 actor=0.5487 value=0.8666 entropy=3.3665 mean_return=4.441 mean_len=80.1
[gat-train] update=1553 samples=31060 fps=8.2 loss=0.2014 actor=-0.3474 value=0.5831 entropy=3.4305 mean_return=4.441 mean_len=80.1
[gat-train] update=1554 samples=31080 fps=8.2 loss=0.9123 actor=0.1908 value=0.7603 entropy=3.8823 mean_return=4.441 mean_len=80.1
[gat-train] update=1555 samples=31100 fps=8.2 loss=-0.7835 actor=-1.1861 value=0.4403 entropy=3.7753 mean_return=4.441 mean_len=80.1
[gat-train] update=1556 samples=31120 fps=8.2 loss=0.4446 actor=-0.7302 value=1.2028 entropy=2.8072 mean_return=4.441 mean_len=80.1
[gat-train] update=1557 samples=31140 fps=8.2 loss=1.0835 actor=0.5682 value=0.5406 entropy=2.5339 mean_return=4.441 mean_len=80.1
[gat-train] update=1558 samples=31160 fps=8.2 loss=12.3113 actor=3.0788 value=9.2607 entropy=2.8185 mean_return=4.442 mean_len=80.3
[gat-train] update=1559 samples=31180 fps=8.2 loss=0.1576 actor=-0.5879 value=0.7708 entropy=2.5291 mean_return=4.442 mean_len=80.3
[gat-train] update=1560 samples=31200 fps=8.2 loss=-0.1909 actor=-0.5565 value=0.3942 entropy=2.8678 mean_return=4.442 mean_len=80.3
[gat-train] update=1561 samples=31220 fps=8.2 loss=11.0181 actor=1.4302 value=9.6171 entropy=2.9284 mean_return=4.433 mean_len=80.4
[gat-train] update=1562 samples=31240 fps=8.2 loss=3.9389 actor=1.7669 value=2.2003 entropy=2.8311 mean_return=4.433 mean_len=80.4
[gat-train] update=1563 samples=31260 fps=8.2 loss=0.9788 actor=0.0882 value=0.9193 entropy=2.8796 mean_return=4.433 mean_len=80.4
[gat-train] update=1564 samples=31280 fps=8.2 loss=36.8896 actor=5.3234 value=31.5942 entropy=2.7988 mean_return=4.391 mean_len=80.3
[gat-train] update=1565 samples=31300 fps=8.2 loss=1.0554 actor=-0.9324 value=2.0182 entropy=3.0410 mean_return=4.391 mean_len=80.3
[gat-train] update=1566 samples=31320 fps=8.2 loss=0.2183 actor=0.0298 value=0.2089 entropy=2.0375 mean_return=4.391 mean_len=80.3
[gat-train] update=1567 samples=31340 fps=8.3 loss=22.6595 actor=1.8796 value=20.8094 entropy=2.9416 mean_return=4.375 mean_len=80.4
[gat-train] update=1568 samples=31360 fps=8.3 loss=-0.4796 actor=-0.7740 value=0.3250 entropy=3.0647 mean_return=4.375 mean_len=80.4
[gat-train] update=1569 samples=31380 fps=8.3 loss=0.9616 actor=0.4077 value=0.5846 entropy=3.0662 mean_return=4.375 mean_len=80.4
[gat-train] update=1570 samples=31400 fps=8.3 loss=-0.8551 actor=-1.3805 value=0.5616 entropy=3.6141 mean_return=4.375 mean_len=80.4
[gat-train] update=1571 samples=31420 fps=8.3 loss=-0.0563 actor=-0.7047 value=0.6813 entropy=3.2841 mean_return=4.375 mean_len=80.4
[gat-train] update=1572 samples=31440 fps=8.3 loss=1.8783 actor=1.2415 value=0.6717 entropy=3.4964 mean_return=4.375 mean_len=80.4
[gat-train] update=1573 samples=31460 fps=8.3 loss=36.4471 actor=7.4051 value=29.0705 entropy=2.8419 mean_return=4.391 mean_len=80.4
[gat-train] update=1574 samples=31480 fps=8.3 loss=0.0950 actor=-0.1661 value=0.2914 entropy=3.0261 mean_return=4.391 mean_len=80.4
[gat-train] update=1575 samples=31500 fps=8.3 loss=24.5048 actor=2.4959 value=22.0425 entropy=3.3557 mean_return=4.380 mean_len=80.3
[gat-train] update=1576 samples=31520 fps=8.3 loss=0.2646 actor=0.1285 value=0.1699 entropy=3.3875 mean_return=4.380 mean_len=80.3
[gat-train] update=1577 samples=31540 fps=8.3 loss=-0.3209 actor=-1.1023 value=0.8154 entropy=3.4045 mean_return=4.380 mean_len=80.3
[gat-train] update=1578 samples=31560 fps=8.3 loss=-1.1461 actor=-2.4000 value=1.2880 entropy=3.4084 mean_return=4.380 mean_len=80.3
[gat-train] update=1579 samples=31580 fps=8.3 loss=0.2439 actor=-0.3685 value=0.6429 entropy=3.0543 mean_return=4.380 mean_len=80.3
[gat-train] update=1580 samples=31600 fps=8.3 loss=28.9812 actor=5.9244 value=23.0927 entropy=3.6021 mean_return=4.382 mean_len=80.3
[gat-train] update=1581 samples=31620 fps=8.3 loss=1.5338 actor=0.6860 value=0.8830 entropy=3.5267 mean_return=4.382 mean_len=80.3
[gat-train] update=1582 samples=31640 fps=8.3 loss=0.1693 actor=-0.4831 value=0.6874 entropy=3.4979 mean_return=4.382 mean_len=80.3
[gat-train] update=1583 samples=31660 fps=8.3 loss=21.8292 actor=3.6170 value=18.2438 entropy=3.1626 mean_return=4.384 mean_len=80.1
[gat-train] update=1584 samples=31680 fps=8.3 loss=-0.1129 actor=-1.2003 value=1.1233 entropy=3.5770 mean_return=4.384 mean_len=80.1
[gat-train] update=1585 samples=31700 fps=8.3 loss=-0.5165 actor=-1.1621 value=0.6762 entropy=3.0616 mean_return=4.384 mean_len=80.1
[gat-train] update=1586 samples=31720 fps=8.3 loss=-1.0530 actor=-1.6372 value=0.6141 entropy=2.9914 mean_return=4.384 mean_len=80.1
[gat-train] update=1587 samples=31740 fps=8.3 loss=-0.0743 actor=-0.3892 value=0.3480 entropy=3.3035 mean_return=4.384 mean_len=80.1
[gat-train] update=1588 samples=31760 fps=8.3 loss=-0.9748 actor=-1.3021 value=0.3565 entropy=2.9179 mean_return=4.384 mean_len=80.1
[gat-train] update=1589 samples=31780 fps=8.3 loss=-0.2603 actor=-0.6930 value=0.4664 entropy=3.3601 mean_return=4.384 mean_len=80.1
[gat-train] update=1590 samples=31800 fps=8.3 loss=0.4417 actor=-0.2834 value=0.7571 entropy=3.2024 mean_return=4.384 mean_len=80.1
[gat-train] update=1591 samples=31820 fps=8.3 loss=0.1786 actor=-0.1409 value=0.3471 entropy=2.7619 mean_return=4.384 mean_len=80.1
[gat-train] update=1592 samples=31840 fps=8.3 loss=37.0355 actor=4.7308 value=32.3281 entropy=2.3412 mean_return=4.349 mean_len=80.5
[gat-train] update=1593 samples=31860 fps=8.3 loss=0.5714 actor=0.4893 value=0.1139 entropy=3.1792 mean_return=4.349 mean_len=80.5
[gat-train] update=1594 samples=31880 fps=8.3 loss=0.6957 actor=0.1546 value=0.5724 entropy=3.1270 mean_return=4.349 mean_len=80.5
[gat-train] update=1595 samples=31900 fps=8.3 loss=-0.1647 actor=-0.4091 value=0.2718 entropy=2.7280 mean_return=4.349 mean_len=80.5
[gat-train] update=1596 samples=31920 fps=8.3 loss=1.6898 actor=1.3307 value=0.3899 entropy=3.0815 mean_return=4.349 mean_len=80.5
[gat-train] update=1597 samples=31940 fps=8.3 loss=17.9983 actor=2.1573 value=15.8693 entropy=2.8305 mean_return=4.324 mean_len=80.5
[gat-train] update=1598 samples=31960 fps=8.3 loss=0.1281 actor=-0.4281 value=0.5818 entropy=2.5548 mean_return=4.324 mean_len=80.5
[gat-train] update=1599 samples=31980 fps=8.3 loss=19.9827 actor=1.4279 value=18.5794 entropy=2.4554 mean_return=4.327 mean_len=80.7
[gat-train] update=1600 samples=32000 fps=8.3 loss=0.1221 actor=-0.4946 value=0.6445 entropy=2.7719 mean_return=4.327 mean_len=80.7
[gat-train] eval update=1600 comp_score=88.24 best=95.39
[gat-train] update=1601 samples=32020 fps=8.3 loss=-0.2221 actor=-0.4473 value=0.2589 entropy=3.3767 mean_return=4.327 mean_len=80.7
[gat-train] update=1602 samples=32040 fps=8.3 loss=0.6238 actor=0.1356 value=0.5219 entropy=3.3707 mean_return=4.327 mean_len=80.7
[gat-train] update=1603 samples=32060 fps=8.3 loss=-0.7764 actor=-1.3867 value=0.6405 entropy=3.0225 mean_return=4.327 mean_len=80.7
[gat-train] update=1604 samples=32080 fps=8.3 loss=-0.0792 actor=-0.3366 value=0.2824 entropy=2.5040 mean_return=4.327 mean_len=80.7
[gat-train] update=1605 samples=32100 fps=8.3 loss=-0.4694 actor=-1.1478 value=0.7005 entropy=2.2082 mean_return=4.327 mean_len=80.7
[gat-train] update=1606 samples=32120 fps=8.3 loss=2.6668 actor=1.0584 value=1.6326 entropy=2.4171 mean_return=4.327 mean_len=80.7
[gat-train] update=1607 samples=32140 fps=8.3 loss=36.9825 actor=6.4532 value=30.5560 entropy=2.6648 mean_return=4.330 mean_len=80.6
[gat-train] update=1608 samples=32160 fps=8.3 loss=1.5479 actor=-0.3103 value=1.8803 entropy=2.2059 mean_return=4.330 mean_len=80.6
[gat-train] update=1609 samples=32180 fps=8.3 loss=27.7608 actor=2.6301 value=25.1610 entropy=3.0334 mean_return=4.355 mean_len=80.7
[gat-train] update=1610 samples=32200 fps=8.3 loss=4.8623 actor=3.1499 value=1.7416 entropy=2.9215 mean_return=4.355 mean_len=80.7
[gat-train] update=1611 samples=32220 fps=8.3 loss=3.1640 actor=1.2954 value=1.8963 entropy=2.7701 mean_return=4.355 mean_len=80.7
[gat-train] update=1612 samples=32240 fps=8.3 loss=0.0425 actor=-0.4657 value=0.5388 entropy=3.0622 mean_return=4.355 mean_len=80.7
[gat-train] update=1613 samples=32260 fps=8.3 loss=30.9501 actor=4.4911 value=26.4873 entropy=2.8305 mean_return=4.382 mean_len=80.6
[gat-train] update=1614 samples=32280 fps=8.3 loss=0.7512 actor=-0.2144 value=0.9875 entropy=2.1839 mean_return=4.382 mean_len=80.6
[gat-train] update=1615 samples=32300 fps=8.3 loss=33.6362 actor=4.6392 value=29.0234 entropy=2.6394 mean_return=4.370 mean_len=80.8
[gat-train] update=1616 samples=32320 fps=8.3 loss=0.5377 actor=0.1608 value=0.4020 entropy=2.5148 mean_return=4.370 mean_len=80.8
[gat-train] update=1617 samples=32340 fps=8.3 loss=0.7376 actor=0.4775 value=0.2892 entropy=2.9119 mean_return=4.370 mean_len=80.8
[gat-train] update=1618 samples=32360 fps=8.3 loss=1.9553 actor=1.1264 value=0.8600 entropy=3.1167 mean_return=4.370 mean_len=80.8
[gat-train] update=1619 samples=32380 fps=8.3 loss=0.3507 actor=-0.7718 value=1.1442 entropy=2.1648 mean_return=4.370 mean_len=80.8
[gat-train] update=1620 samples=32400 fps=8.3 loss=0.0790 actor=-0.4218 value=0.5320 entropy=3.1206 mean_return=4.370 mean_len=80.8
[gat-train] update=1621 samples=32420 fps=8.3 loss=0.4808 actor=-0.4717 value=0.9771 entropy=2.4655 mean_return=4.370 mean_len=80.8
[gat-train] update=1622 samples=32440 fps=8.3 loss=0.6084 actor=0.3056 value=0.3250 entropy=2.2260 mean_return=4.370 mean_len=80.8
[gat-train] update=1623 samples=32460 fps=8.3 loss=-1.2276 actor=-3.2325 value=2.0268 entropy=2.1933 mean_return=4.370 mean_len=80.8
[gat-train] update=1624 samples=32480 fps=8.3 loss=0.5523 actor=-0.7243 value=1.3020 entropy=2.5340 mean_return=4.370 mean_len=80.8
[gat-train] update=1625 samples=32500 fps=8.3 loss=10.5508 actor=1.1051 value=9.4749 entropy=2.9218 mean_return=4.376 mean_len=80.8
[gat-train] update=1626 samples=32520 fps=8.3 loss=44.0841 actor=7.2062 value=36.8985 entropy=2.0572 mean_return=4.401 mean_len=81.0
[gat-train] update=1627 samples=32540 fps=8.3 loss=11.1902 actor=-4.2745 value=15.4964 entropy=3.1703 mean_return=4.401 mean_len=81.0
[gat-train] update=1628 samples=32560 fps=8.3 loss=2.7560 actor=1.1887 value=1.5961 entropy=2.8897 mean_return=4.401 mean_len=81.0
[gat-train] update=1629 samples=32580 fps=8.3 loss=0.2809 actor=-0.8329 value=1.1448 entropy=3.0996 mean_return=4.401 mean_len=81.0
[gat-train] update=1630 samples=32600 fps=8.4 loss=3.0137 actor=2.0496 value=0.9891 entropy=2.4987 mean_return=4.401 mean_len=81.0
[gat-train] update=1631 samples=32620 fps=8.4 loss=25.5793 actor=3.8834 value=21.7221 entropy=2.6167 mean_return=4.395 mean_len=81.2
[gat-train] update=1632 samples=32640 fps=8.4 loss=-1.0316 actor=-1.8848 value=0.8825 entropy=2.9298 mean_return=4.395 mean_len=81.2
[gat-train] update=1633 samples=32660 fps=8.4 loss=0.9106 actor=0.4566 value=0.4848 entropy=3.0750 mean_return=4.395 mean_len=81.2
[gat-train] update=1634 samples=32680 fps=8.4 loss=0.8516 actor=-0.1822 value=1.0671 entropy=3.3219 mean_return=4.395 mean_len=81.2
[gat-train] update=1635 samples=32700 fps=8.4 loss=-0.2170 actor=-0.8884 value=0.6995 entropy=2.8054 mean_return=4.395 mean_len=81.2
[gat-train] update=1636 samples=32720 fps=8.4 loss=0.0776 actor=-0.5276 value=0.6328 entropy=2.7572 mean_return=4.395 mean_len=81.2
[gat-train] update=1637 samples=32740 fps=8.4 loss=1.4342 actor=0.6894 value=0.7728 entropy=2.8079 mean_return=4.395 mean_len=81.2
[gat-train] update=1638 samples=32760 fps=8.4 loss=0.5078 actor=-1.1894 value=1.7256 entropy=2.8327 mean_return=4.395 mean_len=81.2
[gat-train] update=1639 samples=32780 fps=8.4 loss=1.2534 actor=-0.4294 value=1.7111 entropy=2.8258 mean_return=4.395 mean_len=81.2
[gat-train] update=1640 samples=32800 fps=8.4 loss=10.0465 actor=-0.4935 value=10.5617 entropy=2.1741 mean_return=4.421 mean_len=81.0
[gat-train] update=1641 samples=32820 fps=8.4 loss=10.3425 actor=0.6705 value=9.6993 entropy=2.7328 mean_return=4.433 mean_len=80.8
[gat-train] update=1642 samples=32840 fps=8.4 loss=0.3139 actor=0.0747 value=0.2726 entropy=3.3344 mean_return=4.433 mean_len=80.8
[gat-train] update=1643 samples=32860 fps=8.4 loss=1.0959 actor=0.4734 value=0.6544 entropy=3.1906 mean_return=4.433 mean_len=80.8
[gat-train] update=1644 samples=32880 fps=8.4 loss=-0.4719 actor=-1.1740 value=0.7351 entropy=3.2948 mean_return=4.433 mean_len=80.8
[gat-train] update=1645 samples=32900 fps=8.4 loss=1.0583 actor=0.6739 value=0.4121 entropy=2.7775 mean_return=4.433 mean_len=80.8
[gat-train] update=1646 samples=32920 fps=8.4 loss=1.3120 actor=0.4126 value=0.9233 entropy=2.3860 mean_return=4.433 mean_len=80.8
[gat-train] update=1647 samples=32940 fps=8.4 loss=18.5832 actor=0.9558 value=17.6534 entropy=2.6010 mean_return=4.451 mean_len=80.8
[gat-train] update=1648 samples=32960 fps=8.4 loss=0.0724 actor=-0.2529 value=0.3487 entropy=2.3380 mean_return=4.451 mean_len=80.8
[gat-train] update=1649 samples=32980 fps=8.4 loss=44.1274 actor=7.2435 value=36.9067 entropy=2.2783 mean_return=4.466 mean_len=81.0
[gat-train] update=1650 samples=33000 fps=8.4 loss=1.6264 actor=-0.4459 value=2.0959 entropy=2.3497 mean_return=4.466 mean_len=81.0
[gat-train] eval update=1650 comp_score=88.24 best=95.39
[gat-train] update=1651 samples=33020 fps=8.4 loss=0.9630 actor=0.3221 value=0.6641 entropy=2.3255 mean_return=4.466 mean_len=81.0
[gat-train] update=1652 samples=33040 fps=8.4 loss=-0.0711 actor=-0.5305 value=0.4807 entropy=2.1285 mean_return=4.466 mean_len=81.0
[gat-train] update=1653 samples=33060 fps=8.4 loss=-0.2860 actor=-0.5501 value=0.2885 entropy=2.4369 mean_return=4.466 mean_len=81.0
[gat-train] update=1654 samples=33080 fps=8.4 loss=-0.1581 actor=-0.5809 value=0.4509 entropy=2.8049 mean_return=4.466 mean_len=81.0
[gat-train] update=1655 samples=33100 fps=8.4 loss=0.9316 actor=0.0547 value=0.9040 entropy=2.7099 mean_return=4.466 mean_len=81.0
[gat-train] update=1656 samples=33120 fps=8.4 loss=3.8461 actor=2.4580 value=1.4148 entropy=2.6781 mean_return=4.466 mean_len=81.0
[gat-train] update=1657 samples=33140 fps=8.4 loss=85.6771 actor=13.4221 value=72.2743 entropy=1.9347 mean_return=4.420 mean_len=81.2
[gat-train] update=1658 samples=33160 fps=8.4 loss=3.3276 actor=-0.3685 value=3.7192 entropy=2.3088 mean_return=4.420 mean_len=81.2
[gat-train] update=1659 samples=33180 fps=8.4 loss=0.5580 actor=-0.1972 value=0.7839 entropy=2.8713 mean_return=4.420 mean_len=81.2
[gat-train] update=1660 samples=33200 fps=8.4 loss=1.3006 actor=0.3742 value=0.9505 entropy=2.4101 mean_return=4.420 mean_len=81.2
[gat-train] update=1661 samples=33220 fps=8.4 loss=0.9227 actor=0.2290 value=0.7133 entropy=1.9596 mean_return=4.420 mean_len=81.2
[gat-train] update=1662 samples=33240 fps=8.4 loss=0.3438 actor=-0.1157 value=0.4821 entropy=2.2609 mean_return=4.420 mean_len=81.2
[gat-train] update=1663 samples=33260 fps=8.4 loss=39.5066 actor=5.1237 value=34.4074 entropy=2.4467 mean_return=4.416 mean_len=81.1
[gat-train] update=1664 samples=33280 fps=8.4 loss=1.5007 actor=-0.9102 value=2.4335 entropy=2.2635 mean_return=4.416 mean_len=81.1
[gat-train] update=1665 samples=33300 fps=8.4 loss=2.8202 actor=1.7781 value=1.0666 entropy=2.4572 mean_return=4.416 mean_len=81.1
[gat-train] update=1666 samples=33320 fps=8.4 loss=0.1841 actor=-0.0827 value=0.2866 entropy=1.9762 mean_return=4.416 mean_len=81.1
[gat-train] update=1667 samples=33340 fps=8.4 loss=11.1860 actor=1.9309 value=9.2785 entropy=2.3430 mean_return=4.400 mean_len=81.0
[gat-train] update=1668 samples=33360 fps=8.4 loss=0.5512 actor=-0.3281 value=0.9004 entropy=2.1099 mean_return=4.400 mean_len=81.0
[gat-train] update=1669 samples=33380 fps=8.4 loss=1.6182 actor=1.2646 value=0.3790 entropy=2.5321 mean_return=4.400 mean_len=81.0
[gat-train] update=1670 samples=33400 fps=8.4 loss=-1.0719 actor=-1.9280 value=0.8803 entropy=2.4164 mean_return=4.400 mean_len=81.0
[gat-train] update=1671 samples=33420 fps=8.4 loss=0.2496 actor=-0.2067 value=0.4740 entropy=1.7639 mean_return=4.400 mean_len=81.0
[gat-train] update=1672 samples=33440 fps=8.4 loss=2.5462 actor=0.6711 value=1.8905 entropy=1.5378 mean_return=4.400 mean_len=81.0
[gat-train] update=1673 samples=33460 fps=8.4 loss=17.5374 actor=2.8236 value=14.7391 entropy=2.5321 mean_return=4.387 mean_len=81.0
[gat-train] update=1674 samples=33480 fps=8.4 loss=0.7444 actor=0.3871 value=0.3747 entropy=1.7338 mean_return=4.387 mean_len=81.0
[gat-train] update=1675 samples=33500 fps=8.4 loss=12.0701 actor=2.2828 value=9.8081 entropy=2.0875 mean_return=4.363 mean_len=81.2
[gat-train] update=1676 samples=33520 fps=8.4 loss=0.2997 actor=-0.2136 value=0.5374 entropy=2.4015 mean_return=4.363 mean_len=81.2
[gat-train] update=1677 samples=33540 fps=8.4 loss=0.3562 actor=-0.2015 value=0.5776 entropy=1.9943 mean_return=4.363 mean_len=81.2
[gat-train] update=1678 samples=33560 fps=8.4 loss=0.3467 actor=-0.0448 value=0.4096 entropy=1.8138 mean_return=4.363 mean_len=81.2
[gat-train] update=1679 samples=33580 fps=8.4 loss=0.6347 actor=-0.1708 value=0.8266 entropy=2.1101 mean_return=4.363 mean_len=81.2
[gat-train] update=1680 samples=33600 fps=8.4 loss=0.3440 actor=-0.0353 value=0.3935 entropy=1.4164 mean_return=4.363 mean_len=81.2
[gat-train] update=1681 samples=33620 fps=8.4 loss=26.7763 actor=2.2362 value=24.5631 entropy=2.2982 mean_return=4.364 mean_len=81.3
[gat-train] update=1682 samples=33640 fps=8.4 loss=0.6665 actor=-0.2033 value=0.8865 entropy=1.6706 mean_return=4.364 mean_len=81.3
[gat-train] update=1683 samples=33660 fps=8.4 loss=0.3967 actor=-0.2661 value=0.6786 entropy=1.5816 mean_return=4.364 mean_len=81.3
[gat-train] update=1684 samples=33680 fps=8.4 loss=18.8688 actor=2.2001 value=16.6828 entropy=1.4126 mean_return=4.349 mean_len=81.3
[gat-train] update=1685 samples=33700 fps=8.4 loss=0.4699 actor=-0.1180 value=0.6007 entropy=1.2737 mean_return=4.349 mean_len=81.3
[gat-train] update=1686 samples=33720 fps=8.4 loss=1.0059 actor=0.3999 value=0.6211 entropy=1.5113 mean_return=4.349 mean_len=81.3
[gat-train] update=1687 samples=33740 fps=8.4 loss=0.1252 actor=-0.5911 value=0.7291 entropy=1.2718 mean_return=4.349 mean_len=81.3
[gat-train] update=1688 samples=33760 fps=8.4 loss=-0.3803 actor=-0.6926 value=0.3327 entropy=2.0429 mean_return=4.349 mean_len=81.3
[gat-train] update=1689 samples=33780 fps=8.4 loss=39.3634 actor=4.1608 value=35.2175 entropy=1.4883 mean_return=4.374 mean_len=81.3
[gat-train] update=1690 samples=33800 fps=8.4 loss=0.8139 actor=-1.0218 value=1.8501 entropy=1.4426 mean_return=4.374 mean_len=81.3
[gat-train] update=1691 samples=33820 fps=8.4 loss=0.1907 actor=0.0262 value=0.1779 entropy=1.3359 mean_return=4.374 mean_len=81.3
[gat-train] update=1692 samples=33840 fps=8.4 loss=-0.0633 actor=-0.2180 value=0.1664 entropy=1.1680 mean_return=4.374 mean_len=81.3
[gat-train] update=1693 samples=33860 fps=8.4 loss=10.2110 actor=1.7440 value=8.4834 entropy=1.6362 mean_return=4.368 mean_len=81.5
[gat-train] update=1694 samples=33880 fps=8.4 loss=0.0553 actor=-0.2114 value=0.2847 entropy=1.8023 mean_return=4.368 mean_len=81.5
[gat-train] update=1695 samples=33900 fps=8.5 loss=-0.2382 actor=-0.5759 value=0.3553 entropy=1.7701 mean_return=4.368 mean_len=81.5
[gat-train] update=1696 samples=33920 fps=8.5 loss=0.1025 actor=-0.2827 value=0.4062 entropy=2.1015 mean_return=4.368 mean_len=81.5
[gat-train] update=1697 samples=33940 fps=8.5 loss=-0.5702 actor=-1.2503 value=0.7000 entropy=1.9937 mean_return=4.368 mean_len=81.5
[gat-train] update=1698 samples=33960 fps=8.5 loss=0.3988 actor=-0.4361 value=0.8563 entropy=2.1399 mean_return=4.368 mean_len=81.5
[gat-train] update=1699 samples=33980 fps=8.5 loss=29.6196 actor=2.9712 value=26.6697 entropy=2.1288 mean_return=4.377 mean_len=81.7
[gat-train] update=1700 samples=34000 fps=8.5 loss=1.4883 actor=-1.1604 value=2.6661 entropy=1.7385 mean_return=4.377 mean_len=81.7
[gat-train] eval update=1700 comp_score=94.34 best=95.39
[gat-train] update=1701 samples=34020 fps=8.5 loss=3.2552 actor=1.5519 value=1.7243 entropy=2.1073 mean_return=4.377 mean_len=81.7
[gat-train] update=1702 samples=34040 fps=8.5 loss=10.9562 actor=2.0821 value=8.8951 entropy=2.0900 mean_return=4.380 mean_len=81.9
[gat-train] update=1703 samples=34060 fps=8.5 loss=-0.0746 actor=-0.4101 value=0.3555 entropy=1.9958 mean_return=4.380 mean_len=81.9
[gat-train] update=1704 samples=34080 fps=8.5 loss=0.1866 actor=-1.5298 value=1.7358 entropy=1.9404 mean_return=4.380 mean_len=81.9
[gat-train] update=1705 samples=34100 fps=8.5 loss=0.2358 actor=-0.0397 value=0.2978 entropy=2.2305 mean_return=4.380 mean_len=81.9
[gat-train] update=1706 samples=34120 fps=8.5 loss=43.9379 actor=5.1600 value=38.8004 entropy=2.2482 mean_return=4.367 mean_len=82.1
[gat-train] update=1707 samples=34140 fps=8.5 loss=1.6735 actor=-0.2582 value=1.9543 entropy=2.2645 mean_return=4.367 mean_len=82.1
[gat-train] update=1708 samples=34160 fps=8.5 loss=0.2377 actor=-0.6998 value=0.9608 entropy=2.3282 mean_return=4.367 mean_len=82.1
[gat-train] update=1709 samples=34180 fps=8.5 loss=1.1476 actor=0.3745 value=0.7972 entropy=2.4064 mean_return=4.367 mean_len=82.1
[gat-train] update=1710 samples=34200 fps=8.5 loss=35.4779 actor=4.8204 value=30.6826 entropy=2.5051 mean_return=4.391 mean_len=82.2
[gat-train] update=1711 samples=34220 fps=8.5 loss=1.6750 actor=0.9756 value=0.7197 entropy=2.0240 mean_return=4.391 mean_len=82.2
[gat-train] update=1712 samples=34240 fps=8.5 loss=-0.4115 actor=-1.2988 value=0.9112 entropy=2.3838 mean_return=4.391 mean_len=82.2
[gat-train] update=1713 samples=34260 fps=8.5 loss=0.8626 actor=0.0632 value=0.8239 entropy=2.4609 mean_return=4.391 mean_len=82.2
[gat-train] update=1714 samples=34280 fps=8.5 loss=0.2507 actor=-0.1809 value=0.4528 entropy=2.1262 mean_return=4.391 mean_len=82.2
[gat-train] update=1715 samples=34300 fps=8.5 loss=9.9884 actor=1.7346 value=8.2777 entropy=2.3911 mean_return=4.419 mean_len=82.1
[gat-train] update=1716 samples=34320 fps=8.5 loss=1.0953 actor=0.6992 value=0.4215 entropy=2.5415 mean_return=4.419 mean_len=82.1
[gat-train] update=1717 samples=34340 fps=8.5 loss=2.1363 actor=0.9942 value=1.1675 entropy=2.5452 mean_return=4.419 mean_len=82.1
[gat-train] update=1718 samples=34360 fps=8.5 loss=-0.0619 actor=-0.3964 value=0.3554 entropy=2.0947 mean_return=4.419 mean_len=82.1
[gat-train] update=1719 samples=34380 fps=8.5 loss=26.1432 actor=3.5390 value=22.6294 entropy=2.5149 mean_return=4.416 mean_len=82.3
[gat-train] update=1720 samples=34400 fps=8.5 loss=1.7827 actor=0.5411 value=1.2637 entropy=2.2137 mean_return=4.416 mean_len=82.3
[gat-train] update=1721 samples=34420 fps=8.5 loss=0.1947 actor=-0.5530 value=0.7741 entropy=2.6327 mean_return=4.416 mean_len=82.3
[gat-train] update=1722 samples=34440 fps=8.5 loss=0.4275 actor=-0.5525 value=1.0036 entropy=2.3548 mean_return=4.416 mean_len=82.3
[gat-train] update=1723 samples=34460 fps=8.5 loss=-0.4512 actor=-1.1850 value=0.7585 entropy=2.4645 mean_return=4.416 mean_len=82.3
[gat-train] update=1724 samples=34480 fps=8.5 loss=2.4483 actor=1.2829 value=1.1900 entropy=2.4555 mean_return=4.416 mean_len=82.3
[gat-train] update=1725 samples=34500 fps=8.5 loss=10.3059 actor=1.8212 value=8.5047 entropy=1.9991 mean_return=4.437 mean_len=82.5
[gat-train] update=1726 samples=34520 fps=8.5 loss=34.8239 actor=7.7777 value=27.0660 entropy=1.9820 mean_return=4.442 mean_len=82.4
[gat-train] update=1727 samples=34540 fps=8.5 loss=0.8519 actor=0.0805 value=0.7887 entropy=1.7377 mean_return=4.442 mean_len=82.4
[gat-train] update=1728 samples=34560 fps=8.5 loss=0.6558 actor=0.4250 value=0.2501 entropy=1.9291 mean_return=4.442 mean_len=82.4
[gat-train] update=1729 samples=34580 fps=8.5 loss=0.0924 actor=-0.8644 value=0.9738 entropy=1.6995 mean_return=4.442 mean_len=82.4
[gat-train] update=1730 samples=34600 fps=8.5 loss=-0.1972 actor=-0.9582 value=0.7830 entropy=2.1889 mean_return=4.442 mean_len=82.4
[gat-train] update=1731 samples=34620 fps=8.5 loss=0.0258 actor=-0.0400 value=0.0881 entropy=2.2361 mean_return=4.442 mean_len=82.4
[gat-train] update=1732 samples=34640 fps=8.5 loss=32.5317 actor=2.3351 value=30.2185 entropy=2.1808 mean_return=4.401 mean_len=82.7
[gat-train] update=1733 samples=34660 fps=8.5 loss=-0.3193 actor=-1.2089 value=0.9104 entropy=2.0755 mean_return=4.401 mean_len=82.7
[gat-train] update=1734 samples=34680 fps=8.5 loss=0.0322 actor=-0.5366 value=0.5905 entropy=2.1746 mean_return=4.401 mean_len=82.7
[gat-train] update=1735 samples=34700 fps=8.5 loss=39.6427 actor=6.2658 value=33.3966 entropy=1.9734 mean_return=4.424 mean_len=82.7
[gat-train] update=1736 samples=34720 fps=8.5 loss=0.6901 actor=0.3027 value=0.4056 entropy=1.8158 mean_return=4.424 mean_len=82.7
[gat-train] update=1737 samples=34740 fps=8.5 loss=-0.5678 actor=-1.1202 value=0.5716 entropy=1.9094 mean_return=4.424 mean_len=82.7
[gat-train] update=1738 samples=34760 fps=8.5 loss=-0.2375 actor=-0.8503 value=0.6331 entropy=2.0337 mean_return=4.424 mean_len=82.7
[gat-train] update=1739 samples=34780 fps=8.5 loss=-0.9247 actor=-1.4743 value=0.5693 entropy=1.9716 mean_return=4.424 mean_len=82.7
[gat-train] update=1740 samples=34800 fps=8.5 loss=-0.2646 actor=-0.3270 value=0.0842 entropy=2.1783 mean_return=4.424 mean_len=82.7
[gat-train] update=1741 samples=34820 fps=8.5 loss=1.3055 actor=0.6602 value=0.6668 entropy=2.1565 mean_return=4.424 mean_len=82.7
[gat-train] update=1742 samples=34840 fps=8.5 loss=1.0329 actor=0.3437 value=0.7086 entropy=1.9442 mean_return=4.424 mean_len=82.7
[gat-train] update=1743 samples=34860 fps=8.5 loss=57.7123 actor=9.1803 value=48.5512 entropy=1.9273 mean_return=4.451 mean_len=83.1
[gat-train] update=1744 samples=34880 fps=8.5 loss=1.4284 actor=-0.4888 value=1.9318 entropy=1.4596 mean_return=4.451 mean_len=83.1
[gat-train] update=1745 samples=34900 fps=8.5 loss=0.1634 actor=-0.5466 value=0.7232 entropy=1.3112 mean_return=4.451 mean_len=83.1
[gat-train] update=1746 samples=34920 fps=8.5 loss=1.2089 actor=0.6859 value=0.5372 entropy=1.4129 mean_return=4.451 mean_len=83.1
[gat-train] update=1747 samples=34940 fps=8.5 loss=0.1940 actor=-0.5436 value=0.7525 entropy=1.4937 mean_return=4.451 mean_len=83.1
[gat-train] update=1748 samples=34960 fps=8.5 loss=-0.1043 actor=-0.2241 value=0.1381 entropy=1.8261 mean_return=4.451 mean_len=83.1
[gat-train] update=1749 samples=34980 fps=8.5 loss=1.1314 actor=0.0747 value=1.0749 entropy=1.8237 mean_return=4.451 mean_len=83.1
[gat-train] update=1750 samples=35000 fps=8.5 loss=41.8122 actor=7.3835 value=34.4462 entropy=1.7518 mean_return=4.451 mean_len=83.4
[gat-train] eval update=1750 comp_score=91.30 best=95.39
[gat-train] update=1751 samples=35020 fps=8.5 loss=2.5118 actor=-0.6537 value=3.1816 entropy=1.6090 mean_return=4.451 mean_len=83.4
[gat-train] update=1752 samples=35040 fps=8.5 loss=0.4799 actor=-1.1818 value=1.6763 entropy=1.4601 mean_return=4.451 mean_len=83.4
[gat-train] update=1753 samples=35060 fps=8.5 loss=3.6427 actor=1.3820 value=2.2757 entropy=1.4933 mean_return=4.451 mean_len=83.4
[gat-train] update=1754 samples=35080 fps=8.5 loss=10.2136 actor=1.2866 value=8.9408 entropy=1.3777 mean_return=4.478 mean_len=83.5
[gat-train] update=1755 samples=35100 fps=8.5 loss=0.8341 actor=0.4665 value=0.3805 entropy=1.2859 mean_return=4.478 mean_len=83.5
[gat-train] update=1756 samples=35120 fps=8.5 loss=0.8343 actor=0.0862 value=0.7642 entropy=1.6099 mean_return=4.478 mean_len=83.5
[gat-train] update=1757 samples=35140 fps=8.5 loss=0.7787 actor=0.3471 value=0.4508 entropy=1.9272 mean_return=4.478 mean_len=83.5
[gat-train] update=1758 samples=35160 fps=8.5 loss=-0.0394 actor=-0.6545 value=0.6315 entropy=1.6301 mean_return=4.478 mean_len=83.5
[gat-train] update=1759 samples=35180 fps=8.5 loss=0.5616 actor=-0.2848 value=0.8611 entropy=1.4687 mean_return=4.478 mean_len=83.5
[gat-train] update=1760 samples=35200 fps=8.5 loss=10.6843 actor=1.8883 value=8.8130 entropy=1.7016 mean_return=4.476 mean_len=83.6
[gat-train] update=1761 samples=35220 fps=8.5 loss=0.8053 actor=-0.5586 value=1.3771 entropy=1.3233 mean_return=4.476 mean_len=83.6
[gat-train] update=1762 samples=35240 fps=8.5 loss=33.5301 actor=4.5727 value=28.9745 entropy=1.7144 mean_return=4.488 mean_len=83.9
[gat-train] update=1763 samples=35260 fps=8.5 loss=0.1019 actor=-0.2416 value=0.3572 entropy=1.3752 mean_return=4.488 mean_len=83.9
[gat-train] update=1764 samples=35280 fps=8.5 loss=0.6849 actor=0.1404 value=0.5578 entropy=1.3370 mean_return=4.488 mean_len=83.9
[gat-train] update=1765 samples=35300 fps=8.5 loss=0.2067 actor=-0.2387 value=0.4606 entropy=1.5205 mean_return=4.488 mean_len=83.9
[gat-train] update=1766 samples=35320 fps=8.5 loss=0.5630 actor=-0.2114 value=0.7902 entropy=1.5808 mean_return=4.488 mean_len=83.9
[gat-train] update=1767 samples=35340 fps=8.5 loss=0.3506 actor=0.1107 value=0.2570 entropy=1.7096 mean_return=4.488 mean_len=83.9
[gat-train] update=1768 samples=35360 fps=8.5 loss=19.2128 actor=3.2810 value=15.9498 entropy=1.8048 mean_return=4.494 mean_len=84.0
[gat-train] update=1769 samples=35380 fps=8.6 loss=0.4517 actor=-0.0963 value=0.5589 entropy=1.0956 mean_return=4.494 mean_len=84.0
[gat-train] update=1770 samples=35400 fps=8.6 loss=0.3851 actor=-0.3045 value=0.7048 entropy=1.5224 mean_return=4.494 mean_len=84.0
[gat-train] update=1771 samples=35420 fps=8.6 loss=25.4884 actor=3.0321 value=22.4747 entropy=1.8482 mean_return=4.527 mean_len=84.1
[gat-train] update=1772 samples=35440 fps=8.6 loss=-0.3437 actor=-0.7917 value=0.4644 entropy=1.6493 mean_return=4.527 mean_len=84.1
[gat-train] update=1773 samples=35460 fps=8.6 loss=0.4854 actor=-0.7689 value=1.2703 entropy=1.6036 mean_return=4.527 mean_len=84.1
[gat-train] update=1774 samples=35480 fps=8.6 loss=1.0467 actor=0.1120 value=0.9497 entropy=1.4999 mean_return=4.527 mean_len=84.1
[gat-train] update=1775 samples=35500 fps=8.6 loss=25.8229 actor=3.8690 value=21.9707 entropy=1.6934 mean_return=4.549 mean_len=84.2
[gat-train] update=1776 samples=35520 fps=8.6 loss=0.2310 actor=-0.2490 value=0.4927 entropy=1.2590 mean_return=4.549 mean_len=84.2
[gat-train] update=1777 samples=35540 fps=8.6 loss=0.3519 actor=0.0609 value=0.3076 entropy=1.6495 mean_return=4.549 mean_len=84.2
[gat-train] update=1778 samples=35560 fps=8.6 loss=0.1750 actor=-1.2173 value=1.4070 entropy=1.4689 mean_return=4.549 mean_len=84.2
[gat-train] update=1779 samples=35580 fps=8.6 loss=40.3164 actor=4.3189 value=36.0130 entropy=1.5443 mean_return=4.562 mean_len=84.3
[gat-train] update=1780 samples=35600 fps=8.6 loss=0.5258 actor=-0.4839 value=1.0265 entropy=1.6768 mean_return=4.562 mean_len=84.3
[gat-train] update=1781 samples=35620 fps=8.6 loss=0.1039 actor=-0.3558 value=0.4783 entropy=1.8557 mean_return=4.562 mean_len=84.3
[gat-train] update=1782 samples=35640 fps=8.6 loss=-0.2085 actor=-0.6771 value=0.4849 entropy=1.6203 mean_return=4.562 mean_len=84.3
[gat-train] update=1783 samples=35660 fps=8.6 loss=-0.2225 actor=-0.4431 value=0.2350 entropy=1.4386 mean_return=4.562 mean_len=84.3
[gat-train] update=1784 samples=35680 fps=8.6 loss=0.7795 actor=0.1827 value=0.6117 entropy=1.4917 mean_return=4.562 mean_len=84.3
[gat-train] update=1785 samples=35700 fps=8.6 loss=34.7784 actor=3.4349 value=31.3619 entropy=1.8453 mean_return=4.553 mean_len=84.5
[gat-train] update=1786 samples=35720 fps=8.6 loss=0.2085 actor=-1.8944 value=2.1181 entropy=1.5106 mean_return=4.553 mean_len=84.5
[gat-train] update=1787 samples=35740 fps=8.6 loss=-0.0856 actor=-0.6291 value=0.5586 entropy=1.5191 mean_return=4.553 mean_len=84.5
[gat-train] update=1788 samples=35760 fps=8.6 loss=-0.1118 actor=-0.6257 value=0.5283 entropy=1.4346 mean_return=4.553 mean_len=84.5
[gat-train] update=1789 samples=35780 fps=8.6 loss=1.4614 actor=0.4685 value=1.0090 entropy=1.6037 mean_return=4.553 mean_len=84.5
[gat-train] update=1790 samples=35800 fps=8.6 loss=27.6343 actor=4.1389 value=23.5114 entropy=1.6014 mean_return=4.573 mean_len=85.0
[gat-train] update=1791 samples=35820 fps=8.6 loss=0.3277 actor=-1.1100 value=1.4502 entropy=1.2480 mean_return=4.573 mean_len=85.0
[gat-train] update=1792 samples=35840 fps=8.6 loss=0.8276 actor=0.3734 value=0.4703 entropy=1.6170 mean_return=4.573 mean_len=85.0
[gat-train] update=1793 samples=35860 fps=8.6 loss=31.5575 actor=3.5704 value=28.0018 entropy=1.4681 mean_return=4.574 mean_len=85.2
[gat-train] update=1794 samples=35880 fps=8.6 loss=0.6757 actor=-0.2963 value=0.9877 entropy=1.5800 mean_return=4.574 mean_len=85.2
[gat-train] update=1795 samples=35900 fps=8.6 loss=0.9860 actor=0.5184 value=0.4845 entropy=1.6837 mean_return=4.574 mean_len=85.2
[gat-train] update=1796 samples=35920 fps=8.6 loss=2.4699 actor=0.8243 value=1.6601 entropy=1.4462 mean_return=4.574 mean_len=85.2
[gat-train] update=1797 samples=35940 fps=8.6 loss=10.9032 actor=1.0639 value=9.8547 entropy=1.5453 mean_return=4.584 mean_len=85.4
[gat-train] update=1798 samples=35960 fps=8.6 loss=0.2280 actor=0.1352 value=0.1072 entropy=1.4460 mean_return=4.584 mean_len=85.4
[gat-train] update=1799 samples=35980 fps=8.6 loss=0.0048 actor=-0.6989 value=0.7188 entropy=1.5071 mean_return=4.584 mean_len=85.4
[gat-train] update=1800 samples=36000 fps=8.6 loss=0.8926 actor=-0.1475 value=1.0530 entropy=1.2949 mean_return=4.584 mean_len=85.4
[gat-train] eval update=1800 comp_score=92.24 best=95.39
[gat-train] update=1801 samples=36020 fps=8.6 loss=1.7511 actor=0.5332 value=1.2325 entropy=1.4621 mean_return=4.584 mean_len=85.4
[gat-train] update=1802 samples=36040 fps=8.6 loss=0.1464 actor=-0.5202 value=0.6806 entropy=1.3900 mean_return=4.584 mean_len=85.4
[gat-train] update=1803 samples=36060 fps=8.6 loss=-0.1889 actor=-0.6709 value=0.4991 entropy=1.7067 mean_return=4.584 mean_len=85.4
[gat-train] update=1804 samples=36080 fps=8.6 loss=10.5407 actor=2.0790 value=8.4763 entropy=1.4568 mean_return=4.578 mean_len=85.4
[gat-train] update=1805 samples=36100 fps=8.6 loss=0.3076 actor=-0.1940 value=0.5170 entropy=1.5403 mean_return=4.578 mean_len=85.4
[gat-train] update=1806 samples=36120 fps=8.6 loss=0.4257 actor=-0.0743 value=0.5154 entropy=1.5361 mean_return=4.578 mean_len=85.4
[gat-train] update=1807 samples=36140 fps=8.6 loss=0.1037 actor=-0.4214 value=0.5419 entropy=1.6890 mean_return=4.578 mean_len=85.4
[gat-train] update=1808 samples=36160 fps=8.6 loss=1.0890 actor=0.5431 value=0.5628 entropy=1.6763 mean_return=4.578 mean_len=85.4
[gat-train] update=1809 samples=36180 fps=8.6 loss=41.5408 actor=7.0155 value=34.5431 entropy=1.7744 mean_return=4.603 mean_len=85.6
[gat-train] update=1810 samples=36200 fps=8.6 loss=0.3733 actor=-0.6202 value=1.0109 entropy=1.7493 mean_return=4.603 mean_len=85.6
[gat-train] update=1811 samples=36220 fps=8.6 loss=28.5379 actor=3.5546 value=25.0105 entropy=2.7228 mean_return=4.617 mean_len=85.7
[gat-train] update=1812 samples=36240 fps=8.6 loss=2.9508 actor=1.4231 value=1.5431 entropy=1.5409 mean_return=4.617 mean_len=85.7
[gat-train] update=1813 samples=36260 fps=8.6 loss=0.9576 actor=0.0991 value=0.8795 entropy=2.1082 mean_return=4.617 mean_len=85.7
[gat-train] update=1814 samples=36280 fps=8.6 loss=46.1661 actor=5.6379 value=40.5531 entropy=2.4859 mean_return=4.656 mean_len=85.9
[gat-train] update=1815 samples=36300 fps=8.6 loss=1.5512 actor=-2.6665 value=4.2377 entropy=2.0058 mean_return=4.656 mean_len=85.9
[gat-train] update=1816 samples=36320 fps=8.6 loss=0.6788 actor=0.2873 value=0.4154 entropy=2.3915 mean_return=4.656 mean_len=85.9
[gat-train] update=1817 samples=36340 fps=8.6 loss=0.4802 actor=0.0843 value=0.4168 entropy=2.0954 mean_return=4.656 mean_len=85.9
[gat-train] update=1818 samples=36360 fps=8.6 loss=0.6420 actor=0.3195 value=0.3416 entropy=1.9116 mean_return=4.656 mean_len=85.9
[gat-train] update=1819 samples=36380 fps=8.6 loss=-0.1093 actor=-0.9080 value=0.8202 entropy=2.1470 mean_return=4.656 mean_len=85.9
[gat-train] update=1820 samples=36400 fps=8.6 loss=0.0795 actor=-0.4705 value=0.5717 entropy=2.1789 mean_return=4.656 mean_len=85.9
[gat-train] update=1821 samples=36420 fps=8.6 loss=27.4564 actor=2.7384 value=24.7403 entropy=2.2305 mean_return=4.644 mean_len=86.1
[gat-train] update=1822 samples=36440 fps=8.6 loss=0.0832 actor=-0.4745 value=0.5859 entropy=2.8093 mean_return=4.644 mean_len=86.1
[gat-train] update=1823 samples=36460 fps=8.6 loss=-1.1479 actor=-1.8499 value=0.7300 entropy=2.7983 mean_return=4.644 mean_len=86.1
[gat-train] update=1824 samples=36480 fps=8.6 loss=2.9141 actor=1.1586 value=1.7846 entropy=2.9144 mean_return=4.644 mean_len=86.1
[gat-train] update=1825 samples=36500 fps=8.6 loss=1.0735 actor=0.2055 value=0.8962 entropy=2.8167 mean_return=4.644 mean_len=86.1
[gat-train] update=1826 samples=36520 fps=8.6 loss=0.7194 actor=0.1054 value=0.6424 entropy=2.8427 mean_return=4.644 mean_len=86.1
[gat-train] update=1827 samples=36540 fps=8.6 loss=27.3223 actor=3.9105 value=23.4383 entropy=2.6545 mean_return=4.636 mean_len=86.2
[gat-train] update=1828 samples=36560 fps=8.6 loss=-0.0784 actor=-1.9923 value=1.9446 entropy=3.0711 mean_return=4.636 mean_len=86.2
[gat-train] update=1829 samples=36580 fps=8.6 loss=9.1464 actor=0.5300 value=8.6467 entropy=3.0281 mean_return=4.636 mean_len=86.3
[gat-train] update=1830 samples=36600 fps=8.6 loss=50.8566 actor=10.7112 value=40.1733 entropy=2.7912 mean_return=4.623 mean_len=86.2
[gat-train] update=1831 samples=36620 fps=8.6 loss=1.0977 actor=-1.2886 value=2.4139 entropy=2.7623 mean_return=4.623 mean_len=86.2
[gat-train] update=1832 samples=36640 fps=8.6 loss=0.1208 actor=-0.0590 value=0.2091 entropy=2.9354 mean_return=4.623 mean_len=86.2
[gat-train] update=1833 samples=36660 fps=8.6 loss=-0.4080 actor=-0.7215 value=0.3457 entropy=3.2215 mean_return=4.623 mean_len=86.2
[gat-train] update=1834 samples=36680 fps=8.6 loss=0.9430 actor=0.5714 value=0.3995 entropy=2.7868 mean_return=4.623 mean_len=86.2
[gat-train] update=1835 samples=36700 fps=8.6 loss=0.1225 actor=-0.2478 value=0.3971 entropy=2.6835 mean_return=4.623 mean_len=86.2
[gat-train] update=1836 samples=36720 fps=8.6 loss=0.2307 actor=-0.4018 value=0.6635 entropy=3.0987 mean_return=4.623 mean_len=86.2
[gat-train] update=1837 samples=36740 fps=8.6 loss=1.5650 actor=0.5827 value=1.0057 entropy=2.3477 mean_return=4.623 mean_len=86.2
[gat-train] update=1838 samples=36760 fps=8.6 loss=47.4117 actor=8.5017 value=38.9364 entropy=2.6406 mean_return=4.610 mean_len=86.2
[gat-train] update=1839 samples=36780 fps=8.6 loss=0.6814 actor=-2.4295 value=3.1399 entropy=2.9007 mean_return=4.610 mean_len=86.2
[gat-train] update=1840 samples=36800 fps=8.6 loss=0.0202 actor=-0.9223 value=0.9720 entropy=2.9526 mean_return=4.610 mean_len=86.2
[gat-train] update=1841 samples=36820 fps=8.6 loss=-0.3946 actor=-1.5877 value=1.2226 entropy=2.9498 mean_return=4.610 mean_len=86.2
[gat-train] update=1842 samples=36840 fps=8.6 loss=0.3054 actor=0.0436 value=0.2919 entropy=3.0098 mean_return=4.610 mean_len=86.2
[gat-train] update=1843 samples=36860 fps=8.6 loss=0.5768 actor=0.0057 value=0.6005 entropy=2.9368 mean_return=4.610 mean_len=86.2
[gat-train] update=1844 samples=36880 fps=8.7 loss=0.3171 actor=-0.0878 value=0.4265 entropy=2.1566 mean_return=4.610 mean_len=86.2
[gat-train] update=1845 samples=36900 fps=8.7 loss=45.7961 actor=7.4702 value=38.3538 entropy=2.7971 mean_return=4.599 mean_len=86.4
[gat-train] update=1846 samples=36920 fps=8.7 loss=0.8511 actor=-0.0461 value=0.9284 entropy=3.1110 mean_return=4.599 mean_len=86.4
[gat-train] update=1847 samples=36940 fps=8.7 loss=23.6673 actor=3.8017 value=19.8934 entropy=2.7756 mean_return=4.601 mean_len=86.3
[gat-train] update=1848 samples=36960 fps=8.7 loss=0.6199 actor=-0.4525 value=1.1046 entropy=3.2114 mean_return=4.601 mean_len=86.3
[gat-train] update=1849 samples=36980 fps=8.7 loss=1.4836 actor=0.7461 value=0.7725 entropy=3.5043 mean_return=4.601 mean_len=86.3
[gat-train] update=1850 samples=37000 fps=8.7 loss=1.2049 actor=0.9050 value=0.3268 entropy=2.6817 mean_return=4.601 mean_len=86.3
[gat-train] eval update=1850 comp_score=82.49 best=95.39
[gat-train] update=1851 samples=37020 fps=8.7 loss=-0.2803 actor=-1.5278 value=1.2768 entropy=2.9367 mean_return=4.601 mean_len=86.3
[gat-train] update=1852 samples=37040 fps=8.7 loss=-0.0904 actor=-0.6519 value=0.5947 entropy=3.3213 mean_return=4.601 mean_len=86.3
[gat-train] update=1853 samples=37060 fps=8.7 loss=0.1953 actor=-0.1232 value=0.3486 entropy=3.0045 mean_return=4.601 mean_len=86.3
[gat-train] update=1854 samples=37080 fps=8.7 loss=-0.8224 actor=-1.3844 value=0.5859 entropy=2.3849 mean_return=4.601 mean_len=86.3
[gat-train] update=1855 samples=37100 fps=8.7 loss=32.5211 actor=1.8633 value=30.6891 entropy=3.1425 mean_return=4.585 mean_len=86.5
[gat-train] update=1856 samples=37120 fps=8.7 loss=1.2801 actor=0.7221 value=0.5918 entropy=3.3792 mean_return=4.585 mean_len=86.5
[gat-train] update=1857 samples=37140 fps=8.7 loss=1.9162 actor=0.7384 value=1.2110 entropy=3.3174 mean_return=4.585 mean_len=86.5
[gat-train] update=1858 samples=37160 fps=8.7 loss=3.6162 actor=2.2599 value=1.3844 entropy=2.7967 mean_return=4.585 mean_len=86.5
[gat-train] update=1859 samples=37180 fps=8.7 loss=11.8341 actor=0.9996 value=10.8689 entropy=3.4426 mean_return=4.589 mean_len=86.4
[gat-train] update=1860 samples=37200 fps=8.7 loss=1.6350 actor=0.7447 value=0.9239 entropy=3.3577 mean_return=4.589 mean_len=86.4
[gat-train] update=1861 samples=37220 fps=8.7 loss=0.0134 actor=-0.9859 value=1.0313 entropy=3.1964 mean_return=4.589 mean_len=86.4
[gat-train] update=1862 samples=37240 fps=8.7 loss=17.8788 actor=1.2927 value=16.6210 entropy=3.4875 mean_return=4.596 mean_len=86.5
[gat-train] update=1863 samples=37260 fps=8.7 loss=0.5663 actor=0.4525 value=0.1528 entropy=3.8958 mean_return=4.596 mean_len=86.5
[gat-train] update=1864 samples=37280 fps=8.7 loss=31.4126 actor=3.8796 value=27.5669 entropy=3.3934 mean_return=4.598 mean_len=86.3
[gat-train] update=1865 samples=37300 fps=8.7 loss=1.6085 actor=-3.5228 value=5.1692 entropy=3.7798 mean_return=4.598 mean_len=86.3
[gat-train] update=1866 samples=37320 fps=8.7 loss=-0.6681 actor=-1.2391 value=0.6103 entropy=3.9261 mean_return=4.598 mean_len=86.3
[gat-train] update=1867 samples=37340 fps=8.7 loss=-0.3144 actor=-0.5226 value=0.2405 entropy=3.2315 mean_return=4.598 mean_len=86.3
[gat-train] update=1868 samples=37360 fps=8.7 loss=1.5411 actor=0.7438 value=0.8332 entropy=3.5926 mean_return=4.598 mean_len=86.3
[gat-train] update=1869 samples=37380 fps=8.7 loss=0.4962 actor=0.2175 value=0.3118 entropy=3.3051 mean_return=4.598 mean_len=86.3
[gat-train] update=1870 samples=37400 fps=8.7 loss=-0.0401 actor=-0.3612 value=0.3505 entropy=2.9444 mean_return=4.598 mean_len=86.3
[gat-train] update=1871 samples=37420 fps=8.7 loss=52.8060 actor=9.9806 value=42.8585 entropy=3.3100 mean_return=4.615 mean_len=86.3
[gat-train] update=1872 samples=37440 fps=8.7 loss=1.3940 actor=-1.4561 value=2.8854 entropy=3.5337 mean_return=4.615 mean_len=86.3
[gat-train] update=1873 samples=37460 fps=8.7 loss=0.7028 actor=0.4167 value=0.3192 entropy=3.3176 mean_return=4.615 mean_len=86.3
[gat-train] update=1874 samples=37480 fps=8.7 loss=-0.1846 actor=-0.5278 value=0.3768 entropy=3.3612 mean_return=4.615 mean_len=86.3
[gat-train] update=1875 samples=37500 fps=8.7 loss=25.9145 actor=4.6069 value=21.3411 entropy=3.3512 mean_return=4.623 mean_len=86.2
[gat-train] update=1876 samples=37520 fps=8.7 loss=-0.8318 actor=-2.8510 value=2.0445 entropy=2.5264 mean_return=4.623 mean_len=86.2
[gat-train] update=1877 samples=37540 fps=8.7 loss=0.8774 actor=0.3569 value=0.5537 entropy=3.3163 mean_return=4.623 mean_len=86.2
[gat-train] update=1878 samples=37560 fps=8.7 loss=1.7279 actor=1.1696 value=0.5877 entropy=2.9391 mean_return=4.623 mean_len=86.2
[gat-train] update=1879 samples=37580 fps=8.7 loss=14.3441 actor=4.3069 value=10.0629 entropy=2.5745 mean_return=4.605 mean_len=86.2
[gat-train] update=1880 samples=37600 fps=8.7 loss=30.1351 actor=2.9276 value=27.2313 entropy=2.3680 mean_return=4.629 mean_len=86.1
[gat-train] update=1881 samples=37620 fps=8.7 loss=-0.3390 actor=-1.4265 value=1.1213 entropy=3.3761 mean_return=4.629 mean_len=86.1
[gat-train] update=1882 samples=37640 fps=8.7 loss=1.6382 actor=0.9157 value=0.7507 entropy=2.8266 mean_return=4.629 mean_len=86.1
[gat-train] update=1883 samples=37660 fps=8.7 loss=0.6296 actor=-0.0050 value=0.6671 entropy=3.2480 mean_return=4.629 mean_len=86.1
[gat-train] update=1884 samples=37680 fps=8.7 loss=0.0158 actor=-0.1072 value=0.1565 entropy=3.3551 mean_return=4.629 mean_len=86.1
[gat-train] update=1885 samples=37700 fps=8.7 loss=36.2892 actor=7.3571 value=28.9652 entropy=3.3049 mean_return=4.614 mean_len=85.9
[gat-train] update=1886 samples=37720 fps=8.7 loss=0.5073 actor=-0.3420 value=0.8747 entropy=2.5385 mean_return=4.614 mean_len=85.9
[gat-train] update=1887 samples=37740 fps=8.7 loss=0.0158 actor=-0.4637 value=0.5082 entropy=2.8750 mean_return=4.614 mean_len=85.9
[gat-train] update=1888 samples=37760 fps=8.7 loss=1.0316 actor=-0.0589 value=1.1132 entropy=2.2789 mean_return=4.614 mean_len=85.9
[gat-train] update=1889 samples=37780 fps=8.7 loss=0.9795 actor=0.2431 value=0.7662 entropy=2.9803 mean_return=4.614 mean_len=85.9
[gat-train] update=1890 samples=37800 fps=8.7 loss=0.8285 actor=-0.1260 value=0.9816 entropy=2.7087 mean_return=4.614 mean_len=85.9
[gat-train] update=1891 samples=37820 fps=8.7 loss=0.1772 actor=-0.5473 value=0.7494 entropy=2.4941 mean_return=4.614 mean_len=85.9
[gat-train] update=1892 samples=37840 fps=8.7 loss=58.6354 actor=10.1309 value=48.5321 entropy=2.7589 mean_return=4.632 mean_len=85.5
[gat-train] update=1893 samples=37860 fps=8.7 loss=2.6404 actor=-0.7030 value=3.3679 entropy=2.4487 mean_return=4.632 mean_len=85.5
[gat-train] update=1894 samples=37880 fps=8.7 loss=-1.7117 actor=-3.6071 value=1.9243 entropy=2.8916 mean_return=4.632 mean_len=85.5
[gat-train] update=1895 samples=37900 fps=8.7 loss=-0.3089 actor=-1.8898 value=1.6017 entropy=2.0738 mean_return=4.632 mean_len=85.5
[gat-train] update=1896 samples=37920 fps=8.7 loss=1.3447 actor=0.4812 value=0.8876 entropy=2.4032 mean_return=4.632 mean_len=85.5
[gat-train] update=1897 samples=37940 fps=8.7 loss=0.7329 actor=0.5638 value=0.1900 entropy=2.0885 mean_return=4.632 mean_len=85.5
[gat-train] update=1898 samples=37960 fps=8.7 loss=18.3328 actor=2.4845 value=15.8711 entropy=2.2852 mean_return=4.634 mean_len=85.5
[gat-train] update=1899 samples=37980 fps=8.7 loss=2.1803 actor=1.1770 value=1.0299 entropy=2.6554 mean_return=4.634 mean_len=85.5
[gat-train] update=1900 samples=38000 fps=8.7 loss=0.2124 actor=-0.7079 value=0.9425 entropy=2.2318 mean_return=4.634 mean_len=85.5
[gat-train] eval update=1900 comp_score=86.19 best=95.39
[gat-train] update=1901 samples=38020 fps=8.7 loss=27.4892 actor=4.0061 value=23.5096 entropy=2.6427 mean_return=4.598 mean_len=85.4
[gat-train] update=1902 samples=38040 fps=8.7 loss=-0.1992 actor=-0.8908 value=0.7190 entropy=2.7408 mean_return=4.598 mean_len=85.4
[gat-train] update=1903 samples=38060 fps=8.7 loss=0.7485 actor=0.3484 value=0.4265 entropy=2.6437 mean_return=4.598 mean_len=85.4
[gat-train] update=1904 samples=38080 fps=8.7 loss=1.8094 actor=-0.0630 value=1.8899 entropy=1.7541 mean_return=4.598 mean_len=85.4
[gat-train] update=1905 samples=38100 fps=8.7 loss=-0.0069 actor=-1.0746 value=1.0891 entropy=2.1324 mean_return=4.598 mean_len=85.4
[gat-train] update=1906 samples=38120 fps=8.7 loss=2.5910 actor=0.9783 value=1.6299 entropy=1.7189 mean_return=4.598 mean_len=85.4
[gat-train] update=1907 samples=38140 fps=8.7 loss=1.0733 actor=-0.2871 value=1.3778 entropy=1.7429 mean_return=4.598 mean_len=85.4
[gat-train] update=1908 samples=38160 fps=8.7 loss=17.1991 actor=2.2554 value=14.9676 entropy=2.3955 mean_return=4.587 mean_len=85.2
[gat-train] update=1909 samples=38180 fps=8.7 loss=9.3539 actor=1.5258 value=7.8452 entropy=1.7120 mean_return=4.591 mean_len=85.0
[gat-train] update=1910 samples=38200 fps=8.7 loss=0.8340 actor=0.2834 value=0.5711 entropy=2.0500 mean_return=4.591 mean_len=85.0
[gat-train] update=1911 samples=38220 fps=8.7 loss=-0.1961 actor=-0.5281 value=0.3565 entropy=2.4444 mean_return=4.591 mean_len=85.0
[gat-train] update=1912 samples=38240 fps=8.7 loss=0.0366 actor=-0.1228 value=0.1801 entropy=2.0691 mean_return=4.591 mean_len=85.0
[gat-train] update=1913 samples=38260 fps=8.7 loss=26.3549 actor=6.0445 value=20.3330 entropy=2.2577 mean_return=4.588 mean_len=84.8
[gat-train] update=1914 samples=38280 fps=8.7 loss=0.0894 actor=-0.8037 value=0.9112 entropy=1.8155 mean_return=4.588 mean_len=84.8
[gat-train] update=1915 samples=38300 fps=8.7 loss=0.6307 actor=-0.0618 value=0.7060 entropy=1.3495 mean_return=4.588 mean_len=84.8
[gat-train] update=1916 samples=38320 fps=8.7 loss=-0.0235 actor=-1.1109 value=1.1080 entropy=2.0684 mean_return=4.588 mean_len=84.8
[gat-train] update=1917 samples=38340 fps=8.7 loss=0.6935 actor=0.2722 value=0.4488 entropy=2.7503 mean_return=4.588 mean_len=84.8
[gat-train] update=1918 samples=38360 fps=8.7 loss=45.0553 actor=6.3054 value=38.7673 entropy=1.7403 mean_return=4.611 mean_len=84.8
[gat-train] update=1919 samples=38380 fps=8.8 loss=1.2413 actor=-0.5047 value=1.7632 entropy=1.7218 mean_return=4.611 mean_len=84.8
[gat-train] update=1920 samples=38400 fps=8.8 loss=-0.2689 actor=-0.5682 value=0.3225 entropy=2.3244 mean_return=4.611 mean_len=84.8
[gat-train] update=1921 samples=38420 fps=8.8 loss=0.4515 actor=0.1783 value=0.2923 entropy=1.9127 mean_return=4.611 mean_len=84.8
[gat-train] update=1922 samples=38440 fps=8.8 loss=-0.1838 actor=-0.8283 value=0.6644 entropy=1.9911 mean_return=4.611 mean_len=84.8
[gat-train] update=1923 samples=38460 fps=8.8 loss=-1.0748 actor=-2.0736 value=1.0207 entropy=2.1833 mean_return=4.611 mean_len=84.8
[gat-train] update=1924 samples=38480 fps=8.8 loss=2.0861 actor=0.9781 value=1.1225 entropy=1.4461 mean_return=4.611 mean_len=84.8
[gat-train] update=1925 samples=38500 fps=8.8 loss=1.5725 actor=0.0370 value=1.5493 entropy=1.3784 mean_return=4.611 mean_len=84.8
[gat-train] update=1926 samples=38520 fps=8.8 loss=45.9318 actor=4.6951 value=41.2545 entropy=1.7907 mean_return=4.594 mean_len=85.1
[gat-train] update=1927 samples=38540 fps=8.8 loss=1.3644 actor=-0.2357 value=1.6163 entropy=1.6206 mean_return=4.594 mean_len=85.1
[gat-train] update=1928 samples=38560 fps=8.8 loss=2.2596 actor=1.5017 value=0.7754 entropy=1.7461 mean_return=4.594 mean_len=85.1
[gat-train] update=1929 samples=38580 fps=8.8 loss=25.1456 actor=3.8043 value=21.3583 entropy=1.6991 mean_return=4.586 mean_len=84.9
[gat-train] update=1930 samples=38600 fps=8.8 loss=-0.3682 actor=-0.6689 value=0.3222 entropy=2.1623 mean_return=4.586 mean_len=84.9
[gat-train] update=1931 samples=38620 fps=8.8 loss=1.4600 actor=0.4935 value=0.9882 entropy=2.1705 mean_return=4.586 mean_len=84.9
[gat-train] update=1932 samples=38640 fps=8.8 loss=0.1935 actor=-0.8168 value=1.0296 entropy=1.9259 mean_return=4.586 mean_len=84.9
[gat-train] update=1933 samples=38660 fps=8.8 loss=1.6488 actor=0.1706 value=1.4947 entropy=1.6520 mean_return=4.586 mean_len=84.9
[gat-train] update=1934 samples=38680 fps=8.8 loss=0.2565 actor=-0.3567 value=0.6291 entropy=1.5927 mean_return=4.586 mean_len=84.9
[gat-train] update=1935 samples=38700 fps=8.8 loss=0.1468 actor=-0.5294 value=0.6955 entropy=1.9313 mean_return=4.586 mean_len=84.9
[gat-train] update=1936 samples=38720 fps=8.8 loss=0.1620 actor=-0.0617 value=0.2409 entropy=1.7123 mean_return=4.586 mean_len=84.9
[gat-train] update=1937 samples=38740 fps=8.8 loss=19.1707 actor=1.6489 value=17.5442 entropy=2.2391 mean_return=4.570 mean_len=84.9
[gat-train] update=1938 samples=38760 fps=8.8 loss=0.3463 actor=-0.7846 value=1.1493 entropy=1.8416 mean_return=4.570 mean_len=84.9
[gat-train] update=1939 samples=38780 fps=8.8 loss=-0.7432 actor=-0.9928 value=0.2742 entropy=2.4581 mean_return=4.570 mean_len=84.9
[gat-train] update=1940 samples=38800 fps=8.8 loss=2.0871 actor=1.1391 value=0.9705 entropy=2.2454 mean_return=4.570 mean_len=84.9
[gat-train] update=1941 samples=38820 fps=8.8 loss=1.1832 actor=0.2698 value=0.9330 entropy=1.9633 mean_return=4.570 mean_len=84.9
[gat-train] update=1942 samples=38840 fps=8.8 loss=37.7496 actor=6.1873 value=31.5886 entropy=2.6303 mean_return=4.582 mean_len=85.0
[gat-train] update=1943 samples=38860 fps=8.8 loss=1.4571 actor=-0.7161 value=2.1931 entropy=1.9909 mean_return=4.582 mean_len=85.0
[gat-train] update=1944 samples=38880 fps=8.8 loss=9.7433 actor=1.4473 value=8.3204 entropy=2.4381 mean_return=4.589 mean_len=85.0
[gat-train] update=1945 samples=38900 fps=8.8 loss=1.0385 actor=-0.0071 value=1.0759 entropy=3.0341 mean_return=4.589 mean_len=85.0
[gat-train] update=1946 samples=38920 fps=8.8 loss=36.3256 actor=6.0119 value=30.3409 entropy=2.7275 mean_return=4.581 mean_len=85.1
[gat-train] update=1947 samples=38940 fps=8.8 loss=-0.4720 actor=-1.0624 value=0.6218 entropy=3.1313 mean_return=4.581 mean_len=85.1
[gat-train] update=1948 samples=38960 fps=8.8 loss=-0.8639 actor=-1.2385 value=0.4069 entropy=3.2339 mean_return=4.581 mean_len=85.1
[gat-train] update=1949 samples=38980 fps=8.8 loss=0.3208 actor=-0.0159 value=0.3697 entropy=3.2973 mean_return=4.581 mean_len=85.1
[gat-train] update=1950 samples=39000 fps=8.8 loss=0.6408 actor=0.1716 value=0.5072 entropy=3.8041 mean_return=4.581 mean_len=85.1
[gat-train] eval update=1950 comp_score=83.23 best=95.39
[gat-train] update=1951 samples=39020 fps=8.8 loss=0.3468 actor=0.0861 value=0.2922 entropy=3.1601 mean_return=4.581 mean_len=85.1
[gat-train] update=1952 samples=39040 fps=8.8 loss=2.2151 actor=0.9464 value=1.2949 entropy=2.6226 mean_return=4.581 mean_len=85.1
[gat-train] update=1953 samples=39060 fps=8.8 loss=7.8932 actor=0.9061 value=7.0194 entropy=3.2345 mean_return=4.598 mean_len=84.8
[gat-train] update=1954 samples=39080 fps=8.8 loss=-1.0091 actor=-1.4826 value=0.5041 entropy=3.0562 mean_return=4.598 mean_len=84.8
[gat-train] update=1955 samples=39100 fps=8.8 loss=-1.0738 actor=-1.6672 value=0.6285 entropy=3.5203 mean_return=4.598 mean_len=84.8
[gat-train] update=1956 samples=39120 fps=8.8 loss=0.8413 actor=0.2477 value=0.6248 entropy=3.1173 mean_return=4.598 mean_len=84.8
[gat-train] update=1957 samples=39140 fps=8.8 loss=-1.0914 actor=-2.2039 value=1.1399 entropy=2.7438 mean_return=4.598 mean_len=84.8
[gat-train] update=1958 samples=39160 fps=8.8 loss=0.4800 actor=0.1812 value=0.3329 entropy=3.4165 mean_return=4.598 mean_len=84.8
[gat-train] update=1959 samples=39180 fps=8.8 loss=0.2767 actor=-0.0942 value=0.4022 entropy=3.1279 mean_return=4.598 mean_len=84.8
[gat-train] update=1960 samples=39200 fps=8.8 loss=63.0116 actor=8.0559 value=54.9839 entropy=2.8104 mean_return=4.583 mean_len=84.7
[gat-train] update=1961 samples=39220 fps=8.8 loss=5.0036 actor=2.0599 value=2.9783 entropy=3.4606 mean_return=4.583 mean_len=84.7
[gat-train] update=1962 samples=39240 fps=8.8 loss=11.8117 actor=1.6222 value=10.2220 entropy=3.2569 mean_return=4.577 mean_len=84.4
[gat-train] update=1963 samples=39260 fps=8.8 loss=1.0708 actor=0.6988 value=0.4113 entropy=3.9332 mean_return=4.577 mean_len=84.4
[gat-train] update=1964 samples=39280 fps=8.8 loss=1.4664 actor=1.0140 value=0.4789 entropy=2.6524 mean_return=4.577 mean_len=84.4
[gat-train] update=1965 samples=39300 fps=8.8 loss=0.2208 actor=-0.3191 value=0.5722 entropy=3.2298 mean_return=4.577 mean_len=84.4
[gat-train] update=1966 samples=39320 fps=8.8 loss=3.4119 actor=1.8581 value=1.5895 entropy=3.5684 mean_return=4.577 mean_len=84.4
[gat-train] update=1967 samples=39340 fps=8.8 loss=-0.1381 actor=-0.6720 value=0.5622 entropy=2.8320 mean_return=4.577 mean_len=84.4
[gat-train] update=1968 samples=39360 fps=8.8 loss=1.6098 actor=0.8376 value=0.7971 entropy=2.4904 mean_return=4.577 mean_len=84.4
[gat-train] update=1969 samples=39380 fps=8.8 loss=15.0298 actor=1.9106 value=13.1488 entropy=2.9629 mean_return=4.563 mean_len=84.4
[gat-train] update=1970 samples=39400 fps=8.8 loss=-1.0691 actor=-1.9785 value=0.9419 entropy=3.2511 mean_return=4.563 mean_len=84.4
[gat-train] update=1971 samples=39420 fps=8.8 loss=1.8900 actor=0.4249 value=1.4942 entropy=2.9115 mean_return=4.563 mean_len=84.4
[gat-train] update=1972 samples=39440 fps=8.8 loss=-0.5321 actor=-1.2498 value=0.7541 entropy=3.6374 mean_return=4.563 mean_len=84.4
[gat-train] update=1973 samples=39460 fps=8.8 loss=-0.9808 actor=-2.1958 value=1.2446 entropy=2.9599 mean_return=4.563 mean_len=84.4
[gat-train] update=1974 samples=39480 fps=8.8 loss=0.2743 actor=-0.0611 value=0.3648 entropy=2.9471 mean_return=4.563 mean_len=84.4
[gat-train] update=1975 samples=39500 fps=8.8 loss=-0.1560 actor=-1.3080 value=1.1796 entropy=2.7554 mean_return=4.563 mean_len=84.4
[gat-train] update=1976 samples=39520 fps=8.8 loss=19.1616 actor=5.0503 value=14.1443 entropy=3.2939 mean_return=4.570 mean_len=84.1
[gat-train] update=1977 samples=39540 fps=8.8 loss=43.9366 actor=6.9065 value=37.0611 entropy=3.1028 mean_return=4.571 mean_len=84.0
[gat-train] update=1978 samples=39560 fps=8.8 loss=45.3336 actor=8.0337 value=37.3352 entropy=3.5260 mean_return=4.549 mean_len=84.0
[gat-train] update=1979 samples=39580 fps=8.8 loss=3.5288 actor=0.0661 value=3.4948 entropy=3.2108 mean_return=4.549 mean_len=84.0
[gat-train] update=1980 samples=39600 fps=8.8 loss=0.1831 actor=-0.3171 value=0.5362 entropy=3.5883 mean_return=4.549 mean_len=84.0
[gat-train] update=1981 samples=39620 fps=8.8 loss=-0.6934 actor=-0.9122 value=0.2512 entropy=3.2334 mean_return=4.549 mean_len=84.0
[gat-train] update=1982 samples=39640 fps=8.8 loss=2.2922 actor=0.7526 value=1.5700 entropy=3.0491 mean_return=4.549 mean_len=84.0
[gat-train] update=1983 samples=39660 fps=8.8 loss=-0.7191 actor=-1.5951 value=0.9004 entropy=2.4368 mean_return=4.549 mean_len=84.0
[gat-train] update=1984 samples=39680 fps=8.8 loss=10.9292 actor=0.5867 value=10.3730 entropy=3.0593 mean_return=4.511 mean_len=83.9
[gat-train] update=1985 samples=39700 fps=8.8 loss=0.8363 actor=0.3028 value=0.5664 entropy=3.2853 mean_return=4.511 mean_len=83.9
[gat-train] update=1986 samples=39720 fps=8.8 loss=0.6393 actor=0.1034 value=0.5674 entropy=3.1509 mean_return=4.511 mean_len=83.9
[gat-train] update=1987 samples=39740 fps=8.8 loss=1.0972 actor=0.5776 value=0.5551 entropy=3.5490 mean_return=4.511 mean_len=83.9
[gat-train] update=1988 samples=39760 fps=8.8 loss=-0.2808 actor=-1.6149 value=1.3646 entropy=3.0581 mean_return=4.511 mean_len=83.9
[gat-train] update=1989 samples=39780 fps=8.8 loss=0.1096 actor=-0.1544 value=0.2959 entropy=3.1856 mean_return=4.511 mean_len=83.9
[gat-train] update=1990 samples=39800 fps=8.8 loss=-1.3135 actor=-2.0695 value=0.7903 entropy=3.4300 mean_return=4.511 mean_len=83.9
[gat-train] update=1991 samples=39820 fps=8.8 loss=2.8415 actor=1.3744 value=1.4959 entropy=2.8781 mean_return=4.511 mean_len=83.9
[gat-train] update=1992 samples=39840 fps=8.8 loss=15.5583 actor=2.8699 value=12.7204 entropy=3.1929 mean_return=4.497 mean_len=83.7
[gat-train] update=1993 samples=39860 fps=8.8 loss=12.4869 actor=0.3863 value=12.1316 entropy=3.0964 mean_return=4.466 mean_len=83.6
[gat-train] update=1994 samples=39880 fps=8.8 loss=-0.1970 actor=-0.9695 value=0.8048 entropy=3.2332 mean_return=4.466 mean_len=83.6
[gat-train] update=1995 samples=39900 fps=8.8 loss=41.2427 actor=6.6710 value=34.6005 entropy=2.8732 mean_return=4.471 mean_len=83.4
[gat-train] update=1996 samples=39920 fps=8.8 loss=0.4200 actor=-2.0061 value=2.4614 entropy=3.5302 mean_return=4.471 mean_len=83.4
[gat-train] update=1997 samples=39940 fps=8.8 loss=0.1633 actor=-0.3195 value=0.5106 entropy=2.7802 mean_return=4.471 mean_len=83.4
[gat-train] update=1998 samples=39960 fps=8.8 loss=3.0718 actor=2.0664 value=1.0399 entropy=3.4397 mean_return=4.471 mean_len=83.4
[gat-train] update=1999 samples=39980 fps=8.8 loss=8.5683 actor=1.3044 value=7.3006 entropy=3.6752 mean_return=4.471 mean_len=83.1
[gat-train] update=2000 samples=40000 fps=8.9 loss=-0.1806 actor=-0.3800 value=0.2333 entropy=3.3883 mean_return=4.471 mean_len=83.1
[gat-train] eval update=2000 comp_score=80.89 best=95.39
[gat-train] update=2001 samples=40020 fps=8.8 loss=0.6582 actor=0.2435 value=0.4529 entropy=3.8155 mean_return=4.471 mean_len=83.1
[gat-train] update=2002 samples=40040 fps=8.8 loss=-0.8776 actor=-1.3686 value=0.5231 entropy=3.1966 mean_return=4.471 mean_len=83.1
[gat-train] update=2003 samples=40060 fps=8.8 loss=-0.8052 actor=-1.4496 value=0.6778 entropy=3.3359 mean_return=4.471 mean_len=83.1
[gat-train] update=2004 samples=40080 fps=8.8 loss=1.2807 actor=0.9195 value=0.3941 entropy=3.2944 mean_return=4.471 mean_len=83.1
[gat-train] update=2005 samples=40100 fps=8.9 loss=2.3812 actor=1.3824 value=1.0310 entropy=3.2104 mean_return=4.471 mean_len=83.1
[gat-train] update=2006 samples=40120 fps=8.9 loss=-1.1863 actor=-2.2109 value=1.0497 entropy=2.5099 mean_return=4.471 mean_len=83.1
[gat-train] update=2007 samples=40140 fps=8.9 loss=80.2328 actor=15.5491 value=64.7103 entropy=2.6630 mean_return=4.486 mean_len=82.5
[gat-train] update=2008 samples=40160 fps=8.9 loss=3.1335 actor=-1.0527 value=4.2205 entropy=3.4295 mean_return=4.486 mean_len=82.5
[gat-train] update=2009 samples=40180 fps=8.9 loss=0.2236 actor=-0.2710 value=0.5313 entropy=3.6739 mean_return=4.486 mean_len=82.5
[gat-train] update=2010 samples=40200 fps=8.9 loss=-0.6266 actor=-1.8168 value=1.2251 entropy=3.4942 mean_return=4.486 mean_len=82.5
[gat-train] update=2011 samples=40220 fps=8.9 loss=-0.1805 actor=-0.6118 value=0.4622 entropy=3.0868 mean_return=4.486 mean_len=82.5
[gat-train] update=2012 samples=40240 fps=8.9 loss=32.1009 actor=6.4204 value=25.7055 entropy=2.4902 mean_return=4.468 mean_len=82.3
[gat-train] update=2013 samples=40260 fps=8.9 loss=-0.2570 actor=-2.4839 value=2.2542 entropy=2.7283 mean_return=4.468 mean_len=82.3
[gat-train] update=2014 samples=40280 fps=8.9 loss=16.3144 actor=2.3674 value=13.9779 entropy=3.0827 mean_return=4.466 mean_len=82.0
[gat-train] update=2015 samples=40300 fps=8.9 loss=-1.1711 actor=-2.5250 value=1.3816 entropy=2.7623 mean_return=4.466 mean_len=82.0
[gat-train] update=2016 samples=40320 fps=8.9 loss=-1.1485 actor=-1.6425 value=0.5228 entropy=2.8760 mean_return=4.466 mean_len=82.0
[gat-train] update=2017 samples=40340 fps=8.9 loss=-0.4070 actor=-1.0995 value=0.7242 entropy=3.1721 mean_return=4.466 mean_len=82.0
[gat-train] update=2018 samples=40360 fps=8.9 loss=0.2828 actor=-0.0947 value=0.4041 entropy=2.6616 mean_return=4.466 mean_len=82.0
[gat-train] update=2019 samples=40380 fps=8.9 loss=-0.5516 actor=-1.1764 value=0.6507 entropy=2.5925 mean_return=4.466 mean_len=82.0
[gat-train] update=2020 samples=40400 fps=8.9 loss=-0.5502 actor=-0.8603 value=0.3409 entropy=3.0889 mean_return=4.466 mean_len=82.0
[gat-train] update=2021 samples=40420 fps=8.9 loss=1.5807 actor=0.4090 value=1.2008 entropy=2.9200 mean_return=4.466 mean_len=82.0
[gat-train] update=2022 samples=40440 fps=8.9 loss=14.6258 actor=2.2296 value=12.4271 entropy=3.0924 mean_return=4.447 mean_len=81.7
[gat-train] update=2023 samples=40460 fps=8.9 loss=16.8099 actor=-0.1120 value=16.9508 entropy=2.8915 mean_return=4.441 mean_len=81.5
[gat-train] update=2024 samples=40480 fps=8.9 loss=1.0182 actor=0.6005 value=0.4495 entropy=3.1852 mean_return=4.441 mean_len=81.5
[gat-train] update=2025 samples=40500 fps=8.9 loss=2.0279 actor=1.4935 value=0.5662 entropy=3.1738 mean_return=4.441 mean_len=81.5
[gat-train] update=2026 samples=40520 fps=8.9 loss=0.4815 actor=-0.7997 value=1.3061 entropy=2.4881 mean_return=4.441 mean_len=81.5
[gat-train] update=2027 samples=40540 fps=8.9 loss=26.7678 actor=4.8259 value=21.9709 entropy=2.9005 mean_return=4.445 mean_len=81.2
[gat-train] update=2028 samples=40560 fps=8.9 loss=1.6918 actor=1.2866 value=0.4334 entropy=2.8163 mean_return=4.445 mean_len=81.2
[gat-train] update=2029 samples=40580 fps=8.9 loss=42.1485 actor=6.6332 value=35.5403 entropy=2.5008 mean_return=4.457 mean_len=81.0
[gat-train] update=2030 samples=40600 fps=8.9 loss=1.1845 actor=-0.7851 value=2.0038 entropy=3.4129 mean_return=4.457 mean_len=81.0
[gat-train] update=2031 samples=40620 fps=8.9 loss=0.1891 actor=-0.2830 value=0.4984 entropy=2.6183 mean_return=4.457 mean_len=81.0
[gat-train] update=2032 samples=40640 fps=8.9 loss=-1.3752 actor=-1.8006 value=0.4537 entropy=2.8281 mean_return=4.457 mean_len=81.0
[gat-train] update=2033 samples=40660 fps=8.9 loss=-0.3273 actor=-0.5796 value=0.2799 entropy=2.7592 mean_return=4.457 mean_len=81.0
[gat-train] update=2034 samples=40680 fps=8.9 loss=1.1619 actor=0.8130 value=0.3751 entropy=2.6204 mean_return=4.457 mean_len=81.0
[gat-train] update=2035 samples=40700 fps=8.9 loss=-0.1617 actor=-1.1474 value=1.0043 entropy=1.8611 mean_return=4.457 mean_len=81.0
[gat-train] update=2036 samples=40720 fps=8.9 loss=-0.6913 actor=-1.0567 value=0.3921 entropy=2.6590 mean_return=4.457 mean_len=81.0
[gat-train] update=2037 samples=40740 fps=8.9 loss=-0.1034 actor=-0.4564 value=0.3697 entropy=1.6750 mean_return=4.457 mean_len=81.0
[gat-train] update=2038 samples=40760 fps=8.9 loss=69.2460 actor=10.2213 value=59.0509 entropy=2.6177 mean_return=4.497 mean_len=80.8
[gat-train] update=2039 samples=40780 fps=8.9 loss=-0.5206 actor=-1.2493 value=0.7549 entropy=2.6235 mean_return=4.497 mean_len=80.8
[gat-train] update=2040 samples=40800 fps=8.9 loss=0.3537 actor=0.0455 value=0.3358 entropy=2.7610 mean_return=4.497 mean_len=80.8
[gat-train] update=2041 samples=40820 fps=8.9 loss=0.4976 actor=-0.5049 value=1.0288 entropy=2.6268 mean_return=4.497 mean_len=80.8
[gat-train] update=2042 samples=40840 fps=8.9 loss=3.4372 actor=1.4513 value=2.0123 entropy=2.6435 mean_return=4.497 mean_len=80.8
[gat-train] update=2043 samples=40860 fps=8.9 loss=0.5904 actor=-0.6921 value=1.3035 entropy=2.0982 mean_return=4.497 mean_len=80.8
[gat-train] update=2044 samples=40880 fps=8.9 loss=52.3300 actor=11.7683 value=40.5907 entropy=2.8943 mean_return=4.485 mean_len=80.8
[gat-train] update=2045 samples=40900 fps=8.9 loss=0.7385 actor=-1.7761 value=2.5429 entropy=2.8297 mean_return=4.485 mean_len=80.8
[gat-train] update=2046 samples=40920 fps=8.9 loss=14.7451 actor=1.5605 value=13.2115 entropy=2.6948 mean_return=4.506 mean_len=80.8
[gat-train] update=2047 samples=40940 fps=8.9 loss=0.3562 actor=-0.1238 value=0.5101 entropy=3.0178 mean_return=4.506 mean_len=80.8
[gat-train] update=2048 samples=40960 fps=8.9 loss=1.4917 actor=0.8731 value=0.6474 entropy=2.8805 mean_return=4.506 mean_len=80.8
[gat-train] update=2049 samples=40980 fps=8.9 loss=-0.0805 actor=-0.7862 value=0.7273 entropy=2.1541 mean_return=4.506 mean_len=80.8
[gat-train] update=2050 samples=41000 fps=8.9 loss=0.0389 actor=-0.8551 value=0.9193 entropy=2.5346 mean_return=4.506 mean_len=80.8
[gat-train] eval update=2050 comp_score=82.49 best=95.39
[gat-train] update=2051 samples=41020 fps=8.9 loss=0.8334 actor=0.3013 value=0.5583 entropy=2.6271 mean_return=4.506 mean_len=80.8
[gat-train] update=2052 samples=41040 fps=8.9 loss=-0.0180 actor=-0.9954 value=1.0012 entropy=2.3796 mean_return=4.506 mean_len=80.8
[gat-train] update=2053 samples=41060 fps=8.9 loss=0.7878 actor=0.3004 value=0.5111 entropy=2.3711 mean_return=4.506 mean_len=80.8
[gat-train] update=2054 samples=41080 fps=8.9 loss=-0.2002 actor=-0.7768 value=0.6086 entropy=3.1943 mean_return=4.506 mean_len=80.8
[gat-train] update=2055 samples=41100 fps=8.9 loss=29.3305 actor=4.3484 value=25.0108 entropy=2.8708 mean_return=4.503 mean_len=80.8
[gat-train] update=2056 samples=41120 fps=8.9 loss=39.9926 actor=6.9514 value=33.0765 entropy=3.5253 mean_return=4.512 mean_len=81.0
[gat-train] update=2057 samples=41140 fps=8.9 loss=4.3298 actor=-0.2424 value=4.6023 entropy=3.0013 mean_return=4.512 mean_len=81.0
[gat-train] update=2058 samples=41160 fps=8.9 loss=0.2788 actor=-0.1567 value=0.4690 entropy=3.3379 mean_return=4.512 mean_len=81.0
[gat-train] update=2059 samples=41180 fps=8.9 loss=2.2806 actor=0.9045 value=1.4084 entropy=3.2349 mean_return=4.512 mean_len=81.0
[gat-train] update=2060 samples=41200 fps=8.9 loss=45.8743 actor=9.6587 value=36.2459 entropy=3.0305 mean_return=4.484 mean_len=81.2
[gat-train] update=2061 samples=41220 fps=8.9 loss=3.0913 actor=1.1006 value=2.0256 entropy=3.4877 mean_return=4.484 mean_len=81.2
[gat-train] update=2062 samples=41240 fps=8.9 loss=0.9144 actor=-0.1122 value=1.0524 entropy=2.5790 mean_return=4.484 mean_len=81.2
[gat-train] update=2063 samples=41260 fps=8.9 loss=19.1380 actor=4.0909 value=15.0774 entropy=3.0386 mean_return=4.479 mean_len=81.2
[gat-train] update=2064 samples=41280 fps=8.9 loss=-0.3884 actor=-1.4743 value=1.1165 entropy=3.0578 mean_return=4.479 mean_len=81.2
[gat-train] update=2065 samples=41300 fps=8.9 loss=-0.5113 actor=-1.0759 value=0.6012 entropy=3.6577 mean_return=4.479 mean_len=81.2
[gat-train] update=2066 samples=41320 fps=8.9 loss=2.8472 actor=1.2635 value=1.6155 entropy=3.1814 mean_return=4.479 mean_len=81.2
[gat-train] update=2067 samples=41340 fps=8.9 loss=-0.5012 actor=-1.2538 value=0.7873 entropy=3.4695 mean_return=4.479 mean_len=81.2
[gat-train] update=2068 samples=41360 fps=8.9 loss=-0.1589 actor=-1.6968 value=1.5652 entropy=2.7318 mean_return=4.479 mean_len=81.2
[gat-train] update=2069 samples=41380 fps=8.9 loss=11.6826 actor=2.4069 value=9.3104 entropy=3.4707 mean_return=4.471 mean_len=80.8
[gat-train] update=2070 samples=41400 fps=8.9 loss=1.4026 actor=0.1667 value=1.2711 entropy=3.5225 mean_return=4.471 mean_len=80.8
[gat-train] update=2071 samples=41420 fps=8.9 loss=0.0938 actor=-0.4813 value=0.6068 entropy=3.1647 mean_return=4.471 mean_len=80.8
[gat-train] update=2072 samples=41440 fps=8.9 loss=44.0413 actor=8.8341 value=35.2355 entropy=2.8213 mean_return=4.463 mean_len=80.8
[gat-train] update=2073 samples=41460 fps=8.9 loss=3.1211 actor=-0.7082 value=3.8642 entropy=3.4876 mean_return=4.463 mean_len=80.8
[gat-train] update=2074 samples=41480 fps=8.9 loss=45.4381 actor=8.5786 value=36.8921 entropy=3.2514 mean_return=4.462 mean_len=80.6
[gat-train] update=2075 samples=41500 fps=8.9 loss=0.8686 actor=-2.4813 value=3.3824 entropy=3.2486 mean_return=4.462 mean_len=80.6
[gat-train] update=2076 samples=41520 fps=8.9 loss=1.6399 actor=0.7190 value=0.9585 entropy=3.7590 mean_return=4.462 mean_len=80.6
[gat-train] update=2077 samples=41540 fps=8.9 loss=38.8270 actor=6.7744 value=32.0872 entropy=3.4577 mean_return=4.474 mean_len=80.4
[gat-train] update=2078 samples=41560 fps=8.9 loss=0.1329 actor=-1.3191 value=1.4873 entropy=3.5264 mean_return=4.474 mean_len=80.4
[gat-train] update=2079 samples=41580 fps=8.9 loss=-0.0381 actor=-0.5094 value=0.5059 entropy=3.4609 mean_return=4.474 mean_len=80.4
[gat-train] update=2080 samples=41600 fps=8.9 loss=-0.6198 actor=-1.1754 value=0.5922 entropy=3.6649 mean_return=4.474 mean_len=80.4
[gat-train] update=2081 samples=41620 fps=8.9 loss=1.3980 actor=0.2494 value=1.1784 entropy=2.9793 mean_return=4.474 mean_len=80.4
[gat-train] update=2082 samples=41640 fps=8.9 loss=0.0406 actor=-0.2955 value=0.3680 entropy=3.1815 mean_return=4.474 mean_len=80.4
[gat-train] update=2083 samples=41660 fps=8.9 loss=-0.0564 actor=-0.5049 value=0.4810 entropy=3.2587 mean_return=4.474 mean_len=80.4
[gat-train] update=2084 samples=41680 fps=8.9 loss=-0.3429 actor=-1.7676 value=1.4538 entropy=2.9039 mean_return=4.474 mean_len=80.4
[gat-train] update=2085 samples=41700 fps=9.0 loss=31.5934 actor=5.5337 value=26.0918 entropy=3.2111 mean_return=4.444 mean_len=80.4
[gat-train] update=2086 samples=41720 fps=9.0 loss=-0.6271 actor=-2.3033 value=1.7134 entropy=3.7192 mean_return=4.444 mean_len=80.4
[gat-train] update=2087 samples=41740 fps=9.0 loss=23.3583 actor=6.1566 value=17.2383 entropy=3.6640 mean_return=4.445 mean_len=80.5
[gat-train] update=2088 samples=41760 fps=9.0 loss=1.4582 actor=0.9517 value=0.5419 entropy=3.5412 mean_return=4.445 mean_len=80.5
[gat-train] update=2089 samples=41780 fps=9.0 loss=31.2217 actor=2.4850 value=28.7638 entropy=2.7053 mean_return=4.467 mean_len=80.3
[gat-train] update=2090 samples=41800 fps=9.0 loss=-0.1465 actor=-0.5544 value=0.4444 entropy=3.6527 mean_return=4.467 mean_len=80.3
[gat-train] update=2091 samples=41820 fps=9.0 loss=1.3636 actor=1.0768 value=0.3256 entropy=3.8876 mean_return=4.467 mean_len=80.3
[gat-train] update=2092 samples=41840 fps=9.0 loss=2.1877 actor=0.9023 value=1.3208 entropy=3.5354 mean_return=4.467 mean_len=80.3
[gat-train] update=2093 samples=41860 fps=9.0 loss=32.7390 actor=5.0258 value=27.7447 entropy=3.1566 mean_return=4.416 mean_len=80.4
[gat-train] update=2094 samples=41880 fps=9.0 loss=-0.9151 actor=-1.7364 value=0.8525 entropy=3.1197 mean_return=4.416 mean_len=80.4
[gat-train] update=2095 samples=41900 fps=9.0 loss=0.5619 actor=0.0558 value=0.5432 entropy=3.7073 mean_return=4.416 mean_len=80.4
[gat-train] update=2096 samples=41920 fps=9.0 loss=0.0368 actor=-0.7167 value=0.7896 entropy=3.6115 mean_return=4.416 mean_len=80.4
[gat-train] update=2097 samples=41940 fps=9.0 loss=0.6747 actor=0.1339 value=0.5746 entropy=3.3770 mean_return=4.416 mean_len=80.4
[gat-train] update=2098 samples=41960 fps=9.0 loss=-1.4428 actor=-2.4944 value=1.0843 entropy=3.2665 mean_return=4.416 mean_len=80.4
[gat-train] update=2099 samples=41980 fps=9.0 loss=39.9869 actor=5.8569 value=34.1639 entropy=3.3790 mean_return=4.426 mean_len=80.1
[gat-train] update=2100 samples=42000 fps=9.0 loss=2.3345 actor=-1.2549 value=3.6246 entropy=3.5257 mean_return=4.426 mean_len=80.1
[gat-train] eval update=2100 comp_score=84.69 best=95.39
[gat-train] update=2101 samples=42020 fps=9.0 loss=2.1379 actor=1.2717 value=0.9027 entropy=3.6467 mean_return=4.426 mean_len=80.1
[gat-train] update=2102 samples=42040 fps=9.0 loss=0.5581 actor=0.1042 value=0.4864 entropy=3.2528 mean_return=4.426 mean_len=80.1
[gat-train] update=2103 samples=42060 fps=9.0 loss=9.5613 actor=1.9385 value=7.6575 entropy=3.4661 mean_return=4.431 mean_len=79.9
[gat-train] update=2104 samples=42080 fps=9.0 loss=25.6362 actor=4.3904 value=21.2853 entropy=3.9452 mean_return=4.431 mean_len=80.0
[gat-train] update=2105 samples=42100 fps=9.0 loss=1.5496 actor=1.1450 value=0.4432 entropy=3.8638 mean_return=4.431 mean_len=80.0
[gat-train] update=2106 samples=42120 fps=9.0 loss=-0.7442 actor=-1.0987 value=0.3914 entropy=3.6786 mean_return=4.431 mean_len=80.0
[gat-train] update=2107 samples=42140 fps=9.0 loss=1.1429 actor=-0.0776 value=1.2546 entropy=3.4157 mean_return=4.431 mean_len=80.0
[gat-train] update=2108 samples=42160 fps=9.0 loss=31.9517 actor=5.9716 value=26.0105 entropy=3.0332 mean_return=4.405 mean_len=79.9
[gat-train] update=2109 samples=42180 fps=9.0 loss=-0.2819 actor=-1.6966 value=1.4482 entropy=3.3525 mean_return=4.405 mean_len=79.9
[gat-train] update=2110 samples=42200 fps=9.0 loss=0.6144 actor=0.3443 value=0.3115 entropy=4.1365 mean_return=4.405 mean_len=79.9
[gat-train] update=2111 samples=42220 fps=9.0 loss=0.7680 actor=-0.5606 value=1.3657 entropy=3.7030 mean_return=4.405 mean_len=79.9
[gat-train] update=2112 samples=42240 fps=9.0 loss=-0.7941 actor=-1.6109 value=0.8538 entropy=3.7023 mean_return=4.405 mean_len=79.9
[gat-train] update=2113 samples=42260 fps=9.0 loss=-0.9701 actor=-1.5602 value=0.6238 entropy=3.3672 mean_return=4.405 mean_len=79.9
[gat-train] update=2114 samples=42280 fps=9.0 loss=21.8938 actor=2.6045 value=19.3194 entropy=3.0092 mean_return=4.379 mean_len=79.8
[gat-train] update=2115 samples=42300 fps=9.0 loss=0.9980 actor=-0.0238 value=1.0547 entropy=3.2875 mean_return=4.379 mean_len=79.8
[gat-train] update=2116 samples=42320 fps=9.0 loss=1.4537 actor=-0.7265 value=2.2179 entropy=3.7716 mean_return=4.379 mean_len=79.8
[gat-train] update=2117 samples=42340 fps=9.0 loss=-0.0873 actor=-1.2891 value=1.2292 entropy=2.7421 mean_return=4.379 mean_len=79.8
[gat-train] update=2118 samples=42360 fps=9.0 loss=3.4884 actor=1.1219 value=2.4014 entropy=3.4806 mean_return=4.379 mean_len=79.8
[gat-train] update=2119 samples=42380 fps=9.0 loss=11.2100 actor=0.9801 value=10.2644 entropy=3.4473 mean_return=4.377 mean_len=79.7
[gat-train] update=2120 samples=42400 fps=9.0 loss=1.7938 actor=1.0966 value=0.7299 entropy=3.2752 mean_return=4.377 mean_len=79.7
[gat-train] update=2121 samples=42420 fps=9.0 loss=10.6990 actor=2.5877 value=8.1464 entropy=3.5088 mean_return=4.366 mean_len=79.6
[gat-train] update=2122 samples=42440 fps=9.0 loss=1.5994 actor=0.6536 value=0.9796 entropy=3.3824 mean_return=4.366 mean_len=79.6
[gat-train] update=2123 samples=42460 fps=9.0 loss=0.4046 actor=-0.7921 value=1.2314 entropy=3.4734 mean_return=4.366 mean_len=79.6
[gat-train] update=2124 samples=42480 fps=9.0 loss=30.3973 actor=5.9376 value=24.4998 entropy=4.0073 mean_return=4.352 mean_len=79.4
[gat-train] update=2125 samples=42500 fps=9.0 loss=0.3045 actor=-1.2474 value=1.5902 entropy=3.8287 mean_return=4.352 mean_len=79.4
[gat-train] update=2126 samples=42520 fps=9.0 loss=0.5081 actor=-0.3039 value=0.8432 entropy=3.1261 mean_return=4.352 mean_len=79.4
[gat-train] update=2127 samples=42540 fps=9.0 loss=0.1080 actor=-0.5229 value=0.6678 entropy=3.6912 mean_return=4.352 mean_len=79.4
[gat-train] update=2128 samples=42560 fps=9.0 loss=22.3542 actor=3.8518 value=18.5333 entropy=3.0975 mean_return=4.366 mean_len=79.2
[gat-train] update=2129 samples=42580 fps=9.0 loss=-0.9406 actor=-2.9510 value=2.0476 entropy=3.7242 mean_return=4.366 mean_len=79.2
[gat-train] update=2130 samples=42600 fps=9.0 loss=0.8893 actor=0.6426 value=0.2826 entropy=3.5841 mean_return=4.366 mean_len=79.2
[gat-train] update=2131 samples=42620 fps=9.0 loss=-1.8188 actor=-3.0806 value=1.3008 entropy=3.9025 mean_return=4.366 mean_len=79.2
[gat-train] update=2132 samples=42640 fps=9.0 loss=1.6874 actor=0.4161 value=1.3026 entropy=3.1253 mean_return=4.366 mean_len=79.2
[gat-train] update=2133 samples=42660 fps=9.0 loss=23.4543 actor=3.3298 value=20.1533 entropy=2.8792 mean_return=4.352 mean_len=78.8
[gat-train] update=2134 samples=42680 fps=9.0 loss=-0.2968 actor=-2.3868 value=2.1256 entropy=3.5656 mean_return=4.352 mean_len=78.8
[gat-train] update=2135 samples=42700 fps=9.0 loss=2.5956 actor=1.5930 value=1.0380 entropy=3.5407 mean_return=4.352 mean_len=78.8
[gat-train] update=2136 samples=42720 fps=9.0 loss=37.9106 actor=4.9807 value=32.9618 entropy=3.1861 mean_return=4.349 mean_len=78.7
[gat-train] update=2137 samples=42740 fps=9.0 loss=6.7074 actor=0.4212 value=6.3262 entropy=3.9976 mean_return=4.349 mean_len=78.7
[gat-train] update=2138 samples=42760 fps=9.0 loss=-0.5368 actor=-1.4753 value=0.9731 entropy=3.4588 mean_return=4.349 mean_len=78.7
[gat-train] update=2139 samples=42780 fps=9.0 loss=43.7366 actor=8.0832 value=35.6893 entropy=3.5844 mean_return=4.331 mean_len=78.5
[gat-train] update=2140 samples=42800 fps=9.0 loss=-0.2637 actor=-1.9988 value=1.7692 entropy=3.4100 mean_return=4.331 mean_len=78.5
[gat-train] update=2141 samples=42820 fps=9.0 loss=0.0740 actor=-0.7398 value=0.8525 entropy=3.8708 mean_return=4.331 mean_len=78.5
[gat-train] update=2142 samples=42840 fps=9.0 loss=-0.7202 actor=-1.7251 value=1.0349 entropy=3.0045 mean_return=4.331 mean_len=78.5
[gat-train] update=2143 samples=42860 fps=9.0 loss=0.6846 actor=0.1338 value=0.5820 entropy=3.1160 mean_return=4.331 mean_len=78.5
[gat-train] update=2144 samples=42880 fps=9.0 loss=30.4149 actor=2.2471 value=28.2008 entropy=3.3088 mean_return=4.325 mean_len=78.4
[gat-train] update=2145 samples=42900 fps=9.0 loss=-0.8681 actor=-1.2942 value=0.4634 entropy=3.7345 mean_return=4.325 mean_len=78.4
[gat-train] update=2146 samples=42920 fps=9.0 loss=-1.7151 actor=-2.4960 value=0.8208 entropy=3.9906 mean_return=4.325 mean_len=78.4
[gat-train] update=2147 samples=42940 fps=9.0 loss=1.2433 actor=0.6424 value=0.6359 entropy=3.4980 mean_return=4.325 mean_len=78.4
[gat-train] update=2148 samples=42960 fps=9.0 loss=36.1623 actor=4.6286 value=31.5674 entropy=3.3736 mean_return=4.315 mean_len=78.4
[gat-train] update=2149 samples=42980 fps=9.0 loss=1.0777 actor=-0.3299 value=1.4411 entropy=3.3487 mean_return=4.315 mean_len=78.4
[gat-train] update=2150 samples=43000 fps=9.0 loss=1.3424 actor=-0.4545 value=1.8297 entropy=3.2826 mean_return=4.315 mean_len=78.4
[gat-train] eval update=2150 comp_score=83.23 best=95.39
[gat-train] update=2151 samples=43020 fps=9.0 loss=0.2066 actor=-1.8986 value=2.1345 entropy=2.9330 mean_return=4.315 mean_len=78.4
[gat-train] update=2152 samples=43040 fps=9.0 loss=28.7949 actor=5.0793 value=23.7475 entropy=3.1937 mean_return=4.330 mean_len=78.2
[gat-train] update=2153 samples=43060 fps=9.0 loss=2.0019 actor=0.6136 value=1.4200 entropy=3.1665 mean_return=4.330 mean_len=78.2
[gat-train] update=2154 samples=43080 fps=9.0 loss=9.9272 actor=2.0596 value=7.9039 entropy=3.6312 mean_return=4.314 mean_len=77.9
[gat-train] update=2155 samples=43100 fps=9.0 loss=-0.5876 actor=-1.0683 value=0.5206 entropy=3.9883 mean_return=4.314 mean_len=77.9
[gat-train] update=2156 samples=43120 fps=9.0 loss=-0.6023 actor=-1.0107 value=0.4444 entropy=3.5953 mean_return=4.314 mean_len=77.9
[gat-train] update=2157 samples=43140 fps=9.0 loss=2.9648 actor=2.0226 value=0.9797 entropy=3.7402 mean_return=4.314 mean_len=77.9
[gat-train] update=2158 samples=43160 fps=9.0 loss=0.2310 actor=-0.6425 value=0.9089 entropy=3.5479 mean_return=4.314 mean_len=77.9
[gat-train] update=2159 samples=43180 fps=9.0 loss=-1.3830 actor=-2.5438 value=1.1995 entropy=3.8762 mean_return=4.314 mean_len=77.9
[gat-train] update=2160 samples=43200 fps=9.0 loss=3.8043 actor=2.5140 value=1.3228 entropy=3.2517 mean_return=4.314 mean_len=77.9
[gat-train] update=2161 samples=43220 fps=9.0 loss=0.8357 actor=-1.0745 value=1.9414 entropy=3.1179 mean_return=4.314 mean_len=77.9
[gat-train] update=2162 samples=43240 fps=9.0 loss=11.0327 actor=1.6451 value=9.4230 entropy=3.5439 mean_return=4.314 mean_len=78.1
[gat-train] update=2163 samples=43260 fps=9.0 loss=38.7510 actor=7.0078 value=31.7765 entropy=3.3325 mean_return=4.334 mean_len=78.0
[gat-train] update=2164 samples=43280 fps=9.0 loss=0.0591 actor=-1.1745 value=1.2677 entropy=3.4120 mean_return=4.334 mean_len=78.0
[gat-train] update=2165 samples=43300 fps=9.0 loss=-0.0083 actor=-0.3951 value=0.4269 entropy=4.0078 mean_return=4.334 mean_len=78.0
[gat-train] update=2166 samples=43320 fps=9.0 loss=0.0028 actor=-0.1530 value=0.1940 entropy=3.8199 mean_return=4.334 mean_len=78.0
[gat-train] update=2167 samples=43340 fps=9.1 loss=35.9329 actor=7.5384 value=28.4252 entropy=3.0621 mean_return=4.328 mean_len=77.9
[gat-train] update=2168 samples=43360 fps=9.1 loss=0.2311 actor=-1.0922 value=1.3562 entropy=3.2905 mean_return=4.328 mean_len=77.9
[gat-train] update=2169 samples=43380 fps=9.1 loss=0.9508 actor=-2.1314 value=3.1109 entropy=2.8746 mean_return=4.328 mean_len=77.9
[gat-train] update=2170 samples=43400 fps=9.1 loss=0.4958 actor=-0.7563 value=1.2823 entropy=3.0271 mean_return=4.328 mean_len=77.9
[gat-train] update=2171 samples=43420 fps=9.1 loss=9.3003 actor=1.3079 value=8.0282 entropy=3.5834 mean_return=4.322 mean_len=77.9
[gat-train] update=2172 samples=43440 fps=9.1 loss=0.5443 actor=-0.2647 value=0.8458 entropy=3.6816 mean_return=4.322 mean_len=77.9
[gat-train] update=2173 samples=43460 fps=9.1 loss=-0.2046 actor=-0.3095 value=0.1376 entropy=3.2773 mean_return=4.322 mean_len=77.9
[gat-train] update=2174 samples=43480 fps=9.1 loss=45.4092 actor=9.9826 value=35.4611 entropy=3.4449 mean_return=4.336 mean_len=77.5
[gat-train] update=2175 samples=43500 fps=9.1 loss=1.0821 actor=-1.9601 value=3.0772 entropy=3.4983 mean_return=4.336 mean_len=77.5
[gat-train] update=2176 samples=43520 fps=9.1 loss=-1.1205 actor=-1.6865 value=0.6041 entropy=3.8098 mean_return=4.336 mean_len=77.5
[gat-train] update=2177 samples=43540 fps=9.1 loss=-0.7479 actor=-2.0210 value=1.3079 entropy=3.4833 mean_return=4.336 mean_len=77.5
[gat-train] update=2178 samples=43560 fps=9.1 loss=31.1440 actor=5.2318 value=25.9480 entropy=3.5802 mean_return=4.370 mean_len=77.5
[gat-train] update=2179 samples=43580 fps=9.1 loss=0.5687 actor=0.4238 value=0.1841 entropy=3.9150 mean_return=4.370 mean_len=77.5
[gat-train] update=2180 samples=43600 fps=9.1 loss=-0.2264 actor=-0.6588 value=0.4706 entropy=3.8199 mean_return=4.370 mean_len=77.5
[gat-train] update=2181 samples=43620 fps=9.1 loss=1.7536 actor=1.2548 value=0.5316 entropy=3.2729 mean_return=4.370 mean_len=77.5
[gat-train] update=2182 samples=43640 fps=9.1 loss=0.3624 actor=-0.4358 value=0.8260 entropy=2.7833 mean_return=4.370 mean_len=77.5
[gat-train] update=2183 samples=43660 fps=9.1 loss=41.6408 actor=6.9416 value=34.7311 entropy=3.1895 mean_return=4.405 mean_len=77.7
[gat-train] update=2184 samples=43680 fps=9.1 loss=0.7892 actor=-2.7308 value=3.5493 entropy=2.9290 mean_return=4.405 mean_len=77.7
[gat-train] update=2185 samples=43700 fps=9.1 loss=1.7885 actor=0.8801 value=0.9364 entropy=2.8091 mean_return=4.405 mean_len=77.7
[gat-train] update=2186 samples=43720 fps=9.1 loss=24.9988 actor=4.0297 value=20.9939 entropy=2.4804 mean_return=4.417 mean_len=77.5
[gat-train] update=2187 samples=43740 fps=9.1 loss=1.2049 actor=0.7138 value=0.5239 entropy=3.2767 mean_return=4.417 mean_len=77.5
[gat-train] update=2188 samples=43760 fps=9.1 loss=30.6440 actor=3.8915 value=26.7819 entropy=2.9414 mean_return=4.415 mean_len=77.2
[gat-train] update=2189 samples=43780 fps=9.1 loss=0.3882 actor=-2.3147 value=2.7315 entropy=2.8666 mean_return=4.415 mean_len=77.2
[gat-train] update=2190 samples=43800 fps=9.1 loss=1.5287 actor=1.1160 value=0.4404 entropy=2.7627 mean_return=4.415 mean_len=77.2
[gat-train] update=2191 samples=43820 fps=9.1 loss=0.1139 actor=-0.0855 value=0.2316 entropy=3.2262 mean_return=4.415 mean_len=77.2
[gat-train] update=2192 samples=43840 fps=9.1 loss=0.0194 actor=-1.1316 value=1.1772 entropy=2.6225 mean_return=4.415 mean_len=77.2
[gat-train] update=2193 samples=43860 fps=9.1 loss=1.5225 actor=0.7395 value=0.8131 entropy=3.0114 mean_return=4.415 mean_len=77.2
[gat-train] update=2194 samples=43880 fps=9.1 loss=35.2311 actor=5.6389 value=29.6153 entropy=2.3067 mean_return=4.399 mean_len=77.4
[gat-train] update=2195 samples=43900 fps=9.1 loss=-0.3600 actor=-1.6430 value=1.3104 entropy=2.7503 mean_return=4.399 mean_len=77.4
[gat-train] update=2196 samples=43920 fps=9.1 loss=0.3636 actor=-0.3299 value=0.7224 entropy=2.8838 mean_return=4.399 mean_len=77.4
[gat-train] update=2197 samples=43940 fps=9.1 loss=0.2739 actor=-0.3590 value=0.6628 entropy=2.9808 mean_return=4.399 mean_len=77.4
[gat-train] update=2198 samples=43960 fps=9.1 loss=0.2571 actor=-1.4437 value=1.7358 entropy=3.5008 mean_return=4.399 mean_len=77.4
[gat-train] update=2199 samples=43980 fps=9.1 loss=0.1529 actor=-0.7427 value=0.9229 entropy=2.7261 mean_return=4.399 mean_len=77.4
[gat-train] update=2200 samples=44000 fps=9.1 loss=3.5432 actor=1.8000 value=1.7725 entropy=2.9327 mean_return=4.399 mean_len=77.4
[gat-train] eval update=2200 comp_score=82.49 best=95.39
[gat-train] update=2201 samples=44020 fps=9.1 loss=12.1648 actor=3.1627 value=9.0306 entropy=2.8597 mean_return=4.405 mean_len=77.5
[gat-train] update=2202 samples=44040 fps=9.1 loss=1.7879 actor=0.8301 value=0.9815 entropy=2.3695 mean_return=4.405 mean_len=77.5
[gat-train] update=2203 samples=44060 fps=9.1 loss=16.0645 actor=0.6307 value=15.4622 entropy=2.8421 mean_return=4.395 mean_len=77.7
[gat-train] update=2204 samples=44080 fps=9.1 loss=36.9478 actor=6.0558 value=30.9224 entropy=3.0418 mean_return=4.399 mean_len=77.6
[gat-train] update=2205 samples=44100 fps=9.1 loss=0.7326 actor=-4.2064 value=4.9713 entropy=3.2331 mean_return=4.399 mean_len=77.6
[gat-train] update=2206 samples=44120 fps=9.1 loss=0.8872 actor=0.6985 value=0.2217 entropy=3.3041 mean_return=4.399 mean_len=77.6
[gat-train] update=2207 samples=44140 fps=9.1 loss=-1.0386 actor=-1.4626 value=0.4570 entropy=3.3084 mean_return=4.399 mean_len=77.6
[gat-train] update=2208 samples=44160 fps=9.1 loss=2.4683 actor=1.5451 value=0.9494 entropy=2.6206 mean_return=4.399 mean_len=77.6
[gat-train] update=2209 samples=44180 fps=9.1 loss=3.1090 actor=1.6754 value=1.4616 entropy=2.8011 mean_return=4.399 mean_len=77.6
[gat-train] update=2210 samples=44200 fps=9.1 loss=1.6828 actor=0.5970 value=1.1093 entropy=2.3421 mean_return=4.399 mean_len=77.6
[gat-train] update=2211 samples=44220 fps=9.1 loss=14.4554 actor=1.6841 value=12.7991 entropy=2.7838 mean_return=4.411 mean_len=77.8
[gat-train] update=2212 samples=44240 fps=9.1 loss=-1.5219 actor=-2.1235 value=0.6364 entropy=3.4810 mean_return=4.411 mean_len=77.8
[gat-train] update=2213 samples=44260 fps=9.1 loss=-0.0076 actor=-0.4340 value=0.4636 entropy=3.7136 mean_return=4.411 mean_len=77.8
[gat-train] update=2214 samples=44280 fps=9.1 loss=-0.1630 actor=-0.7026 value=0.5703 entropy=3.0695 mean_return=4.411 mean_len=77.8
[gat-train] update=2215 samples=44300 fps=9.1 loss=-0.1848 actor=-1.4023 value=1.2489 entropy=3.1450 mean_return=4.411 mean_len=77.8
[gat-train] update=2216 samples=44320 fps=9.1 loss=0.4122 actor=-1.0668 value=1.5095 entropy=3.0434 mean_return=4.411 mean_len=77.8
[gat-train] update=2217 samples=44340 fps=9.1 loss=19.1121 actor=3.0945 value=16.0497 entropy=3.2016 mean_return=4.428 mean_len=78.0
[gat-train] update=2218 samples=44360 fps=9.1 loss=0.4962 actor=-0.1892 value=0.7134 entropy=2.8062 mean_return=4.428 mean_len=78.0
[gat-train] update=2219 samples=44380 fps=9.1 loss=1.4313 actor=-0.2667 value=1.7276 entropy=2.9560 mean_return=4.428 mean_len=78.0
[gat-train] update=2220 samples=44400 fps=9.1 loss=32.5800 actor=5.4903 value=27.1165 entropy=2.6885 mean_return=4.448 mean_len=78.2
[gat-train] update=2221 samples=44420 fps=9.1 loss=23.7882 actor=3.0973 value=20.7220 entropy=3.1095 mean_return=4.450 mean_len=78.3
[gat-train] update=2222 samples=44440 fps=9.1 loss=0.7930 actor=-0.3645 value=1.1852 entropy=2.7762 mean_return=4.450 mean_len=78.3
[gat-train] update=2223 samples=44460 fps=9.1 loss=0.2334 actor=-0.0761 value=0.3420 entropy=3.2530 mean_return=4.450 mean_len=78.3
[gat-train] update=2224 samples=44480 fps=9.1 loss=-0.7967 actor=-1.5226 value=0.7575 entropy=3.1519 mean_return=4.450 mean_len=78.3
[gat-train] update=2225 samples=44500 fps=9.1 loss=36.3147 actor=7.2131 value=29.1295 entropy=2.7928 mean_return=4.432 mean_len=78.2
[gat-train] update=2226 samples=44520 fps=9.1 loss=0.4008 actor=-0.1251 value=0.5550 entropy=2.9167 mean_return=4.432 mean_len=78.2
[gat-train] update=2227 samples=44540 fps=9.1 loss=1.2478 actor=0.0997 value=1.1833 entropy=3.5244 mean_return=4.432 mean_len=78.2
[gat-train] update=2228 samples=44560 fps=9.1 loss=0.8823 actor=0.1718 value=0.7414 entropy=3.0895 mean_return=4.432 mean_len=78.2
[gat-train] update=2229 samples=44580 fps=9.1 loss=-0.8727 actor=-2.1460 value=1.3111 entropy=3.7766 mean_return=4.432 mean_len=78.2
[gat-train] update=2230 samples=44600 fps=9.1 loss=0.2008 actor=-0.5446 value=0.7772 entropy=3.1874 mean_return=4.432 mean_len=78.2
[gat-train] update=2231 samples=44620 fps=9.1 loss=-0.5711 actor=-0.9972 value=0.4563 entropy=3.0191 mean_return=4.432 mean_len=78.2
[gat-train] update=2232 samples=44640 fps=9.1 loss=0.9549 actor=0.2671 value=0.7183 entropy=3.0413 mean_return=4.432 mean_len=78.2
[gat-train] update=2233 samples=44660 fps=9.1 loss=36.0435 actor=4.7981 value=31.2738 entropy=2.8410 mean_return=4.428 mean_len=78.2
[gat-train] update=2234 samples=44680 fps=9.1 loss=1.2721 actor=-0.7391 value=2.0433 entropy=3.2114 mean_return=4.428 mean_len=78.2
[gat-train] update=2235 samples=44700 fps=9.1 loss=0.5239 actor=0.3034 value=0.2543 entropy=3.3831 mean_return=4.428 mean_len=78.2
[gat-train] update=2236 samples=44720 fps=9.1 loss=53.7066 actor=7.3033 value=46.4345 entropy=3.1149 mean_return=4.432 mean_len=78.1
[gat-train] update=2237 samples=44740 fps=9.1 loss=-0.8439 actor=-1.8315 value=1.0189 entropy=3.1230 mean_return=4.432 mean_len=78.1
[gat-train] update=2238 samples=44760 fps=9.1 loss=1.7098 actor=0.9301 value=0.8082 entropy=2.8464 mean_return=4.432 mean_len=78.1
[gat-train] update=2239 samples=44780 fps=9.1 loss=0.2400 actor=0.1205 value=0.1548 entropy=3.5270 mean_return=4.432 mean_len=78.1
[gat-train] update=2240 samples=44800 fps=9.1 loss=0.0528 actor=-0.2224 value=0.3031 entropy=2.7908 mean_return=4.432 mean_len=78.1
[gat-train] update=2241 samples=44820 fps=9.1 loss=1.0060 actor=0.5817 value=0.4456 entropy=2.1286 mean_return=4.432 mean_len=78.1
[gat-train] update=2242 samples=44840 fps=9.1 loss=8.3216 actor=1.9899 value=6.3633 entropy=3.1601 mean_return=4.408 mean_len=78.1
[gat-train] update=2243 samples=44860 fps=9.1 loss=-0.9110 actor=-1.6012 value=0.7164 entropy=2.6117 mean_return=4.408 mean_len=78.1
[gat-train] update=2244 samples=44880 fps=9.1 loss=2.5446 actor=1.4673 value=1.1107 entropy=3.3380 mean_return=4.408 mean_len=78.1
[gat-train] update=2245 samples=44900 fps=9.1 loss=0.5949 actor=-0.4950 value=1.1221 entropy=3.2304 mean_return=4.408 mean_len=78.1
[gat-train] update=2246 samples=44920 fps=9.1 loss=-0.5871 actor=-1.6204 value=1.0611 entropy=2.7810 mean_return=4.408 mean_len=78.1
[gat-train] update=2247 samples=44940 fps=9.1 loss=0.0966 actor=-0.6332 value=0.7640 entropy=3.4224 mean_return=4.408 mean_len=78.1
[gat-train] update=2248 samples=44960 fps=9.1 loss=-0.4301 actor=-1.4542 value=1.0537 entropy=2.9626 mean_return=4.408 mean_len=78.1
[gat-train] update=2249 samples=44980 fps=9.1 loss=2.1934 actor=-0.3834 value=2.6072 entropy=3.0352 mean_return=4.408 mean_len=78.1
[gat-train] update=2250 samples=45000 fps=9.1 loss=30.2171 actor=3.8849 value=26.3573 entropy=2.5106 mean_return=4.418 mean_len=78.1
[gat-train] eval update=2250 comp_score=80.89 best=95.39
[gat-train] update=2251 samples=45020 fps=9.1 loss=0.2635 actor=-0.9778 value=1.2682 entropy=2.6883 mean_return=4.418 mean_len=78.1
[gat-train] update=2252 samples=45040 fps=9.1 loss=32.7114 actor=6.2800 value=26.4644 entropy=3.2940 mean_return=4.423 mean_len=77.8
[gat-train] update=2253 samples=45060 fps=9.1 loss=1.1004 actor=0.0648 value=1.0641 entropy=2.8510 mean_return=4.423 mean_len=77.8
[gat-train] update=2254 samples=45080 fps=9.1 loss=10.2701 actor=2.9825 value=7.3207 entropy=3.3064 mean_return=4.437 mean_len=78.0
[gat-train] update=2255 samples=45100 fps=9.1 loss=1.0087 actor=-0.2721 value=1.3169 entropy=3.6070 mean_return=4.437 mean_len=78.0
[gat-train] update=2256 samples=45120 fps=9.1 loss=5.8941 actor=3.5140 value=2.4090 entropy=2.8860 mean_return=4.437 mean_len=78.0
[gat-train] update=2257 samples=45140 fps=9.1 loss=-0.4162 actor=-1.3965 value=1.0114 entropy=3.1057 mean_return=4.437 mean_len=78.0
[gat-train] update=2258 samples=45160 fps=9.1 loss=32.4468 actor=5.8953 value=26.5767 entropy=2.5231 mean_return=4.443 mean_len=78.0
[gat-train] update=2259 samples=45180 fps=9.2 loss=0.1402 actor=-1.0006 value=1.1701 entropy=2.9315 mean_return=4.443 mean_len=78.0
[gat-train] update=2260 samples=45200 fps=9.2 loss=1.3286 actor=0.6295 value=0.7311 entropy=3.2059 mean_return=4.443 mean_len=78.0
[gat-train] update=2261 samples=45220 fps=9.2 loss=1.6330 actor=0.3974 value=1.2706 entropy=3.4932 mean_return=4.443 mean_len=78.0
[gat-train] update=2262 samples=45240 fps=9.2 loss=-0.4207 actor=-2.1983 value=1.8034 entropy=2.5717 mean_return=4.443 mean_len=78.0
[gat-train] update=2263 samples=45260 fps=9.2 loss=0.8852 actor=-0.1537 value=1.0604 entropy=2.1502 mean_return=4.443 mean_len=78.0
[gat-train] update=2264 samples=45280 fps=9.2 loss=0.8883 actor=0.0276 value=0.8865 entropy=2.5782 mean_return=4.443 mean_len=78.0
[gat-train] update=2265 samples=45300 fps=9.2 loss=1.6756 actor=0.5940 value=1.1080 entropy=2.6471 mean_return=4.443 mean_len=78.0
[gat-train] update=2266 samples=45320 fps=9.2 loss=13.4143 actor=0.6352 value=12.7993 entropy=2.0248 mean_return=4.460 mean_len=78.0
[gat-train] update=2267 samples=45340 fps=9.2 loss=35.6365 actor=7.1083 value=28.5518 entropy=2.3557 mean_return=4.473 mean_len=78.1
[gat-train] update=2268 samples=45360 fps=9.2 loss=1.4354 actor=-0.9204 value=2.3831 entropy=2.7215 mean_return=4.473 mean_len=78.1
[gat-train] update=2269 samples=45380 fps=9.2 loss=29.4301 actor=4.1374 value=25.3141 entropy=2.1452 mean_return=4.490 mean_len=78.2
[gat-train] update=2270 samples=45400 fps=9.2 loss=-0.1445 actor=-1.5805 value=1.4646 entropy=2.8522 mean_return=4.490 mean_len=78.2
[gat-train] update=2271 samples=45420 fps=9.2 loss=-0.6128 actor=-1.0056 value=0.4168 entropy=2.3988 mean_return=4.490 mean_len=78.2
[gat-train] update=2272 samples=45440 fps=9.2 loss=1.5020 actor=1.0452 value=0.4808 entropy=2.3938 mean_return=4.490 mean_len=78.2
[gat-train] update=2273 samples=45460 fps=9.2 loss=0.2383 actor=-0.1342 value=0.3992 entropy=2.6704 mean_return=4.490 mean_len=78.2
[gat-train] update=2274 samples=45480 fps=9.2 loss=-0.2408 actor=-1.1305 value=0.9111 entropy=2.1337 mean_return=4.490 mean_len=78.2
[gat-train] update=2275 samples=45500 fps=9.2 loss=39.0022 actor=6.7543 value=32.2676 entropy=1.9670 mean_return=4.485 mean_len=78.5
[gat-train] update=2276 samples=45520 fps=9.2 loss=-0.1479 actor=-1.9939 value=1.8717 entropy=2.5700 mean_return=4.485 mean_len=78.5
[gat-train] update=2277 samples=45540 fps=9.2 loss=1.3575 actor=0.9043 value=0.4802 entropy=2.7035 mean_return=4.485 mean_len=78.5
[gat-train] update=2278 samples=45560 fps=9.2 loss=-0.2728 actor=-0.3733 value=0.1235 entropy=2.3085 mean_return=4.485 mean_len=78.5
[gat-train] update=2279 samples=45580 fps=9.2 loss=1.4898 actor=0.2962 value=1.2152 entropy=2.1590 mean_return=4.485 mean_len=78.5
[gat-train] update=2280 samples=45600 fps=9.2 loss=0.5890 actor=-1.0495 value=1.6620 entropy=2.3468 mean_return=4.485 mean_len=78.5
[gat-train] update=2281 samples=45620 fps=9.2 loss=2.0191 actor=-0.2640 value=2.3009 entropy=1.7797 mean_return=4.485 mean_len=78.5
[gat-train] update=2282 samples=45640 fps=9.2 loss=1.8288 actor=0.5525 value=1.2917 entropy=1.5429 mean_return=4.485 mean_len=78.5
[gat-train] update=2283 samples=45660 fps=9.2 loss=26.6470 actor=4.3161 value=22.3495 entropy=1.8603 mean_return=4.519 mean_len=78.4
[gat-train] update=2284 samples=45680 fps=9.2 loss=24.5781 actor=3.9274 value=20.6730 entropy=2.2232 mean_return=4.523 mean_len=78.8
[gat-train] update=2285 samples=45700 fps=9.2 loss=0.9650 actor=0.2989 value=0.6801 entropy=1.4002 mean_return=4.523 mean_len=78.8
[gat-train] update=2286 samples=45720 fps=9.2 loss=1.1725 actor=0.4078 value=0.7790 entropy=1.4247 mean_return=4.523 mean_len=78.8
[gat-train] update=2287 samples=45740 fps=9.2 loss=38.9964 actor=6.6438 value=32.3681 entropy=1.5553 mean_return=4.481 mean_len=79.1
[gat-train] update=2288 samples=45760 fps=9.2 loss=1.6926 actor=-0.4359 value=2.1435 entropy=1.5074 mean_return=4.481 mean_len=79.1
[gat-train] update=2289 samples=45780 fps=9.2 loss=0.2411 actor=-0.3905 value=0.6471 entropy=1.5597 mean_return=4.481 mean_len=79.1
[gat-train] update=2290 samples=45800 fps=9.2 loss=0.8167 actor=0.3914 value=0.4416 entropy=1.6285 mean_return=4.481 mean_len=79.1
[gat-train] update=2291 samples=45820 fps=9.2 loss=35.6174 actor=6.0484 value=29.5879 entropy=1.8959 mean_return=4.537 mean_len=79.2
[gat-train] update=2292 samples=45840 fps=9.2 loss=1.4416 actor=0.9532 value=0.5050 entropy=1.6591 mean_return=4.537 mean_len=79.2
[gat-train] update=2293 samples=45860 fps=9.2 loss=0.5302 actor=-0.2661 value=0.8116 entropy=1.5237 mean_return=4.537 mean_len=79.2
[gat-train] update=2294 samples=45880 fps=9.2 loss=0.1211 actor=-0.1307 value=0.2686 entropy=1.6807 mean_return=4.537 mean_len=79.2
[gat-train] update=2295 samples=45900 fps=9.2 loss=-0.0707 actor=-0.4873 value=0.4390 entropy=2.2389 mean_return=4.537 mean_len=79.2
[gat-train] update=2296 samples=45920 fps=9.2 loss=0.0286 actor=-0.2012 value=0.2474 entropy=1.7619 mean_return=4.537 mean_len=79.2
[gat-train] update=2297 samples=45940 fps=9.2 loss=0.3928 actor=0.0844 value=0.3223 entropy=1.3839 mean_return=4.537 mean_len=79.2
[gat-train] update=2298 samples=45960 fps=9.2 loss=1.6469 actor=0.5085 value=1.1558 entropy=1.7320 mean_return=4.537 mean_len=79.2
[gat-train] update=2299 samples=45980 fps=9.2 loss=2.2100 actor=1.1891 value=1.0366 entropy=1.5681 mean_return=4.537 mean_len=79.2
[gat-train] update=2300 samples=46000 fps=9.2 loss=16.5797 actor=2.5567 value=14.0414 entropy=1.8325 mean_return=4.557 mean_len=79.4
[gat-train] eval update=2300 comp_score=82.03 best=95.39
[gat-train] update=2301 samples=46020 fps=9.2 loss=1.8487 actor=0.9537 value=0.9168 entropy=2.1866 mean_return=4.557 mean_len=79.4
[gat-train] update=2302 samples=46040 fps=9.2 loss=37.9125 actor=6.7546 value=31.1788 entropy=2.0944 mean_return=4.566 mean_len=79.9
[gat-train] update=2303 samples=46060 fps=9.2 loss=1.6623 actor=0.0403 value=1.6414 entropy=1.9371 mean_return=4.566 mean_len=79.9
[gat-train] update=2304 samples=46080 fps=9.2 loss=8.2515 actor=1.1618 value=7.1053 entropy=1.5585 mean_return=4.588 mean_len=79.8
[gat-train] update=2305 samples=46100 fps=9.2 loss=0.5485 actor=-0.3740 value=0.9392 entropy=1.6685 mean_return=4.588 mean_len=79.8
[gat-train] update=2306 samples=46120 fps=9.2 loss=-0.5393 actor=-0.6987 value=0.1799 entropy=2.0453 mean_return=4.588 mean_len=79.8
[gat-train] update=2307 samples=46140 fps=9.2 loss=3.7326 actor=1.8661 value=1.8865 entropy=1.9890 mean_return=4.588 mean_len=79.8
[gat-train] update=2308 samples=46160 fps=9.2 loss=2.0338 actor=1.1136 value=0.9400 entropy=1.9784 mean_return=4.588 mean_len=79.8
[gat-train] update=2309 samples=46180 fps=9.2 loss=34.8677 actor=4.8691 value=30.0188 entropy=2.0271 mean_return=4.604 mean_len=80.1
[gat-train] update=2310 samples=46200 fps=9.2 loss=0.2222 actor=0.0075 value=0.2321 entropy=1.7336 mean_return=4.604 mean_len=80.1
[gat-train] update=2311 samples=46220 fps=9.2 loss=2.4524 actor=1.2702 value=1.1995 entropy=1.7239 mean_return=4.604 mean_len=80.1
[gat-train] update=2312 samples=46240 fps=9.2 loss=0.3170 actor=-0.2991 value=0.6356 entropy=1.9425 mean_return=4.604 mean_len=80.1
[gat-train] update=2313 samples=46260 fps=9.2 loss=1.4497 actor=0.6471 value=0.8189 entropy=1.6299 mean_return=4.604 mean_len=80.1
[gat-train] update=2314 samples=46280 fps=9.2 loss=0.4735 actor=0.0468 value=0.4420 entropy=1.5298 mean_return=4.604 mean_len=80.1
[gat-train] update=2315 samples=46300 fps=9.2 loss=0.3980 actor=0.0096 value=0.4052 entropy=1.6856 mean_return=4.604 mean_len=80.1
[gat-train] update=2316 samples=46320 fps=9.2 loss=1.0072 actor=-0.3787 value=1.4019 entropy=1.5987 mean_return=4.604 mean_len=80.1
[gat-train] update=2317 samples=46340 fps=9.2 loss=1.5267 actor=0.8776 value=0.6676 entropy=1.8510 mean_return=4.604 mean_len=80.1
[gat-train] update=2318 samples=46360 fps=9.2 loss=31.9053 actor=4.1349 value=27.7895 entropy=1.9156 mean_return=4.633 mean_len=80.4
[gat-train] update=2319 samples=46380 fps=9.2 loss=50.6658 actor=10.4407 value=40.2455 entropy=2.0364 mean_return=4.628 mean_len=80.6
[gat-train] update=2320 samples=46400 fps=9.2 loss=1.6655 actor=-0.1109 value=1.7970 entropy=2.0645 mean_return=4.628 mean_len=80.6
[gat-train] update=2321 samples=46420 fps=9.2 loss=2.1140 actor=1.2160 value=0.9254 entropy=2.7356 mean_return=4.628 mean_len=80.6
[gat-train] update=2322 samples=46440 fps=9.2 loss=26.4303 actor=4.2947 value=22.1551 entropy=1.9515 mean_return=4.629 mean_len=80.7
[gat-train] update=2323 samples=46460 fps=9.2 loss=0.3505 actor=-1.0106 value=1.3782 entropy=1.7068 mean_return=4.629 mean_len=80.7
[gat-train] update=2324 samples=46480 fps=9.2 loss=23.6060 actor=3.6219 value=20.0092 entropy=2.5097 mean_return=4.654 mean_len=80.6
[gat-train] update=2325 samples=46500 fps=9.2 loss=0.7955 actor=-0.3660 value=1.1738 entropy=1.2405 mean_return=4.654 mean_len=80.6
[gat-train] update=2326 samples=46520 fps=9.2 loss=-0.0968 actor=-0.4082 value=0.3348 entropy=2.3379 mean_return=4.654 mean_len=80.6
[gat-train] update=2327 samples=46540 fps=9.2 loss=0.4427 actor=0.2886 value=0.1762 entropy=2.2172 mean_return=4.654 mean_len=80.6
[gat-train] update=2328 samples=46560 fps=9.2 loss=0.1127 actor=-0.0894 value=0.2222 entropy=2.0093 mean_return=4.654 mean_len=80.6
[gat-train] update=2329 samples=46580 fps=9.2 loss=0.0152 actor=-0.9606 value=0.9975 entropy=2.1679 mean_return=4.654 mean_len=80.6
[gat-train] update=2330 samples=46600 fps=9.2 loss=0.1224 actor=-0.4262 value=0.5615 entropy=1.2835 mean_return=4.654 mean_len=80.6
[gat-train] update=2331 samples=46620 fps=9.2 loss=-0.6852 actor=-0.8957 value=0.2306 entropy=2.0102 mean_return=4.654 mean_len=80.6
[gat-train] update=2332 samples=46640 fps=9.2 loss=-0.0846 actor=-0.7190 value=0.6504 entropy=1.6086 mean_return=4.654 mean_len=80.6
[gat-train] update=2333 samples=46660 fps=9.2 loss=-0.2962 actor=-0.7693 value=0.4910 entropy=1.7974 mean_return=4.654 mean_len=80.6
[gat-train] update=2334 samples=46680 fps=9.2 loss=-0.5931 actor=-1.0293 value=0.4558 entropy=1.9603 mean_return=4.654 mean_len=80.6
[gat-train] update=2335 samples=46700 fps=9.2 loss=0.0016 actor=-0.7604 value=0.7814 entropy=1.9424 mean_return=4.654 mean_len=80.6
[gat-train] update=2336 samples=46720 fps=9.2 loss=1.3825 actor=0.6578 value=0.7458 entropy=2.1117 mean_return=4.654 mean_len=80.6
[gat-train] update=2337 samples=46740 fps=9.2 loss=61.6771 actor=8.4322 value=53.2637 entropy=1.8731 mean_return=4.657 mean_len=81.5
[gat-train] update=2338 samples=46760 fps=9.2 loss=1.2428 actor=-0.3267 value=1.5868 entropy=1.7253 mean_return=4.657 mean_len=81.5
[gat-train] update=2339 samples=46780 fps=9.2 loss=23.7981 actor=2.2773 value=21.5375 entropy=1.6727 mean_return=4.656 mean_len=81.6
[gat-train] update=2340 samples=46800 fps=9.2 loss=0.4467 actor=0.0698 value=0.3940 entropy=1.7066 mean_return=4.656 mean_len=81.6
[gat-train] update=2341 samples=46820 fps=9.2 loss=1.3085 actor=0.5705 value=0.7620 entropy=2.4023 mean_return=4.656 mean_len=81.6
[gat-train] update=2342 samples=46840 fps=9.2 loss=14.8979 actor=1.5984 value=13.3169 entropy=1.7316 mean_return=4.706 mean_len=81.8
[gat-train] update=2343 samples=46860 fps=9.2 loss=0.1087 actor=-0.1672 value=0.2966 entropy=2.0739 mean_return=4.706 mean_len=81.8
[gat-train] update=2344 samples=46880 fps=9.2 loss=0.3113 actor=-0.2892 value=0.6187 entropy=1.8280 mean_return=4.706 mean_len=81.8
[gat-train] update=2345 samples=46900 fps=9.2 loss=0.3707 actor=-0.0082 value=0.3976 entropy=1.8770 mean_return=4.706 mean_len=81.8
[gat-train] update=2346 samples=46920 fps=9.2 loss=0.2439 actor=-0.1201 value=0.3775 entropy=1.3469 mean_return=4.706 mean_len=81.8
[gat-train] update=2347 samples=46940 fps=9.2 loss=-0.4994 actor=-1.0567 value=0.5707 entropy=1.3489 mean_return=4.706 mean_len=81.8
[gat-train] update=2348 samples=46960 fps=9.2 loss=-0.1294 actor=-0.3673 value=0.2506 entropy=1.2649 mean_return=4.706 mean_len=81.8
[gat-train] update=2349 samples=46980 fps=9.2 loss=-0.2980 actor=-0.7382 value=0.4537 entropy=1.3451 mean_return=4.706 mean_len=81.8
[gat-train] update=2350 samples=47000 fps=9.2 loss=-0.1570 actor=-0.4957 value=0.3538 entropy=1.5067 mean_return=4.706 mean_len=81.8
[gat-train] eval update=2350 comp_score=82.03 best=95.39
[gat-train] update=2351 samples=47020 fps=9.2 loss=0.3101 actor=-0.4994 value=0.8265 entropy=1.6974 mean_return=4.706 mean_len=81.8
[gat-train] update=2352 samples=47040 fps=9.2 loss=-0.0219 actor=-0.5531 value=0.5472 entropy=1.5976 mean_return=4.706 mean_len=81.8
[gat-train] update=2353 samples=47060 fps=9.2 loss=1.4387 actor=-0.9255 value=2.3787 entropy=1.4510 mean_return=4.706 mean_len=81.8
[gat-train] update=2354 samples=47080 fps=9.2 loss=24.1973 actor=2.4647 value=21.7505 entropy=1.7918 mean_return=4.701 mean_len=81.9
[gat-train] update=2355 samples=47100 fps=9.2 loss=31.8267 actor=4.6208 value=27.2200 entropy=1.4159 mean_return=4.681 mean_len=82.2
[gat-train] update=2356 samples=47120 fps=9.2 loss=2.0716 actor=0.5191 value=1.5660 entropy=1.3528 mean_return=4.681 mean_len=82.2
[gat-train] update=2357 samples=47140 fps=9.2 loss=0.2387 actor=-0.1034 value=0.3561 entropy=1.3947 mean_return=4.681 mean_len=82.2
[gat-train] update=2358 samples=47160 fps=9.2 loss=21.7667 actor=3.2729 value=18.5164 entropy=2.2669 mean_return=4.673 mean_len=82.5
[gat-train] update=2359 samples=47180 fps=9.2 loss=1.4651 actor=-0.0165 value=1.4969 entropy=1.5352 mean_return=4.673 mean_len=82.5
[gat-train] update=2360 samples=47200 fps=9.2 loss=29.9568 actor=4.9213 value=25.0575 entropy=2.1952 mean_return=4.693 mean_len=82.9
[gat-train] update=2361 samples=47220 fps=9.2 loss=0.0615 actor=-0.5134 value=0.5900 entropy=1.5065 mean_return=4.693 mean_len=82.9
[gat-train] update=2362 samples=47240 fps=9.2 loss=-0.0057 actor=-0.0968 value=0.1079 entropy=1.6777 mean_return=4.693 mean_len=82.9
[gat-train] update=2363 samples=47260 fps=9.2 loss=0.1567 actor=0.0188 value=0.1571 entropy=1.9223 mean_return=4.693 mean_len=82.9
[gat-train] update=2364 samples=47280 fps=9.2 loss=0.2855 actor=0.1344 value=0.1668 entropy=1.5641 mean_return=4.693 mean_len=82.9
[gat-train] update=2365 samples=47300 fps=9.2 loss=0.0407 actor=-0.0785 value=0.1325 entropy=1.3235 mean_return=4.693 mean_len=82.9
[gat-train] update=2366 samples=47320 fps=9.2 loss=0.1518 actor=-0.2631 value=0.4322 entropy=1.7355 mean_return=4.693 mean_len=82.9
[gat-train] update=2367 samples=47340 fps=9.3 loss=-0.2092 actor=-0.4944 value=0.2997 entropy=1.4494 mean_return=4.693 mean_len=82.9
[gat-train] update=2368 samples=47360 fps=9.3 loss=0.2403 actor=-0.1660 value=0.4187 entropy=1.2393 mean_return=4.693 mean_len=82.9
[gat-train] update=2369 samples=47380 fps=9.3 loss=0.4832 actor=-0.1782 value=0.6768 entropy=1.5390 mean_return=4.693 mean_len=82.9
[gat-train] update=2370 samples=47400 fps=9.3 loss=44.3237 actor=7.3761 value=36.9672 entropy=1.9515 mean_return=4.686 mean_len=82.8
[gat-train] update=2371 samples=47420 fps=9.3 loss=1.1483 actor=-0.4797 value=1.6485 entropy=2.0443 mean_return=4.686 mean_len=82.8
[gat-train] update=2372 samples=47440 fps=9.3 loss=0.1256 actor=-0.2856 value=0.4333 entropy=2.2089 mean_return=4.686 mean_len=82.8
[gat-train] update=2373 samples=47460 fps=9.3 loss=1.3590 actor=0.7396 value=0.6402 entropy=2.0802 mean_return=4.686 mean_len=82.8
[gat-train] update=2374 samples=47480 fps=9.3 loss=62.2146 actor=10.1416 value=52.0969 entropy=2.3931 mean_return=4.707 mean_len=83.3
[gat-train] update=2375 samples=47500 fps=9.3 loss=2.3230 actor=0.7205 value=1.6254 entropy=2.2963 mean_return=4.707 mean_len=83.3
[gat-train] update=2376 samples=47520 fps=9.3 loss=3.2774 actor=1.4271 value=1.8765 entropy=2.6241 mean_return=4.707 mean_len=83.3
[gat-train] update=2377 samples=47540 fps=9.3 loss=1.3643 actor=-0.4722 value=1.8536 entropy=1.7116 mean_return=4.707 mean_len=83.3
[gat-train] update=2378 samples=47560 fps=9.3 loss=1.1895 actor=0.4696 value=0.7480 entropy=2.8156 mean_return=4.707 mean_len=83.3
[gat-train] update=2379 samples=47580 fps=9.3 loss=0.2746 actor=-0.2376 value=0.5391 entropy=2.6932 mean_return=4.707 mean_len=83.3
[gat-train] update=2380 samples=47600 fps=9.3 loss=9.2492 actor=1.4949 value=7.7754 entropy=2.1157 mean_return=4.720 mean_len=83.6
[gat-train] update=2381 samples=47620 fps=9.3 loss=0.9130 actor=0.6168 value=0.3228 entropy=2.6500 mean_return=4.720 mean_len=83.6
[gat-train] update=2382 samples=47640 fps=9.3 loss=1.0166 actor=0.2405 value=0.8027 entropy=2.6595 mean_return=4.720 mean_len=83.6
[gat-train] update=2383 samples=47660 fps=9.3 loss=-0.1737 actor=-0.3733 value=0.2198 entropy=2.0143 mean_return=4.720 mean_len=83.6
[gat-train] update=2384 samples=47680 fps=9.3 loss=-0.0562 actor=-0.4549 value=0.4263 entropy=2.7643 mean_return=4.720 mean_len=83.6
[gat-train] update=2385 samples=47700 fps=9.3 loss=-0.6569 actor=-1.1617 value=0.5312 entropy=2.6447 mean_return=4.720 mean_len=83.6
[gat-train] update=2386 samples=47720 fps=9.3 loss=-0.3435 actor=-0.8462 value=0.5289 entropy=2.6243 mean_return=4.720 mean_len=83.6
[gat-train] update=2387 samples=47740 fps=9.3 loss=1.6390 actor=1.1209 value=0.5493 entropy=3.1156 mean_return=4.720 mean_len=83.6
[gat-train] update=2388 samples=47760 fps=9.3 loss=36.0165 actor=6.0093 value=30.0275 entropy=2.0231 mean_return=4.718 mean_len=84.1
[gat-train] update=2389 samples=47780 fps=9.3 loss=0.3714 actor=-0.2848 value=0.6860 entropy=2.9788 mean_return=4.718 mean_len=84.1
[gat-train] update=2390 samples=47800 fps=9.3 loss=1.5184 actor=0.5483 value=1.0005 entropy=3.0328 mean_return=4.718 mean_len=84.1
[gat-train] update=2391 samples=47820 fps=9.3 loss=17.5751 actor=3.5456 value=14.0561 entropy=2.6619 mean_return=4.709 mean_len=84.3
[gat-train] update=2392 samples=47840 fps=9.3 loss=26.0552 actor=3.9530 value=22.1311 entropy=2.8952 mean_return=4.686 mean_len=84.4
[gat-train] update=2393 samples=47860 fps=9.3 loss=0.5979 actor=-0.0628 value=0.6860 entropy=2.5349 mean_return=4.686 mean_len=84.4
[gat-train] update=2394 samples=47880 fps=9.3 loss=1.4055 actor=0.6189 value=0.8127 entropy=2.6061 mean_return=4.686 mean_len=84.4
[gat-train] update=2395 samples=47900 fps=9.3 loss=1.1617 actor=0.6004 value=0.5790 entropy=1.7710 mean_return=4.686 mean_len=84.4
[gat-train] update=2396 samples=47920 fps=9.3 loss=9.8267 actor=2.9792 value=6.8708 entropy=2.3306 mean_return=4.721 mean_len=84.5
[gat-train] update=2397 samples=47940 fps=9.3 loss=-0.7111 actor=-1.3766 value=0.6843 entropy=1.8798 mean_return=4.721 mean_len=84.5
[gat-train] update=2398 samples=47960 fps=9.3 loss=-0.0260 actor=-0.1761 value=0.1643 entropy=1.4157 mean_return=4.721 mean_len=84.5
[gat-train] update=2399 samples=47980 fps=9.3 loss=-0.0310 actor=-0.1363 value=0.1312 entropy=2.5931 mean_return=4.721 mean_len=84.5
[gat-train] update=2400 samples=48000 fps=9.3 loss=0.1106 actor=-0.2582 value=0.3853 entropy=1.6389 mean_return=4.721 mean_len=84.5
[gat-train] eval update=2400 comp_score=83.23 best=95.39
[gat-train] update=2401 samples=48020 fps=9.3 loss=0.6458 actor=-0.1242 value=0.7870 entropy=1.7005 mean_return=4.721 mean_len=84.5
[gat-train] update=2402 samples=48040 fps=9.3 loss=-0.0991 actor=-0.4345 value=0.3491 entropy=1.3734 mean_return=4.721 mean_len=84.5
[gat-train] update=2403 samples=48060 fps=9.3 loss=-0.2471 actor=-0.8079 value=0.5774 entropy=1.6561 mean_return=4.721 mean_len=84.5
[gat-train] update=2404 samples=48080 fps=9.3 loss=0.6411 actor=0.2137 value=0.4446 entropy=1.7224 mean_return=4.721 mean_len=84.5
[gat-train] update=2405 samples=48100 fps=9.3 loss=16.3743 actor=2.6764 value=13.7159 entropy=1.8019 mean_return=4.722 mean_len=84.7
[gat-train] update=2406 samples=48120 fps=9.3 loss=0.3406 actor=-0.3698 value=0.7276 entropy=1.7152 mean_return=4.722 mean_len=84.7
[gat-train] update=2407 samples=48140 fps=9.3 loss=0.1822 actor=-0.2728 value=0.4745 entropy=1.9454 mean_return=4.722 mean_len=84.7
[gat-train] update=2408 samples=48160 fps=9.3 loss=0.3764 actor=-0.3190 value=0.7094 entropy=1.3981 mean_return=4.722 mean_len=84.7
[gat-train] update=2409 samples=48180 fps=9.3 loss=28.0664 actor=4.2406 value=23.8461 entropy=2.0413 mean_return=4.719 mean_len=84.9
[gat-train] update=2410 samples=48200 fps=9.3 loss=2.8557 actor=0.7769 value=2.0923 entropy=1.3437 mean_return=4.719 mean_len=84.9
[gat-train] update=2411 samples=48220 fps=9.3 loss=14.8287 actor=2.3294 value=12.5183 entropy=1.8981 mean_return=4.715 mean_len=85.1
[gat-train] update=2412 samples=48240 fps=9.3 loss=-0.0046 actor=-0.6004 value=0.6078 entropy=1.1907 mean_return=4.715 mean_len=85.1
[gat-train] update=2413 samples=48260 fps=9.3 loss=1.2556 actor=0.7753 value=0.5011 entropy=2.0894 mean_return=4.715 mean_len=85.1
[gat-train] update=2414 samples=48280 fps=9.3 loss=21.8740 actor=2.5341 value=19.3595 entropy=1.9585 mean_return=4.733 mean_len=85.3
[gat-train] update=2415 samples=48300 fps=9.3 loss=0.1244 actor=-0.5153 value=0.6528 entropy=1.3146 mean_return=4.733 mean_len=85.3
[gat-train] update=2416 samples=48320 fps=9.3 loss=0.6115 actor=0.3576 value=0.2674 entropy=1.3542 mean_return=4.733 mean_len=85.3
[gat-train] update=2417 samples=48340 fps=9.3 loss=0.1820 actor=-0.0727 value=0.2703 entropy=1.5590 mean_return=4.733 mean_len=85.3
[gat-train] update=2418 samples=48360 fps=9.3 loss=-0.2678 actor=-0.6554 value=0.4053 entropy=1.7630 mean_return=4.733 mean_len=85.3
[gat-train] update=2419 samples=48380 fps=9.3 loss=0.0817 actor=-0.5020 value=0.6006 entropy=1.6881 mean_return=4.733 mean_len=85.3
[gat-train] update=2420 samples=48400 fps=9.3 loss=0.7016 actor=0.1605 value=0.5545 entropy=1.3419 mean_return=4.733 mean_len=85.3
[gat-train] update=2421 samples=48420 fps=9.3 loss=33.3408 actor=4.3454 value=29.0123 entropy=1.6884 mean_return=4.749 mean_len=85.3
[gat-train] update=2422 samples=48440 fps=9.3 loss=1.4785 actor=-1.0373 value=2.5307 entropy=1.4888 mean_return=4.749 mean_len=85.3
[gat-train] update=2423 samples=48460 fps=9.3 loss=0.7629 actor=0.4346 value=0.3432 entropy=1.4946 mean_return=4.749 mean_len=85.3
[gat-train] update=2424 samples=48480 fps=9.3 loss=0.3489 actor=-0.4407 value=0.8040 entropy=1.4373 mean_return=4.749 mean_len=85.3
[gat-train] update=2425 samples=48500 fps=9.3 loss=0.5377 actor=0.3766 value=0.1756 entropy=1.4539 mean_return=4.749 mean_len=85.3
[gat-train] update=2426 samples=48520 fps=9.3 loss=40.7823 actor=4.8732 value=35.9256 entropy=1.6503 mean_return=4.758 mean_len=85.4
[gat-train] update=2427 samples=48540 fps=9.3 loss=1.1429 actor=-0.8320 value=1.9908 entropy=1.5866 mean_return=4.758 mean_len=85.4
[gat-train] update=2428 samples=48560 fps=9.3 loss=16.5135 actor=2.4018 value=14.1271 entropy=1.5316 mean_return=4.747 mean_len=85.5
[gat-train] update=2429 samples=48580 fps=9.3 loss=1.2091 actor=0.6629 value=0.5564 entropy=1.0258 mean_return=4.747 mean_len=85.5
[gat-train] update=2430 samples=48600 fps=9.3 loss=21.9069 actor=3.3882 value=18.5390 entropy=2.0246 mean_return=4.768 mean_len=85.3
[gat-train] update=2431 samples=48620 fps=9.3 loss=0.1247 actor=-0.0341 value=0.1746 entropy=1.5868 mean_return=4.768 mean_len=85.3
[gat-train] update=2432 samples=48640 fps=9.3 loss=0.2840 actor=-0.0719 value=0.3700 entropy=1.4081 mean_return=4.768 mean_len=85.3
[gat-train] update=2433 samples=48660 fps=9.3 loss=-0.1227 actor=-0.4713 value=0.3618 entropy=1.3234 mean_return=4.768 mean_len=85.3
[gat-train] update=2434 samples=48680 fps=9.3 loss=-0.0274 actor=-0.1014 value=0.0896 entropy=1.5684 mean_return=4.768 mean_len=85.3
[gat-train] update=2435 samples=48700 fps=9.3 loss=0.0826 actor=-0.1539 value=0.2519 entropy=1.5342 mean_return=4.768 mean_len=85.3
[gat-train] update=2436 samples=48720 fps=9.3 loss=0.2311 actor=-0.3718 value=0.6173 entropy=1.4373 mean_return=4.768 mean_len=85.3
[gat-train] update=2437 samples=48740 fps=9.3 loss=0.1117 actor=-0.3552 value=0.4818 entropy=1.4974 mean_return=4.768 mean_len=85.3
[gat-train] update=2438 samples=48760 fps=9.3 loss=2.3044 actor=0.7846 value=1.5337 entropy=1.3824 mean_return=4.768 mean_len=85.3
[gat-train] update=2439 samples=48780 fps=9.3 loss=8.2124 actor=1.3064 value=6.9245 entropy=1.8578 mean_return=4.794 mean_len=85.4
[gat-train] update=2440 samples=48800 fps=9.3 loss=0.3406 actor=-0.2312 value=0.5876 entropy=1.5897 mean_return=4.794 mean_len=85.4
[gat-train] update=2441 samples=48820 fps=9.3 loss=0.5973 actor=0.1545 value=0.4571 entropy=1.4369 mean_return=4.794 mean_len=85.4
[gat-train] update=2442 samples=48840 fps=9.3 loss=1.1079 actor=0.5334 value=0.5928 entropy=1.8362 mean_return=4.794 mean_len=85.4
[gat-train] update=2443 samples=48860 fps=9.3 loss=36.4687 actor=4.3192 value=32.1665 entropy=1.7027 mean_return=4.784 mean_len=85.7
[gat-train] update=2444 samples=48880 fps=9.3 loss=0.5643 actor=-1.4813 value=2.0614 entropy=1.5839 mean_return=4.784 mean_len=85.7
[gat-train] update=2445 samples=48900 fps=9.3 loss=2.7852 actor=0.8068 value=1.9954 entropy=1.6904 mean_return=4.784 mean_len=85.7
[gat-train] update=2446 samples=48920 fps=9.3 loss=18.2096 actor=1.3575 value=16.8681 entropy=1.6071 mean_return=4.794 mean_len=85.8
[gat-train] update=2447 samples=48940 fps=9.3 loss=27.5064 actor=3.8829 value=23.6392 entropy=1.5601 mean_return=4.775 mean_len=85.9
[gat-train] update=2448 samples=48960 fps=9.3 loss=0.2931 actor=-0.1124 value=0.4182 entropy=1.2715 mean_return=4.775 mean_len=85.9
[gat-train] update=2449 samples=48980 fps=9.3 loss=0.3948 actor=-0.1633 value=0.5718 entropy=1.3689 mean_return=4.775 mean_len=85.9
[gat-train] update=2450 samples=49000 fps=9.3 loss=0.1072 actor=-0.2132 value=0.3341 entropy=1.3803 mean_return=4.775 mean_len=85.9
[gat-train] eval update=2450 comp_score=87.43 best=95.39
[gat-train] update=2451 samples=49020 fps=9.3 loss=-0.0312 actor=-0.7079 value=0.6951 entropy=1.8444 mean_return=4.775 mean_len=85.9
[gat-train] update=2452 samples=49040 fps=9.3 loss=0.5158 actor=0.2921 value=0.2418 entropy=1.8168 mean_return=4.775 mean_len=85.9
[gat-train] update=2453 samples=49060 fps=9.3 loss=0.7305 actor=0.4513 value=0.2975 entropy=1.8265 mean_return=4.775 mean_len=85.9
[gat-train] update=2454 samples=49080 fps=9.3 loss=0.5470 actor=-0.5572 value=1.1213 entropy=1.7081 mean_return=4.775 mean_len=85.9
[gat-train] update=2455 samples=49100 fps=9.3 loss=1.2235 actor=-0.8497 value=2.0920 entropy=1.8802 mean_return=4.775 mean_len=85.9
[gat-train] update=2456 samples=49120 fps=9.3 loss=13.4360 actor=1.8132 value=11.6439 entropy=2.1076 mean_return=4.815 mean_len=86.1
[gat-train] update=2457 samples=49140 fps=9.3 loss=-0.5381 actor=-1.3557 value=0.8375 entropy=1.9968 mean_return=4.815 mean_len=86.1
[gat-train] update=2458 samples=49160 fps=9.3 loss=0.4605 actor=-0.2144 value=0.6970 entropy=2.2112 mean_return=4.815 mean_len=86.1
[gat-train] update=2459 samples=49180 fps=9.3 loss=0.3849 actor=-0.7010 value=1.1080 entropy=2.2112 mean_return=4.815 mean_len=86.1
[gat-train] update=2460 samples=49200 fps=9.3 loss=0.4771 actor=-0.7302 value=1.2316 entropy=2.4255 mean_return=4.815 mean_len=86.1
[gat-train] update=2461 samples=49220 fps=9.3 loss=29.1842 actor=3.4776 value=25.7297 entropy=2.3108 mean_return=4.834 mean_len=86.3
[gat-train] update=2462 samples=49240 fps=9.3 loss=52.1731 actor=11.1680 value=41.0285 entropy=2.3353 mean_return=4.827 mean_len=86.2
[gat-train] update=2463 samples=49260 fps=9.3 loss=1.0042 actor=-0.4372 value=1.4599 entropy=1.8483 mean_return=4.827 mean_len=86.2
[gat-train] update=2464 samples=49280 fps=9.3 loss=0.1799 actor=-0.1052 value=0.3053 entropy=2.0115 mean_return=4.827 mean_len=86.2
[gat-train] update=2465 samples=49300 fps=9.3 loss=22.3429 actor=4.3338 value=18.0295 entropy=2.0499 mean_return=4.843 mean_len=86.4
[gat-train] update=2466 samples=49320 fps=9.3 loss=0.3787 actor=0.0895 value=0.3111 entropy=2.1877 mean_return=4.843 mean_len=86.4
[gat-train] update=2467 samples=49340 fps=9.3 loss=0.1372 actor=-0.0382 value=0.1995 entropy=2.4059 mean_return=4.843 mean_len=86.4
[gat-train] update=2468 samples=49360 fps=9.3 loss=-0.2930 actor=-0.5992 value=0.3296 entropy=2.3389 mean_return=4.843 mean_len=86.4
[gat-train] update=2469 samples=49380 fps=9.3 loss=-0.2496 actor=-0.6253 value=0.4035 entropy=2.7772 mean_return=4.843 mean_len=86.4
[gat-train] update=2470 samples=49400 fps=9.3 loss=-0.9880 actor=-1.4258 value=0.4692 entropy=3.1350 mean_return=4.843 mean_len=86.4
[gat-train] update=2471 samples=49420 fps=9.3 loss=37.1177 actor=6.8367 value=30.3094 entropy=2.8340 mean_return=4.846 mean_len=86.2
[gat-train] update=2472 samples=49440 fps=9.3 loss=0.1107 actor=-1.6714 value=1.8100 entropy=2.7791 mean_return=4.846 mean_len=86.2
[gat-train] update=2473 samples=49460 fps=9.3 loss=-0.1198 actor=-0.7435 value=0.6538 entropy=3.0177 mean_return=4.846 mean_len=86.2
[gat-train] update=2474 samples=49480 fps=9.3 loss=0.1438 actor=-0.2524 value=0.4249 entropy=2.8735 mean_return=4.846 mean_len=86.2
[gat-train] update=2475 samples=49500 fps=9.3 loss=-0.1598 actor=-0.7765 value=0.6458 entropy=2.9104 mean_return=4.846 mean_len=86.2
[gat-train] update=2476 samples=49520 fps=9.3 loss=-0.4623 actor=-1.3263 value=0.8923 entropy=2.8238 mean_return=4.846 mean_len=86.2
[gat-train] update=2477 samples=49540 fps=9.3 loss=34.3322 actor=5.4752 value=28.8852 entropy=2.8160 mean_return=4.827 mean_len=86.2
[gat-train] update=2478 samples=49560 fps=9.3 loss=1.3858 actor=0.3886 value=1.0210 entropy=2.3832 mean_return=4.827 mean_len=86.2
[gat-train] update=2479 samples=49580 fps=9.3 loss=-0.2020 actor=-1.0432 value=0.8657 entropy=2.4461 mean_return=4.827 mean_len=86.2
[gat-train] update=2480 samples=49600 fps=9.3 loss=17.2636 actor=4.0459 value=13.2429 entropy=2.5091 mean_return=4.807 mean_len=86.6
[gat-train] update=2481 samples=49620 fps=9.3 loss=0.4843 actor=-0.1412 value=0.6493 entropy=2.3821 mean_return=4.807 mean_len=86.6
[gat-train] update=2482 samples=49640 fps=9.3 loss=8.1664 actor=1.9100 value=6.2808 entropy=2.4432 mean_return=4.820 mean_len=86.5
[gat-train] update=2483 samples=49660 fps=9.3 loss=0.3413 actor=0.1186 value=0.2468 entropy=2.4129 mean_return=4.820 mean_len=86.5
[gat-train] update=2484 samples=49680 fps=9.4 loss=-0.8795 actor=-1.2651 value=0.4122 entropy=2.6571 mean_return=4.820 mean_len=86.5
[gat-train] update=2485 samples=49700 fps=9.4 loss=-0.8550 actor=-1.0801 value=0.2514 entropy=2.6238 mean_return=4.820 mean_len=86.5
[gat-train] update=2486 samples=49720 fps=9.4 loss=-0.2530 actor=-0.5122 value=0.2865 entropy=2.7326 mean_return=4.820 mean_len=86.5
[gat-train] update=2487 samples=49740 fps=9.4 loss=31.4298 actor=5.8270 value=25.6315 entropy=2.8709 mean_return=4.813 mean_len=86.5
[gat-train] update=2488 samples=49760 fps=9.4 loss=-0.3175 actor=-1.4406 value=1.1468 entropy=2.3700 mean_return=4.813 mean_len=86.5
[gat-train] update=2489 samples=49780 fps=9.4 loss=-0.1921 actor=-0.9335 value=0.7665 entropy=2.5129 mean_return=4.813 mean_len=86.5
[gat-train] update=2490 samples=49800 fps=9.4 loss=0.1908 actor=0.0352 value=0.1818 entropy=2.6261 mean_return=4.813 mean_len=86.5
[gat-train] update=2491 samples=49820 fps=9.4 loss=-0.8426 actor=-1.3801 value=0.5628 entropy=2.5264 mean_return=4.813 mean_len=86.5
[gat-train] update=2492 samples=49840 fps=9.4 loss=-0.6183 actor=-2.1673 value=1.5753 entropy=2.6278 mean_return=4.813 mean_len=86.5
[gat-train] update=2493 samples=49860 fps=9.4 loss=1.9001 actor=1.1046 value=0.8221 entropy=2.6571 mean_return=4.813 mean_len=86.5
[gat-train] update=2494 samples=49880 fps=9.4 loss=23.6790 actor=3.6177 value=20.0878 entropy=2.6487 mean_return=4.836 mean_len=86.5
[gat-train] update=2495 samples=49900 fps=9.4 loss=0.2120 actor=-0.4508 value=0.6850 entropy=2.2151 mean_return=4.836 mean_len=86.5
[gat-train] update=2496 samples=49920 fps=9.4 loss=0.5987 actor=-0.8975 value=1.5173 entropy=2.1042 mean_return=4.836 mean_len=86.5
[gat-train] update=2497 samples=49940 fps=9.4 loss=17.7396 actor=2.5642 value=15.1962 entropy=2.0821 mean_return=4.814 mean_len=86.6
[gat-train] update=2498 samples=49960 fps=9.4 loss=-0.6032 actor=-1.1227 value=0.5396 entropy=2.0087 mean_return=4.814 mean_len=86.6
[gat-train] update=2499 samples=49980 fps=9.4 loss=0.0365 actor=-0.1402 value=0.1983 entropy=2.1660 mean_return=4.814 mean_len=86.6
[gat-train] update=2500 samples=50000 fps=9.4 loss=15.4594 actor=2.3694 value=13.1108 entropy=2.0862 mean_return=4.816 mean_len=86.6
[gat-train] eval update=2500 comp_score=87.43 best=95.39
Loading user config located at: '/home/user/isaacsim/kit/data/Kit/Isaac-Sim/5.1/user.config.json'
[Info] [carb] Logging to file: /home/user/isaacsim/kit/logs/Kit/Isaac-Sim/5.1/kit_20260630_144722.log
2026-06-30T05:47:22Z [164ms] [Warning] [omni.platforminfo.plugin] failed to open the default display.  Can't verify X Server version.
2026-06-30T05:47:22Z [166ms] [Warning] [omni.usd_config.extension] Enable omni.materialx.libs extension to use MaterialX
2026-06-30T05:47:22Z [428ms] [Warning] [carb] Acquiring non optional plugin interface which is not listed as dependency: [omni::physx::IPhysxBenchmarks v1.0] (plugin: <default plugin>), by client: omni.physics.physx.plugin. Add it to CARB_PLUGIN_IMPL_DEPS() macro of a client.
2026-06-30T05:47:22Z [525ms] [Warning] [omni.isaac.dynamic_control] omni.isaac.dynamic_control is deprecated as of Isaac Sim 4.5. No action is needed from end-users.
2026-06-30T05:47:24Z [2,146ms] [Warning] [gpu.foundation.plugin] Skipping unsupported non-NVIDIA GPU: AMD Unknown (RADV RAPHAEL_MENDOCINO)
2026-06-30T05:47:24Z [2,146ms] [Warning] [gpu.foundation.plugin] Skipping unsupported non-NVIDIA GPU: AMD Unknown (RADV RAPHAEL_MENDOCINO)

|---------------------------------------------------------------------------------------------|
| Driver Version: 580.159.03    | Graphics API: Vulkan
|=============================================================================================|
| GPU | Name                             | Active | LDA | GPU Memory | Vendor-ID | LUID       |
|     |                                  |        |     |            | Device-ID | UUID       |
|     |                                  |        |     |            | Bus-ID    |            |
|---------------------------------------------------------------------------------------------|
| 0   | NVIDIA RTX PRO 6000 Blackwell .. | Yes: 0 |     | 97887   MB | 10de      | 0          |
|     |                                  |        |     |            | 2bb1      | 25b334fd.. |
|     |                                  |        |     |            | 1         |            |
|---------------------------------------------------------------------------------------------|
| 1   | AMD Unknown (RADV RAPHAEL_MEND.. |        |     | 43508   MB | 1002      | 0          |
|     |                                  |        |     |            | 13c0      | 00000000.. |
|     |                                  |        |     |            | 79        |            |
|=============================================================================================|
| OS: 22.04.5 LTS (Jammy Jellyfish) ubuntu, Version: 22.04.5, Kernel: 6.8.0-124-generic
| Processor: AMD Ryzen 9 9950X3D 16-Core Processor
| Cores: 16 | Logical Cores: 32
|---------------------------------------------------------------------------------------------|
| Total Memory (MB): 126429 | Free Memory: 117858
| Total Page/Swap (MB): 2047 | Free Page/Swap: 2046
|---------------------------------------------------------------------------------------------|
2026-06-30T05:47:24Z [2,631ms] [Warning] [isaaclab.envs.direct_rl_env] Seed not set for the environment. The environment creation may not be deterministic.
[reward-sweep] profile=smooth_low exited code=0 Tue Jun 30 04:16:30 PM KST 2026
