{
  "box": {
    "step": 0,
    "id": 0,
    "type": 3,
    "type_name": "4",
    "size": [
      0.31,
      0.233,
      0.21
    ],
    "mass": 4.0
  },
  "pct": {
    "setting": 3,
    "density": 0.16512507444253258,
    "valid_leaf_count": 8,
    "selected_leaf": [
      0.0,
      0.0,
      0.0,
      0.233,
      0.31,
      1.25,
      0.0,
      0.0,
      1.0
    ]
  },
  "placement": {
    "placed_size": [
      0.233,
      0.31,
      0.21
    ],
    "rotation": 90,
    "intended_local": [
      0.1165,
      0.155,
      0.105
    ],
    "intended_world": [
      0.1165,
      0.155,
      0.255
    ],
    "final_local": [
      0.11649981886148453,
      0.15500102937221527,
      0.10499990582466126
    ],
    "final_world": [
      0.11649981886148453,
      0.15500102937221527,
      0.25499990582466125
    ],
    "final_quat_wxyz": [
      0.7071069478988647,
      -1.3596243206848158e-06,
      1.057764166034758e-06,
      0.7071067094802856
    ],
    "drift_m": 1.0494223714942613e-06,
    "drift_xy_m": 1.0451881741409273e-06,
    "drift_z_m": -9.417533874955808e-08
  },
  "settling": {
    "settle_steps": 10,
    "settle_vel": 0.05,
    "drop_offset": 0.02
  }
}