[sun-deploybest] start profile=sun_gap_guard_v1 run=sun_terminal18_env128_workers4_rand12to52official_sun_gap_guard_v1_deploybest box_seed=1 updates=2500 mode=warm best=isaaclab_pallet/runs/reward_terminal18_finish15/terminal_ratio_t18_from_terminal_best/PCT-best.pt resume=isaaclab_pallet/runs/sun_terminal18_env128_workers4_rand10eval_sun_v2_deploybest/PCT-resume.pt eval12_dir=artifacts/random_spec_eval_10_plus_official/box_sequence eval12=random_spec_000 random_spec_001 random_spec_002 random_spec_003 random_spec_004 random_spec_005 random_spec_006 random_spec_007 random_spec_008 random_spec_009 box_sequence_0 box_sequence_1 confirm_eval52_dir=artifacts/random_spec_eval_50_plus_official/box_sequence confirm_eval52=random_spec_000 random_spec_001 random_spec_002 random_spec_003 random_spec_004 random_spec_005 random_spec_006 random_spec_007 random_spec_008 random_spec_009 random_spec_010 random_spec_011 random_spec_012 random_spec_013 random_spec_014 random_spec_015 random_spec_016 random_spec_017 random_spec_018 random_spec_019 random_spec_020 random_spec_021 random_spec_022 random_spec_023 random_spec_024 random_spec_025 random_spec_026 random_spec_027 random_spec_028 random_spec_029 random_spec_030 random_spec_031 random_spec_032 random_spec_033 random_spec_034 random_spec_035 random_spec_036 random_spec_037 random_spec_038 random_spec_039 random_spec_040 random_spec_041 random_spec_042 random_spec_043 random_spec_044 random_spec_045 random_spec_046 random_spec_047 random_spec_048 random_spec_049 box_sequence_0 box_sequence_1 Tue Jul 14 02:29:04 AM KST 2026
Gym has been unmaintained since 2022 and does not support NumPy 2.0 amongst other critical functionality.
Please upgrade to Gymnasium, the maintained drop-in replacement of Gym, or contact the authors of your software and request that they upgrade.
See the migration guide at https://gymnasium.farama.org/introduction/migration_guide/ for additional information.
[INFO][AppLauncher]: Using device: cuda:0
[INFO][AppLauncher]: Loading experience file: /home/user/IsaacLab/apps/isaaclab.python.headless.kit

[36m======================================================================================[0m
[36m[1m[INFO][IsaacLab]: Logging to file: /tmp/isaaclab/logs/isaaclab_2026-07-14_02-29-07.log[0m
[36m======================================================================================[0m

[33m02:29:07 [simulation_context.py] WARNING: The `enable_external_forces_every_iteration` parameter in the PhysxCfg is set to False. If you are experiencing noisy velocities, consider enabling this flag. You may need to slightly increase the number of velocity iterations (setting it to 1 or 2 rather than 0), together with this flag, to improve the accuracy of velocity updates.[0m
Gym has been unmaintained since 2022 and does not support NumPy 2.0 amongst other critical functionality.
Please upgrade to Gymnasium, the maintained drop-in replacement of Gym, or contact the authors of your software and request that they upgrade.
See the migration guide at https://gymnasium.farama.org/introduction/migration_guide/ for additional information.
Gym has been unmaintained since 2022 and does not support NumPy 2.0 amongst other critical functionality.
Please upgrade to Gymnasium, the maintained drop-in replacement of Gym, or contact the authors of your software and request that they upgrade.
See the migration guide at https://gymnasium.farama.org/introduction/migration_guide/ for additional information.
Gym has been unmaintained since 2022 and does not support NumPy 2.0 amongst other critical functionality.
Please upgrade to Gymnasium, the maintained drop-in replacement of Gym, or contact the authors of your software and request that they upgrade.
See the migration guide at https://gymnasium.farama.org/introduction/migration_guide/ for additional information.
Gym has been unmaintained since 2022 and does not support NumPy 2.0 amongst other critical functionality.
Please upgrade to Gymnasium, the maintained drop-in replacement of Gym, or contact the authors of your software and request that they upgrade.
See the migration guide at https://gymnasium.farama.org/introduction/migration_guide/ for additional information.
[INFO]: Base environment:
	Environment device    : cuda:0
	Environment seed      : None
	Physics step-size     : 0.008333333333333333
	Rendering step-size   : 0.16666666666666666
	Environment step-size : 0.16666666666666666
[33m02:29:29 [interactive_scene.py] WARNING: Collision filtering can only be automatically enabled when replicate_physics=True and using GPU simulation. Please call scene.filter_collisions(global_prim_paths) to filter collisions across environments.[0m
[INFO]: Time taken for scene creation : 22.120110 seconds
[INFO]: Scene manager:  <class InteractiveScene>
	Number of environments: 128
	Environment spacing   : 3.0
	Source prim name      : /World/envs/env_0
	Global prim paths     : []
	Replicate physics     : False
[INFO]: Starting the simulation. This may take a few seconds. Please wait...
[INFO]: Time taken for simulation start : 4.730332 seconds
[INFO]: Completed setting up the environment...
[gat-train] loaded GAT checkpoint: isaaclab_pallet/runs/reward_terminal18_finish15/terminal_ratio_t18_from_terminal_best/PCT-best.pt
wandb: [wandb.login()] Loaded credentials for https://api.wandb.ai from /home/user/.netrc.
/home/user/miniconda3/envs/env_isaaclab/lib/python3.11/site-packages/wandb/analytics/sentry.py:269: DeprecationWarning: Read the `app_url` setting from the appropriate Settings object.
  app_url = wandb.util.app_url(tags["base_url"])  # type: ignore[index]
wandb: Currently logged in as: nkyeonjae1009 (nkyeonjae1009-university-of-seoul) to https://api.wandb.ai. Use `wandb login --relogin` to force relogin
/home/user/miniconda3/envs/env_isaaclab/lib/python3.11/site-packages/wandb/analytics/sentry.py:269: DeprecationWarning: Read the `app_url` setting from the appropriate Settings object.
  app_url = wandb.util.app_url(tags["base_url"])  # type: ignore[index]
/home/user/miniconda3/envs/env_isaaclab/lib/python3.11/site-packages/wandb/analytics/sentry.py:280: DeprecationWarning: The `Scope.user` setter is deprecated in favor of `Scope.set_user()`.
  self.scope.user = {"email": email}
wandb: setting up run b9xzsemt
/home/user/miniconda3/envs/env_isaaclab/lib/python3.11/site-packages/wandb/analytics/sentry.py:269: DeprecationWarning: Read the `app_url` setting from the appropriate Settings object.
  app_url = wandb.util.app_url(tags["base_url"])  # type: ignore[index]
/home/user/miniconda3/envs/env_isaaclab/lib/python3.11/site-packages/wandb/analytics/sentry.py:280: DeprecationWarning: The `Scope.user` setter is deprecated in favor of `Scope.set_user()`.
  self.scope.user = {"email": email}
wandb: Tracking run with wandb version 0.28.0
wandb: Run data is saved locally in isaaclab_pallet/runs/sun_terminal18_env128_workers4_rand12to52official_sun_gap_guard_v1_deploybest/wandb/wandb/run-20260714_022936-b9xzsemt
wandb: Run `wandb offline` to turn off syncing.
wandb: Syncing run sun_terminal18_env128_workers4_rand12to52official_sun_gap_guard_v1_deploybest
wandb: ⭐️ View project at https://wandb.ai/nkyeonjae1009-university-of-seoul/assignment2-pallet
wandb: 🚀 View run at https://wandb.ai/nkyeonjae1009-university-of-seoul/assignment2-pallet/runs/b9xzsemt
[gat-train] wandb run url: https://wandb.ai/nkyeonjae1009-university-of-seoul/assignment2-pallet/runs/b9xzsemt
[gat-train] run_dir=isaaclab_pallet/runs/sun_terminal18_env128_workers4_rand12to52official_sun_gap_guard_v1_deploybest device=cuda:0 num_envs=128 num_packer_workers=4 obs_shape=(128, 301, 9) leaf_shape=(128, 100, 9) num_steps=5 normFactor=0.8 drift_fail_threshold=0.4 reward_profile=sun_gap_guard_v1 learn_finish_action=False action_space=100 candidate_rerank_k=0 candidate_diversity_center_m=0.05
[gat-train] eval_seq_count=12 box_seq_dir=artifacts/random_spec_eval_10_plus_official/box_sequence eval_sequences=random_spec_000,random_spec_001,random_spec_002,random_spec_003,random_spec_004,random_spec_005,random_spec_006,random_spec_007,random_spec_008,random_spec_009,box_sequence_0,box_sequence_1
[gat-train] confirm_eval_seq_count=52 confirm_box_seq_dir=artifacts/random_spec_eval_50_plus_official/box_sequence confirm_eval_sequences=random_spec_000,random_spec_001,random_spec_002,random_spec_003,random_spec_004,random_spec_005,random_spec_006,random_spec_007,random_spec_008,random_spec_009,random_spec_010,random_spec_011,random_spec_012,random_spec_013,random_spec_014,random_spec_015,random_spec_016,random_spec_017,random_spec_018,random_spec_019,random_spec_020,random_spec_021,random_spec_022,random_spec_023,random_spec_024,random_spec_025,random_spec_026,random_spec_027,random_spec_028,random_spec_029,random_spec_030,random_spec_031,random_spec_032,random_spec_033,random_spec_034,random_spec_035,random_spec_036,random_spec_037,random_spec_038,random_spec_039,random_spec_040,random_spec_041,random_spec_042,random_spec_043,random_spec_044,random_spec_045,random_spec_046,random_spec_047,random_spec_048,random_spec_049,box_sequence_0,box_sequence_1
/home/user/Documents/assignment2_project/templete code/src/pct/convex_hull.py:104: DeprecationWarning: Arrays of 2-dimensional vectors are deprecated. Use arrays of 3-dimensional vectors instead. (deprecated in NumPy 2.0)
  if np.sum(np.cross(coords[i] - point, point - coords[j])) == 0:
[gat-train] initial deployment score = 84.86 min=77.54 bottom10=78.61 confirm_score=82.12 confirm_min=0.00 confirm_bottom10=62.14 (torch_eval=87.65)  -> PCT-best.pt
/home/user/Documents/assignment2_project/templete code/src/pct/convex_hull.py:104: DeprecationWarning: Arrays of 2-dimensional vectors are deprecated. Use arrays of 3-dimensional vectors instead. (deprecated in NumPy 2.0)
  if np.sum(np.cross(coords[i] - point, point - coords[j])) == 0:
/home/user/Documents/assignment2_project/templete code/src/pct/convex_hull.py:104: DeprecationWarning: Arrays of 2-dimensional vectors are deprecated. Use arrays of 3-dimensional vectors instead. (deprecated in NumPy 2.0)
  if np.sum(np.cross(coords[i] - point, point - coords[j])) == 0:
/home/user/Documents/assignment2_project/templete code/src/pct/convex_hull.py:104: DeprecationWarning: Arrays of 2-dimensional vectors are deprecated. Use arrays of 3-dimensional vectors instead. (deprecated in NumPy 2.0)
  if np.sum(np.cross(coords[i] - point, point - coords[j])) == 0:
/home/user/Documents/assignment2_project/templete code/src/pct/convex_hull.py:104: DeprecationWarning: Arrays of 2-dimensional vectors are deprecated. Use arrays of 3-dimensional vectors instead. (deprecated in NumPy 2.0)
  if np.sum(np.cross(coords[i] - point, point - coords[j])) == 0:
[gat-train] update=1 samples=640 fps=3.7 loss=0.1297 actor=-0.2520 value=0.3879 entropy=0.6173 mean_return=0.000 mean_len=0.0
[gat-train] update=2 samples=1280 fps=7.2 loss=0.1990 actor=0.0443 value=0.1657 entropy=1.1054 mean_return=0.000 mean_len=0.0
[gat-train] update=3 samples=1920 fps=10.0 loss=0.9746 actor=0.6505 value=0.3412 entropy=1.7080 mean_return=0.000 mean_len=0.0
[gat-train] update=4 samples=2560 fps=12.7 loss=2.0962 actor=1.3381 value=0.7792 entropy=2.1067 mean_return=0.000 mean_len=0.0
[gat-train] update=5 samples=3200 fps=15.0 loss=1.9871 actor=1.2759 value=0.7330 entropy=2.1791 mean_return=0.000 mean_len=0.0
[gat-train] update=6 samples=3840 fps=16.6 loss=1.8364 actor=1.2479 value=0.6129 entropy=2.4399 mean_return=0.000 mean_len=0.0
[gat-train] update=7 samples=4480 fps=18.6 loss=1.1336 actor=0.7150 value=0.4425 entropy=2.3983 mean_return=0.000 mean_len=0.0
[gat-train] update=8 samples=5120 fps=20.0 loss=0.9839 actor=0.5343 value=0.4734 entropy=2.3763 mean_return=0.000 mean_len=0.0
[gat-train] update=9 samples=5760 fps=20.8 loss=1.3874 actor=0.7517 value=0.6603 entropy=2.4508 mean_return=0.000 mean_len=0.0
[gat-train] update=10 samples=6400 fps=21.9 loss=1.0232 actor=0.4527 value=0.5943 entropy=2.3815 mean_return=18.701 mean_len=48.0
[gat-train] update=11 samples=7040 fps=23.0 loss=1.1573 actor=0.5040 value=0.6769 entropy=2.3597 mean_return=18.050 mean_len=50.0
[gat-train] update=12 samples=7680 fps=23.8 loss=0.8451 actor=0.2906 value=0.5777 entropy=2.3270 mean_return=18.050 mean_len=50.0
[gat-train] update=13 samples=8320 fps=24.4 loss=0.7170 actor=0.1727 value=0.5664 entropy=2.2084 mean_return=18.266 mean_len=54.3
[gat-train] update=14 samples=8960 fps=25.3 loss=0.9195 actor=0.3214 value=0.6193 entropy=2.1183 mean_return=20.592 mean_len=63.4
[gat-train] update=15 samples=9600 fps=26.1 loss=1.5927 actor=0.7647 value=0.8485 entropy=2.0568 mean_return=21.496 mean_len=70.5
[gat-train] update=16 samples=10240 fps=27.0 loss=2.5462 actor=1.1060 value=1.4576 entropy=1.7353 mean_return=23.341 mean_len=77.5
[gat-train] update=17 samples=10880 fps=27.9 loss=2.7230 actor=1.0843 value=1.6544 entropy=1.5750 mean_return=25.298 mean_len=82.4
[gat-train] update=18 samples=11520 fps=28.7 loss=1.4103 actor=0.4842 value=0.9402 entropy=1.4054 mean_return=26.402 mean_len=84.7
[gat-train] update=19 samples=12160 fps=29.5 loss=1.0693 actor=0.5284 value=0.5538 entropy=1.2946 mean_return=26.655 mean_len=85.4
[gat-train] update=20 samples=12800 fps=30.3 loss=1.5266 actor=0.8036 value=0.7365 entropy=1.3442 mean_return=26.655 mean_len=85.4
[gat-train] update=21 samples=13440 fps=30.9 loss=1.7253 actor=0.9458 value=0.7945 entropy=1.5025 mean_return=26.655 mean_len=85.4
[gat-train] update=22 samples=14080 fps=31.6 loss=1.3502 actor=0.7444 value=0.6222 entropy=1.6373 mean_return=26.655 mean_len=85.4
[gat-train] update=23 samples=14720 fps=32.2 loss=1.4740 actor=0.8259 value=0.6653 entropy=1.7290 mean_return=26.655 mean_len=85.4
[gat-train] update=24 samples=15360 fps=32.8 loss=1.1122 actor=0.6497 value=0.4802 entropy=1.7748 mean_return=26.655 mean_len=85.4
[gat-train] update=25 samples=16000 fps=33.3 loss=1.1256 actor=0.6592 value=0.4852 entropy=1.8773 mean_return=26.655 mean_len=85.4
[gat-train] update=26 samples=16640 fps=33.6 loss=1.0241 actor=0.4678 value=0.5748 entropy=1.8562 mean_return=26.655 mean_len=85.4
[gat-train] update=27 samples=17280 fps=33.9 loss=1.0816 actor=0.5050 value=0.5951 entropy=1.8511 mean_return=26.499 mean_len=85.5
[gat-train] update=28 samples=17920 fps=34.1 loss=0.9254 actor=0.3533 value=0.5907 entropy=1.8617 mean_return=26.545 mean_len=85.6
[gat-train] update=29 samples=18560 fps=34.1 loss=0.8405 actor=0.2398 value=0.6186 entropy=1.7896 mean_return=26.274 mean_len=85.4
[gat-train] update=30 samples=19200 fps=34.1 loss=0.9506 actor=0.3260 value=0.6421 entropy=1.7481 mean_return=26.147 mean_len=84.7
[gat-train] update=31 samples=19840 fps=34.2 loss=1.1890 actor=0.4208 value=0.7852 entropy=1.6998 mean_return=26.217 mean_len=84.0
[gat-train] update=32 samples=20480 fps=34.6 loss=1.4621 actor=0.5486 value=0.9306 entropy=1.7105 mean_return=25.000 mean_len=80.1
[gat-train] update=33 samples=21120 fps=34.9 loss=1.3411 actor=0.4529 value=0.9047 entropy=1.6573 mean_return=25.886 mean_len=81.3
[gat-train] update=34 samples=21760 fps=35.2 loss=1.7177 actor=0.6194 value=1.1152 entropy=1.6898 mean_return=27.004 mean_len=83.5
[gat-train] update=35 samples=22400 fps=35.9 loss=1.6893 actor=0.7588 value=0.9456 entropy=1.5099 mean_return=27.584 mean_len=86.0
[gat-train] update=36 samples=23040 fps=36.3 loss=1.2810 actor=0.5527 value=0.7420 entropy=1.3751 mean_return=27.606 mean_len=86.6
[gat-train] update=37 samples=23680 fps=36.6 loss=1.3893 actor=0.7038 value=0.6993 entropy=1.3827 mean_return=27.761 mean_len=86.8
[gat-train] update=38 samples=24320 fps=36.9 loss=1.5079 actor=0.7690 value=0.7533 entropy=1.4419 mean_return=27.761 mean_len=86.8
[gat-train] update=39 samples=24960 fps=37.3 loss=1.5146 actor=0.8638 value=0.6658 entropy=1.5007 mean_return=27.761 mean_len=86.8
[gat-train] update=40 samples=25600 fps=37.3 loss=1.2513 actor=0.6460 value=0.6212 entropy=1.5927 mean_return=27.761 mean_len=86.8
[gat-train] update=41 samples=26240 fps=36.9 loss=1.1427 actor=0.6382 value=0.5209 entropy=1.6383 mean_return=27.761 mean_len=86.8
[gat-train] update=42 samples=26880 fps=37.1 loss=1.1115 actor=0.5905 value=0.5381 entropy=1.7040 mean_return=27.761 mean_len=86.8
[gat-train] update=43 samples=27520 fps=37.3 loss=1.0415 actor=0.4828 value=0.5763 entropy=1.7544 mean_return=27.652 mean_len=86.5
[gat-train] update=44 samples=28160 fps=37.6 loss=0.7443 actor=0.3038 value=0.4580 entropy=1.7533 mean_return=27.634 mean_len=86.5
[gat-train] update=45 samples=28800 fps=37.7 loss=0.7793 actor=0.2266 value=0.5712 entropy=1.8446 mean_return=27.300 mean_len=85.4
[gat-train] update=46 samples=29440 fps=37.9 loss=0.9292 actor=0.2855 value=0.6615 entropy=1.7851 mean_return=27.062 mean_len=84.5
[gat-train] update=47 samples=30080 fps=38.1 loss=0.8872 actor=0.3095 value=0.5947 entropy=1.7012 mean_return=26.714 mean_len=83.1
[gat-train] update=48 samples=30720 fps=38.4 loss=1.1980 actor=0.4522 value=0.7629 entropy=1.7123 mean_return=25.451 mean_len=80.1
[gat-train] update=49 samples=31360 fps=38.7 loss=1.6984 actor=0.2761 value=1.4395 entropy=1.7103 mean_return=25.433 mean_len=81.1
[gat-train] update=50 samples=32000 fps=39.1 loss=1.3322 actor=0.5307 value=0.8178 entropy=1.6319 mean_return=26.498 mean_len=83.6
[gat-train] eval update=50 torch_score=85.41 deploy_score=84.21 min=76.76 bottom10=78.54 max_regression=13.29 regressions=3 guard_rejected=1 best=82.12
[gat-train] update=51 samples=32640 fps=37.3 loss=1.0407 actor=0.3881 value=0.6684 entropy=1.5791 mean_return=27.289 mean_len=84.4
[gat-train] update=52 samples=33280 fps=37.7 loss=1.4759 actor=0.6098 value=0.8817 entropy=1.5636 mean_return=27.876 mean_len=85.7
[gat-train] update=53 samples=33920 fps=38.1 loss=1.2758 actor=0.6594 value=0.6309 entropy=1.4469 mean_return=28.014 mean_len=86.1
[gat-train] update=54 samples=34560 fps=38.5 loss=1.3300 actor=0.6753 value=0.6693 entropy=1.4566 mean_return=27.960 mean_len=86.3
[gat-train] update=55 samples=35200 fps=38.8 loss=1.8562 actor=0.5012 value=1.3696 entropy=1.4615 mean_return=27.426 mean_len=84.6
[gat-train] update=56 samples=35840 fps=39.1 loss=1.1944 actor=0.5969 value=0.6121 entropy=1.4609 mean_return=27.426 mean_len=84.6
[gat-train] update=57 samples=36480 fps=39.3 loss=1.2785 actor=0.6621 value=0.6312 entropy=1.4756 mean_return=27.426 mean_len=84.6
[gat-train] update=58 samples=37120 fps=39.5 loss=1.2768 actor=0.6705 value=0.6214 entropy=1.5219 mean_return=27.426 mean_len=84.6
[gat-train] update=59 samples=37760 fps=39.7 loss=1.2113 actor=0.6385 value=0.5885 entropy=1.5650 mean_return=27.426 mean_len=84.6
[gat-train] update=60 samples=38400 fps=39.6 loss=1.1094 actor=0.3363 value=0.7890 entropy=1.5914 mean_return=27.052 mean_len=83.7
[gat-train] update=61 samples=39040 fps=39.7 loss=0.9376 actor=0.3739 value=0.5794 entropy=1.5725 mean_return=27.008 mean_len=83.7
[gat-train] update=62 samples=39680 fps=39.6 loss=0.9783 actor=0.2356 value=0.7584 entropy=1.5739 mean_return=26.770 mean_len=83.2
[gat-train] update=63 samples=40320 fps=39.6 loss=0.8219 actor=0.3194 value=0.5183 entropy=1.5816 mean_return=26.654 mean_len=82.6
[gat-train] update=64 samples=40960 fps=39.6 loss=0.9255 actor=0.2378 value=0.7034 entropy=1.5698 mean_return=26.296 mean_len=82.0
[gat-train] update=65 samples=41600 fps=39.8 loss=1.0947 actor=0.3737 value=0.7370 entropy=1.5956 mean_return=25.729 mean_len=80.4
[gat-train] update=66 samples=42240 fps=39.8 loss=0.7456 actor=0.0392 value=0.7230 entropy=1.6613 mean_return=27.098 mean_len=84.0
[gat-train] update=67 samples=42880 fps=39.9 loss=0.9594 actor=0.3045 value=0.6714 entropy=1.6573 mean_return=26.815 mean_len=83.2
[gat-train] update=68 samples=43520 fps=40.1 loss=1.1144 actor=0.3845 value=0.7452 entropy=1.5298 mean_return=27.435 mean_len=84.3
[gat-train] update=69 samples=44160 fps=40.2 loss=1.1387 actor=0.5159 value=0.6379 entropy=1.5057 mean_return=27.533 mean_len=85.2
[gat-train] update=70 samples=44800 fps=40.3 loss=1.4246 actor=0.6690 value=0.7698 entropy=1.4255 mean_return=27.962 mean_len=86.2
[gat-train] update=71 samples=45440 fps=40.4 loss=1.1665 actor=0.5626 value=0.6184 entropy=1.4469 mean_return=27.814 mean_len=86.6
[gat-train] update=72 samples=46080 fps=40.5 loss=1.5490 actor=0.7786 value=0.7850 entropy=1.4535 mean_return=27.963 mean_len=87.0
[gat-train] update=73 samples=46720 fps=40.7 loss=1.2371 actor=0.6694 value=0.5833 entropy=1.5600 mean_return=28.014 mean_len=87.3
[gat-train] update=74 samples=47360 fps=40.7 loss=1.3401 actor=0.6045 value=0.7522 entropy=1.6659 mean_return=27.878 mean_len=86.6
[gat-train] update=75 samples=48000 fps=40.6 loss=1.2933 actor=0.7137 value=0.5976 entropy=1.7987 mean_return=27.878 mean_len=86.6
[gat-train] update=76 samples=48640 fps=40.8 loss=1.0453 actor=0.5893 value=0.4755 entropy=1.9480 mean_return=27.878 mean_len=86.6
[gat-train] update=77 samples=49280 fps=40.7 loss=1.1132 actor=0.5335 value=0.5994 entropy=1.9713 mean_return=27.999 mean_len=86.6
[gat-train] update=78 samples=49920 fps=40.7 loss=0.7780 actor=0.2164 value=0.5814 entropy=1.9825 mean_return=27.782 mean_len=86.0
[gat-train] update=79 samples=50560 fps=40.7 loss=0.8104 actor=0.2760 value=0.5540 entropy=1.9665 mean_return=27.855 mean_len=86.0
[gat-train] update=80 samples=51200 fps=40.6 loss=0.7217 actor=0.1120 value=0.6297 entropy=1.9983 mean_return=27.365 mean_len=84.6
[gat-train] update=81 samples=51840 fps=40.6 loss=0.5388 actor=-0.0614 value=0.6192 entropy=1.9038 mean_return=26.456 mean_len=82.0
[gat-train] update=82 samples=52480 fps=40.5 loss=0.7894 actor=0.2104 value=0.5967 entropy=1.7753 mean_return=25.869 mean_len=80.2
[gat-train] update=83 samples=53120 fps=40.6 loss=0.5767 actor=0.0024 value=0.5913 entropy=1.7093 mean_return=26.156 mean_len=81.6
[gat-train] update=84 samples=53760 fps=40.8 loss=0.5201 actor=0.0545 value=0.4808 entropy=1.5165 mean_return=26.330 mean_len=82.0
[gat-train] update=85 samples=54400 fps=40.9 loss=0.9997 actor=0.4457 value=0.5695 entropy=1.5492 mean_return=26.476 mean_len=82.4
[gat-train] update=86 samples=55040 fps=41.0 loss=1.2252 actor=0.6154 value=0.6264 entropy=1.6618 mean_return=26.555 mean_len=83.2
[gat-train] update=87 samples=55680 fps=41.1 loss=1.3647 actor=0.7718 value=0.6114 entropy=1.8535 mean_return=26.492 mean_len=83.3
[gat-train] update=88 samples=56320 fps=41.2 loss=1.6167 actor=1.0085 value=0.6287 entropy=2.0488 mean_return=26.628 mean_len=83.5
[gat-train] update=89 samples=56960 fps=41.2 loss=1.3163 actor=0.8127 value=0.5265 entropy=2.2836 mean_return=26.540 mean_len=83.7
[gat-train] update=90 samples=57600 fps=41.3 loss=1.1460 actor=0.7080 value=0.4618 entropy=2.3777 mean_return=26.574 mean_len=83.5
[gat-train] update=91 samples=58240 fps=41.5 loss=1.3382 actor=0.8038 value=0.5592 entropy=2.4801 mean_return=26.574 mean_len=83.5
[gat-train] update=92 samples=58880 fps=41.4 loss=0.9369 actor=0.4923 value=0.4699 entropy=2.5347 mean_return=26.410 mean_len=83.3
[gat-train] update=93 samples=59520 fps=41.4 loss=1.0105 actor=0.4847 value=0.5512 entropy=2.5330 mean_return=26.156 mean_len=83.1
[gat-train] update=94 samples=60160 fps=41.5 loss=0.6286 actor=0.1475 value=0.5063 entropy=2.5245 mean_return=26.078 mean_len=82.4
[gat-train] update=95 samples=60800 fps=41.4 loss=0.6753 actor=-0.0341 value=0.7340 entropy=2.4659 mean_return=25.679 mean_len=81.4
[gat-train] update=96 samples=61440 fps=41.4 loss=0.6487 actor=-0.2852 value=0.9572 entropy=2.3294 mean_return=25.080 mean_len=79.9
[gat-train] update=97 samples=62080 fps=41.2 loss=0.6524 actor=0.0605 value=0.6136 entropy=2.1714 mean_return=24.302 mean_len=78.2
[gat-train] update=98 samples=62720 fps=41.2 loss=0.8176 actor=-0.0235 value=0.8604 entropy=1.9330 mean_return=23.819 mean_len=78.3
[gat-train] update=99 samples=63360 fps=41.3 loss=0.7329 actor=0.0929 value=0.6574 entropy=1.7473 mean_return=24.286 mean_len=80.2
[gat-train] update=100 samples=64000 fps=41.3 loss=0.6109 actor=0.0547 value=0.5734 entropy=1.7232 mean_return=25.027 mean_len=81.0
[gat-train] eval update=100 torch_score=78.59 deploy_score=84.65 min=77.54 bottom10=78.49 max_regression=4.02 regressions=0 guard_rejected=0 best=82.12
[gat-train] update=101 samples=64640 fps=40.1 loss=1.0084 actor=0.4118 value=0.6154 entropy=1.8752 mean_return=25.120 mean_len=80.5
[gat-train] update=102 samples=65280 fps=40.2 loss=1.2330 actor=0.6772 value=0.5770 entropy=2.1166 mean_return=24.790 mean_len=80.2
[gat-train] update=103 samples=65920 fps=40.3 loss=1.4025 actor=0.8763 value=0.5499 entropy=2.3682 mean_return=24.869 mean_len=79.8
[gat-train] update=104 samples=66560 fps=40.5 loss=1.5549 actor=0.9672 value=0.6132 entropy=2.5589 mean_return=25.059 mean_len=80.2
[gat-train] update=105 samples=67200 fps=40.6 loss=1.1779 actor=0.7108 value=0.4940 entropy=2.6872 mean_return=25.081 mean_len=80.1
[gat-train] update=106 samples=67840 fps=40.5 loss=1.4042 actor=0.8596 value=0.5720 entropy=2.7427 mean_return=25.073 mean_len=80.2
[gat-train] update=107 samples=68480 fps=40.6 loss=0.8605 actor=0.3183 value=0.5698 entropy=2.7649 mean_return=24.865 mean_len=79.6
[gat-train] update=108 samples=69120 fps=40.7 loss=4.1856 actor=-0.1487 value=4.3620 entropy=2.7642 mean_return=24.095 mean_len=77.6
[gat-train] update=109 samples=69760 fps=40.8 loss=0.5422 actor=-0.0023 value=0.5715 entropy=2.7027 mean_return=23.590 mean_len=76.6
[gat-train] update=110 samples=70400 fps=40.9 loss=0.6982 actor=0.0179 value=0.7061 entropy=2.5704 mean_return=23.331 mean_len=75.6
[gat-train] update=111 samples=71040 fps=41.0 loss=0.6105 actor=-0.2630 value=0.8982 entropy=2.4708 mean_return=22.464 mean_len=73.3
[gat-train] update=112 samples=71680 fps=41.1 loss=0.6850 actor=-0.1301 value=0.8375 entropy=2.2328 mean_return=22.091 mean_len=72.4
[gat-train] update=113 samples=72320 fps=41.3 loss=0.6579 actor=-0.2273 value=0.9066 entropy=2.1364 mean_return=22.002 mean_len=73.0
[gat-train] update=114 samples=72960 fps=41.4 loss=0.7874 actor=-0.0093 value=0.8168 entropy=2.0182 mean_return=22.110 mean_len=74.1
[gat-train] update=115 samples=73600 fps=41.6 loss=0.8173 actor=-0.0092 value=0.8463 entropy=1.9768 mean_return=22.992 mean_len=76.1
[gat-train] update=116 samples=74240 fps=41.7 loss=1.2396 actor=0.5210 value=0.7394 entropy=2.0746 mean_return=22.937 mean_len=76.5
[gat-train] update=117 samples=74880 fps=41.9 loss=1.1721 actor=0.6562 value=0.5378 entropy=2.1980 mean_return=23.019 mean_len=77.3
[gat-train] update=118 samples=75520 fps=42.0 loss=1.3745 actor=0.8139 value=0.5838 entropy=2.3205 mean_return=22.887 mean_len=77.6
[gat-train] update=119 samples=76160 fps=42.1 loss=1.1799 actor=0.6676 value=0.5368 entropy=2.4468 mean_return=22.969 mean_len=78.0
[gat-train] update=120 samples=76800 fps=42.3 loss=1.1239 actor=0.7325 value=0.4169 entropy=2.5445 mean_return=23.011 mean_len=78.3
[gat-train] update=121 samples=77440 fps=42.4 loss=1.1666 actor=0.6240 value=0.5689 entropy=2.6292 mean_return=22.986 mean_len=77.9
[gat-train] update=122 samples=78080 fps=42.5 loss=0.9753 actor=0.1438 value=0.8576 entropy=2.6117 mean_return=23.023 mean_len=77.6
[gat-train] update=123 samples=78720 fps=42.5 loss=0.7609 actor=0.2670 value=0.5196 entropy=2.5615 mean_return=23.130 mean_len=77.2
[gat-train] update=124 samples=79360 fps=42.6 loss=0.5932 actor=-0.0873 value=0.7060 entropy=2.5442 mean_return=23.038 mean_len=76.7
[gat-train] update=125 samples=80000 fps=42.7 loss=0.8525 actor=-0.0206 value=0.8975 entropy=2.4456 mean_return=22.578 mean_len=75.3
[gat-train] update=126 samples=80640 fps=42.8 loss=0.6399 actor=0.0286 value=0.6343 entropy=2.3084 mean_return=22.796 mean_len=74.9
[gat-train] update=127 samples=81280 fps=42.9 loss=0.7206 actor=0.0591 value=0.6834 entropy=2.1892 mean_return=22.369 mean_len=73.1
[gat-train] update=128 samples=81920 fps=43.1 loss=0.4642 actor=-0.4449 value=0.9294 entropy=2.0320 mean_return=22.577 mean_len=74.1
[gat-train] update=129 samples=82560 fps=43.2 loss=0.6811 actor=-0.0236 value=0.7240 entropy=1.9268 mean_return=22.615 mean_len=75.1
[gat-train] update=130 samples=83200 fps=43.2 loss=0.7364 actor=0.0346 value=0.7203 entropy=1.8513 mean_return=23.017 mean_len=75.7
[gat-train] update=131 samples=83840 fps=43.2 loss=0.9818 actor=0.1986 value=0.8023 entropy=1.9052 mean_return=23.204 mean_len=77.0
[gat-train] update=132 samples=84480 fps=43.4 loss=1.1626 actor=0.5051 value=0.6763 entropy=1.8788 mean_return=22.896 mean_len=76.5
[gat-train] update=133 samples=85120 fps=43.3 loss=1.1708 actor=0.5647 value=0.6257 entropy=1.9647 mean_return=22.975 mean_len=77.1
[gat-train] update=134 samples=85760 fps=43.4 loss=1.1399 actor=0.6181 value=0.5417 entropy=1.9801 mean_return=23.193 mean_len=77.1
[gat-train] update=135 samples=86400 fps=43.5 loss=1.2195 actor=0.6566 value=0.5828 entropy=1.9918 mean_return=23.079 mean_len=77.1
[gat-train] update=136 samples=87040 fps=43.5 loss=1.2111 actor=0.7065 value=0.5248 entropy=2.0176 mean_return=23.332 mean_len=77.8
[gat-train] update=137 samples=87680 fps=43.5 loss=0.9856 actor=0.4113 value=0.5943 entropy=2.0096 mean_return=23.064 mean_len=77.3
[gat-train] update=138 samples=88320 fps=43.3 loss=0.9118 actor=0.4059 value=0.5258 entropy=1.9837 mean_return=22.824 mean_len=78.0
[gat-train] update=139 samples=88960 fps=43.4 loss=0.8164 actor=0.3571 value=0.4786 entropy=1.9223 mean_return=22.831 mean_len=78.3
[gat-train] update=140 samples=89600 fps=43.3 loss=0.7468 actor=0.1837 value=0.5827 entropy=1.9645 mean_return=22.697 mean_len=78.0
[gat-train] update=141 samples=90240 fps=43.2 loss=0.7352 actor=0.2393 value=0.5154 entropy=1.9471 mean_return=22.855 mean_len=78.2
[gat-train] update=142 samples=90880 fps=43.3 loss=0.4807 actor=0.0896 value=0.4104 entropy=1.9334 mean_return=23.149 mean_len=78.4
[gat-train] update=143 samples=91520 fps=43.4 loss=0.6847 actor=-0.1422 value=0.8459 entropy=1.9017 mean_return=23.618 mean_len=79.4
[gat-train] update=144 samples=92160 fps=43.2 loss=0.5443 actor=-0.0936 value=0.6559 entropy=1.7959 mean_return=24.647 mean_len=80.4
[gat-train] update=145 samples=92800 fps=43.1 loss=0.5928 actor=-0.2125 value=0.8232 entropy=1.7936 mean_return=24.912 mean_len=81.0
[gat-train] update=146 samples=93440 fps=43.2 loss=0.6292 actor=0.0266 value=0.6203 entropy=1.7682 mean_return=25.179 mean_len=81.8
[gat-train] update=147 samples=94080 fps=43.3 loss=1.3425 actor=0.6777 value=0.6829 entropy=1.8074 mean_return=24.820 mean_len=81.6
[gat-train] update=148 samples=94720 fps=43.4 loss=0.9308 actor=0.3874 value=0.5626 entropy=1.9252 mean_return=25.421 mean_len=82.4
[gat-train] update=149 samples=95360 fps=43.4 loss=1.1568 actor=0.6448 value=0.5332 entropy=2.1224 mean_return=25.348 mean_len=82.8
[gat-train] update=150 samples=96000 fps=43.5 loss=1.2458 actor=0.6154 value=0.6533 entropy=2.2910 mean_return=25.596 mean_len=83.0
[gat-train] eval update=150 torch_score=77.72 deploy_score=84.73 min=77.54 bottom10=78.99 max_regression=5.34 regressions=1 guard_rejected=1 best=82.12
[gat-train] update=151 samples=96640 fps=42.5 loss=1.0788 actor=0.6164 value=0.4870 entropy=2.4515 mean_return=25.838 mean_len=83.5
[gat-train] update=152 samples=97280 fps=42.6 loss=1.1458 actor=0.6102 value=0.5606 entropy=2.5022 mean_return=25.740 mean_len=83.2
[gat-train] update=153 samples=97920 fps=42.7 loss=1.2700 actor=0.4076 value=0.8881 entropy=2.5744 mean_return=25.771 mean_len=82.0
[gat-train] update=154 samples=98560 fps=42.7 loss=0.8266 actor=0.2662 value=0.5860 entropy=2.5594 mean_return=25.640 mean_len=81.5
[gat-train] update=155 samples=99200 fps=42.8 loss=0.7125 actor=0.1029 value=0.6350 entropy=2.5359 mean_return=25.920 mean_len=80.6
[gat-train] update=156 samples=99840 fps=42.9 loss=0.4624 actor=-0.1396 value=0.6267 entropy=2.4721 mean_return=25.706 mean_len=79.6
[gat-train] update=157 samples=100480 fps=42.9 loss=0.5614 actor=-0.1113 value=0.6972 entropy=2.4435 mean_return=25.109 mean_len=78.0
[gat-train] update=158 samples=101120 fps=42.8 loss=0.8367 actor=-0.1501 value=1.0108 entropy=2.4042 mean_return=24.362 mean_len=74.7
[gat-train] update=159 samples=101760 fps=42.9 loss=0.8327 actor=-0.2397 value=1.0952 entropy=2.2811 mean_return=23.551 mean_len=74.0
[gat-train] update=160 samples=102400 fps=43.0 loss=0.9321 actor=0.1557 value=0.7982 entropy=2.1716 mean_return=22.937 mean_len=73.9
[gat-train] update=161 samples=103040 fps=42.9 loss=0.6917 actor=-0.2767 value=0.9895 entropy=2.1093 mean_return=22.646 mean_len=75.7
[gat-train] update=162 samples=103680 fps=42.9 loss=0.9659 actor=0.0853 value=0.9022 entropy=2.1698 mean_return=22.986 mean_len=77.3
[gat-train] update=163 samples=104320 fps=42.9 loss=0.9491 actor=0.4050 value=0.5665 entropy=2.2372 mean_return=23.368 mean_len=78.0
[gat-train] update=164 samples=104960 fps=42.9 loss=0.8621 actor=0.4181 value=0.4689 entropy=2.4894 mean_return=23.481 mean_len=78.2
[gat-train] update=165 samples=105600 fps=42.9 loss=1.2059 actor=0.6151 value=0.6168 entropy=2.5959 mean_return=23.446 mean_len=78.7
[gat-train] update=166 samples=106240 fps=43.0 loss=1.0552 actor=0.5271 value=0.5546 entropy=2.6502 mean_return=23.394 mean_len=78.3
[gat-train] update=167 samples=106880 fps=43.0 loss=1.9752 actor=0.3373 value=1.6644 entropy=2.6514 mean_return=23.196 mean_len=77.2
[gat-train] update=168 samples=107520 fps=43.1 loss=0.9812 actor=0.3364 value=0.6714 entropy=2.6561 mean_return=23.031 mean_len=76.3
[gat-train] update=169 samples=108160 fps=43.2 loss=0.9526 actor=0.3510 value=0.6277 entropy=2.6196 mean_return=23.079 mean_len=76.3
[gat-train] update=170 samples=108800 fps=43.2 loss=0.9692 actor=0.4580 value=0.5372 entropy=2.6023 mean_return=23.083 mean_len=76.0
[gat-train] update=171 samples=109440 fps=43.3 loss=0.8772 actor=0.1443 value=0.7589 entropy=2.5948 mean_return=23.075 mean_len=75.6
[gat-train] update=172 samples=110080 fps=43.3 loss=0.8411 actor=-0.1077 value=0.9741 entropy=2.5273 mean_return=22.657 mean_len=73.9
[gat-train] update=173 samples=110720 fps=43.3 loss=0.6943 actor=-0.0134 value=0.7314 entropy=2.3745 mean_return=22.788 mean_len=73.5
[gat-train] update=174 samples=111360 fps=43.4 loss=0.5243 actor=-0.1284 value=0.6756 entropy=2.2873 mean_return=23.204 mean_len=74.7
[gat-train] update=175 samples=112000 fps=43.4 loss=0.9373 actor=-0.1494 value=1.1080 entropy=2.1374 mean_return=23.138 mean_len=74.4
[gat-train] update=176 samples=112640 fps=43.5 loss=0.9177 actor=-0.2918 value=1.2296 entropy=2.0060 mean_return=23.116 mean_len=75.1
[gat-train] update=177 samples=113280 fps=43.6 loss=0.6024 actor=0.1026 value=0.5193 entropy=1.9501 mean_return=23.115 mean_len=75.6
[gat-train] update=178 samples=113920 fps=43.7 loss=1.0006 actor=0.2481 value=0.7726 entropy=1.9998 mean_return=23.240 mean_len=76.0
[gat-train] update=179 samples=114560 fps=43.8 loss=1.3028 actor=0.2668 value=1.0558 entropy=1.9761 mean_return=22.915 mean_len=76.1
[gat-train] update=180 samples=115200 fps=43.9 loss=0.9554 actor=0.3633 value=0.6116 entropy=1.9489 mean_return=22.908 mean_len=76.1
[gat-train] update=181 samples=115840 fps=44.0 loss=1.0310 actor=0.4209 value=0.6300 entropy=1.9998 mean_return=22.798 mean_len=75.5
[gat-train] update=182 samples=116480 fps=44.0 loss=1.0624 actor=0.3810 value=0.7019 entropy=2.0585 mean_return=22.795 mean_len=75.9
[gat-train] update=183 samples=117120 fps=44.1 loss=0.9675 actor=0.3707 value=0.6172 entropy=2.0384 mean_return=22.670 mean_len=76.1
[gat-train] update=184 samples=117760 fps=44.2 loss=0.7377 actor=0.1992 value=0.5591 entropy=2.0585 mean_return=22.807 mean_len=76.0
[gat-train] update=185 samples=118400 fps=44.2 loss=0.9510 actor=0.3226 value=0.6488 entropy=2.0338 mean_return=23.067 mean_len=75.7
[gat-train] update=186 samples=119040 fps=44.3 loss=1.1941 actor=-0.0512 value=1.2659 entropy=2.0624 mean_return=22.851 mean_len=75.1
[gat-train] update=187 samples=119680 fps=44.3 loss=0.5575 actor=0.0473 value=0.5302 entropy=2.0036 mean_return=22.569 mean_len=75.2
[gat-train] update=188 samples=120320 fps=44.4 loss=0.8026 actor=0.1488 value=0.6729 entropy=1.9061 mean_return=23.046 mean_len=76.6
[gat-train] update=189 samples=120960 fps=44.4 loss=0.4538 actor=-0.0940 value=0.5667 entropy=1.8892 mean_return=23.628 mean_len=77.5
[gat-train] update=190 samples=121600 fps=44.5 loss=0.7110 actor=0.0345 value=0.6949 entropy=1.8386 mean_return=24.042 mean_len=78.2
[gat-train] update=191 samples=122240 fps=44.6 loss=0.7630 actor=-0.2576 value=1.0387 entropy=1.8078 mean_return=24.644 mean_len=79.5
[gat-train] update=192 samples=122880 fps=44.7 loss=0.6683 actor=0.0390 value=0.6463 entropy=1.7066 mean_return=24.645 mean_len=79.9
[gat-train] update=193 samples=123520 fps=44.7 loss=0.7001 actor=0.0872 value=0.6296 entropy=1.6681 mean_return=25.013 mean_len=80.6
[gat-train] update=194 samples=124160 fps=44.8 loss=0.7923 actor=0.1811 value=0.6280 entropy=1.6845 mean_return=25.006 mean_len=81.3
[gat-train] update=195 samples=124800 fps=44.9 loss=0.7558 actor=0.1804 value=0.5928 entropy=1.7326 mean_return=25.354 mean_len=82.0
[gat-train] update=196 samples=125440 fps=44.9 loss=0.9852 actor=0.4742 value=0.5286 entropy=1.7563 mean_return=25.612 mean_len=82.3
[gat-train] update=197 samples=126080 fps=45.0 loss=0.8723 actor=0.3101 value=0.5805 entropy=1.8381 mean_return=25.529 mean_len=82.4
[gat-train] update=198 samples=126720 fps=44.9 loss=1.0324 actor=0.3960 value=0.6563 entropy=1.9865 mean_return=26.005 mean_len=83.1
[gat-train] update=199 samples=127360 fps=44.9 loss=0.9489 actor=0.3721 value=0.5967 entropy=1.9855 mean_return=25.997 mean_len=82.9
[gat-train] update=200 samples=128000 fps=44.9 loss=0.8803 actor=0.1365 value=0.7646 entropy=2.0861 mean_return=25.969 mean_len=82.2
[gat-train] eval update=200 torch_score=77.97 deploy_score=84.38 min=80.28 bottom10=80.36 max_regression=8.56 regressions=2 guard_rejected=1 best=82.12
[gat-train] update=201 samples=128640 fps=44.1 loss=0.7196 actor=0.2109 value=0.5300 entropy=2.1427 mean_return=26.186 mean_len=82.2
[gat-train] update=202 samples=129280 fps=44.0 loss=0.9179 actor=0.3621 value=0.5779 entropy=2.2095 mean_return=26.114 mean_len=82.0
[gat-train] update=203 samples=129920 fps=44.0 loss=0.4506 actor=-0.0537 value=0.5267 entropy=2.2305 mean_return=26.359 mean_len=82.3
[gat-train] update=204 samples=130560 fps=44.1 loss=0.6420 actor=-0.0430 value=0.7065 entropy=2.1476 mean_return=25.881 mean_len=81.9
[gat-train] update=205 samples=131200 fps=44.1 loss=0.6972 actor=-0.2174 value=0.9363 entropy=2.1665 mean_return=25.269 mean_len=80.7
[gat-train] update=206 samples=131840 fps=44.2 loss=0.7440 actor=-0.3524 value=1.1168 entropy=2.0387 mean_return=25.033 mean_len=80.6
[gat-train] update=207 samples=132480 fps=44.1 loss=0.7727 actor=-0.0459 value=0.8382 entropy=1.9656 mean_return=24.493 mean_len=79.9
[gat-train] update=208 samples=133120 fps=44.0 loss=0.8044 actor=-0.0260 value=0.8495 entropy=1.9186 mean_return=24.578 mean_len=79.3
[gat-train] update=209 samples=133760 fps=44.0 loss=0.9306 actor=0.2257 value=0.7243 entropy=1.9378 mean_return=24.551 mean_len=79.7
[gat-train] update=210 samples=134400 fps=44.0 loss=0.7562 actor=-0.1075 value=0.8838 entropy=2.0127 mean_return=24.552 mean_len=79.7
[gat-train] update=211 samples=135040 fps=44.0 loss=0.9830 actor=0.2960 value=0.7072 entropy=2.0244 mean_return=24.388 mean_len=79.6
[gat-train] update=212 samples=135680 fps=44.0 loss=0.9219 actor=0.3187 value=0.6237 entropy=2.0447 mean_return=24.404 mean_len=79.6
[gat-train] update=213 samples=136320 fps=44.0 loss=0.9732 actor=0.2469 value=0.7468 entropy=2.0493 mean_return=24.228 mean_len=79.5
[gat-train] update=214 samples=136960 fps=43.9 loss=1.0720 actor=0.2244 value=0.8683 entropy=2.0721 mean_return=24.142 mean_len=79.8
[gat-train] update=215 samples=137600 fps=43.8 loss=0.9613 actor=0.2296 value=0.7518 entropy=2.0218 mean_return=24.456 mean_len=79.5
[gat-train] update=216 samples=138240 fps=43.7 loss=0.7888 actor=0.2648 value=0.5445 entropy=2.0436 mean_return=24.443 mean_len=79.6
[gat-train] update=217 samples=138880 fps=43.6 loss=0.6080 actor=0.0941 value=0.5342 entropy=2.0387 mean_return=24.429 mean_len=79.5
[gat-train] update=218 samples=139520 fps=43.6 loss=0.6868 actor=0.0014 value=0.7057 entropy=2.0231 mean_return=24.278 mean_len=79.7
[gat-train] update=219 samples=140160 fps=43.5 loss=0.8443 actor=-0.1012 value=0.9650 entropy=1.9506 mean_return=23.889 mean_len=79.1
[gat-train] update=220 samples=140800 fps=43.4 loss=0.7535 actor=-0.0716 value=0.8441 entropy=1.9033 mean_return=24.324 mean_len=79.1
[gat-train] update=221 samples=141440 fps=43.3 loss=0.6631 actor=0.0011 value=0.6806 entropy=1.8614 mean_return=24.349 mean_len=79.2
[gat-train] update=222 samples=142080 fps=43.4 loss=0.8131 actor=0.0474 value=0.7831 entropy=1.7367 mean_return=24.567 mean_len=79.3
[gat-train] update=223 samples=142720 fps=43.4 loss=0.7919 actor=-0.1243 value=0.9337 entropy=1.7483 mean_return=24.843 mean_len=80.1
[gat-train] update=224 samples=143360 fps=43.4 loss=0.6070 actor=-0.0962 value=0.7205 entropy=1.7199 mean_return=25.225 mean_len=81.1
[gat-train] update=225 samples=144000 fps=43.3 loss=1.0207 actor=-0.0870 value=1.1245 entropy=1.6808 mean_return=25.318 mean_len=81.0
[gat-train] update=226 samples=144640 fps=43.3 loss=0.8158 actor=0.0120 value=0.8205 entropy=1.6804 mean_return=25.449 mean_len=81.9
[gat-train] update=227 samples=145280 fps=43.4 loss=0.7540 actor=0.1838 value=0.5870 entropy=1.6777 mean_return=25.294 mean_len=82.0
[gat-train] update=228 samples=145920 fps=43.4 loss=0.9360 actor=0.2409 value=0.7121 entropy=1.6928 mean_return=25.515 mean_len=82.4
[gat-train] update=229 samples=146560 fps=43.4 loss=0.9376 actor=0.3588 value=0.5960 entropy=1.7128 mean_return=25.722 mean_len=82.6
[gat-train] update=230 samples=147200 fps=43.4 loss=0.9563 actor=0.3270 value=0.6466 entropy=1.7266 mean_return=25.985 mean_len=83.0
[gat-train] update=231 samples=147840 fps=43.4 loss=0.7106 actor=0.0876 value=0.6411 entropy=1.8105 mean_return=26.046 mean_len=82.9
[gat-train] update=232 samples=148480 fps=43.4 loss=0.7616 actor=0.2337 value=0.5460 entropy=1.8028 mean_return=25.961 mean_len=83.4
[gat-train] update=233 samples=149120 fps=43.3 loss=0.6066 actor=-0.0262 value=0.6510 entropy=1.8185 mean_return=26.110 mean_len=84.2
[gat-train] update=234 samples=149760 fps=43.2 loss=0.5299 actor=0.0994 value=0.4487 entropy=1.8214 mean_return=26.160 mean_len=84.2
[gat-train] update=235 samples=150400 fps=43.2 loss=0.7045 actor=-0.0157 value=0.7385 entropy=1.8287 mean_return=26.088 mean_len=83.7
[gat-train] update=236 samples=151040 fps=43.2 loss=0.5857 actor=-0.2918 value=0.8956 entropy=1.8096 mean_return=25.779 mean_len=83.1
[gat-train] update=237 samples=151680 fps=43.2 loss=0.6167 actor=0.0450 value=0.5899 entropy=1.8233 mean_return=25.593 mean_len=82.7
[gat-train] update=238 samples=152320 fps=43.1 loss=0.7781 actor=-0.0546 value=0.8494 entropy=1.6774 mean_return=25.602 mean_len=82.6
[gat-train] update=239 samples=152960 fps=43.1 loss=1.2700 actor=-0.2457 value=1.5325 entropy=1.6793 mean_return=25.615 mean_len=81.2
[gat-train] update=240 samples=153600 fps=43.1 loss=0.7745 actor=-0.1036 value=0.8946 entropy=1.6421 mean_return=25.710 mean_len=81.4
[gat-train] update=241 samples=154240 fps=43.2 loss=0.6993 actor=-0.0303 value=0.7457 entropy=1.6027 mean_return=25.858 mean_len=81.6
[gat-train] update=242 samples=154880 fps=43.2 loss=0.7210 actor=-0.0373 value=0.7739 entropy=1.5663 mean_return=26.035 mean_len=82.0
[gat-train] update=243 samples=155520 fps=43.2 loss=0.8804 actor=0.1146 value=0.7824 entropy=1.6651 mean_return=26.247 mean_len=82.6
[gat-train] update=244 samples=156160 fps=43.3 loss=0.9846 actor=-0.1515 value=1.1521 entropy=1.5986 mean_return=26.349 mean_len=83.1
[gat-train] update=245 samples=156800 fps=43.3 loss=0.9450 actor=0.3471 value=0.6146 entropy=1.6705 mean_return=26.236 mean_len=83.2
[gat-train] update=246 samples=157440 fps=43.4 loss=0.7489 actor=0.2253 value=0.5412 entropy=1.7673 mean_return=26.277 mean_len=83.3
[gat-train] update=247 samples=158080 fps=43.4 loss=1.0445 actor=0.2591 value=0.8030 entropy=1.7559 mean_return=26.302 mean_len=83.3
[gat-train] update=248 samples=158720 fps=43.5 loss=0.9014 actor=0.0687 value=0.8514 entropy=1.8747 mean_return=26.386 mean_len=83.5
[gat-train] update=249 samples=159360 fps=43.5 loss=1.1501 actor=-0.1286 value=1.2970 entropy=1.8346 mean_return=26.083 mean_len=82.2
[gat-train] update=250 samples=160000 fps=43.6 loss=0.5302 actor=0.0118 value=0.5379 entropy=1.9492 mean_return=26.230 mean_len=82.4
[gat-train] eval update=250 torch_score=83.75 deploy_score=83.94 min=72.60 bottom10=76.52 max_regression=16.24 regressions=1 guard_rejected=1 best=82.12
[gat-train] update=251 samples=160640 fps=43.0 loss=0.6527 actor=0.0906 value=0.5813 entropy=1.9171 mean_return=26.204 mean_len=82.0
[gat-train] update=252 samples=161280 fps=43.1 loss=0.9187 actor=-0.2498 value=1.1879 entropy=1.9417 mean_return=25.824 mean_len=81.8
[gat-train] update=253 samples=161920 fps=43.1 loss=0.6916 actor=-0.0511 value=0.7615 entropy=1.8700 mean_return=26.017 mean_len=82.3
[gat-train] update=254 samples=162560 fps=43.2 loss=0.5901 actor=-0.2254 value=0.8344 entropy=1.8835 mean_return=26.073 mean_len=82.0
[gat-train] update=255 samples=163200 fps=43.2 loss=0.7719 actor=-0.0742 value=0.8640 entropy=1.7888 mean_return=25.976 mean_len=81.8
[gat-train] update=256 samples=163840 fps=43.3 loss=0.8225 actor=-0.1136 value=0.9540 entropy=1.7889 mean_return=25.877 mean_len=82.9
[gat-train] update=257 samples=164480 fps=43.3 loss=0.8002 actor=-0.0232 value=0.8414 entropy=1.8033 mean_return=26.019 mean_len=83.1
[gat-train] update=258 samples=165120 fps=43.4 loss=1.2208 actor=-0.1988 value=1.4379 entropy=1.8332 mean_return=25.852 mean_len=82.6
[gat-train] update=259 samples=165760 fps=43.5 loss=0.9754 actor=-0.1385 value=1.1315 entropy=1.7606 mean_return=25.779 mean_len=82.1
[gat-train] update=260 samples=166400 fps=43.5 loss=0.7800 actor=-0.0952 value=0.8929 entropy=1.7646 mean_return=25.784 mean_len=82.0
[gat-train] update=261 samples=167040 fps=43.5 loss=0.7629 actor=0.1728 value=0.6087 entropy=1.8580 mean_return=25.688 mean_len=81.9
[gat-train] update=262 samples=167680 fps=43.5 loss=1.0956 actor=0.3582 value=0.7570 entropy=1.9618 mean_return=25.551 mean_len=81.7
[gat-train] update=263 samples=168320 fps=43.6 loss=0.9969 actor=0.3454 value=0.6722 entropy=2.0692 mean_return=25.578 mean_len=81.6
[gat-train] update=264 samples=168960 fps=43.6 loss=0.7821 actor=0.1511 value=0.6524 entropy=2.1360 mean_return=25.683 mean_len=81.5
[gat-train] update=265 samples=169600 fps=43.7 loss=0.6172 actor=0.1486 value=0.4903 entropy=2.1737 mean_return=25.469 mean_len=81.9
[gat-train] update=266 samples=170240 fps=43.6 loss=0.4987 actor=-0.0853 value=0.6056 entropy=2.1637 mean_return=25.844 mean_len=82.2
[gat-train] update=267 samples=170880 fps=43.5 loss=0.9162 actor=-0.0402 value=0.9780 entropy=2.1652 mean_return=25.644 mean_len=82.0
[gat-train] update=268 samples=171520 fps=43.5 loss=0.8946 actor=-0.2860 value=1.2018 entropy=2.1136 mean_return=25.507 mean_len=82.2
[gat-train] update=269 samples=172160 fps=43.5 loss=1.0055 actor=-0.5016 value=1.5273 entropy=2.0174 mean_return=25.429 mean_len=81.5
[gat-train] update=270 samples=172800 fps=43.5 loss=0.9076 actor=-0.1845 value=1.1110 entropy=1.8846 mean_return=25.287 mean_len=81.4
[gat-train] update=271 samples=173440 fps=43.5 loss=1.4502 actor=-0.4143 value=1.8827 entropy=1.8258 mean_return=25.058 mean_len=79.3
[gat-train] update=272 samples=174080 fps=43.5 loss=0.9350 actor=-0.2026 value=1.1565 entropy=1.8773 mean_return=24.652 mean_len=78.5
[gat-train] update=273 samples=174720 fps=43.6 loss=0.8952 actor=-0.0163 value=0.9298 entropy=1.8321 mean_return=24.837 mean_len=78.3
[gat-train] update=274 samples=175360 fps=43.6 loss=1.6877 actor=-0.5285 value=2.2350 entropy=1.8847 mean_return=24.759 mean_len=77.7
[gat-train] update=275 samples=176000 fps=43.6 loss=1.0859 actor=-0.0033 value=1.1074 entropy=1.8247 mean_return=24.855 mean_len=78.4
[gat-train] update=276 samples=176640 fps=43.6 loss=0.9980 actor=0.0254 value=0.9908 entropy=1.8260 mean_return=24.705 mean_len=79.2
[gat-train] update=277 samples=177280 fps=43.6 loss=0.9086 actor=0.1943 value=0.7327 entropy=1.8398 mean_return=24.872 mean_len=80.3
[gat-train] update=278 samples=177920 fps=43.5 loss=0.7864 actor=0.0888 value=0.7166 entropy=1.8954 mean_return=24.945 mean_len=80.4
[gat-train] update=279 samples=178560 fps=43.4 loss=0.8587 actor=0.2324 value=0.6450 entropy=1.8676 mean_return=24.883 mean_len=80.5
[gat-train] update=280 samples=179200 fps=43.5 loss=1.3404 actor=0.0599 value=1.2997 entropy=1.9180 mean_return=24.774 mean_len=80.4
[gat-train] update=281 samples=179840 fps=43.5 loss=0.7277 actor=0.1778 value=0.5687 entropy=1.8798 mean_return=24.693 mean_len=80.3
[gat-train] update=282 samples=180480 fps=43.5 loss=0.9528 actor=0.0956 value=0.8757 entropy=1.8436 mean_return=24.964 mean_len=80.5
[gat-train] update=283 samples=181120 fps=43.5 loss=0.9049 actor=-0.1152 value=1.0384 entropy=1.8265 mean_return=24.949 mean_len=80.9
[gat-train] update=284 samples=181760 fps=43.5 loss=0.7511 actor=0.0400 value=0.7292 entropy=1.8069 mean_return=25.196 mean_len=81.2
[gat-train] update=285 samples=182400 fps=43.6 loss=0.9573 actor=-0.3179 value=1.2933 entropy=1.8080 mean_return=25.254 mean_len=81.9
[gat-train] update=286 samples=183040 fps=43.6 loss=0.9645 actor=-0.3309 value=1.3132 entropy=1.7873 mean_return=25.335 mean_len=81.7
[gat-train] update=287 samples=183680 fps=43.5 loss=0.9557 actor=-0.3521 value=1.3252 entropy=1.7378 mean_return=25.803 mean_len=82.6
[gat-train] update=288 samples=184320 fps=43.5 loss=0.9070 actor=-0.3011 value=1.2251 entropy=1.7078 mean_return=25.822 mean_len=82.5
[gat-train] update=289 samples=184960 fps=43.4 loss=0.6986 actor=-0.0961 value=0.8117 entropy=1.6991 mean_return=25.735 mean_len=82.5
[gat-train] update=290 samples=185600 fps=43.4 loss=1.5463 actor=-0.2283 value=1.7912 entropy=1.6557 mean_return=26.095 mean_len=81.9
[gat-train] update=291 samples=186240 fps=43.4 loss=0.9112 actor=-0.1878 value=1.1156 entropy=1.6572 mean_return=26.542 mean_len=82.7
[gat-train] update=292 samples=186880 fps=43.5 loss=0.7550 actor=0.0426 value=0.7287 entropy=1.6215 mean_return=26.838 mean_len=82.5
[gat-train] update=293 samples=187520 fps=43.5 loss=1.0413 actor=0.0552 value=1.0024 entropy=1.6262 mean_return=26.758 mean_len=83.1
[gat-train] update=294 samples=188160 fps=43.5 loss=0.8480 actor=0.3062 value=0.5582 entropy=1.6381 mean_return=26.482 mean_len=82.6
[gat-train] update=295 samples=188800 fps=43.6 loss=0.8485 actor=0.1422 value=0.7223 entropy=1.5989 mean_return=26.611 mean_len=83.2
[gat-train] update=296 samples=189440 fps=43.6 loss=0.7045 actor=0.1644 value=0.5563 entropy=1.6289 mean_return=26.657 mean_len=83.3
[gat-train] update=297 samples=190080 fps=43.6 loss=1.0941 actor=-0.0103 value=1.1211 entropy=1.6734 mean_return=26.556 mean_len=83.0
[gat-train] update=298 samples=190720 fps=43.6 loss=0.7230 actor=-0.0451 value=0.7845 entropy=1.6373 mean_return=26.780 mean_len=83.7
[gat-train] update=299 samples=191360 fps=43.6 loss=0.6872 actor=-0.0048 value=0.7078 entropy=1.5846 mean_return=26.697 mean_len=83.4
[gat-train] update=300 samples=192000 fps=43.6 loss=0.7423 actor=0.1861 value=0.5715 entropy=1.5292 mean_return=26.512 mean_len=83.5
[gat-train] eval update=300 torch_score=77.39 deploy_score=84.08 min=80.28 bottom10=80.36 max_regression=10.95 regressions=2 guard_rejected=1 best=82.12
[gat-train] update=301 samples=192640 fps=43.1 loss=0.7972 actor=-0.0191 value=0.8313 entropy=1.4991 mean_return=26.488 mean_len=84.1
[gat-train] update=302 samples=193280 fps=43.1 loss=0.8970 actor=-0.3987 value=1.3100 entropy=1.4253 mean_return=26.076 mean_len=83.2
[gat-train] update=303 samples=193920 fps=43.0 loss=0.9251 actor=-0.3563 value=1.2961 entropy=1.4679 mean_return=26.159 mean_len=82.5
[gat-train] update=304 samples=194560 fps=42.9 loss=0.7634 actor=-0.3920 value=1.1703 entropy=1.4924 mean_return=26.593 mean_len=83.3
[gat-train] update=305 samples=195200 fps=42.9 loss=0.9990 actor=-0.4148 value=1.4292 entropy=1.5386 mean_return=26.867 mean_len=83.3
[gat-train] update=306 samples=195840 fps=43.0 loss=0.8341 actor=0.0603 value=0.7892 entropy=1.5293 mean_return=26.758 mean_len=83.5
[gat-train] update=307 samples=196480 fps=43.0 loss=1.0395 actor=-0.0527 value=1.1080 entropy=1.5825 mean_return=27.365 mean_len=84.5
[gat-train] update=308 samples=197120 fps=43.1 loss=0.9486 actor=0.1606 value=0.8032 entropy=1.5149 mean_return=27.413 mean_len=84.7
[gat-train] update=309 samples=197760 fps=43.1 loss=1.0159 actor=-0.0207 value=1.0525 entropy=1.5855 mean_return=27.479 mean_len=85.5
[gat-train] update=310 samples=198400 fps=43.2 loss=1.0173 actor=-0.0487 value=1.0818 entropy=1.5707 mean_return=27.381 mean_len=84.9
[gat-train] update=311 samples=199040 fps=43.2 loss=0.8113 actor=0.0380 value=0.7887 entropy=1.5409 mean_return=27.692 mean_len=85.4
[gat-train] update=312 samples=199680 fps=43.3 loss=0.6682 actor=0.0674 value=0.6160 entropy=1.5192 mean_return=27.912 mean_len=85.5
[gat-train] update=313 samples=200320 fps=43.3 loss=0.6562 actor=0.1584 value=0.5137 entropy=1.5857 mean_return=27.955 mean_len=85.9
[gat-train] update=314 samples=200960 fps=43.3 loss=0.8319 actor=0.0568 value=0.7904 entropy=1.5214 mean_return=28.455 mean_len=85.7
[gat-train] update=315 samples=201600 fps=43.4 loss=1.2233 actor=0.0341 value=1.2045 entropy=1.5278 mean_return=28.035 mean_len=85.4
[gat-train] update=316 samples=202240 fps=43.4 loss=0.7574 actor=-0.0125 value=0.7848 entropy=1.4871 mean_return=27.698 mean_len=84.7
[gat-train] update=317 samples=202880 fps=43.4 loss=1.0043 actor=-0.1989 value=1.2182 entropy=1.5038 mean_return=27.816 mean_len=84.0
[gat-train] update=318 samples=203520 fps=43.4 loss=0.7686 actor=-0.3447 value=1.1280 entropy=1.4712 mean_return=27.551 mean_len=83.2
[gat-train] update=319 samples=204160 fps=43.5 loss=1.1322 actor=-0.3830 value=1.5307 entropy=1.5466 mean_return=27.413 mean_len=82.7
[gat-train] update=320 samples=204800 fps=43.5 loss=0.6400 actor=-0.4107 value=1.0657 entropy=1.5041 mean_return=27.303 mean_len=82.6
[gat-train] update=321 samples=205440 fps=43.5 loss=0.8593 actor=-0.2889 value=1.1636 entropy=1.5469 mean_return=27.242 mean_len=82.4
[gat-train] update=322 samples=206080 fps=43.6 loss=1.1229 actor=-0.3810 value=1.5186 entropy=1.4684 mean_return=27.412 mean_len=83.6
[gat-train] update=323 samples=206720 fps=43.6 loss=1.0153 actor=-0.1397 value=1.1698 entropy=1.4737 mean_return=27.305 mean_len=82.8
[gat-train] update=324 samples=207360 fps=43.7 loss=0.8572 actor=-0.0396 value=0.9112 entropy=1.4449 mean_return=27.209 mean_len=83.7
[gat-train] update=325 samples=208000 fps=43.7 loss=1.0810 actor=-0.3344 value=1.4300 entropy=1.4539 mean_return=26.697 mean_len=83.1
[gat-train] update=326 samples=208640 fps=43.7 loss=0.8638 actor=0.1430 value=0.7350 entropy=1.4213 mean_return=26.885 mean_len=83.4
[gat-train] update=327 samples=209280 fps=43.8 loss=1.0894 actor=0.0615 value=1.0422 entropy=1.4227 mean_return=27.134 mean_len=83.5
[gat-train] update=328 samples=209920 fps=43.7 loss=0.9241 actor=-0.1233 value=1.0617 entropy=1.4330 mean_return=27.218 mean_len=83.1
[gat-train] update=329 samples=210560 fps=43.7 loss=0.9549 actor=0.0706 value=0.8980 entropy=1.3756 mean_return=27.038 mean_len=83.1
[gat-train] update=330 samples=211200 fps=43.6 loss=0.8830 actor=0.1058 value=0.7917 entropy=1.4516 mean_return=27.059 mean_len=83.3
[gat-train] update=331 samples=211840 fps=43.6 loss=1.0265 actor=-0.0273 value=1.0686 entropy=1.4736 mean_return=26.899 mean_len=82.8
[gat-train] update=332 samples=212480 fps=43.7 loss=0.6187 actor=-0.0641 value=0.6976 entropy=1.4737 mean_return=26.915 mean_len=82.3
[gat-train] update=333 samples=213120 fps=43.7 loss=0.8676 actor=0.0148 value=0.8678 entropy=1.5099 mean_return=26.758 mean_len=82.5
[gat-train] update=334 samples=213760 fps=43.7 loss=1.1407 actor=-0.1878 value=1.3442 entropy=1.5751 mean_return=26.755 mean_len=82.5
[gat-train] update=335 samples=214400 fps=43.7 loss=0.9186 actor=-0.2755 value=1.2099 entropy=1.5801 mean_return=26.663 mean_len=82.4
[gat-train] update=336 samples=215040 fps=43.6 loss=0.8157 actor=-0.2516 value=1.0836 entropy=1.6319 mean_return=26.442 mean_len=82.2
[gat-train] update=337 samples=215680 fps=43.6 loss=1.0843 actor=-0.3803 value=1.4812 entropy=1.6618 mean_return=26.977 mean_len=83.1
[gat-train] update=338 samples=216320 fps=43.5 loss=0.9267 actor=-0.1788 value=1.1220 entropy=1.6507 mean_return=26.801 mean_len=83.1
[gat-train] update=339 samples=216960 fps=43.6 loss=1.1032 actor=-0.5081 value=1.6284 entropy=1.7081 mean_return=26.831 mean_len=83.4
[gat-train] update=340 samples=217600 fps=43.6 loss=0.8632 actor=-0.0904 value=0.9707 entropy=1.7006 mean_return=26.763 mean_len=83.8
[gat-train] update=341 samples=218240 fps=43.5 loss=0.9566 actor=-0.0116 value=0.9846 entropy=1.6402 mean_return=26.729 mean_len=83.6
[gat-train] update=342 samples=218880 fps=43.6 loss=1.0329 actor=-0.0571 value=1.1070 entropy=1.6939 mean_return=26.823 mean_len=84.2
[gat-train] update=343 samples=219520 fps=43.6 loss=1.2599 actor=0.1213 value=1.1555 entropy=1.6847 mean_return=26.654 mean_len=84.1
[gat-train] update=344 samples=220160 fps=43.6 loss=1.0910 actor=-0.0998 value=1.2081 entropy=1.7266 mean_return=26.672 mean_len=83.9
[gat-train] update=345 samples=220800 fps=43.5 loss=1.0031 actor=0.0609 value=0.9602 entropy=1.7973 mean_return=27.074 mean_len=84.1
[gat-train] update=346 samples=221440 fps=43.4 loss=0.7709 actor=0.1333 value=0.6549 entropy=1.7398 mean_return=26.928 mean_len=84.3
[gat-train] update=347 samples=222080 fps=43.4 loss=0.5582 actor=-0.0796 value=0.6559 entropy=1.8016 mean_return=26.979 mean_len=84.4
[gat-train] update=348 samples=222720 fps=43.4 loss=1.0446 actor=-0.0344 value=1.0974 entropy=1.8337 mean_return=26.692 mean_len=83.9
[gat-train] update=349 samples=223360 fps=43.4 loss=0.8635 actor=-0.1224 value=1.0041 entropy=1.8202 mean_return=26.565 mean_len=83.8
[gat-train] update=350 samples=224000 fps=43.4 loss=0.8872 actor=-0.1913 value=1.0963 entropy=1.7826 mean_return=26.346 mean_len=83.4
[gat-train] eval update=350 torch_score=77.54 deploy_score=83.04 min=76.82 bottom10=77.96 max_regression=10.19 regressions=3 guard_rejected=1 best=82.12
[gat-train] update=351 samples=224640 fps=43.0 loss=1.0259 actor=-0.0681 value=1.1123 entropy=1.8310 mean_return=26.213 mean_len=82.7
[gat-train] update=352 samples=225280 fps=43.0 loss=0.8262 actor=-0.2518 value=1.0953 entropy=1.7319 mean_return=26.516 mean_len=83.1
[gat-train] update=353 samples=225920 fps=43.1 loss=0.5425 actor=-0.3088 value=0.8688 entropy=1.7568 mean_return=26.345 mean_len=83.6
[gat-train] update=354 samples=226560 fps=43.1 loss=1.1536 actor=-0.4779 value=1.6489 entropy=1.7372 mean_return=26.419 mean_len=83.4
[gat-train] update=355 samples=227200 fps=43.1 loss=1.3423 actor=-0.5302 value=1.8895 entropy=1.6984 mean_return=26.631 mean_len=83.9
[gat-train] update=356 samples=227840 fps=43.2 loss=0.7897 actor=-0.2319 value=1.0380 entropy=1.6473 mean_return=26.657 mean_len=84.3
[gat-train] update=357 samples=228480 fps=43.2 loss=0.8791 actor=-0.1371 value=1.0323 entropy=1.6067 mean_return=26.757 mean_len=84.6
[gat-train] update=358 samples=229120 fps=43.2 loss=1.1600 actor=-0.3100 value=1.4859 entropy=1.5870 mean_return=26.498 mean_len=83.6
[gat-train] update=359 samples=229760 fps=43.2 loss=1.1355 actor=-0.3128 value=1.4641 entropy=1.5884 mean_return=26.478 mean_len=84.2
[gat-train] update=360 samples=230400 fps=43.2 loss=0.7029 actor=-0.0352 value=0.7536 entropy=1.5535 mean_return=26.482 mean_len=84.2
[gat-train] update=361 samples=231040 fps=43.2 loss=1.0798 actor=-0.0790 value=1.1746 entropy=1.5746 mean_return=26.288 mean_len=84.0
[gat-train] update=362 samples=231680 fps=43.1 loss=0.7554 actor=-0.0635 value=0.8342 entropy=1.5296 mean_return=26.481 mean_len=83.7
[gat-train] update=363 samples=232320 fps=43.2 loss=0.8138 actor=-0.0863 value=0.9152 entropy=1.5164 mean_return=26.239 mean_len=83.3
[gat-train] update=364 samples=232960 fps=43.2 loss=0.8753 actor=-0.0566 value=0.9466 entropy=1.4684 mean_return=26.064 mean_len=82.6
[gat-train] update=365 samples=233600 fps=43.2 loss=1.0771 actor=-0.0113 value=1.1040 entropy=1.5637 mean_return=26.085 mean_len=82.7
[gat-train] update=366 samples=234240 fps=43.2 loss=0.8873 actor=-0.1784 value=1.0814 entropy=1.5645 mean_return=26.054 mean_len=82.7
[gat-train] update=367 samples=234880 fps=43.2 loss=0.5946 actor=-0.0302 value=0.6407 entropy=1.5924 mean_return=26.407 mean_len=82.8
[gat-train] update=368 samples=235520 fps=43.2 loss=0.9202 actor=-0.2525 value=1.1889 entropy=1.6214 mean_return=26.344 mean_len=82.6
[gat-train] update=369 samples=236160 fps=43.2 loss=1.3384 actor=-0.2429 value=1.5969 entropy=1.5592 mean_return=26.264 mean_len=82.1
[gat-train] update=370 samples=236800 fps=43.3 loss=0.6526 actor=-0.3980 value=1.0671 entropy=1.6442 mean_return=26.536 mean_len=82.2
[gat-train] update=371 samples=237440 fps=43.3 loss=0.9375 actor=-0.5090 value=1.4636 entropy=1.7113 mean_return=27.032 mean_len=83.9
[gat-train] update=372 samples=238080 fps=43.3 loss=1.1179 actor=-0.2898 value=1.4244 entropy=1.6707 mean_return=26.932 mean_len=83.8
[gat-train] update=373 samples=238720 fps=43.4 loss=1.0586 actor=-0.2930 value=1.3684 entropy=1.6784 mean_return=26.944 mean_len=84.0
[gat-train] update=374 samples=239360 fps=43.4 loss=1.0319 actor=0.0211 value=1.0274 entropy=1.6556 mean_return=26.906 mean_len=85.1
[gat-train] update=375 samples=240000 fps=43.4 loss=1.3491 actor=-0.2123 value=1.5779 entropy=1.6460 mean_return=26.769 mean_len=84.6
[gat-train] update=376 samples=240640 fps=43.5 loss=1.1080 actor=-0.1097 value=1.2344 entropy=1.6639 mean_return=26.705 mean_len=84.2
[gat-train] update=377 samples=241280 fps=43.5 loss=0.9832 actor=-0.1297 value=1.1301 entropy=1.7291 mean_return=26.710 mean_len=84.3
[gat-train] update=378 samples=241920 fps=43.5 loss=0.7980 actor=0.0459 value=0.7686 entropy=1.6559 mean_return=27.173 mean_len=84.6
[gat-train] update=379 samples=242560 fps=43.6 loss=0.9531 actor=0.0653 value=0.9055 entropy=1.7801 mean_return=27.120 mean_len=84.3
[gat-train] update=380 samples=243200 fps=43.6 loss=1.0801 actor=0.1181 value=0.9802 entropy=1.8186 mean_return=27.416 mean_len=84.5
[gat-train] update=381 samples=243840 fps=43.6 loss=1.2527 actor=-0.0327 value=1.3037 entropy=1.8321 mean_return=27.355 mean_len=83.8
[gat-train] update=382 samples=244480 fps=43.6 loss=1.0968 actor=-0.0996 value=1.2154 entropy=1.8935 mean_return=27.154 mean_len=83.6
[gat-train] update=383 samples=245120 fps=43.7 loss=1.0214 actor=-0.3686 value=1.4088 entropy=1.8839 mean_return=26.752 mean_len=82.7
[gat-train] update=384 samples=245760 fps=43.7 loss=0.9059 actor=-0.1221 value=1.0462 entropy=1.8326 mean_return=26.663 mean_len=82.3
[gat-train] update=385 samples=246400 fps=43.7 loss=1.1181 actor=0.0078 value=1.1285 entropy=1.8307 mean_return=26.500 mean_len=82.0
[gat-train] update=386 samples=247040 fps=43.8 loss=0.8580 actor=-0.1690 value=1.0453 entropy=1.8354 mean_return=26.276 mean_len=81.8
[gat-train] update=387 samples=247680 fps=43.8 loss=0.9673 actor=-0.6002 value=1.5853 entropy=1.7833 mean_return=25.863 mean_len=81.2
[gat-train] update=388 samples=248320 fps=43.8 loss=0.9820 actor=-0.6820 value=1.6817 entropy=1.7679 mean_return=25.884 mean_len=81.7
[gat-train] update=389 samples=248960 fps=43.8 loss=1.3393 actor=-0.4964 value=1.8531 entropy=1.7429 mean_return=26.095 mean_len=82.3
[gat-train] update=390 samples=249600 fps=43.9 loss=1.1830 actor=-0.3677 value=1.5675 entropy=1.6815 mean_return=26.028 mean_len=82.9
[gat-train] update=391 samples=250240 fps=43.9 loss=0.8400 actor=-0.2978 value=1.1541 entropy=1.6291 mean_return=26.230 mean_len=83.3
[gat-train] update=392 samples=250880 fps=44.0 loss=1.0025 actor=-0.1311 value=1.1490 entropy=1.5426 mean_return=26.361 mean_len=83.4
[gat-train] update=393 samples=251520 fps=44.0 loss=1.0964 actor=-0.2287 value=1.3410 entropy=1.5889 mean_return=25.971 mean_len=83.2
[gat-train] update=394 samples=252160 fps=44.0 loss=0.6936 actor=-0.0804 value=0.7901 entropy=1.6034 mean_return=26.244 mean_len=83.5
[gat-train] update=395 samples=252800 fps=44.0 loss=0.8007 actor=0.0338 value=0.7827 entropy=1.5743 mean_return=26.405 mean_len=83.7
[gat-train] update=396 samples=253440 fps=43.9 loss=0.8732 actor=-0.2114 value=1.1002 entropy=1.5556 mean_return=26.632 mean_len=83.4
[gat-train] update=397 samples=254080 fps=43.9 loss=0.9164 actor=-0.1062 value=1.0382 entropy=1.5657 mean_return=26.385 mean_len=83.0
[gat-train] update=398 samples=254720 fps=43.9 loss=0.7690 actor=0.1197 value=0.6651 entropy=1.5761 mean_return=26.472 mean_len=83.2
[gat-train] update=399 samples=255360 fps=44.0 loss=0.9514 actor=-0.1357 value=1.1026 entropy=1.5411 mean_return=26.624 mean_len=83.5
[gat-train] update=400 samples=256000 fps=44.0 loss=0.8357 actor=-0.1621 value=1.0134 entropy=1.5686 mean_return=26.450 mean_len=83.1
[gat-train] eval update=400 torch_score=77.61 deploy_score=83.60 min=79.10 bottom10=79.63 max_regression=6.27 regressions=3 guard_rejected=1 best=82.12
[gat-train] update=401 samples=256640 fps=43.6 loss=0.8577 actor=-0.2089 value=1.0830 entropy=1.6359 mean_return=26.749 mean_len=83.0
[gat-train] update=402 samples=257280 fps=43.6 loss=0.9726 actor=-0.2164 value=1.2053 entropy=1.6308 mean_return=26.565 mean_len=82.4
[gat-train] update=403 samples=257920 fps=43.6 loss=1.0910 actor=-0.2999 value=1.4066 entropy=1.5687 mean_return=26.345 mean_len=81.8
[gat-train] update=404 samples=258560 fps=43.6 loss=1.1650 actor=-0.3796 value=1.5598 entropy=1.5191 mean_return=26.766 mean_len=82.4
[gat-train] update=405 samples=259200 fps=43.6 loss=0.7298 actor=-0.0781 value=0.8226 entropy=1.4661 mean_return=26.949 mean_len=82.7
[gat-train] update=406 samples=259840 fps=43.6 loss=1.2365 actor=-0.4565 value=1.7082 entropy=1.5199 mean_return=27.023 mean_len=82.5
[gat-train] update=407 samples=260480 fps=43.6 loss=0.8787 actor=-0.1800 value=1.0741 entropy=1.5403 mean_return=26.861 mean_len=83.5
[gat-train] update=408 samples=261120 fps=43.5 loss=0.6640 actor=-0.3172 value=0.9964 entropy=1.5208 mean_return=27.167 mean_len=84.3
[gat-train] update=409 samples=261760 fps=43.6 loss=0.8976 actor=-0.2004 value=1.1128 entropy=1.4813 mean_return=26.650 mean_len=83.9
[gat-train] update=410 samples=262400 fps=43.6 loss=0.9884 actor=-0.2851 value=1.2883 entropy=1.4789 mean_return=26.495 mean_len=83.9
[gat-train] update=411 samples=263040 fps=43.6 loss=0.6281 actor=-0.0437 value=0.6858 entropy=1.4040 mean_return=26.670 mean_len=83.8
[gat-train] update=412 samples=263680 fps=43.6 loss=0.7228 actor=-0.0023 value=0.7395 entropy=1.4434 mean_return=27.076 mean_len=84.7
[gat-train] update=413 samples=264320 fps=43.6 loss=0.9635 actor=-0.1036 value=1.0811 entropy=1.4046 mean_return=27.331 mean_len=84.8
[gat-train] update=414 samples=264960 fps=43.6 loss=0.5755 actor=-0.1849 value=0.7747 entropy=1.4329 mean_return=27.694 mean_len=85.0
[gat-train] update=415 samples=265600 fps=43.6 loss=1.0137 actor=-0.0625 value=1.0913 entropy=1.5036 mean_return=27.752 mean_len=85.3
[gat-train] update=416 samples=266240 fps=43.5 loss=0.7002 actor=-0.1514 value=0.8668 entropy=1.5216 mean_return=27.624 mean_len=84.5
[gat-train] update=417 samples=266880 fps=43.5 loss=0.6411 actor=-0.0641 value=0.7207 entropy=1.5564 mean_return=28.052 mean_len=84.7
[gat-train] update=418 samples=267520 fps=43.4 loss=1.0924 actor=-0.1771 value=1.2845 entropy=1.4999 mean_return=28.234 mean_len=85.0
[gat-train] update=419 samples=268160 fps=43.4 loss=1.1140 actor=-0.0856 value=1.2144 entropy=1.4785 mean_return=27.678 mean_len=84.3
[gat-train] update=420 samples=268800 fps=43.4 loss=2.5965 actor=-0.5389 value=3.1510 entropy=1.5642 mean_return=26.749 mean_len=82.9
[gat-train] update=421 samples=269440 fps=43.5 loss=0.9031 actor=-0.3070 value=1.2257 entropy=1.5623 mean_return=26.913 mean_len=82.9
[gat-train] update=422 samples=270080 fps=43.5 loss=1.0038 actor=-0.1955 value=1.2150 entropy=1.5670 mean_return=26.966 mean_len=83.3
[gat-train] update=423 samples=270720 fps=43.5 loss=0.7071 actor=-0.1721 value=0.8945 entropy=1.5265 mean_return=26.971 mean_len=83.8
[gat-train] update=424 samples=271360 fps=43.4 loss=1.2269 actor=-0.1900 value=1.4317 entropy=1.4814 mean_return=27.051 mean_len=84.2
[gat-train] update=425 samples=272000 fps=43.4 loss=0.7830 actor=-0.0313 value=0.8290 entropy=1.4726 mean_return=27.471 mean_len=84.8
[gat-train] update=426 samples=272640 fps=43.4 loss=0.8393 actor=-0.1850 value=1.0390 entropy=1.4786 mean_return=28.015 mean_len=85.7
[gat-train] update=427 samples=273280 fps=43.4 loss=0.8698 actor=-0.2739 value=1.1586 entropy=1.4882 mean_return=28.212 mean_len=86.8
[gat-train] update=428 samples=273920 fps=43.4 loss=1.0494 actor=-0.2056 value=1.2693 entropy=1.4349 mean_return=27.752 mean_len=85.5
[gat-train] update=429 samples=274560 fps=43.3 loss=0.8383 actor=0.0378 value=0.8147 entropy=1.4093 mean_return=27.721 mean_len=86.0
[gat-train] update=430 samples=275200 fps=43.4 loss=0.9958 actor=-0.2081 value=1.2185 entropy=1.4626 mean_return=28.134 mean_len=85.6
[gat-train] update=431 samples=275840 fps=43.4 loss=0.7830 actor=-0.0457 value=0.8424 entropy=1.3745 mean_return=27.882 mean_len=85.2
[gat-train] update=432 samples=276480 fps=43.3 loss=1.0496 actor=-0.1663 value=1.2298 entropy=1.3965 mean_return=27.380 mean_len=84.1
[gat-train] update=433 samples=277120 fps=43.3 loss=1.0304 actor=-0.1518 value=1.1959 entropy=1.3820 mean_return=27.496 mean_len=83.9
[gat-train] update=434 samples=277760 fps=43.3 loss=0.8585 actor=-0.2997 value=1.1732 entropy=1.4874 mean_return=27.143 mean_len=83.4
[gat-train] update=435 samples=278400 fps=43.3 loss=1.5510 actor=-0.1961 value=1.7625 entropy=1.5458 mean_return=26.996 mean_len=82.2
[gat-train] update=436 samples=279040 fps=43.3 loss=0.8654 actor=-0.3013 value=1.1823 entropy=1.5569 mean_return=27.048 mean_len=81.7
[gat-train] update=437 samples=279680 fps=43.3 loss=1.1046 actor=-0.4116 value=1.5318 entropy=1.5532 mean_return=27.298 mean_len=82.3
[gat-train] update=438 samples=280320 fps=43.3 loss=0.8594 actor=-0.0526 value=0.9278 entropy=1.5856 mean_return=27.376 mean_len=82.7
[gat-train] update=439 samples=280960 fps=43.4 loss=0.9052 actor=-0.2001 value=1.1211 entropy=1.5715 mean_return=27.237 mean_len=82.1
[gat-train] update=440 samples=281600 fps=43.4 loss=1.1435 actor=-0.3924 value=1.5517 entropy=1.5800 mean_return=27.346 mean_len=82.7
[gat-train] update=441 samples=282240 fps=43.4 loss=4.4639 actor=-0.4770 value=4.9575 entropy=1.6650 mean_return=27.616 mean_len=83.4
[gat-train] update=442 samples=282880 fps=43.5 loss=1.3653 actor=-0.3524 value=1.7341 entropy=1.6409 mean_return=27.095 mean_len=83.1
[gat-train] update=443 samples=283520 fps=43.5 loss=0.6587 actor=-0.0457 value=0.7208 entropy=1.6370 mean_return=26.820 mean_len=83.0
[gat-train] update=444 samples=284160 fps=43.5 loss=1.1627 actor=-0.2088 value=1.3883 entropy=1.6867 mean_return=26.838 mean_len=83.0
[gat-train] update=445 samples=284800 fps=43.5 loss=1.1708 actor=-0.0677 value=1.2560 entropy=1.7475 mean_return=26.822 mean_len=83.4
[gat-train] update=446 samples=285440 fps=43.6 loss=0.9028 actor=-0.1055 value=1.0266 entropy=1.8265 mean_return=27.167 mean_len=84.0
[gat-train] update=447 samples=286080 fps=43.6 loss=1.1427 actor=-0.2798 value=1.4405 entropy=1.7952 mean_return=26.609 mean_len=83.4
[gat-train] update=448 samples=286720 fps=43.6 loss=0.7523 actor=-0.1420 value=0.9133 entropy=1.9064 mean_return=26.717 mean_len=83.8
[gat-train] update=449 samples=287360 fps=43.6 loss=1.1964 actor=-0.4179 value=1.6336 entropy=1.9296 mean_return=26.830 mean_len=82.8
[gat-train] update=450 samples=288000 fps=43.7 loss=1.3523 actor=-0.3748 value=1.7458 entropy=1.8762 mean_return=26.306 mean_len=82.1
[gat-train] eval update=450 torch_score=85.13 deploy_score=83.43 min=77.54 bottom10=78.64 max_regression=8.84 regressions=4 guard_rejected=1 best=82.12
[gat-train] update=451 samples=288640 fps=43.4 loss=1.0710 actor=-0.4094 value=1.4992 entropy=1.8881 mean_return=26.021 mean_len=81.2
[gat-train] update=452 samples=289280 fps=43.4 loss=0.8020 actor=-0.0767 value=0.8975 entropy=1.8826 mean_return=25.888 mean_len=80.8
[gat-train] update=453 samples=289920 fps=43.4 loss=1.0781 actor=-0.4624 value=1.5594 entropy=1.8817 mean_return=25.904 mean_len=80.6
[gat-train] update=454 samples=290560 fps=43.4 loss=1.1205 actor=0.0183 value=1.1205 entropy=1.8212 mean_return=26.139 mean_len=81.2
[gat-train] update=455 samples=291200 fps=43.4 loss=0.8576 actor=-0.4547 value=1.3304 entropy=1.8092 mean_return=26.082 mean_len=81.6
[gat-train] update=456 samples=291840 fps=43.4 loss=1.4734 actor=-0.2798 value=1.7705 entropy=1.7319 mean_return=25.887 mean_len=80.8
[gat-train] update=457 samples=292480 fps=43.4 loss=0.9380 actor=-0.2358 value=1.1902 entropy=1.6295 mean_return=26.129 mean_len=81.6
[gat-train] update=458 samples=293120 fps=43.4 loss=1.0067 actor=-0.3301 value=1.3528 entropy=1.5994 mean_return=26.404 mean_len=82.6
[gat-train] update=459 samples=293760 fps=43.4 loss=0.9437 actor=-0.4700 value=1.4299 entropy=1.6228 mean_return=26.366 mean_len=82.8
[gat-train] update=460 samples=294400 fps=43.3 loss=0.8587 actor=-0.0550 value=0.9299 entropy=1.6229 mean_return=26.174 mean_len=82.5
[gat-train] update=461 samples=295040 fps=43.3 loss=0.9956 actor=0.0188 value=0.9924 entropy=1.5633 mean_return=25.908 mean_len=82.4
[gat-train] update=462 samples=295680 fps=43.2 loss=1.2462 actor=-0.2297 value=1.4918 entropy=1.5824 mean_return=25.696 mean_len=82.9
[gat-train] update=463 samples=296320 fps=43.2 loss=0.8808 actor=-0.2391 value=1.1360 entropy=1.6140 mean_return=25.870 mean_len=83.1
[gat-train] update=464 samples=296960 fps=43.2 loss=1.3802 actor=-0.5365 value=1.9328 entropy=1.6142 mean_return=25.470 mean_len=82.4
[gat-train] update=465 samples=297600 fps=43.2 loss=1.2571 actor=-0.2215 value=1.4951 entropy=1.6446 mean_return=25.647 mean_len=82.5
[gat-train] update=466 samples=298240 fps=43.2 loss=0.6395 actor=-0.2625 value=0.9179 entropy=1.5964 mean_return=25.637 mean_len=82.0
[gat-train] update=467 samples=298880 fps=43.2 loss=0.5822 actor=-0.3236 value=0.9218 entropy=1.6038 mean_return=25.994 mean_len=82.7
[gat-train] update=468 samples=299520 fps=43.2 loss=0.6956 actor=-0.1271 value=0.8379 entropy=1.5260 mean_return=26.630 mean_len=83.8
[gat-train] update=469 samples=300160 fps=43.2 loss=0.7324 actor=-0.1407 value=0.8883 entropy=1.5161 mean_return=26.977 mean_len=83.9
[gat-train] update=470 samples=300800 fps=43.2 loss=0.7025 actor=-0.3477 value=1.0657 entropy=1.5417 mean_return=27.253 mean_len=83.8
[gat-train] update=471 samples=301440 fps=43.2 loss=1.2901 actor=-0.1893 value=1.4943 entropy=1.4955 mean_return=27.767 mean_len=83.7
[gat-train] update=472 samples=302080 fps=43.1 loss=0.5916 actor=-0.2399 value=0.8466 entropy=1.5058 mean_return=27.867 mean_len=83.9
[gat-train] update=473 samples=302720 fps=43.2 loss=1.0050 actor=-0.2552 value=1.2754 entropy=1.5143 mean_return=27.637 mean_len=84.0
[gat-train] update=474 samples=303360 fps=43.1 loss=1.0491 actor=-0.1674 value=1.2315 entropy=1.5038 mean_return=27.554 mean_len=83.9
[gat-train] update=475 samples=304000 fps=43.1 loss=0.5552 actor=-0.2562 value=0.8264 entropy=1.5011 mean_return=27.537 mean_len=83.8
[gat-train] update=476 samples=304640 fps=43.1 loss=1.0460 actor=-0.2660 value=1.3271 entropy=1.5194 mean_return=26.974 mean_len=83.3
[gat-train] update=477 samples=305280 fps=43.1 loss=0.8943 actor=-0.0196 value=0.9288 entropy=1.4903 mean_return=26.905 mean_len=84.0
[gat-train] update=478 samples=305920 fps=43.0 loss=1.0943 actor=-0.3951 value=1.5042 entropy=1.4765 mean_return=26.823 mean_len=84.1
[gat-train] update=479 samples=306560 fps=43.0 loss=1.1211 actor=-0.2587 value=1.3948 entropy=1.4907 mean_return=26.924 mean_len=83.5
[gat-train] update=480 samples=307200 fps=43.0 loss=0.6662 actor=-0.1022 value=0.7827 entropy=1.4341 mean_return=26.947 mean_len=83.7
[gat-train] update=481 samples=307840 fps=42.9 loss=0.7148 actor=-0.1510 value=0.8801 entropy=1.4287 mean_return=26.991 mean_len=84.2
[gat-train] update=482 samples=308480 fps=42.9 loss=0.9767 actor=-0.2880 value=1.2792 entropy=1.4481 mean_return=26.931 mean_len=84.8
[gat-train] update=483 samples=309120 fps=42.9 loss=0.7468 actor=-0.3177 value=1.0794 entropy=1.4836 mean_return=26.525 mean_len=83.9
[gat-train] update=484 samples=309760 fps=42.9 loss=0.6367 actor=-0.2481 value=0.8993 entropy=1.4466 mean_return=26.609 mean_len=83.5
[gat-train] update=485 samples=310400 fps=42.9 loss=0.5657 actor=-0.1900 value=0.7701 entropy=1.4422 mean_return=26.787 mean_len=83.9
[gat-train] update=486 samples=311040 fps=42.9 loss=0.6933 actor=-0.1326 value=0.8395 entropy=1.3619 mean_return=26.738 mean_len=84.6
[gat-train] update=487 samples=311680 fps=42.9 loss=0.8611 actor=-0.3159 value=1.1907 entropy=1.3761 mean_return=26.484 mean_len=84.6
[gat-train] update=488 samples=312320 fps=42.9 loss=0.7128 actor=-0.2516 value=0.9791 entropy=1.4733 mean_return=26.663 mean_len=84.8
[gat-train] update=489 samples=312960 fps=42.9 loss=3.2899 actor=-0.3111 value=3.6156 entropy=1.4562 mean_return=26.508 mean_len=83.9
[gat-train] update=490 samples=313600 fps=43.0 loss=0.5483 actor=-0.2673 value=0.8306 entropy=1.4952 mean_return=26.777 mean_len=84.1
[gat-train] update=491 samples=314240 fps=42.9 loss=0.9400 actor=-0.1927 value=1.1469 entropy=1.4133 mean_return=26.340 mean_len=84.0
[gat-train] update=492 samples=314880 fps=43.0 loss=0.9603 actor=-0.2877 value=1.2622 entropy=1.4113 mean_return=26.315 mean_len=83.3
[gat-train] update=493 samples=315520 fps=43.0 loss=0.7244 actor=-0.0938 value=0.8326 entropy=1.4387 mean_return=27.111 mean_len=83.9
[gat-train] update=494 samples=316160 fps=43.0 loss=0.9820 actor=-0.2160 value=1.2125 entropy=1.4532 mean_return=26.778 mean_len=83.3
[gat-train] update=495 samples=316800 fps=43.0 loss=0.7635 actor=-0.2204 value=0.9991 entropy=1.5162 mean_return=27.216 mean_len=84.4
[gat-train] update=496 samples=317440 fps=43.0 loss=1.0304 actor=-0.1456 value=1.1909 entropy=1.4984 mean_return=27.091 mean_len=84.3
[gat-train] update=497 samples=318080 fps=43.0 loss=0.6662 actor=-0.1711 value=0.8529 entropy=1.5674 mean_return=27.110 mean_len=84.3
[gat-train] update=498 samples=318720 fps=43.0 loss=0.8047 actor=-0.1694 value=0.9896 entropy=1.5474 mean_return=27.369 mean_len=84.5
[gat-train] update=499 samples=319360 fps=42.9 loss=0.6930 actor=-0.1494 value=0.8588 entropy=1.6355 mean_return=26.683 mean_len=83.9
[gat-train] update=500 samples=320000 fps=42.9 loss=0.8787 actor=0.0644 value=0.8301 entropy=1.5740 mean_return=26.652 mean_len=84.2
[gat-train] eval update=500 torch_score=83.86 deploy_score=84.28 min=77.54 bottom10=78.64 max_regression=8.84 regressions=4 guard_rejected=1 best=82.12
[gat-train] update=501 samples=320640 fps=42.6 loss=0.6761 actor=-0.1610 value=0.8528 entropy=1.5765 mean_return=26.638 mean_len=84.7
[gat-train] update=502 samples=321280 fps=42.6 loss=0.6596 actor=-0.0892 value=0.7642 entropy=1.5417 mean_return=26.695 mean_len=84.9
[gat-train] update=503 samples=321920 fps=42.7 loss=1.2205 actor=-0.2774 value=1.5125 entropy=1.4636 mean_return=26.637 mean_len=83.9
[gat-train] update=504 samples=322560 fps=42.7 loss=0.8918 actor=-0.2877 value=1.1943 entropy=1.4788 mean_return=26.022 mean_len=83.5
[gat-train] update=505 samples=323200 fps=42.7 loss=0.6737 actor=-0.3018 value=0.9905 entropy=1.5002 mean_return=26.257 mean_len=84.0
[gat-train] update=506 samples=323840 fps=42.7 loss=0.7423 actor=-0.1891 value=0.9456 entropy=1.4145 mean_return=26.683 mean_len=84.0
[gat-train] update=507 samples=324480 fps=42.8 loss=0.7505 actor=-0.0323 value=0.7967 entropy=1.3850 mean_return=26.353 mean_len=84.0
[gat-train] update=508 samples=325120 fps=42.8 loss=0.8762 actor=-0.1465 value=1.0368 entropy=1.4011 mean_return=26.599 mean_len=83.7
[gat-train] update=509 samples=325760 fps=42.8 loss=1.0216 actor=-0.2022 value=1.2383 entropy=1.4541 mean_return=26.841 mean_len=84.1
[gat-train] update=510 samples=326400 fps=42.8 loss=1.0278 actor=-0.1807 value=1.2233 entropy=1.4729 mean_return=27.026 mean_len=84.6
[gat-train] update=511 samples=327040 fps=42.9 loss=0.8032 actor=-0.2487 value=1.0665 entropy=1.4629 mean_return=27.317 mean_len=84.9
[gat-train] update=512 samples=327680 fps=42.9 loss=0.6390 actor=-0.2698 value=0.9236 entropy=1.4794 mean_return=26.959 mean_len=84.6
[gat-train] update=513 samples=328320 fps=42.9 loss=0.7289 actor=-0.2760 value=1.0194 entropy=1.4433 mean_return=27.196 mean_len=84.0
[gat-train] update=514 samples=328960 fps=42.9 loss=0.8901 actor=-0.0364 value=0.9406 entropy=1.4143 mean_return=27.252 mean_len=84.5
[gat-train] update=515 samples=329600 fps=43.0 loss=0.8697 actor=-0.1311 value=1.0156 entropy=1.4827 mean_return=27.233 mean_len=84.2
[gat-train] update=516 samples=330240 fps=43.0 loss=0.6203 actor=-0.1442 value=0.7792 entropy=1.4723 mean_return=27.228 mean_len=84.7
[gat-train] update=517 samples=330880 fps=43.0 loss=0.7421 actor=-0.1733 value=0.9298 entropy=1.4441 mean_return=27.492 mean_len=83.9
[gat-train] update=518 samples=331520 fps=43.0 loss=1.0435 actor=-0.0848 value=1.1428 entropy=1.4482 mean_return=27.473 mean_len=83.8
[gat-train] update=519 samples=332160 fps=43.0 loss=0.7852 actor=-0.2507 value=1.0508 entropy=1.4900 mean_return=27.832 mean_len=83.8
[gat-train] update=520 samples=332800 fps=43.0 loss=0.6518 actor=-0.2000 value=0.8665 entropy=1.4756 mean_return=27.661 mean_len=83.9
[gat-train] update=521 samples=333440 fps=42.9 loss=0.8957 actor=-0.2264 value=1.1369 entropy=1.4820 mean_return=27.835 mean_len=83.3
[gat-train] update=522 samples=334080 fps=42.9 loss=0.7812 actor=-0.2218 value=1.0177 entropy=1.4743 mean_return=27.600 mean_len=83.5
[gat-train] update=523 samples=334720 fps=42.9 loss=1.0573 actor=-0.3127 value=1.3842 entropy=1.4185 mean_return=27.186 mean_len=82.7
[gat-train] update=524 samples=335360 fps=43.0 loss=0.9043 actor=-0.1289 value=1.0480 entropy=1.4830 mean_return=27.025 mean_len=82.8
[gat-train] update=525 samples=336000 fps=43.0 loss=0.7269 actor=-0.1235 value=0.8648 entropy=1.4487 mean_return=26.854 mean_len=82.3
[gat-train] update=526 samples=336640 fps=43.0 loss=0.7712 actor=-0.0329 value=0.8177 entropy=1.3626 mean_return=26.705 mean_len=82.5
[gat-train] update=527 samples=337280 fps=42.9 loss=0.9742 actor=0.0051 value=0.9829 entropy=1.3791 mean_return=27.037 mean_len=83.6
[gat-train] update=528 samples=337920 fps=43.0 loss=0.6876 actor=-0.2246 value=0.9268 entropy=1.4668 mean_return=27.227 mean_len=83.9
[gat-train] update=529 samples=338560 fps=43.0 loss=0.6947 actor=-0.4415 value=1.1508 entropy=1.4506 mean_return=27.321 mean_len=84.0
[gat-train] update=530 samples=339200 fps=43.0 loss=0.9262 actor=-0.1644 value=1.1052 entropy=1.4639 mean_return=27.617 mean_len=85.0
[gat-train] update=531 samples=339840 fps=43.0 loss=0.9790 actor=-0.0978 value=1.0915 entropy=1.4673 mean_return=27.811 mean_len=85.3
[gat-train] update=532 samples=340480 fps=43.0 loss=0.9181 actor=0.0126 value=0.9198 entropy=1.4336 mean_return=28.035 mean_len=85.4
[gat-train] update=533 samples=341120 fps=43.0 loss=0.9377 actor=-0.2420 value=1.1949 entropy=1.5195 mean_return=28.011 mean_len=84.7
[gat-train] update=534 samples=341760 fps=43.0 loss=1.0333 actor=-0.1014 value=1.1491 entropy=1.4310 mean_return=27.840 mean_len=84.4
[gat-train] update=535 samples=342400 fps=43.1 loss=0.8374 actor=-0.0478 value=0.8994 entropy=1.4173 mean_return=27.563 mean_len=83.8
[gat-train] update=536 samples=343040 fps=43.0 loss=0.7591 actor=-0.1174 value=0.8911 entropy=1.4514 mean_return=27.899 mean_len=84.0
[gat-train] update=537 samples=343680 fps=43.0 loss=0.6137 actor=-0.2936 value=0.9214 entropy=1.4076 mean_return=27.915 mean_len=84.0
[gat-train] update=538 samples=344320 fps=43.0 loss=0.6561 actor=-0.0650 value=0.7353 entropy=1.4244 mean_return=27.703 mean_len=84.5
[gat-train] update=539 samples=344960 fps=43.0 loss=0.9257 actor=-0.2412 value=1.1815 entropy=1.4634 mean_return=27.675 mean_len=84.2
[gat-train] update=540 samples=345600 fps=43.0 loss=0.5813 actor=-0.2069 value=0.8032 entropy=1.4976 mean_return=27.697 mean_len=84.7
[gat-train] update=541 samples=346240 fps=43.0 loss=0.9170 actor=-0.0485 value=0.9801 entropy=1.4568 mean_return=28.171 mean_len=85.9
[gat-train] update=542 samples=346880 fps=43.0 loss=0.7388 actor=-0.1679 value=0.9217 entropy=1.4957 mean_return=28.147 mean_len=86.4
[gat-train] update=543 samples=347520 fps=43.0 loss=0.7144 actor=-0.1942 value=0.9232 entropy=1.4694 mean_return=28.166 mean_len=86.4
[gat-train] update=544 samples=348160 fps=43.1 loss=0.8023 actor=-0.2340 value=1.0513 entropy=1.5040 mean_return=28.033 mean_len=86.4
[gat-train] update=545 samples=348800 fps=43.1 loss=0.9779 actor=-0.1581 value=1.1507 entropy=1.4651 mean_return=28.445 mean_len=86.8
[gat-train] update=546 samples=349440 fps=43.0 loss=0.8618 actor=-0.3425 value=1.2196 entropy=1.5319 mean_return=28.166 mean_len=86.5
[gat-train] update=547 samples=350080 fps=43.0 loss=1.0670 actor=-0.3897 value=1.4725 entropy=1.5832 mean_return=28.106 mean_len=86.0
[gat-train] update=548 samples=350720 fps=43.0 loss=0.7611 actor=-0.3301 value=1.1067 entropy=1.5568 mean_return=27.626 mean_len=85.6
[gat-train] update=549 samples=351360 fps=43.0 loss=0.8526 actor=-0.2125 value=1.0810 entropy=1.5956 mean_return=27.110 mean_len=84.6
[gat-train] update=550 samples=352000 fps=43.0 loss=0.7585 actor=-0.1765 value=0.9509 entropy=1.5893 mean_return=27.289 mean_len=85.3
[gat-train] eval update=550 torch_score=82.88 deploy_score=84.40 min=77.54 bottom10=78.64 max_regression=10.95 regressions=3 guard_rejected=1 best=82.12
[gat-train] update=551 samples=352640 fps=42.8 loss=0.6675 actor=-0.1370 value=0.8206 entropy=1.6065 mean_return=26.906 mean_len=85.0
[gat-train] update=552 samples=353280 fps=42.8 loss=0.7076 actor=-0.1695 value=0.8935 entropy=1.6362 mean_return=26.729 mean_len=84.9
[gat-train] update=553 samples=353920 fps=42.8 loss=0.9808 actor=-0.3254 value=1.3231 entropy=1.7037 mean_return=26.703 mean_len=84.6
[gat-train] update=554 samples=354560 fps=42.8 loss=0.8017 actor=-0.3000 value=1.1179 entropy=1.6247 mean_return=26.585 mean_len=84.1
[gat-train] update=555 samples=355200 fps=42.8 loss=0.5406 actor=-0.2426 value=0.7991 entropy=1.6021 mean_return=26.556 mean_len=84.5
[gat-train] update=556 samples=355840 fps=42.8 loss=0.7527 actor=-0.3775 value=1.1455 entropy=1.5234 mean_return=26.930 mean_len=84.8
[gat-train] update=557 samples=356480 fps=42.8 loss=0.9209 actor=-0.1506 value=1.0867 entropy=1.5160 mean_return=26.636 mean_len=84.1
[gat-train] update=558 samples=357120 fps=42.8 loss=0.6240 actor=-0.3264 value=0.9656 entropy=1.5197 mean_return=26.662 mean_len=83.7
[gat-train] update=559 samples=357760 fps=42.7 loss=0.8085 actor=-0.2087 value=1.0317 entropy=1.4486 mean_return=26.759 mean_len=83.6
[gat-train] update=560 samples=358400 fps=42.7 loss=0.8120 actor=-0.1933 value=1.0198 entropy=1.4622 mean_return=26.806 mean_len=83.8
[gat-train] update=561 samples=359040 fps=42.7 loss=0.6693 actor=-0.2027 value=0.8863 entropy=1.4254 mean_return=26.330 mean_len=83.5
[gat-train] update=562 samples=359680 fps=42.7 loss=0.9424 actor=-0.2486 value=1.2057 entropy=1.4657 mean_return=26.416 mean_len=83.8
[gat-train] update=563 samples=360320 fps=42.8 loss=1.3096 actor=-0.2462 value=1.5708 entropy=1.5093 mean_return=26.647 mean_len=83.1
[gat-train] update=564 samples=360960 fps=42.8 loss=0.6447 actor=-0.4738 value=1.1339 entropy=1.5423 mean_return=26.792 mean_len=83.0
[gat-train] update=565 samples=361600 fps=42.8 loss=0.8106 actor=-0.1080 value=0.9330 entropy=1.4445 mean_return=27.200 mean_len=83.8
[gat-train] update=566 samples=362240 fps=42.8 loss=0.6371 actor=-0.1685 value=0.8212 entropy=1.5475 mean_return=27.112 mean_len=83.9
[gat-train] update=567 samples=362880 fps=42.8 loss=0.7186 actor=-0.3012 value=1.0347 entropy=1.4897 mean_return=27.094 mean_len=84.2
[gat-train] update=568 samples=363520 fps=42.9 loss=0.6911 actor=-0.1832 value=0.8886 entropy=1.4352 mean_return=26.924 mean_len=84.0
[gat-train] update=569 samples=364160 fps=42.9 loss=0.8806 actor=-0.1853 value=1.0808 entropy=1.5001 mean_return=26.759 mean_len=84.2
[gat-train] update=570 samples=364800 fps=42.9 loss=3.2937 actor=-0.1835 value=3.4921 entropy=1.4857 mean_return=26.604 mean_len=83.7
[gat-train] update=571 samples=365440 fps=42.9 loss=0.6949 actor=-0.1609 value=0.8709 entropy=1.5135 mean_return=26.609 mean_len=84.5
[gat-train] update=572 samples=366080 fps=42.9 loss=0.8866 actor=-0.0594 value=0.9608 entropy=1.4811 mean_return=26.340 mean_len=84.1
[gat-train] update=573 samples=366720 fps=43.0 loss=0.7958 actor=-0.2004 value=1.0113 entropy=1.5102 mean_return=26.507 mean_len=83.7
[gat-train] update=574 samples=367360 fps=43.0 loss=0.8595 actor=-0.1363 value=1.0105 entropy=1.4682 mean_return=26.854 mean_len=84.1
[gat-train] update=575 samples=368000 fps=43.0 loss=0.7562 actor=-0.2985 value=1.0700 entropy=1.5309 mean_return=26.700 mean_len=84.3
[gat-train] update=576 samples=368640 fps=43.0 loss=0.7841 actor=-0.3113 value=1.1110 entropy=1.5515 mean_return=26.926 mean_len=84.9
[gat-train] update=577 samples=369280 fps=43.0 loss=0.5117 actor=-0.1407 value=0.6683 entropy=1.5869 mean_return=27.193 mean_len=85.3
[gat-train] update=578 samples=369920 fps=43.1 loss=0.7584 actor=-0.3286 value=1.1028 entropy=1.5814 mean_return=27.001 mean_len=84.4
[gat-train] update=579 samples=370560 fps=43.1 loss=1.0087 actor=-0.1814 value=1.2047 entropy=1.4595 mean_return=26.884 mean_len=83.6
[gat-train] update=580 samples=371200 fps=43.1 loss=0.8591 actor=-0.4703 value=1.3452 entropy=1.5805 mean_return=26.976 mean_len=83.7
[gat-train] update=581 samples=371840 fps=43.1 loss=0.4938 actor=-0.4223 value=0.9312 entropy=1.5074 mean_return=27.508 mean_len=84.4
[gat-train] update=582 samples=372480 fps=43.2 loss=0.7711 actor=-0.3756 value=1.1613 entropy=1.4715 mean_return=27.361 mean_len=83.5
[gat-train] update=583 samples=373120 fps=43.2 loss=0.7118 actor=-0.2350 value=0.9609 entropy=1.4066 mean_return=27.239 mean_len=83.5
[gat-train] update=584 samples=373760 fps=43.2 loss=0.5312 actor=-0.2145 value=0.7601 entropy=1.4437 mean_return=27.762 mean_len=84.5
[gat-train] update=585 samples=374400 fps=43.2 loss=1.4228 actor=-0.3710 value=1.8079 entropy=1.4101 mean_return=27.799 mean_len=84.6
[gat-train] update=586 samples=375040 fps=43.1 loss=0.6579 actor=-0.1872 value=0.8585 entropy=1.3465 mean_return=27.629 mean_len=84.3
[gat-train] update=587 samples=375680 fps=43.1 loss=0.6789 actor=-0.0910 value=0.7839 entropy=1.3977 mean_return=27.464 mean_len=84.4
[gat-train] update=588 samples=376320 fps=43.1 loss=0.8033 actor=-0.2614 value=1.0791 entropy=1.4366 mean_return=26.976 mean_len=84.1
[gat-train] update=589 samples=376960 fps=43.0 loss=0.6863 actor=0.0469 value=0.6540 entropy=1.4637 mean_return=26.942 mean_len=84.3
[gat-train] update=590 samples=377600 fps=43.0 loss=0.7463 actor=-0.3036 value=1.0641 entropy=1.4228 mean_return=26.885 mean_len=83.8
[gat-train] update=591 samples=378240 fps=43.0 loss=0.8704 actor=-0.1757 value=1.0603 entropy=1.4219 mean_return=26.643 mean_len=83.4
[gat-train] update=592 samples=378880 fps=42.9 loss=0.9192 actor=-0.0169 value=0.9503 entropy=1.4232 mean_return=26.678 mean_len=83.9
[gat-train] update=593 samples=379520 fps=42.9 loss=0.5624 actor=-0.3217 value=0.8986 entropy=1.4449 mean_return=26.931 mean_len=84.4
[gat-train] update=594 samples=380160 fps=42.9 loss=1.0632 actor=-0.3895 value=1.4676 entropy=1.4906 mean_return=26.986 mean_len=83.3
[gat-train] update=595 samples=380800 fps=42.9 loss=0.8553 actor=-0.2011 value=1.0713 entropy=1.4972 mean_return=26.895 mean_len=83.3
[gat-train] update=596 samples=381440 fps=43.0 loss=0.7099 actor=-0.4154 value=1.1407 entropy=1.5435 mean_return=26.791 mean_len=83.0
[gat-train] update=597 samples=382080 fps=43.0 loss=0.6620 actor=-0.1503 value=0.8268 entropy=1.4566 mean_return=26.512 mean_len=82.5
[gat-train] update=598 samples=382720 fps=43.0 loss=0.6198 actor=-0.1847 value=0.8185 entropy=1.4023 mean_return=26.564 mean_len=83.0
[gat-train] update=599 samples=383360 fps=43.0 loss=1.0432 actor=-0.3913 value=1.4493 entropy=1.4743 mean_return=26.488 mean_len=83.4
[gat-train] update=600 samples=384000 fps=43.0 loss=0.7040 actor=-0.1284 value=0.8467 entropy=1.4305 mean_return=26.906 mean_len=83.5
[gat-train] eval update=600 torch_score=84.65 deploy_score=84.14 min=76.75 bottom10=78.24 max_regression=8.84 regressions=3 guard_rejected=1 best=82.12
[gat-train] update=601 samples=384640 fps=42.8 loss=0.6472 actor=-0.2130 value=0.8752 entropy=1.4945 mean_return=27.158 mean_len=83.8
[gat-train] update=602 samples=385280 fps=42.8 loss=0.7017 actor=-0.0826 value=0.7990 entropy=1.4786 mean_return=27.147 mean_len=84.1
[gat-train] update=603 samples=385920 fps=42.8 loss=0.7918 actor=-0.1004 value=0.9068 entropy=1.4635 mean_return=27.461 mean_len=84.8
[gat-train] update=604 samples=386560 fps=42.8 loss=0.7894 actor=-0.1142 value=0.9186 entropy=1.5034 mean_return=27.276 mean_len=84.3
[gat-train] update=605 samples=387200 fps=42.8 loss=0.5982 actor=-0.1440 value=0.7575 entropy=1.5396 mean_return=27.100 mean_len=84.1
[gat-train] update=606 samples=387840 fps=42.8 loss=0.7197 actor=-0.1595 value=0.8941 entropy=1.4888 mean_return=27.208 mean_len=84.7
[gat-train] update=607 samples=388480 fps=42.8 loss=0.8834 actor=-0.1061 value=1.0051 entropy=1.5543 mean_return=27.568 mean_len=84.1
[gat-train] update=608 samples=389120 fps=42.8 loss=1.0497 actor=-0.3226 value=1.3885 entropy=1.6192 mean_return=27.524 mean_len=84.2
[gat-train] update=609 samples=389760 fps=42.8 loss=0.6892 actor=-0.3204 value=1.0264 entropy=1.6768 mean_return=27.815 mean_len=84.1
[gat-train] update=610 samples=390400 fps=42.8 loss=0.7731 actor=-0.3157 value=1.1055 entropy=1.6751 mean_return=27.672 mean_len=83.8
[gat-train] update=611 samples=391040 fps=42.8 loss=0.7200 actor=-0.1866 value=0.9232 entropy=1.6596 mean_return=27.583 mean_len=83.7
[gat-train] update=612 samples=391680 fps=42.8 loss=0.9537 actor=-0.1133 value=1.0837 entropy=1.6773 mean_return=27.478 mean_len=84.0
[gat-train] update=613 samples=392320 fps=42.8 loss=0.8316 actor=-0.2767 value=1.1248 entropy=1.6577 mean_return=27.222 mean_len=83.6
[gat-train] update=614 samples=392960 fps=42.9 loss=0.7880 actor=-0.4459 value=1.2508 entropy=1.6902 mean_return=26.689 mean_len=83.2
[gat-train] update=615 samples=393600 fps=42.9 loss=0.8175 actor=-0.3471 value=1.1812 entropy=1.6610 mean_return=26.641 mean_len=82.8
[gat-train] update=616 samples=394240 fps=42.9 loss=0.7765 actor=-0.0250 value=0.8178 entropy=1.6294 mean_return=26.582 mean_len=82.8
[gat-train] update=617 samples=394880 fps=42.9 loss=0.8454 actor=0.0133 value=0.8484 entropy=1.6293 mean_return=26.403 mean_len=83.0
[gat-train] update=618 samples=395520 fps=42.9 loss=0.7688 actor=-0.1125 value=0.8968 entropy=1.5553 mean_return=26.417 mean_len=83.3
[gat-train] update=619 samples=396160 fps=42.9 loss=0.6586 actor=-0.0660 value=0.7400 entropy=1.5412 mean_return=26.460 mean_len=83.0
[gat-train] update=620 samples=396800 fps=42.9 loss=1.0271 actor=-0.3719 value=1.4152 entropy=1.6157 mean_return=26.185 mean_len=83.1
[gat-train] update=621 samples=397440 fps=43.0 loss=0.7055 actor=-0.1745 value=0.8961 entropy=1.5992 mean_return=26.321 mean_len=83.3
[gat-train] update=622 samples=398080 fps=43.0 loss=0.4803 actor=-0.1956 value=0.6916 entropy=1.5779 mean_return=26.448 mean_len=83.5
[gat-train] update=623 samples=398720 fps=43.0 loss=0.6632 actor=-0.0633 value=0.7414 entropy=1.4958 mean_return=26.103 mean_len=83.3
[gat-train] update=624 samples=399360 fps=43.0 loss=1.1235 actor=-0.2964 value=1.4347 entropy=1.4906 mean_return=26.168 mean_len=82.7
[gat-train] update=625 samples=400000 fps=43.0 loss=0.6295 actor=-0.1218 value=0.7661 entropy=1.4716 mean_return=26.237 mean_len=82.2
[gat-train] update=626 samples=400640 fps=43.0 loss=1.1520 actor=-0.2481 value=1.4152 entropy=1.5133 mean_return=26.395 mean_len=82.2
[gat-train] update=627 samples=401280 fps=43.0 loss=0.9007 actor=-0.2151 value=1.1300 entropy=1.4185 mean_return=26.690 mean_len=82.3
[gat-train] update=628 samples=401920 fps=43.0 loss=0.7484 actor=-0.2672 value=1.0304 entropy=1.4833 mean_return=26.633 mean_len=82.1
[gat-train] update=629 samples=402560 fps=43.0 loss=0.8021 actor=-0.0386 value=0.8550 entropy=1.4282 mean_return=27.161 mean_len=82.7
[gat-train] update=630 samples=403200 fps=43.0 loss=0.8666 actor=-0.2138 value=1.0951 entropy=1.4619 mean_return=27.305 mean_len=83.4
[gat-train] update=631 samples=403840 fps=43.0 loss=0.6993 actor=-0.1616 value=0.8759 entropy=1.4969 mean_return=27.065 mean_len=83.3
[gat-train] update=632 samples=404480 fps=43.1 loss=0.7204 actor=-0.0882 value=0.8228 entropy=1.4258 mean_return=27.466 mean_len=84.2
[gat-train] update=633 samples=405120 fps=43.1 loss=0.5908 actor=-0.1379 value=0.7431 entropy=1.4428 mean_return=27.346 mean_len=84.2
[gat-train] update=634 samples=405760 fps=43.1 loss=0.8350 actor=0.0765 value=0.7733 entropy=1.4879 mean_return=27.588 mean_len=84.8
[gat-train] update=635 samples=406400 fps=43.1 loss=0.5945 actor=-0.1757 value=0.7847 entropy=1.4502 mean_return=27.811 mean_len=85.1
[gat-train] update=636 samples=407040 fps=43.1 loss=0.8555 actor=-0.0612 value=0.9314 entropy=1.4690 mean_return=28.063 mean_len=84.9
[gat-train] update=637 samples=407680 fps=43.1 loss=0.7181 actor=-0.1008 value=0.8343 entropy=1.5411 mean_return=28.117 mean_len=85.4
[gat-train] update=638 samples=408320 fps=43.2 loss=0.6310 actor=-0.1631 value=0.8090 entropy=1.4877 mean_return=28.301 mean_len=85.8
[gat-train] update=639 samples=408960 fps=43.2 loss=0.7277 actor=0.0278 value=0.7152 entropy=1.5261 mean_return=28.100 mean_len=85.6
[gat-train] update=640 samples=409600 fps=43.2 loss=0.6373 actor=-0.1085 value=0.7610 entropy=1.5247 mean_return=28.413 mean_len=86.1
[gat-train] update=641 samples=410240 fps=43.2 loss=0.7402 actor=-0.2671 value=1.0230 entropy=1.5715 mean_return=27.951 mean_len=85.7
[gat-train] update=642 samples=410880 fps=43.2 loss=0.7157 actor=-0.0587 value=0.7902 entropy=1.5832 mean_return=27.763 mean_len=85.6
[gat-train] update=643 samples=411520 fps=43.3 loss=0.5472 actor=-0.3987 value=0.9622 entropy=1.6372 mean_return=27.612 mean_len=86.1
[gat-train] update=644 samples=412160 fps=43.3 loss=0.6091 actor=-0.3055 value=0.9311 entropy=1.6518 mean_return=27.973 mean_len=86.0
[gat-train] update=645 samples=412800 fps=43.3 loss=0.9284 actor=-0.0981 value=1.0432 entropy=1.6669 mean_return=27.687 mean_len=84.9
[gat-train] update=646 samples=413440 fps=43.3 loss=0.5852 actor=-0.2386 value=0.8402 entropy=1.6437 mean_return=27.848 mean_len=85.2
[gat-train] update=647 samples=414080 fps=43.3 loss=0.9894 actor=-0.1970 value=1.2035 entropy=1.7074 mean_return=27.756 mean_len=85.2
[gat-train] update=648 samples=414720 fps=43.4 loss=0.7318 actor=-0.3825 value=1.1315 entropy=1.7212 mean_return=27.647 mean_len=84.4
[gat-train] update=649 samples=415360 fps=43.4 loss=0.8986 actor=0.0419 value=0.8747 entropy=1.8046 mean_return=27.549 mean_len=84.3
[gat-train] update=650 samples=416000 fps=43.4 loss=0.4336 actor=-0.2787 value=0.7320 entropy=1.9628 mean_return=27.378 mean_len=84.4
[gat-train] eval update=650 torch_score=85.47 deploy_score=85.43 min=78.87 bottom10=79.81 max_regression=9.95 regressions=3 guard_rejected=1 best=82.12
[gat-train] update=651 samples=416640 fps=43.2 loss=0.6017 actor=-0.2589 value=0.8813 entropy=2.0720 mean_return=27.271 mean_len=84.3
[gat-train] update=652 samples=417280 fps=43.2 loss=0.7683 actor=-0.1139 value=0.9035 entropy=2.1277 mean_return=27.139 mean_len=84.2
[gat-train] update=653 samples=417920 fps=43.2 loss=0.5632 actor=-0.5138 value=1.0993 entropy=2.2332 mean_return=26.907 mean_len=83.6
[gat-train] update=654 samples=418560 fps=43.2 loss=0.5503 actor=-0.3864 value=0.9579 entropy=2.1219 mean_return=26.586 mean_len=83.1
[gat-train] update=655 samples=419200 fps=43.2 loss=0.8941 actor=-0.3404 value=1.2554 entropy=2.0886 mean_return=26.088 mean_len=82.0
[gat-train] update=656 samples=419840 fps=43.2 loss=0.4042 actor=-0.3638 value=0.7887 entropy=2.0661 mean_return=25.790 mean_len=81.8
[gat-train] update=657 samples=420480 fps=43.2 loss=0.8861 actor=-0.3595 value=1.2668 entropy=2.1137 mean_return=25.436 mean_len=81.4
[gat-train] update=658 samples=421120 fps=43.1 loss=0.8916 actor=-0.1916 value=1.1038 entropy=2.0618 mean_return=25.518 mean_len=80.8
[gat-train] update=659 samples=421760 fps=43.1 loss=0.4199 actor=-0.4768 value=0.9168 entropy=2.0155 mean_return=25.122 mean_len=80.1
[gat-train] update=660 samples=422400 fps=43.2 loss=0.6225 actor=-0.1956 value=0.8377 entropy=1.9647 mean_return=25.137 mean_len=80.0
[gat-train] update=661 samples=423040 fps=43.2 loss=0.6060 actor=-0.3374 value=0.9633 entropy=1.9886 mean_return=25.250 mean_len=80.7
[gat-train] update=662 samples=423680 fps=43.2 loss=0.6309 actor=-0.4306 value=1.0807 entropy=1.9176 mean_return=25.334 mean_len=80.1
[gat-train] update=663 samples=424320 fps=43.2 loss=0.4345 actor=-0.4937 value=0.9465 entropy=1.8341 mean_return=25.003 mean_len=80.8
[gat-train] update=664 samples=424960 fps=43.2 loss=0.6126 actor=-0.1544 value=0.7841 entropy=1.7106 mean_return=25.077 mean_len=81.0
[gat-train] update=665 samples=425600 fps=43.2 loss=0.7386 actor=-0.1043 value=0.8596 entropy=1.6809 mean_return=24.761 mean_len=81.2
[gat-train] update=666 samples=426240 fps=43.2 loss=0.8899 actor=-0.1294 value=1.0364 entropy=1.7073 mean_return=24.757 mean_len=80.8
[gat-train] update=667 samples=426880 fps=43.3 loss=0.6960 actor=-0.1882 value=0.9010 entropy=1.6757 mean_return=24.682 mean_len=80.1
[gat-train] update=668 samples=427520 fps=43.3 loss=1.3682 actor=-0.0592 value=1.4435 entropy=1.6113 mean_return=24.337 mean_len=79.8
[gat-train] update=669 samples=428160 fps=43.3 loss=0.5687 actor=-0.1099 value=0.6945 entropy=1.5897 mean_return=24.175 mean_len=80.4
[gat-train] update=670 samples=428800 fps=43.3 loss=0.7293 actor=-0.1901 value=0.9346 entropy=1.5202 mean_return=24.296 mean_len=80.5
[gat-train] update=671 samples=429440 fps=43.2 loss=0.6533 actor=-0.1758 value=0.8446 entropy=1.5595 mean_return=24.645 mean_len=81.3
[gat-train] update=672 samples=430080 fps=43.2 loss=0.7262 actor=-0.1412 value=0.8828 entropy=1.5377 mean_return=24.574 mean_len=80.9
[gat-train] update=673 samples=430720 fps=43.2 loss=0.4835 actor=-0.2032 value=0.7012 entropy=1.4420 mean_return=24.416 mean_len=81.1
[gat-train] update=674 samples=431360 fps=43.2 loss=0.7863 actor=-0.1270 value=0.9281 entropy=1.4834 mean_return=24.902 mean_len=82.7
[gat-train] update=675 samples=432000 fps=43.3 loss=0.5359 actor=-0.2442 value=0.7949 entropy=1.4848 mean_return=25.167 mean_len=83.0
[gat-train] update=676 samples=432640 fps=43.3 loss=0.5394 actor=-0.2861 value=0.8407 entropy=1.5305 mean_return=25.547 mean_len=83.0
[gat-train] update=677 samples=433280 fps=43.3 loss=0.5663 actor=-0.1507 value=0.7317 entropy=1.4640 mean_return=25.719 mean_len=83.5
[gat-train] update=678 samples=433920 fps=43.2 loss=0.7948 actor=-0.1446 value=0.9539 entropy=1.4571 mean_return=26.379 mean_len=83.7
[gat-train] update=679 samples=434560 fps=43.2 loss=0.4845 actor=-0.1581 value=0.6569 entropy=1.4314 mean_return=26.586 mean_len=84.6
[gat-train] update=680 samples=435200 fps=43.2 loss=0.6973 actor=-0.1574 value=0.8691 entropy=1.4434 mean_return=27.513 mean_len=85.4
[gat-train] update=681 samples=435840 fps=43.2 loss=0.4718 actor=-0.2101 value=0.6967 entropy=1.4812 mean_return=27.687 mean_len=85.3
[gat-train] update=682 samples=436480 fps=43.2 loss=0.7590 actor=-0.0380 value=0.8113 entropy=1.4319 mean_return=27.682 mean_len=85.2
[gat-train] update=683 samples=437120 fps=43.2 loss=0.6861 actor=-0.1164 value=0.8164 entropy=1.3905 mean_return=27.168 mean_len=84.9
[gat-train] update=684 samples=437760 fps=43.2 loss=0.6256 actor=-0.0817 value=0.7215 entropy=1.4139 mean_return=27.023 mean_len=84.8
[gat-train] update=685 samples=438400 fps=43.2 loss=0.5131 actor=-0.1299 value=0.6576 entropy=1.4605 mean_return=27.142 mean_len=84.9
[gat-train] update=686 samples=439040 fps=43.2 loss=0.4713 actor=-0.1265 value=0.6125 entropy=1.4635 mean_return=27.064 mean_len=84.7
[gat-train] update=687 samples=439680 fps=43.2 loss=0.6666 actor=-0.1648 value=0.8472 entropy=1.5742 mean_return=26.927 mean_len=84.1
[gat-train] update=688 samples=440320 fps=43.1 loss=0.4464 actor=-0.3230 value=0.7847 entropy=1.5300 mean_return=26.770 mean_len=84.2
[gat-train] update=689 samples=440960 fps=43.1 loss=0.6255 actor=-0.0458 value=0.6873 entropy=1.6043 mean_return=26.875 mean_len=85.0
[gat-train] update=690 samples=441600 fps=43.2 loss=0.4966 actor=-0.1185 value=0.6300 entropy=1.4940 mean_return=27.135 mean_len=85.2
[gat-train] update=691 samples=442240 fps=43.2 loss=0.6293 actor=-0.1186 value=0.7631 entropy=1.5221 mean_return=27.108 mean_len=84.6
[gat-train] update=692 samples=442880 fps=43.2 loss=0.4903 actor=-0.1842 value=0.6895 entropy=1.4927 mean_return=27.284 mean_len=84.5
[gat-train] update=693 samples=443520 fps=43.2 loss=0.7193 actor=-0.2322 value=0.9662 entropy=1.4762 mean_return=27.477 mean_len=83.7
[gat-train] update=694 samples=444160 fps=43.2 loss=0.7355 actor=-0.0530 value=0.8029 entropy=1.4303 mean_return=27.457 mean_len=83.9
[gat-train] update=695 samples=444800 fps=43.2 loss=0.4956 actor=-0.1587 value=0.6697 entropy=1.5308 mean_return=27.566 mean_len=83.9
[gat-train] update=696 samples=445440 fps=43.1 loss=0.7058 actor=-0.0644 value=0.7855 entropy=1.5226 mean_return=27.568 mean_len=83.7
[gat-train] update=697 samples=446080 fps=43.1 loss=0.6533 actor=-0.1263 value=0.7943 entropy=1.4690 mean_return=27.674 mean_len=83.7
[gat-train] update=698 samples=446720 fps=43.1 loss=0.6512 actor=-0.0871 value=0.7535 entropy=1.5232 mean_return=27.625 mean_len=84.1
[gat-train] update=699 samples=447360 fps=43.1 loss=1.8325 actor=-0.2896 value=2.1370 entropy=1.4878 mean_return=27.381 mean_len=84.0
[gat-train] update=700 samples=448000 fps=43.1 loss=0.3576 actor=-0.3056 value=0.6772 entropy=1.4024 mean_return=27.207 mean_len=83.6
[gat-train] eval update=700 torch_score=84.10 deploy_score=75.97 min=0.00 bottom10=37.95 max_regression=83.45 regressions=6 guard_rejected=1 best=82.12
[gat-train] update=701 samples=448640 fps=43.0 loss=0.6669 actor=0.0201 value=0.6608 entropy=1.3928 mean_return=27.264 mean_len=83.7
[gat-train] update=702 samples=449280 fps=43.0 loss=0.4981 actor=-0.1790 value=0.6909 entropy=1.3824 mean_return=27.062 mean_len=83.2
[gat-train] update=703 samples=449920 fps=43.0 loss=0.5869 actor=-0.0727 value=0.6735 entropy=1.3871 mean_return=26.731 mean_len=82.7
[gat-train] update=704 samples=450560 fps=43.0 loss=0.7935 actor=-0.2173 value=1.0254 entropy=1.4490 mean_return=26.469 mean_len=81.9
[gat-train] update=705 samples=451200 fps=43.0 loss=0.6009 actor=-0.1242 value=0.7399 entropy=1.4782 mean_return=26.388 mean_len=81.6
[gat-train] update=706 samples=451840 fps=43.0 loss=0.4324 actor=-0.0950 value=0.5410 entropy=1.3620 mean_return=26.490 mean_len=81.9
[gat-train] update=707 samples=452480 fps=43.1 loss=0.8788 actor=0.0412 value=0.8521 entropy=1.4471 mean_return=27.008 mean_len=83.4
[gat-train] update=708 samples=453120 fps=43.1 loss=0.5223 actor=-0.1685 value=0.7050 entropy=1.4162 mean_return=27.054 mean_len=83.7
[gat-train] update=709 samples=453760 fps=43.1 loss=0.9117 actor=-0.3331 value=1.2593 entropy=1.4559 mean_return=26.920 mean_len=82.3
[gat-train] update=710 samples=454400 fps=43.1 loss=0.5058 actor=-0.1303 value=0.6503 entropy=1.4142 mean_return=26.896 mean_len=82.3
[gat-train] update=711 samples=455040 fps=43.1 loss=0.6527 actor=-0.1088 value=0.7759 entropy=1.4424 mean_return=27.260 mean_len=83.6
[gat-train] update=712 samples=455680 fps=43.1 loss=0.4943 actor=-0.2380 value=0.7472 entropy=1.4938 mean_return=27.308 mean_len=83.7
[gat-train] update=713 samples=456320 fps=43.2 loss=1.3634 actor=-0.3258 value=1.7038 entropy=1.4574 mean_return=26.727 mean_len=82.3
[gat-train] update=714 samples=456960 fps=43.2 loss=0.8341 actor=0.0522 value=0.7970 entropy=1.5061 mean_return=26.856 mean_len=82.3
[gat-train] update=715 samples=457600 fps=43.2 loss=0.6617 actor=0.0399 value=0.6368 entropy=1.4931 mean_return=26.972 mean_len=83.8
[gat-train] update=716 samples=458240 fps=43.2 loss=0.7568 actor=0.0386 value=0.7335 entropy=1.5269 mean_return=26.917 mean_len=83.8
[gat-train] update=717 samples=458880 fps=43.2 loss=0.6494 actor=0.0301 value=0.6350 entropy=1.5731 mean_return=26.939 mean_len=83.4
[gat-train] update=718 samples=459520 fps=43.2 loss=0.6291 actor=-0.0554 value=0.7005 entropy=1.5981 mean_return=27.128 mean_len=83.2
[gat-train] update=719 samples=460160 fps=43.3 loss=0.5892 actor=-0.0247 value=0.6303 entropy=1.6430 mean_return=26.962 mean_len=83.4
[gat-train] update=720 samples=460800 fps=43.3 loss=0.5681 actor=-0.1325 value=0.7167 entropy=1.6089 mean_return=27.487 mean_len=84.7
[gat-train] update=721 samples=461440 fps=43.2 loss=0.4509 actor=-0.1595 value=0.6268 entropy=1.6422 mean_return=27.532 mean_len=85.4
[gat-train] update=722 samples=462080 fps=43.2 loss=0.7312 actor=-0.0301 value=0.7781 entropy=1.6779 mean_return=27.545 mean_len=85.0
[gat-train] update=723 samples=462720 fps=43.2 loss=0.6172 actor=-0.0376 value=0.6716 entropy=1.6845 mean_return=27.653 mean_len=84.8
[gat-train] update=724 samples=463360 fps=43.2 loss=0.4106 actor=-0.2616 value=0.6892 entropy=1.7032 mean_return=27.407 mean_len=85.0
[gat-train] update=725 samples=464000 fps=43.2 loss=0.5412 actor=-0.1171 value=0.6750 entropy=1.6779 mean_return=27.424 mean_len=84.9
[gat-train] update=726 samples=464640 fps=43.2 loss=0.6732 actor=-0.0903 value=0.7803 entropy=1.6852 mean_return=27.466 mean_len=84.7
[gat-train] update=727 samples=465280 fps=43.2 loss=0.4118 actor=-0.3446 value=0.7736 entropy=1.7194 mean_return=27.029 mean_len=84.4
[gat-train] update=728 samples=465920 fps=43.2 loss=0.7829 actor=-0.1463 value=0.9458 entropy=1.6694 mean_return=26.644 mean_len=83.8
[gat-train] update=729 samples=466560 fps=43.3 loss=0.5681 actor=-0.1968 value=0.7806 entropy=1.5799 mean_return=26.768 mean_len=84.2
[gat-train] update=730 samples=467200 fps=43.3 loss=0.8360 actor=0.1142 value=0.7370 entropy=1.5206 mean_return=26.951 mean_len=84.6
[gat-train] update=731 samples=467840 fps=43.3 loss=0.7236 actor=0.0616 value=0.6781 entropy=1.6117 mean_return=26.989 mean_len=85.4
[gat-train] update=732 samples=468480 fps=43.3 loss=0.7726 actor=0.0577 value=0.7305 entropy=1.5575 mean_return=26.912 mean_len=85.0
[gat-train] update=733 samples=469120 fps=43.3 loss=0.6161 actor=-0.0059 value=0.6369 entropy=1.4815 mean_return=27.294 mean_len=85.7
[gat-train] update=734 samples=469760 fps=43.3 loss=0.8701 actor=-0.1044 value=0.9897 entropy=1.5296 mean_return=27.616 mean_len=85.3
[gat-train] update=735 samples=470400 fps=43.4 loss=0.7456 actor=-0.2344 value=0.9946 entropy=1.4627 mean_return=27.991 mean_len=85.4
[gat-train] update=736 samples=471040 fps=43.4 loss=0.6717 actor=-0.0652 value=0.7515 entropy=1.4634 mean_return=27.726 mean_len=84.4
[gat-train] update=737 samples=471680 fps=43.4 loss=0.5168 actor=-0.0208 value=0.5524 entropy=1.4816 mean_return=27.747 mean_len=84.4
[gat-train] update=738 samples=472320 fps=43.3 loss=0.7329 actor=-0.0133 value=0.7603 entropy=1.4097 mean_return=27.891 mean_len=83.8
[gat-train] update=739 samples=472960 fps=43.3 loss=0.6232 actor=-0.0779 value=0.7156 entropy=1.4474 mean_return=27.581 mean_len=83.4
[gat-train] update=740 samples=473600 fps=43.3 loss=0.5823 actor=0.0035 value=0.5928 entropy=1.3914 mean_return=27.858 mean_len=84.0
[gat-train] update=741 samples=474240 fps=43.3 loss=0.6049 actor=0.0148 value=0.6035 entropy=1.3409 mean_return=28.229 mean_len=84.3
[gat-train] update=742 samples=474880 fps=43.3 loss=0.6936 actor=-0.2075 value=0.9154 entropy=1.4274 mean_return=27.726 mean_len=84.0
[gat-train] update=743 samples=475520 fps=43.3 loss=0.7384 actor=-0.0216 value=0.7750 entropy=1.4955 mean_return=28.194 mean_len=85.3
[gat-train] update=744 samples=476160 fps=43.3 loss=0.2775 actor=-0.2904 value=0.5819 entropy=1.3991 mean_return=28.268 mean_len=85.3
[gat-train] update=745 samples=476800 fps=43.3 loss=0.5640 actor=-0.2280 value=0.8067 entropy=1.4686 mean_return=27.984 mean_len=84.6
[gat-train] update=746 samples=477440 fps=43.3 loss=0.5482 actor=-0.1233 value=0.6861 entropy=1.4597 mean_return=27.945 mean_len=85.0
[gat-train] update=747 samples=478080 fps=43.3 loss=0.6643 actor=-0.3850 value=1.0650 entropy=1.5601 mean_return=27.812 mean_len=84.7
[gat-train] update=748 samples=478720 fps=43.3 loss=0.6664 actor=-0.0359 value=0.7171 entropy=1.4788 mean_return=28.007 mean_len=84.7
[gat-train] update=749 samples=479360 fps=43.4 loss=0.6330 actor=-0.1103 value=0.7574 entropy=1.4105 mean_return=28.092 mean_len=84.9
[gat-train] update=750 samples=480000 fps=43.4 loss=0.5822 actor=-0.0841 value=0.6801 entropy=1.3845 mean_return=28.148 mean_len=85.0
[gat-train] eval update=750 torch_score=82.93 deploy_score=83.24 min=75.89 bottom10=76.61 max_regression=12.95 regressions=4 guard_rejected=1 best=82.12
[gat-train] update=751 samples=480640 fps=43.2 loss=0.6215 actor=-0.2621 value=0.8980 entropy=1.4428 mean_return=28.271 mean_len=85.1
[gat-train] update=752 samples=481280 fps=43.2 loss=0.5883 actor=-0.0516 value=0.6544 entropy=1.4497 mean_return=28.415 mean_len=84.9
[gat-train] update=753 samples=481920 fps=43.2 loss=0.6042 actor=-0.0082 value=0.6272 entropy=1.4819 mean_return=27.867 mean_len=84.1
[gat-train] update=754 samples=482560 fps=43.2 loss=0.7562 actor=0.0394 value=0.7306 entropy=1.3701 mean_return=28.189 mean_len=85.1
[gat-train] update=755 samples=483200 fps=43.2 loss=0.6826 actor=-0.1035 value=0.8009 entropy=1.4692 mean_return=27.891 mean_len=85.0
[gat-train] update=756 samples=483840 fps=43.2 loss=0.4134 actor=-0.2758 value=0.7041 entropy=1.4919 mean_return=27.442 mean_len=84.4
[gat-train] update=757 samples=484480 fps=43.2 loss=1.6691 actor=-0.1314 value=1.8155 entropy=1.4969 mean_return=26.814 mean_len=83.8
[gat-train] update=758 samples=485120 fps=43.2 loss=0.6503 actor=-0.2222 value=0.8888 entropy=1.6278 mean_return=26.723 mean_len=83.6
[gat-train] update=759 samples=485760 fps=43.2 loss=0.6676 actor=-0.2215 value=0.9064 entropy=1.7361 mean_return=26.582 mean_len=83.1
[gat-train] update=760 samples=486400 fps=43.3 loss=0.5112 actor=-0.3293 value=0.8576 entropy=1.7053 mean_return=26.783 mean_len=83.3
[gat-train] update=761 samples=487040 fps=43.3 loss=0.5939 actor=-0.2875 value=0.8992 entropy=1.7758 mean_return=26.466 mean_len=82.6
[gat-train] update=762 samples=487680 fps=43.3 loss=0.6430 actor=-0.1620 value=0.8223 entropy=1.7176 mean_return=26.796 mean_len=82.8
[gat-train] update=763 samples=488320 fps=43.3 loss=0.4385 actor=-0.2784 value=0.7345 entropy=1.7610 mean_return=27.030 mean_len=82.9
[gat-train] update=764 samples=488960 fps=43.3 loss=0.6233 actor=-0.2619 value=0.9023 entropy=1.7113 mean_return=27.211 mean_len=83.2
[gat-train] update=765 samples=489600 fps=43.3 loss=0.6683 actor=-0.1585 value=0.8446 entropy=1.7794 mean_return=27.260 mean_len=83.5
[gat-train] update=766 samples=490240 fps=43.4 loss=0.6449 actor=-0.4163 value=1.0787 entropy=1.7590 mean_return=26.959 mean_len=82.9
[gat-train] update=767 samples=490880 fps=43.4 loss=0.5057 actor=-0.0612 value=0.5842 entropy=1.7365 mean_return=26.973 mean_len=83.2
[gat-train] update=768 samples=491520 fps=43.4 loss=0.4396 actor=-0.1990 value=0.6553 entropy=1.6638 mean_return=27.044 mean_len=83.3
[gat-train] update=769 samples=492160 fps=43.4 loss=0.6315 actor=-0.3466 value=0.9946 entropy=1.6538 mean_return=26.603 mean_len=82.7
[gat-train] update=770 samples=492800 fps=43.4 loss=0.6962 actor=-0.0452 value=0.7581 entropy=1.6677 mean_return=26.614 mean_len=82.8
[gat-train] update=771 samples=493440 fps=43.4 loss=0.3606 actor=-0.3292 value=0.7056 entropy=1.5797 mean_return=26.442 mean_len=82.6
[gat-train] update=772 samples=494080 fps=43.5 loss=0.6644 actor=-0.0005 value=0.6807 entropy=1.5848 mean_return=26.187 mean_len=82.7
[gat-train] update=773 samples=494720 fps=43.5 loss=0.5358 actor=-0.1767 value=0.7278 entropy=1.5245 mean_return=26.259 mean_len=83.4
[gat-train] update=774 samples=495360 fps=43.5 loss=0.8127 actor=-0.1421 value=0.9701 entropy=1.5284 mean_return=26.166 mean_len=83.3
[gat-train] update=775 samples=496000 fps=43.5 loss=0.4076 actor=-0.2562 value=0.6792 entropy=1.5400 mean_return=25.891 mean_len=83.3
[gat-train] update=776 samples=496640 fps=43.5 loss=0.6029 actor=-0.0452 value=0.6628 entropy=1.4746 mean_return=26.062 mean_len=83.8
[gat-train] update=777 samples=497280 fps=43.5 loss=0.4762 actor=-0.1238 value=0.6155 entropy=1.5493 mean_return=26.042 mean_len=84.0
[gat-train] update=778 samples=497920 fps=43.5 loss=0.6618 actor=-0.0830 value=0.7599 entropy=1.5076 mean_return=26.265 mean_len=84.4
[gat-train] update=779 samples=498560 fps=43.6 loss=0.5480 actor=-0.1814 value=0.7451 entropy=1.5769 mean_return=26.643 mean_len=84.5
[gat-train] update=780 samples=499200 fps=43.6 loss=0.3491 actor=-0.3269 value=0.6916 entropy=1.5597 mean_return=26.594 mean_len=84.5
[gat-train] update=781 samples=499840 fps=43.6 loss=1.2458 actor=0.0104 value=1.2512 entropy=1.5841 mean_return=26.782 mean_len=85.8
[gat-train] update=782 samples=500480 fps=43.6 loss=0.8379 actor=-0.1220 value=0.9759 entropy=1.5910 mean_return=27.080 mean_len=85.9
[gat-train] update=783 samples=501120 fps=43.6 loss=0.5460 actor=-0.1627 value=0.7249 entropy=1.6159 mean_return=27.098 mean_len=85.4
[gat-train] update=784 samples=501760 fps=43.6 loss=0.5650 actor=-0.1692 value=0.7510 entropy=1.6856 mean_return=26.847 mean_len=84.9
[gat-train] update=785 samples=502400 fps=43.6 loss=0.5779 actor=-0.1153 value=0.7100 entropy=1.6784 mean_return=26.804 mean_len=84.6
[gat-train] update=786 samples=503040 fps=43.6 loss=0.6879 actor=0.0469 value=0.6576 entropy=1.6586 mean_return=27.291 mean_len=84.9
[gat-train] update=787 samples=503680 fps=43.6 loss=0.6645 actor=0.0803 value=0.6009 entropy=1.6616 mean_return=27.263 mean_len=84.4
[gat-train] update=788 samples=504320 fps=43.6 loss=0.5618 actor=-0.1950 value=0.7738 entropy=1.7009 mean_return=27.168 mean_len=84.0
[gat-train] update=789 samples=504960 fps=43.6 loss=0.4041 actor=-0.1381 value=0.5593 entropy=1.7158 mean_return=27.213 mean_len=84.0
[gat-train] update=790 samples=505600 fps=43.7 loss=0.5056 actor=-0.2530 value=0.7755 entropy=1.6925 mean_return=27.109 mean_len=83.4
[gat-train] update=791 samples=506240 fps=43.7 loss=0.5240 actor=-0.1152 value=0.6562 entropy=1.6918 mean_return=27.319 mean_len=83.6
[gat-train] update=792 samples=506880 fps=43.7 loss=0.3708 actor=-0.3775 value=0.7654 entropy=1.7044 mean_return=27.620 mean_len=84.4
[gat-train] update=793 samples=507520 fps=43.7 loss=0.7415 actor=0.1593 value=0.5981 entropy=1.5897 mean_return=27.678 mean_len=84.5
[gat-train] update=794 samples=508160 fps=43.6 loss=0.7825 actor=-0.2428 value=1.0413 entropy=1.5957 mean_return=27.344 mean_len=83.3
[gat-train] update=795 samples=508800 fps=43.6 loss=0.4680 actor=-0.1498 value=0.6339 entropy=1.6184 mean_return=27.269 mean_len=83.5
[gat-train] update=796 samples=509440 fps=43.6 loss=0.5678 actor=-0.0299 value=0.6132 entropy=1.5499 mean_return=27.321 mean_len=83.9
[gat-train] update=797 samples=510080 fps=43.6 loss=0.2793 actor=-0.3567 value=0.6515 entropy=1.5476 mean_return=27.500 mean_len=84.5
[gat-train] update=798 samples=510720 fps=43.6 loss=0.6389 actor=-0.1441 value=0.7982 entropy=1.5134 mean_return=27.067 mean_len=84.0
[gat-train] update=799 samples=511360 fps=43.6 loss=0.4765 actor=-0.3045 value=0.7964 entropy=1.5320 mean_return=26.700 mean_len=84.0
[gat-train] update=800 samples=512000 fps=43.6 loss=0.4221 actor=-0.1686 value=0.6060 entropy=1.5339 mean_return=27.012 mean_len=84.9
[gat-train] eval update=800 torch_score=85.88 deploy_score=84.07 min=80.04 bottom10=80.16 max_regression=8.71 regressions=3 guard_rejected=1 best=82.12
[gat-train] update=801 samples=512640 fps=43.4 loss=0.4843 actor=-0.2152 value=0.7145 entropy=1.5008 mean_return=27.153 mean_len=84.8
[gat-train] update=802 samples=513280 fps=43.4 loss=0.7987 actor=-0.3008 value=1.1148 entropy=1.5303 mean_return=26.735 mean_len=84.3
[gat-train] update=803 samples=513920 fps=43.4 loss=0.4098 actor=-0.0851 value=0.5100 entropy=1.5016 mean_return=26.952 mean_len=84.6
[gat-train] update=804 samples=514560 fps=43.4 loss=0.5225 actor=-0.1249 value=0.6620 entropy=1.4609 mean_return=27.088 mean_len=84.7
[gat-train] update=805 samples=515200 fps=43.4 loss=0.5922 actor=0.0111 value=0.5962 entropy=1.5050 mean_return=27.108 mean_len=84.8
[gat-train] update=806 samples=515840 fps=43.4 loss=0.3638 actor=-0.1734 value=0.5525 entropy=1.5308 mean_return=27.109 mean_len=84.4
[gat-train] update=807 samples=516480 fps=43.4 loss=0.4694 actor=-0.1313 value=0.6162 entropy=1.5448 mean_return=27.087 mean_len=84.7
[gat-train] update=808 samples=517120 fps=43.4 loss=0.6076 actor=-0.0420 value=0.6648 entropy=1.5140 mean_return=27.139 mean_len=84.6
[gat-train] update=809 samples=517760 fps=43.4 loss=0.5446 actor=-0.0712 value=0.6309 entropy=1.5098 mean_return=27.288 mean_len=85.0
[gat-train] update=810 samples=518400 fps=43.4 loss=0.6027 actor=-0.0952 value=0.7130 entropy=1.5092 mean_return=27.365 mean_len=85.3
[gat-train] update=811 samples=519040 fps=43.3 loss=0.5204 actor=-0.1439 value=0.6798 entropy=1.5554 mean_return=27.102 mean_len=85.3
[gat-train] update=812 samples=519680 fps=43.4 loss=0.4661 actor=-0.1641 value=0.6457 entropy=1.5522 mean_return=26.930 mean_len=85.3
[gat-train] update=813 samples=520320 fps=43.3 loss=0.5168 actor=-0.1089 value=0.6408 entropy=1.5060 mean_return=27.110 mean_len=85.6
[gat-train] update=814 samples=520960 fps=43.3 loss=2.4158 actor=-0.0798 value=2.5106 entropy=1.5096 mean_return=26.495 mean_len=84.8
[gat-train] update=815 samples=521600 fps=43.3 loss=0.6847 actor=-0.1196 value=0.8195 entropy=1.5207 mean_return=26.298 mean_len=84.1
[gat-train] update=816 samples=522240 fps=43.3 loss=0.7950 actor=-0.1126 value=0.9227 entropy=1.5134 mean_return=26.744 mean_len=84.3
[gat-train] update=817 samples=522880 fps=43.3 loss=0.3926 actor=-0.1602 value=0.5675 entropy=1.4672 mean_return=26.784 mean_len=84.3
[gat-train] update=818 samples=523520 fps=43.3 loss=0.5627 actor=-0.0417 value=0.6190 entropy=1.4571 mean_return=27.089 mean_len=84.2
[gat-train] update=819 samples=524160 fps=43.3 loss=0.6166 actor=-0.0004 value=0.6313 entropy=1.4272 mean_return=27.369 mean_len=85.3
[gat-train] update=820 samples=524800 fps=43.3 loss=0.6472 actor=-0.0398 value=0.7013 entropy=1.4307 mean_return=27.656 mean_len=85.2
[gat-train] update=821 samples=525440 fps=43.3 loss=0.3317 actor=-0.1251 value=0.4709 entropy=1.4128 mean_return=27.797 mean_len=85.4
[gat-train] update=822 samples=526080 fps=43.3 loss=0.7443 actor=0.0271 value=0.7310 entropy=1.3850 mean_return=28.092 mean_len=86.0
[gat-train] update=823 samples=526720 fps=43.3 loss=0.4582 actor=-0.2090 value=0.6816 entropy=1.4372 mean_return=28.031 mean_len=85.3
[gat-train] update=824 samples=527360 fps=43.3 loss=0.4537 actor=-0.1051 value=0.5736 entropy=1.4844 mean_return=28.101 mean_len=85.5
[gat-train] update=825 samples=528000 fps=43.3 loss=0.6494 actor=-0.1604 value=0.8248 entropy=1.4973 mean_return=27.306 mean_len=84.9
[gat-train] update=826 samples=528640 fps=43.3 loss=0.6834 actor=0.0445 value=0.6544 entropy=1.5445 mean_return=27.315 mean_len=84.1
[gat-train] update=827 samples=529280 fps=43.3 loss=0.4007 actor=-0.2299 value=0.6457 entropy=1.5144 mean_return=27.602 mean_len=85.0
[gat-train] update=828 samples=529920 fps=43.3 loss=0.5811 actor=-0.0512 value=0.6474 entropy=1.5060 mean_return=27.385 mean_len=84.3
[gat-train] update=829 samples=530560 fps=43.3 loss=0.3927 actor=-0.2729 value=0.6805 entropy=1.4906 mean_return=27.168 mean_len=83.8
[gat-train] update=830 samples=531200 fps=43.3 loss=0.6054 actor=-0.0340 value=0.6542 entropy=1.4896 mean_return=27.060 mean_len=84.0
[gat-train] update=831 samples=531840 fps=43.4 loss=0.4148 actor=-0.2133 value=0.6429 entropy=1.4801 mean_return=27.018 mean_len=83.4
[gat-train] update=832 samples=532480 fps=43.4 loss=1.5805 actor=-0.0400 value=1.6346 entropy=1.4069 mean_return=26.822 mean_len=83.0
[gat-train] update=833 samples=533120 fps=43.4 loss=0.5851 actor=-0.1104 value=0.7102 entropy=1.4753 mean_return=26.590 mean_len=82.7
[gat-train] update=834 samples=533760 fps=43.4 loss=0.4405 actor=-0.1392 value=0.5946 entropy=1.4872 mean_return=26.574 mean_len=83.3
[gat-train] update=835 samples=534400 fps=43.4 loss=0.5472 actor=-0.0945 value=0.6562 entropy=1.4523 mean_return=26.594 mean_len=83.8
[gat-train] update=836 samples=535040 fps=43.4 loss=0.4573 actor=-0.1545 value=0.6264 entropy=1.4628 mean_return=26.858 mean_len=84.4
[gat-train] update=837 samples=535680 fps=43.4 loss=0.5627 actor=0.0039 value=0.5731 entropy=1.4282 mean_return=27.423 mean_len=86.0
[gat-train] update=838 samples=536320 fps=43.5 loss=0.7157 actor=-0.0091 value=0.7397 entropy=1.4945 mean_return=27.220 mean_len=85.7
[gat-train] update=839 samples=536960 fps=43.5 loss=0.3368 actor=-0.1434 value=0.4951 entropy=1.4930 mean_return=27.518 mean_len=85.3
[gat-train] update=840 samples=537600 fps=43.5 loss=0.5614 actor=-0.0573 value=0.6345 entropy=1.5764 mean_return=27.741 mean_len=85.6
[gat-train] update=841 samples=538240 fps=43.5 loss=0.4413 actor=-0.2124 value=0.6697 entropy=1.6030 mean_return=27.518 mean_len=84.9
[gat-train] update=842 samples=538880 fps=43.5 loss=0.7218 actor=-0.1383 value=0.8763 entropy=1.6252 mean_return=27.316 mean_len=84.4
[gat-train] update=843 samples=539520 fps=43.5 loss=0.5008 actor=-0.0984 value=0.6146 entropy=1.5366 mean_return=27.202 mean_len=84.8
[gat-train] update=844 samples=540160 fps=43.5 loss=0.6297 actor=-0.1934 value=0.8389 entropy=1.5814 mean_return=26.835 mean_len=83.1
[gat-train] update=845 samples=540800 fps=43.6 loss=0.6742 actor=-0.2745 value=0.9644 entropy=1.5674 mean_return=26.628 mean_len=82.9
[gat-train] update=846 samples=541440 fps=43.6 loss=0.5923 actor=0.0944 value=0.5131 entropy=1.5196 mean_return=26.348 mean_len=82.8
[gat-train] update=847 samples=542080 fps=43.6 loss=0.7399 actor=-0.0166 value=0.7715 entropy=1.4978 mean_return=26.078 mean_len=82.4
[gat-train] update=848 samples=542720 fps=43.6 loss=0.4781 actor=-0.1039 value=0.5969 entropy=1.5001 mean_return=26.019 mean_len=82.1
[gat-train] update=849 samples=543360 fps=43.6 loss=0.5865 actor=-0.1742 value=0.7758 entropy=1.5085 mean_return=26.235 mean_len=82.2
[gat-train] update=850 samples=544000 fps=43.6 loss=0.3741 actor=-0.2074 value=0.5958 entropy=1.4247 mean_return=26.203 mean_len=81.7
[gat-train] eval update=850 torch_score=85.44 deploy_score=85.23 min=80.04 bottom10=80.16 max_regression=8.71 regressions=2 guard_rejected=1 best=82.12
[gat-train] update=851 samples=544640 fps=43.4 loss=0.5377 actor=-0.1401 value=0.6921 entropy=1.4309 mean_return=26.732 mean_len=83.3
[gat-train] update=852 samples=545280 fps=43.4 loss=0.4183 actor=-0.1569 value=0.5905 entropy=1.5306 mean_return=27.196 mean_len=83.8
[gat-train] update=853 samples=545920 fps=43.4 loss=0.4458 actor=-0.0872 value=0.5474 entropy=1.4377 mean_return=27.689 mean_len=84.4
[gat-train] update=854 samples=546560 fps=43.4 loss=0.4173 actor=-0.1021 value=0.5335 entropy=1.4125 mean_return=27.708 mean_len=85.0
[gat-train] update=855 samples=547200 fps=43.4 loss=0.7122 actor=0.0962 value=0.6299 entropy=1.3908 mean_return=27.903 mean_len=85.4
[gat-train] update=856 samples=547840 fps=43.4 loss=0.5209 actor=-0.0161 value=0.5517 entropy=1.4691 mean_return=28.012 mean_len=85.6
[gat-train] update=857 samples=548480 fps=43.4 loss=0.5033 actor=-0.0810 value=0.5981 entropy=1.3792 mean_return=28.014 mean_len=86.2
[gat-train] update=858 samples=549120 fps=43.4 loss=0.6786 actor=0.0103 value=0.6822 entropy=1.3914 mean_return=28.229 mean_len=86.8
[gat-train] update=859 samples=549760 fps=43.4 loss=0.6236 actor=-0.0607 value=0.6980 entropy=1.3787 mean_return=28.266 mean_len=86.7
[gat-train] update=860 samples=550400 fps=43.4 loss=0.3626 actor=-0.2009 value=0.5779 entropy=1.4431 mean_return=27.820 mean_len=86.2
[gat-train] update=861 samples=551040 fps=43.4 loss=0.2595 actor=-0.2918 value=0.5662 entropy=1.4946 mean_return=27.732 mean_len=86.2
[gat-train] update=862 samples=551680 fps=43.4 loss=0.6625 actor=0.0318 value=0.6458 entropy=1.5077 mean_return=27.550 mean_len=85.5
[gat-train] update=863 samples=552320 fps=43.4 loss=0.7109 actor=-0.0093 value=0.7342 entropy=1.4129 mean_return=27.693 mean_len=85.8
[gat-train] update=864 samples=552960 fps=43.3 loss=0.3722 actor=-0.1183 value=0.5050 entropy=1.4420 mean_return=27.323 mean_len=85.2
[gat-train] update=865 samples=553600 fps=43.3 loss=0.5643 actor=-0.0832 value=0.6617 entropy=1.4284 mean_return=27.015 mean_len=84.8
[gat-train] update=866 samples=554240 fps=43.3 loss=1.2199 actor=-0.2357 value=1.4696 entropy=1.4049 mean_return=27.146 mean_len=83.7
[gat-train] update=867 samples=554880 fps=43.3 loss=0.5421 actor=-0.1157 value=0.6721 entropy=1.4342 mean_return=27.044 mean_len=83.5
[gat-train] update=868 samples=555520 fps=43.3 loss=0.8560 actor=-0.1847 value=1.0546 entropy=1.3843 mean_return=27.159 mean_len=83.0
[gat-train] update=869 samples=556160 fps=43.3 loss=0.8097 actor=-0.0095 value=0.8332 entropy=1.3920 mean_return=26.985 mean_len=82.9
[gat-train] update=870 samples=556800 fps=43.3 loss=0.6117 actor=0.0123 value=0.6134 entropy=1.3928 mean_return=27.486 mean_len=83.7
[gat-train] update=871 samples=557440 fps=43.3 loss=0.4976 actor=-0.0217 value=0.5334 entropy=1.4055 mean_return=27.390 mean_len=83.7
[gat-train] update=872 samples=558080 fps=43.3 loss=0.6372 actor=0.0771 value=0.5738 entropy=1.3697 mean_return=27.417 mean_len=83.5
[gat-train] update=873 samples=558720 fps=43.3 loss=0.5255 actor=-0.0505 value=0.5897 entropy=1.3737 mean_return=27.616 mean_len=83.5
[gat-train] update=874 samples=559360 fps=43.3 loss=0.5468 actor=-0.0004 value=0.5613 entropy=1.4159 mean_return=27.401 mean_len=84.1
[gat-train] update=875 samples=560000 fps=43.3 loss=0.4903 actor=-0.0693 value=0.5741 entropy=1.4400 mean_return=27.660 mean_len=84.8
[gat-train] update=876 samples=560640 fps=43.3 loss=0.5748 actor=-0.0808 value=0.6699 entropy=1.4259 mean_return=27.711 mean_len=84.5
[gat-train] update=877 samples=561280 fps=43.3 loss=0.4216 actor=-0.1242 value=0.5603 entropy=1.4481 mean_return=27.571 mean_len=84.3
[gat-train] update=878 samples=561920 fps=43.3 loss=0.3948 actor=-0.1864 value=0.5952 entropy=1.3963 mean_return=27.904 mean_len=84.8
[gat-train] update=879 samples=562560 fps=43.3 loss=0.8196 actor=0.0671 value=0.7673 entropy=1.4852 mean_return=28.045 mean_len=85.0
[gat-train] update=880 samples=563200 fps=43.3 loss=0.5108 actor=-0.0666 value=0.5921 entropy=1.4764 mean_return=28.397 mean_len=85.6
[gat-train] update=881 samples=563840 fps=43.3 loss=0.4991 actor=-0.0361 value=0.5500 entropy=1.4834 mean_return=28.421 mean_len=85.3
[gat-train] update=882 samples=564480 fps=43.3 loss=0.6695 actor=-0.0394 value=0.7243 entropy=1.5306 mean_return=28.729 mean_len=85.4
[gat-train] update=883 samples=565120 fps=43.3 loss=0.5585 actor=-0.0121 value=0.5859 entropy=1.5310 mean_return=28.470 mean_len=85.5
[gat-train] update=884 samples=565760 fps=43.3 loss=0.5820 actor=-0.0939 value=0.6913 entropy=1.5284 mean_return=28.529 mean_len=84.8
[gat-train] update=885 samples=566400 fps=43.3 loss=0.6027 actor=-0.0156 value=0.6334 entropy=1.5087 mean_return=28.092 mean_len=84.7
[gat-train] update=886 samples=567040 fps=43.3 loss=0.5691 actor=-0.0221 value=0.6060 entropy=1.4852 mean_return=28.154 mean_len=85.1
[gat-train] update=887 samples=567680 fps=43.3 loss=0.7017 actor=0.0892 value=0.6281 entropy=1.5576 mean_return=28.005 mean_len=85.7
[gat-train] update=888 samples=568320 fps=43.3 loss=0.6485 actor=-0.0302 value=0.6943 entropy=1.5609 mean_return=27.769 mean_len=85.3
[gat-train] update=889 samples=568960 fps=43.3 loss=0.5020 actor=-0.1338 value=0.6513 entropy=1.5526 mean_return=27.591 mean_len=84.8
[gat-train] update=890 samples=569600 fps=43.4 loss=0.5591 actor=-0.0229 value=0.5985 entropy=1.6543 mean_return=27.640 mean_len=84.5
[gat-train] update=891 samples=570240 fps=43.4 loss=0.7165 actor=0.0520 value=0.6811 entropy=1.6610 mean_return=27.780 mean_len=84.7
[gat-train] update=892 samples=570880 fps=43.4 loss=0.4561 actor=-0.0595 value=0.5322 entropy=1.6598 mean_return=27.847 mean_len=84.6
[gat-train] update=893 samples=571520 fps=43.3 loss=0.4915 actor=-0.0375 value=0.5455 entropy=1.6479 mean_return=27.797 mean_len=84.4
[gat-train] update=894 samples=572160 fps=43.3 loss=0.4327 actor=-0.1843 value=0.6328 entropy=1.5805 mean_return=27.683 mean_len=84.5
[gat-train] update=895 samples=572800 fps=43.3 loss=0.5225 actor=-0.0637 value=0.6015 entropy=1.5347 mean_return=27.372 mean_len=83.9
[gat-train] update=896 samples=573440 fps=43.3 loss=0.7647 actor=-0.0133 value=0.7937 entropy=1.5708 mean_return=27.522 mean_len=84.5
[gat-train] update=897 samples=574080 fps=43.3 loss=0.3903 actor=-0.1732 value=0.5789 entropy=1.5383 mean_return=27.479 mean_len=84.6
[gat-train] update=898 samples=574720 fps=43.4 loss=0.8166 actor=-0.0599 value=0.8922 entropy=1.5685 mean_return=27.160 mean_len=85.2
[gat-train] update=899 samples=575360 fps=43.4 loss=0.4287 actor=-0.1591 value=0.6027 entropy=1.4852 mean_return=27.081 mean_len=84.9
[gat-train] update=900 samples=576000 fps=43.4 loss=0.4452 actor=-0.1498 value=0.6102 entropy=1.5203 mean_return=26.797 mean_len=83.8
[gat-train] eval update=900 torch_score=87.14 deploy_score=85.91 min=81.50 bottom10=81.99 max_regression=8.71 regressions=1 guard_rejected=1 best=82.12
[gat-train] update=901 samples=576640 fps=43.2 loss=0.5398 actor=-0.1316 value=0.6867 entropy=1.5337 mean_return=27.143 mean_len=83.9
[gat-train] update=902 samples=577280 fps=43.3 loss=0.5823 actor=0.0203 value=0.5769 entropy=1.5004 mean_return=27.108 mean_len=83.9
[gat-train] update=903 samples=577920 fps=43.3 loss=0.4540 actor=-0.0672 value=0.5359 entropy=1.4655 mean_return=27.474 mean_len=83.3
[gat-train] update=904 samples=578560 fps=43.3 loss=0.3757 actor=-0.0961 value=0.4872 entropy=1.5338 mean_return=27.449 mean_len=84.1
[gat-train] update=905 samples=579200 fps=43.3 loss=0.4600 actor=-0.1137 value=0.5894 entropy=1.5778 mean_return=27.530 mean_len=84.0
[gat-train] update=906 samples=579840 fps=43.3 loss=0.6428 actor=0.0583 value=0.6002 entropy=1.5826 mean_return=27.481 mean_len=83.8
[gat-train] update=907 samples=580480 fps=43.3 loss=0.5802 actor=0.1037 value=0.4923 entropy=1.5767 mean_return=27.549 mean_len=83.9
[gat-train] update=908 samples=581120 fps=43.3 loss=0.4192 actor=-0.1272 value=0.5630 entropy=1.6591 mean_return=27.909 mean_len=84.7
[gat-train] update=909 samples=581760 fps=43.3 loss=0.4612 actor=-0.0278 value=0.5054 entropy=1.6368 mean_return=28.051 mean_len=85.1
[gat-train] update=910 samples=582400 fps=43.4 loss=0.4686 actor=-0.0938 value=0.5786 entropy=1.6153 mean_return=27.509 mean_len=84.0
[gat-train] update=911 samples=583040 fps=43.4 loss=0.6538 actor=0.1140 value=0.5556 entropy=1.5790 mean_return=27.306 mean_len=84.7
[gat-train] update=912 samples=583680 fps=43.4 loss=0.4300 actor=-0.3002 value=0.7459 entropy=1.5649 mean_return=26.954 mean_len=83.9
[gat-train] update=913 samples=584320 fps=43.4 loss=0.4644 actor=-0.1565 value=0.6370 entropy=1.6129 mean_return=26.995 mean_len=84.3
[gat-train] update=914 samples=584960 fps=43.4 loss=0.3982 actor=-0.2156 value=0.6296 entropy=1.5872 mean_return=26.649 mean_len=83.4
[gat-train] update=915 samples=585600 fps=43.4 loss=0.5183 actor=-0.1829 value=0.7169 entropy=1.5705 mean_return=26.234 mean_len=83.3
[gat-train] update=916 samples=586240 fps=43.4 loss=0.6874 actor=0.1067 value=0.5958 entropy=1.5102 mean_return=26.350 mean_len=84.3
[gat-train] update=917 samples=586880 fps=43.4 loss=0.5825 actor=0.0078 value=0.5898 entropy=1.5038 mean_return=26.458 mean_len=83.7
[gat-train] update=918 samples=587520 fps=43.4 loss=0.4286 actor=-0.1735 value=0.6171 entropy=1.5004 mean_return=27.008 mean_len=84.9
[gat-train] update=919 samples=588160 fps=43.4 loss=0.5448 actor=-0.0598 value=0.6185 entropy=1.3927 mean_return=27.155 mean_len=85.3
[gat-train] update=920 samples=588800 fps=43.4 loss=0.3779 actor=-0.1530 value=0.5455 entropy=1.4633 mean_return=27.089 mean_len=85.0
[gat-train] update=921 samples=589440 fps=43.4 loss=0.6209 actor=0.0765 value=0.5582 entropy=1.3843 mean_return=27.356 mean_len=85.1
[gat-train] update=922 samples=590080 fps=43.4 loss=0.6063 actor=0.0334 value=0.5873 entropy=1.4383 mean_return=27.018 mean_len=84.5
[gat-train] update=923 samples=590720 fps=43.4 loss=0.6029 actor=-0.0542 value=0.6717 entropy=1.4573 mean_return=27.022 mean_len=84.2
[gat-train] update=924 samples=591360 fps=43.4 loss=0.4466 actor=-0.0628 value=0.5232 entropy=1.3913 mean_return=26.666 mean_len=84.0
[gat-train] update=925 samples=592000 fps=43.4 loss=0.4152 actor=-0.1510 value=0.5809 entropy=1.4765 mean_return=26.329 mean_len=83.9
[gat-train] update=926 samples=592640 fps=43.4 loss=0.5144 actor=0.0279 value=0.5003 entropy=1.3759 mean_return=26.083 mean_len=83.3
[gat-train] update=927 samples=593280 fps=43.4 loss=0.4867 actor=0.0037 value=0.4976 entropy=1.4611 mean_return=26.375 mean_len=83.7
[gat-train] update=928 samples=593920 fps=43.4 loss=0.4055 actor=-0.1645 value=0.5845 entropy=1.4565 mean_return=26.686 mean_len=84.1
[gat-train] update=929 samples=594560 fps=43.4 loss=0.6624 actor=0.0686 value=0.6077 entropy=1.3895 mean_return=27.095 mean_len=84.9
[gat-train] update=930 samples=595200 fps=43.4 loss=0.5324 actor=0.0179 value=0.5283 entropy=1.3865 mean_return=27.222 mean_len=84.8
[gat-train] update=931 samples=595840 fps=43.4 loss=0.5762 actor=-0.0744 value=0.6645 entropy=1.4022 mean_return=27.534 mean_len=84.8
[gat-train] update=932 samples=596480 fps=43.4 loss=0.4567 actor=-0.0816 value=0.5528 entropy=1.4582 mean_return=27.754 mean_len=85.0
[gat-train] update=933 samples=597120 fps=43.4 loss=0.4172 actor=-0.1510 value=0.5824 entropy=1.4208 mean_return=27.897 mean_len=85.0
[gat-train] update=934 samples=597760 fps=43.4 loss=0.5766 actor=0.0909 value=0.5001 entropy=1.4503 mean_return=27.794 mean_len=85.4
[gat-train] update=935 samples=598400 fps=43.4 loss=0.3491 actor=-0.1643 value=0.5278 entropy=1.4433 mean_return=27.737 mean_len=84.9
[gat-train] update=936 samples=599040 fps=43.4 loss=0.5817 actor=0.0311 value=0.5649 entropy=1.4314 mean_return=27.935 mean_len=86.0
[gat-train] update=937 samples=599680 fps=43.4 loss=0.5660 actor=0.0505 value=0.5303 entropy=1.4762 mean_return=27.617 mean_len=86.5
[gat-train] update=938 samples=600320 fps=43.4 loss=0.3841 actor=-0.0830 value=0.4820 entropy=1.4855 mean_return=27.623 mean_len=86.4
[gat-train] update=939 samples=600960 fps=43.4 loss=0.7118 actor=0.1468 value=0.5807 entropy=1.5603 mean_return=27.549 mean_len=86.2
[gat-train] update=940 samples=601600 fps=43.4 loss=0.5503 actor=0.0319 value=0.5348 entropy=1.6379 mean_return=27.564 mean_len=85.9
[gat-train] update=941 samples=602240 fps=43.4 loss=0.4545 actor=-0.2660 value=0.7376 entropy=1.7084 mean_return=27.575 mean_len=85.3
[gat-train] update=942 samples=602880 fps=43.4 loss=0.4309 actor=-0.0823 value=0.5308 entropy=1.7612 mean_return=27.308 mean_len=85.1
[gat-train] update=943 samples=603520 fps=43.4 loss=0.6864 actor=0.0343 value=0.6698 entropy=1.7714 mean_return=27.345 mean_len=84.9
[gat-train] update=944 samples=604160 fps=43.5 loss=0.5171 actor=-0.2276 value=0.7625 entropy=1.7712 mean_return=27.212 mean_len=83.9
[gat-train] update=945 samples=604800 fps=43.5 loss=0.8152 actor=-0.0731 value=0.9062 entropy=1.7878 mean_return=27.250 mean_len=83.1
[gat-train] update=946 samples=605440 fps=43.5 loss=0.7506 actor=-0.0747 value=0.8434 entropy=1.8060 mean_return=27.019 mean_len=82.2
[gat-train] update=947 samples=606080 fps=43.4 loss=0.3773 actor=-0.1139 value=0.5094 entropy=1.8281 mean_return=26.846 mean_len=82.0
[gat-train] update=948 samples=606720 fps=43.4 loss=0.3198 actor=-0.2343 value=0.5736 entropy=1.9569 mean_return=26.759 mean_len=82.6
[gat-train] update=949 samples=607360 fps=43.4 loss=0.4432 actor=-0.3981 value=0.8610 entropy=1.9694 mean_return=26.363 mean_len=81.6
[gat-train] update=950 samples=608000 fps=43.4 loss=0.4838 actor=-0.3028 value=0.8066 entropy=1.9913 mean_return=26.193 mean_len=81.6
[gat-train] eval update=950 torch_score=84.44 deploy_score=83.95 min=71.49 bottom10=75.30 max_regression=8.71 regressions=2 guard_rejected=1 best=82.12
[gat-train] update=951 samples=608640 fps=43.2 loss=0.4629 actor=-0.0973 value=0.5800 entropy=1.9817 mean_return=26.199 mean_len=82.8
[gat-train] update=952 samples=609280 fps=43.2 loss=0.3661 actor=-0.2622 value=0.6485 entropy=2.0205 mean_return=25.833 mean_len=82.9
[gat-train] update=953 samples=609920 fps=43.2 loss=0.2926 actor=-0.2011 value=0.5150 entropy=2.1292 mean_return=25.908 mean_len=82.9
[gat-train] update=954 samples=610560 fps=43.3 loss=0.1980 actor=-0.3056 value=0.5258 entropy=2.2106 mean_return=25.765 mean_len=82.2
[gat-train] update=955 samples=611200 fps=43.2 loss=0.3957 actor=-0.2455 value=0.6636 entropy=2.2401 mean_return=25.396 mean_len=81.6
[gat-train] update=956 samples=611840 fps=43.3 loss=0.4938 actor=-0.2042 value=0.7215 entropy=2.3524 mean_return=25.287 mean_len=81.6
[gat-train] update=957 samples=612480 fps=43.3 loss=0.3709 actor=-0.0821 value=0.4764 entropy=2.3302 mean_return=25.257 mean_len=81.6
[gat-train] update=958 samples=613120 fps=43.3 loss=0.2876 actor=-0.3035 value=0.6137 entropy=2.2592 mean_return=25.077 mean_len=80.6
[gat-train] update=959 samples=613760 fps=43.3 loss=0.2990 actor=-0.2844 value=0.6057 entropy=2.2260 mean_return=24.933 mean_len=79.9
[gat-train] update=960 samples=614400 fps=43.3 loss=0.4630 actor=-0.1488 value=0.6327 entropy=2.0907 mean_return=25.181 mean_len=79.5
[gat-train] update=961 samples=615040 fps=43.3 loss=0.2772 actor=-0.2079 value=0.5052 entropy=2.0129 mean_return=25.116 mean_len=80.0
[gat-train] update=962 samples=615680 fps=43.3 loss=0.2064 actor=-0.2916 value=0.5180 entropy=2.0073 mean_return=25.185 mean_len=80.3
[gat-train] update=963 samples=616320 fps=43.3 loss=0.2623 actor=-0.3008 value=0.5825 entropy=1.9401 mean_return=25.664 mean_len=80.8
[gat-train] update=964 samples=616960 fps=43.4 loss=0.5717 actor=-0.1939 value=0.7848 entropy=1.9167 mean_return=25.314 mean_len=79.9
[gat-train] update=965 samples=617600 fps=43.4 loss=0.4061 actor=-0.1091 value=0.5338 entropy=1.8630 mean_return=25.036 mean_len=79.6
[gat-train] update=966 samples=618240 fps=43.4 loss=0.4514 actor=-0.1611 value=0.6311 entropy=1.8515 mean_return=24.840 mean_len=80.7
[gat-train] update=967 samples=618880 fps=43.4 loss=0.4507 actor=-0.0229 value=0.4923 entropy=1.8653 mean_return=24.290 mean_len=80.6
[gat-train] update=968 samples=619520 fps=43.4 loss=0.7999 actor=-0.0199 value=0.8375 entropy=1.7750 mean_return=23.928 mean_len=79.6
[gat-train] update=969 samples=620160 fps=43.4 loss=0.3346 actor=-0.0904 value=0.4421 entropy=1.6985 mean_return=24.282 mean_len=80.6
[gat-train] update=970 samples=620800 fps=43.5 loss=0.5786 actor=0.1043 value=0.4917 entropy=1.7404 mean_return=24.613 mean_len=81.6
[gat-train] update=971 samples=621440 fps=43.5 loss=0.5481 actor=0.0064 value=0.5592 entropy=1.7472 mean_return=25.048 mean_len=81.9
[gat-train] update=972 samples=622080 fps=43.5 loss=0.5451 actor=0.0313 value=0.5303 entropy=1.6531 mean_return=24.989 mean_len=81.3
[gat-train] update=973 samples=622720 fps=43.5 loss=0.5051 actor=0.0411 value=0.4808 entropy=1.6827 mean_return=25.211 mean_len=81.6
[gat-train] update=974 samples=623360 fps=43.5 loss=0.3805 actor=-0.0767 value=0.4738 entropy=1.6555 mean_return=25.350 mean_len=81.7
[gat-train] update=975 samples=624000 fps=43.5 loss=0.4237 actor=0.0046 value=0.4351 entropy=1.6013 mean_return=25.476 mean_len=82.2
[gat-train] update=976 samples=624640 fps=43.5 loss=0.3845 actor=-0.1936 value=0.5938 entropy=1.5731 mean_return=25.424 mean_len=82.3
[gat-train] update=977 samples=625280 fps=43.5 loss=1.1186 actor=-0.0094 value=1.1431 entropy=1.5050 mean_return=25.827 mean_len=82.2
[gat-train] update=978 samples=625920 fps=43.5 loss=0.5117 actor=-0.0149 value=0.5413 entropy=1.4672 mean_return=25.698 mean_len=82.4
[gat-train] update=979 samples=626560 fps=43.5 loss=0.4585 actor=-0.0295 value=0.5020 entropy=1.3994 mean_return=25.627 mean_len=81.8
[gat-train] update=980 samples=627200 fps=43.5 loss=0.5356 actor=0.0086 value=0.5403 entropy=1.3279 mean_return=26.071 mean_len=82.2
[gat-train] update=981 samples=627840 fps=43.5 loss=0.6158 actor=0.0568 value=0.5724 entropy=1.3425 mean_return=26.206 mean_len=82.3
[gat-train] update=982 samples=628480 fps=43.5 loss=0.3224 actor=-0.1005 value=0.4364 entropy=1.3540 mean_return=26.395 mean_len=82.6
[gat-train] update=983 samples=629120 fps=43.5 loss=0.5101 actor=-0.0957 value=0.6198 entropy=1.4055 mean_return=26.678 mean_len=82.9
[gat-train] update=984 samples=629760 fps=43.5 loss=0.6051 actor=0.0874 value=0.5319 entropy=1.4211 mean_return=26.984 mean_len=84.0
[gat-train] update=985 samples=630400 fps=43.5 loss=0.5013 actor=0.0467 value=0.4691 entropy=1.4536 mean_return=27.485 mean_len=85.1
[gat-train] update=986 samples=631040 fps=43.5 loss=0.6410 actor=0.1780 value=0.4771 entropy=1.4176 mean_return=27.947 mean_len=85.4
[gat-train] update=987 samples=631680 fps=43.5 loss=0.5976 actor=0.0120 value=0.5993 entropy=1.3683 mean_return=28.376 mean_len=85.3
[gat-train] update=988 samples=632320 fps=43.5 loss=0.5983 actor=0.0434 value=0.5691 entropy=1.4156 mean_return=28.088 mean_len=84.9
[gat-train] update=989 samples=632960 fps=43.5 loss=0.4341 actor=-0.0252 value=0.4729 entropy=1.3591 mean_return=28.213 mean_len=85.9
[gat-train] update=990 samples=633600 fps=43.5 loss=0.5083 actor=-0.0443 value=0.5664 entropy=1.3717 mean_return=28.577 mean_len=85.5
[gat-train] update=991 samples=634240 fps=43.5 loss=0.8170 actor=0.1768 value=0.6536 entropy=1.3477 mean_return=28.323 mean_len=85.1
[gat-train] update=992 samples=634880 fps=43.6 loss=0.4423 actor=0.0110 value=0.4454 entropy=1.4169 mean_return=27.937 mean_len=84.8
[gat-train] update=993 samples=635520 fps=43.5 loss=0.5337 actor=0.0984 value=0.4491 entropy=1.3807 mean_return=27.926 mean_len=84.0
[gat-train] update=994 samples=636160 fps=43.5 loss=0.6387 actor=-0.0304 value=0.6833 entropy=1.4203 mean_return=27.508 mean_len=83.7
[gat-train] update=995 samples=636800 fps=43.5 loss=0.5466 actor=0.0111 value=0.5493 entropy=1.3868 mean_return=27.681 mean_len=84.3
[gat-train] update=996 samples=637440 fps=43.5 loss=0.4773 actor=-0.0219 value=0.5132 entropy=1.3883 mean_return=27.932 mean_len=84.5
[gat-train] update=997 samples=638080 fps=43.5 loss=0.5225 actor=-0.0533 value=0.5899 entropy=1.4128 mean_return=28.084 mean_len=84.4
[gat-train] update=998 samples=638720 fps=43.4 loss=0.4422 actor=-0.0018 value=0.4582 entropy=1.4209 mean_return=27.910 mean_len=84.7
[gat-train] update=999 samples=639360 fps=43.4 loss=0.3450 actor=-0.1027 value=0.4620 entropy=1.4331 mean_return=28.202 mean_len=84.5
[gat-train] update=1000 samples=640000 fps=43.4 loss=0.5041 actor=-0.0233 value=0.5426 entropy=1.5234 mean_return=28.663 mean_len=85.5
[gat-train] eval update=1000 torch_score=85.80 deploy_score=84.00 min=80.04 bottom10=80.16 max_regression=13.29 regressions=3 guard_rejected=1 best=82.12
[gat-train] update=1001 samples=640640 fps=43.3 loss=0.4541 actor=-0.0411 value=0.5105 entropy=1.5333 mean_return=28.773 mean_len=85.7
[gat-train] update=1002 samples=641280 fps=43.3 loss=0.2398 actor=-0.2580 value=0.5133 entropy=1.5437 mean_return=28.553 mean_len=85.4
[gat-train] update=1003 samples=641920 fps=43.3 loss=0.3055 actor=-0.2280 value=0.5498 entropy=1.6267 mean_return=28.695 mean_len=85.1
[gat-train] update=1004 samples=642560 fps=43.3 loss=0.4632 actor=-0.0585 value=0.5369 entropy=1.5185 mean_return=28.539 mean_len=85.7
[gat-train] update=1005 samples=643200 fps=43.3 loss=0.4873 actor=-0.0671 value=0.5709 entropy=1.6544 mean_return=28.259 mean_len=85.3
[gat-train] update=1006 samples=643840 fps=43.2 loss=0.4688 actor=0.0118 value=0.4728 entropy=1.5781 mean_return=27.946 mean_len=85.3
[gat-train] update=1007 samples=644480 fps=43.3 loss=0.5196 actor=-0.0384 value=0.5729 entropy=1.4853 mean_return=27.954 mean_len=85.0
[gat-train] update=1008 samples=645120 fps=43.3 loss=0.2893 actor=-0.1701 value=0.4761 entropy=1.6750 mean_return=27.607 mean_len=84.2
[gat-train] update=1009 samples=645760 fps=43.3 loss=0.5180 actor=-0.0040 value=0.5384 entropy=1.6371 mean_return=27.678 mean_len=84.3
[gat-train] update=1010 samples=646400 fps=43.3 loss=0.4075 actor=-0.0295 value=0.4530 entropy=1.5959 mean_return=27.702 mean_len=84.2
[gat-train] update=1011 samples=647040 fps=43.3 loss=0.6015 actor=-0.2588 value=0.8771 entropy=1.6752 mean_return=27.180 mean_len=82.8
[gat-train] update=1012 samples=647680 fps=43.3 loss=0.3423 actor=-0.1396 value=0.4981 entropy=1.6188 mean_return=27.153 mean_len=83.2
[gat-train] update=1013 samples=648320 fps=43.3 loss=0.5230 actor=-0.2007 value=0.7395 entropy=1.5851 mean_return=26.925 mean_len=82.0
[gat-train] update=1014 samples=648960 fps=43.3 loss=0.3493 actor=-0.1087 value=0.4741 entropy=1.6093 mean_return=26.791 mean_len=81.9
[gat-train] update=1015 samples=649600 fps=43.3 loss=0.5348 actor=-0.0078 value=0.5582 entropy=1.5664 mean_return=26.978 mean_len=82.4
[gat-train] update=1016 samples=650240 fps=43.3 loss=0.3303 actor=-0.1834 value=0.5281 entropy=1.4365 mean_return=26.443 mean_len=82.1
[gat-train] update=1017 samples=650880 fps=43.4 loss=0.8339 actor=-0.1323 value=0.9804 entropy=1.4166 mean_return=26.485 mean_len=82.1
[gat-train] update=1018 samples=651520 fps=43.4 loss=0.4250 actor=-0.0919 value=0.5312 entropy=1.4244 mean_return=26.897 mean_len=83.1
[gat-train] update=1019 samples=652160 fps=43.4 loss=0.5895 actor=0.0105 value=0.5932 entropy=1.4219 mean_return=26.875 mean_len=84.0
[gat-train] update=1020 samples=652800 fps=43.4 loss=0.4677 actor=0.0154 value=0.4659 entropy=1.3545 mean_return=26.582 mean_len=84.0
[gat-train] update=1021 samples=653440 fps=43.4 loss=0.4399 actor=-0.0672 value=0.5207 entropy=1.3590 mean_return=26.763 mean_len=84.3
[gat-train] update=1022 samples=654080 fps=43.4 loss=0.4457 actor=-0.0134 value=0.4723 entropy=1.3216 mean_return=27.294 mean_len=84.9
[gat-train] update=1023 samples=654720 fps=43.4 loss=0.5343 actor=-0.1578 value=0.7058 entropy=1.3697 mean_return=27.250 mean_len=84.4
[gat-train] update=1024 samples=655360 fps=43.4 loss=0.4619 actor=-0.0236 value=0.4994 entropy=1.3858 mean_return=27.022 mean_len=85.3
[gat-train] update=1025 samples=656000 fps=43.4 loss=0.4324 actor=-0.0628 value=0.5090 entropy=1.3794 mean_return=27.049 mean_len=84.9
[gat-train] update=1026 samples=656640 fps=43.4 loss=0.4859 actor=-0.0419 value=0.5416 entropy=1.3756 mean_return=27.090 mean_len=84.9
[gat-train] update=1027 samples=657280 fps=43.4 loss=0.4076 actor=0.0715 value=0.3494 entropy=1.3391 mean_return=27.737 mean_len=85.2
[gat-train] update=1028 samples=657920 fps=43.4 loss=0.6311 actor=-0.0807 value=0.7257 entropy=1.3945 mean_return=27.491 mean_len=84.4
[gat-train] update=1029 samples=658560 fps=43.4 loss=0.5847 actor=0.0774 value=0.5215 entropy=1.4176 mean_return=27.284 mean_len=83.7
[gat-train] update=1030 samples=659200 fps=43.4 loss=0.4293 actor=-0.1090 value=0.5529 entropy=1.4647 mean_return=27.434 mean_len=83.9
[gat-train] update=1031 samples=659840 fps=43.4 loss=0.3828 actor=0.0035 value=0.3934 entropy=1.3997 mean_return=27.577 mean_len=83.5
[gat-train] update=1032 samples=660480 fps=43.4 loss=0.4598 actor=-0.0301 value=0.5038 entropy=1.3836 mean_return=27.865 mean_len=84.0
[gat-train] update=1033 samples=661120 fps=43.5 loss=0.4003 actor=-0.0843 value=0.4985 entropy=1.3919 mean_return=27.898 mean_len=83.9
[gat-train] update=1034 samples=661760 fps=43.5 loss=0.4321 actor=-0.0835 value=0.5297 entropy=1.4087 mean_return=27.274 mean_len=83.4
[gat-train] update=1035 samples=662400 fps=43.5 loss=0.5403 actor=0.0677 value=0.4865 entropy=1.3940 mean_return=27.712 mean_len=84.4
[gat-train] update=1036 samples=663040 fps=43.5 loss=0.3449 actor=-0.0347 value=0.3930 entropy=1.3466 mean_return=27.850 mean_len=84.5
[gat-train] update=1037 samples=663680 fps=43.5 loss=0.4895 actor=0.0315 value=0.4720 entropy=1.3896 mean_return=27.950 mean_len=85.0
[gat-train] update=1038 samples=664320 fps=43.5 loss=0.4466 actor=-0.0201 value=0.4811 entropy=1.4420 mean_return=27.925 mean_len=85.0
[gat-train] update=1039 samples=664960 fps=43.5 loss=0.4512 actor=-0.0021 value=0.4673 entropy=1.3965 mean_return=28.038 mean_len=85.0
[gat-train] update=1040 samples=665600 fps=43.5 loss=0.4140 actor=-0.1222 value=0.5507 entropy=1.4537 mean_return=27.712 mean_len=85.3
[gat-train] update=1041 samples=666240 fps=43.5 loss=0.3863 actor=-0.0763 value=0.4775 entropy=1.4906 mean_return=28.035 mean_len=86.0
[gat-train] update=1042 samples=666880 fps=43.6 loss=0.6354 actor=-0.1080 value=0.7584 entropy=1.5029 mean_return=27.451 mean_len=84.9
[gat-train] update=1043 samples=667520 fps=43.6 loss=0.3383 actor=-0.0694 value=0.4228 entropy=1.5093 mean_return=27.327 mean_len=85.1
[gat-train] update=1044 samples=668160 fps=43.6 loss=0.5852 actor=0.1185 value=0.4817 entropy=1.5054 mean_return=27.383 mean_len=85.0
[gat-train] update=1045 samples=668800 fps=43.6 loss=0.4722 actor=0.0064 value=0.4807 entropy=1.4902 mean_return=27.160 mean_len=84.8
[gat-train] update=1046 samples=669440 fps=43.6 loss=0.3958 actor=-0.1199 value=0.5305 entropy=1.4710 mean_return=26.992 mean_len=84.5
[gat-train] update=1047 samples=670080 fps=43.6 loss=0.6342 actor=0.1623 value=0.4867 entropy=1.4782 mean_return=27.174 mean_len=84.8
[gat-train] update=1048 samples=670720 fps=43.6 loss=0.6718 actor=-0.1911 value=0.8767 entropy=1.3804 mean_return=26.948 mean_len=83.8
[gat-train] update=1049 samples=671360 fps=43.6 loss=0.3456 actor=-0.0272 value=0.3870 entropy=1.4246 mean_return=27.169 mean_len=84.3
[gat-train] update=1050 samples=672000 fps=43.6 loss=0.4571 actor=-0.0054 value=0.4768 entropy=1.4187 mean_return=26.655 mean_len=83.5
[gat-train] eval update=1050 torch_score=86.47 deploy_score=84.42 min=71.49 bottom10=75.89 max_regression=8.71 regressions=4 guard_rejected=1 best=82.12
[gat-train] update=1051 samples=672640 fps=43.5 loss=0.3723 actor=-0.1255 value=0.5120 entropy=1.4104 mean_return=26.907 mean_len=83.5
[gat-train] update=1052 samples=673280 fps=43.5 loss=0.3833 actor=-0.0615 value=0.4588 entropy=1.4047 mean_return=26.874 mean_len=83.4
[gat-train] update=1053 samples=673920 fps=43.5 loss=0.3940 actor=-0.0749 value=0.4826 entropy=1.3698 mean_return=27.062 mean_len=83.6
[gat-train] update=1054 samples=674560 fps=43.5 loss=0.6090 actor=0.0524 value=0.5705 entropy=1.3852 mean_return=26.893 mean_len=83.2
[gat-train] update=1055 samples=675200 fps=43.5 loss=0.4411 actor=-0.0671 value=0.5226 entropy=1.4426 mean_return=27.084 mean_len=83.7
[gat-train] update=1056 samples=675840 fps=43.5 loss=0.6402 actor=0.1067 value=0.5476 entropy=1.4098 mean_return=27.005 mean_len=84.1
[gat-train] update=1057 samples=676480 fps=43.5 loss=0.4306 actor=-0.0535 value=0.4981 entropy=1.4065 mean_return=27.174 mean_len=84.7
[gat-train] update=1058 samples=677120 fps=43.5 loss=0.4605 actor=-0.0730 value=0.5480 entropy=1.4512 mean_return=26.821 mean_len=84.4
[gat-train] update=1059 samples=677760 fps=43.5 loss=0.5746 actor=0.0092 value=0.5796 entropy=1.4165 mean_return=27.410 mean_len=85.5
[gat-train] update=1060 samples=678400 fps=43.5 loss=0.6024 actor=0.1240 value=0.4925 entropy=1.4163 mean_return=27.296 mean_len=85.2
[gat-train] update=1061 samples=679040 fps=43.6 loss=0.4708 actor=-0.0179 value=0.5034 entropy=1.4730 mean_return=27.393 mean_len=85.2
[gat-train] update=1062 samples=679680 fps=43.6 loss=0.3764 actor=-0.1051 value=0.4976 entropy=1.6089 mean_return=27.440 mean_len=85.0
[gat-train] update=1063 samples=680320 fps=43.6 loss=0.4795 actor=0.0152 value=0.4803 entropy=1.5988 mean_return=27.004 mean_len=83.8
[gat-train] update=1064 samples=680960 fps=43.6 loss=0.5644 actor=-0.0996 value=0.6811 entropy=1.7116 mean_return=27.057 mean_len=83.2
[gat-train] update=1065 samples=681600 fps=43.5 loss=0.3782 actor=-0.0873 value=0.4833 entropy=1.7854 mean_return=26.894 mean_len=83.0
[gat-train] update=1066 samples=682240 fps=43.5 loss=0.3529 actor=-0.0741 value=0.4455 entropy=1.8464 mean_return=26.745 mean_len=82.8
[gat-train] update=1067 samples=682880 fps=43.5 loss=0.3050 actor=-0.0740 value=0.3974 entropy=1.8384 mean_return=26.413 mean_len=82.7
[gat-train] update=1068 samples=683520 fps=43.6 loss=0.3808 actor=-0.0569 value=0.4565 entropy=1.8851 mean_return=26.444 mean_len=82.3
[gat-train] update=1069 samples=684160 fps=43.6 loss=0.4604 actor=0.0159 value=0.4631 entropy=1.8612 mean_return=27.206 mean_len=84.0
[gat-train] update=1070 samples=684800 fps=43.6 loss=0.5409 actor=0.0762 value=0.4828 entropy=1.8131 mean_return=26.829 mean_len=83.7
[gat-train] update=1071 samples=685440 fps=43.6 loss=0.4455 actor=-0.0697 value=0.5333 entropy=1.8174 mean_return=27.330 mean_len=84.6
[gat-train] update=1072 samples=686080 fps=43.6 loss=0.4323 actor=-0.1099 value=0.5598 entropy=1.7625 mean_return=27.163 mean_len=84.3
[gat-train] update=1073 samples=686720 fps=43.5 loss=0.4796 actor=-0.0163 value=0.5133 entropy=1.7415 mean_return=27.013 mean_len=83.9
[gat-train] update=1074 samples=687360 fps=43.5 loss=0.3461 actor=-0.0213 value=0.3839 entropy=1.6514 mean_return=27.685 mean_len=84.4
[gat-train] update=1075 samples=688000 fps=43.5 loss=0.3768 actor=-0.0701 value=0.4639 entropy=1.6979 mean_return=27.456 mean_len=84.6
[gat-train] update=1076 samples=688640 fps=43.5 loss=0.4243 actor=-0.0993 value=0.5400 entropy=1.6485 mean_return=27.210 mean_len=84.4
[gat-train] update=1077 samples=689280 fps=43.5 loss=0.2951 actor=-0.1487 value=0.4599 entropy=1.6044 mean_return=27.323 mean_len=84.6
[gat-train] update=1078 samples=689920 fps=43.5 loss=0.4416 actor=-0.0587 value=0.5164 entropy=1.6180 mean_return=27.224 mean_len=84.7
[gat-train] update=1079 samples=690560 fps=43.5 loss=0.4048 actor=-0.0740 value=0.4941 entropy=1.5392 mean_return=27.497 mean_len=85.5
[gat-train] update=1080 samples=691200 fps=43.5 loss=0.5204 actor=0.0789 value=0.4563 entropy=1.4812 mean_return=27.318 mean_len=86.0
[gat-train] update=1081 samples=691840 fps=43.5 loss=0.3806 actor=-0.0695 value=0.4648 entropy=1.4717 mean_return=27.079 mean_len=85.4
[gat-train] update=1082 samples=692480 fps=43.5 loss=0.4756 actor=-0.0268 value=0.5163 entropy=1.3878 mean_return=27.074 mean_len=85.8
[gat-train] update=1083 samples=693120 fps=43.5 loss=0.5307 actor=0.0512 value=0.4935 entropy=1.4106 mean_return=27.033 mean_len=85.2
[gat-train] update=1084 samples=693760 fps=43.5 loss=0.4226 actor=-0.0863 value=0.5231 entropy=1.4264 mean_return=27.207 mean_len=85.4
[gat-train] update=1085 samples=694400 fps=43.5 loss=0.4825 actor=-0.0312 value=0.5279 entropy=1.4224 mean_return=26.908 mean_len=84.6
[gat-train] update=1086 samples=695040 fps=43.5 loss=0.5868 actor=-0.0851 value=0.6860 entropy=1.4029 mean_return=26.833 mean_len=84.1
[gat-train] update=1087 samples=695680 fps=43.5 loss=0.7760 actor=-0.0189 value=0.8086 entropy=1.3640 mean_return=27.096 mean_len=84.1
[gat-train] update=1088 samples=696320 fps=43.5 loss=0.3972 actor=0.0127 value=0.3986 entropy=1.4207 mean_return=26.973 mean_len=84.2
[gat-train] update=1089 samples=696960 fps=43.6 loss=0.5031 actor=0.0771 value=0.4405 entropy=1.4477 mean_return=27.148 mean_len=84.4
[gat-train] update=1090 samples=697600 fps=43.6 loss=0.4483 actor=-0.0381 value=0.5015 entropy=1.5215 mean_return=27.370 mean_len=84.8
[gat-train] update=1091 samples=698240 fps=43.6 loss=0.4199 actor=-0.0792 value=0.5149 entropy=1.5803 mean_return=27.360 mean_len=84.7
[gat-train] update=1092 samples=698880 fps=43.6 loss=0.5741 actor=0.0393 value=0.5518 entropy=1.7029 mean_return=27.770 mean_len=85.3
[gat-train] update=1093 samples=699520 fps=43.6 loss=0.3051 actor=-0.1838 value=0.5059 entropy=1.6972 mean_return=28.606 mean_len=86.0
[gat-train] update=1094 samples=700160 fps=43.6 loss=0.1744 actor=-0.3072 value=0.4979 entropy=1.6317 mean_return=28.275 mean_len=86.1
[gat-train] update=1095 samples=700800 fps=43.6 loss=0.4290 actor=-0.1391 value=0.5846 entropy=1.6435 mean_return=28.207 mean_len=85.6
[gat-train] update=1096 samples=701440 fps=43.6 loss=0.4900 actor=0.0139 value=0.4917 entropy=1.5637 mean_return=28.122 mean_len=85.1
[gat-train] update=1097 samples=702080 fps=43.6 loss=0.2291 actor=-0.2789 value=0.5241 entropy=1.6155 mean_return=28.187 mean_len=84.8
[gat-train] update=1098 samples=702720 fps=43.6 loss=0.2661 actor=-0.2269 value=0.5088 entropy=1.5772 mean_return=28.016 mean_len=84.0
[gat-train] update=1099 samples=703360 fps=43.6 loss=0.3241 actor=-0.1770 value=0.5160 entropy=1.4993 mean_return=27.503 mean_len=83.4
[gat-train] update=1100 samples=704000 fps=43.7 loss=0.4166 actor=-0.0131 value=0.4432 entropy=1.3558 mean_return=27.439 mean_len=83.7
[gat-train] eval update=1100 torch_score=86.33 deploy_score=84.05 min=80.04 bottom10=80.16 max_regression=8.71 regressions=4 guard_rejected=1 best=82.12
[gat-train] update=1101 samples=704640 fps=43.5 loss=0.4377 actor=-0.0407 value=0.4915 entropy=1.3053 mean_return=27.200 mean_len=83.5
[gat-train] update=1102 samples=705280 fps=43.5 loss=0.5196 actor=0.0136 value=0.5197 entropy=1.3610 mean_return=27.263 mean_len=84.1
[gat-train] update=1103 samples=705920 fps=43.6 loss=0.7578 actor=0.0351 value=0.7359 entropy=1.3176 mean_return=27.212 mean_len=83.8
[gat-train] update=1104 samples=706560 fps=43.6 loss=0.5303 actor=-0.0222 value=0.5665 entropy=1.3906 mean_return=27.188 mean_len=84.1
[gat-train] update=1105 samples=707200 fps=43.6 loss=0.4542 actor=-0.1161 value=0.5838 entropy=1.3496 mean_return=27.198 mean_len=83.8
[gat-train] update=1106 samples=707840 fps=43.6 loss=0.5443 actor=0.0941 value=0.4641 entropy=1.3846 mean_return=26.983 mean_len=83.4
[gat-train] update=1107 samples=708480 fps=43.6 loss=0.4696 actor=-0.0501 value=0.5337 entropy=1.3990 mean_return=26.790 mean_len=83.1
[gat-train] update=1108 samples=709120 fps=43.6 loss=0.4473 actor=-0.1360 value=0.5980 entropy=1.4664 mean_return=26.733 mean_len=82.3
[gat-train] update=1109 samples=709760 fps=43.6 loss=0.3894 actor=-0.0495 value=0.4538 entropy=1.4947 mean_return=26.843 mean_len=83.0
[gat-train] update=1110 samples=710400 fps=43.6 loss=0.4726 actor=-0.0222 value=0.5097 entropy=1.4899 mean_return=26.604 mean_len=82.6
[gat-train] update=1111 samples=711040 fps=43.6 loss=0.2889 actor=-0.1363 value=0.4398 entropy=1.4712 mean_return=26.544 mean_len=82.8
[gat-train] update=1112 samples=711680 fps=43.6 loss=3.0107 actor=-0.2246 value=3.2494 entropy=1.4055 mean_return=26.148 mean_len=82.4
[gat-train] update=1113 samples=712320 fps=43.6 loss=0.3275 actor=-0.1537 value=0.4954 entropy=1.4090 mean_return=26.525 mean_len=84.0
[gat-train] update=1114 samples=712960 fps=43.6 loss=0.5425 actor=0.1039 value=0.4531 entropy=1.4451 mean_return=26.835 mean_len=84.7
[gat-train] update=1115 samples=713600 fps=43.6 loss=0.3916 actor=-0.0591 value=0.4650 entropy=1.4349 mean_return=26.773 mean_len=84.7
[gat-train] update=1116 samples=714240 fps=43.6 loss=0.2708 actor=-0.1199 value=0.4047 entropy=1.4040 mean_return=26.734 mean_len=84.5
[gat-train] update=1117 samples=714880 fps=43.6 loss=0.5681 actor=0.0733 value=0.5086 entropy=1.3794 mean_return=26.998 mean_len=84.5
[gat-train] update=1118 samples=715520 fps=43.6 loss=0.5634 actor=0.0864 value=0.4905 entropy=1.3604 mean_return=27.022 mean_len=83.9
[gat-train] update=1119 samples=716160 fps=43.6 loss=0.4936 actor=0.0059 value=0.5011 entropy=1.3420 mean_return=27.136 mean_len=83.9
[gat-train] update=1120 samples=716800 fps=43.6 loss=0.5685 actor=0.0161 value=0.5663 entropy=1.3845 mean_return=27.009 mean_len=83.4
[gat-train] update=1121 samples=717440 fps=43.6 loss=0.2943 actor=-0.0995 value=0.4063 entropy=1.2482 mean_return=27.190 mean_len=83.5
[gat-train] update=1122 samples=718080 fps=43.6 loss=0.3535 actor=-0.0591 value=0.4259 entropy=1.3212 mean_return=26.829 mean_len=83.0
[gat-train] update=1123 samples=718720 fps=43.6 loss=2.4747 actor=-0.1244 value=2.6130 entropy=1.3907 mean_return=26.396 mean_len=82.1
[gat-train] update=1124 samples=719360 fps=43.6 loss=0.3938 actor=-0.0378 value=0.4452 entropy=1.3547 mean_return=26.244 mean_len=82.1
[gat-train] update=1125 samples=720000 fps=43.6 loss=0.3777 actor=0.0020 value=0.3902 entropy=1.4540 mean_return=26.310 mean_len=82.3
[gat-train] update=1126 samples=720640 fps=43.6 loss=0.3359 actor=-0.1418 value=0.4939 entropy=1.6260 mean_return=26.639 mean_len=82.8
[gat-train] update=1127 samples=721280 fps=43.6 loss=0.3279 actor=-0.1114 value=0.4556 entropy=1.6290 mean_return=26.692 mean_len=83.2
[gat-train] update=1128 samples=721920 fps=43.6 loss=0.3996 actor=-0.0256 value=0.4422 entropy=1.6958 mean_return=26.953 mean_len=83.7
[gat-train] update=1129 samples=722560 fps=43.6 loss=0.4296 actor=-0.1635 value=0.6117 entropy=1.8575 mean_return=27.147 mean_len=83.6
[gat-train] update=1130 samples=723200 fps=43.6 loss=0.1281 actor=-0.2531 value=0.4008 entropy=1.9601 mean_return=27.629 mean_len=84.7
[gat-train] update=1131 samples=723840 fps=43.6 loss=0.2967 actor=-0.2434 value=0.5602 entropy=2.0126 mean_return=27.878 mean_len=84.8
[gat-train] update=1132 samples=724480 fps=43.6 loss=0.0662 actor=-0.4007 value=0.4877 entropy=2.0764 mean_return=28.067 mean_len=85.2
[gat-train] update=1133 samples=725120 fps=43.6 loss=0.3352 actor=-0.2278 value=0.5837 entropy=2.0624 mean_return=28.127 mean_len=85.7
[gat-train] update=1134 samples=725760 fps=43.6 loss=0.3374 actor=-0.2373 value=0.5955 entropy=2.0898 mean_return=27.688 mean_len=85.1
[gat-train] update=1135 samples=726400 fps=43.6 loss=0.2995 actor=-0.1822 value=0.5016 entropy=1.9957 mean_return=27.634 mean_len=85.2
[gat-train] update=1136 samples=727040 fps=43.6 loss=0.4480 actor=-0.0475 value=0.5158 entropy=2.0375 mean_return=27.941 mean_len=85.3
[gat-train] update=1137 samples=727680 fps=43.6 loss=0.1718 actor=-0.2898 value=0.4810 entropy=1.9391 mean_return=27.777 mean_len=85.3
[gat-train] update=1138 samples=728320 fps=43.6 loss=0.5171 actor=-0.1943 value=0.7298 entropy=1.8417 mean_return=27.564 mean_len=84.9
[gat-train] update=1139 samples=728960 fps=43.6 loss=0.3787 actor=-0.2523 value=0.6491 entropy=1.8178 mean_return=26.949 mean_len=84.1
[gat-train] update=1140 samples=729600 fps=43.6 loss=0.3712 actor=-0.1788 value=0.5669 entropy=1.6895 mean_return=26.955 mean_len=84.5
[gat-train] update=1141 samples=730240 fps=43.6 loss=0.3863 actor=-0.0764 value=0.4789 entropy=1.6165 mean_return=26.932 mean_len=84.1
[gat-train] update=1142 samples=730880 fps=43.6 loss=0.2326 actor=-0.1780 value=0.4259 entropy=1.5296 mean_return=27.024 mean_len=84.0
[gat-train] update=1143 samples=731520 fps=43.6 loss=0.4125 actor=-0.1498 value=0.5765 entropy=1.4133 mean_return=26.501 mean_len=82.9
[gat-train] update=1144 samples=732160 fps=43.6 loss=0.2461 actor=-0.2181 value=0.4781 entropy=1.3874 mean_return=26.198 mean_len=82.2
[gat-train] update=1145 samples=732800 fps=43.6 loss=0.3534 actor=-0.2198 value=0.5870 entropy=1.3788 mean_return=26.283 mean_len=81.9
[gat-train] update=1146 samples=733440 fps=43.6 loss=0.3096 actor=-0.1322 value=0.4551 entropy=1.3268 mean_return=26.580 mean_len=81.4
[gat-train] update=1147 samples=734080 fps=43.6 loss=0.4123 actor=-0.0916 value=0.5167 entropy=1.2743 mean_return=26.504 mean_len=80.9
[gat-train] update=1148 samples=734720 fps=43.6 loss=0.4528 actor=-0.0460 value=0.5120 entropy=1.3193 mean_return=26.197 mean_len=80.6
[gat-train] update=1149 samples=735360 fps=43.6 loss=0.4309 actor=-0.0358 value=0.4802 entropy=1.3540 mean_return=26.289 mean_len=81.3
[gat-train] update=1150 samples=736000 fps=43.6 loss=0.4356 actor=0.0394 value=0.4091 entropy=1.2875 mean_return=26.349 mean_len=81.5
[gat-train] eval update=1150 torch_score=85.67 deploy_score=84.32 min=76.56 bottom10=78.50 max_regression=8.71 regressions=3 guard_rejected=1 best=82.12
[gat-train] update=1151 samples=736640 fps=43.5 loss=0.8793 actor=-0.0927 value=0.9854 entropy=1.3443 mean_return=26.130 mean_len=81.5
[gat-train] update=1152 samples=737280 fps=43.5 loss=0.3620 actor=-0.0364 value=0.4114 entropy=1.3018 mean_return=25.920 mean_len=82.1
[gat-train] update=1153 samples=737920 fps=43.5 loss=0.5424 actor=0.1350 value=0.4204 entropy=1.3020 mean_return=26.118 mean_len=82.8
[gat-train] update=1154 samples=738560 fps=43.4 loss=0.5153 actor=-0.0182 value=0.5472 entropy=1.3664 mean_return=26.264 mean_len=83.1
[gat-train] update=1155 samples=739200 fps=43.5 loss=0.4393 actor=0.0929 value=0.3605 entropy=1.4066 mean_return=26.251 mean_len=83.4
[gat-train] update=1156 samples=739840 fps=43.5 loss=0.3771 actor=-0.0936 value=0.4848 entropy=1.4105 mean_return=25.966 mean_len=82.7
[gat-train] update=1157 samples=740480 fps=43.5 loss=0.2914 actor=-0.0787 value=0.3845 entropy=1.4380 mean_return=26.005 mean_len=82.6
[gat-train] update=1158 samples=741120 fps=43.5 loss=0.3252 actor=-0.1496 value=0.4895 entropy=1.4707 mean_return=26.154 mean_len=82.7
[gat-train] update=1159 samples=741760 fps=43.5 loss=0.4009 actor=0.0684 value=0.3472 entropy=1.4687 mean_return=27.028 mean_len=83.9
[gat-train] update=1160 samples=742400 fps=43.5 loss=0.4486 actor=0.0022 value=0.4617 entropy=1.5346 mean_return=26.860 mean_len=83.9
[gat-train] update=1161 samples=743040 fps=43.5 loss=0.2917 actor=-0.1760 value=0.4826 entropy=1.4915 mean_return=26.906 mean_len=84.7
[gat-train] update=1162 samples=743680 fps=43.5 loss=0.4280 actor=-0.0112 value=0.4535 entropy=1.4273 mean_return=27.050 mean_len=84.0
[gat-train] update=1163 samples=744320 fps=43.5 loss=0.4321 actor=-0.0972 value=0.5445 entropy=1.5187 mean_return=27.062 mean_len=84.6
[gat-train] update=1164 samples=744960 fps=43.5 loss=0.3789 actor=0.0185 value=0.3755 entropy=1.5114 mean_return=27.303 mean_len=85.1
[gat-train] update=1165 samples=745600 fps=43.6 loss=0.3354 actor=-0.0824 value=0.4335 entropy=1.5789 mean_return=27.346 mean_len=85.0
[gat-train] update=1166 samples=746240 fps=43.6 loss=0.4041 actor=-0.0376 value=0.4576 entropy=1.5866 mean_return=27.291 mean_len=84.9
[gat-train] update=1167 samples=746880 fps=43.6 loss=0.5682 actor=0.1362 value=0.4470 entropy=1.4996 mean_return=27.351 mean_len=85.0
[gat-train] update=1168 samples=747520 fps=43.6 loss=0.4936 actor=0.0430 value=0.4666 entropy=1.5970 mean_return=26.904 mean_len=84.6
[gat-train] update=1169 samples=748160 fps=43.6 loss=0.5483 actor=0.1446 value=0.4198 entropy=1.6021 mean_return=27.054 mean_len=84.8
[gat-train] update=1170 samples=748800 fps=43.6 loss=0.4678 actor=0.0607 value=0.4232 entropy=1.6023 mean_return=27.154 mean_len=85.3
[gat-train] update=1171 samples=749440 fps=43.6 loss=0.3567 actor=-0.0387 value=0.4118 entropy=1.6374 mean_return=26.473 mean_len=84.5
[gat-train] update=1172 samples=750080 fps=43.6 loss=0.4647 actor=0.0920 value=0.3889 entropy=1.6198 mean_return=26.414 mean_len=84.6
[gat-train] update=1173 samples=750720 fps=43.6 loss=0.3237 actor=-0.0680 value=0.4079 entropy=1.6145 mean_return=26.048 mean_len=84.2
[gat-train] update=1174 samples=751360 fps=43.7 loss=0.3386 actor=-0.1210 value=0.4758 entropy=1.6201 mean_return=26.020 mean_len=84.4
[gat-train] update=1175 samples=752000 fps=43.7 loss=0.3909 actor=-0.0704 value=0.4766 entropy=1.5352 mean_return=25.970 mean_len=84.3
[gat-train] update=1176 samples=752640 fps=43.7 loss=0.3409 actor=-0.0381 value=0.3943 entropy=1.5364 mean_return=26.038 mean_len=84.1
[gat-train] update=1177 samples=753280 fps=43.7 loss=0.3957 actor=-0.0088 value=0.4189 entropy=1.4420 mean_return=25.910 mean_len=84.1
[gat-train] update=1178 samples=753920 fps=43.7 loss=0.5137 actor=0.0340 value=0.4937 entropy=1.4079 mean_return=26.350 mean_len=84.2
[gat-train] update=1179 samples=754560 fps=43.7 loss=0.4894 actor=0.1062 value=0.3973 entropy=1.4094 mean_return=26.484 mean_len=84.3
[gat-train] update=1180 samples=755200 fps=43.7 loss=0.5354 actor=-0.0076 value=0.5570 entropy=1.4018 mean_return=26.842 mean_len=84.1
[gat-train] update=1181 samples=755840 fps=43.7 loss=0.3689 actor=-0.1229 value=0.5055 entropy=1.3590 mean_return=27.175 mean_len=84.4
[gat-train] update=1182 samples=756480 fps=43.7 loss=0.3699 actor=-0.0631 value=0.4471 entropy=1.4034 mean_return=27.205 mean_len=84.0
[gat-train] update=1183 samples=757120 fps=43.7 loss=0.4656 actor=-0.0318 value=0.5113 entropy=1.3955 mean_return=27.219 mean_len=84.1
[gat-train] update=1184 samples=757760 fps=43.7 loss=0.6060 actor=0.1101 value=0.5098 entropy=1.3860 mean_return=27.132 mean_len=84.3
[gat-train] update=1185 samples=758400 fps=43.7 loss=0.5392 actor=0.1050 value=0.4475 entropy=1.3333 mean_return=27.382 mean_len=84.3
[gat-train] update=1186 samples=759040 fps=43.7 loss=0.4025 actor=0.0005 value=0.4152 entropy=1.3251 mean_return=27.382 mean_len=84.7
[gat-train] update=1187 samples=759680 fps=43.8 loss=0.6115 actor=0.0129 value=0.6124 entropy=1.3838 mean_return=27.161 mean_len=84.7
[gat-train] update=1188 samples=760320 fps=43.8 loss=0.2454 actor=-0.1093 value=0.3680 entropy=1.3330 mean_return=26.844 mean_len=84.2
[gat-train] update=1189 samples=760960 fps=43.8 loss=0.5634 actor=0.0902 value=0.4866 entropy=1.3401 mean_return=27.084 mean_len=85.0
[gat-train] update=1190 samples=761600 fps=43.8 loss=0.5450 actor=0.0264 value=0.5314 entropy=1.2849 mean_return=26.876 mean_len=85.0
[gat-train] update=1191 samples=762240 fps=43.8 loss=0.4867 actor=0.0495 value=0.4504 entropy=1.3108 mean_return=26.616 mean_len=84.2
[gat-train] update=1192 samples=762880 fps=43.8 loss=0.4431 actor=-0.0517 value=0.5081 entropy=1.3309 mean_return=26.197 mean_len=83.8
[gat-train] update=1193 samples=763520 fps=43.8 loss=0.5382 actor=0.0294 value=0.5222 entropy=1.3336 mean_return=26.362 mean_len=83.3
[gat-train] update=1194 samples=764160 fps=43.8 loss=0.4172 actor=-0.0342 value=0.4643 entropy=1.2902 mean_return=26.397 mean_len=83.3
[gat-train] update=1195 samples=764800 fps=43.8 loss=0.5302 actor=0.0877 value=0.4561 entropy=1.3638 mean_return=26.489 mean_len=83.9
[gat-train] update=1196 samples=765440 fps=43.8 loss=0.3709 actor=-0.0516 value=0.4358 entropy=1.3359 mean_return=26.340 mean_len=83.5
[gat-train] update=1197 samples=766080 fps=43.8 loss=0.4962 actor=0.0577 value=0.4518 entropy=1.3362 mean_return=26.459 mean_len=84.1
[gat-train] update=1198 samples=766720 fps=43.8 loss=0.4139 actor=-0.0545 value=0.4816 entropy=1.3219 mean_return=26.646 mean_len=83.7
[gat-train] update=1199 samples=767360 fps=43.8 loss=0.5419 actor=0.0630 value=0.4920 entropy=1.3051 mean_return=27.008 mean_len=84.4
[gat-train] update=1200 samples=768000 fps=43.8 loss=0.4961 actor=-0.0533 value=0.5628 entropy=1.3393 mean_return=27.057 mean_len=85.3
[gat-train] eval update=1200 torch_score=86.90 deploy_score=84.23 min=79.15 bottom10=79.45 max_regression=13.29 regressions=2 guard_rejected=1 best=82.12
[gat-train] update=1201 samples=768640 fps=43.7 loss=0.5962 actor=0.1116 value=0.4982 entropy=1.3635 mean_return=27.216 mean_len=85.0
[gat-train] update=1202 samples=769280 fps=43.7 loss=0.4409 actor=0.0459 value=0.4090 entropy=1.4061 mean_return=27.700 mean_len=85.6
[gat-train] update=1203 samples=769920 fps=43.7 loss=0.3899 actor=0.0045 value=0.3994 entropy=1.4002 mean_return=27.839 mean_len=85.5
[gat-train] update=1204 samples=770560 fps=43.7 loss=0.3391 actor=-0.0275 value=0.3804 entropy=1.3879 mean_return=27.889 mean_len=85.9
[gat-train] update=1205 samples=771200 fps=43.7 loss=0.5972 actor=0.0649 value=0.5462 entropy=1.3878 mean_return=27.768 mean_len=85.6
[gat-train] update=1206 samples=771840 fps=43.7 loss=0.3962 actor=-0.0805 value=0.4911 entropy=1.4378 mean_return=27.728 mean_len=85.7
[gat-train] update=1207 samples=772480 fps=43.7 loss=0.6097 actor=0.0728 value=0.5513 entropy=1.4399 mean_return=28.230 mean_len=86.6
[gat-train] update=1208 samples=773120 fps=43.7 loss=0.4117 actor=-0.0844 value=0.5107 entropy=1.4634 mean_return=28.280 mean_len=86.1
[gat-train] update=1209 samples=773760 fps=43.7 loss=0.4986 actor=0.0253 value=0.4883 entropy=1.4990 mean_return=28.043 mean_len=85.9
[gat-train] update=1210 samples=774400 fps=43.7 loss=0.4250 actor=-0.0470 value=0.4882 entropy=1.6194 mean_return=28.296 mean_len=85.9
[gat-train] update=1211 samples=775040 fps=43.7 loss=0.3245 actor=-0.0848 value=0.4250 entropy=1.5724 mean_return=28.145 mean_len=85.5
[gat-train] update=1212 samples=775680 fps=43.7 loss=0.3537 actor=-0.0970 value=0.4669 entropy=1.6130 mean_return=28.309 mean_len=85.8
[gat-train] update=1213 samples=776320 fps=43.7 loss=0.3654 actor=-0.1033 value=0.4846 entropy=1.5845 mean_return=28.119 mean_len=84.9
[gat-train] update=1214 samples=776960 fps=43.7 loss=0.2289 actor=-0.2393 value=0.4840 entropy=1.5778 mean_return=27.909 mean_len=84.8
[gat-train] update=1215 samples=777600 fps=43.8 loss=0.2946 actor=-0.1993 value=0.5099 entropy=1.6019 mean_return=27.773 mean_len=84.5
[gat-train] update=1216 samples=778240 fps=43.8 loss=0.3713 actor=-0.2154 value=0.6032 entropy=1.6508 mean_return=27.942 mean_len=83.8
[gat-train] update=1217 samples=778880 fps=43.8 loss=0.4238 actor=-0.0109 value=0.4505 entropy=1.5751 mean_return=28.021 mean_len=83.6
[gat-train] update=1218 samples=779520 fps=43.8 loss=0.4438 actor=-0.0670 value=0.5266 entropy=1.5785 mean_return=27.755 mean_len=83.9
[gat-train] update=1219 samples=780160 fps=43.8 loss=0.4232 actor=0.0145 value=0.4253 entropy=1.6611 mean_return=27.744 mean_len=83.6
[gat-train] update=1220 samples=780800 fps=43.8 loss=0.5503 actor=0.0209 value=0.5466 entropy=1.7243 mean_return=27.874 mean_len=83.9
[gat-train] update=1221 samples=781440 fps=43.8 loss=0.2473 actor=-0.2007 value=0.4650 entropy=1.6910 mean_return=27.288 mean_len=83.4
[gat-train] update=1222 samples=782080 fps=43.8 loss=0.3877 actor=-0.1013 value=0.5060 entropy=1.6904 mean_return=26.995 mean_len=83.8
[gat-train] update=1223 samples=782720 fps=43.8 loss=0.3077 actor=-0.1295 value=0.4535 entropy=1.6312 mean_return=26.969 mean_len=83.9
[gat-train] update=1224 samples=783360 fps=43.8 loss=0.3657 actor=-0.1356 value=0.5177 entropy=1.6366 mean_return=26.314 mean_len=83.4
[gat-train] update=1225 samples=784000 fps=43.8 loss=0.3919 actor=-0.0773 value=0.4859 entropy=1.6705 mean_return=26.065 mean_len=82.9
[gat-train] update=1226 samples=784640 fps=43.8 loss=0.4961 actor=-0.2614 value=0.7752 entropy=1.7710 mean_return=26.012 mean_len=83.0
[gat-train] update=1227 samples=785280 fps=43.9 loss=0.3684 actor=-0.1310 value=0.5160 entropy=1.6536 mean_return=26.246 mean_len=83.1
[gat-train] update=1228 samples=785920 fps=43.9 loss=0.2310 actor=-0.2210 value=0.4686 entropy=1.6578 mean_return=26.367 mean_len=83.3
[gat-train] update=1229 samples=786560 fps=43.9 loss=0.3159 actor=-0.1060 value=0.4382 entropy=1.6336 mean_return=26.367 mean_len=83.5
[gat-train] update=1230 samples=787200 fps=43.9 loss=0.4803 actor=-0.1570 value=0.6532 entropy=1.5800 mean_return=26.284 mean_len=82.7
[gat-train] update=1231 samples=787840 fps=43.9 loss=0.4018 actor=0.0253 value=0.3905 entropy=1.4056 mean_return=26.673 mean_len=83.0
[gat-train] update=1232 samples=788480 fps=43.9 loss=0.3115 actor=-0.1477 value=0.4733 entropy=1.4061 mean_return=26.982 mean_len=82.9
[gat-train] update=1233 samples=789120 fps=43.9 loss=0.4321 actor=-0.1457 value=0.5917 entropy=1.3860 mean_return=26.766 mean_len=82.0
[gat-train] update=1234 samples=789760 fps=43.9 loss=0.5178 actor=0.0784 value=0.4529 entropy=1.3494 mean_return=27.317 mean_len=82.0
[gat-train] update=1235 samples=790400 fps=43.9 loss=0.4027 actor=-0.0352 value=0.4513 entropy=1.3349 mean_return=27.634 mean_len=82.9
[gat-train] update=1236 samples=791040 fps=43.9 loss=0.4027 actor=-0.0346 value=0.4504 entropy=1.3065 mean_return=27.491 mean_len=82.9
[gat-train] update=1237 samples=791680 fps=43.9 loss=0.4367 actor=0.0491 value=0.4007 entropy=1.3073 mean_return=27.414 mean_len=82.6
[gat-train] update=1238 samples=792320 fps=44.0 loss=0.7087 actor=0.0983 value=0.6233 entropy=1.2890 mean_return=27.212 mean_len=82.9
[gat-train] update=1239 samples=792960 fps=44.0 loss=0.5534 actor=0.1531 value=0.4136 entropy=1.3289 mean_return=27.606 mean_len=84.2
[gat-train] update=1240 samples=793600 fps=44.0 loss=0.4800 actor=0.0174 value=0.4758 entropy=1.3147 mean_return=27.402 mean_len=84.0
[gat-train] update=1241 samples=794240 fps=44.0 loss=0.2577 actor=-0.1298 value=0.4005 entropy=1.3038 mean_return=26.973 mean_len=83.3
[gat-train] update=1242 samples=794880 fps=44.0 loss=0.4545 actor=0.0396 value=0.4284 entropy=1.3514 mean_return=27.260 mean_len=83.8
[gat-train] update=1243 samples=795520 fps=44.0 loss=0.3644 actor=-0.0441 value=0.4217 entropy=1.3168 mean_return=27.362 mean_len=84.2
[gat-train] update=1244 samples=796160 fps=44.0 loss=0.3616 actor=-0.0907 value=0.4659 entropy=1.3572 mean_return=27.443 mean_len=84.2
[gat-train] update=1245 samples=796800 fps=44.0 loss=0.5548 actor=-0.1290 value=0.6974 entropy=1.3648 mean_return=27.584 mean_len=83.7
[gat-train] update=1246 samples=797440 fps=44.0 loss=0.3175 actor=-0.0490 value=0.3794 entropy=1.2839 mean_return=27.546 mean_len=83.5
[gat-train] update=1247 samples=798080 fps=44.0 loss=0.4521 actor=0.0647 value=0.4004 entropy=1.2968 mean_return=27.462 mean_len=83.5
[gat-train] update=1248 samples=798720 fps=44.0 loss=0.3335 actor=-0.0509 value=0.3975 entropy=1.3069 mean_return=27.486 mean_len=83.7
[gat-train] update=1249 samples=799360 fps=44.0 loss=0.5455 actor=0.1323 value=0.4264 entropy=1.3178 mean_return=27.513 mean_len=83.7
[gat-train] update=1250 samples=800000 fps=44.0 loss=0.4330 actor=-0.0472 value=0.4933 entropy=1.3085 mean_return=27.291 mean_len=83.4
[gat-train] eval update=1250 torch_score=86.01 deploy_score=84.42 min=79.15 bottom10=79.59 max_regression=8.71 regressions=3 guard_rejected=1 best=82.12
[gat-train] update=1251 samples=800640 fps=43.9 loss=0.5127 actor=0.0768 value=0.4495 entropy=1.3662 mean_return=26.678 mean_len=83.6
[gat-train] update=1252 samples=801280 fps=43.9 loss=0.4905 actor=0.1003 value=0.4040 entropy=1.3808 mean_return=27.010 mean_len=84.9
[gat-train] update=1253 samples=801920 fps=43.8 loss=0.3672 actor=-0.1113 value=0.4920 entropy=1.3456 mean_return=26.904 mean_len=84.8
[gat-train] update=1254 samples=802560 fps=43.8 loss=0.4847 actor=0.0408 value=0.4572 entropy=1.3180 mean_return=27.385 mean_len=85.3
[gat-train] update=1255 samples=803200 fps=43.9 loss=0.3605 actor=0.0104 value=0.3634 entropy=1.3402 mean_return=27.183 mean_len=85.0
[gat-train] update=1256 samples=803840 fps=43.8 loss=0.6747 actor=0.2007 value=0.4875 entropy=1.3545 mean_return=27.211 mean_len=85.3
[gat-train] update=1257 samples=804480 fps=43.8 loss=0.4175 actor=-0.0101 value=0.4408 entropy=1.3198 mean_return=27.181 mean_len=84.8
[gat-train] update=1258 samples=805120 fps=43.8 loss=0.3980 actor=0.0230 value=0.3886 entropy=1.3605 mean_return=27.618 mean_len=85.0
[gat-train] update=1259 samples=805760 fps=43.8 loss=0.3317 actor=-0.0713 value=0.4159 entropy=1.2930 mean_return=28.027 mean_len=85.2
[gat-train] update=1260 samples=806400 fps=43.8 loss=0.4628 actor=-0.0533 value=0.5299 entropy=1.3838 mean_return=28.031 mean_len=85.3
[gat-train] update=1261 samples=807040 fps=43.8 loss=0.3205 actor=-0.0738 value=0.4078 entropy=1.3437 mean_return=27.820 mean_len=85.3
[gat-train] update=1262 samples=807680 fps=43.7 loss=0.3044 actor=-0.1008 value=0.4187 entropy=1.3485 mean_return=27.778 mean_len=85.5
[gat-train] update=1263 samples=808320 fps=43.7 loss=0.3617 actor=-0.0065 value=0.3818 entropy=1.3598 mean_return=28.054 mean_len=85.6
[gat-train] update=1264 samples=808960 fps=43.7 loss=0.4084 actor=-0.0542 value=0.4764 entropy=1.3688 mean_return=28.078 mean_len=85.8
[gat-train] update=1265 samples=809600 fps=43.7 loss=0.4116 actor=-0.0815 value=0.5070 entropy=1.3930 mean_return=27.782 mean_len=85.2
[gat-train] update=1266 samples=810240 fps=43.7 loss=0.4704 actor=-0.0065 value=0.4901 entropy=1.3178 mean_return=27.500 mean_len=85.1
[gat-train] update=1267 samples=810880 fps=43.7 loss=0.3943 actor=-0.1166 value=0.5248 entropy=1.3874 mean_return=27.674 mean_len=84.7
[gat-train] update=1268 samples=811520 fps=43.7 loss=0.6725 actor=-0.0362 value=0.7220 entropy=1.3376 mean_return=27.724 mean_len=84.4
[gat-train] update=1269 samples=812160 fps=43.7 loss=0.5226 actor=0.1253 value=0.4107 entropy=1.3459 mean_return=27.971 mean_len=84.8
[gat-train] update=1270 samples=812800 fps=43.7 loss=0.4984 actor=0.0802 value=0.4318 entropy=1.3648 mean_return=28.053 mean_len=85.0
[gat-train] update=1271 samples=813440 fps=43.7 loss=0.5048 actor=0.0389 value=0.4791 entropy=1.3229 mean_return=28.566 mean_len=85.7
[gat-train] update=1272 samples=814080 fps=43.7 loss=0.4821 actor=0.0436 value=0.4516 entropy=1.3097 mean_return=28.359 mean_len=85.6
[gat-train] update=1273 samples=814720 fps=43.8 loss=0.4167 actor=-0.0206 value=0.4505 entropy=1.3197 mean_return=28.548 mean_len=85.8
[gat-train] update=1274 samples=815360 fps=43.8 loss=0.4232 actor=0.0180 value=0.4189 entropy=1.3738 mean_return=28.311 mean_len=85.8
[gat-train] update=1275 samples=816000 fps=43.8 loss=0.5662 actor=0.0689 value=0.5114 entropy=1.4168 mean_return=28.241 mean_len=86.3
[gat-train] update=1276 samples=816640 fps=43.8 loss=0.4794 actor=0.0042 value=0.4889 entropy=1.3652 mean_return=28.343 mean_len=86.2
[gat-train] update=1277 samples=817280 fps=43.8 loss=0.2500 actor=-0.0817 value=0.3460 entropy=1.4220 mean_return=28.056 mean_len=85.6
[gat-train] update=1278 samples=817920 fps=43.8 loss=0.4686 actor=-0.0361 value=0.5201 entropy=1.5470 mean_return=27.579 mean_len=84.6
[gat-train] update=1279 samples=818560 fps=43.8 loss=0.4218 actor=0.0234 value=0.4139 entropy=1.5514 mean_return=27.877 mean_len=84.7
[gat-train] update=1280 samples=819200 fps=43.8 loss=0.3210 actor=-0.1073 value=0.4442 entropy=1.5910 mean_return=27.888 mean_len=84.8
[gat-train] update=1281 samples=819840 fps=43.8 loss=0.4082 actor=-0.1333 value=0.5577 entropy=1.6190 mean_return=28.185 mean_len=85.3
[gat-train] update=1282 samples=820480 fps=43.7 loss=0.3366 actor=-0.0972 value=0.4508 entropy=1.6917 mean_return=27.949 mean_len=84.6
[gat-train] update=1283 samples=821120 fps=43.7 loss=0.1106 actor=-0.3637 value=0.4914 entropy=1.7054 mean_return=27.795 mean_len=84.2
[gat-train] update=1284 samples=821760 fps=43.7 loss=0.3719 actor=-0.0406 value=0.4299 entropy=1.7376 mean_return=28.186 mean_len=85.6
[gat-train] update=1285 samples=822400 fps=43.7 loss=0.4881 actor=0.0379 value=0.4660 entropy=1.5817 mean_return=28.085 mean_len=85.5
[gat-train] update=1286 samples=823040 fps=43.7 loss=0.3007 actor=-0.0768 value=0.3937 entropy=1.6158 mean_return=28.006 mean_len=85.5
[gat-train] update=1287 samples=823680 fps=43.7 loss=0.2595 actor=-0.2396 value=0.5153 entropy=1.6232 mean_return=27.755 mean_len=85.1
[gat-train] update=1288 samples=824320 fps=43.7 loss=0.3174 actor=-0.1471 value=0.4793 entropy=1.4803 mean_return=28.015 mean_len=85.5
[gat-train] update=1289 samples=824960 fps=43.7 loss=0.3071 actor=-0.2754 value=0.5970 entropy=1.4542 mean_return=28.096 mean_len=85.0
[gat-train] update=1290 samples=825600 fps=43.7 loss=0.2968 actor=-0.1630 value=0.4739 entropy=1.4040 mean_return=27.982 mean_len=84.3
[gat-train] update=1291 samples=826240 fps=43.7 loss=0.3997 actor=-0.0429 value=0.4554 entropy=1.2763 mean_return=27.961 mean_len=84.2
[gat-train] update=1292 samples=826880 fps=43.7 loss=0.3152 actor=-0.0820 value=0.4106 entropy=1.3399 mean_return=27.862 mean_len=84.2
[gat-train] update=1293 samples=827520 fps=43.7 loss=0.4577 actor=0.0583 value=0.4126 entropy=1.3175 mean_return=27.689 mean_len=83.6
[gat-train] update=1294 samples=828160 fps=43.8 loss=0.4518 actor=0.0136 value=0.4510 entropy=1.2901 mean_return=27.520 mean_len=84.2
[gat-train] update=1295 samples=828800 fps=43.8 loss=0.3500 actor=-0.0278 value=0.3907 entropy=1.2891 mean_return=27.271 mean_len=84.1
[gat-train] update=1296 samples=829440 fps=43.8 loss=0.2948 actor=-0.1289 value=0.4364 entropy=1.2747 mean_return=26.946 mean_len=83.9
[gat-train] update=1297 samples=830080 fps=43.8 loss=0.3169 actor=-0.1079 value=0.4383 entropy=1.3414 mean_return=26.471 mean_len=83.6
[gat-train] update=1298 samples=830720 fps=43.8 loss=0.4920 actor=-0.0987 value=0.6042 entropy=1.3450 mean_return=26.574 mean_len=82.9
[gat-train] update=1299 samples=831360 fps=43.8 loss=0.3689 actor=-0.1182 value=0.5008 entropy=1.3689 mean_return=26.439 mean_len=83.0
[gat-train] update=1300 samples=832000 fps=43.8 loss=0.4002 actor=0.0026 value=0.4108 entropy=1.3279 mean_return=26.692 mean_len=82.9
[gat-train] eval update=1300 torch_score=87.31 deploy_score=84.44 min=69.43 bottom10=74.74 max_regression=19.14 regressions=3 guard_rejected=1 best=82.12
[gat-train] update=1301 samples=832640 fps=43.7 loss=0.3251 actor=-0.0393 value=0.3776 entropy=1.3163 mean_return=26.670 mean_len=82.9
[gat-train] update=1302 samples=833280 fps=43.7 loss=0.4523 actor=0.0254 value=0.4401 entropy=1.3155 mean_return=26.961 mean_len=83.2
[gat-train] update=1303 samples=833920 fps=43.7 loss=0.6342 actor=-0.0868 value=0.7344 entropy=1.3411 mean_return=27.243 mean_len=82.9
[gat-train] update=1304 samples=834560 fps=43.7 loss=0.3596 actor=-0.0542 value=0.4272 entropy=1.3364 mean_return=27.052 mean_len=82.4
[gat-train] update=1305 samples=835200 fps=43.7 loss=0.4038 actor=-0.1315 value=0.5488 entropy=1.3577 mean_return=27.100 mean_len=82.9
[gat-train] update=1306 samples=835840 fps=43.7 loss=0.4503 actor=0.0058 value=0.4584 entropy=1.3917 mean_return=27.200 mean_len=82.9
[gat-train] update=1307 samples=836480 fps=43.7 loss=0.3906 actor=-0.0291 value=0.4334 entropy=1.3743 mean_return=27.416 mean_len=82.7
[gat-train] update=1308 samples=837120 fps=43.7 loss=0.3661 actor=-0.0474 value=0.4278 entropy=1.4270 mean_return=27.459 mean_len=82.8
[gat-train] update=1309 samples=837760 fps=43.7 loss=0.3842 actor=-0.0428 value=0.4407 entropy=1.3656 mean_return=27.769 mean_len=82.6
[gat-train] update=1310 samples=838400 fps=43.7 loss=0.3607 actor=-0.0819 value=0.4558 entropy=1.3198 mean_return=27.744 mean_len=83.2
[gat-train] update=1311 samples=839040 fps=43.7 loss=0.4992 actor=-0.0423 value=0.5554 entropy=1.3915 mean_return=28.017 mean_len=83.8
[gat-train] update=1312 samples=839680 fps=43.7 loss=0.2847 actor=-0.1594 value=0.4586 entropy=1.4545 mean_return=28.239 mean_len=84.2
[gat-train] update=1313 samples=840320 fps=43.7 loss=0.3455 actor=-0.0725 value=0.4310 entropy=1.2929 mean_return=27.805 mean_len=84.2
[gat-train] update=1314 samples=840960 fps=43.7 loss=0.3318 actor=-0.0666 value=0.4114 entropy=1.3128 mean_return=27.672 mean_len=83.9
[gat-train] update=1315 samples=841600 fps=43.7 loss=0.3458 actor=-0.1237 value=0.4832 entropy=1.3681 mean_return=27.334 mean_len=83.6
[gat-train] update=1316 samples=842240 fps=43.7 loss=0.4291 actor=-0.0949 value=0.5383 entropy=1.4381 mean_return=27.216 mean_len=83.3
[gat-train] update=1317 samples=842880 fps=43.7 loss=0.3673 actor=-0.0920 value=0.4734 entropy=1.4148 mean_return=27.429 mean_len=83.1
[gat-train] update=1318 samples=843520 fps=43.7 loss=0.2704 actor=-0.1653 value=0.4497 entropy=1.3937 mean_return=27.336 mean_len=82.9
[gat-train] update=1319 samples=844160 fps=43.7 loss=0.4028 actor=-0.0676 value=0.4834 entropy=1.3000 mean_return=27.481 mean_len=82.7
[gat-train] update=1320 samples=844800 fps=43.7 loss=0.5083 actor=0.0910 value=0.4309 entropy=1.3690 mean_return=27.457 mean_len=82.7
[gat-train] update=1321 samples=845440 fps=43.7 loss=0.3728 actor=-0.1069 value=0.4929 entropy=1.3297 mean_return=27.279 mean_len=82.2
[gat-train] update=1322 samples=846080 fps=43.7 loss=0.5611 actor=0.1024 value=0.4719 entropy=1.3157 mean_return=27.817 mean_len=83.7
[gat-train] update=1323 samples=846720 fps=43.7 loss=0.4647 actor=0.0164 value=0.4614 entropy=1.3073 mean_return=27.734 mean_len=84.0
[gat-train] update=1324 samples=847360 fps=43.7 loss=0.4355 actor=0.0686 value=0.3799 entropy=1.3039 mean_return=27.587 mean_len=84.2
[gat-train] update=1325 samples=848000 fps=43.7 loss=0.4236 actor=0.0899 value=0.3471 entropy=1.3473 mean_return=27.349 mean_len=84.2
[gat-train] update=1326 samples=848640 fps=43.7 loss=0.5438 actor=0.0721 value=0.4853 entropy=1.3563 mean_return=27.452 mean_len=84.6
[gat-train] update=1327 samples=849280 fps=43.7 loss=0.3687 actor=-0.0428 value=0.4255 entropy=1.4060 mean_return=27.778 mean_len=85.1
[gat-train] update=1328 samples=849920 fps=43.7 loss=0.4235 actor=-0.0020 value=0.4408 entropy=1.5353 mean_return=27.850 mean_len=85.1
[gat-train] update=1329 samples=850560 fps=43.7 loss=0.3761 actor=-0.1081 value=0.5005 entropy=1.6341 mean_return=28.082 mean_len=85.5
[gat-train] update=1330 samples=851200 fps=43.7 loss=0.2028 actor=-0.2389 value=0.4581 entropy=1.6380 mean_return=27.770 mean_len=85.1
[gat-train] update=1331 samples=851840 fps=43.7 loss=0.2541 actor=-0.1107 value=0.3813 entropy=1.6579 mean_return=27.679 mean_len=84.3
[gat-train] update=1332 samples=852480 fps=43.7 loss=0.3885 actor=-0.1177 value=0.5239 entropy=1.7711 mean_return=27.514 mean_len=84.1
[gat-train] update=1333 samples=853120 fps=43.7 loss=0.3270 actor=-0.0109 value=0.3567 entropy=1.8806 mean_return=27.299 mean_len=84.0
[gat-train] update=1334 samples=853760 fps=43.6 loss=0.3959 actor=-0.0820 value=0.4970 entropy=1.9030 mean_return=27.085 mean_len=83.8
[gat-train] update=1335 samples=854400 fps=43.6 loss=0.4151 actor=-0.1288 value=0.5645 entropy=2.0599 mean_return=26.671 mean_len=82.8
[gat-train] update=1336 samples=855040 fps=43.6 loss=0.2297 actor=-0.2811 value=0.5320 entropy=2.1171 mean_return=26.633 mean_len=83.1
[gat-train] update=1337 samples=855680 fps=43.7 loss=0.1929 actor=-0.3428 value=0.5569 entropy=2.1212 mean_return=26.317 mean_len=82.8
[gat-train] update=1338 samples=856320 fps=43.7 loss=0.4412 actor=-0.3177 value=0.7802 entropy=2.1287 mean_return=26.036 mean_len=81.8
[gat-train] update=1339 samples=856960 fps=43.7 loss=0.3568 actor=-0.1057 value=0.4843 entropy=2.1791 mean_return=26.152 mean_len=81.9
[gat-train] update=1340 samples=857600 fps=43.7 loss=0.2284 actor=-0.4698 value=0.7191 entropy=2.0833 mean_return=25.327 mean_len=79.9
[gat-train] update=1341 samples=858240 fps=43.6 loss=0.3163 actor=-0.1253 value=0.4625 entropy=2.0916 mean_return=25.459 mean_len=79.9
[gat-train] update=1342 samples=858880 fps=43.7 loss=0.2866 actor=-0.1839 value=0.4915 entropy=2.1018 mean_return=25.519 mean_len=80.2
[gat-train] update=1343 samples=859520 fps=43.7 loss=0.1263 actor=-0.3513 value=0.4979 entropy=2.0217 mean_return=25.243 mean_len=79.4
[gat-train] update=1344 samples=860160 fps=43.7 loss=0.3768 actor=-0.0742 value=0.4712 entropy=2.0130 mean_return=25.343 mean_len=79.5
[gat-train] update=1345 samples=860800 fps=43.7 loss=0.3483 actor=-0.0759 value=0.4437 entropy=1.9570 mean_return=24.982 mean_len=80.2
[gat-train] update=1346 samples=861440 fps=43.6 loss=0.1250 actor=-0.2748 value=0.4186 entropy=1.8838 mean_return=24.615 mean_len=79.7
[gat-train] update=1347 samples=862080 fps=43.6 loss=0.4402 actor=0.0508 value=0.4083 entropy=1.8915 mean_return=24.971 mean_len=80.9
[gat-train] update=1348 samples=862720 fps=43.6 loss=0.5659 actor=-0.2916 value=0.8757 entropy=1.8103 mean_return=24.543 mean_len=79.7
[gat-train] update=1349 samples=863360 fps=43.6 loss=0.3763 actor=-0.1664 value=0.5598 entropy=1.7023 mean_return=24.638 mean_len=79.9
[gat-train] update=1350 samples=864000 fps=43.6 loss=0.3020 actor=-0.0859 value=0.4045 entropy=1.6569 mean_return=24.319 mean_len=79.9
[gat-train] eval update=1350 torch_score=85.95 deploy_score=84.58 min=71.49 bottom10=73.56 max_regression=8.18 regressions=3 guard_rejected=1 best=82.12
[gat-train] update=1351 samples=864640 fps=43.5 loss=0.3974 actor=0.0022 value=0.4107 entropy=1.5428 mean_return=24.712 mean_len=80.5
[gat-train] update=1352 samples=865280 fps=43.5 loss=0.4180 actor=0.0437 value=0.3896 entropy=1.5355 mean_return=24.978 mean_len=80.9
[gat-train] update=1353 samples=865920 fps=43.5 loss=0.4215 actor=0.0139 value=0.4220 entropy=1.4479 mean_return=25.015 mean_len=81.1
[gat-train] update=1354 samples=866560 fps=43.5 loss=0.4135 actor=-0.0735 value=0.5015 entropy=1.4583 mean_return=24.842 mean_len=81.8
[gat-train] update=1355 samples=867200 fps=43.5 loss=0.4199 actor=0.0264 value=0.4078 entropy=1.4200 mean_return=24.980 mean_len=82.6
[gat-train] update=1356 samples=867840 fps=43.5 loss=0.3432 actor=-0.0364 value=0.3932 entropy=1.3614 mean_return=25.160 mean_len=82.6
[gat-train] update=1357 samples=868480 fps=43.5 loss=0.4737 actor=0.0105 value=0.4773 entropy=1.4088 mean_return=25.663 mean_len=83.0
[gat-train] update=1358 samples=869120 fps=43.5 loss=0.4280 actor=0.1120 value=0.3295 entropy=1.3559 mean_return=25.610 mean_len=83.0
[gat-train] update=1359 samples=869760 fps=43.6 loss=0.4207 actor=0.0585 value=0.3759 entropy=1.3645 mean_return=25.794 mean_len=83.4
[gat-train] update=1360 samples=870400 fps=43.6 loss=0.3708 actor=-0.0471 value=0.4316 entropy=1.3696 mean_return=25.882 mean_len=83.7
[gat-train] update=1361 samples=871040 fps=43.6 loss=0.5717 actor=0.1489 value=0.4365 entropy=1.3727 mean_return=26.293 mean_len=84.8
[gat-train] update=1362 samples=871680 fps=43.6 loss=0.4526 actor=0.0452 value=0.4210 entropy=1.3630 mean_return=26.419 mean_len=85.0
[gat-train] update=1363 samples=872320 fps=43.6 loss=0.4100 actor=-0.0135 value=0.4371 entropy=1.3629 mean_return=26.982 mean_len=85.7
[gat-train] update=1364 samples=872960 fps=43.6 loss=0.4352 actor=0.0067 value=0.4416 entropy=1.3193 mean_return=27.299 mean_len=86.1
[gat-train] update=1365 samples=873600 fps=43.6 loss=0.5438 actor=0.1246 value=0.4321 entropy=1.2913 mean_return=27.358 mean_len=86.1
[gat-train] update=1366 samples=874240 fps=43.6 loss=0.5805 actor=0.1424 value=0.4512 entropy=1.3156 mean_return=27.682 mean_len=86.5
[gat-train] update=1367 samples=874880 fps=43.6 loss=0.4964 actor=0.0686 value=0.4413 entropy=1.3455 mean_return=28.003 mean_len=86.3
[gat-train] update=1368 samples=875520 fps=43.6 loss=0.3641 actor=-0.0649 value=0.4422 entropy=1.3284 mean_return=27.905 mean_len=86.1
[gat-train] update=1369 samples=876160 fps=43.6 loss=0.3978 actor=0.0011 value=0.4098 entropy=1.3058 mean_return=27.465 mean_len=85.9
[gat-train] update=1370 samples=876800 fps=43.6 loss=0.4165 actor=0.0730 value=0.3567 entropy=1.3193 mean_return=27.665 mean_len=85.7
[gat-train] update=1371 samples=877440 fps=43.6 loss=0.4359 actor=0.0651 value=0.3841 entropy=1.3356 mean_return=27.456 mean_len=85.6
[gat-train] update=1372 samples=878080 fps=43.6 loss=0.4132 actor=0.0255 value=0.4008 entropy=1.3059 mean_return=27.601 mean_len=85.7
[gat-train] update=1373 samples=878720 fps=43.6 loss=0.4103 actor=-0.0773 value=0.5014 entropy=1.3850 mean_return=27.519 mean_len=85.3
[gat-train] update=1374 samples=879360 fps=43.7 loss=0.4757 actor=0.0105 value=0.4791 entropy=1.3812 mean_return=27.426 mean_len=85.5
[gat-train] update=1375 samples=880000 fps=43.7 loss=0.3876 actor=-0.0371 value=0.4373 entropy=1.2714 mean_return=27.535 mean_len=85.7
[gat-train] update=1376 samples=880640 fps=43.6 loss=0.3585 actor=0.0508 value=0.3204 entropy=1.2777 mean_return=27.612 mean_len=85.5
[gat-train] update=1377 samples=881280 fps=43.6 loss=0.4352 actor=0.0302 value=0.4181 entropy=1.3081 mean_return=27.296 mean_len=85.5
[gat-train] update=1378 samples=881920 fps=43.6 loss=0.3887 actor=0.0031 value=0.3986 entropy=1.2966 mean_return=27.359 mean_len=85.2
[gat-train] update=1379 samples=882560 fps=43.6 loss=0.4904 actor=0.0258 value=0.4783 entropy=1.3588 mean_return=27.707 mean_len=85.5
[gat-train] update=1380 samples=883200 fps=43.6 loss=0.3896 actor=-0.0584 value=0.4620 entropy=1.3923 mean_return=27.851 mean_len=86.0
[gat-train] update=1381 samples=883840 fps=43.6 loss=0.2976 actor=-0.1393 value=0.4507 entropy=1.3801 mean_return=27.676 mean_len=85.5
[gat-train] update=1382 samples=884480 fps=43.6 loss=0.5926 actor=0.1893 value=0.4170 entropy=1.3660 mean_return=27.816 mean_len=85.3
[gat-train] update=1383 samples=885120 fps=43.6 loss=0.5331 actor=0.0926 value=0.4543 entropy=1.3710 mean_return=28.048 mean_len=85.6
[gat-train] update=1384 samples=885760 fps=43.6 loss=0.4329 actor=0.0288 value=0.4183 entropy=1.4274 mean_return=27.669 mean_len=85.3
[gat-train] update=1385 samples=886400 fps=43.6 loss=0.5884 actor=0.0865 value=0.5161 entropy=1.4287 mean_return=27.709 mean_len=85.2
[gat-train] update=1386 samples=887040 fps=43.6 loss=0.5258 actor=0.0490 value=0.4905 entropy=1.3710 mean_return=27.829 mean_len=84.9
[gat-train] update=1387 samples=887680 fps=43.6 loss=0.3921 actor=0.0163 value=0.3898 entropy=1.3980 mean_return=27.834 mean_len=85.6
[gat-train] update=1388 samples=888320 fps=43.6 loss=0.4163 actor=-0.0164 value=0.4465 entropy=1.3796 mean_return=27.771 mean_len=85.7
[gat-train] update=1389 samples=888960 fps=43.7 loss=0.4739 actor=0.0095 value=0.4789 entropy=1.4440 mean_return=27.778 mean_len=85.6
[gat-train] update=1390 samples=889600 fps=43.7 loss=0.4308 actor=-0.0039 value=0.4492 entropy=1.4443 mean_return=27.806 mean_len=85.4
[gat-train] update=1391 samples=890240 fps=43.7 loss=0.4919 actor=0.0266 value=0.4792 entropy=1.3893 mean_return=27.765 mean_len=85.4
[gat-train] update=1392 samples=890880 fps=43.7 loss=0.4427 actor=0.0320 value=0.4253 entropy=1.4569 mean_return=27.662 mean_len=85.2
[gat-train] update=1393 samples=891520 fps=43.7 loss=0.4963 actor=-0.0347 value=0.5455 entropy=1.4528 mean_return=27.883 mean_len=85.2
[gat-train] update=1394 samples=892160 fps=43.7 loss=0.4018 actor=0.0068 value=0.4095 entropy=1.4500 mean_return=28.122 mean_len=85.0
[gat-train] update=1395 samples=892800 fps=43.7 loss=0.3971 actor=0.0246 value=0.3873 entropy=1.4792 mean_return=28.057 mean_len=85.0
[gat-train] update=1396 samples=893440 fps=43.7 loss=0.2767 actor=-0.1553 value=0.4474 entropy=1.5403 mean_return=28.088 mean_len=84.5
[gat-train] update=1397 samples=894080 fps=43.7 loss=0.1990 actor=-0.2755 value=0.4906 entropy=1.6123 mean_return=27.811 mean_len=83.6
[gat-train] update=1398 samples=894720 fps=43.6 loss=0.2721 actor=-0.1463 value=0.4343 entropy=1.5996 mean_return=28.200 mean_len=83.7
[gat-train] update=1399 samples=895360 fps=43.6 loss=0.5460 actor=-0.0024 value=0.5654 entropy=1.6949 mean_return=28.100 mean_len=83.2
[gat-train] update=1400 samples=896000 fps=43.6 loss=0.4091 actor=-0.0154 value=0.4422 entropy=1.7709 mean_return=28.196 mean_len=83.9
[gat-train] eval update=1400 torch_score=85.05 deploy_score=85.38 min=78.57 bottom10=79.43 max_regression=8.56 regressions=2 guard_rejected=1 best=82.12
[gat-train] update=1401 samples=896640 fps=43.5 loss=0.2779 actor=-0.2144 value=0.5106 entropy=1.8369 mean_return=28.269 mean_len=84.2
[gat-train] update=1402 samples=897280 fps=43.5 loss=0.2666 actor=-0.1373 value=0.4222 entropy=1.8252 mean_return=28.304 mean_len=84.7
[gat-train] update=1403 samples=897920 fps=43.5 loss=0.4185 actor=-0.0158 value=0.4527 entropy=1.8466 mean_return=28.689 mean_len=85.3
[gat-train] update=1404 samples=898560 fps=43.5 loss=0.4157 actor=-0.1076 value=0.5412 entropy=1.7962 mean_return=28.673 mean_len=85.7
[gat-train] update=1405 samples=899200 fps=43.5 loss=0.2755 actor=-0.2023 value=0.4963 entropy=1.8466 mean_return=28.343 mean_len=85.4
[gat-train] update=1406 samples=899840 fps=43.5 loss=0.3113 actor=-0.1883 value=0.5170 entropy=1.7337 mean_return=28.062 mean_len=85.4
[gat-train] update=1407 samples=900480 fps=43.6 loss=0.5052 actor=0.0380 value=0.4845 entropy=1.7253 mean_return=28.048 mean_len=84.7
[gat-train] update=1408 samples=901120 fps=43.6 loss=0.3521 actor=-0.0868 value=0.4553 entropy=1.6514 mean_return=28.172 mean_len=84.3
[gat-train] update=1409 samples=901760 fps=43.6 loss=0.2109 actor=-0.2099 value=0.4373 entropy=1.6463 mean_return=27.920 mean_len=84.3
[gat-train] update=1410 samples=902400 fps=43.6 loss=0.4853 actor=-0.0096 value=0.5109 entropy=1.6023 mean_return=27.775 mean_len=84.2
[gat-train] update=1411 samples=903040 fps=43.6 loss=0.2904 actor=-0.1365 value=0.4415 entropy=1.4665 mean_return=27.527 mean_len=83.7
[gat-train] update=1412 samples=903680 fps=43.6 loss=0.5135 actor=0.1217 value=0.4059 entropy=1.4124 mean_return=27.417 mean_len=84.2
[gat-train] update=1413 samples=904320 fps=43.6 loss=0.3550 actor=-0.1749 value=0.5437 entropy=1.3904 mean_return=26.905 mean_len=83.2
[gat-train] update=1414 samples=904960 fps=43.6 loss=0.4337 actor=-0.0329 value=0.4805 entropy=1.3905 mean_return=26.982 mean_len=83.2
[gat-train] update=1415 samples=905600 fps=43.6 loss=0.2919 actor=-0.1099 value=0.4157 entropy=1.3868 mean_return=26.709 mean_len=82.6
[gat-train] update=1416 samples=906240 fps=43.6 loss=0.3570 actor=-0.0987 value=0.4695 entropy=1.3815 mean_return=26.637 mean_len=82.5
[gat-train] update=1417 samples=906880 fps=43.6 loss=0.3961 actor=-0.0117 value=0.4215 entropy=1.3655 mean_return=26.577 mean_len=82.7
[gat-train] update=1418 samples=907520 fps=43.6 loss=0.5173 actor=0.0593 value=0.4714 entropy=1.3388 mean_return=27.057 mean_len=83.0
[gat-train] update=1419 samples=908160 fps=43.6 loss=0.4888 actor=0.1004 value=0.4017 entropy=1.3265 mean_return=27.026 mean_len=83.5
[gat-train] update=1420 samples=908800 fps=43.6 loss=0.5117 actor=0.0442 value=0.4811 entropy=1.3569 mean_return=27.029 mean_len=83.7
[gat-train] update=1421 samples=909440 fps=43.6 loss=0.2852 actor=-0.0703 value=0.3685 entropy=1.3133 mean_return=27.036 mean_len=83.6
[gat-train] update=1422 samples=910080 fps=43.7 loss=0.3145 actor=-0.0413 value=0.3692 entropy=1.3418 mean_return=27.185 mean_len=84.2
[gat-train] update=1423 samples=910720 fps=43.7 loss=0.5111 actor=0.0931 value=0.4319 entropy=1.3896 mean_return=27.185 mean_len=85.2
[gat-train] update=1424 samples=911360 fps=43.7 loss=0.2861 actor=-0.0220 value=0.3222 entropy=1.4063 mean_return=26.770 mean_len=84.5
[gat-train] update=1425 samples=912000 fps=43.7 loss=0.3109 actor=-0.0039 value=0.3293 entropy=1.4442 mean_return=27.141 mean_len=84.5
[gat-train] update=1426 samples=912640 fps=43.7 loss=0.3296 actor=0.0121 value=0.3317 entropy=1.4171 mean_return=27.204 mean_len=84.7
[gat-train] update=1427 samples=913280 fps=43.7 loss=0.4176 actor=0.0180 value=0.4139 entropy=1.4320 mean_return=27.041 mean_len=84.4
[gat-train] update=1428 samples=913920 fps=43.7 loss=0.3495 actor=-0.0142 value=0.3779 entropy=1.4198 mean_return=27.079 mean_len=84.2
[gat-train] update=1429 samples=914560 fps=43.7 loss=0.2838 actor=-0.0823 value=0.3806 entropy=1.4433 mean_return=26.943 mean_len=83.6
[gat-train] update=1430 samples=915200 fps=43.7 loss=0.3593 actor=-0.0350 value=0.4092 entropy=1.4955 mean_return=26.830 mean_len=83.2
[gat-train] update=1431 samples=915840 fps=43.7 loss=0.4036 actor=0.0177 value=0.4000 entropy=1.4051 mean_return=27.046 mean_len=83.2
[gat-train] update=1432 samples=916480 fps=43.7 loss=0.3172 actor=-0.0671 value=0.3983 entropy=1.3996 mean_return=26.855 mean_len=83.7
[gat-train] update=1433 samples=917120 fps=43.7 loss=0.4738 actor=0.1351 value=0.3528 entropy=1.4179 mean_return=26.854 mean_len=84.3
[gat-train] update=1434 samples=917760 fps=43.7 loss=0.3474 actor=-0.0608 value=0.4219 entropy=1.3760 mean_return=27.018 mean_len=84.4
[gat-train] update=1435 samples=918400 fps=43.7 loss=0.5072 actor=0.1343 value=0.3863 entropy=1.3448 mean_return=27.079 mean_len=85.5
[gat-train] update=1436 samples=919040 fps=43.7 loss=0.3158 actor=-0.0148 value=0.3439 entropy=1.3361 mean_return=27.137 mean_len=85.6
[gat-train] update=1437 samples=919680 fps=43.7 loss=0.4323 actor=-0.0254 value=0.4712 entropy=1.3473 mean_return=26.632 mean_len=85.4
[gat-train] update=1438 samples=920320 fps=43.7 loss=0.5416 actor=-0.0369 value=0.5921 entropy=1.3629 mean_return=26.825 mean_len=84.8
[gat-train] update=1439 samples=920960 fps=43.7 loss=0.4039 actor=0.0688 value=0.3483 entropy=1.3131 mean_return=26.943 mean_len=84.6
[gat-train] update=1440 samples=921600 fps=43.7 loss=0.4235 actor=0.0221 value=0.4151 entropy=1.3723 mean_return=27.078 mean_len=84.5
[gat-train] update=1441 samples=922240 fps=43.7 loss=0.3995 actor=0.0255 value=0.3876 entropy=1.3667 mean_return=27.481 mean_len=85.0
[gat-train] update=1442 samples=922880 fps=43.7 loss=0.3681 actor=-0.1042 value=0.4855 entropy=1.3202 mean_return=27.648 mean_len=84.8
[gat-train] update=1443 samples=923520 fps=43.7 loss=0.4619 actor=0.0587 value=0.4164 entropy=1.3231 mean_return=27.874 mean_len=84.9
[gat-train] update=1444 samples=924160 fps=43.7 loss=0.3919 actor=-0.0337 value=0.4389 entropy=1.3338 mean_return=28.282 mean_len=85.1
[gat-train] update=1445 samples=924800 fps=43.7 loss=0.5066 actor=0.0987 value=0.4202 entropy=1.2369 mean_return=28.540 mean_len=86.2
[gat-train] update=1446 samples=925440 fps=43.7 loss=0.6419 actor=0.2175 value=0.4378 entropy=1.3426 mean_return=28.156 mean_len=86.4
[gat-train] update=1447 samples=926080 fps=43.7 loss=0.2368 actor=-0.1004 value=0.3509 entropy=1.3737 mean_return=28.155 mean_len=86.6
[gat-train] update=1448 samples=926720 fps=43.7 loss=0.3639 actor=-0.0662 value=0.4437 entropy=1.3685 mean_return=27.860 mean_len=85.8
[gat-train] update=1449 samples=927360 fps=43.7 loss=0.3929 actor=-0.0202 value=0.4269 entropy=1.3900 mean_return=27.851 mean_len=85.9
[gat-train] update=1450 samples=928000 fps=43.7 loss=0.3511 actor=-0.0012 value=0.3663 entropy=1.3928 mean_return=27.880 mean_len=85.9
[gat-train] eval update=1450 torch_score=85.66 deploy_score=86.72 min=80.44 bottom10=80.97 max_regression=8.71 regressions=2 guard_rejected=1 best=82.12
[gat-train] update=1451 samples=928640 fps=43.6 loss=0.3200 actor=-0.0348 value=0.3688 entropy=1.4071 mean_return=27.626 mean_len=85.3
[gat-train] update=1452 samples=929280 fps=43.6 loss=0.4471 actor=0.0032 value=0.4577 entropy=1.3851 mean_return=27.518 mean_len=85.1
[gat-train] update=1453 samples=929920 fps=43.6 loss=0.4642 actor=0.0338 value=0.4439 entropy=1.3519 mean_return=27.598 mean_len=85.9
[gat-train] update=1454 samples=930560 fps=43.6 loss=0.3104 actor=-0.0874 value=0.4118 entropy=1.3943 mean_return=27.153 mean_len=85.0
[gat-train] update=1455 samples=931200 fps=43.6 loss=0.4639 actor=0.0383 value=0.4397 entropy=1.4130 mean_return=27.102 mean_len=84.7
[gat-train] update=1456 samples=931840 fps=43.6 loss=0.7826 actor=-0.0820 value=0.8788 entropy=1.4256 mean_return=26.897 mean_len=84.0
[gat-train] update=1457 samples=932480 fps=43.6 loss=0.3684 actor=-0.0059 value=0.3881 entropy=1.3780 mean_return=26.611 mean_len=83.8
[gat-train] update=1458 samples=933120 fps=43.6 loss=0.5595 actor=0.1698 value=0.4042 entropy=1.4467 mean_return=26.942 mean_len=84.2
[gat-train] update=1459 samples=933760 fps=43.6 loss=0.3666 actor=0.0221 value=0.3593 entropy=1.4818 mean_return=27.211 mean_len=84.3
[gat-train] update=1460 samples=934400 fps=43.6 loss=0.2784 actor=-0.1308 value=0.4245 entropy=1.5348 mean_return=27.395 mean_len=84.6
[gat-train] update=1461 samples=935040 fps=43.5 loss=0.3730 actor=-0.0057 value=0.3953 entropy=1.6577 mean_return=27.336 mean_len=84.6
[gat-train] update=1462 samples=935680 fps=43.5 loss=0.3402 actor=-0.0325 value=0.3895 entropy=1.6827 mean_return=27.370 mean_len=84.9
[gat-train] update=1463 samples=936320 fps=43.5 loss=0.2725 actor=-0.0898 value=0.3797 entropy=1.7364 mean_return=26.943 mean_len=84.8
[gat-train] update=1464 samples=936960 fps=43.5 loss=0.2173 actor=-0.1319 value=0.3667 entropy=1.7485 mean_return=27.410 mean_len=85.2
[gat-train] update=1465 samples=937600 fps=43.5 loss=0.7283 actor=-0.2932 value=1.0393 entropy=1.7766 mean_return=26.921 mean_len=83.5
[gat-train] update=1466 samples=938240 fps=43.5 loss=0.3720 actor=0.0365 value=0.3526 entropy=1.7141 mean_return=26.181 mean_len=82.7
[gat-train] update=1467 samples=938880 fps=43.6 loss=0.4818 actor=0.0615 value=0.4379 entropy=1.7519 mean_return=26.434 mean_len=82.3
[gat-train] update=1468 samples=939520 fps=43.6 loss=0.3505 actor=-0.0814 value=0.4487 entropy=1.6844 mean_return=26.706 mean_len=82.1
[gat-train] update=1469 samples=940160 fps=43.6 loss=0.1623 actor=-0.2267 value=0.4060 entropy=1.6994 mean_return=26.721 mean_len=81.3
[gat-train] update=1470 samples=940800 fps=43.6 loss=0.5199 actor=0.0979 value=0.4390 entropy=1.7083 mean_return=26.886 mean_len=81.9
[gat-train] update=1471 samples=941440 fps=43.6 loss=0.3568 actor=-0.0410 value=0.4141 entropy=1.6373 mean_return=26.975 mean_len=82.7
[gat-train] update=1472 samples=942080 fps=43.6 loss=0.4369 actor=0.0174 value=0.4359 entropy=1.6429 mean_return=27.177 mean_len=82.8
[gat-train] update=1473 samples=942720 fps=43.6 loss=0.3921 actor=0.0381 value=0.3708 entropy=1.6697 mean_return=27.115 mean_len=82.7
[gat-train] update=1474 samples=943360 fps=43.6 loss=0.5622 actor=0.0979 value=0.4809 entropy=1.6474 mean_return=27.119 mean_len=83.5
[gat-train] update=1475 samples=944000 fps=43.6 loss=0.3975 actor=0.0516 value=0.3618 entropy=1.5909 mean_return=26.961 mean_len=83.9
[gat-train] update=1476 samples=944640 fps=43.6 loss=0.2685 actor=-0.1223 value=0.4064 entropy=1.5587 mean_return=26.731 mean_len=84.1
[gat-train] update=1477 samples=945280 fps=43.6 loss=0.3075 actor=-0.0667 value=0.3894 entropy=1.5305 mean_return=26.308 mean_len=83.5
[gat-train] update=1478 samples=945920 fps=43.6 loss=0.3254 actor=-0.1629 value=0.5032 entropy=1.4906 mean_return=26.312 mean_len=83.1
[gat-train] update=1479 samples=946560 fps=43.6 loss=0.3854 actor=-0.2007 value=0.6006 entropy=1.4489 mean_return=26.050 mean_len=82.2
[gat-train] update=1480 samples=947200 fps=43.6 loss=0.3010 actor=-0.1456 value=0.4614 entropy=1.4882 mean_return=25.860 mean_len=82.0
[gat-train] update=1481 samples=947840 fps=43.6 loss=0.4151 actor=0.0481 value=0.3814 entropy=1.4493 mean_return=26.104 mean_len=82.1
[gat-train] update=1482 samples=948480 fps=43.6 loss=0.3773 actor=-0.0986 value=0.4907 entropy=1.4880 mean_return=26.097 mean_len=81.4
[gat-train] update=1483 samples=949120 fps=43.6 loss=0.5027 actor=0.0925 value=0.4247 entropy=1.4480 mean_return=26.468 mean_len=82.5
[gat-train] update=1484 samples=949760 fps=43.6 loss=0.3975 actor=-0.1071 value=0.5200 entropy=1.5433 mean_return=26.963 mean_len=83.6
[gat-train] update=1485 samples=950400 fps=43.7 loss=0.4165 actor=0.0350 value=0.3965 entropy=1.4955 mean_return=27.643 mean_len=85.1
[gat-train] update=1486 samples=951040 fps=43.7 loss=0.2252 actor=-0.2181 value=0.4578 entropy=1.4390 mean_return=27.753 mean_len=85.1
[gat-train] update=1487 samples=951680 fps=43.7 loss=0.3688 actor=-0.0026 value=0.3862 entropy=1.4881 mean_return=27.535 mean_len=85.7
[gat-train] update=1488 samples=952320 fps=43.7 loss=0.3454 actor=-0.0517 value=0.4117 entropy=1.4632 mean_return=27.583 mean_len=86.3
[gat-train] update=1489 samples=952960 fps=43.7 loss=0.4080 actor=0.0133 value=0.4092 entropy=1.4535 mean_return=27.758 mean_len=86.2
[gat-train] update=1490 samples=953600 fps=43.7 loss=0.4919 actor=-0.0987 value=0.6046 entropy=1.4057 mean_return=27.661 mean_len=85.5
[gat-train] update=1491 samples=954240 fps=43.7 loss=0.3362 actor=-0.0525 value=0.4025 entropy=1.3763 mean_return=27.674 mean_len=85.1
[gat-train] update=1492 samples=954880 fps=43.7 loss=0.5566 actor=0.1945 value=0.3768 entropy=1.4736 mean_return=27.288 mean_len=84.4
[gat-train] update=1493 samples=955520 fps=43.7 loss=0.4467 actor=-0.0375 value=0.4980 entropy=1.3749 mean_return=27.246 mean_len=83.9
[gat-train] update=1494 samples=956160 fps=43.7 loss=0.3110 actor=-0.0157 value=0.3413 entropy=1.4616 mean_return=27.313 mean_len=83.9
[gat-train] update=1495 samples=956800 fps=43.7 loss=0.4102 actor=0.0285 value=0.3962 entropy=1.4553 mean_return=27.034 mean_len=83.1
[gat-train] update=1496 samples=957440 fps=43.7 loss=0.5114 actor=0.0380 value=0.4879 entropy=1.4509 mean_return=26.839 mean_len=83.7
[gat-train] update=1497 samples=958080 fps=43.7 loss=0.2558 actor=-0.1278 value=0.3985 entropy=1.4887 mean_return=26.710 mean_len=83.3
[gat-train] update=1498 samples=958720 fps=43.7 loss=0.2660 actor=-0.0914 value=0.3729 entropy=1.5535 mean_return=26.989 mean_len=83.7
[gat-train] update=1499 samples=959360 fps=43.7 loss=0.3832 actor=0.0077 value=0.3913 entropy=1.5868 mean_return=26.924 mean_len=83.4
[gat-train] update=1500 samples=960000 fps=43.7 loss=0.3661 actor=-0.2346 value=0.6171 entropy=1.6315 mean_return=26.931 mean_len=82.9
[gat-train] eval update=1500 torch_score=85.60 deploy_score=84.44 min=77.10 bottom10=78.77 max_regression=8.71 regressions=2 guard_rejected=1 best=82.12
[gat-train] update=1501 samples=960640 fps=43.6 loss=0.3730 actor=0.0312 value=0.3589 entropy=1.7114 mean_return=26.830 mean_len=82.7
[gat-train] update=1502 samples=961280 fps=43.6 loss=0.5159 actor=-0.0789 value=0.6118 entropy=1.6961 mean_return=26.800 mean_len=82.1
[gat-train] update=1503 samples=961920 fps=43.6 loss=0.2887 actor=-0.1231 value=0.4294 entropy=1.7556 mean_return=27.089 mean_len=82.9
[gat-train] update=1504 samples=962560 fps=43.6 loss=0.5390 actor=0.1301 value=0.4273 entropy=1.8381 mean_return=26.870 mean_len=83.0
[gat-train] update=1505 samples=963200 fps=43.6 loss=0.2979 actor=-0.1036 value=0.4203 entropy=1.8759 mean_return=26.802 mean_len=83.0
[gat-train] update=1506 samples=963840 fps=43.6 loss=0.3180 actor=-0.0840 value=0.4208 entropy=1.8755 mean_return=26.972 mean_len=83.0
[gat-train] update=1507 samples=964480 fps=43.6 loss=0.1866 actor=-0.1831 value=0.3890 entropy=1.9314 mean_return=27.022 mean_len=83.2
[gat-train] update=1508 samples=965120 fps=43.6 loss=0.5759 actor=0.0111 value=0.5844 entropy=1.9557 mean_return=27.261 mean_len=83.6
[gat-train] update=1509 samples=965760 fps=43.7 loss=0.3383 actor=-0.0285 value=0.3857 entropy=1.8909 mean_return=27.202 mean_len=84.0
[gat-train] update=1510 samples=966400 fps=43.7 loss=0.4147 actor=-0.0094 value=0.4429 entropy=1.8886 mean_return=26.680 mean_len=83.2
[gat-train] update=1511 samples=967040 fps=43.7 loss=0.3871 actor=-0.1223 value=0.5279 entropy=1.8537 mean_return=26.563 mean_len=82.9
[gat-train] update=1512 samples=967680 fps=43.7 loss=0.1990 actor=-0.1905 value=0.4076 entropy=1.8091 mean_return=26.572 mean_len=82.9
[gat-train] update=1513 samples=968320 fps=43.7 loss=0.3689 actor=-0.1471 value=0.5341 entropy=1.8107 mean_return=26.440 mean_len=82.6
[gat-train] update=1514 samples=968960 fps=43.7 loss=0.0942 actor=-0.2888 value=0.4002 entropy=1.7190 mean_return=26.322 mean_len=82.7
[gat-train] update=1515 samples=969600 fps=43.7 loss=0.3659 actor=0.0191 value=0.3643 entropy=1.7485 mean_return=26.264 mean_len=82.7
[gat-train] update=1516 samples=970240 fps=43.7 loss=0.3345 actor=-0.0393 value=0.3914 entropy=1.7591 mean_return=26.336 mean_len=82.5
[gat-train] update=1517 samples=970880 fps=43.7 loss=0.4499 actor=-0.1804 value=0.6470 entropy=1.6823 mean_return=26.460 mean_len=82.5
[gat-train] update=1518 samples=971520 fps=43.7 loss=0.3165 actor=-0.0392 value=0.3717 entropy=1.5956 mean_return=26.438 mean_len=82.5
[gat-train] update=1519 samples=972160 fps=43.6 loss=0.9265 actor=-0.1940 value=1.1367 entropy=1.6173 mean_return=26.027 mean_len=82.5
[gat-train] update=1520 samples=972800 fps=43.7 loss=0.5064 actor=0.0190 value=0.5026 entropy=1.5150 mean_return=26.102 mean_len=83.0
[gat-train] update=1521 samples=973440 fps=43.6 loss=0.5526 actor=0.0514 value=0.5158 entropy=1.4550 mean_return=26.374 mean_len=83.6
[gat-train] update=1522 samples=974080 fps=43.6 loss=0.4442 actor=-0.0367 value=0.4951 entropy=1.4250 mean_return=26.403 mean_len=83.9
[gat-train] update=1523 samples=974720 fps=43.6 loss=0.3587 actor=-0.0509 value=0.4237 entropy=1.4021 mean_return=26.112 mean_len=83.7
[gat-train] update=1524 samples=975360 fps=43.7 loss=0.4316 actor=0.0368 value=0.4084 entropy=1.3673 mean_return=26.525 mean_len=84.7
[gat-train] update=1525 samples=976000 fps=43.7 loss=0.2559 actor=-0.0670 value=0.3365 entropy=1.3535 mean_return=26.801 mean_len=84.9
[gat-train] update=1526 samples=976640 fps=43.7 loss=0.4838 actor=0.0562 value=0.4422 entropy=1.4532 mean_return=26.616 mean_len=84.5
[gat-train] update=1527 samples=977280 fps=43.7 loss=0.2912 actor=-0.0815 value=0.3865 entropy=1.3755 mean_return=26.328 mean_len=83.9
[gat-train] update=1528 samples=977920 fps=43.7 loss=0.4927 actor=0.0957 value=0.4110 entropy=1.4035 mean_return=26.205 mean_len=83.9
[gat-train] update=1529 samples=978560 fps=43.7 loss=0.3584 actor=-0.0313 value=0.4041 entropy=1.4360 mean_return=26.096 mean_len=83.7
[gat-train] update=1530 samples=979200 fps=43.7 loss=0.3434 actor=-0.0034 value=0.3603 entropy=1.3523 mean_return=25.873 mean_len=83.9
[gat-train] update=1531 samples=979840 fps=43.7 loss=0.5389 actor=0.1109 value=0.4419 entropy=1.3899 mean_return=26.424 mean_len=84.5
[gat-train] update=1532 samples=980480 fps=43.7 loss=0.3956 actor=-0.0057 value=0.4154 entropy=1.4049 mean_return=26.699 mean_len=84.6
[gat-train] update=1533 samples=981120 fps=43.7 loss=0.4762 actor=0.0577 value=0.4319 entropy=1.3379 mean_return=27.083 mean_len=84.7
[gat-train] update=1534 samples=981760 fps=43.7 loss=0.4314 actor=0.0097 value=0.4352 entropy=1.3475 mean_return=27.658 mean_len=85.0
[gat-train] update=1535 samples=982400 fps=43.7 loss=0.5569 actor=0.1214 value=0.4495 entropy=1.3941 mean_return=27.983 mean_len=85.1
[gat-train] update=1536 samples=983040 fps=43.7 loss=0.5659 actor=0.0587 value=0.5216 entropy=1.4421 mean_return=28.721 mean_len=86.1
[gat-train] update=1537 samples=983680 fps=43.7 loss=3.3279 actor=-0.1042 value=3.4463 entropy=1.4205 mean_return=28.444 mean_len=84.7
[gat-train] update=1538 samples=984320 fps=43.7 loss=0.3756 actor=-0.0555 value=0.4448 entropy=1.3695 mean_return=28.143 mean_len=83.9
[gat-train] update=1539 samples=984960 fps=43.7 loss=0.3461 actor=-0.0935 value=0.4535 entropy=1.3843 mean_return=28.200 mean_len=83.9
[gat-train] update=1540 samples=985600 fps=43.7 loss=0.5676 actor=0.1941 value=0.3872 entropy=1.3778 mean_return=27.924 mean_len=84.7
[gat-train] update=1541 samples=986240 fps=43.7 loss=0.4837 actor=0.0633 value=0.4347 entropy=1.4323 mean_return=27.752 mean_len=84.7
[gat-train] update=1542 samples=986880 fps=43.7 loss=0.4524 actor=0.0977 value=0.3685 entropy=1.3776 mean_return=28.062 mean_len=84.4
[gat-train] update=1543 samples=987520 fps=43.7 loss=0.3622 actor=-0.0121 value=0.3880 entropy=1.3721 mean_return=27.774 mean_len=84.3
[gat-train] update=1544 samples=988160 fps=43.7 loss=0.5297 actor=-0.0032 value=0.5474 entropy=1.4507 mean_return=28.259 mean_len=85.4
[gat-train] update=1545 samples=988800 fps=43.7 loss=0.4175 actor=0.0009 value=0.4303 entropy=1.3713 mean_return=28.130 mean_len=85.4
[gat-train] update=1546 samples=989440 fps=43.7 loss=0.5251 actor=0.0366 value=0.5026 entropy=1.4163 mean_return=28.173 mean_len=85.2
[gat-train] update=1547 samples=990080 fps=43.7 loss=0.4762 actor=0.0934 value=0.3971 entropy=1.4180 mean_return=28.107 mean_len=85.2
[gat-train] update=1548 samples=990720 fps=43.7 loss=0.4231 actor=-0.0179 value=0.4554 entropy=1.4308 mean_return=28.085 mean_len=85.5
[gat-train] update=1549 samples=991360 fps=43.8 loss=0.3907 actor=-0.0610 value=0.4663 entropy=1.4536 mean_return=27.909 mean_len=85.0
[gat-train] update=1550 samples=992000 fps=43.8 loss=0.3147 actor=-0.1448 value=0.4744 entropy=1.4879 mean_return=27.701 mean_len=84.8
[gat-train] eval update=1550 torch_score=86.26 deploy_score=78.49 min=0.00 bottom10=38.55 max_regression=79.94 regressions=3 guard_rejected=1 best=82.12
[gat-train] update=1551 samples=992640 fps=43.7 loss=0.5472 actor=-0.1597 value=0.7222 entropy=1.5304 mean_return=28.228 mean_len=85.0
[gat-train] update=1552 samples=993280 fps=43.7 loss=0.5040 actor=-0.1367 value=0.6555 entropy=1.4822 mean_return=27.826 mean_len=84.1
[gat-train] update=1553 samples=993920 fps=43.7 loss=0.5584 actor=0.1813 value=0.3916 entropy=1.4583 mean_return=27.565 mean_len=84.1
[gat-train] update=1554 samples=994560 fps=43.7 loss=0.3635 actor=-0.0295 value=0.4076 entropy=1.4594 mean_return=27.630 mean_len=84.8
[gat-train] update=1555 samples=995200 fps=43.7 loss=0.4414 actor=-0.0212 value=0.4768 entropy=1.4251 mean_return=27.642 mean_len=84.9
[gat-train] update=1556 samples=995840 fps=43.7 loss=0.4391 actor=-0.0240 value=0.4772 entropy=1.4136 mean_return=27.481 mean_len=84.8
[gat-train] update=1557 samples=996480 fps=43.7 loss=0.4250 actor=0.0006 value=0.4389 entropy=1.4451 mean_return=26.986 mean_len=84.8
[gat-train] update=1558 samples=997120 fps=43.7 loss=0.2674 actor=-0.1389 value=0.4203 entropy=1.4025 mean_return=26.707 mean_len=84.9
[gat-train] update=1559 samples=997760 fps=43.7 loss=0.3723 actor=0.0081 value=0.3784 entropy=1.4174 mean_return=27.374 mean_len=85.1
[gat-train] update=1560 samples=998400 fps=43.7 loss=0.3839 actor=-0.0217 value=0.4201 entropy=1.4527 mean_return=27.353 mean_len=84.2
[gat-train] update=1561 samples=999040 fps=43.7 loss=0.4480 actor=0.0347 value=0.4269 entropy=1.3677 mean_return=27.345 mean_len=84.0
[gat-train] update=1562 samples=999680 fps=43.7 loss=0.5791 actor=0.0704 value=0.5230 entropy=1.4367 mean_return=27.593 mean_len=84.1
[gat-train] update=1563 samples=1000320 fps=43.7 loss=0.3158 actor=-0.1107 value=0.4407 entropy=1.4230 mean_return=27.956 mean_len=84.9
[gat-train] update=1564 samples=1000960 fps=43.7 loss=0.4761 actor=0.0516 value=0.4391 entropy=1.4669 mean_return=28.242 mean_len=85.5
[gat-train] update=1565 samples=1001600 fps=43.7 loss=0.7381 actor=-0.0671 value=0.8196 entropy=1.4374 mean_return=28.459 mean_len=85.7
[gat-train] update=1566 samples=1002240 fps=43.7 loss=0.3033 actor=-0.0546 value=0.3720 entropy=1.4040 mean_return=28.337 mean_len=85.8
[gat-train] update=1567 samples=1002880 fps=43.8 loss=0.2054 actor=-0.2338 value=0.4542 entropy=1.4934 mean_return=28.159 mean_len=86.1
[gat-train] update=1568 samples=1003520 fps=43.8 loss=0.3792 actor=-0.0526 value=0.4460 entropy=1.4289 mean_return=28.044 mean_len=85.8
[gat-train] update=1569 samples=1004160 fps=43.7 loss=0.3135 actor=-0.0865 value=0.4144 entropy=1.4461 mean_return=28.136 mean_len=86.3
[gat-train] update=1570 samples=1004800 fps=43.7 loss=0.4177 actor=-0.1225 value=0.5546 entropy=1.4423 mean_return=27.792 mean_len=85.1
[gat-train] update=1571 samples=1005440 fps=43.7 loss=0.2698 actor=-0.0919 value=0.3758 entropy=1.4108 mean_return=27.420 mean_len=84.4
[gat-train] update=1572 samples=1006080 fps=43.7 loss=0.4636 actor=-0.0099 value=0.4880 entropy=1.4572 mean_return=27.556 mean_len=84.8
[gat-train] update=1573 samples=1006720 fps=43.7 loss=0.2694 actor=-0.0667 value=0.3498 entropy=1.3661 mean_return=27.662 mean_len=84.5
[gat-train] update=1574 samples=1007360 fps=43.7 loss=0.2410 actor=-0.0771 value=0.3319 entropy=1.3864 mean_return=27.485 mean_len=84.5
[gat-train] update=1575 samples=1008000 fps=43.7 loss=0.4294 actor=-0.0790 value=0.5219 entropy=1.3559 mean_return=27.455 mean_len=83.4
[gat-train] update=1576 samples=1008640 fps=43.7 loss=0.5533 actor=0.0965 value=0.4702 entropy=1.3376 mean_return=27.493 mean_len=84.3
[gat-train] update=1577 samples=1009280 fps=43.7 loss=0.4204 actor=0.0065 value=0.4279 entropy=1.3966 mean_return=27.405 mean_len=84.0
[gat-train] update=1578 samples=1009920 fps=43.7 loss=0.5278 actor=0.1585 value=0.3838 entropy=1.4488 mean_return=27.337 mean_len=84.0
[gat-train] update=1579 samples=1010560 fps=43.7 loss=0.2576 actor=-0.0308 value=0.3030 entropy=1.4542 mean_return=27.304 mean_len=84.2
[gat-train] update=1580 samples=1011200 fps=43.7 loss=0.3990 actor=0.0346 value=0.3786 entropy=1.4287 mean_return=27.473 mean_len=84.5
[gat-train] update=1581 samples=1011840 fps=43.7 loss=0.4300 actor=0.0784 value=0.3659 entropy=1.4391 mean_return=27.899 mean_len=85.1
[gat-train] update=1582 samples=1012480 fps=43.7 loss=0.6915 actor=-0.2215 value=0.9278 entropy=1.4831 mean_return=27.203 mean_len=83.2
[gat-train] update=1583 samples=1013120 fps=43.8 loss=0.3324 actor=-0.0545 value=0.4012 entropy=1.4264 mean_return=27.279 mean_len=82.8
[gat-train] update=1584 samples=1013760 fps=43.8 loss=0.3376 actor=-0.1814 value=0.5334 entropy=1.4413 mean_return=27.158 mean_len=82.4
[gat-train] update=1585 samples=1014400 fps=43.8 loss=0.2697 actor=-0.0844 value=0.3680 entropy=1.3968 mean_return=26.954 mean_len=81.9
[gat-train] update=1586 samples=1015040 fps=43.8 loss=0.5852 actor=0.1141 value=0.4856 entropy=1.4500 mean_return=26.919 mean_len=82.0
[gat-train] update=1587 samples=1015680 fps=43.8 loss=0.3834 actor=0.0007 value=0.3972 entropy=1.4523 mean_return=26.747 mean_len=82.7
[gat-train] update=1588 samples=1016320 fps=43.7 loss=0.3278 actor=-0.0915 value=0.4331 entropy=1.3824 mean_return=26.877 mean_len=82.8
[gat-train] update=1589 samples=1016960 fps=43.7 loss=0.2681 actor=-0.0898 value=0.3714 entropy=1.3541 mean_return=27.132 mean_len=83.9
[gat-train] update=1590 samples=1017600 fps=43.7 loss=0.1919 actor=-0.1728 value=0.3797 entropy=1.4994 mean_return=27.145 mean_len=83.9
[gat-train] update=1591 samples=1018240 fps=43.7 loss=0.4279 actor=0.0101 value=0.4320 entropy=1.4229 mean_return=27.665 mean_len=85.3
[gat-train] update=1592 samples=1018880 fps=43.7 loss=0.5373 actor=-0.0127 value=0.5641 entropy=1.4159 mean_return=27.332 mean_len=84.8
[gat-train] update=1593 samples=1019520 fps=43.7 loss=0.4192 actor=-0.0251 value=0.4596 entropy=1.5339 mean_return=27.706 mean_len=85.1
[gat-train] update=1594 samples=1020160 fps=43.7 loss=0.3263 actor=-0.0887 value=0.4315 entropy=1.6532 mean_return=27.757 mean_len=85.2
[gat-train] update=1595 samples=1020800 fps=43.7 loss=0.6236 actor=-0.1939 value=0.8336 entropy=1.6126 mean_return=27.515 mean_len=84.5
[gat-train] update=1596 samples=1021440 fps=43.7 loss=0.4640 actor=-0.0626 value=0.5437 entropy=1.7113 mean_return=27.564 mean_len=84.5
[gat-train] update=1597 samples=1022080 fps=43.7 loss=0.2548 actor=-0.2121 value=0.4839 entropy=1.6958 mean_return=27.596 mean_len=84.1
[gat-train] update=1598 samples=1022720 fps=43.7 loss=4.4103 actor=-0.2954 value=4.7224 entropy=1.6686 mean_return=27.461 mean_len=84.4
[gat-train] update=1599 samples=1023360 fps=43.7 loss=0.3591 actor=-0.1230 value=0.4979 entropy=1.5778 mean_return=27.546 mean_len=84.2
[gat-train] update=1600 samples=1024000 fps=43.7 loss=0.3325 actor=-0.0772 value=0.4258 entropy=1.6054 mean_return=27.475 mean_len=83.9
[gat-train] eval update=1600 torch_score=85.18 deploy_score=86.37 min=75.63 bottom10=79.15 max_regression=10.95 regressions=2 guard_rejected=1 best=82.12
[gat-train] update=1601 samples=1024640 fps=43.6 loss=0.5675 actor=0.0988 value=0.4852 entropy=1.6485 mean_return=27.605 mean_len=84.4
[gat-train] update=1602 samples=1025280 fps=43.6 loss=0.2813 actor=-0.1208 value=0.4181 entropy=1.5958 mean_return=27.483 mean_len=84.5
[gat-train] update=1603 samples=1025920 fps=43.7 loss=0.2577 actor=-0.1382 value=0.4117 entropy=1.5802 mean_return=27.565 mean_len=85.2
[gat-train] update=1604 samples=1026560 fps=43.7 loss=0.3271 actor=-0.1530 value=0.4944 entropy=1.4324 mean_return=27.403 mean_len=84.6
[gat-train] update=1605 samples=1027200 fps=43.7 loss=0.3637 actor=-0.1042 value=0.4822 entropy=1.4325 mean_return=28.004 mean_len=84.8
[gat-train] update=1606 samples=1027840 fps=43.7 loss=0.3785 actor=0.0151 value=0.3772 entropy=1.3847 mean_return=27.897 mean_len=85.3
[gat-train] update=1607 samples=1028480 fps=43.7 loss=0.2955 actor=-0.1735 value=0.4823 entropy=1.3427 mean_return=27.738 mean_len=84.9
[gat-train] update=1608 samples=1029120 fps=43.7 loss=0.3616 actor=-0.0358 value=0.4109 entropy=1.3490 mean_return=27.218 mean_len=84.1
[gat-train] update=1609 samples=1029760 fps=43.7 loss=0.3807 actor=-0.0074 value=0.4016 entropy=1.3451 mean_return=27.193 mean_len=84.0
[gat-train] update=1610 samples=1030400 fps=43.7 loss=0.4207 actor=0.0348 value=0.3993 entropy=1.3346 mean_return=26.909 mean_len=83.7
[gat-train] update=1611 samples=1031040 fps=43.7 loss=0.3326 actor=-0.0006 value=0.3478 entropy=1.4631 mean_return=26.513 mean_len=83.7
[gat-train] update=1612 samples=1031680 fps=43.7 loss=0.2526 actor=-0.1688 value=0.4356 entropy=1.4123 mean_return=25.976 mean_len=82.4
[gat-train] update=1613 samples=1032320 fps=43.7 loss=0.3412 actor=-0.0143 value=0.3699 entropy=1.4336 mean_return=26.164 mean_len=83.0
[gat-train] update=1614 samples=1032960 fps=43.7 loss=0.3949 actor=-0.0264 value=0.4363 entropy=1.5112 mean_return=26.546 mean_len=83.3
[gat-train] update=1615 samples=1033600 fps=43.7 loss=0.2349 actor=-0.1047 value=0.3548 entropy=1.5249 mean_return=26.672 mean_len=83.5
[gat-train] update=1616 samples=1034240 fps=43.8 loss=0.3948 actor=-0.0911 value=0.5018 entropy=1.5913 mean_return=26.791 mean_len=83.5
[gat-train] update=1617 samples=1034880 fps=43.8 loss=0.2346 actor=-0.1147 value=0.3655 entropy=1.6180 mean_return=26.579 mean_len=82.5
[gat-train] update=1618 samples=1035520 fps=43.8 loss=0.3192 actor=-0.0441 value=0.3791 entropy=1.5784 mean_return=26.988 mean_len=82.5
[gat-train] update=1619 samples=1036160 fps=43.8 loss=0.4652 actor=0.0338 value=0.4477 entropy=1.6283 mean_return=26.682 mean_len=82.1
[gat-train] update=1620 samples=1036800 fps=43.8 loss=0.4829 actor=0.0924 value=0.4068 entropy=1.6285 mean_return=26.651 mean_len=81.8
[gat-train] update=1621 samples=1037440 fps=43.8 loss=0.4887 actor=0.0286 value=0.4756 entropy=1.5413 mean_return=26.491 mean_len=81.8
[gat-train] update=1622 samples=1038080 fps=43.8 loss=0.3998 actor=0.0267 value=0.3888 entropy=1.5804 mean_return=25.903 mean_len=81.5
[gat-train] update=1623 samples=1038720 fps=43.8 loss=0.2315 actor=-0.1353 value=0.3818 entropy=1.4970 mean_return=26.080 mean_len=81.9
[gat-train] update=1624 samples=1039360 fps=43.8 loss=0.4301 actor=0.0139 value=0.4311 entropy=1.4980 mean_return=26.114 mean_len=82.5
[gat-train] update=1625 samples=1040000 fps=43.8 loss=0.5114 actor=0.0395 value=0.4869 entropy=1.5090 mean_return=26.242 mean_len=83.4
[gat-train] update=1626 samples=1040640 fps=43.8 loss=0.3574 actor=0.0120 value=0.3604 entropy=1.5043 mean_return=26.755 mean_len=83.9
[gat-train] update=1627 samples=1041280 fps=43.8 loss=0.2554 actor=-0.1124 value=0.3832 entropy=1.5431 mean_return=27.401 mean_len=84.3
[gat-train] update=1628 samples=1041920 fps=43.8 loss=0.2869 actor=-0.0860 value=0.3873 entropy=1.4455 mean_return=27.695 mean_len=84.8
[gat-train] update=1629 samples=1042560 fps=43.8 loss=0.3329 actor=-0.0252 value=0.3726 entropy=1.4455 mean_return=27.482 mean_len=84.9
[gat-train] update=1630 samples=1043200 fps=43.9 loss=0.5726 actor=0.1441 value=0.4437 entropy=1.5128 mean_return=27.724 mean_len=85.0
[gat-train] update=1631 samples=1043840 fps=43.9 loss=0.3706 actor=-0.0061 value=0.3914 entropy=1.4660 mean_return=27.595 mean_len=84.5
[gat-train] update=1632 samples=1044480 fps=43.9 loss=0.4203 actor=0.0183 value=0.4166 entropy=1.4632 mean_return=27.316 mean_len=84.3
[gat-train] update=1633 samples=1045120 fps=43.9 loss=0.4268 actor=0.0509 value=0.3909 entropy=1.5071 mean_return=27.156 mean_len=84.6
[gat-train] update=1634 samples=1045760 fps=43.9 loss=0.5043 actor=0.1604 value=0.3587 entropy=1.4771 mean_return=27.286 mean_len=84.6
[gat-train] update=1635 samples=1046400 fps=43.9 loss=0.6634 actor=0.2057 value=0.4726 entropy=1.4893 mean_return=27.398 mean_len=84.7
[gat-train] update=1636 samples=1047040 fps=43.8 loss=0.3568 actor=-0.0907 value=0.4622 entropy=1.4702 mean_return=27.288 mean_len=84.4
[gat-train] update=1637 samples=1047680 fps=43.8 loss=0.7547 actor=-0.1582 value=0.9278 entropy=1.4892 mean_return=26.787 mean_len=82.9
[gat-train] update=1638 samples=1048320 fps=43.8 loss=0.4814 actor=0.1013 value=0.3947 entropy=1.4639 mean_return=26.939 mean_len=83.2
[gat-train] update=1639 samples=1048960 fps=43.8 loss=0.5901 actor=0.1830 value=0.4226 entropy=1.5520 mean_return=27.257 mean_len=84.1
[gat-train] update=1640 samples=1049600 fps=43.8 loss=0.3412 actor=-0.1200 value=0.4764 entropy=1.5276 mean_return=27.151 mean_len=83.6
[gat-train] update=1641 samples=1050240 fps=43.9 loss=0.4183 actor=-0.0412 value=0.4744 entropy=1.4886 mean_return=27.137 mean_len=84.0
[gat-train] update=1642 samples=1050880 fps=43.9 loss=0.4166 actor=0.0497 value=0.3816 entropy=1.4623 mean_return=27.232 mean_len=84.4
[gat-train] update=1643 samples=1051520 fps=43.9 loss=0.4440 actor=-0.2248 value=0.6837 entropy=1.4920 mean_return=26.613 mean_len=83.5
[gat-train] update=1644 samples=1052160 fps=43.9 loss=0.4308 actor=0.0455 value=0.4001 entropy=1.4728 mean_return=27.148 mean_len=84.5
[gat-train] update=1645 samples=1052800 fps=43.9 loss=0.2663 actor=-0.0797 value=0.3604 entropy=1.4334 mean_return=27.213 mean_len=84.1
[gat-train] update=1646 samples=1053440 fps=43.9 loss=0.4463 actor=0.0169 value=0.4444 entropy=1.5040 mean_return=27.421 mean_len=84.3
[gat-train] update=1647 samples=1054080 fps=43.9 loss=0.5140 actor=0.0706 value=0.4571 entropy=1.3694 mean_return=27.176 mean_len=83.8
[gat-train] update=1648 samples=1054720 fps=43.9 loss=0.5846 actor=0.0417 value=0.5572 entropy=1.4244 mean_return=27.253 mean_len=83.0
[gat-train] update=1649 samples=1055360 fps=43.9 loss=0.2450 actor=-0.0973 value=0.3563 entropy=1.4012 mean_return=27.387 mean_len=83.3
[gat-train] update=1650 samples=1056000 fps=43.9 loss=0.2508 actor=-0.0775 value=0.3420 entropy=1.3791 mean_return=27.565 mean_len=83.6
[gat-train] eval update=1650 torch_score=77.85 deploy_score=85.97 min=81.50 bottom10=82.03 max_regression=8.71 regressions=2 guard_rejected=1 best=82.12
[gat-train] update=1651 samples=1056640 fps=43.8 loss=0.5834 actor=0.0448 value=0.5526 entropy=1.3947 mean_return=27.336 mean_len=83.9
[gat-train] update=1652 samples=1057280 fps=43.8 loss=0.5190 actor=0.0947 value=0.4378 entropy=1.3415 mean_return=27.443 mean_len=84.4
[gat-train] update=1653 samples=1057920 fps=43.8 loss=0.5136 actor=0.1633 value=0.3645 entropy=1.4174 mean_return=27.594 mean_len=85.2
[gat-train] update=1654 samples=1058560 fps=43.8 loss=0.3840 actor=-0.0649 value=0.4633 entropy=1.4364 mean_return=27.478 mean_len=84.7
[gat-train] update=1655 samples=1059200 fps=43.8 loss=0.5481 actor=0.0554 value=0.5062 entropy=1.3502 mean_return=27.803 mean_len=85.4
[gat-train] update=1656 samples=1059840 fps=43.8 loss=0.3589 actor=-0.0369 value=0.4098 entropy=1.4026 mean_return=28.013 mean_len=86.1
[gat-train] update=1657 samples=1060480 fps=43.8 loss=0.3466 actor=-0.0883 value=0.4489 entropy=1.4021 mean_return=28.042 mean_len=85.8
[gat-train] update=1658 samples=1061120 fps=43.8 loss=0.4066 actor=0.0394 value=0.3814 entropy=1.4101 mean_return=28.129 mean_len=85.9
[gat-train] update=1659 samples=1061760 fps=43.8 loss=0.3739 actor=0.0071 value=0.3810 entropy=1.4210 mean_return=27.997 mean_len=85.3
[gat-train] update=1660 samples=1062400 fps=43.8 loss=0.3704 actor=-0.0573 value=0.4421 entropy=1.4325 mean_return=27.458 mean_len=84.9
[gat-train] update=1661 samples=1063040 fps=43.8 loss=0.4240 actor=0.0362 value=0.4025 entropy=1.4722 mean_return=27.867 mean_len=85.3
[gat-train] update=1662 samples=1063680 fps=43.8 loss=0.5226 actor=0.1100 value=0.4272 entropy=1.4577 mean_return=27.560 mean_len=84.8
[gat-train] update=1663 samples=1064320 fps=43.8 loss=0.4479 actor=0.0993 value=0.3629 entropy=1.4198 mean_return=27.813 mean_len=84.9
[gat-train] update=1664 samples=1064960 fps=43.8 loss=0.3681 actor=-0.0121 value=0.3945 entropy=1.4275 mean_return=27.709 mean_len=85.1
[gat-train] update=1665 samples=1065600 fps=43.8 loss=0.3785 actor=0.0029 value=0.3902 entropy=1.4483 mean_return=28.029 mean_len=85.3
[gat-train] update=1666 samples=1066240 fps=43.8 loss=0.5147 actor=0.0722 value=0.4569 entropy=1.4380 mean_return=28.792 mean_len=86.1
[gat-train] update=1667 samples=1066880 fps=43.8 loss=0.4588 actor=0.0735 value=0.3992 entropy=1.3934 mean_return=28.779 mean_len=85.7
[gat-train] update=1668 samples=1067520 fps=43.8 loss=0.3690 actor=0.0198 value=0.3635 entropy=1.4289 mean_return=28.709 mean_len=85.4
[gat-train] update=1669 samples=1068160 fps=43.8 loss=0.4514 actor=0.0430 value=0.4226 entropy=1.4168 mean_return=28.999 mean_len=85.6
[gat-train] update=1670 samples=1068800 fps=43.8 loss=0.4944 actor=0.0145 value=0.4945 entropy=1.4508 mean_return=28.998 mean_len=85.9
[gat-train] update=1671 samples=1069440 fps=43.8 loss=0.3524 actor=-0.0171 value=0.3845 entropy=1.5018 mean_return=28.861 mean_len=85.8
[gat-train] update=1672 samples=1070080 fps=43.8 loss=0.3022 actor=-0.1029 value=0.4201 entropy=1.4989 mean_return=28.673 mean_len=85.8
[gat-train] update=1673 samples=1070720 fps=43.8 loss=0.3370 actor=-0.1106 value=0.4622 entropy=1.4539 mean_return=27.960 mean_len=84.6
[gat-train] update=1674 samples=1071360 fps=43.8 loss=0.3083 actor=-0.1005 value=0.4230 entropy=1.4145 mean_return=27.645 mean_len=84.4
[gat-train] update=1675 samples=1072000 fps=43.9 loss=0.2981 actor=-0.0185 value=0.3313 entropy=1.4666 mean_return=27.152 mean_len=84.0
[gat-train] update=1676 samples=1072640 fps=43.9 loss=0.3109 actor=-0.1083 value=0.4337 entropy=1.4411 mean_return=27.004 mean_len=83.6
[gat-train] update=1677 samples=1073280 fps=43.9 loss=0.1586 actor=-0.2040 value=0.3766 entropy=1.4058 mean_return=27.067 mean_len=83.4
[gat-train] update=1678 samples=1073920 fps=43.9 loss=0.2411 actor=-0.1233 value=0.3787 entropy=1.4196 mean_return=27.093 mean_len=83.6
[gat-train] update=1679 samples=1074560 fps=43.9 loss=0.3984 actor=-0.0108 value=0.4234 entropy=1.4292 mean_return=26.885 mean_len=83.6
[gat-train] update=1680 samples=1075200 fps=43.9 loss=0.2792 actor=-0.0497 value=0.3429 entropy=1.3987 mean_return=27.200 mean_len=84.0
[gat-train] update=1681 samples=1075840 fps=43.9 loss=0.4940 actor=0.0128 value=0.4950 entropy=1.3847 mean_return=27.282 mean_len=84.7
[gat-train] update=1682 samples=1076480 fps=43.9 loss=0.4422 actor=-0.0319 value=0.4884 entropy=1.4236 mean_return=27.157 mean_len=85.0
[gat-train] update=1683 samples=1077120 fps=43.9 loss=0.3043 actor=-0.0296 value=0.3485 entropy=1.4586 mean_return=27.076 mean_len=84.9
[gat-train] update=1684 samples=1077760 fps=43.9 loss=0.4210 actor=0.0288 value=0.4068 entropy=1.4472 mean_return=26.823 mean_len=83.9
[gat-train] update=1685 samples=1078400 fps=43.9 loss=0.2734 actor=-0.0637 value=0.3516 entropy=1.4565 mean_return=27.045 mean_len=83.7
[gat-train] update=1686 samples=1079040 fps=43.9 loss=0.1970 actor=-0.2099 value=0.4222 entropy=1.5254 mean_return=26.994 mean_len=83.7
[gat-train] update=1687 samples=1079680 fps=43.9 loss=0.2962 actor=-0.0041 value=0.3157 entropy=1.5407 mean_return=26.854 mean_len=83.3
[gat-train] update=1688 samples=1080320 fps=43.9 loss=0.2112 actor=-0.0695 value=0.2964 entropy=1.5657 mean_return=26.759 mean_len=83.1
[gat-train] update=1689 samples=1080960 fps=43.9 loss=0.2489 actor=-0.1351 value=0.3997 entropy=1.5697 mean_return=26.883 mean_len=83.1
[gat-train] update=1690 samples=1081600 fps=43.9 loss=0.4534 actor=0.0341 value=0.4353 entropy=1.6063 mean_return=27.032 mean_len=83.6
[gat-train] update=1691 samples=1082240 fps=43.9 loss=0.3865 actor=0.0245 value=0.3787 entropy=1.6569 mean_return=27.089 mean_len=84.0
[gat-train] update=1692 samples=1082880 fps=43.9 loss=0.3414 actor=-0.0455 value=0.4031 entropy=1.6235 mean_return=27.076 mean_len=83.7
[gat-train] update=1693 samples=1083520 fps=43.9 loss=0.4581 actor=-0.0021 value=0.4768 entropy=1.6560 mean_return=27.254 mean_len=84.1
[gat-train] update=1694 samples=1084160 fps=43.9 loss=0.4178 actor=-0.0075 value=0.4424 entropy=1.7013 mean_return=27.316 mean_len=84.3
[gat-train] update=1695 samples=1084800 fps=43.9 loss=0.1369 actor=-0.1914 value=0.3454 entropy=1.7094 mean_return=27.124 mean_len=84.0
[gat-train] update=1696 samples=1085440 fps=43.9 loss=0.2412 actor=-0.0837 value=0.3428 entropy=1.7884 mean_return=26.734 mean_len=83.7
[gat-train] update=1697 samples=1086080 fps=43.9 loss=0.2817 actor=-0.1132 value=0.4134 entropy=1.8523 mean_return=26.294 mean_len=83.2
[gat-train] update=1698 samples=1086720 fps=43.9 loss=0.0964 actor=-0.3064 value=0.4215 entropy=1.8656 mean_return=25.748 mean_len=83.3
[gat-train] update=1699 samples=1087360 fps=43.9 loss=0.3085 actor=-0.0638 value=0.3903 entropy=1.8029 mean_return=25.507 mean_len=83.0
[gat-train] update=1700 samples=1088000 fps=43.9 loss=0.2468 actor=-0.1179 value=0.3834 entropy=1.8748 mean_return=25.552 mean_len=82.2
[gat-train] eval update=1700 torch_score=84.97 deploy_score=84.35 min=71.49 bottom10=74.02 max_regression=8.18 regressions=3 guard_rejected=1 best=82.12
[gat-train] update=1701 samples=1088640 fps=43.8 loss=0.2532 actor=-0.0993 value=0.3715 entropy=1.9079 mean_return=25.990 mean_len=82.6
[gat-train] update=1702 samples=1089280 fps=43.8 loss=0.2914 actor=-0.1277 value=0.4386 entropy=1.9464 mean_return=26.121 mean_len=82.5
[gat-train] update=1703 samples=1089920 fps=43.8 loss=0.3488 actor=0.0372 value=0.3306 entropy=1.8968 mean_return=26.033 mean_len=82.6
[gat-train] update=1704 samples=1090560 fps=43.8 loss=0.1919 actor=-0.1985 value=0.4097 entropy=1.9338 mean_return=26.052 mean_len=82.3
[gat-train] update=1705 samples=1091200 fps=43.8 loss=0.4281 actor=0.0282 value=0.4192 entropy=1.9342 mean_return=26.217 mean_len=82.2
[gat-train] update=1706 samples=1091840 fps=43.8 loss=0.1648 actor=-0.1765 value=0.3602 entropy=1.8944 mean_return=26.374 mean_len=81.8
[gat-train] update=1707 samples=1092480 fps=43.8 loss=0.1585 actor=-0.2333 value=0.4108 entropy=1.9007 mean_return=26.199 mean_len=82.0
[gat-train] update=1708 samples=1093120 fps=43.8 loss=0.3165 actor=-0.0983 value=0.4333 entropy=1.8508 mean_return=25.935 mean_len=81.3
[gat-train] update=1709 samples=1093760 fps=43.8 loss=0.1690 actor=-0.2476 value=0.4346 entropy=1.8016 mean_return=25.920 mean_len=81.1
[gat-train] update=1710 samples=1094400 fps=43.8 loss=0.3457 actor=0.0378 value=0.3259 entropy=1.7988 mean_return=25.884 mean_len=81.3
[gat-train] update=1711 samples=1095040 fps=43.8 loss=0.2722 actor=-0.0650 value=0.3548 entropy=1.7582 mean_return=26.246 mean_len=81.5
[gat-train] update=1712 samples=1095680 fps=43.7 loss=0.2943 actor=-0.1089 value=0.4202 entropy=1.7025 mean_return=25.918 mean_len=81.4
[gat-train] update=1713 samples=1096320 fps=43.7 loss=0.1519 actor=-0.2269 value=0.3958 entropy=1.6987 mean_return=26.055 mean_len=81.6
[gat-train] update=1714 samples=1096960 fps=43.7 loss=0.3409 actor=-0.0722 value=0.4300 entropy=1.6801 mean_return=25.998 mean_len=81.9
[gat-train] update=1715 samples=1097600 fps=43.7 loss=0.2928 actor=-0.0589 value=0.3683 entropy=1.6615 mean_return=25.917 mean_len=82.6
[gat-train] update=1716 samples=1098240 fps=43.7 loss=0.3838 actor=-0.0555 value=0.4560 entropy=1.6670 mean_return=25.730 mean_len=82.5
[gat-train] update=1717 samples=1098880 fps=43.7 loss=0.3862 actor=0.0328 value=0.3703 entropy=1.6841 mean_return=26.038 mean_len=82.8
[gat-train] update=1718 samples=1099520 fps=43.7 loss=0.5516 actor=0.1085 value=0.4597 entropy=1.6625 mean_return=26.041 mean_len=83.5
[gat-train] update=1719 samples=1100160 fps=43.7 loss=0.2091 actor=-0.1688 value=0.3942 entropy=1.6323 mean_return=25.994 mean_len=83.3
[gat-train] update=1720 samples=1100800 fps=43.7 loss=0.3857 actor=0.0220 value=0.3805 entropy=1.6817 mean_return=25.885 mean_len=83.2
[gat-train] update=1721 samples=1101440 fps=43.7 loss=0.3890 actor=0.0297 value=0.3764 entropy=1.7090 mean_return=26.237 mean_len=83.0
[gat-train] update=1722 samples=1102080 fps=43.7 loss=0.3005 actor=-0.0329 value=0.3494 entropy=1.5972 mean_return=26.358 mean_len=83.0
[gat-train] update=1723 samples=1102720 fps=43.7 loss=0.4004 actor=0.0312 value=0.3859 entropy=1.6751 mean_return=26.491 mean_len=82.7
[gat-train] update=1724 samples=1103360 fps=43.8 loss=0.5371 actor=0.2182 value=0.3351 entropy=1.6219 mean_return=26.525 mean_len=82.9
[gat-train] update=1725 samples=1104000 fps=43.8 loss=0.3174 actor=-0.0589 value=0.3925 entropy=1.6189 mean_return=26.899 mean_len=82.9
[gat-train] update=1726 samples=1104640 fps=43.8 loss=0.4304 actor=0.0973 value=0.3489 entropy=1.5826 mean_return=27.143 mean_len=82.9
[gat-train] update=1727 samples=1105280 fps=43.8 loss=0.5730 actor=0.0246 value=0.5649 entropy=1.6453 mean_return=27.292 mean_len=83.6
[gat-train] update=1728 samples=1105920 fps=43.8 loss=0.3766 actor=-0.0787 value=0.4713 entropy=1.5933 mean_return=27.097 mean_len=83.3
[gat-train] update=1729 samples=1106560 fps=43.8 loss=0.4820 actor=0.0302 value=0.4680 entropy=1.6167 mean_return=27.253 mean_len=84.1
[gat-train] update=1730 samples=1107200 fps=43.7 loss=0.3432 actor=-0.0401 value=0.3992 entropy=1.5808 mean_return=27.191 mean_len=84.0
[gat-train] update=1731 samples=1107840 fps=43.7 loss=0.3053 actor=-0.0402 value=0.3620 entropy=1.6458 mean_return=27.225 mean_len=83.9
[gat-train] update=1732 samples=1108480 fps=43.7 loss=0.4361 actor=0.0602 value=0.3929 entropy=1.6946 mean_return=27.035 mean_len=84.1
[gat-train] update=1733 samples=1109120 fps=43.7 loss=0.3250 actor=-0.0837 value=0.4254 entropy=1.6747 mean_return=26.962 mean_len=83.8
[gat-train] update=1734 samples=1109760 fps=43.7 loss=0.3683 actor=-0.0496 value=0.4341 entropy=1.6289 mean_return=26.925 mean_len=83.6
[gat-train] update=1735 samples=1110400 fps=43.7 loss=0.4726 actor=0.0394 value=0.4497 entropy=1.6459 mean_return=27.547 mean_len=85.1
[gat-train] update=1736 samples=1111040 fps=43.7 loss=0.3112 actor=-0.1221 value=0.4501 entropy=1.6844 mean_return=27.597 mean_len=85.2
[gat-train] update=1737 samples=1111680 fps=43.8 loss=0.3673 actor=-0.1013 value=0.4857 entropy=1.7080 mean_return=27.706 mean_len=85.4
[gat-train] update=1738 samples=1112320 fps=43.8 loss=0.3562 actor=-0.0169 value=0.3896 entropy=1.6478 mean_return=27.556 mean_len=85.2
[gat-train] update=1739 samples=1112960 fps=43.8 loss=0.4178 actor=0.0157 value=0.4183 entropy=1.6124 mean_return=27.523 mean_len=85.4
[gat-train] update=1740 samples=1113600 fps=43.8 loss=0.5435 actor=0.0894 value=0.4698 entropy=1.5650 mean_return=27.319 mean_len=85.4
[gat-train] update=1741 samples=1114240 fps=43.8 loss=0.2945 actor=-0.1169 value=0.4274 entropy=1.6057 mean_return=26.697 mean_len=84.5
[gat-train] update=1742 samples=1114880 fps=43.8 loss=0.2921 actor=-0.0711 value=0.3790 entropy=1.5778 mean_return=26.660 mean_len=84.0
[gat-train] update=1743 samples=1115520 fps=43.8 loss=0.3159 actor=-0.0325 value=0.3640 entropy=1.5498 mean_return=26.224 mean_len=83.5
[gat-train] update=1744 samples=1116160 fps=43.8 loss=0.2701 actor=-0.0380 value=0.3238 entropy=1.5676 mean_return=26.327 mean_len=83.0
[gat-train] update=1745 samples=1116800 fps=43.8 loss=0.5239 actor=0.0129 value=0.5266 entropy=1.5687 mean_return=26.379 mean_len=83.3
[gat-train] update=1746 samples=1117440 fps=43.8 loss=0.4748 actor=0.1122 value=0.3775 entropy=1.4991 mean_return=26.303 mean_len=83.3
[gat-train] update=1747 samples=1118080 fps=43.8 loss=0.4376 actor=-0.0085 value=0.4612 entropy=1.5137 mean_return=26.471 mean_len=83.7
[gat-train] update=1748 samples=1118720 fps=43.8 loss=0.3742 actor=0.0213 value=0.3677 entropy=1.4751 mean_return=26.722 mean_len=83.8
[gat-train] update=1749 samples=1119360 fps=43.8 loss=0.5811 actor=0.0255 value=0.5709 entropy=1.5203 mean_return=27.300 mean_len=84.7
[gat-train] update=1750 samples=1120000 fps=43.8 loss=0.3731 actor=-0.0228 value=0.4103 entropy=1.4329 mean_return=27.307 mean_len=85.0
[gat-train] eval update=1750 torch_score=84.34 deploy_score=86.19 min=79.43 bottom10=80.59 max_regression=9.95 regressions=1 guard_rejected=1 best=82.12
[gat-train] update=1751 samples=1120640 fps=43.7 loss=0.7411 actor=0.0860 value=0.6694 entropy=1.4266 mean_return=27.113 mean_len=85.1
[gat-train] update=1752 samples=1121280 fps=43.7 loss=0.5432 actor=0.1534 value=0.4046 entropy=1.4781 mean_return=27.455 mean_len=85.9
[gat-train] update=1753 samples=1121920 fps=43.8 loss=0.5710 actor=0.1036 value=0.4821 entropy=1.4677 mean_return=27.629 mean_len=86.2
[gat-train] update=1754 samples=1122560 fps=43.8 loss=0.4083 actor=0.0456 value=0.3778 entropy=1.5102 mean_return=27.880 mean_len=86.0
[gat-train] update=1755 samples=1123200 fps=43.8 loss=0.4653 actor=-0.0452 value=0.5262 entropy=1.5765 mean_return=27.794 mean_len=86.0
[gat-train] update=1756 samples=1123840 fps=43.8 loss=0.4917 actor=0.0582 value=0.4487 entropy=1.5239 mean_return=27.960 mean_len=86.2
[gat-train] update=1757 samples=1124480 fps=43.8 loss=0.6987 actor=-0.0303 value=0.7452 entropy=1.6148 mean_return=27.671 mean_len=85.2
[gat-train] update=1758 samples=1125120 fps=43.8 loss=0.5997 actor=0.1435 value=0.4727 entropy=1.6483 mean_return=27.763 mean_len=85.8
[gat-train] update=1759 samples=1125760 fps=43.8 loss=0.5478 actor=-0.0730 value=0.6381 entropy=1.7320 mean_return=27.684 mean_len=84.9
[gat-train] update=1760 samples=1126400 fps=43.8 loss=0.6588 actor=0.1889 value=0.4879 entropy=1.7887 mean_return=27.964 mean_len=84.6
[gat-train] update=1761 samples=1127040 fps=43.7 loss=0.3322 actor=-0.1247 value=0.4757 entropy=1.8726 mean_return=27.688 mean_len=84.6
[gat-train] update=1762 samples=1127680 fps=43.8 loss=0.3823 actor=-0.0118 value=0.4128 entropy=1.8696 mean_return=27.576 mean_len=84.8
[gat-train] update=1763 samples=1128320 fps=43.8 loss=0.4630 actor=-0.0573 value=0.5392 entropy=1.8955 mean_return=27.737 mean_len=84.6
[gat-train] update=1764 samples=1128960 fps=43.7 loss=1.1814 actor=-0.1313 value=1.3318 entropy=1.9102 mean_return=27.414 mean_len=83.6
[gat-train] update=1765 samples=1129600 fps=43.7 loss=0.1532 actor=-0.2159 value=0.3891 entropy=1.9971 mean_return=27.024 mean_len=83.5
[gat-train] update=1766 samples=1130240 fps=43.7 loss=0.2301 actor=-0.0799 value=0.3290 entropy=1.9052 mean_return=26.672 mean_len=83.0
[gat-train] update=1767 samples=1130880 fps=43.7 loss=0.3059 actor=-0.1455 value=0.4701 entropy=1.8610 mean_return=26.798 mean_len=83.4
[gat-train] update=1768 samples=1131520 fps=43.7 loss=0.1404 actor=-0.2436 value=0.4016 entropy=1.7625 mean_return=26.595 mean_len=82.7
[gat-train] update=1769 samples=1132160 fps=43.7 loss=0.3108 actor=-0.0913 value=0.4192 entropy=1.7118 mean_return=26.538 mean_len=82.6
[gat-train] update=1770 samples=1132800 fps=43.7 loss=0.3864 actor=-0.0173 value=0.4197 entropy=1.5948 mean_return=26.675 mean_len=83.1
[gat-train] update=1771 samples=1133440 fps=43.7 loss=0.0695 actor=-0.3002 value=0.3854 entropy=1.5798 mean_return=26.440 mean_len=82.7
[gat-train] update=1772 samples=1134080 fps=43.7 loss=0.2563 actor=-0.0865 value=0.3580 entropy=1.5280 mean_return=26.975 mean_len=83.5
[gat-train] update=1773 samples=1134720 fps=43.7 loss=0.4419 actor=-0.0607 value=0.5176 entropy=1.4971 mean_return=26.894 mean_len=83.6
[gat-train] update=1774 samples=1135360 fps=43.7 loss=0.3304 actor=-0.0867 value=0.4314 entropy=1.4383 mean_return=27.093 mean_len=83.9
[gat-train] update=1775 samples=1136000 fps=43.7 loss=0.3253 actor=-0.0636 value=0.4028 entropy=1.3921 mean_return=27.193 mean_len=84.3
[gat-train] update=1776 samples=1136640 fps=43.7 loss=0.4251 actor=0.1216 value=0.3172 entropy=1.3754 mean_return=26.708 mean_len=83.5
[gat-train] update=1777 samples=1137280 fps=43.7 loss=0.5447 actor=0.1065 value=0.4522 entropy=1.4102 mean_return=26.472 mean_len=83.3
[gat-train] update=1778 samples=1137920 fps=43.7 loss=0.5467 actor=0.0931 value=0.4679 entropy=1.4263 mean_return=26.673 mean_len=84.3
[gat-train] update=1779 samples=1138560 fps=43.7 loss=0.3024 actor=-0.1077 value=0.4243 entropy=1.4239 mean_return=26.467 mean_len=83.2
[gat-train] update=1780 samples=1139200 fps=43.7 loss=0.2775 actor=-0.1371 value=0.4287 entropy=1.4120 mean_return=26.281 mean_len=83.1
[gat-train] update=1781 samples=1139840 fps=43.7 loss=0.4168 actor=-0.0086 value=0.4404 entropy=1.4973 mean_return=26.337 mean_len=82.9
[gat-train] update=1782 samples=1140480 fps=43.7 loss=0.4402 actor=0.0810 value=0.3742 entropy=1.4997 mean_return=26.697 mean_len=83.2
[gat-train] update=1783 samples=1141120 fps=43.7 loss=0.1831 actor=-0.1410 value=0.3392 entropy=1.5075 mean_return=26.548 mean_len=82.3
[gat-train] update=1784 samples=1141760 fps=43.7 loss=0.3295 actor=-0.0728 value=0.4181 entropy=1.5792 mean_return=26.129 mean_len=81.1
[gat-train] update=1785 samples=1142400 fps=43.7 loss=0.3769 actor=0.0298 value=0.3622 entropy=1.5132 mean_return=25.867 mean_len=80.9
[gat-train] update=1786 samples=1143040 fps=43.7 loss=0.4203 actor=0.0206 value=0.4153 entropy=1.5610 mean_return=25.782 mean_len=81.2
[gat-train] update=1787 samples=1143680 fps=43.7 loss=0.3554 actor=-0.0412 value=0.4125 entropy=1.5911 mean_return=26.004 mean_len=81.5
[gat-train] update=1788 samples=1144320 fps=43.7 loss=0.5818 actor=-0.1666 value=0.7649 entropy=1.6453 mean_return=25.610 mean_len=80.3
[gat-train] update=1789 samples=1144960 fps=43.7 loss=0.4377 actor=-0.0095 value=0.4633 entropy=1.6073 mean_return=25.589 mean_len=80.1
[gat-train] update=1790 samples=1145600 fps=43.7 loss=0.2689 actor=-0.1129 value=0.3981 entropy=1.6304 mean_return=25.787 mean_len=80.3
[gat-train] update=1791 samples=1146240 fps=43.7 loss=0.5079 actor=0.1883 value=0.3359 entropy=1.6383 mean_return=26.075 mean_len=81.1
[gat-train] update=1792 samples=1146880 fps=43.7 loss=0.3169 actor=-0.0333 value=0.3671 entropy=1.6925 mean_return=26.528 mean_len=81.7
[gat-train] update=1793 samples=1147520 fps=43.7 loss=0.2102 actor=-0.1352 value=0.3619 entropy=1.6576 mean_return=26.726 mean_len=82.0
[gat-train] update=1794 samples=1148160 fps=43.7 loss=0.2871 actor=-0.1394 value=0.4431 entropy=1.6701 mean_return=26.879 mean_len=82.1
[gat-train] update=1795 samples=1148800 fps=43.7 loss=0.3206 actor=-0.0888 value=0.4256 entropy=1.6147 mean_return=27.272 mean_len=83.3
[gat-train] update=1796 samples=1149440 fps=43.7 loss=0.4500 actor=0.0866 value=0.3792 entropy=1.5808 mean_return=26.887 mean_len=83.1
[gat-train] update=1797 samples=1150080 fps=43.7 loss=0.5463 actor=0.1433 value=0.4187 entropy=1.5662 mean_return=26.885 mean_len=83.9
[gat-train] update=1798 samples=1150720 fps=43.7 loss=0.3305 actor=0.0042 value=0.3412 entropy=1.4997 mean_return=26.926 mean_len=84.1
[gat-train] update=1799 samples=1151360 fps=43.7 loss=0.3731 actor=0.0547 value=0.3336 entropy=1.5181 mean_return=26.859 mean_len=84.0
[gat-train] update=1800 samples=1152000 fps=43.8 loss=0.4821 actor=0.0625 value=0.4348 entropy=1.5199 mean_return=27.172 mean_len=84.5
[gat-train] eval update=1800 torch_score=85.28 deploy_score=83.94 min=71.49 bottom10=73.69 max_regression=12.95 regressions=4 guard_rejected=1 best=82.12
[gat-train] update=1801 samples=1152640 fps=43.7 loss=0.2570 actor=-0.1700 value=0.4426 entropy=1.5664 mean_return=27.218 mean_len=84.8
[gat-train] update=1802 samples=1153280 fps=43.7 loss=0.4205 actor=-0.0118 value=0.4487 entropy=1.6333 mean_return=27.663 mean_len=85.4
[gat-train] update=1803 samples=1153920 fps=43.7 loss=0.3178 actor=-0.0258 value=0.3600 entropy=1.6444 mean_return=27.765 mean_len=85.2
[gat-train] update=1804 samples=1154560 fps=43.7 loss=0.4502 actor=0.1059 value=0.3618 entropy=1.7516 mean_return=27.473 mean_len=85.1
[gat-train] update=1805 samples=1155200 fps=43.7 loss=0.3601 actor=-0.0591 value=0.4372 entropy=1.7959 mean_return=27.170 mean_len=84.6
[gat-train] update=1806 samples=1155840 fps=43.7 loss=0.5049 actor=0.0967 value=0.4265 entropy=1.8332 mean_return=26.791 mean_len=84.4
[gat-train] update=1807 samples=1156480 fps=43.7 loss=0.2831 actor=-0.0331 value=0.3350 entropy=1.8784 mean_return=26.886 mean_len=84.6
[gat-train] update=1808 samples=1157120 fps=43.7 loss=0.2166 actor=-0.1307 value=0.3668 entropy=1.9435 mean_return=26.901 mean_len=84.2
[gat-train] update=1809 samples=1157760 fps=43.7 loss=0.2907 actor=-0.0919 value=0.4015 entropy=1.8853 mean_return=26.814 mean_len=83.8
[gat-train] update=1810 samples=1158400 fps=43.7 loss=0.1154 actor=-0.2177 value=0.3518 entropy=1.8697 mean_return=26.769 mean_len=83.6
[gat-train] update=1811 samples=1159040 fps=43.7 loss=0.1478 actor=-0.1664 value=0.3339 entropy=1.9704 mean_return=27.013 mean_len=83.6
[gat-train] update=1812 samples=1159680 fps=43.8 loss=0.1724 actor=-0.2329 value=0.4248 entropy=1.9469 mean_return=26.873 mean_len=83.5
[gat-train] update=1813 samples=1160320 fps=43.8 loss=-0.0292 actor=-0.4082 value=0.3993 entropy=2.0221 mean_return=26.784 mean_len=83.2
[gat-train] update=1814 samples=1160960 fps=43.8 loss=0.2361 actor=-0.1635 value=0.4200 entropy=2.0437 mean_return=26.587 mean_len=83.1
[gat-train] update=1815 samples=1161600 fps=43.8 loss=0.4364 actor=0.0667 value=0.3901 entropy=2.0340 mean_return=26.656 mean_len=83.6
[gat-train] update=1816 samples=1162240 fps=43.8 loss=0.2723 actor=-0.0084 value=0.3013 entropy=2.0648 mean_return=26.843 mean_len=84.1
[gat-train] update=1817 samples=1162880 fps=43.8 loss=0.2151 actor=-0.1793 value=0.4153 entropy=2.0852 mean_return=26.325 mean_len=83.3
[gat-train] update=1818 samples=1163520 fps=43.8 loss=0.3577 actor=-0.0326 value=0.4107 entropy=2.0370 mean_return=26.385 mean_len=83.0
[gat-train] update=1819 samples=1164160 fps=43.8 loss=0.6899 actor=-0.3500 value=1.0605 entropy=2.0564 mean_return=25.988 mean_len=81.5
[gat-train] update=1820 samples=1164800 fps=43.8 loss=0.2431 actor=-0.4833 value=0.7472 entropy=2.0849 mean_return=25.649 mean_len=80.4
[gat-train] update=1821 samples=1165440 fps=43.8 loss=0.5361 actor=-0.2020 value=0.7589 entropy=2.0843 mean_return=24.924 mean_len=79.3
[gat-train] update=1822 samples=1166080 fps=43.8 loss=0.0115 actor=-0.3471 value=0.3791 entropy=2.0519 mean_return=24.665 mean_len=78.5
[gat-train] update=1823 samples=1166720 fps=43.8 loss=0.2690 actor=-0.3534 value=0.6426 entropy=2.0201 mean_return=24.440 mean_len=77.6
[gat-train] update=1824 samples=1167360 fps=43.8 loss=0.2956 actor=-0.2704 value=0.5859 entropy=1.9864 mean_return=24.138 mean_len=76.5
[gat-train] update=1825 samples=1168000 fps=43.8 loss=0.1224 actor=-0.2776 value=0.4197 entropy=1.9772 mean_return=24.000 mean_len=76.4
[gat-train] update=1826 samples=1168640 fps=43.8 loss=0.2879 actor=-0.0888 value=0.3962 entropy=1.9502 mean_return=24.301 mean_len=77.2
[gat-train] update=1827 samples=1169280 fps=43.8 loss=0.4392 actor=-0.2336 value=0.6923 entropy=1.9437 mean_return=24.168 mean_len=76.8
[gat-train] update=1828 samples=1169920 fps=43.8 loss=0.2858 actor=-0.1891 value=0.4940 entropy=1.9149 mean_return=23.969 mean_len=75.8
[gat-train] update=1829 samples=1170560 fps=43.8 loss=0.4373 actor=0.0461 value=0.4101 entropy=1.8846 mean_return=23.995 mean_len=76.1
[gat-train] update=1830 samples=1171200 fps=43.8 loss=0.3153 actor=-0.1146 value=0.4481 entropy=1.8152 mean_return=23.968 mean_len=76.6
[gat-train] update=1831 samples=1171840 fps=43.8 loss=0.0463 actor=-0.1959 value=0.2590 entropy=1.6834 mean_return=24.225 mean_len=77.4
[gat-train] update=1832 samples=1172480 fps=43.8 loss=0.3966 actor=-0.0145 value=0.4285 entropy=1.7345 mean_return=24.619 mean_len=78.7
[gat-train] update=1833 samples=1173120 fps=43.8 loss=0.2122 actor=-0.1749 value=0.4039 entropy=1.6738 mean_return=24.671 mean_len=79.2
[gat-train] update=1834 samples=1173760 fps=43.8 loss=0.3905 actor=-0.0130 value=0.4199 entropy=1.6495 mean_return=24.883 mean_len=80.0
[gat-train] update=1835 samples=1174400 fps=43.8 loss=0.2445 actor=-0.0772 value=0.3377 entropy=1.6034 mean_return=25.094 mean_len=80.3
[gat-train] update=1836 samples=1175040 fps=43.8 loss=0.4287 actor=0.0178 value=0.4263 entropy=1.5419 mean_return=25.229 mean_len=80.3
[gat-train] update=1837 samples=1175680 fps=43.8 loss=0.4648 actor=0.1099 value=0.3700 entropy=1.5110 mean_return=25.557 mean_len=81.0
[gat-train] update=1838 samples=1176320 fps=43.8 loss=0.6650 actor=0.1187 value=0.5612 entropy=1.4882 mean_return=25.823 mean_len=82.1
[gat-train] update=1839 samples=1176960 fps=43.8 loss=0.3627 actor=0.0031 value=0.3742 entropy=1.4651 mean_return=25.669 mean_len=82.4
[gat-train] update=1840 samples=1177600 fps=43.8 loss=0.3549 actor=-0.0185 value=0.3880 entropy=1.4622 mean_return=25.871 mean_len=83.2
[gat-train] update=1841 samples=1178240 fps=43.8 loss=0.6459 actor=0.1745 value=0.4863 entropy=1.4890 mean_return=26.210 mean_len=84.4
[gat-train] update=1842 samples=1178880 fps=43.8 loss=0.7634 actor=0.0750 value=0.7032 entropy=1.4755 mean_return=26.270 mean_len=84.7
[gat-train] update=1843 samples=1179520 fps=43.8 loss=0.5334 actor=0.1072 value=0.4407 entropy=1.4489 mean_return=26.393 mean_len=84.8
[gat-train] update=1844 samples=1180160 fps=43.8 loss=0.3733 actor=-0.0078 value=0.3961 entropy=1.4963 mean_return=26.794 mean_len=85.3
[gat-train] update=1845 samples=1180800 fps=43.8 loss=0.4768 actor=0.0573 value=0.4341 entropy=1.4533 mean_return=27.091 mean_len=85.5
[gat-train] update=1846 samples=1181440 fps=43.8 loss=0.6189 actor=0.1974 value=0.4357 entropy=1.4137 mean_return=27.379 mean_len=85.2
[gat-train] update=1847 samples=1182080 fps=43.8 loss=0.7277 actor=0.0929 value=0.6492 entropy=1.4440 mean_return=27.656 mean_len=84.7
[gat-train] update=1848 samples=1182720 fps=43.8 loss=0.6544 actor=0.1425 value=0.5264 entropy=1.4495 mean_return=27.961 mean_len=85.5
[gat-train] update=1849 samples=1183360 fps=43.8 loss=0.4906 actor=0.0976 value=0.4080 entropy=1.4959 mean_return=28.077 mean_len=85.3
[gat-train] update=1850 samples=1184000 fps=43.8 loss=0.3395 actor=-0.0224 value=0.3765 entropy=1.4549 mean_return=28.194 mean_len=85.0
[gat-train] eval update=1850 torch_score=84.50 deploy_score=84.50 min=75.89 bottom10=77.23 max_regression=12.95 regressions=1 guard_rejected=1 best=82.12
[gat-train] update=1851 samples=1184640 fps=43.7 loss=0.3652 actor=-0.0109 value=0.3907 entropy=1.4661 mean_return=28.014 mean_len=85.1
[gat-train] update=1852 samples=1185280 fps=43.7 loss=0.4906 actor=0.0520 value=0.4534 entropy=1.4788 mean_return=27.728 mean_len=85.1
[gat-train] update=1853 samples=1185920 fps=43.7 loss=0.4490 actor=-0.0113 value=0.4741 entropy=1.3885 mean_return=28.080 mean_len=85.3
[gat-train] update=1854 samples=1186560 fps=43.7 loss=0.5115 actor=0.0802 value=0.4455 entropy=1.4261 mean_return=27.726 mean_len=85.4
[gat-train] update=1855 samples=1187200 fps=43.7 loss=0.5016 actor=0.0813 value=0.4348 entropy=1.4499 mean_return=27.331 mean_len=84.4
[gat-train] update=1856 samples=1187840 fps=43.7 loss=0.3432 actor=-0.0353 value=0.3925 entropy=1.3992 mean_return=27.370 mean_len=84.2
[gat-train] update=1857 samples=1188480 fps=43.7 loss=0.8331 actor=0.2921 value=0.5557 entropy=1.4633 mean_return=27.189 mean_len=84.5
[gat-train] update=1858 samples=1189120 fps=43.7 loss=0.4692 actor=0.0105 value=0.4734 entropy=1.4570 mean_return=27.521 mean_len=84.7
[gat-train] update=1859 samples=1189760 fps=43.7 loss=0.4502 actor=0.0605 value=0.4045 entropy=1.4765 mean_return=27.358 mean_len=84.8
[gat-train] update=1860 samples=1190400 fps=43.7 loss=0.4853 actor=0.0155 value=0.4850 entropy=1.5190 mean_return=27.123 mean_len=84.4
[gat-train] update=1861 samples=1191040 fps=43.7 loss=0.3819 actor=-0.0551 value=0.4529 entropy=1.5979 mean_return=27.423 mean_len=84.3
[gat-train] update=1862 samples=1191680 fps=43.7 loss=0.2443 actor=-0.1207 value=0.3809 entropy=1.5883 mean_return=27.566 mean_len=84.8
[gat-train] update=1863 samples=1192320 fps=43.7 loss=0.4536 actor=0.0326 value=0.4375 entropy=1.6477 mean_return=27.783 mean_len=84.7
[gat-train] update=1864 samples=1192960 fps=43.7 loss=0.3116 actor=-0.0692 value=0.3974 entropy=1.6532 mean_return=27.646 mean_len=84.1
[gat-train] update=1865 samples=1193600 fps=43.7 loss=0.5940 actor=0.1555 value=0.4546 entropy=1.6064 mean_return=27.333 mean_len=83.3
[gat-train] update=1866 samples=1194240 fps=43.7 loss=0.4469 actor=0.0428 value=0.4202 entropy=1.6147 mean_return=27.553 mean_len=83.3
[gat-train] update=1867 samples=1194880 fps=43.7 loss=0.3615 actor=-0.0235 value=0.4014 entropy=1.6405 mean_return=27.739 mean_len=83.2
[gat-train] update=1868 samples=1195520 fps=43.7 loss=0.1773 actor=-0.2134 value=0.4076 entropy=1.6901 mean_return=27.271 mean_len=82.4
[gat-train] update=1869 samples=1196160 fps=43.7 loss=0.3636 actor=0.0358 value=0.3435 entropy=1.5727 mean_return=27.212 mean_len=82.6
[gat-train] update=1870 samples=1196800 fps=43.7 loss=0.6104 actor=0.0868 value=0.5403 entropy=1.6796 mean_return=27.406 mean_len=82.7
[gat-train] update=1871 samples=1197440 fps=43.7 loss=0.3762 actor=0.0286 value=0.3648 entropy=1.7208 mean_return=27.366 mean_len=82.5
[gat-train] update=1872 samples=1198080 fps=43.8 loss=0.2591 actor=-0.0915 value=0.3676 entropy=1.6960 mean_return=27.238 mean_len=82.6
[gat-train] update=1873 samples=1198720 fps=43.8 loss=0.4168 actor=0.0387 value=0.3943 entropy=1.6191 mean_return=26.799 mean_len=82.6
[gat-train] update=1874 samples=1199360 fps=43.8 loss=0.4288 actor=0.0436 value=0.4016 entropy=1.6291 mean_return=26.892 mean_len=83.0
[gat-train] update=1875 samples=1200000 fps=43.8 loss=0.3847 actor=-0.1088 value=0.5096 entropy=1.6153 mean_return=26.708 mean_len=82.7
[gat-train] update=1876 samples=1200640 fps=43.8 loss=0.4500 actor=-0.0009 value=0.4673 entropy=1.6438 mean_return=26.636 mean_len=82.8
[gat-train] update=1877 samples=1201280 fps=43.8 loss=0.2946 actor=-0.0651 value=0.3754 entropy=1.5752 mean_return=26.188 mean_len=82.0
[gat-train] update=1878 samples=1201920 fps=43.8 loss=0.3785 actor=0.0117 value=0.3826 entropy=1.5818 mean_return=26.114 mean_len=81.5
[gat-train] update=1879 samples=1202560 fps=43.8 loss=0.2379 actor=-0.2650 value=0.5191 entropy=1.6259 mean_return=25.946 mean_len=81.2
[gat-train] update=1880 samples=1203200 fps=43.8 loss=0.2842 actor=-0.0350 value=0.3354 entropy=1.6101 mean_return=25.912 mean_len=81.2
[gat-train] update=1881 samples=1203840 fps=43.8 loss=0.3942 actor=0.0474 value=0.3624 entropy=1.5532 mean_return=25.957 mean_len=80.8
[gat-train] update=1882 samples=1204480 fps=43.8 loss=0.4612 actor=0.0728 value=0.4039 entropy=1.5517 mean_return=25.997 mean_len=81.8
[gat-train] update=1883 samples=1205120 fps=43.8 loss=0.4148 actor=0.0234 value=0.4068 entropy=1.5321 mean_return=26.413 mean_len=82.6
[gat-train] update=1884 samples=1205760 fps=43.8 loss=0.3468 actor=-0.0808 value=0.4427 entropy=1.5148 mean_return=26.475 mean_len=82.6
[gat-train] update=1885 samples=1206400 fps=43.8 loss=0.3977 actor=-0.0059 value=0.4186 entropy=1.5061 mean_return=26.614 mean_len=83.0
[gat-train] update=1886 samples=1207040 fps=43.8 loss=0.5142 actor=0.0793 value=0.4501 entropy=1.5239 mean_return=27.223 mean_len=84.2
[gat-train] update=1887 samples=1207680 fps=43.8 loss=0.4255 actor=-0.0088 value=0.4496 entropy=1.5313 mean_return=27.766 mean_len=85.1
[gat-train] update=1888 samples=1208320 fps=43.8 loss=0.3380 actor=-0.0672 value=0.4206 entropy=1.5489 mean_return=27.692 mean_len=85.3
[gat-train] update=1889 samples=1208960 fps=43.8 loss=0.4258 actor=0.0201 value=0.4208 entropy=1.5137 mean_return=27.837 mean_len=85.1
[gat-train] update=1890 samples=1209600 fps=43.8 loss=0.3841 actor=-0.0977 value=0.4974 entropy=1.5598 mean_return=27.818 mean_len=84.8
[gat-train] update=1891 samples=1210240 fps=43.8 loss=0.4502 actor=0.0225 value=0.4432 entropy=1.5539 mean_return=27.695 mean_len=84.6
[gat-train] update=1892 samples=1210880 fps=43.8 loss=0.3279 actor=-0.0113 value=0.3558 entropy=1.6508 mean_return=27.573 mean_len=84.2
[gat-train] update=1893 samples=1211520 fps=43.8 loss=0.4614 actor=-0.0034 value=0.4803 entropy=1.5472 mean_return=27.227 mean_len=83.2
[gat-train] update=1894 samples=1212160 fps=43.8 loss=0.5428 actor=0.1342 value=0.4246 entropy=1.6080 mean_return=27.247 mean_len=83.7
[gat-train] update=1895 samples=1212800 fps=43.8 loss=0.3669 actor=0.0102 value=0.3719 entropy=1.5177 mean_return=27.048 mean_len=83.2
[gat-train] update=1896 samples=1213440 fps=43.8 loss=0.5352 actor=0.1238 value=0.4263 entropy=1.4911 mean_return=27.057 mean_len=83.4
[gat-train] update=1897 samples=1214080 fps=43.8 loss=0.3772 actor=-0.0241 value=0.4163 entropy=1.5059 mean_return=26.867 mean_len=83.2
[gat-train] update=1898 samples=1214720 fps=43.8 loss=0.4448 actor=0.0352 value=0.4253 entropy=1.5698 mean_return=26.951 mean_len=82.7
[gat-train] update=1899 samples=1215360 fps=43.8 loss=0.3652 actor=0.0281 value=0.3527 entropy=1.5628 mean_return=26.814 mean_len=82.9
[gat-train] update=1900 samples=1216000 fps=43.8 loss=0.5061 actor=0.0773 value=0.4449 entropy=1.6054 mean_return=27.277 mean_len=84.0
[gat-train] eval update=1900 torch_score=84.86 deploy_score=77.92 min=0.00 bottom10=35.75 max_regression=87.01 regressions=3 guard_rejected=1 best=82.12
[gat-train] update=1901 samples=1216640 fps=43.8 loss=0.2520 actor=-0.1119 value=0.3793 entropy=1.5399 mean_return=27.305 mean_len=84.2
[gat-train] update=1902 samples=1217280 fps=43.8 loss=0.4342 actor=0.0372 value=0.4126 entropy=1.5631 mean_return=27.449 mean_len=84.3
[gat-train] update=1903 samples=1217920 fps=43.8 loss=0.2893 actor=-0.1148 value=0.4195 entropy=1.5420 mean_return=27.483 mean_len=84.2
[gat-train] update=1904 samples=1218560 fps=43.8 loss=0.3768 actor=-0.0836 value=0.4755 entropy=1.5156 mean_return=27.467 mean_len=84.3
[gat-train] update=1905 samples=1219200 fps=43.8 loss=0.3325 actor=-0.0653 value=0.4127 entropy=1.4952 mean_return=27.784 mean_len=85.6
[gat-train] update=1906 samples=1219840 fps=43.8 loss=0.3994 actor=-0.0601 value=0.4748 entropy=1.5263 mean_return=27.471 mean_len=85.4
[gat-train] update=1907 samples=1220480 fps=43.8 loss=0.4730 actor=0.0907 value=0.3973 entropy=1.4966 mean_return=27.243 mean_len=84.7
[gat-train] update=1908 samples=1221120 fps=43.8 loss=0.2905 actor=-0.0475 value=0.3526 entropy=1.4615 mean_return=26.978 mean_len=84.0
[gat-train] update=1909 samples=1221760 fps=43.8 loss=0.4061 actor=0.0435 value=0.3777 entropy=1.5076 mean_return=26.992 mean_len=84.4
[gat-train] update=1910 samples=1222400 fps=43.8 loss=0.4190 actor=0.0409 value=0.3935 entropy=1.5411 mean_return=27.187 mean_len=84.3
[gat-train] update=1911 samples=1223040 fps=43.8 loss=0.3176 actor=-0.0733 value=0.4062 entropy=1.5298 mean_return=26.988 mean_len=83.9
[gat-train] update=1912 samples=1223680 fps=43.8 loss=0.4598 actor=-0.0690 value=0.5441 entropy=1.5263 mean_return=27.117 mean_len=83.1
[gat-train] update=1913 samples=1224320 fps=43.8 loss=0.3467 actor=-0.0479 value=0.4102 entropy=1.5549 mean_return=27.050 mean_len=83.5
[gat-train] update=1914 samples=1224960 fps=43.9 loss=0.2496 actor=-0.0562 value=0.3213 entropy=1.5544 mean_return=27.159 mean_len=83.7
[gat-train] update=1915 samples=1225600 fps=43.9 loss=0.4295 actor=0.0836 value=0.3612 entropy=1.5288 mean_return=27.398 mean_len=84.0
[gat-train] update=1916 samples=1226240 fps=43.9 loss=0.5733 actor=0.1392 value=0.4499 entropy=1.5869 mean_return=27.423 mean_len=84.3
[gat-train] update=1917 samples=1226880 fps=43.9 loss=0.5046 actor=0.0856 value=0.4348 entropy=1.5842 mean_return=27.448 mean_len=84.6
[gat-train] update=1918 samples=1227520 fps=43.9 loss=0.3810 actor=0.0106 value=0.3870 entropy=1.6670 mean_return=27.576 mean_len=84.7
[gat-train] update=1919 samples=1228160 fps=43.9 loss=0.2501 actor=-0.0931 value=0.3593 entropy=1.6105 mean_return=27.493 mean_len=84.7
[gat-train] update=1920 samples=1228800 fps=43.9 loss=0.3861 actor=0.0497 value=0.3530 entropy=1.6550 mean_return=27.251 mean_len=85.1
[gat-train] update=1921 samples=1229440 fps=43.9 loss=0.3374 actor=-0.0718 value=0.4257 entropy=1.6460 mean_return=27.385 mean_len=85.2
[gat-train] update=1922 samples=1230080 fps=43.9 loss=0.3563 actor=-0.0290 value=0.4017 entropy=1.6451 mean_return=26.815 mean_len=84.8
[gat-train] update=1923 samples=1230720 fps=43.9 loss=0.3422 actor=-0.0532 value=0.4117 entropy=1.6235 mean_return=26.486 mean_len=84.3
[gat-train] update=1924 samples=1231360 fps=43.9 loss=0.3549 actor=-0.0228 value=0.3935 entropy=1.5739 mean_return=26.713 mean_len=84.6
[gat-train] update=1925 samples=1232000 fps=43.9 loss=0.4587 actor=0.0497 value=0.4253 entropy=1.6305 mean_return=27.238 mean_len=84.8
[gat-train] update=1926 samples=1232640 fps=43.9 loss=1.7644 actor=-0.2185 value=1.9992 entropy=1.6325 mean_return=26.584 mean_len=83.9
[gat-train] update=1927 samples=1233280 fps=43.9 loss=0.5006 actor=0.0514 value=0.4651 entropy=1.5894 mean_return=26.803 mean_len=84.2
[gat-train] update=1928 samples=1233920 fps=43.9 loss=4.4574 actor=-0.3164 value=4.7888 entropy=1.5069 mean_return=26.575 mean_len=83.4
[gat-train] update=1929 samples=1234560 fps=44.0 loss=0.4432 actor=0.0404 value=0.4178 entropy=1.4975 mean_return=26.267 mean_len=82.6
[gat-train] update=1930 samples=1235200 fps=44.0 loss=0.2993 actor=-0.0531 value=0.3672 entropy=1.4764 mean_return=26.578 mean_len=82.5
[gat-train] update=1931 samples=1235840 fps=44.0 loss=0.3431 actor=0.0156 value=0.3425 entropy=1.5042 mean_return=26.443 mean_len=82.6
[gat-train] update=1932 samples=1236480 fps=44.0 loss=0.4252 actor=0.0341 value=0.4062 entropy=1.5121 mean_return=26.260 mean_len=82.4
[gat-train] update=1933 samples=1237120 fps=44.0 loss=0.4655 actor=-0.0220 value=0.5020 entropy=1.4584 mean_return=26.635 mean_len=82.0
[gat-train] update=1934 samples=1237760 fps=44.0 loss=0.5657 actor=0.0728 value=0.5078 entropy=1.4966 mean_return=26.574 mean_len=82.0
[gat-train] update=1935 samples=1238400 fps=44.0 loss=0.2756 actor=-0.0526 value=0.3433 entropy=1.5095 mean_return=26.615 mean_len=82.0
[gat-train] update=1936 samples=1239040 fps=44.0 loss=0.1582 actor=-0.2031 value=0.3765 entropy=1.5278 mean_return=26.813 mean_len=82.9
[gat-train] update=1937 samples=1239680 fps=44.0 loss=0.6728 actor=0.1853 value=0.5024 entropy=1.4974 mean_return=27.266 mean_len=83.5
[gat-train] update=1938 samples=1240320 fps=44.0 loss=0.3065 actor=-0.0866 value=0.4080 entropy=1.4938 mean_return=27.157 mean_len=83.1
[gat-train] update=1939 samples=1240960 fps=44.0 loss=0.4309 actor=0.0597 value=0.3861 entropy=1.4885 mean_return=26.874 mean_len=83.3
[gat-train] update=1940 samples=1241600 fps=44.0 loss=0.4309 actor=0.0778 value=0.3689 entropy=1.5731 mean_return=27.192 mean_len=84.0
[gat-train] update=1941 samples=1242240 fps=44.0 loss=0.3039 actor=-0.0603 value=0.3794 entropy=1.5223 mean_return=27.199 mean_len=84.1
[gat-train] update=1942 samples=1242880 fps=44.0 loss=0.5018 actor=0.1143 value=0.4025 entropy=1.5057 mean_return=27.459 mean_len=84.1
[gat-train] update=1943 samples=1243520 fps=44.1 loss=0.5073 actor=0.0361 value=0.4870 entropy=1.5814 mean_return=27.334 mean_len=84.2
[gat-train] update=1944 samples=1244160 fps=44.1 loss=0.3627 actor=-0.0142 value=0.3922 entropy=1.5383 mean_return=27.326 mean_len=83.7
[gat-train] update=1945 samples=1244800 fps=44.1 loss=0.3935 actor=0.0193 value=0.3894 entropy=1.5196 mean_return=27.726 mean_len=84.2
[gat-train] update=1946 samples=1245440 fps=44.1 loss=0.6598 actor=0.2443 value=0.4306 entropy=1.5073 mean_return=28.044 mean_len=84.7
[gat-train] update=1947 samples=1246080 fps=44.1 loss=0.6316 actor=0.1645 value=0.4822 entropy=1.5134 mean_return=28.005 mean_len=84.8
[gat-train] update=1948 samples=1246720 fps=44.1 loss=0.3961 actor=0.0585 value=0.3521 entropy=1.4590 mean_return=27.810 mean_len=84.2
[gat-train] update=1949 samples=1247360 fps=44.1 loss=0.3582 actor=0.0109 value=0.3620 entropy=1.4684 mean_return=27.650 mean_len=84.4
[gat-train] update=1950 samples=1248000 fps=44.1 loss=0.4225 actor=0.0090 value=0.4285 entropy=1.5023 mean_return=27.827 mean_len=85.1
[gat-train] eval update=1950 torch_score=85.40 deploy_score=85.81 min=78.57 bottom10=79.16 max_regression=8.84 regressions=2 guard_rejected=1 best=82.12
[gat-train] update=1951 samples=1248640 fps=44.0 loss=0.4662 actor=0.0497 value=0.4324 entropy=1.5863 mean_return=27.709 mean_len=85.0
[gat-train] update=1952 samples=1249280 fps=44.0 loss=0.3696 actor=-0.0132 value=0.3983 entropy=1.5472 mean_return=27.548 mean_len=84.9
[gat-train] update=1953 samples=1249920 fps=44.0 loss=0.2367 actor=-0.0938 value=0.3454 entropy=1.4822 mean_return=27.331 mean_len=85.1
[gat-train] update=1954 samples=1250560 fps=44.0 loss=0.2717 actor=-0.1294 value=0.4166 entropy=1.5452 mean_return=27.114 mean_len=84.5
[gat-train] update=1955 samples=1251200 fps=44.1 loss=0.3595 actor=-0.0423 value=0.4172 entropy=1.5352 mean_return=27.386 mean_len=83.9
[gat-train] update=1956 samples=1251840 fps=44.1 loss=0.3239 actor=0.0054 value=0.3333 entropy=1.4841 mean_return=27.726 mean_len=83.5
[gat-train] update=1957 samples=1252480 fps=44.1 loss=0.2030 actor=-0.1274 value=0.3472 entropy=1.6759 mean_return=27.625 mean_len=83.6
[gat-train] update=1958 samples=1253120 fps=44.1 loss=0.2715 actor=-0.1623 value=0.4499 entropy=1.6092 mean_return=27.745 mean_len=83.4
[gat-train] update=1959 samples=1253760 fps=44.1 loss=0.4763 actor=0.0540 value=0.4375 entropy=1.5259 mean_return=27.717 mean_len=83.7
[gat-train] update=1960 samples=1254400 fps=44.1 loss=0.3138 actor=-0.0382 value=0.3677 entropy=1.5752 mean_return=27.969 mean_len=84.6
[gat-train] update=1961 samples=1255040 fps=44.1 loss=0.3832 actor=-0.0114 value=0.4109 entropy=1.6161 mean_return=27.629 mean_len=85.1
[gat-train] update=1962 samples=1255680 fps=44.0 loss=0.4475 actor=0.0569 value=0.4056 entropy=1.5011 mean_return=27.642 mean_len=85.6
[gat-train] update=1963 samples=1256320 fps=43.9 loss=0.4437 actor=0.0046 value=0.4546 entropy=1.5570 mean_return=27.859 mean_len=85.5
[gat-train] update=1964 samples=1256960 fps=43.9 loss=0.5455 actor=0.0998 value=0.4605 entropy=1.4723 mean_return=27.993 mean_len=85.5
[gat-train] update=1965 samples=1257600 fps=43.9 loss=0.3498 actor=-0.0366 value=0.4015 entropy=1.5114 mean_return=27.765 mean_len=85.1
[gat-train] update=1966 samples=1258240 fps=43.9 loss=3.7063 actor=-0.1087 value=3.8303 entropy=1.5246 mean_return=27.195 mean_len=83.9
[gat-train] update=1967 samples=1258880 fps=43.9 loss=0.2893 actor=-0.0304 value=0.3351 entropy=1.5474 mean_return=27.338 mean_len=83.9
[gat-train] update=1968 samples=1259520 fps=43.9 loss=0.3013 actor=-0.1044 value=0.4214 entropy=1.5790 mean_return=27.466 mean_len=83.1
[gat-train] update=1969 samples=1260160 fps=43.9 loss=0.4174 actor=0.0543 value=0.3794 entropy=1.6305 mean_return=27.111 mean_len=82.6
[gat-train] update=1970 samples=1260800 fps=43.9 loss=0.2741 actor=-0.0814 value=0.3726 entropy=1.7077 mean_return=26.991 mean_len=82.9
[gat-train] update=1971 samples=1261440 fps=43.9 loss=0.3493 actor=-0.0254 value=0.3923 entropy=1.7536 mean_return=26.603 mean_len=82.2
[gat-train] update=1972 samples=1262080 fps=43.9 loss=0.1932 actor=-0.1907 value=0.4002 entropy=1.6256 mean_return=26.744 mean_len=81.9
[gat-train] update=1973 samples=1262720 fps=43.9 loss=0.1872 actor=-0.1872 value=0.3916 entropy=1.7266 mean_return=27.070 mean_len=82.6
[gat-train] update=1974 samples=1263360 fps=43.8 loss=0.3516 actor=0.0041 value=0.3642 entropy=1.6667 mean_return=27.136 mean_len=83.4
[gat-train] update=1975 samples=1264000 fps=43.6 loss=0.2667 actor=-0.0820 value=0.3656 entropy=1.6853 mean_return=27.135 mean_len=83.5
[gat-train] update=1976 samples=1264640 fps=43.5 loss=0.1966 actor=-0.1681 value=0.3814 entropy=1.6785 mean_return=27.176 mean_len=82.8
[gat-train] update=1977 samples=1265280 fps=43.4 loss=0.5476 actor=0.0764 value=0.4887 entropy=1.7472 mean_return=27.483 mean_len=83.2
[gat-train] update=1978 samples=1265920 fps=43.2 loss=0.1779 actor=-0.3206 value=0.5165 entropy=1.7964 mean_return=26.748 mean_len=82.1
[gat-train] update=1979 samples=1266560 fps=43.0 loss=0.2057 actor=-0.1323 value=0.3559 entropy=1.7802 mean_return=26.878 mean_len=82.5
[gat-train] update=1980 samples=1267200 fps=42.9 loss=0.2341 actor=-0.1282 value=0.3808 entropy=1.8476 mean_return=26.871 mean_len=82.5
[gat-train] update=1981 samples=1267840 fps=42.7 loss=0.2937 actor=-0.0872 value=0.3999 entropy=1.9052 mean_return=26.688 mean_len=82.4
[gat-train] update=1982 samples=1268480 fps=42.6 loss=0.1782 actor=-0.1902 value=0.3885 entropy=2.0045 mean_return=26.163 mean_len=82.2
[gat-train] update=1983 samples=1269120 fps=42.5 loss=0.1220 actor=-0.2506 value=0.3931 entropy=2.0435 mean_return=25.668 mean_len=81.9
[gat-train] update=1984 samples=1269760 fps=42.3 loss=0.2083 actor=-0.1725 value=0.4013 entropy=2.0441 mean_return=25.660 mean_len=82.0
[gat-train] update=1985 samples=1270400 fps=42.2 loss=-0.0428 actor=-0.3771 value=0.3544 entropy=2.0080 mean_return=25.299 mean_len=81.4
[gat-train] update=1986 samples=1271040 fps=42.0 loss=0.1027 actor=-0.2886 value=0.4120 entropy=2.0744 mean_return=24.907 mean_len=80.6
[gat-train] update=1987 samples=1271680 fps=41.9 loss=0.1345 actor=-0.2248 value=0.3803 entropy=2.0897 mean_return=24.452 mean_len=80.3
[gat-train] update=1988 samples=1272320 fps=41.7 loss=0.3769 actor=-0.0518 value=0.4481 entropy=1.9452 mean_return=24.377 mean_len=79.9
[gat-train] update=1989 samples=1272960 fps=41.6 loss=0.1928 actor=-0.1904 value=0.4030 entropy=1.9779 mean_return=24.347 mean_len=79.7
[gat-train] update=1990 samples=1273600 fps=41.5 loss=0.0057 actor=-0.2792 value=0.3042 entropy=1.9342 mean_return=24.552 mean_len=80.1
[gat-train] update=1991 samples=1274240 fps=41.3 loss=0.1455 actor=-0.3239 value=0.4887 entropy=1.9320 mean_return=24.608 mean_len=80.1
[gat-train] update=1992 samples=1274880 fps=41.2 loss=0.1277 actor=-0.3237 value=0.4709 entropy=1.9447 mean_return=24.729 mean_len=79.6
[gat-train] update=1993 samples=1275520 fps=41.1 loss=0.3433 actor=-0.0525 value=0.4139 entropy=1.8139 mean_return=24.950 mean_len=80.1
[gat-train] update=1994 samples=1276160 fps=40.9 loss=0.3486 actor=-0.0544 value=0.4211 entropy=1.8072 mean_return=25.328 mean_len=80.8
[gat-train] update=1995 samples=1276800 fps=40.8 loss=0.1930 actor=-0.1670 value=0.3777 entropy=1.7674 mean_return=25.348 mean_len=81.1
[gat-train] update=1996 samples=1277440 fps=40.6 loss=0.3362 actor=-0.0015 value=0.3554 entropy=1.7784 mean_return=25.088 mean_len=80.7
[gat-train] update=1997 samples=1278080 fps=40.5 loss=0.2941 actor=-0.0302 value=0.3424 entropy=1.8156 mean_return=25.213 mean_len=82.0
[gat-train] update=1998 samples=1278720 fps=40.3 loss=0.5443 actor=0.1511 value=0.4104 entropy=1.7285 mean_return=25.136 mean_len=81.6
[gat-train] update=1999 samples=1279360 fps=40.2 loss=0.2414 actor=-0.0966 value=0.3553 entropy=1.7321 mean_return=25.243 mean_len=81.8
[gat-train] update=2000 samples=1280000 fps=40.2 loss=0.3352 actor=-0.0279 value=0.3800 entropy=1.6885 mean_return=25.597 mean_len=81.9
[gat-train] eval update=2000 torch_score=83.70 deploy_score=85.51 min=71.49 bottom10=75.03 max_regression=8.18 regressions=2 guard_rejected=1 best=82.12
[gat-train] update=2001 samples=1280640 fps=40.2 loss=0.3365 actor=-0.0215 value=0.3744 entropy=1.6436 mean_return=25.601 mean_len=81.9
[gat-train] update=2002 samples=1281280 fps=40.2 loss=0.3667 actor=-0.0400 value=0.4227 entropy=1.6023 mean_return=25.528 mean_len=81.5
[gat-train] update=2003 samples=1281920 fps=40.2 loss=0.3603 actor=0.0025 value=0.3733 entropy=1.5475 mean_return=25.935 mean_len=81.8
[gat-train] update=2004 samples=1282560 fps=40.2 loss=0.4672 actor=0.0526 value=0.4304 entropy=1.5890 mean_return=26.252 mean_len=81.9
[gat-train] update=2005 samples=1283200 fps=40.2 loss=0.3245 actor=-0.0329 value=0.3727 entropy=1.5355 mean_return=26.135 mean_len=82.1
[gat-train] update=2006 samples=1283840 fps=40.2 loss=0.3943 actor=-0.0816 value=0.4916 entropy=1.5685 mean_return=26.039 mean_len=81.9
[gat-train] update=2007 samples=1284480 fps=40.2 loss=0.3430 actor=-0.0415 value=0.4005 entropy=1.5942 mean_return=26.202 mean_len=81.9
[gat-train] update=2008 samples=1285120 fps=40.2 loss=0.3181 actor=-0.0733 value=0.4070 entropy=1.5582 mean_return=26.352 mean_len=82.1
[gat-train] update=2009 samples=1285760 fps=40.2 loss=0.4201 actor=-0.0359 value=0.4714 entropy=1.5457 mean_return=26.463 mean_len=82.1
[gat-train] update=2010 samples=1286400 fps=40.2 loss=0.4359 actor=0.0100 value=0.4408 entropy=1.4937 mean_return=26.662 mean_len=82.8
[gat-train] update=2011 samples=1287040 fps=40.2 loss=0.7714 actor=0.1847 value=0.6020 entropy=1.5270 mean_return=27.125 mean_len=84.0
[gat-train] update=2012 samples=1287680 fps=40.2 loss=0.4400 actor=0.0179 value=0.4386 entropy=1.6455 mean_return=27.078 mean_len=84.3
[gat-train] update=2013 samples=1288320 fps=40.2 loss=0.3861 actor=-0.0569 value=0.4590 entropy=1.5997 mean_return=27.289 mean_len=85.2
[gat-train] update=2014 samples=1288960 fps=40.2 loss=0.5969 actor=0.2039 value=0.4087 entropy=1.5705 mean_return=27.386 mean_len=85.3
[gat-train] update=2015 samples=1289600 fps=40.3 loss=0.3508 actor=0.0132 value=0.3528 entropy=1.5205 mean_return=27.664 mean_len=85.6
[gat-train] update=2016 samples=1290240 fps=40.3 loss=0.4711 actor=0.0175 value=0.4692 entropy=1.5629 mean_return=27.374 mean_len=85.0
[gat-train] update=2017 samples=1290880 fps=40.3 loss=0.6935 actor=0.1205 value=0.5885 entropy=1.5447 mean_return=27.686 mean_len=85.9
[gat-train] update=2018 samples=1291520 fps=40.3 loss=0.4508 actor=0.0918 value=0.3740 entropy=1.5039 mean_return=27.996 mean_len=86.3
[gat-train] update=2019 samples=1292160 fps=40.3 loss=0.5212 actor=0.1253 value=0.4120 entropy=1.6075 mean_return=27.918 mean_len=85.8
[gat-train] update=2020 samples=1292800 fps=40.3 loss=0.2866 actor=-0.0926 value=0.3954 entropy=1.6230 mean_return=28.017 mean_len=85.7
[gat-train] update=2021 samples=1293440 fps=40.3 loss=0.3432 actor=-0.0763 value=0.4360 entropy=1.6455 mean_return=27.610 mean_len=85.5
[gat-train] update=2022 samples=1294080 fps=40.3 loss=0.4150 actor=0.0152 value=0.4162 entropy=1.6360 mean_return=27.654 mean_len=85.9
[gat-train] update=2023 samples=1294720 fps=40.3 loss=0.2310 actor=-0.1338 value=0.3808 entropy=1.5972 mean_return=27.569 mean_len=85.9
[gat-train] update=2024 samples=1295360 fps=40.3 loss=0.2788 actor=-0.0750 value=0.3704 entropy=1.6570 mean_return=27.003 mean_len=85.0
[gat-train] update=2025 samples=1296000 fps=40.3 loss=0.4774 actor=0.0529 value=0.4414 entropy=1.6880 mean_return=26.776 mean_len=84.3
[gat-train] update=2026 samples=1296640 fps=40.3 loss=0.2488 actor=-0.1289 value=0.3947 entropy=1.7027 mean_return=26.391 mean_len=83.4
[gat-train] update=2027 samples=1297280 fps=40.3 loss=2.4853 actor=0.1086 value=2.3937 entropy=1.6999 mean_return=25.434 mean_len=80.8
[gat-train] update=2028 samples=1297920 fps=40.3 loss=0.3727 actor=-0.0401 value=0.4299 entropy=1.7046 mean_return=25.478 mean_len=81.2
[gat-train] update=2029 samples=1298560 fps=40.3 loss=0.4330 actor=0.0353 value=0.4152 entropy=1.7422 mean_return=25.444 mean_len=81.2
[gat-train] update=2030 samples=1299200 fps=40.2 loss=0.2260 actor=-0.0830 value=0.3270 entropy=1.7971 mean_return=25.492 mean_len=80.8
[gat-train] update=2031 samples=1299840 fps=40.2 loss=0.1755 actor=-0.1455 value=0.3397 entropy=1.8736 mean_return=25.955 mean_len=81.3
[gat-train] update=2032 samples=1300480 fps=40.2 loss=0.3122 actor=-0.0242 value=0.3560 entropy=1.9611 mean_return=25.989 mean_len=81.4
[gat-train] update=2033 samples=1301120 fps=40.2 loss=0.1795 actor=-0.1495 value=0.3487 entropy=1.9812 mean_return=26.621 mean_len=82.7
[gat-train] update=2034 samples=1301760 fps=40.2 loss=0.1548 actor=-0.1474 value=0.3217 entropy=1.9449 mean_return=26.836 mean_len=82.6
[gat-train] update=2035 samples=1302400 fps=40.2 loss=0.1556 actor=-0.2600 value=0.4353 entropy=1.9654 mean_return=26.783 mean_len=81.8
[gat-train] update=2036 samples=1303040 fps=40.2 loss=0.2428 actor=-0.2366 value=0.4990 entropy=1.9651 mean_return=26.388 mean_len=80.8
[gat-train] update=2037 samples=1303680 fps=40.2 loss=0.2244 actor=-0.1077 value=0.3505 entropy=1.8355 mean_return=26.263 mean_len=80.8
[gat-train] update=2038 samples=1304320 fps=40.2 loss=0.2646 actor=-0.0915 value=0.3752 entropy=1.9152 mean_return=25.812 mean_len=80.2
[gat-train] update=2039 samples=1304960 fps=40.2 loss=0.2292 actor=-0.1856 value=0.4330 entropy=1.8239 mean_return=25.857 mean_len=80.5
[gat-train] update=2040 samples=1305600 fps=40.2 loss=0.3931 actor=-0.0397 value=0.4512 entropy=1.8408 mean_return=25.498 mean_len=80.6
[gat-train] update=2041 samples=1306240 fps=40.1 loss=0.1634 actor=-0.2104 value=0.3925 entropy=1.8695 mean_return=24.911 mean_len=79.6
