[c1400-workers16] start profile=sun_gap_guard_v1 run=sun_c1400_env128_workers16_rand52official_gap_guard_v1_lr5e7_cont start=isaaclab_pallet/runs/sun_terminal18_env128_workers4_rand52official_sun_gap_guard_v1_deploybest/deploy_eval/candidate-001400.pt envs=128 workers=16 updates=1500 eval_dir=artifacts/random_spec_eval_50_plus_official/box_sequence eval=random_spec_000 random_spec_001 random_spec_002 random_spec_003 random_spec_004 random_spec_005 random_spec_006 random_spec_007 random_spec_008 random_spec_009 random_spec_010 random_spec_011 random_spec_012 random_spec_013 random_spec_014 random_spec_015 random_spec_016 random_spec_017 random_spec_018 random_spec_019 random_spec_020 random_spec_021 random_spec_022 random_spec_023 random_spec_024 random_spec_025 random_spec_026 random_spec_027 random_spec_028 random_spec_029 random_spec_030 random_spec_031 random_spec_032 random_spec_033 random_spec_034 random_spec_035 random_spec_036 random_spec_037 random_spec_038 random_spec_039 random_spec_040 random_spec_041 random_spec_042 random_spec_043 random_spec_044 random_spec_045 random_spec_046 random_spec_047 random_spec_048 random_spec_049 box_sequence_0 box_sequence_1 Thu Jul 16 01:26:26 AM KST 2026
Gym has been unmaintained since 2022 and does not support NumPy 2.0 amongst other critical functionality.
Please upgrade to Gymnasium, the maintained drop-in replacement of Gym, or contact the authors of your software and request that they upgrade.
See the migration guide at https://gymnasium.farama.org/introduction/migration_guide/ for additional information.
[INFO][AppLauncher]: Using device: cuda:0
[INFO][AppLauncher]: Loading experience file: /home/user/IsaacLab/apps/isaaclab.python.headless.kit

[36m======================================================================================[0m
[36m[1m[INFO][IsaacLab]: Logging to file: /tmp/isaaclab/logs/isaaclab_2026-07-16_01-26-32.log[0m
[36m======================================================================================[0m

[33m01:26:32 [simulation_context.py] WARNING: The `enable_external_forces_every_iteration` parameter in the PhysxCfg is set to False. If you are experiencing noisy velocities, consider enabling this flag. You may need to slightly increase the number of velocity iterations (setting it to 1 or 2 rather than 0), together with this flag, to improve the accuracy of velocity updates.[0m
[INFO]: Base environment:
	Environment device    : cuda:0
	Environment seed      : None
	Physics step-size     : 0.008333333333333333
	Rendering step-size   : 0.16666666666666666
	Environment step-size : 0.16666666666666666
[33m01:26:54 [interactive_scene.py] WARNING: Collision filtering can only be automatically enabled when replicate_physics=True and using GPU simulation. Please call scene.filter_collisions(global_prim_paths) to filter collisions across environments.[0m
Gym has been unmaintained since 2022 and does not support NumPy 2.0 amongst other critical functionality.
Please upgrade to Gymnasium, the maintained drop-in replacement of Gym, or contact the authors of your software and request that they upgrade.
See the migration guide at https://gymnasium.farama.org/introduction/migration_guide/ for additional information.
Gym has been unmaintained since 2022 and does not support NumPy 2.0 amongst other critical functionality.
Please upgrade to Gymnasium, the maintained drop-in replacement of Gym, or contact the authors of your software and request that they upgrade.
See the migration guide at https://gymnasium.farama.org/introduction/migration_guide/ for additional information.
Gym has been unmaintained since 2022 and does not support NumPy 2.0 amongst other critical functionality.
Please upgrade to Gymnasium, the maintained drop-in replacement of Gym, or contact the authors of your software and request that they upgrade.
See the migration guide at https://gymnasium.farama.org/introduction/migration_guide/ for additional information.
Gym has been unmaintained since 2022 and does not support NumPy 2.0 amongst other critical functionality.
Please upgrade to Gymnasium, the maintained drop-in replacement of Gym, or contact the authors of your software and request that they upgrade.
See the migration guide at https://gymnasium.farama.org/introduction/migration_guide/ for additional information.
Gym has been unmaintained since 2022 and does not support NumPy 2.0 amongst other critical functionality.
Please upgrade to Gymnasium, the maintained drop-in replacement of Gym, or contact the authors of your software and request that they upgrade.
See the migration guide at https://gymnasium.farama.org/introduction/migration_guide/ for additional information.
Gym has been unmaintained since 2022 and does not support NumPy 2.0 amongst other critical functionality.
Please upgrade to Gymnasium, the maintained drop-in replacement of Gym, or contact the authors of your software and request that they upgrade.
See the migration guide at https://gymnasium.farama.org/introduction/migration_guide/ for additional information.
Gym has been unmaintained since 2022 and does not support NumPy 2.0 amongst other critical functionality.
Please upgrade to Gymnasium, the maintained drop-in replacement of Gym, or contact the authors of your software and request that they upgrade.
See the migration guide at https://gymnasium.farama.org/introduction/migration_guide/ for additional information.
Gym has been unmaintained since 2022 and does not support NumPy 2.0 amongst other critical functionality.
Please upgrade to Gymnasium, the maintained drop-in replacement of Gym, or contact the authors of your software and request that they upgrade.
See the migration guide at https://gymnasium.farama.org/introduction/migration_guide/ for additional information.
Gym has been unmaintained since 2022 and does not support NumPy 2.0 amongst other critical functionality.
Please upgrade to Gymnasium, the maintained drop-in replacement of Gym, or contact the authors of your software and request that they upgrade.
See the migration guide at https://gymnasium.farama.org/introduction/migration_guide/ for additional information.
Gym has been unmaintained since 2022 and does not support NumPy 2.0 amongst other critical functionality.
Please upgrade to Gymnasium, the maintained drop-in replacement of Gym, or contact the authors of your software and request that they upgrade.
See the migration guide at https://gymnasium.farama.org/introduction/migration_guide/ for additional information.
Gym has been unmaintained since 2022 and does not support NumPy 2.0 amongst other critical functionality.
Please upgrade to Gymnasium, the maintained drop-in replacement of Gym, or contact the authors of your software and request that they upgrade.
See the migration guide at https://gymnasium.farama.org/introduction/migration_guide/ for additional information.
Gym has been unmaintained since 2022 and does not support NumPy 2.0 amongst other critical functionality.
Please upgrade to Gymnasium, the maintained drop-in replacement of Gym, or contact the authors of your software and request that they upgrade.
See the migration guide at https://gymnasium.farama.org/introduction/migration_guide/ for additional information.
Gym has been unmaintained since 2022 and does not support NumPy 2.0 amongst other critical functionality.
Please upgrade to Gymnasium, the maintained drop-in replacement of Gym, or contact the authors of your software and request that they upgrade.
See the migration guide at https://gymnasium.farama.org/introduction/migration_guide/ for additional information.
Gym has been unmaintained since 2022 and does not support NumPy 2.0 amongst other critical functionality.
Please upgrade to Gymnasium, the maintained drop-in replacement of Gym, or contact the authors of your software and request that they upgrade.
See the migration guide at https://gymnasium.farama.org/introduction/migration_guide/ for additional information.
Gym has been unmaintained since 2022 and does not support NumPy 2.0 amongst other critical functionality.
Please upgrade to Gymnasium, the maintained drop-in replacement of Gym, or contact the authors of your software and request that they upgrade.
See the migration guide at https://gymnasium.farama.org/introduction/migration_guide/ for additional information.
Gym has been unmaintained since 2022 and does not support NumPy 2.0 amongst other critical functionality.
Please upgrade to Gymnasium, the maintained drop-in replacement of Gym, or contact the authors of your software and request that they upgrade.
See the migration guide at https://gymnasium.farama.org/introduction/migration_guide/ for additional information.
[INFO]: Time taken for scene creation : 21.400468 seconds
[INFO]: Scene manager:  <class InteractiveScene>
	Number of environments: 128
	Environment spacing   : 3.0
	Source prim name      : /World/envs/env_0
	Global prim paths     : []
	Replicate physics     : False
[INFO]: Starting the simulation. This may take a few seconds. Please wait...
[INFO]: Time taken for simulation start : 6.806605 seconds
[INFO]: Completed setting up the environment...
[gat-train] loaded GAT checkpoint: isaaclab_pallet/runs/sun_terminal18_env128_workers4_rand52official_sun_gap_guard_v1_deploybest/deploy_eval/candidate-001400.pt
wandb: [wandb.login()] Loaded credentials for https://api.wandb.ai from /home/user/.netrc.
/home/user/miniconda3/envs/env_isaaclab/lib/python3.11/site-packages/wandb/analytics/sentry.py:269: DeprecationWarning: Read the `app_url` setting from the appropriate Settings object.
  app_url = wandb.util.app_url(tags["base_url"])  # type: ignore[index]
wandb: Currently logged in as: nkyeonjae1009 (nkyeonjae1009-university-of-seoul) to https://api.wandb.ai. Use `wandb login --relogin` to force relogin
/home/user/miniconda3/envs/env_isaaclab/lib/python3.11/site-packages/wandb/analytics/sentry.py:269: DeprecationWarning: Read the `app_url` setting from the appropriate Settings object.
  app_url = wandb.util.app_url(tags["base_url"])  # type: ignore[index]
/home/user/miniconda3/envs/env_isaaclab/lib/python3.11/site-packages/wandb/analytics/sentry.py:280: DeprecationWarning: The `Scope.user` setter is deprecated in favor of `Scope.set_user()`.
  self.scope.user = {"email": email}
wandb: setting up run l2erosib
/home/user/miniconda3/envs/env_isaaclab/lib/python3.11/site-packages/wandb/analytics/sentry.py:269: DeprecationWarning: Read the `app_url` setting from the appropriate Settings object.
  app_url = wandb.util.app_url(tags["base_url"])  # type: ignore[index]
/home/user/miniconda3/envs/env_isaaclab/lib/python3.11/site-packages/wandb/analytics/sentry.py:280: DeprecationWarning: The `Scope.user` setter is deprecated in favor of `Scope.set_user()`.
  self.scope.user = {"email": email}
wandb: Tracking run with wandb version 0.28.0
wandb: Run data is saved locally in isaaclab_pallet/runs/sun_c1400_env128_workers16_rand52official_gap_guard_v1_lr5e7_cont/wandb/wandb/run-20260716_012724-l2erosib
wandb: Run `wandb offline` to turn off syncing.
wandb: Syncing run sun_c1400_env128_workers16_rand52official_gap_guard_v1_lr5e7_cont
wandb: ⭐️ View project at https://wandb.ai/nkyeonjae1009-university-of-seoul/assignment2-pallet
wandb: 🚀 View run at https://wandb.ai/nkyeonjae1009-university-of-seoul/assignment2-pallet/runs/l2erosib
[gat-train] wandb run url: https://wandb.ai/nkyeonjae1009-university-of-seoul/assignment2-pallet/runs/l2erosib
[gat-train] run_dir=isaaclab_pallet/runs/sun_c1400_env128_workers16_rand52official_gap_guard_v1_lr5e7_cont device=cuda:0 num_envs=128 num_packer_workers=16 obs_shape=(128, 301, 9) leaf_shape=(128, 100, 9) num_steps=5 normFactor=0.8 drift_fail_threshold=0.4 box_source=random box_seed=1 train_box_seq_dir=submit_buffer3_search/box_sequence train_type_sequences=box_sequence_0,box_sequence_1 reward_profile=sun_gap_guard_v1 learn_finish_action=False action_space=100 candidate_generator=ems candidate_rerank_k=0 candidate_diversity_center_m=0.05
[gat-train] eval_seq_count=52 box_seq_dir=artifacts/random_spec_eval_50_plus_official/box_sequence eval_sequences=random_spec_000,random_spec_001,random_spec_002,random_spec_003,random_spec_004,random_spec_005,random_spec_006,random_spec_007,random_spec_008,random_spec_009,random_spec_010,random_spec_011,random_spec_012,random_spec_013,random_spec_014,random_spec_015,random_spec_016,random_spec_017,random_spec_018,random_spec_019,random_spec_020,random_spec_021,random_spec_022,random_spec_023,random_spec_024,random_spec_025,random_spec_026,random_spec_027,random_spec_028,random_spec_029,random_spec_030,random_spec_031,random_spec_032,random_spec_033,random_spec_034,random_spec_035,random_spec_036,random_spec_037,random_spec_038,random_spec_039,random_spec_040,random_spec_041,random_spec_042,random_spec_043,random_spec_044,random_spec_045,random_spec_046,random_spec_047,random_spec_048,random_spec_049,box_sequence_0,box_sequence_1
/home/user/Documents/assignment2_project/templete code/src/pct/convex_hull.py:104: DeprecationWarning: Arrays of 2-dimensional vectors are deprecated. Use arrays of 3-dimensional vectors instead. (deprecated in NumPy 2.0)
  if np.sum(np.cross(coords[i] - point, point - coords[j])) == 0:
[gat-train] initial deployment score = 86.58 min=77.08 bottom10=79.47 (torch_eval=86.14)  -> PCT-best.pt
/home/user/Documents/assignment2_project/templete code/src/pct/convex_hull.py:104: DeprecationWarning: Arrays of 2-dimensional vectors are deprecated. Use arrays of 3-dimensional vectors instead. (deprecated in NumPy 2.0)
  if np.sum(np.cross(coords[i] - point, point - coords[j])) == 0:
/home/user/Documents/assignment2_project/templete code/src/pct/convex_hull.py:104: DeprecationWarning: Arrays of 2-dimensional vectors are deprecated. Use arrays of 3-dimensional vectors instead. (deprecated in NumPy 2.0)
  if np.sum(np.cross(coords[i] - point, point - coords[j])) == 0:
/home/user/Documents/assignment2_project/templete code/src/pct/convex_hull.py:104: DeprecationWarning: Arrays of 2-dimensional vectors are deprecated. Use arrays of 3-dimensional vectors instead. (deprecated in NumPy 2.0)
  if np.sum(np.cross(coords[i] - point, point - coords[j])) == 0:
/home/user/Documents/assignment2_project/templete code/src/pct/convex_hull.py:104: DeprecationWarning: Arrays of 2-dimensional vectors are deprecated. Use arrays of 3-dimensional vectors instead. (deprecated in NumPy 2.0)
  if np.sum(np.cross(coords[i] - point, point - coords[j])) == 0:
/home/user/Documents/assignment2_project/templete code/src/pct/convex_hull.py:104: DeprecationWarning: Arrays of 2-dimensional vectors are deprecated. Use arrays of 3-dimensional vectors instead. (deprecated in NumPy 2.0)
  if np.sum(np.cross(coords[i] - point, point - coords[j])) == 0:
/home/user/Documents/assignment2_project/templete code/src/pct/convex_hull.py:104: DeprecationWarning: Arrays of 2-dimensional vectors are deprecated. Use arrays of 3-dimensional vectors instead. (deprecated in NumPy 2.0)
  if np.sum(np.cross(coords[i] - point, point - coords[j])) == 0:
/home/user/Documents/assignment2_project/templete code/src/pct/convex_hull.py:104: DeprecationWarning: Arrays of 2-dimensional vectors are deprecated. Use arrays of 3-dimensional vectors instead. (deprecated in NumPy 2.0)
  if np.sum(np.cross(coords[i] - point, point - coords[j])) == 0:
/home/user/Documents/assignment2_project/templete code/src/pct/convex_hull.py:104: DeprecationWarning: Arrays of 2-dimensional vectors are deprecated. Use arrays of 3-dimensional vectors instead. (deprecated in NumPy 2.0)
  if np.sum(np.cross(coords[i] - point, point - coords[j])) == 0:
/home/user/Documents/assignment2_project/templete code/src/pct/convex_hull.py:104: DeprecationWarning: Arrays of 2-dimensional vectors are deprecated. Use arrays of 3-dimensional vectors instead. (deprecated in NumPy 2.0)
  if np.sum(np.cross(coords[i] - point, point - coords[j])) == 0:
/home/user/Documents/assignment2_project/templete code/src/pct/convex_hull.py:104: DeprecationWarning: Arrays of 2-dimensional vectors are deprecated. Use arrays of 3-dimensional vectors instead. (deprecated in NumPy 2.0)
  if np.sum(np.cross(coords[i] - point, point - coords[j])) == 0:
/home/user/Documents/assignment2_project/templete code/src/pct/convex_hull.py:104: DeprecationWarning: Arrays of 2-dimensional vectors are deprecated. Use arrays of 3-dimensional vectors instead. (deprecated in NumPy 2.0)
  if np.sum(np.cross(coords[i] - point, point - coords[j])) == 0:
/home/user/Documents/assignment2_project/templete code/src/pct/convex_hull.py:104: DeprecationWarning: Arrays of 2-dimensional vectors are deprecated. Use arrays of 3-dimensional vectors instead. (deprecated in NumPy 2.0)
  if np.sum(np.cross(coords[i] - point, point - coords[j])) == 0:
/home/user/Documents/assignment2_project/templete code/src/pct/convex_hull.py:104: DeprecationWarning: Arrays of 2-dimensional vectors are deprecated. Use arrays of 3-dimensional vectors instead. (deprecated in NumPy 2.0)
  if np.sum(np.cross(coords[i] - point, point - coords[j])) == 0:
/home/user/Documents/assignment2_project/templete code/src/pct/convex_hull.py:104: DeprecationWarning: Arrays of 2-dimensional vectors are deprecated. Use arrays of 3-dimensional vectors instead. (deprecated in NumPy 2.0)
  if np.sum(np.cross(coords[i] - point, point - coords[j])) == 0:
/home/user/Documents/assignment2_project/templete code/src/pct/convex_hull.py:104: DeprecationWarning: Arrays of 2-dimensional vectors are deprecated. Use arrays of 3-dimensional vectors instead. (deprecated in NumPy 2.0)
  if np.sum(np.cross(coords[i] - point, point - coords[j])) == 0:
/home/user/Documents/assignment2_project/templete code/src/pct/convex_hull.py:104: DeprecationWarning: Arrays of 2-dimensional vectors are deprecated. Use arrays of 3-dimensional vectors instead. (deprecated in NumPy 2.0)
  if np.sum(np.cross(coords[i] - point, point - coords[j])) == 0:
[gat-train] update=1 samples=640 fps=2.9 loss=-0.3328 actor=-0.7293 value=0.4125 entropy=1.6015 mean_return=0.000 mean_len=0.0
[gat-train] update=2 samples=1280 fps=5.7 loss=-0.5110 actor=-0.8107 value=0.3263 entropy=2.6627 mean_return=0.000 mean_len=0.0
[gat-train] update=3 samples=1920 fps=8.4 loss=0.4638 actor=0.1734 value=0.3103 entropy=1.9831 mean_return=0.000 mean_len=0.0
[gat-train] update=4 samples=2560 fps=11.0 loss=0.8586 actor=0.3331 value=0.5413 entropy=1.5759 mean_return=0.000 mean_len=0.0
[gat-train] update=5 samples=3200 fps=13.5 loss=0.6864 actor=0.2341 value=0.4684 entropy=1.6048 mean_return=0.000 mean_len=0.0
[gat-train] update=6 samples=3840 fps=16.0 loss=0.5197 actor=0.0934 value=0.4405 entropy=1.4162 mean_return=0.000 mean_len=0.0
[gat-train] update=7 samples=4480 fps=18.3 loss=0.6920 actor=0.2540 value=0.4514 entropy=1.3332 mean_return=0.000 mean_len=0.0
[gat-train] update=8 samples=5120 fps=20.5 loss=0.5568 actor=0.1525 value=0.4173 entropy=1.2929 mean_return=0.000 mean_len=0.0
[gat-train] update=9 samples=5760 fps=22.5 loss=0.4194 actor=0.0348 value=0.3977 entropy=1.3175 mean_return=0.000 mean_len=0.0
[gat-train] update=10 samples=6400 fps=24.5 loss=0.4079 actor=0.0071 value=0.4139 entropy=1.3049 mean_return=0.000 mean_len=0.0
[gat-train] update=11 samples=7040 fps=26.4 loss=0.2754 actor=-0.0477 value=0.3361 entropy=1.2989 mean_return=0.000 mean_len=0.0
[gat-train] update=12 samples=7680 fps=28.3 loss=0.3449 actor=-0.0403 value=0.3982 entropy=1.3008 mean_return=0.000 mean_len=0.0
[gat-train] update=13 samples=8320 fps=30.0 loss=0.3385 actor=-0.2761 value=0.6276 entropy=1.2937 mean_return=22.658 mean_len=63.5
[gat-train] update=14 samples=8960 fps=31.6 loss=0.1783 actor=-0.3542 value=0.5455 entropy=1.3110 mean_return=20.764 mean_len=66.8
[gat-train] update=15 samples=9600 fps=33.2 loss=-0.0049 actor=-0.5372 value=0.5461 entropy=1.3873 mean_return=23.292 mean_len=71.0
[gat-train] update=16 samples=10240 fps=34.7 loss=0.0439 actor=-0.4986 value=0.5564 entropy=1.3940 mean_return=23.990 mean_len=75.1
[gat-train] update=17 samples=10880 fps=36.3 loss=0.2260 actor=-0.1701 value=0.4120 entropy=1.5876 mean_return=26.575 mean_len=82.6
[gat-train] update=18 samples=11520 fps=37.9 loss=0.5081 actor=0.0404 value=0.4847 entropy=1.6973 mean_return=27.835 mean_len=86.7
[gat-train] update=19 samples=12160 fps=39.6 loss=0.3602 actor=-0.1261 value=0.5047 entropy=1.8324 mean_return=28.259 mean_len=88.6
[gat-train] update=20 samples=12800 fps=41.1 loss=0.5836 actor=0.1404 value=0.4597 entropy=1.6515 mean_return=28.629 mean_len=89.1
[gat-train] update=21 samples=13440 fps=42.6 loss=0.6213 actor=0.2297 value=0.4058 entropy=1.4106 mean_return=28.629 mean_len=89.1
[gat-train] update=22 samples=14080 fps=44.1 loss=0.6070 actor=0.2519 value=0.3686 entropy=1.3531 mean_return=28.629 mean_len=89.1
[gat-train] update=23 samples=14720 fps=45.4 loss=0.5560 actor=0.1869 value=0.3822 entropy=1.3060 mean_return=28.629 mean_len=89.1
[gat-train] update=24 samples=15360 fps=46.7 loss=0.5141 actor=0.1582 value=0.3684 entropy=1.2525 mean_return=28.629 mean_len=89.1
[gat-train] update=25 samples=16000 fps=47.9 loss=0.5183 actor=0.1533 value=0.3779 entropy=1.2926 mean_return=28.629 mean_len=89.1
[gat-train] update=26 samples=16640 fps=49.0 loss=0.3476 actor=-0.0021 value=0.3627 entropy=1.3050 mean_return=28.629 mean_len=89.1
[gat-train] update=27 samples=17280 fps=50.1 loss=0.5367 actor=0.0960 value=0.4538 entropy=1.3138 mean_return=28.629 mean_len=89.1
[gat-train] update=28 samples=17920 fps=51.2 loss=0.3408 actor=-0.0102 value=0.3636 entropy=1.2576 mean_return=28.629 mean_len=89.1
[gat-train] update=29 samples=18560 fps=52.2 loss=0.3566 actor=-0.0762 value=0.4454 entropy=1.2677 mean_return=28.629 mean_len=89.1
[gat-train] update=30 samples=19200 fps=53.1 loss=0.2407 actor=-0.2351 value=0.4882 entropy=1.2465 mean_return=28.345 mean_len=88.1
[gat-train] update=31 samples=19840 fps=54.0 loss=0.1162 actor=-0.2512 value=0.3804 entropy=1.2964 mean_return=28.179 mean_len=87.4
[gat-train] update=32 samples=20480 fps=54.8 loss=0.0884 actor=-0.3047 value=0.4061 entropy=1.3042 mean_return=27.142 mean_len=85.3
[gat-train] update=33 samples=21120 fps=55.7 loss=0.2661 actor=-0.2724 value=0.5523 entropy=1.3812 mean_return=26.207 mean_len=81.0
[gat-train] update=34 samples=21760 fps=56.6 loss=0.2545 actor=-0.1272 value=0.3960 entropy=1.4301 mean_return=27.493 mean_len=83.8
[gat-train] update=35 samples=22400 fps=57.6 loss=0.4009 actor=-0.0325 value=0.4488 entropy=1.5462 mean_return=28.061 mean_len=85.9
[gat-train] update=36 samples=23040 fps=58.6 loss=0.4030 actor=0.0233 value=0.3953 entropy=1.5624 mean_return=28.160 mean_len=86.8
[gat-train] update=37 samples=23680 fps=59.6 loss=0.5927 actor=0.0795 value=0.5274 entropy=1.4244 mean_return=28.667 mean_len=87.6
[gat-train] update=38 samples=24320 fps=60.6 loss=0.5768 actor=0.1933 value=0.3971 entropy=1.3586 mean_return=28.605 mean_len=88.0
[gat-train] update=39 samples=24960 fps=61.5 loss=0.4814 actor=0.1546 value=0.3398 entropy=1.3029 mean_return=28.605 mean_len=88.0
[gat-train] update=40 samples=25600 fps=62.4 loss=0.7779 actor=0.3215 value=0.4693 entropy=1.2946 mean_return=28.605 mean_len=88.0
[gat-train] update=41 samples=26240 fps=63.2 loss=0.4563 actor=0.1567 value=0.3125 entropy=1.2922 mean_return=28.605 mean_len=88.0
[gat-train] update=42 samples=26880 fps=63.9 loss=3.2361 actor=0.0952 value=3.1539 entropy=1.2951 mean_return=28.293 mean_len=87.3
[gat-train] update=43 samples=27520 fps=64.6 loss=0.4783 actor=0.1383 value=0.3532 entropy=1.3230 mean_return=28.293 mean_len=87.3
[gat-train] update=44 samples=28160 fps=65.3 loss=0.4432 actor=-0.1051 value=0.5617 entropy=1.3485 mean_return=28.340 mean_len=87.0
[gat-train] update=45 samples=28800 fps=65.9 loss=0.2627 actor=-0.2191 value=0.4954 entropy=1.3568 mean_return=28.249 mean_len=86.7
[gat-train] update=46 samples=29440 fps=66.6 loss=0.2764 actor=-0.0516 value=0.3414 entropy=1.3388 mean_return=28.119 mean_len=86.5
[gat-train] update=47 samples=30080 fps=67.1 loss=0.2236 actor=-0.1963 value=0.4334 entropy=1.3449 mean_return=28.003 mean_len=86.0
[gat-train] update=48 samples=30720 fps=67.6 loss=0.2841 actor=-0.2840 value=0.5814 entropy=1.3360 mean_return=27.657 mean_len=84.2
[gat-train] update=49 samples=31360 fps=68.2 loss=0.2716 actor=-0.2720 value=0.5572 entropy=1.3543 mean_return=26.864 mean_len=82.2
[gat-train] update=50 samples=32000 fps=68.8 loss=0.2533 actor=-0.2556 value=0.5224 entropy=1.3593 mean_return=26.460 mean_len=80.7
[gat-train] eval update=50 torch_score=82.54 deploy_score=86.58 min=77.08 bottom10=79.47 max_regression=0.00 regressions=0 guard_rejected=0 best=86.58
[gat-train] update=51 samples=32640 fps=47.5 loss=0.4081 actor=-0.0793 value=0.5013 entropy=1.3946 mean_return=26.977 mean_len=83.5
[gat-train] update=52 samples=33280 fps=48.1 loss=0.4111 actor=0.0836 value=0.3410 entropy=1.3516 mean_return=27.645 mean_len=86.2
[gat-train] update=53 samples=33920 fps=48.7 loss=0.6701 actor=0.1968 value=0.4868 entropy=1.3533 mean_return=27.873 mean_len=87.6
[gat-train] update=54 samples=34560 fps=49.3 loss=0.4788 actor=0.1210 value=0.3710 entropy=1.3142 mean_return=28.489 mean_len=88.4
[gat-train] update=55 samples=35200 fps=49.9 loss=0.5123 actor=0.1917 value=0.3340 entropy=1.3472 mean_return=28.773 mean_len=88.4
[gat-train] update=56 samples=35840 fps=50.5 loss=0.6631 actor=0.2213 value=0.4544 entropy=1.2640 mean_return=28.773 mean_len=88.4
[gat-train] update=57 samples=36480 fps=51.1 loss=0.6391 actor=0.3310 value=0.3213 entropy=1.3222 mean_return=28.773 mean_len=88.4
[gat-train] update=58 samples=37120 fps=51.6 loss=0.6797 actor=0.1619 value=0.5319 entropy=1.4052 mean_return=28.848 mean_len=87.8
[gat-train] update=59 samples=37760 fps=52.2 loss=0.5489 actor=0.2288 value=0.3345 entropy=1.4478 mean_return=28.848 mean_len=87.8
[gat-train] update=60 samples=38400 fps=52.7 loss=0.3319 actor=0.0382 value=0.3089 entropy=1.5205 mean_return=28.856 mean_len=87.9
[gat-train] update=61 samples=39040 fps=53.1 loss=0.3478 actor=0.0140 value=0.3491 entropy=1.5279 mean_return=28.792 mean_len=87.9
[gat-train] update=62 samples=39680 fps=53.6 loss=2.7135 actor=-0.0865 value=2.8152 entropy=1.5234 mean_return=28.224 mean_len=86.9
[gat-train] update=63 samples=40320 fps=54.0 loss=0.2755 actor=-0.1656 value=0.4559 entropy=1.4826 mean_return=28.008 mean_len=86.3
[gat-train] update=64 samples=40960 fps=54.4 loss=0.2163 actor=-0.1604 value=0.3913 entropy=1.4604 mean_return=28.018 mean_len=85.9
[gat-train] update=65 samples=41600 fps=54.9 loss=0.0944 actor=-0.3376 value=0.4462 entropy=1.4206 mean_return=27.781 mean_len=85.3
[gat-train] update=66 samples=42240 fps=55.3 loss=0.3161 actor=-0.1999 value=0.5299 entropy=1.3933 mean_return=27.417 mean_len=83.8
[gat-train] update=67 samples=42880 fps=55.8 loss=0.3378 actor=-0.0941 value=0.4455 entropy=1.3625 mean_return=27.400 mean_len=83.5
[gat-train] update=68 samples=43520 fps=56.2 loss=0.4336 actor=-0.0694 value=0.5166 entropy=1.3648 mean_return=27.640 mean_len=85.3
[gat-train] update=69 samples=44160 fps=56.7 loss=0.5154 actor=0.0691 value=0.4594 entropy=1.3063 mean_return=27.999 mean_len=86.0
[gat-train] update=70 samples=44800 fps=57.2 loss=0.4445 actor=0.0913 value=0.3662 entropy=1.2953 mean_return=27.948 mean_len=86.0
[gat-train] update=71 samples=45440 fps=57.7 loss=0.5940 actor=0.1498 value=0.4571 entropy=1.2920 mean_return=27.953 mean_len=86.0
[gat-train] update=72 samples=46080 fps=58.1 loss=0.7046 actor=0.2310 value=0.4869 entropy=1.3275 mean_return=28.256 mean_len=86.4
[gat-train] update=73 samples=46720 fps=58.6 loss=0.6573 actor=0.2015 value=0.4686 entropy=1.2893 mean_return=28.256 mean_len=86.4
[gat-train] update=74 samples=47360 fps=59.1 loss=0.6774 actor=0.2734 value=0.4169 entropy=1.2886 mean_return=28.256 mean_len=86.4
[gat-train] update=75 samples=48000 fps=59.5 loss=0.4353 actor=0.0962 value=0.3519 entropy=1.2748 mean_return=28.067 mean_len=86.1
[gat-train] update=76 samples=48640 fps=59.9 loss=0.4343 actor=0.1274 value=0.3197 entropy=1.2784 mean_return=28.067 mean_len=86.1
[gat-train] update=77 samples=49280 fps=60.3 loss=0.3909 actor=0.0282 value=0.3755 entropy=1.2731 mean_return=28.067 mean_len=86.1
[gat-train] update=78 samples=49920 fps=60.6 loss=0.3885 actor=0.0058 value=0.3960 entropy=1.3284 mean_return=28.103 mean_len=86.2
[gat-train] update=79 samples=50560 fps=61.0 loss=0.2809 actor=-0.1421 value=0.4364 entropy=1.3404 mean_return=28.245 mean_len=86.3
[gat-train] update=80 samples=51200 fps=61.3 loss=0.5480 actor=-0.2382 value=0.7993 entropy=1.3043 mean_return=27.907 mean_len=85.3
[gat-train] update=81 samples=51840 fps=61.6 loss=0.2636 actor=-0.4181 value=0.6955 entropy=1.3822 mean_return=27.500 mean_len=83.9
[gat-train] update=82 samples=52480 fps=61.9 loss=0.1930 actor=-0.1649 value=0.3713 entropy=1.3376 mean_return=27.926 mean_len=84.2
[gat-train] update=83 samples=53120 fps=62.3 loss=0.1668 actor=-0.2315 value=0.4115 entropy=1.3198 mean_return=27.878 mean_len=83.8
[gat-train] update=84 samples=53760 fps=62.6 loss=0.1753 actor=-0.2371 value=0.4268 entropy=1.4453 mean_return=27.290 mean_len=82.8
[gat-train] update=85 samples=54400 fps=63.0 loss=0.4184 actor=-0.0289 value=0.4626 entropy=1.5328 mean_return=28.172 mean_len=85.6
[gat-train] update=86 samples=55040 fps=63.4 loss=0.3329 actor=-0.1107 value=0.4584 entropy=1.4874 mean_return=28.338 mean_len=86.2
[gat-train] update=87 samples=55680 fps=63.8 loss=0.6151 actor=0.1166 value=0.5134 entropy=1.4935 mean_return=28.296 mean_len=86.4
[gat-train] update=88 samples=56320 fps=64.1 loss=0.4760 actor=0.0193 value=0.4720 entropy=1.5289 mean_return=28.673 mean_len=86.9
[gat-train] update=89 samples=56960 fps=64.5 loss=0.6108 actor=0.1771 value=0.4480 entropy=1.4274 mean_return=28.856 mean_len=87.2
[gat-train] update=90 samples=57600 fps=64.9 loss=0.5827 actor=0.1118 value=0.4844 entropy=1.3444 mean_return=28.810 mean_len=87.6
[gat-train] update=91 samples=58240 fps=65.3 loss=0.4903 actor=0.1212 value=0.3824 entropy=1.3237 mean_return=28.876 mean_len=87.7
[gat-train] update=92 samples=58880 fps=65.6 loss=0.4619 actor=0.1729 value=0.3023 entropy=1.3288 mean_return=28.972 mean_len=87.8
[gat-train] update=93 samples=59520 fps=66.0 loss=0.4229 actor=0.0882 value=0.3480 entropy=1.3366 mean_return=28.972 mean_len=87.8
[gat-train] update=94 samples=60160 fps=66.3 loss=0.3270 actor=-0.0776 value=0.4180 entropy=1.3319 mean_return=28.815 mean_len=87.4
[gat-train] update=95 samples=60800 fps=66.6 loss=0.3946 actor=0.0459 value=0.3617 entropy=1.3097 mean_return=28.744 mean_len=87.3
[gat-train] update=96 samples=61440 fps=66.8 loss=0.2725 actor=-0.0874 value=0.3733 entropy=1.3439 mean_return=28.382 mean_len=86.7
[gat-train] update=97 samples=62080 fps=67.1 loss=0.1617 actor=-0.2414 value=0.4163 entropy=1.3157 mean_return=27.983 mean_len=86.1
[gat-train] update=98 samples=62720 fps=67.4 loss=0.3475 actor=-0.0013 value=0.3618 entropy=1.3099 mean_return=28.027 mean_len=85.4
[gat-train] update=99 samples=63360 fps=67.6 loss=0.2265 actor=-0.2169 value=0.4570 entropy=1.3631 mean_return=27.577 mean_len=85.0
[gat-train] update=100 samples=64000 fps=67.9 loss=0.1461 actor=-0.2915 value=0.4508 entropy=1.3145 mean_return=27.099 mean_len=83.7
[gat-train] eval update=100 torch_score=83.45 deploy_score=86.58 min=77.08 bottom10=79.47 max_regression=0.00 regressions=0 guard_rejected=0 best=86.58
[gat-train] update=101 samples=64640 fps=55.5 loss=0.1819 actor=-0.2498 value=0.4452 entropy=1.3533 mean_return=26.808 mean_len=82.5
[gat-train] update=102 samples=65280 fps=55.8 loss=0.4072 actor=-0.1437 value=0.5647 entropy=1.3782 mean_return=27.751 mean_len=83.7
[gat-train] update=103 samples=65920 fps=56.2 loss=0.3775 actor=-0.0623 value=0.4527 entropy=1.2838 mean_return=27.248 mean_len=83.6
[gat-train] update=104 samples=66560 fps=56.5 loss=0.3200 actor=-0.0363 value=0.3687 entropy=1.2400 mean_return=27.087 mean_len=84.3
[gat-train] update=105 samples=67200 fps=56.8 loss=0.3912 actor=0.0710 value=0.3330 entropy=1.2825 mean_return=27.174 mean_len=84.0
[gat-train] update=106 samples=67840 fps=57.1 loss=0.6587 actor=0.2522 value=0.4197 entropy=1.3119 mean_return=27.412 mean_len=85.0
[gat-train] update=107 samples=68480 fps=57.5 loss=0.6080 actor=0.2459 value=0.3761 entropy=1.4019 mean_return=27.350 mean_len=84.9
[gat-train] update=108 samples=69120 fps=57.8 loss=0.3735 actor=0.0481 value=0.3405 entropy=1.5163 mean_return=27.450 mean_len=84.9
[gat-train] update=109 samples=69760 fps=58.1 loss=0.7629 actor=0.1050 value=0.6746 entropy=1.6709 mean_return=27.401 mean_len=84.4
[gat-train] update=110 samples=70400 fps=58.4 loss=0.3418 actor=0.0092 value=0.3499 entropy=1.7311 mean_return=27.517 mean_len=84.5
[gat-train] update=111 samples=71040 fps=58.7 loss=0.4056 actor=-0.0616 value=0.4854 entropy=1.8192 mean_return=27.312 mean_len=83.8
[gat-train] update=112 samples=71680 fps=58.9 loss=0.3501 actor=-0.0641 value=0.4326 entropy=1.8358 mean_return=27.361 mean_len=83.9
[gat-train] update=113 samples=72320 fps=59.2 loss=0.3776 actor=0.0031 value=0.3928 entropy=1.8287 mean_return=27.245 mean_len=83.6
[gat-train] update=114 samples=72960 fps=59.5 loss=0.1869 actor=-0.3456 value=0.5499 entropy=1.7433 mean_return=26.990 mean_len=83.0
[gat-train] update=115 samples=73600 fps=59.7 loss=0.2743 actor=-0.1373 value=0.4286 entropy=1.7013 mean_return=26.505 mean_len=82.0
[gat-train] update=116 samples=74240 fps=60.0 loss=0.0390 actor=-0.4420 value=0.4974 entropy=1.6388 mean_return=26.230 mean_len=81.8
[gat-train] update=117 samples=74880 fps=60.2 loss=0.2150 actor=-0.1617 value=0.3928 entropy=1.6084 mean_return=25.826 mean_len=80.4
[gat-train] update=118 samples=75520 fps=60.5 loss=-0.0028 actor=-0.3653 value=0.3782 entropy=1.5726 mean_return=26.033 mean_len=81.5
[gat-train] update=119 samples=76160 fps=60.7 loss=0.3397 actor=-0.0896 value=0.4439 entropy=1.4573 mean_return=26.215 mean_len=82.6
[gat-train] update=120 samples=76800 fps=61.0 loss=0.5476 actor=0.0825 value=0.4790 entropy=1.3833 mean_return=26.816 mean_len=84.3
[gat-train] update=121 samples=77440 fps=61.3 loss=0.7012 actor=0.2139 value=0.5010 entropy=1.3675 mean_return=27.220 mean_len=85.5
[gat-train] update=122 samples=78080 fps=61.6 loss=0.6516 actor=0.1972 value=0.4682 entropy=1.3786 mean_return=27.749 mean_len=86.2
[gat-train] update=123 samples=78720 fps=61.9 loss=0.4628 actor=0.1021 value=0.3745 entropy=1.3859 mean_return=27.898 mean_len=86.6
[gat-train] update=124 samples=79360 fps=62.1 loss=0.9248 actor=0.1824 value=0.7567 entropy=1.4343 mean_return=27.820 mean_len=85.9
[gat-train] update=125 samples=80000 fps=62.4 loss=0.4505 actor=0.1233 value=0.3417 entropy=1.4529 mean_return=27.676 mean_len=85.8
[gat-train] update=126 samples=80640 fps=62.7 loss=0.4176 actor=0.0206 value=0.4121 entropy=1.5181 mean_return=27.676 mean_len=85.8
[gat-train] update=127 samples=81280 fps=63.0 loss=0.2777 actor=-0.0763 value=0.3697 entropy=1.5701 mean_return=27.676 mean_len=85.8
[gat-train] update=128 samples=81920 fps=63.2 loss=0.3916 actor=-0.0265 value=0.4335 entropy=1.5352 mean_return=27.537 mean_len=85.4
[gat-train] update=129 samples=82560 fps=63.4 loss=0.3574 actor=0.0387 value=0.3333 entropy=1.4587 mean_return=27.566 mean_len=85.4
[gat-train] update=130 samples=83200 fps=63.7 loss=0.1116 actor=-0.2670 value=0.3933 entropy=1.4607 mean_return=27.246 mean_len=85.0
[gat-train] update=131 samples=83840 fps=63.9 loss=0.6795 actor=-0.2082 value=0.9020 entropy=1.4252 mean_return=26.714 mean_len=84.1
[gat-train] update=132 samples=84480 fps=64.1 loss=0.2181 actor=-0.1384 value=0.3696 entropy=1.3001 mean_return=26.814 mean_len=83.5
[gat-train] update=133 samples=85120 fps=64.3 loss=0.1822 actor=-0.2997 value=0.4956 entropy=1.3673 mean_return=26.745 mean_len=82.8
[gat-train] update=134 samples=85760 fps=64.5 loss=0.1876 actor=-0.2003 value=0.4018 entropy=1.3925 mean_return=26.742 mean_len=82.5
[gat-train] update=135 samples=86400 fps=64.7 loss=0.3844 actor=-0.1416 value=0.5390 entropy=1.2904 mean_return=26.545 mean_len=83.2
[gat-train] update=136 samples=87040 fps=65.0 loss=0.4174 actor=-0.1324 value=0.5635 entropy=1.3650 mean_return=27.341 mean_len=85.7
[gat-train] update=137 samples=87680 fps=65.2 loss=0.4462 actor=-0.0324 value=0.4919 entropy=1.3304 mean_return=27.213 mean_len=85.9
[gat-train] update=138 samples=88320 fps=65.5 loss=0.5741 actor=0.0616 value=0.5268 entropy=1.4398 mean_return=27.586 mean_len=86.2
[gat-train] update=139 samples=88960 fps=65.7 loss=0.3321 actor=-0.0814 value=0.4267 entropy=1.3283 mean_return=27.742 mean_len=86.1
[gat-train] update=140 samples=89600 fps=66.0 loss=0.4152 actor=0.0835 value=0.3458 entropy=1.4125 mean_return=27.598 mean_len=86.0
[gat-train] update=141 samples=90240 fps=66.2 loss=0.5313 actor=0.1160 value=0.4284 entropy=1.3179 mean_return=27.665 mean_len=85.9
[gat-train] update=142 samples=90880 fps=66.5 loss=0.4833 actor=0.1060 value=0.3903 entropy=1.2940 mean_return=27.685 mean_len=85.9
[gat-train] update=143 samples=91520 fps=66.7 loss=0.5499 actor=0.1914 value=0.3709 entropy=1.2439 mean_return=27.723 mean_len=85.9
[gat-train] update=144 samples=92160 fps=66.9 loss=0.3930 actor=0.0745 value=0.3309 entropy=1.2360 mean_return=27.632 mean_len=85.8
[gat-train] update=145 samples=92800 fps=67.1 loss=0.4572 actor=-0.0538 value=0.5236 entropy=1.2589 mean_return=27.466 mean_len=85.0
[gat-train] update=146 samples=93440 fps=67.3 loss=0.2606 actor=-0.0940 value=0.3673 entropy=1.2761 mean_return=27.521 mean_len=84.4
[gat-train] update=147 samples=94080 fps=67.5 loss=0.3245 actor=-0.1051 value=0.4430 entropy=1.3425 mean_return=27.658 mean_len=84.1
[gat-train] update=148 samples=94720 fps=67.7 loss=0.2228 actor=-0.1862 value=0.4223 entropy=1.3315 mean_return=27.597 mean_len=83.8
[gat-train] update=149 samples=95360 fps=67.9 loss=0.3326 actor=-0.0763 value=0.4225 entropy=1.3658 mean_return=27.182 mean_len=83.5
[gat-train] update=150 samples=96000 fps=68.1 loss=0.3382 actor=-0.1796 value=0.5308 entropy=1.2989 mean_return=27.088 mean_len=82.9
[gat-train] eval update=150 torch_score=85.15 deploy_score=86.58 min=77.08 bottom10=79.47 max_regression=0.00 regressions=0 guard_rejected=0 best=86.58
[gat-train] update=151 samples=96640 fps=59.3 loss=0.2619 actor=-0.1737 value=0.4487 entropy=1.3012 mean_return=27.165 mean_len=82.8
[gat-train] update=152 samples=97280 fps=59.5 loss=0.2973 actor=-0.1195 value=0.4304 entropy=1.3616 mean_return=27.270 mean_len=83.1
[gat-train] update=153 samples=97920 fps=59.7 loss=0.3742 actor=-0.0626 value=0.4506 entropy=1.3699 mean_return=27.464 mean_len=84.2
[gat-train] update=154 samples=98560 fps=59.9 loss=0.3897 actor=0.0002 value=0.4034 entropy=1.3844 mean_return=27.714 mean_len=84.7
[gat-train] update=155 samples=99200 fps=60.1 loss=0.4716 actor=0.0734 value=0.4130 entropy=1.4722 mean_return=27.986 mean_len=85.6
[gat-train] update=156 samples=99840 fps=60.3 loss=0.4746 actor=0.0408 value=0.4479 entropy=1.4127 mean_return=28.091 mean_len=86.0
[gat-train] update=157 samples=100480 fps=60.5 loss=0.5373 actor=0.1172 value=0.4339 entropy=1.3798 mean_return=28.665 mean_len=86.9
[gat-train] update=158 samples=101120 fps=60.8 loss=0.3674 actor=0.0103 value=0.3708 entropy=1.3689 mean_return=28.704 mean_len=87.0
[gat-train] update=159 samples=101760 fps=61.0 loss=0.4666 actor=0.0662 value=0.4136 entropy=1.3264 mean_return=28.617 mean_len=86.9
[gat-train] update=160 samples=102400 fps=61.2 loss=0.6151 actor=0.2134 value=0.4145 entropy=1.2793 mean_return=28.600 mean_len=87.1
[gat-train] update=161 samples=103040 fps=61.4 loss=0.3345 actor=-0.0006 value=0.3485 entropy=1.3345 mean_return=28.413 mean_len=86.7
[gat-train] update=162 samples=103680 fps=61.6 loss=0.5181 actor=-0.0018 value=0.5334 entropy=1.3524 mean_return=28.185 mean_len=86.1
[gat-train] update=163 samples=104320 fps=61.8 loss=0.4266 actor=0.0347 value=0.4061 entropy=1.4172 mean_return=28.298 mean_len=86.1
[gat-train] update=164 samples=104960 fps=61.9 loss=0.3297 actor=-0.0714 value=0.4153 entropy=1.4211 mean_return=27.924 mean_len=85.7
[gat-train] update=165 samples=105600 fps=62.1 loss=0.3311 actor=0.0507 value=0.2944 entropy=1.4079 mean_return=27.774 mean_len=85.7
[gat-train] update=166 samples=106240 fps=62.3 loss=0.2351 actor=-0.1240 value=0.3734 entropy=1.4301 mean_return=27.688 mean_len=85.5
[gat-train] update=167 samples=106880 fps=62.4 loss=0.2097 actor=-0.2286 value=0.4524 entropy=1.4214 mean_return=26.847 mean_len=84.7
[gat-train] update=168 samples=107520 fps=62.6 loss=0.2618 actor=-0.2022 value=0.4784 entropy=1.4346 mean_return=26.441 mean_len=83.9
[gat-train] update=169 samples=108160 fps=62.8 loss=0.2879 actor=-0.1524 value=0.4541 entropy=1.3791 mean_return=26.336 mean_len=83.0
[gat-train] update=170 samples=108800 fps=62.9 loss=0.2641 actor=-0.0309 value=0.3091 entropy=1.4123 mean_return=26.430 mean_len=84.4
[gat-train] update=171 samples=109440 fps=63.1 loss=0.4539 actor=-0.1562 value=0.6232 entropy=1.3090 mean_return=27.226 mean_len=84.3
[gat-train] update=172 samples=110080 fps=63.3 loss=0.4019 actor=0.0631 value=0.3524 entropy=1.3531 mean_return=27.650 mean_len=85.6
[gat-train] update=173 samples=110720 fps=63.5 loss=0.5855 actor=0.0895 value=0.5089 entropy=1.2925 mean_return=28.165 mean_len=85.8
[gat-train] update=174 samples=111360 fps=63.7 loss=0.4855 actor=0.0850 value=0.4139 entropy=1.3409 mean_return=28.096 mean_len=86.4
[gat-train] update=175 samples=112000 fps=63.9 loss=0.5082 actor=0.1834 value=0.3382 entropy=1.3355 mean_return=28.272 mean_len=86.7
[gat-train] update=176 samples=112640 fps=64.1 loss=0.4261 actor=0.0008 value=0.4389 entropy=1.3508 mean_return=28.333 mean_len=86.9
[gat-train] update=177 samples=113280 fps=64.3 loss=0.4323 actor=0.0773 value=0.3691 entropy=1.4118 mean_return=28.296 mean_len=87.0
[gat-train] update=178 samples=113920 fps=64.5 loss=0.3011 actor=-0.0092 value=0.3244 entropy=1.4022 mean_return=28.239 mean_len=87.0
[gat-train] update=179 samples=114560 fps=64.6 loss=0.3265 actor=-0.0263 value=0.3663 entropy=1.3395 mean_return=28.388 mean_len=87.2
[gat-train] update=180 samples=115200 fps=64.8 loss=0.4343 actor=0.0838 value=0.3645 entropy=1.4008 mean_return=28.139 mean_len=86.9
[gat-train] update=181 samples=115840 fps=65.0 loss=0.3884 actor=0.0165 value=0.3856 entropy=1.3740 mean_return=27.999 mean_len=87.0
[gat-train] update=182 samples=116480 fps=65.1 loss=0.3734 actor=-0.0094 value=0.3966 entropy=1.3882 mean_return=27.907 mean_len=86.6
[gat-train] update=183 samples=117120 fps=65.3 loss=0.5326 actor=-0.2204 value=0.7667 entropy=1.3649 mean_return=27.874 mean_len=86.6
[gat-train] update=184 samples=117760 fps=65.4 loss=0.3500 actor=-0.0870 value=0.4502 entropy=1.3191 mean_return=27.381 mean_len=85.9
[gat-train] update=185 samples=118400 fps=65.6 loss=0.2863 actor=-0.1322 value=0.4325 entropy=1.3898 mean_return=27.201 mean_len=84.5
[gat-train] update=186 samples=119040 fps=65.8 loss=0.2810 actor=-0.2041 value=0.4990 entropy=1.3858 mean_return=26.393 mean_len=83.3
[gat-train] update=187 samples=119680 fps=65.9 loss=0.2780 actor=-0.1149 value=0.4071 entropy=1.4307 mean_return=26.395 mean_len=82.9
[gat-train] update=188 samples=120320 fps=66.1 loss=0.4418 actor=-0.1130 value=0.5693 entropy=1.4527 mean_return=27.045 mean_len=83.6
[gat-train] update=189 samples=120960 fps=66.3 loss=0.4800 actor=0.0976 value=0.3959 entropy=1.3566 mean_return=27.404 mean_len=84.4
[gat-train] update=190 samples=121600 fps=66.4 loss=0.5108 actor=0.0707 value=0.4545 entropy=1.4359 mean_return=28.388 mean_len=85.8
[gat-train] update=191 samples=122240 fps=66.6 loss=0.5631 actor=0.1229 value=0.4543 entropy=1.4143 mean_return=28.171 mean_len=86.2
[gat-train] update=192 samples=122880 fps=66.8 loss=0.4374 actor=0.0849 value=0.3667 entropy=1.4234 mean_return=27.846 mean_len=86.3
[gat-train] update=193 samples=123520 fps=67.0 loss=0.4440 actor=0.0797 value=0.3776 entropy=1.3251 mean_return=27.984 mean_len=87.2
[gat-train] update=194 samples=124160 fps=67.1 loss=0.4156 actor=0.0681 value=0.3619 entropy=1.4309 mean_return=28.267 mean_len=88.0
[gat-train] update=195 samples=124800 fps=67.3 loss=0.5409 actor=0.1014 value=0.4528 entropy=1.3402 mean_return=28.255 mean_len=87.3
[gat-train] update=196 samples=125440 fps=67.4 loss=0.2696 actor=-0.0129 value=0.2959 entropy=1.3423 mean_return=28.256 mean_len=87.3
[gat-train] update=197 samples=126080 fps=67.6 loss=0.4112 actor=0.0421 value=0.3824 entropy=1.3304 mean_return=28.220 mean_len=87.3
[gat-train] update=198 samples=126720 fps=67.7 loss=0.8937 actor=-0.1967 value=1.1039 entropy=1.3442 mean_return=27.549 mean_len=85.9
[gat-train] update=199 samples=127360 fps=67.9 loss=0.5427 actor=-0.2751 value=0.8312 entropy=1.3389 mean_return=26.699 mean_len=84.0
[gat-train] update=200 samples=128000 fps=68.0 loss=0.2089 actor=-0.1443 value=0.3670 entropy=1.3745 mean_return=26.630 mean_len=83.9
[gat-train] eval update=200 torch_score=83.36 deploy_score=86.58 min=77.08 bottom10=79.47 max_regression=0.00 regressions=0 guard_rejected=0 best=86.58
[gat-train] update=201 samples=128640 fps=61.3 loss=0.2333 actor=-0.1715 value=0.4185 entropy=1.3717 mean_return=26.682 mean_len=83.4
[gat-train] update=202 samples=129280 fps=61.4 loss=0.4182 actor=-0.0514 value=0.4839 entropy=1.4300 mean_return=26.624 mean_len=81.1
[gat-train] update=203 samples=129920 fps=61.5 loss=0.2932 actor=-0.1400 value=0.4476 entropy=1.4314 mean_return=26.682 mean_len=81.4
[gat-train] update=204 samples=130560 fps=61.7 loss=0.4284 actor=-0.0434 value=0.4867 entropy=1.4865 mean_return=27.427 mean_len=82.9
[gat-train] update=205 samples=131200 fps=61.8 loss=0.5236 actor=0.1226 value=0.4162 entropy=1.5267 mean_return=27.569 mean_len=83.7
[gat-train] update=206 samples=131840 fps=62.0 loss=0.4526 actor=0.1143 value=0.3535 entropy=1.5227 mean_return=27.524 mean_len=85.4
[gat-train] update=207 samples=132480 fps=62.2 loss=0.3753 actor=-0.0524 value=0.4422 entropy=1.4548 mean_return=27.745 mean_len=85.5
[gat-train] update=208 samples=133120 fps=62.3 loss=0.4277 actor=-0.0071 value=0.4491 entropy=1.4385 mean_return=27.902 mean_len=85.8
[gat-train] update=209 samples=133760 fps=62.5 loss=0.4290 actor=-0.0077 value=0.4510 entropy=1.4211 mean_return=28.287 mean_len=86.3
[gat-train] update=210 samples=134400 fps=62.6 loss=0.4961 actor=0.0677 value=0.4421 entropy=1.3711 mean_return=28.446 mean_len=87.2
[gat-train] update=211 samples=135040 fps=62.8 loss=0.3315 actor=-0.0691 value=0.4143 entropy=1.3708 mean_return=28.178 mean_len=86.8
[gat-train] update=212 samples=135680 fps=62.9 loss=0.3680 actor=0.0119 value=0.3696 entropy=1.3455 mean_return=28.305 mean_len=86.6
[gat-train] update=213 samples=136320 fps=63.1 loss=0.2202 actor=-0.1001 value=0.3336 entropy=1.3289 mean_return=28.296 mean_len=86.8
[gat-train] update=214 samples=136960 fps=63.2 loss=0.4128 actor=0.0491 value=0.3775 entropy=1.3676 mean_return=28.004 mean_len=86.3
[gat-train] update=215 samples=137600 fps=63.4 loss=0.3981 actor=-0.0562 value=0.4679 entropy=1.3564 mean_return=27.874 mean_len=85.4
[gat-train] update=216 samples=138240 fps=63.5 loss=0.5102 actor=-0.0059 value=0.5292 entropy=1.2986 mean_return=27.773 mean_len=84.8
[gat-train] update=217 samples=138880 fps=63.6 loss=0.3568 actor=-0.0462 value=0.4163 entropy=1.3380 mean_return=27.732 mean_len=84.4
[gat-train] update=218 samples=139520 fps=63.8 loss=0.3679 actor=-0.0821 value=0.4636 entropy=1.3638 mean_return=27.512 mean_len=84.0
[gat-train] update=219 samples=140160 fps=63.9 loss=0.4255 actor=0.0191 value=0.4203 entropy=1.3897 mean_return=27.698 mean_len=84.4
[gat-train] update=220 samples=140800 fps=64.0 loss=0.3850 actor=-0.1552 value=0.5536 entropy=1.3435 mean_return=27.564 mean_len=84.1
[gat-train] update=221 samples=141440 fps=64.2 loss=0.4318 actor=-0.0284 value=0.4737 entropy=1.3492 mean_return=27.712 mean_len=85.2
[gat-train] update=222 samples=142080 fps=64.3 loss=0.2355 actor=-0.1283 value=0.3771 entropy=1.3285 mean_return=27.492 mean_len=84.8
[gat-train] update=223 samples=142720 fps=64.4 loss=0.2405 actor=-0.0963 value=0.3503 entropy=1.3467 mean_return=27.188 mean_len=84.3
[gat-train] update=224 samples=143360 fps=64.6 loss=0.6069 actor=0.1670 value=0.4535 entropy=1.3517 mean_return=27.357 mean_len=84.7
[gat-train] update=225 samples=144000 fps=64.7 loss=0.5856 actor=0.1664 value=0.4324 entropy=1.3228 mean_return=27.529 mean_len=85.0
[gat-train] update=226 samples=144640 fps=64.9 loss=0.3682 actor=0.0324 value=0.3496 entropy=1.3825 mean_return=27.463 mean_len=84.6
[gat-train] update=227 samples=145280 fps=65.0 loss=0.3520 actor=-0.0008 value=0.3666 entropy=1.3686 mean_return=27.234 mean_len=84.3
[gat-train] update=228 samples=145920 fps=65.1 loss=0.5299 actor=0.1266 value=0.4169 entropy=1.3622 mean_return=27.335 mean_len=84.6
[gat-train] update=229 samples=146560 fps=65.3 loss=0.4181 actor=0.0446 value=0.3875 entropy=1.3967 mean_return=27.419 mean_len=84.9
[gat-train] update=230 samples=147200 fps=65.4 loss=0.4612 actor=-0.0592 value=0.5338 entropy=1.3420 mean_return=27.446 mean_len=85.1
[gat-train] update=231 samples=147840 fps=65.6 loss=0.4593 actor=-0.0876 value=0.5607 entropy=1.3809 mean_return=27.420 mean_len=84.4
[gat-train] update=232 samples=148480 fps=65.7 loss=0.3603 actor=0.0346 value=0.3398 entropy=1.4056 mean_return=27.470 mean_len=84.2
[gat-train] update=233 samples=149120 fps=65.8 loss=0.3692 actor=-0.0414 value=0.4240 entropy=1.3445 mean_return=27.177 mean_len=83.0
[gat-train] update=234 samples=149760 fps=65.9 loss=0.2763 actor=-0.0978 value=0.3876 entropy=1.3616 mean_return=27.196 mean_len=83.0
[gat-train] update=235 samples=150400 fps=66.1 loss=0.3666 actor=-0.0443 value=0.4243 entropy=1.3372 mean_return=27.379 mean_len=83.0
[gat-train] update=236 samples=151040 fps=66.2 loss=0.4188 actor=-0.0882 value=0.5203 entropy=1.3315 mean_return=27.385 mean_len=83.0
[gat-train] update=237 samples=151680 fps=66.3 loss=0.3456 actor=-0.0423 value=0.4015 entropy=1.3665 mean_return=27.707 mean_len=83.3
[gat-train] update=238 samples=152320 fps=66.4 loss=0.2556 actor=-0.1433 value=0.4129 entropy=1.3964 mean_return=27.948 mean_len=83.8
[gat-train] update=239 samples=152960 fps=66.6 loss=0.3626 actor=0.0025 value=0.3739 entropy=1.3816 mean_return=28.331 mean_len=84.7
[gat-train] update=240 samples=153600 fps=66.7 loss=0.3864 actor=-0.0155 value=0.4160 entropy=1.4051 mean_return=28.685 mean_len=85.8
[gat-train] update=241 samples=154240 fps=66.8 loss=0.2352 actor=-0.1157 value=0.3653 entropy=1.4379 mean_return=28.573 mean_len=85.8
[gat-train] update=242 samples=154880 fps=66.9 loss=0.5820 actor=-0.0064 value=0.6025 entropy=1.4080 mean_return=28.614 mean_len=85.6
[gat-train] update=243 samples=155520 fps=67.1 loss=0.3877 actor=0.0020 value=0.3996 entropy=1.3936 mean_return=28.474 mean_len=86.0
[gat-train] update=244 samples=156160 fps=67.2 loss=0.5834 actor=0.1607 value=0.4363 entropy=1.3597 mean_return=28.179 mean_len=86.1
[gat-train] update=245 samples=156800 fps=67.3 loss=0.3551 actor=-0.0220 value=0.3909 entropy=1.3801 mean_return=28.049 mean_len=86.4
[gat-train] update=246 samples=157440 fps=67.4 loss=0.6160 actor=0.0959 value=0.5341 entropy=1.4012 mean_return=27.839 mean_len=85.6
[gat-train] update=247 samples=158080 fps=67.5 loss=0.2865 actor=-0.0619 value=0.3626 entropy=1.4179 mean_return=27.536 mean_len=85.0
[gat-train] update=248 samples=158720 fps=67.7 loss=0.2658 actor=-0.0999 value=0.3792 entropy=1.3473 mean_return=27.418 mean_len=84.8
[gat-train] update=249 samples=159360 fps=67.8 loss=0.3419 actor=-0.0042 value=0.3596 entropy=1.3587 mean_return=27.431 mean_len=84.7
[gat-train] update=250 samples=160000 fps=67.9 loss=0.4886 actor=-0.0027 value=0.5052 entropy=1.3848 mean_return=27.374 mean_len=84.8
[gat-train] eval update=250 torch_score=85.82 deploy_score=86.58 min=77.08 bottom10=79.47 max_regression=0.00 regressions=0 guard_rejected=0 best=86.58
[gat-train] update=251 samples=160640 fps=62.3 loss=0.2521 actor=-0.0795 value=0.3455 entropy=1.3924 mean_return=27.382 mean_len=84.8
[gat-train] update=252 samples=161280 fps=62.4 loss=0.2509 actor=-0.1327 value=0.3973 entropy=1.3735 mean_return=27.530 mean_len=83.7
[gat-train] update=253 samples=161920 fps=62.6 loss=0.2422 actor=-0.1462 value=0.4033 entropy=1.4946 mean_return=27.520 mean_len=83.6
[gat-train] update=254 samples=162560 fps=62.7 loss=0.2551 actor=-0.1361 value=0.4053 entropy=1.4206 mean_return=27.498 mean_len=84.0
[gat-train] update=255 samples=163200 fps=62.8 loss=0.2382 actor=-0.1656 value=0.4174 entropy=1.3615 mean_return=27.512 mean_len=84.3
[gat-train] update=256 samples=163840 fps=62.9 loss=0.4767 actor=-0.0392 value=0.5295 entropy=1.3615 mean_return=27.759 mean_len=84.7
[gat-train] update=257 samples=164480 fps=63.0 loss=0.6690 actor=0.2717 value=0.4114 entropy=1.4132 mean_return=27.791 mean_len=85.2
[gat-train] update=258 samples=165120 fps=63.2 loss=0.5639 actor=0.0118 value=0.5659 entropy=1.3771 mean_return=28.082 mean_len=86.1
[gat-train] update=259 samples=165760 fps=63.3 loss=0.4618 actor=0.0924 value=0.3831 entropy=1.3767 mean_return=28.062 mean_len=86.1
[gat-train] update=260 samples=166400 fps=63.4 loss=0.3791 actor=0.0334 value=0.3594 entropy=1.3739 mean_return=28.215 mean_len=86.2
[gat-train] update=261 samples=167040 fps=63.5 loss=0.4605 actor=0.0439 value=0.4302 entropy=1.3632 mean_return=28.029 mean_len=86.0
[gat-train] update=262 samples=167680 fps=63.7 loss=0.5713 actor=0.1482 value=0.4367 entropy=1.3603 mean_return=28.221 mean_len=86.6
[gat-train] update=263 samples=168320 fps=63.8 loss=0.4994 actor=0.1192 value=0.3935 entropy=1.3287 mean_return=28.434 mean_len=86.4
[gat-train] update=264 samples=168960 fps=63.9 loss=0.3851 actor=0.0318 value=0.3665 entropy=1.3171 mean_return=28.266 mean_len=85.9
[gat-train] update=265 samples=169600 fps=64.0 loss=0.3502 actor=-0.1637 value=0.5279 entropy=1.3993 mean_return=28.064 mean_len=85.1
[gat-train] update=266 samples=170240 fps=64.1 loss=0.4542 actor=0.0407 value=0.4266 entropy=1.3119 mean_return=28.092 mean_len=85.2
[gat-train] update=267 samples=170880 fps=64.2 loss=0.3549 actor=0.0037 value=0.3647 entropy=1.3521 mean_return=28.096 mean_len=85.0
[gat-train] update=268 samples=171520 fps=64.4 loss=0.5554 actor=-0.0412 value=0.6108 entropy=1.4187 mean_return=27.762 mean_len=84.4
[gat-train] update=269 samples=172160 fps=64.5 loss=0.4787 actor=-0.1219 value=0.6142 entropy=1.3548 mean_return=28.061 mean_len=83.8
[gat-train] update=270 samples=172800 fps=64.6 loss=0.3513 actor=-0.0932 value=0.4585 entropy=1.3983 mean_return=27.974 mean_len=84.0
[gat-train] update=271 samples=173440 fps=64.7 loss=0.2719 actor=-0.1841 value=0.4699 entropy=1.3916 mean_return=27.640 mean_len=83.5
[gat-train] update=272 samples=174080 fps=64.8 loss=0.4024 actor=-0.0762 value=0.4923 entropy=1.3652 mean_return=27.214 mean_len=83.2
[gat-train] update=273 samples=174720 fps=64.9 loss=0.3832 actor=-0.0328 value=0.4300 entropy=1.3966 mean_return=26.980 mean_len=83.5
[gat-train] update=274 samples=175360 fps=65.0 loss=0.4648 actor=0.0090 value=0.4698 entropy=1.3970 mean_return=26.782 mean_len=83.4
[gat-train] update=275 samples=176000 fps=65.1 loss=0.3955 actor=0.0473 value=0.3622 entropy=1.3933 mean_return=26.912 mean_len=83.3
[gat-train] update=276 samples=176640 fps=65.2 loss=0.4188 actor=-0.0047 value=0.4376 entropy=1.4192 mean_return=26.983 mean_len=83.2
[gat-train] update=277 samples=177280 fps=65.3 loss=0.3871 actor=-0.0911 value=0.4924 entropy=1.4290 mean_return=27.373 mean_len=83.6
[gat-train] update=278 samples=177920 fps=65.5 loss=0.4248 actor=0.0419 value=0.3965 entropy=1.3671 mean_return=27.785 mean_len=84.5
[gat-train] update=279 samples=178560 fps=65.6 loss=0.3526 actor=0.0781 value=0.2885 entropy=1.3933 mean_return=27.983 mean_len=84.8
[gat-train] update=280 samples=179200 fps=65.7 loss=0.4391 actor=0.0615 value=0.3915 entropy=1.3892 mean_return=28.084 mean_len=85.4
[gat-train] update=281 samples=179840 fps=65.8 loss=0.3922 actor=0.0468 value=0.3590 entropy=1.3635 mean_return=28.124 mean_len=85.1
[gat-train] update=282 samples=180480 fps=65.9 loss=0.3629 actor=-0.0656 value=0.4425 entropy=1.4073 mean_return=27.956 mean_len=85.2
[gat-train] update=283 samples=181120 fps=66.0 loss=0.4104 actor=-0.0827 value=0.5072 entropy=1.4063 mean_return=27.824 mean_len=84.9
[gat-train] update=284 samples=181760 fps=66.1 loss=0.2069 actor=-0.1589 value=0.3796 entropy=1.3812 mean_return=27.904 mean_len=85.2
[gat-train] update=285 samples=182400 fps=66.2 loss=0.4402 actor=0.0601 value=0.3938 entropy=1.3698 mean_return=27.783 mean_len=85.3
[gat-train] update=286 samples=183040 fps=66.3 loss=0.3621 actor=-0.1191 value=0.4952 entropy=1.4013 mean_return=27.073 mean_len=84.1
[gat-train] update=287 samples=183680 fps=66.4 loss=0.3391 actor=-0.0981 value=0.4509 entropy=1.3646 mean_return=27.113 mean_len=84.2
[gat-train] update=288 samples=184320 fps=66.5 loss=0.4126 actor=0.0017 value=0.4249 entropy=1.3954 mean_return=27.378 mean_len=85.0
[gat-train] update=289 samples=184960 fps=66.6 loss=0.3820 actor=-0.0162 value=0.4118 entropy=1.3605 mean_return=27.257 mean_len=84.2
[gat-train] update=290 samples=185600 fps=66.7 loss=0.4826 actor=0.1225 value=0.3736 entropy=1.3445 mean_return=26.931 mean_len=83.9
[gat-train] update=291 samples=186240 fps=66.8 loss=0.3041 actor=-0.0673 value=0.3848 entropy=1.3439 mean_return=27.235 mean_len=84.7
[gat-train] update=292 samples=186880 fps=67.0 loss=0.4185 actor=0.0129 value=0.4196 entropy=1.3990 mean_return=27.507 mean_len=85.0
[gat-train] update=293 samples=187520 fps=67.1 loss=0.4202 actor=0.0619 value=0.3719 entropy=1.3608 mean_return=27.435 mean_len=85.3
[gat-train] update=294 samples=188160 fps=67.2 loss=0.3941 actor=0.0466 value=0.3613 entropy=1.3737 mean_return=27.524 mean_len=85.4
[gat-train] update=295 samples=188800 fps=67.3 loss=0.3874 actor=0.0256 value=0.3754 entropy=1.3622 mean_return=27.733 mean_len=86.1
[gat-train] update=296 samples=189440 fps=67.4 loss=0.3585 actor=0.0238 value=0.3489 entropy=1.4152 mean_return=27.744 mean_len=85.8
[gat-train] update=297 samples=190080 fps=67.5 loss=0.3881 actor=0.0140 value=0.3880 entropy=1.3887 mean_return=28.154 mean_len=86.1
[gat-train] update=298 samples=190720 fps=67.6 loss=0.3043 actor=-0.0712 value=0.3888 entropy=1.3386 mean_return=28.388 mean_len=86.0
[gat-train] update=299 samples=191360 fps=67.7 loss=0.3522 actor=-0.0299 value=0.3956 entropy=1.3465 mean_return=28.176 mean_len=85.8
[gat-train] update=300 samples=192000 fps=67.8 loss=0.3677 actor=0.0451 value=0.3359 entropy=1.3254 mean_return=28.258 mean_len=85.7
[gat-train] eval update=300 torch_score=85.06 deploy_score=86.58 min=77.08 bottom10=79.47 max_regression=0.00 regressions=0 guard_rejected=0 best=86.58
[gat-train] update=301 samples=192640 fps=63.1 loss=0.3491 actor=-0.0538 value=0.4166 entropy=1.3647 mean_return=28.300 mean_len=85.6
[gat-train] update=302 samples=193280 fps=63.2 loss=0.2857 actor=-0.0939 value=0.3932 entropy=1.3636 mean_return=28.005 mean_len=85.1
[gat-train] update=303 samples=193920 fps=63.3 loss=0.2782 actor=-0.1372 value=0.4292 entropy=1.3873 mean_return=27.676 mean_len=84.8
[gat-train] update=304 samples=194560 fps=63.4 loss=0.7227 actor=-0.1978 value=0.9338 entropy=1.3303 mean_return=27.234 mean_len=84.0
[gat-train] update=305 samples=195200 fps=63.5 loss=0.4210 actor=-0.0480 value=0.4826 entropy=1.3674 mean_return=26.875 mean_len=83.6
[gat-train] update=306 samples=195840 fps=63.6 loss=0.3460 actor=0.0168 value=0.3423 entropy=1.3149 mean_return=26.779 mean_len=83.3
[gat-train] update=307 samples=196480 fps=63.7 loss=0.4481 actor=0.0439 value=0.4176 entropy=1.3408 mean_return=26.893 mean_len=84.3
[gat-train] update=308 samples=197120 fps=63.8 loss=0.4999 actor=-0.1667 value=0.6803 entropy=1.3657 mean_return=26.905 mean_len=83.7
[gat-train] update=309 samples=197760 fps=63.9 loss=0.4194 actor=0.0247 value=0.4080 entropy=1.3290 mean_return=26.944 mean_len=83.4
[gat-train] update=310 samples=198400 fps=64.0 loss=0.3077 actor=-0.0179 value=0.3393 entropy=1.3694 mean_return=26.829 mean_len=83.6
[gat-train] update=311 samples=199040 fps=64.1 loss=0.3184 actor=-0.0351 value=0.3675 entropy=1.4004 mean_return=26.948 mean_len=84.3
[gat-train] update=312 samples=199680 fps=64.2 loss=0.6359 actor=0.2271 value=0.4230 entropy=1.4153 mean_return=27.178 mean_len=85.0
[gat-train] update=313 samples=200320 fps=64.3 loss=0.3125 actor=-0.0203 value=0.3468 entropy=1.4006 mean_return=27.295 mean_len=84.8
[gat-train] update=314 samples=200960 fps=64.4 loss=0.3453 actor=-0.0033 value=0.3628 entropy=1.4164 mean_return=27.296 mean_len=84.2
[gat-train] update=315 samples=201600 fps=64.5 loss=0.2200 actor=-0.1646 value=0.3990 entropy=1.4453 mean_return=27.283 mean_len=84.6
[gat-train] update=316 samples=202240 fps=64.6 loss=0.3776 actor=0.0447 value=0.3485 entropy=1.5591 mean_return=27.551 mean_len=85.0
[gat-train] update=317 samples=202880 fps=64.7 loss=0.3581 actor=-0.0467 value=0.4205 entropy=1.5735 mean_return=27.484 mean_len=84.8
[gat-train] update=318 samples=203520 fps=64.8 loss=0.2362 actor=-0.0988 value=0.3507 entropy=1.5648 mean_return=27.700 mean_len=84.6
[gat-train] update=319 samples=204160 fps=64.9 loss=0.3571 actor=-0.0937 value=0.4669 entropy=1.6138 mean_return=27.792 mean_len=84.0
[gat-train] update=320 samples=204800 fps=65.0 loss=0.2766 actor=-0.1554 value=0.4477 entropy=1.5682 mean_return=27.393 mean_len=83.1
[gat-train] update=321 samples=205440 fps=65.1 loss=0.3424 actor=-0.0432 value=0.4013 entropy=1.5745 mean_return=27.693 mean_len=83.8
[gat-train] update=322 samples=206080 fps=65.2 loss=0.3035 actor=-0.0419 value=0.3608 entropy=1.5309 mean_return=27.315 mean_len=83.5
[gat-train] update=323 samples=206720 fps=65.3 loss=0.4887 actor=0.0800 value=0.4243 entropy=1.5568 mean_return=27.518 mean_len=84.3
[gat-train] update=324 samples=207360 fps=65.4 loss=0.3136 actor=-0.0682 value=0.3971 entropy=1.5252 mean_return=27.402 mean_len=84.5
[gat-train] update=325 samples=208000 fps=65.5 loss=0.4711 actor=0.0386 value=0.4476 entropy=1.5068 mean_return=27.493 mean_len=85.4
[gat-train] update=326 samples=208640 fps=65.6 loss=0.3207 actor=-0.0966 value=0.4318 entropy=1.4593 mean_return=27.639 mean_len=86.1
[gat-train] update=327 samples=209280 fps=65.7 loss=0.3442 actor=-0.0038 value=0.3619 entropy=1.4032 mean_return=27.372 mean_len=85.9
[gat-train] update=328 samples=209920 fps=65.8 loss=0.4038 actor=-0.0137 value=0.4324 entropy=1.4971 mean_return=27.094 mean_len=85.7
[gat-train] update=329 samples=210560 fps=65.9 loss=0.5112 actor=0.1279 value=0.3989 entropy=1.5599 mean_return=26.949 mean_len=85.2
[gat-train] update=330 samples=211200 fps=66.0 loss=0.2034 actor=-0.1748 value=0.3934 entropy=1.5258 mean_return=27.053 mean_len=84.9
[gat-train] update=331 samples=211840 fps=66.1 loss=0.3706 actor=0.0332 value=0.3533 entropy=1.5835 mean_return=26.918 mean_len=84.6
[gat-train] update=332 samples=212480 fps=66.2 loss=0.3778 actor=-0.0353 value=0.4291 entropy=1.6035 mean_return=26.650 mean_len=84.4
[gat-train] update=333 samples=213120 fps=66.3 loss=0.2600 actor=-0.1013 value=0.3776 entropy=1.6361 mean_return=26.711 mean_len=83.9
[gat-train] update=334 samples=213760 fps=66.4 loss=0.2668 actor=-0.1155 value=0.3979 entropy=1.5676 mean_return=26.665 mean_len=84.0
[gat-train] update=335 samples=214400 fps=66.4 loss=0.3744 actor=-0.0656 value=0.4565 entropy=1.6492 mean_return=26.832 mean_len=84.0
[gat-train] update=336 samples=215040 fps=66.5 loss=0.3218 actor=-0.0413 value=0.3797 entropy=1.6647 mean_return=26.475 mean_len=84.1
[gat-train] update=337 samples=215680 fps=66.6 loss=0.3142 actor=-0.0654 value=0.3964 entropy=1.6729 mean_return=27.014 mean_len=84.3
[gat-train] update=338 samples=216320 fps=66.7 loss=0.3152 actor=-0.0196 value=0.3508 entropy=1.5979 mean_return=27.513 mean_len=85.3
[gat-train] update=339 samples=216960 fps=66.8 loss=0.2609 actor=-0.1055 value=0.3826 entropy=1.6162 mean_return=27.283 mean_len=84.7
[gat-train] update=340 samples=217600 fps=66.9 loss=0.2746 actor=-0.1114 value=0.4024 entropy=1.6329 mean_return=26.949 mean_len=84.1
[gat-train] update=341 samples=218240 fps=67.0 loss=0.3835 actor=0.0143 value=0.3850 entropy=1.5815 mean_return=27.309 mean_len=84.1
[gat-train] update=342 samples=218880 fps=67.1 loss=0.4330 actor=-0.0194 value=0.4684 entropy=1.6010 mean_return=27.363 mean_len=83.8
[gat-train] update=343 samples=219520 fps=67.2 loss=0.4055 actor=-0.0077 value=0.4292 entropy=1.6040 mean_return=27.132 mean_len=83.8
[gat-train] update=344 samples=220160 fps=67.3 loss=0.4390 actor=0.0487 value=0.4070 entropy=1.6757 mean_return=26.724 mean_len=82.9
[gat-train] update=345 samples=220800 fps=67.4 loss=0.4049 actor=0.0545 value=0.3661 entropy=1.5674 mean_return=27.245 mean_len=83.1
[gat-train] update=346 samples=221440 fps=67.4 loss=0.6746 actor=0.0182 value=0.6718 entropy=1.5408 mean_return=27.514 mean_len=83.7
[gat-train] update=347 samples=222080 fps=67.5 loss=0.4221 actor=0.0486 value=0.3888 entropy=1.5256 mean_return=27.535 mean_len=83.4
[gat-train] update=348 samples=222720 fps=67.6 loss=0.3935 actor=-0.0155 value=0.4240 entropy=1.4962 mean_return=27.493 mean_len=83.3
[gat-train] update=349 samples=223360 fps=67.7 loss=0.3147 actor=0.0126 value=0.3175 entropy=1.5461 mean_return=27.590 mean_len=83.9
[gat-train] update=350 samples=224000 fps=67.8 loss=0.3472 actor=-0.0250 value=0.3875 entropy=1.5358 mean_return=27.445 mean_len=84.2
[gat-train] eval update=350 torch_score=83.47 deploy_score=86.58 min=77.08 bottom10=79.47 max_regression=0.00 regressions=0 guard_rejected=0 best=86.58
[gat-train] update=351 samples=224640 fps=63.7 loss=0.1938 actor=-0.1898 value=0.3990 entropy=1.5350 mean_return=27.445 mean_len=84.2
[gat-train] update=352 samples=225280 fps=63.8 loss=0.3426 actor=-0.1835 value=0.5419 entropy=1.5869 mean_return=27.142 mean_len=83.4
[gat-train] update=353 samples=225920 fps=63.9 loss=0.2405 actor=-0.1693 value=0.4252 entropy=1.5487 mean_return=27.133 mean_len=83.6
[gat-train] update=354 samples=226560 fps=64.0 loss=2.5297 actor=-0.2743 value=2.8193 entropy=1.5259 mean_return=26.227 mean_len=83.4
[gat-train] update=355 samples=227200 fps=64.1 loss=0.3174 actor=-0.0969 value=0.4291 entropy=1.4746 mean_return=25.837 mean_len=83.5
[gat-train] update=356 samples=227840 fps=64.2 loss=0.3522 actor=-0.0082 value=0.3749 entropy=1.4542 mean_return=26.231 mean_len=84.0
[gat-train] update=357 samples=228480 fps=64.2 loss=0.4036 actor=-0.0688 value=0.4867 entropy=1.4375 mean_return=26.378 mean_len=84.7
[gat-train] update=358 samples=229120 fps=64.3 loss=0.4722 actor=0.0291 value=0.4574 entropy=1.4317 mean_return=27.070 mean_len=84.9
[gat-train] update=359 samples=229760 fps=64.4 loss=0.4004 actor=0.0004 value=0.4139 entropy=1.3941 mean_return=26.886 mean_len=84.8
[gat-train] update=360 samples=230400 fps=64.5 loss=0.7242 actor=0.1539 value=0.5844 entropy=1.4192 mean_return=27.016 mean_len=84.1
[gat-train] update=361 samples=231040 fps=64.6 loss=0.4292 actor=0.0226 value=0.4204 entropy=1.3785 mean_return=26.973 mean_len=84.0
[gat-train] update=362 samples=231680 fps=64.7 loss=0.4283 actor=0.0849 value=0.3574 entropy=1.3991 mean_return=27.127 mean_len=84.1
[gat-train] update=363 samples=232320 fps=64.8 loss=0.4860 actor=0.0591 value=0.4412 entropy=1.4329 mean_return=26.913 mean_len=83.5
[gat-train] update=364 samples=232960 fps=64.8 loss=0.5363 actor=0.0309 value=0.5201 entropy=1.4791 mean_return=26.815 mean_len=84.0
[gat-train] update=365 samples=233600 fps=64.9 loss=0.1827 actor=-0.1590 value=0.3561 entropy=1.4358 mean_return=26.801 mean_len=84.3
[gat-train] update=366 samples=234240 fps=65.0 loss=0.3700 actor=-0.0570 value=0.4414 entropy=1.4496 mean_return=27.128 mean_len=84.9
[gat-train] update=367 samples=234880 fps=65.1 loss=0.3276 actor=-0.0328 value=0.3751 entropy=1.4731 mean_return=27.264 mean_len=85.4
[gat-train] update=368 samples=235520 fps=65.2 loss=0.2892 actor=-0.1751 value=0.4786 entropy=1.4341 mean_return=27.027 mean_len=84.5
[gat-train] update=369 samples=236160 fps=65.3 loss=0.2917 actor=-0.1649 value=0.4709 entropy=1.4399 mean_return=26.858 mean_len=84.2
[gat-train] update=370 samples=236800 fps=65.3 loss=0.4187 actor=0.0193 value=0.4139 entropy=1.4524 mean_return=26.945 mean_len=83.9
[gat-train] update=371 samples=237440 fps=65.4 loss=0.5145 actor=0.0801 value=0.4488 entropy=1.4326 mean_return=27.276 mean_len=84.1
[gat-train] update=372 samples=238080 fps=65.5 loss=0.2986 actor=0.0004 value=0.3125 entropy=1.4306 mean_return=27.687 mean_len=84.6
[gat-train] update=373 samples=238720 fps=65.6 loss=0.4324 actor=0.0261 value=0.4209 entropy=1.4651 mean_return=27.389 mean_len=84.7
[gat-train] update=374 samples=239360 fps=65.7 loss=0.3838 actor=0.0216 value=0.3765 entropy=1.4196 mean_return=27.798 mean_len=85.7
[gat-train] update=375 samples=240000 fps=65.8 loss=0.4670 actor=0.0582 value=0.4227 entropy=1.3864 mean_return=27.721 mean_len=85.6
[gat-train] update=376 samples=240640 fps=65.8 loss=0.3369 actor=-0.0403 value=0.3920 entropy=1.4690 mean_return=27.963 mean_len=85.8
[gat-train] update=377 samples=241280 fps=65.9 loss=2.0105 actor=-0.1347 value=2.1589 entropy=1.3729 mean_return=27.471 mean_len=85.2
[gat-train] update=378 samples=241920 fps=66.0 loss=0.6234 actor=0.1980 value=0.4395 entropy=1.3998 mean_return=27.590 mean_len=85.8
[gat-train] update=379 samples=242560 fps=66.1 loss=0.3827 actor=0.0233 value=0.3731 entropy=1.3746 mean_return=27.661 mean_len=85.5
[gat-train] update=380 samples=243200 fps=66.2 loss=0.4223 actor=-0.0125 value=0.4500 entropy=1.5134 mean_return=27.510 mean_len=84.2
[gat-train] update=381 samples=243840 fps=66.2 loss=0.5562 actor=0.1245 value=0.4466 entropy=1.4893 mean_return=27.221 mean_len=84.9
[gat-train] update=382 samples=244480 fps=66.3 loss=0.3520 actor=-0.0201 value=0.3868 entropy=1.4690 mean_return=27.213 mean_len=84.8
[gat-train] update=383 samples=245120 fps=66.4 loss=0.5938 actor=-0.0096 value=0.6189 entropy=1.5496 mean_return=27.114 mean_len=84.5
[gat-train] update=384 samples=245760 fps=66.5 loss=0.3961 actor=0.0346 value=0.3771 entropy=1.5656 mean_return=27.550 mean_len=84.9
[gat-train] update=385 samples=246400 fps=66.6 loss=0.4916 actor=0.0121 value=0.4955 entropy=1.6003 mean_return=27.710 mean_len=84.7
[gat-train] update=386 samples=247040 fps=66.7 loss=0.2544 actor=-0.1001 value=0.3700 entropy=1.5399 mean_return=27.623 mean_len=84.2
[gat-train] update=387 samples=247680 fps=66.7 loss=0.1005 actor=-0.2598 value=0.3761 entropy=1.5755 mean_return=27.544 mean_len=83.9
[gat-train] update=388 samples=248320 fps=66.8 loss=0.1464 actor=-0.2672 value=0.4289 entropy=1.5325 mean_return=27.235 mean_len=84.0
[gat-train] update=389 samples=248960 fps=66.9 loss=0.3251 actor=-0.0216 value=0.3622 entropy=1.5522 mean_return=27.356 mean_len=83.7
[gat-train] update=390 samples=249600 fps=66.9 loss=0.4357 actor=-0.0926 value=0.5440 entropy=1.5719 mean_return=27.269 mean_len=84.6
[gat-train] update=391 samples=250240 fps=67.0 loss=0.4079 actor=-0.0150 value=0.4377 entropy=1.4853 mean_return=27.128 mean_len=84.3
[gat-train] update=392 samples=250880 fps=67.1 loss=0.3587 actor=-0.1145 value=0.4881 entropy=1.5012 mean_return=27.133 mean_len=84.8
[gat-train] update=393 samples=251520 fps=67.2 loss=0.4181 actor=0.0115 value=0.4214 entropy=1.4831 mean_return=27.363 mean_len=85.8
[gat-train] update=394 samples=252160 fps=67.3 loss=0.4045 actor=-0.0085 value=0.4277 entropy=1.4693 mean_return=27.295 mean_len=85.5
[gat-train] update=395 samples=252800 fps=67.3 loss=0.4465 actor=0.0695 value=0.3920 entropy=1.4975 mean_return=27.362 mean_len=86.1
[gat-train] update=396 samples=253440 fps=67.4 loss=0.4168 actor=-0.0141 value=0.4460 entropy=1.5075 mean_return=27.234 mean_len=86.0
[gat-train] update=397 samples=254080 fps=67.5 loss=0.3581 actor=-0.0445 value=0.4178 entropy=1.5215 mean_return=27.114 mean_len=85.9
[gat-train] update=398 samples=254720 fps=67.6 loss=0.5280 actor=-0.0596 value=0.6030 entropy=1.5468 mean_return=26.866 mean_len=85.3
[gat-train] update=399 samples=255360 fps=67.7 loss=0.4649 actor=0.0730 value=0.4077 entropy=1.5903 mean_return=26.924 mean_len=85.0
[gat-train] update=400 samples=256000 fps=67.7 loss=0.1789 actor=-0.1574 value=0.3518 entropy=1.5539 mean_return=26.731 mean_len=84.4
[gat-train] eval update=400 torch_score=83.71 deploy_score=86.58 min=77.08 bottom10=79.47 max_regression=0.00 regressions=0 guard_rejected=0 best=86.58
[gat-train] update=401 samples=256640 fps=64.2 loss=0.2682 actor=-0.0708 value=0.3544 entropy=1.5404 mean_return=26.716 mean_len=84.7
[gat-train] update=402 samples=257280 fps=64.2 loss=0.4339 actor=0.0203 value=0.4290 entropy=1.5402 mean_return=26.714 mean_len=84.5
[gat-train] update=403 samples=257920 fps=64.3 loss=0.4254 actor=0.0871 value=0.3532 entropy=1.4937 mean_return=26.436 mean_len=84.4
[gat-train] update=404 samples=258560 fps=64.4 loss=0.3527 actor=-0.1449 value=0.5127 entropy=1.5101 mean_return=26.495 mean_len=83.3
[gat-train] update=405 samples=259200 fps=64.5 loss=0.3635 actor=-0.0129 value=0.3916 entropy=1.5202 mean_return=26.296 mean_len=83.3
[gat-train] update=406 samples=259840 fps=64.5 loss=0.2325 actor=-0.0714 value=0.3186 entropy=1.4700 mean_return=26.226 mean_len=83.2
[gat-train] update=407 samples=260480 fps=64.6 loss=0.3010 actor=-0.1096 value=0.4255 entropy=1.4948 mean_return=26.387 mean_len=84.0
[gat-train] update=408 samples=261120 fps=64.7 loss=0.4818 actor=-0.0218 value=0.5179 entropy=1.4319 mean_return=26.320 mean_len=84.1
[gat-train] update=409 samples=261760 fps=64.8 loss=0.4654 actor=0.0141 value=0.4656 entropy=1.4332 mean_return=26.505 mean_len=84.0
[gat-train] update=410 samples=262400 fps=64.8 loss=0.4263 actor=-0.0059 value=0.4459 entropy=1.3676 mean_return=26.578 mean_len=84.3
[gat-train] update=411 samples=263040 fps=64.9 loss=0.4161 actor=-0.0086 value=0.4390 entropy=1.4331 mean_return=26.778 mean_len=85.1
[gat-train] update=412 samples=263680 fps=65.0 loss=0.3876 actor=0.0002 value=0.4015 entropy=1.3996 mean_return=26.963 mean_len=85.7
[gat-train] update=413 samples=264320 fps=65.1 loss=0.5159 actor=0.1197 value=0.4101 entropy=1.3874 mean_return=27.012 mean_len=85.7
[gat-train] update=414 samples=264960 fps=65.1 loss=0.3205 actor=-0.0414 value=0.3764 entropy=1.4542 mean_return=27.245 mean_len=85.5
[gat-train] update=415 samples=265600 fps=65.2 loss=0.4163 actor=0.0125 value=0.4183 entropy=1.4457 mean_return=27.126 mean_len=85.3
[gat-train] update=416 samples=266240 fps=65.3 loss=0.3051 actor=0.0046 value=0.3148 entropy=1.4355 mean_return=26.954 mean_len=85.5
[gat-train] update=417 samples=266880 fps=65.4 loss=0.3923 actor=0.0047 value=0.4016 entropy=1.4033 mean_return=27.277 mean_len=86.1
[gat-train] update=418 samples=267520 fps=65.4 loss=0.6329 actor=0.1316 value=0.5156 entropy=1.4215 mean_return=27.758 mean_len=86.1
[gat-train] update=419 samples=268160 fps=65.5 loss=0.4681 actor=0.0459 value=0.4359 entropy=1.3764 mean_return=27.932 mean_len=86.1
[gat-train] update=420 samples=268800 fps=65.6 loss=0.3558 actor=-0.0749 value=0.4449 entropy=1.4266 mean_return=27.675 mean_len=85.1
[gat-train] update=421 samples=269440 fps=65.7 loss=0.6590 actor=0.1392 value=0.5334 entropy=1.3648 mean_return=27.833 mean_len=85.2
[gat-train] update=422 samples=270080 fps=65.7 loss=0.5140 actor=0.1071 value=0.4203 entropy=1.3320 mean_return=28.022 mean_len=86.0
[gat-train] update=423 samples=270720 fps=65.8 loss=0.3586 actor=-0.1087 value=0.4812 entropy=1.3893 mean_return=28.250 mean_len=85.9
[gat-train] update=424 samples=271360 fps=65.9 loss=0.5959 actor=0.1440 value=0.4656 entropy=1.3686 mean_return=28.626 mean_len=86.4
[gat-train] update=425 samples=272000 fps=65.9 loss=0.3238 actor=-0.0582 value=0.3953 entropy=1.3309 mean_return=28.153 mean_len=85.4
[gat-train] update=426 samples=272640 fps=66.0 loss=0.5315 actor=0.0557 value=0.4897 entropy=1.3872 mean_return=27.950 mean_len=85.9
[gat-train] update=427 samples=273280 fps=66.1 loss=0.5457 actor=0.0677 value=0.4921 entropy=1.4087 mean_return=27.736 mean_len=86.6
[gat-train] update=428 samples=273920 fps=66.2 loss=0.3570 actor=-0.0203 value=0.3912 entropy=1.3936 mean_return=27.311 mean_len=86.0
[gat-train] update=429 samples=274560 fps=66.2 loss=0.3985 actor=0.0167 value=0.3953 entropy=1.3497 mean_return=27.216 mean_len=85.4
[gat-train] update=430 samples=275200 fps=66.3 loss=0.5520 actor=0.0512 value=0.5147 entropy=1.3941 mean_return=26.808 mean_len=84.5
[gat-train] update=431 samples=275840 fps=66.4 loss=0.4339 actor=0.0620 value=0.3855 entropy=1.3621 mean_return=27.058 mean_len=84.6
[gat-train] update=432 samples=276480 fps=66.4 loss=0.5439 actor=0.1262 value=0.4313 entropy=1.3523 mean_return=27.557 mean_len=85.4
[gat-train] update=433 samples=277120 fps=66.5 loss=0.4539 actor=-0.0130 value=0.4811 entropy=1.4196 mean_return=27.773 mean_len=85.0
[gat-train] update=434 samples=277760 fps=66.6 loss=0.2277 actor=-0.1173 value=0.3591 entropy=1.4083 mean_return=27.737 mean_len=84.7
[gat-train] update=435 samples=278400 fps=66.6 loss=0.6612 actor=0.1969 value=0.4784 entropy=1.4107 mean_return=28.084 mean_len=84.9
[gat-train] update=436 samples=279040 fps=66.7 loss=0.3707 actor=-0.0295 value=0.4150 entropy=1.4839 mean_return=28.151 mean_len=85.4
[gat-train] update=437 samples=279680 fps=66.8 loss=0.3445 actor=-0.0973 value=0.4563 entropy=1.4495 mean_return=28.615 mean_len=86.3
[gat-train] update=438 samples=280320 fps=66.9 loss=0.3701 actor=0.0077 value=0.3771 entropy=1.4742 mean_return=28.227 mean_len=86.1
[gat-train] update=439 samples=280960 fps=66.9 loss=0.4891 actor=0.0763 value=0.4275 entropy=1.4703 mean_return=28.079 mean_len=85.7
[gat-train] update=440 samples=281600 fps=67.0 loss=0.4189 actor=-0.0136 value=0.4472 entropy=1.4751 mean_return=28.125 mean_len=85.5
[gat-train] update=441 samples=282240 fps=67.1 loss=0.5715 actor=0.0630 value=0.5230 entropy=1.4432 mean_return=28.039 mean_len=85.5
[gat-train] update=442 samples=282880 fps=67.1 loss=0.3685 actor=0.0006 value=0.3823 entropy=1.4363 mean_return=28.067 mean_len=85.3
[gat-train] update=443 samples=283520 fps=67.2 loss=0.5906 actor=0.0120 value=0.5936 entropy=1.4970 mean_return=27.604 mean_len=84.3
[gat-train] update=444 samples=284160 fps=67.3 loss=0.3963 actor=0.0601 value=0.3499 entropy=1.3795 mean_return=27.727 mean_len=84.9
[gat-train] update=445 samples=284800 fps=67.4 loss=0.3755 actor=-0.1094 value=0.4995 entropy=1.4539 mean_return=27.440 mean_len=84.7
[gat-train] update=446 samples=285440 fps=67.4 loss=0.5043 actor=0.0617 value=0.4564 entropy=1.3770 mean_return=27.509 mean_len=85.3
[gat-train] update=447 samples=286080 fps=67.5 loss=0.3530 actor=-0.0132 value=0.3799 entropy=1.3670 mean_return=27.622 mean_len=85.8
[gat-train] update=448 samples=286720 fps=67.6 loss=0.3428 actor=-0.0536 value=0.4108 entropy=1.4408 mean_return=27.809 mean_len=85.9
[gat-train] update=449 samples=287360 fps=67.6 loss=0.4337 actor=-0.0086 value=0.4561 entropy=1.3759 mean_return=27.660 mean_len=85.5
[gat-train] update=450 samples=288000 fps=67.7 loss=0.5770 actor=0.1035 value=0.4870 entropy=1.3420 mean_return=28.125 mean_len=86.8
[gat-train] eval update=450 torch_score=83.91 deploy_score=86.58 min=77.08 bottom10=79.47 max_regression=0.00 regressions=0 guard_rejected=0 best=86.58
[gat-train] update=451 samples=288640 fps=64.5 loss=0.6503 actor=-0.0721 value=0.7361 entropy=1.3662 mean_return=28.005 mean_len=86.4
[gat-train] update=452 samples=289280 fps=64.6 loss=0.2829 actor=-0.0984 value=0.3956 entropy=1.4334 mean_return=27.675 mean_len=85.6
[gat-train] update=453 samples=289920 fps=64.6 loss=0.2212 actor=-0.1503 value=0.3852 entropy=1.3720 mean_return=27.824 mean_len=85.1
[gat-train] update=454 samples=290560 fps=64.7 loss=0.3328 actor=-0.0193 value=0.3655 entropy=1.3442 mean_return=27.416 mean_len=83.9
[gat-train] update=455 samples=291200 fps=64.8 loss=0.4365 actor=-0.0240 value=0.4742 entropy=1.3723 mean_return=27.435 mean_len=84.1
[gat-train] update=456 samples=291840 fps=64.8 loss=0.4322 actor=0.0528 value=0.3930 entropy=1.3573 mean_return=27.476 mean_len=83.7
[gat-train] update=457 samples=292480 fps=64.9 loss=0.4785 actor=-0.0029 value=0.4958 entropy=1.4357 mean_return=27.596 mean_len=83.3
[gat-train] update=458 samples=293120 fps=65.0 loss=0.4383 actor=0.0533 value=0.3988 entropy=1.3825 mean_return=27.983 mean_len=84.0
[gat-train] update=459 samples=293760 fps=65.0 loss=0.3248 actor=-0.0605 value=0.3994 entropy=1.4096 mean_return=27.952 mean_len=84.0
[gat-train] update=460 samples=294400 fps=65.1 loss=0.4351 actor=-0.0079 value=0.4572 entropy=1.4297 mean_return=27.879 mean_len=84.5
[gat-train] update=461 samples=295040 fps=65.2 loss=0.3497 actor=-0.0719 value=0.4355 entropy=1.3930 mean_return=28.105 mean_len=84.8
[gat-train] update=462 samples=295680 fps=65.2 loss=0.4200 actor=-0.0179 value=0.4518 entropy=1.3954 mean_return=27.882 mean_len=85.3
[gat-train] update=463 samples=296320 fps=65.3 loss=0.2779 actor=-0.1006 value=0.3923 entropy=1.3930 mean_return=28.063 mean_len=85.5
[gat-train] update=464 samples=296960 fps=65.4 loss=0.5454 actor=0.1236 value=0.4358 entropy=1.4024 mean_return=27.803 mean_len=85.4
[gat-train] update=465 samples=297600 fps=65.4 loss=0.2683 actor=-0.1235 value=0.4058 entropy=1.4098 mean_return=27.601 mean_len=85.4
[gat-train] update=466 samples=298240 fps=65.5 loss=0.4216 actor=0.0584 value=0.3774 entropy=1.4122 mean_return=27.655 mean_len=85.6
[gat-train] update=467 samples=298880 fps=65.6 loss=0.3917 actor=0.0305 value=0.3748 entropy=1.3647 mean_return=27.623 mean_len=85.8
[gat-train] update=468 samples=299520 fps=65.6 loss=0.3714 actor=-0.0658 value=0.4508 entropy=1.3614 mean_return=27.626 mean_len=85.6
[gat-train] update=469 samples=300160 fps=65.7 loss=0.3473 actor=-0.0289 value=0.3903 entropy=1.4120 mean_return=27.767 mean_len=85.6
[gat-train] update=470 samples=300800 fps=65.8 loss=0.4556 actor=-0.0138 value=0.4833 entropy=1.3845 mean_return=28.006 mean_len=85.8
[gat-train] update=471 samples=301440 fps=65.8 loss=0.3861 actor=-0.0277 value=0.4268 entropy=1.2937 mean_return=27.852 mean_len=85.4
[gat-train] update=472 samples=302080 fps=65.9 loss=0.4187 actor=0.0696 value=0.3636 entropy=1.4470 mean_return=27.994 mean_len=85.9
[gat-train] update=473 samples=302720 fps=66.0 loss=0.4236 actor=0.0081 value=0.4297 entropy=1.4121 mean_return=27.841 mean_len=85.1
[gat-train] update=474 samples=303360 fps=66.0 loss=0.3211 actor=-0.0555 value=0.3905 entropy=1.3944 mean_return=27.478 mean_len=84.9
[gat-train] update=475 samples=304000 fps=66.1 loss=0.2881 actor=-0.0563 value=0.3586 entropy=1.4254 mean_return=27.514 mean_len=84.9
[gat-train] update=476 samples=304640 fps=66.2 loss=0.7044 actor=0.0322 value=0.6868 entropy=1.4522 mean_return=27.166 mean_len=84.1
[gat-train] update=477 samples=305280 fps=66.2 loss=0.4605 actor=0.0472 value=0.4276 entropy=1.4281 mean_return=26.984 mean_len=83.4
[gat-train] update=478 samples=305920 fps=66.3 loss=0.4824 actor=0.0154 value=0.4820 entropy=1.5039 mean_return=26.423 mean_len=82.3
[gat-train] update=479 samples=306560 fps=66.4 loss=0.4058 actor=0.0085 value=0.4125 entropy=1.5164 mean_return=26.482 mean_len=82.3
[gat-train] update=480 samples=307200 fps=66.4 loss=0.4657 actor=0.1023 value=0.3785 entropy=1.5136 mean_return=26.666 mean_len=83.6
[gat-train] update=481 samples=307840 fps=66.5 loss=0.3636 actor=-0.0516 value=0.4314 entropy=1.6173 mean_return=27.075 mean_len=83.4
[gat-train] update=482 samples=308480 fps=66.5 loss=0.4051 actor=0.0269 value=0.3948 entropy=1.6609 mean_return=27.138 mean_len=83.6
[gat-train] update=483 samples=309120 fps=66.6 loss=0.2252 actor=-0.2725 value=0.5146 entropy=1.6915 mean_return=27.146 mean_len=84.0
[gat-train] update=484 samples=309760 fps=66.7 loss=0.1744 actor=-0.1564 value=0.3484 entropy=1.7568 mean_return=27.323 mean_len=84.2
[gat-train] update=485 samples=310400 fps=66.7 loss=0.5480 actor=0.0638 value=0.5014 entropy=1.7297 mean_return=27.872 mean_len=85.0
[gat-train] update=486 samples=311040 fps=66.8 loss=0.2381 actor=-0.2193 value=0.4746 entropy=1.7309 mean_return=27.801 mean_len=85.0
[gat-train] update=487 samples=311680 fps=66.9 loss=0.4807 actor=0.1019 value=0.3964 entropy=1.7640 mean_return=27.863 mean_len=84.7
[gat-train] update=488 samples=312320 fps=66.9 loss=0.2623 actor=-0.1513 value=0.4309 entropy=1.7323 mean_return=27.616 mean_len=84.8
[gat-train] update=489 samples=312960 fps=67.0 loss=0.2305 actor=-0.0843 value=0.3325 entropy=1.7592 mean_return=27.247 mean_len=84.6
[gat-train] update=490 samples=313600 fps=67.0 loss=0.4837 actor=0.0260 value=0.4759 entropy=1.8226 mean_return=27.074 mean_len=84.3
[gat-train] update=491 samples=314240 fps=67.1 loss=0.3494 actor=-0.1578 value=0.5248 entropy=1.7638 mean_return=27.081 mean_len=83.9
[gat-train] update=492 samples=314880 fps=67.2 loss=0.2147 actor=-0.1493 value=0.3811 entropy=1.7147 mean_return=27.034 mean_len=83.7
[gat-train] update=493 samples=315520 fps=67.2 loss=0.2395 actor=-0.1313 value=0.3884 entropy=1.7620 mean_return=26.730 mean_len=83.5
[gat-train] update=494 samples=316160 fps=67.3 loss=0.3940 actor=-0.1296 value=0.5408 entropy=1.7224 mean_return=26.642 mean_len=83.1
[gat-train] update=495 samples=316800 fps=67.4 loss=0.3272 actor=-0.0068 value=0.3515 entropy=1.7519 mean_return=26.667 mean_len=83.6
[gat-train] update=496 samples=317440 fps=67.4 loss=0.4272 actor=0.0974 value=0.3467 entropy=1.6982 mean_return=27.145 mean_len=84.2
[gat-train] update=497 samples=318080 fps=67.5 loss=0.3536 actor=-0.0699 value=0.4400 entropy=1.6461 mean_return=27.037 mean_len=84.4
[gat-train] update=498 samples=318720 fps=67.5 loss=1.2488 actor=-0.0885 value=1.3538 entropy=1.6486 mean_return=26.532 mean_len=83.8
[gat-train] update=499 samples=319360 fps=67.6 loss=0.3745 actor=-0.0371 value=0.4277 entropy=1.6061 mean_return=26.563 mean_len=83.5
[gat-train] update=500 samples=320000 fps=67.7 loss=0.2429 actor=-0.1426 value=0.4015 entropy=1.5976 mean_return=26.257 mean_len=83.2
[gat-train] eval update=500 torch_score=85.27 deploy_score=86.58 min=77.08 bottom10=79.47 max_regression=0.00 regressions=0 guard_rejected=0 best=86.58
[gat-train] update=501 samples=320640 fps=64.8 loss=0.3178 actor=-0.0524 value=0.3858 entropy=1.5609 mean_return=25.950 mean_len=83.1
[gat-train] update=502 samples=321280 fps=64.9 loss=0.4389 actor=-0.0006 value=0.4552 entropy=1.5698 mean_return=25.839 mean_len=82.5
[gat-train] update=503 samples=321920 fps=64.9 loss=0.2878 actor=-0.0352 value=0.3384 entropy=1.5376 mean_return=25.490 mean_len=81.8
[gat-train] update=504 samples=322560 fps=65.0 loss=0.2340 actor=-0.1546 value=0.4041 entropy=1.5451 mean_return=25.626 mean_len=82.0
[gat-train] update=505 samples=323200 fps=65.0 loss=0.4295 actor=0.0292 value=0.4162 entropy=1.5932 mean_return=26.203 mean_len=83.1
[gat-train] update=506 samples=323840 fps=65.1 loss=0.3451 actor=-0.0797 value=0.4404 entropy=1.5565 mean_return=26.217 mean_len=82.7
[gat-train] update=507 samples=324480 fps=65.2 loss=0.3192 actor=-0.1376 value=0.4722 entropy=1.5278 mean_return=26.210 mean_len=82.7
[gat-train] update=508 samples=325120 fps=65.2 loss=0.3698 actor=-0.0271 value=0.4119 entropy=1.4946 mean_return=26.372 mean_len=83.8
[gat-train] update=509 samples=325760 fps=65.3 loss=0.3251 actor=-0.0393 value=0.3795 entropy=1.5127 mean_return=26.444 mean_len=84.1
[gat-train] update=510 samples=326400 fps=65.4 loss=0.3055 actor=-0.0512 value=0.3727 entropy=1.5946 mean_return=26.694 mean_len=84.5
[gat-train] update=511 samples=327040 fps=65.4 loss=0.6096 actor=0.1453 value=0.4806 entropy=1.6303 mean_return=26.742 mean_len=84.2
[gat-train] update=512 samples=327680 fps=65.5 loss=0.2582 actor=-0.1438 value=0.4177 entropy=1.5719 mean_return=26.672 mean_len=84.2
[gat-train] update=513 samples=328320 fps=65.5 loss=0.4826 actor=0.0869 value=0.4119 entropy=1.6190 mean_return=27.074 mean_len=85.0
[gat-train] update=514 samples=328960 fps=65.6 loss=0.2788 actor=-0.0745 value=0.3698 entropy=1.6503 mean_return=27.276 mean_len=85.0
[gat-train] update=515 samples=329600 fps=65.6 loss=0.2541 actor=-0.0888 value=0.3590 entropy=1.6086 mean_return=27.361 mean_len=84.7
[gat-train] update=516 samples=330240 fps=65.7 loss=0.4003 actor=0.0208 value=0.3959 entropy=1.6294 mean_return=27.247 mean_len=84.9
[gat-train] update=517 samples=330880 fps=65.8 loss=0.2726 actor=-0.0910 value=0.3801 entropy=1.6436 mean_return=27.215 mean_len=84.6
[gat-train] update=518 samples=331520 fps=65.8 loss=0.2984 actor=-0.0982 value=0.4128 entropy=1.6164 mean_return=27.112 mean_len=84.5
[gat-train] update=519 samples=332160 fps=65.9 loss=0.5237 actor=0.1434 value=0.3964 entropy=1.6146 mean_return=27.032 mean_len=85.0
[gat-train] update=520 samples=332800 fps=65.9 loss=0.2404 actor=-0.1221 value=0.3783 entropy=1.5816 mean_return=27.052 mean_len=84.7
[gat-train] update=521 samples=333440 fps=66.0 loss=0.3178 actor=-0.0118 value=0.3454 entropy=1.5846 mean_return=26.827 mean_len=84.0
[gat-train] update=522 samples=334080 fps=66.1 loss=0.3040 actor=0.0161 value=0.3036 entropy=1.5702 mean_return=26.699 mean_len=83.7
[gat-train] update=523 samples=334720 fps=66.1 loss=0.2294 actor=-0.1430 value=0.3879 entropy=1.5460 mean_return=26.875 mean_len=83.8
[gat-train] update=524 samples=335360 fps=66.2 loss=0.3508 actor=-0.0782 value=0.4444 entropy=1.5378 mean_return=26.833 mean_len=83.3
[gat-train] update=525 samples=336000 fps=66.2 loss=0.4759 actor=0.0971 value=0.3943 entropy=1.5531 mean_return=26.649 mean_len=84.0
[gat-train] update=526 samples=336640 fps=66.3 loss=0.4447 actor=0.0409 value=0.4188 entropy=1.4913 mean_return=26.862 mean_len=84.1
[gat-train] update=527 samples=337280 fps=66.3 loss=0.2717 actor=-0.1304 value=0.4170 entropy=1.4907 mean_return=26.886 mean_len=84.2
[gat-train] update=528 samples=337920 fps=66.4 loss=0.3617 actor=-0.0424 value=0.4198 entropy=1.5651 mean_return=26.903 mean_len=84.2
[gat-train] update=529 samples=338560 fps=66.5 loss=0.3751 actor=-0.0082 value=0.3977 entropy=1.4378 mean_return=27.120 mean_len=84.3
[gat-train] update=530 samples=339200 fps=66.5 loss=0.5168 actor=0.0604 value=0.4705 entropy=1.4124 mean_return=27.168 mean_len=84.9
[gat-train] update=531 samples=339840 fps=66.6 loss=0.4418 actor=0.0317 value=0.4242 entropy=1.4197 mean_return=27.179 mean_len=84.6
[gat-train] update=532 samples=340480 fps=66.6 loss=0.4983 actor=0.0504 value=0.4619 entropy=1.3938 mean_return=27.124 mean_len=84.2
[gat-train] update=533 samples=341120 fps=66.7 loss=0.3267 actor=-0.0062 value=0.3473 entropy=1.4382 mean_return=27.081 mean_len=84.2
[gat-train] update=534 samples=341760 fps=66.8 loss=0.3574 actor=0.0335 value=0.3380 entropy=1.4066 mean_return=27.372 mean_len=84.9
[gat-train] update=535 samples=342400 fps=66.8 loss=0.5150 actor=0.1100 value=0.4195 entropy=1.4450 mean_return=27.605 mean_len=85.4
[gat-train] update=536 samples=343040 fps=66.9 loss=0.5320 actor=0.0417 value=0.5050 entropy=1.4672 mean_return=27.908 mean_len=85.3
[gat-train] update=537 samples=343680 fps=66.9 loss=0.5292 actor=0.1015 value=0.4423 entropy=1.4629 mean_return=28.052 mean_len=85.3
[gat-train] update=538 samples=344320 fps=67.0 loss=0.3964 actor=-0.0131 value=0.4238 entropy=1.4292 mean_return=27.857 mean_len=85.0
[gat-train] update=539 samples=344960 fps=67.0 loss=0.5114 actor=0.1109 value=0.4148 entropy=1.4245 mean_return=28.111 mean_len=85.4
[gat-train] update=540 samples=345600 fps=67.1 loss=0.5115 actor=0.0876 value=0.4379 entropy=1.3954 mean_return=28.057 mean_len=85.4
[gat-train] update=541 samples=346240 fps=67.1 loss=0.2701 actor=-0.0652 value=0.3496 entropy=1.4318 mean_return=28.281 mean_len=85.7
[gat-train] update=542 samples=346880 fps=67.2 loss=0.3400 actor=-0.0269 value=0.3812 entropy=1.4252 mean_return=28.059 mean_len=85.6
[gat-train] update=543 samples=347520 fps=67.3 loss=0.7664 actor=-0.0638 value=0.8439 entropy=1.3730 mean_return=28.010 mean_len=84.7
[gat-train] update=544 samples=348160 fps=67.3 loss=0.4491 actor=0.0558 value=0.4077 entropy=1.4387 mean_return=28.043 mean_len=85.3
[gat-train] update=545 samples=348800 fps=67.4 loss=0.4585 actor=0.0074 value=0.4654 entropy=1.4304 mean_return=27.930 mean_len=85.4
[gat-train] update=546 samples=349440 fps=67.4 loss=0.3248 actor=-0.0920 value=0.4310 entropy=1.4313 mean_return=27.831 mean_len=85.6
[gat-train] update=547 samples=350080 fps=67.5 loss=0.5536 actor=0.0680 value=0.4997 entropy=1.4107 mean_return=27.780 mean_len=85.3
[gat-train] update=548 samples=350720 fps=67.5 loss=0.4400 actor=0.0311 value=0.4228 entropy=1.3944 mean_return=27.637 mean_len=84.6
[gat-train] update=549 samples=351360 fps=67.6 loss=0.4515 actor=0.1137 value=0.3512 entropy=1.3442 mean_return=27.900 mean_len=85.3
[gat-train] update=550 samples=352000 fps=67.6 loss=0.3615 actor=0.0107 value=0.3648 entropy=1.3996 mean_return=27.738 mean_len=85.5
[gat-train] eval update=550 torch_score=86.10 deploy_score=86.58 min=77.08 bottom10=79.47 max_regression=0.00 regressions=0 guard_rejected=0 best=86.58
[gat-train] update=551 samples=352640 fps=65.0 loss=0.3436 actor=-0.0060 value=0.3637 entropy=1.4033 mean_return=27.711 mean_len=84.7
[gat-train] update=552 samples=353280 fps=65.0 loss=0.3872 actor=-0.0143 value=0.4162 entropy=1.4643 mean_return=27.707 mean_len=84.1
[gat-train] update=553 samples=353920 fps=65.1 loss=0.2465 actor=-0.1145 value=0.3755 entropy=1.4525 mean_return=27.804 mean_len=83.7
[gat-train] update=554 samples=354560 fps=65.2 loss=0.7478 actor=0.0738 value=0.6879 entropy=1.3949 mean_return=27.636 mean_len=83.7
[gat-train] update=555 samples=355200 fps=65.2 loss=0.2194 actor=-0.1118 value=0.3452 entropy=1.4061 mean_return=27.641 mean_len=83.7
[gat-train] update=556 samples=355840 fps=65.3 loss=0.5046 actor=-0.0039 value=0.5225 entropy=1.4011 mean_return=27.346 mean_len=82.7
[gat-train] update=557 samples=356480 fps=65.3 loss=0.3407 actor=-0.2107 value=0.5658 entropy=1.4350 mean_return=27.301 mean_len=83.4
[gat-train] update=558 samples=357120 fps=65.4 loss=0.3265 actor=-0.1025 value=0.4431 entropy=1.4070 mean_return=26.852 mean_len=82.8
[gat-train] update=559 samples=357760 fps=65.4 loss=0.3974 actor=0.0227 value=0.3892 entropy=1.4489 mean_return=27.040 mean_len=83.3
[gat-train] update=560 samples=358400 fps=65.5 loss=0.6526 actor=0.1793 value=0.4875 entropy=1.4166 mean_return=27.002 mean_len=83.3
[gat-train] update=561 samples=359040 fps=65.5 loss=0.5675 actor=0.0822 value=0.4992 entropy=1.3900 mean_return=27.151 mean_len=84.4
[gat-train] update=562 samples=359680 fps=65.6 loss=0.4080 actor=-0.1256 value=0.5475 entropy=1.3907 mean_return=27.084 mean_len=84.7
[gat-train] update=563 samples=360320 fps=65.6 loss=0.4366 actor=0.0318 value=0.4191 entropy=1.4277 mean_return=27.285 mean_len=84.6
[gat-train] update=564 samples=360960 fps=65.7 loss=0.2789 actor=-0.0934 value=0.3862 entropy=1.3892 mean_return=27.349 mean_len=84.5
[gat-train] update=565 samples=361600 fps=65.8 loss=0.7708 actor=0.2392 value=0.5461 entropy=1.4490 mean_return=28.204 mean_len=85.8
[gat-train] update=566 samples=362240 fps=65.8 loss=0.4575 actor=-0.1471 value=0.6187 entropy=1.4125 mean_return=27.469 mean_len=84.9
[gat-train] update=567 samples=362880 fps=65.9 loss=0.4187 actor=-0.0692 value=0.5020 entropy=1.4046 mean_return=27.374 mean_len=84.4
[gat-train] update=568 samples=363520 fps=65.9 loss=0.4105 actor=0.0204 value=0.4048 entropy=1.4669 mean_return=27.470 mean_len=84.4
[gat-train] update=569 samples=364160 fps=66.0 loss=0.3909 actor=-0.0471 value=0.4513 entropy=1.3285 mean_return=27.850 mean_len=84.8
[gat-train] update=570 samples=364800 fps=66.0 loss=0.4305 actor=0.0352 value=0.4094 entropy=1.4032 mean_return=27.913 mean_len=84.8
[gat-train] update=571 samples=365440 fps=66.1 loss=0.4073 actor=0.0585 value=0.3629 entropy=1.4143 mean_return=27.373 mean_len=84.4
[gat-train] update=572 samples=366080 fps=66.1 loss=0.2351 actor=-0.0670 value=0.3161 entropy=1.3965 mean_return=27.404 mean_len=84.0
[gat-train] update=573 samples=366720 fps=66.2 loss=0.4238 actor=0.0489 value=0.3890 entropy=1.4125 mean_return=28.129 mean_len=85.0
[gat-train] update=574 samples=367360 fps=66.2 loss=0.3569 actor=-0.0627 value=0.4343 entropy=1.4673 mean_return=28.493 mean_len=85.5
[gat-train] update=575 samples=368000 fps=66.3 loss=0.4616 actor=0.0587 value=0.4168 entropy=1.3949 mean_return=28.666 mean_len=85.4
[gat-train] update=576 samples=368640 fps=66.3 loss=0.3988 actor=-0.0584 value=0.4715 entropy=1.4327 mean_return=28.201 mean_len=84.8
[gat-train] update=577 samples=369280 fps=66.4 loss=0.4154 actor=0.0295 value=0.3997 entropy=1.3841 mean_return=28.073 mean_len=85.5
[gat-train] update=578 samples=369920 fps=66.4 loss=0.3011 actor=-0.0424 value=0.3580 entropy=1.4515 mean_return=27.871 mean_len=85.3
[gat-train] update=579 samples=370560 fps=66.5 loss=0.5317 actor=0.1295 value=0.4164 entropy=1.4166 mean_return=27.644 mean_len=84.9
[gat-train] update=580 samples=371200 fps=66.5 loss=0.3718 actor=-0.0686 value=0.4548 entropy=1.4430 mean_return=27.421 mean_len=84.5
[gat-train] update=581 samples=371840 fps=66.6 loss=0.4998 actor=0.0584 value=0.4554 entropy=1.4032 mean_return=27.457 mean_len=84.6
[gat-train] update=582 samples=372480 fps=66.7 loss=0.3347 actor=-0.0646 value=0.4136 entropy=1.4286 mean_return=27.368 mean_len=84.2
[gat-train] update=583 samples=373120 fps=66.7 loss=0.2678 actor=-0.0552 value=0.3368 entropy=1.3815 mean_return=27.407 mean_len=84.5
[gat-train] update=584 samples=373760 fps=66.8 loss=0.2986 actor=-0.0780 value=0.3902 entropy=1.3662 mean_return=27.528 mean_len=84.4
[gat-train] update=585 samples=374400 fps=66.8 loss=0.3450 actor=-0.1140 value=0.4729 entropy=1.3927 mean_return=27.590 mean_len=84.2
[gat-train] update=586 samples=375040 fps=66.9 loss=0.7704 actor=-0.1403 value=0.9246 entropy=1.3899 mean_return=27.100 mean_len=83.8
[gat-train] update=587 samples=375680 fps=66.9 loss=0.5904 actor=0.1272 value=0.4773 entropy=1.4103 mean_return=27.209 mean_len=84.3
[gat-train] update=588 samples=376320 fps=67.0 loss=0.3826 actor=-0.0394 value=0.4359 entropy=1.3841 mean_return=27.268 mean_len=84.1
[gat-train] update=589 samples=376960 fps=67.0 loss=0.4937 actor=0.0164 value=0.4917 entropy=1.4304 mean_return=27.369 mean_len=84.2
[gat-train] update=590 samples=377600 fps=67.1 loss=0.4560 actor=0.0953 value=0.3755 entropy=1.4879 mean_return=27.260 mean_len=83.9
[gat-train] update=591 samples=378240 fps=67.1 loss=0.4553 actor=0.0387 value=0.4305 entropy=1.3917 mean_return=27.378 mean_len=84.2
[gat-train] update=592 samples=378880 fps=67.2 loss=0.4039 actor=0.0307 value=0.3878 entropy=1.4582 mean_return=27.164 mean_len=84.0
[gat-train] update=593 samples=379520 fps=67.2 loss=0.4140 actor=0.0057 value=0.4226 entropy=1.4200 mean_return=27.255 mean_len=84.6
[gat-train] update=594 samples=380160 fps=67.3 loss=0.4127 actor=0.0298 value=0.3976 entropy=1.4722 mean_return=27.066 mean_len=84.5
[gat-train] update=595 samples=380800 fps=67.3 loss=0.4790 actor=0.0507 value=0.4431 entropy=1.4736 mean_return=27.191 mean_len=85.1
[gat-train] update=596 samples=381440 fps=67.4 loss=0.2810 actor=-0.1656 value=0.4617 entropy=1.5162 mean_return=27.315 mean_len=84.9
[gat-train] update=597 samples=382080 fps=67.4 loss=0.4130 actor=-0.0358 value=0.4640 entropy=1.5228 mean_return=27.516 mean_len=85.0
[gat-train] update=598 samples=382720 fps=67.5 loss=0.4805 actor=0.1043 value=0.3912 entropy=1.5019 mean_return=27.795 mean_len=85.4
[gat-train] update=599 samples=383360 fps=67.5 loss=0.4551 actor=0.0117 value=0.4583 entropy=1.4903 mean_return=28.146 mean_len=85.6
[gat-train] update=600 samples=384000 fps=67.6 loss=0.2036 actor=-0.1425 value=0.3607 entropy=1.4566 mean_return=28.088 mean_len=85.3
[gat-train] eval update=600 torch_score=83.76 deploy_score=86.58 min=77.08 bottom10=79.47 max_regression=0.00 regressions=0 guard_rejected=0 best=86.58
[gat-train] update=601 samples=384640 fps=65.1 loss=0.3565 actor=-0.0176 value=0.3892 entropy=1.5102 mean_return=27.974 mean_len=85.2
[gat-train] update=602 samples=385280 fps=65.2 loss=0.4837 actor=0.0222 value=0.4763 entropy=1.4835 mean_return=27.729 mean_len=85.2
[gat-train] update=603 samples=385920 fps=65.2 loss=0.3342 actor=-0.0357 value=0.3857 entropy=1.5768 mean_return=27.834 mean_len=85.2
[gat-train] update=604 samples=386560 fps=65.3 loss=0.3198 actor=-0.0402 value=0.3754 entropy=1.5333 mean_return=27.521 mean_len=84.7
[gat-train] update=605 samples=387200 fps=65.4 loss=0.4985 actor=0.1041 value=0.4099 entropy=1.5540 mean_return=27.459 mean_len=84.8
[gat-train] update=606 samples=387840 fps=65.4 loss=0.2843 actor=-0.0850 value=0.3847 entropy=1.5473 mean_return=27.325 mean_len=84.8
[gat-train] update=607 samples=388480 fps=65.5 loss=0.3911 actor=0.0114 value=0.3958 entropy=1.6049 mean_return=27.715 mean_len=85.0
[gat-train] update=608 samples=389120 fps=65.5 loss=0.4648 actor=0.0551 value=0.4252 entropy=1.5547 mean_return=27.745 mean_len=85.0
[gat-train] update=609 samples=389760 fps=65.6 loss=0.3737 actor=0.0453 value=0.3438 entropy=1.5346 mean_return=27.595 mean_len=85.0
[gat-train] update=610 samples=390400 fps=65.6 loss=0.4143 actor=-0.0204 value=0.4505 entropy=1.5787 mean_return=27.492 mean_len=85.3
[gat-train] update=611 samples=391040 fps=65.7 loss=0.5539 actor=0.0324 value=0.5371 entropy=1.5530 mean_return=27.457 mean_len=85.4
[gat-train] update=612 samples=391680 fps=65.7 loss=0.4975 actor=0.0713 value=0.4413 entropy=1.5122 mean_return=27.637 mean_len=86.1
[gat-train] update=613 samples=392320 fps=65.8 loss=0.3614 actor=-0.0055 value=0.3820 entropy=1.5198 mean_return=27.691 mean_len=85.9
[gat-train] update=614 samples=392960 fps=65.8 loss=0.5734 actor=0.0945 value=0.4934 entropy=1.4531 mean_return=27.554 mean_len=85.4
[gat-train] update=615 samples=393600 fps=65.9 loss=0.3735 actor=-0.0643 value=0.4525 entropy=1.4798 mean_return=27.808 mean_len=85.4
[gat-train] update=616 samples=394240 fps=65.9 loss=0.3932 actor=-0.0241 value=0.4320 entropy=1.4624 mean_return=27.821 mean_len=85.1
[gat-train] update=617 samples=394880 fps=66.0 loss=0.4195 actor=0.0219 value=0.4117 entropy=1.4038 mean_return=27.690 mean_len=85.5
[gat-train] update=618 samples=395520 fps=66.0 loss=0.3656 actor=0.0121 value=0.3680 entropy=1.4550 mean_return=27.616 mean_len=84.9
[gat-train] update=619 samples=396160 fps=66.1 loss=0.4142 actor=0.0276 value=0.4007 entropy=1.4114 mean_return=27.702 mean_len=85.0
[gat-train] update=620 samples=396800 fps=66.1 loss=0.4000 actor=-0.0196 value=0.4337 entropy=1.4091 mean_return=27.507 mean_len=85.2
[gat-train] update=621 samples=397440 fps=66.1 loss=0.5596 actor=0.0666 value=0.5071 entropy=1.4194 mean_return=27.508 mean_len=85.9
[gat-train] update=622 samples=398080 fps=66.2 loss=0.4799 actor=0.0945 value=0.3992 entropy=1.3871 mean_return=27.472 mean_len=86.0
[gat-train] update=623 samples=398720 fps=66.2 loss=0.4076 actor=-0.1534 value=0.5754 entropy=1.4416 mean_return=27.378 mean_len=85.7
[gat-train] update=624 samples=399360 fps=66.3 loss=0.2555 actor=-0.0628 value=0.3323 entropy=1.3953 mean_return=27.204 mean_len=85.5
[gat-train] update=625 samples=400000 fps=66.3 loss=0.3605 actor=-0.0808 value=0.4558 entropy=1.4559 mean_return=27.141 mean_len=85.0
[gat-train] update=626 samples=400640 fps=66.4 loss=0.4569 actor=0.0484 value=0.4225 entropy=1.4044 mean_return=27.432 mean_len=85.4
[gat-train] update=627 samples=401280 fps=66.4 loss=0.3845 actor=-0.0321 value=0.4305 entropy=1.3889 mean_return=27.716 mean_len=84.4
[gat-train] update=628 samples=401920 fps=66.5 loss=0.3717 actor=-0.0435 value=0.4293 entropy=1.4130 mean_return=27.791 mean_len=84.0
[gat-train] update=629 samples=402560 fps=66.5 loss=0.2100 actor=-0.1115 value=0.3360 entropy=1.4456 mean_return=27.817 mean_len=83.4
[gat-train] update=630 samples=403200 fps=66.6 loss=0.5200 actor=0.0900 value=0.4438 entropy=1.3845 mean_return=28.119 mean_len=84.5
[gat-train] update=631 samples=403840 fps=66.6 loss=0.4019 actor=-0.0333 value=0.4484 entropy=1.3241 mean_return=28.295 mean_len=84.7
[gat-train] update=632 samples=404480 fps=66.7 loss=0.4395 actor=0.0211 value=0.4326 entropy=1.4227 mean_return=28.341 mean_len=85.2
[gat-train] update=633 samples=405120 fps=66.7 loss=0.3655 actor=-0.0073 value=0.3871 entropy=1.4339 mean_return=27.943 mean_len=85.6
[gat-train] update=634 samples=405760 fps=66.8 loss=0.4049 actor=-0.0022 value=0.4207 entropy=1.3706 mean_return=27.765 mean_len=86.1
[gat-train] update=635 samples=406400 fps=66.8 loss=0.5395 actor=-0.0714 value=0.6254 entropy=1.4442 mean_return=27.357 mean_len=85.4
[gat-train] update=636 samples=407040 fps=66.9 loss=0.5202 actor=0.0461 value=0.4884 entropy=1.4316 mean_return=27.703 mean_len=85.2
[gat-train] update=637 samples=407680 fps=66.9 loss=0.4972 actor=0.0312 value=0.4804 entropy=1.4491 mean_return=27.513 mean_len=85.0
[gat-train] update=638 samples=408320 fps=67.0 loss=3.7174 actor=-0.0038 value=3.7354 entropy=1.4128 mean_return=26.776 mean_len=83.7
[gat-train] update=639 samples=408960 fps=67.0 loss=0.5568 actor=0.1173 value=0.4539 entropy=1.4409 mean_return=27.321 mean_len=84.4
[gat-train] update=640 samples=409600 fps=67.1 loss=0.4400 actor=0.0373 value=0.4170 entropy=1.4213 mean_return=27.588 mean_len=84.6
[gat-train] update=641 samples=410240 fps=67.1 loss=0.4332 actor=0.1055 value=0.3421 entropy=1.4425 mean_return=27.701 mean_len=84.4
[gat-train] update=642 samples=410880 fps=67.2 loss=0.4978 actor=0.0652 value=0.4465 entropy=1.3929 mean_return=27.959 mean_len=85.0
[gat-train] update=643 samples=411520 fps=67.2 loss=0.5137 actor=0.0907 value=0.4374 entropy=1.4399 mean_return=27.894 mean_len=85.2
[gat-train] update=644 samples=412160 fps=67.3 loss=0.4145 actor=-0.1621 value=0.5916 entropy=1.4893 mean_return=28.183 mean_len=84.9
[gat-train] update=645 samples=412800 fps=67.3 loss=0.2710 actor=-0.0973 value=0.3831 entropy=1.4765 mean_return=28.344 mean_len=84.6
[gat-train] update=646 samples=413440 fps=67.3 loss=0.3477 actor=0.0022 value=0.3595 entropy=1.3996 mean_return=28.090 mean_len=84.5
[gat-train] update=647 samples=414080 fps=67.4 loss=0.3916 actor=-0.0639 value=0.4703 entropy=1.4822 mean_return=27.640 mean_len=83.4
[gat-train] update=648 samples=414720 fps=67.4 loss=0.3267 actor=-0.0115 value=0.3527 entropy=1.4588 mean_return=27.675 mean_len=83.5
[gat-train] update=649 samples=415360 fps=67.5 loss=0.5359 actor=0.1381 value=0.4127 entropy=1.4938 mean_return=27.650 mean_len=83.5
[gat-train] update=650 samples=416000 fps=67.5 loss=0.3455 actor=0.0050 value=0.3548 entropy=1.4251 mean_return=27.550 mean_len=83.9
[gat-train] eval update=650 torch_score=85.21 deploy_score=86.58 min=77.08 bottom10=79.47 max_regression=0.00 regressions=0 guard_rejected=0 best=86.58
[gat-train] update=651 samples=416640 fps=65.3 loss=0.2739 actor=-0.0709 value=0.3595 entropy=1.4723 mean_return=27.553 mean_len=85.1
[gat-train] update=652 samples=417280 fps=65.3 loss=0.2087 actor=-0.1234 value=0.3469 entropy=1.4755 mean_return=27.072 mean_len=84.2
[gat-train] update=653 samples=417920 fps=65.4 loss=0.3109 actor=-0.0230 value=0.3492 entropy=1.5233 mean_return=27.678 mean_len=84.8
[gat-train] update=654 samples=418560 fps=65.4 loss=0.1951 actor=-0.1426 value=0.3528 entropy=1.5093 mean_return=27.533 mean_len=84.6
[gat-train] update=655 samples=419200 fps=65.5 loss=0.4560 actor=0.0546 value=0.4165 entropy=1.5132 mean_return=27.447 mean_len=85.0
[gat-train] update=656 samples=419840 fps=65.5 loss=0.4479 actor=0.0279 value=0.4349 entropy=1.4848 mean_return=27.120 mean_len=84.3
[gat-train] update=657 samples=420480 fps=65.6 loss=0.4103 actor=-0.0404 value=0.4667 entropy=1.5998 mean_return=27.324 mean_len=84.7
[gat-train] update=658 samples=421120 fps=65.6 loss=0.4873 actor=0.0464 value=0.4572 entropy=1.6198 mean_return=27.305 mean_len=84.7
[gat-train] update=659 samples=421760 fps=65.7 loss=0.4908 actor=0.0507 value=0.4558 entropy=1.5672 mean_return=27.414 mean_len=85.3
[gat-train] update=660 samples=422400 fps=65.7 loss=0.3719 actor=0.0567 value=0.3300 entropy=1.4765 mean_return=27.355 mean_len=84.9
[gat-train] update=661 samples=423040 fps=65.8 loss=0.4271 actor=-0.2053 value=0.6479 entropy=1.5510 mean_return=27.147 mean_len=83.8
[gat-train] update=662 samples=423680 fps=65.8 loss=0.4635 actor=0.0640 value=0.4152 entropy=1.5647 mean_return=27.290 mean_len=84.2
[gat-train] update=663 samples=424320 fps=65.9 loss=0.3593 actor=-0.2173 value=0.5922 entropy=1.5644 mean_return=27.194 mean_len=83.3
[gat-train] update=664 samples=424960 fps=65.9 loss=0.2971 actor=-0.0444 value=0.3576 entropy=1.6155 mean_return=26.919 mean_len=83.3
[gat-train] update=665 samples=425600 fps=65.9 loss=0.2373 actor=-0.1664 value=0.4193 entropy=1.5652 mean_return=26.776 mean_len=83.3
[gat-train] update=666 samples=426240 fps=66.0 loss=0.4933 actor=0.0835 value=0.4255 entropy=1.5772 mean_return=26.868 mean_len=83.0
[gat-train] update=667 samples=426880 fps=66.0 loss=0.2807 actor=-0.0821 value=0.3784 entropy=1.5515 mean_return=27.296 mean_len=84.3
[gat-train] update=668 samples=427520 fps=66.1 loss=0.4603 actor=0.0634 value=0.4124 entropy=1.5542 mean_return=27.366 mean_len=84.3
[gat-train] update=669 samples=428160 fps=66.1 loss=0.2299 actor=-0.1665 value=0.4114 entropy=1.5062 mean_return=27.485 mean_len=84.5
[gat-train] update=670 samples=428800 fps=66.2 loss=0.4429 actor=0.0586 value=0.3998 entropy=1.5518 mean_return=27.705 mean_len=84.7
[gat-train] update=671 samples=429440 fps=66.2 loss=0.3945 actor=0.0109 value=0.3979 entropy=1.4315 mean_return=27.705 mean_len=84.7
[gat-train] update=672 samples=430080 fps=66.3 loss=0.3024 actor=-0.0270 value=0.3446 entropy=1.5207 mean_return=27.704 mean_len=85.0
[gat-train] update=673 samples=430720 fps=66.3 loss=0.3320 actor=-0.0680 value=0.4145 entropy=1.4531 mean_return=27.781 mean_len=85.2
[gat-train] update=674 samples=431360 fps=66.4 loss=0.2846 actor=-0.1562 value=0.4557 entropy=1.4904 mean_return=27.481 mean_len=84.6
[gat-train] update=675 samples=432000 fps=66.4 loss=0.2250 actor=-0.1290 value=0.3690 entropy=1.4948 mean_return=27.458 mean_len=84.7
[gat-train] update=676 samples=432640 fps=66.4 loss=0.3943 actor=-0.0469 value=0.4558 entropy=1.4598 mean_return=27.429 mean_len=85.2
[gat-train] update=677 samples=433280 fps=66.5 loss=0.3246 actor=-0.0009 value=0.3402 entropy=1.4581 mean_return=27.505 mean_len=85.2
[gat-train] update=678 samples=433920 fps=66.5 loss=0.4215 actor=-0.0470 value=0.4829 entropy=1.4390 mean_return=27.415 mean_len=85.6
[gat-train] update=679 samples=434560 fps=66.6 loss=0.3018 actor=-0.0591 value=0.3758 entropy=1.4858 mean_return=27.544 mean_len=85.7
[gat-train] update=680 samples=435200 fps=66.6 loss=0.4159 actor=0.0221 value=0.4092 entropy=1.5430 mean_return=27.686 mean_len=86.2
[gat-train] update=681 samples=435840 fps=66.7 loss=0.3072 actor=-0.0996 value=0.4217 entropy=1.4932 mean_return=27.408 mean_len=86.0
[gat-train] update=682 samples=436480 fps=66.7 loss=0.3720 actor=0.0078 value=0.3799 entropy=1.5767 mean_return=27.539 mean_len=86.2
[gat-train] update=683 samples=437120 fps=66.8 loss=0.3331 actor=-0.0459 value=0.3945 entropy=1.5494 mean_return=27.651 mean_len=86.2
[gat-train] update=684 samples=437760 fps=66.8 loss=0.3524 actor=-0.0749 value=0.4439 entropy=1.6555 mean_return=27.927 mean_len=86.1
[gat-train] update=685 samples=438400 fps=66.9 loss=0.4673 actor=0.0725 value=0.4110 entropy=1.6224 mean_return=27.621 mean_len=86.0
[gat-train] update=686 samples=439040 fps=66.9 loss=0.2630 actor=-0.1889 value=0.4684 entropy=1.6521 mean_return=27.407 mean_len=85.7
[gat-train] update=687 samples=439680 fps=66.9 loss=0.2978 actor=-0.1294 value=0.4436 entropy=1.6333 mean_return=27.851 mean_len=85.8
[gat-train] update=688 samples=440320 fps=67.0 loss=0.4298 actor=-0.0037 value=0.4490 entropy=1.5524 mean_return=27.933 mean_len=86.1
[gat-train] update=689 samples=440960 fps=67.0 loss=0.3064 actor=-0.1493 value=0.4722 entropy=1.6477 mean_return=27.588 mean_len=85.1
[gat-train] update=690 samples=441600 fps=67.1 loss=0.2294 actor=-0.1262 value=0.3710 entropy=1.5424 mean_return=27.693 mean_len=84.5
[gat-train] update=691 samples=442240 fps=67.1 loss=0.2802 actor=-0.1417 value=0.4377 entropy=1.5784 mean_return=27.369 mean_len=83.4
[gat-train] update=692 samples=442880 fps=67.2 loss=0.2994 actor=-0.1320 value=0.4476 entropy=1.6140 mean_return=27.318 mean_len=83.5
[gat-train] update=693 samples=443520 fps=67.2 loss=0.1726 actor=-0.2932 value=0.4815 entropy=1.5764 mean_return=26.505 mean_len=82.5
[gat-train] update=694 samples=444160 fps=67.3 loss=0.2342 actor=-0.1813 value=0.4316 entropy=1.6148 mean_return=26.252 mean_len=81.5
[gat-train] update=695 samples=444800 fps=67.3 loss=0.3213 actor=-0.1166 value=0.4535 entropy=1.5560 mean_return=26.285 mean_len=81.8
[gat-train] update=696 samples=445440 fps=67.3 loss=0.2347 actor=-0.1147 value=0.3641 entropy=1.4781 mean_return=26.064 mean_len=81.6
[gat-train] update=697 samples=446080 fps=67.4 loss=0.3364 actor=-0.0738 value=0.4242 entropy=1.4016 mean_return=25.775 mean_len=81.1
[gat-train] update=698 samples=446720 fps=67.4 loss=0.4706 actor=0.0174 value=0.4676 entropy=1.4481 mean_return=26.241 mean_len=81.6
[gat-train] update=699 samples=447360 fps=67.5 loss=0.4038 actor=0.0042 value=0.4141 entropy=1.4441 mean_return=26.122 mean_len=81.4
[gat-train] update=700 samples=448000 fps=67.5 loss=0.4059 actor=0.0104 value=0.4096 entropy=1.4030 mean_return=26.316 mean_len=82.2
[gat-train] eval update=700 torch_score=85.87 deploy_score=86.58 min=77.08 bottom10=79.47 max_regression=0.00 regressions=0 guard_rejected=0 best=86.58
[gat-train] update=701 samples=448640 fps=65.4 loss=0.3450 actor=-0.0128 value=0.3720 entropy=1.4189 mean_return=26.209 mean_len=82.4
[gat-train] update=702 samples=449280 fps=65.5 loss=0.3162 actor=-0.0833 value=0.4138 entropy=1.4321 mean_return=26.272 mean_len=83.0
[gat-train] update=703 samples=449920 fps=65.5 loss=0.4127 actor=0.0077 value=0.4187 entropy=1.3776 mean_return=26.185 mean_len=83.3
[gat-train] update=704 samples=450560 fps=65.6 loss=0.4128 actor=-0.0967 value=0.5239 entropy=1.4355 mean_return=26.408 mean_len=83.3
[gat-train] update=705 samples=451200 fps=65.6 loss=0.2741 actor=-0.0642 value=0.3526 entropy=1.4280 mean_return=26.416 mean_len=83.6
[gat-train] update=706 samples=451840 fps=65.6 loss=0.3184 actor=0.0151 value=0.3172 entropy=1.3905 mean_return=26.662 mean_len=83.5
[gat-train] update=707 samples=452480 fps=65.7 loss=0.2982 actor=-0.0951 value=0.4072 entropy=1.3880 mean_return=26.538 mean_len=82.8
[gat-train] update=708 samples=453120 fps=65.7 loss=0.5679 actor=0.1072 value=0.4750 entropy=1.4265 mean_return=27.152 mean_len=83.3
[gat-train] update=709 samples=453760 fps=65.8 loss=0.4253 actor=0.0590 value=0.3804 entropy=1.4049 mean_return=27.020 mean_len=83.2
[gat-train] update=710 samples=454400 fps=65.8 loss=0.6444 actor=0.1551 value=0.5038 entropy=1.4483 mean_return=27.271 mean_len=84.3
[gat-train] update=711 samples=455040 fps=65.9 loss=0.2444 actor=-0.1102 value=0.3692 entropy=1.4562 mean_return=27.446 mean_len=84.1
[gat-train] update=712 samples=455680 fps=65.9 loss=3.6223 actor=-0.2346 value=3.8715 entropy=1.4612 mean_return=27.039 mean_len=83.1
[gat-train] update=713 samples=456320 fps=65.9 loss=0.3531 actor=-0.0524 value=0.4202 entropy=1.4699 mean_return=27.037 mean_len=83.1
[gat-train] update=714 samples=456960 fps=66.0 loss=0.2708 actor=-0.1157 value=0.4008 entropy=1.4333 mean_return=27.002 mean_len=83.0
[gat-train] update=715 samples=457600 fps=66.0 loss=0.5865 actor=0.1805 value=0.4209 entropy=1.4856 mean_return=26.757 mean_len=82.9
[gat-train] update=716 samples=458240 fps=66.1 loss=0.4822 actor=0.0540 value=0.4428 entropy=1.4658 mean_return=27.015 mean_len=83.6
[gat-train] update=717 samples=458880 fps=66.1 loss=0.4187 actor=-0.0368 value=0.4705 entropy=1.4941 mean_return=26.560 mean_len=82.5
[gat-train] update=718 samples=459520 fps=66.2 loss=0.5374 actor=0.1271 value=0.4253 entropy=1.5002 mean_return=26.355 mean_len=82.5
[gat-train] update=719 samples=460160 fps=66.2 loss=0.3249 actor=-0.0884 value=0.4290 entropy=1.5689 mean_return=26.830 mean_len=83.4
[gat-train] update=720 samples=460800 fps=66.3 loss=0.3201 actor=-0.1567 value=0.4922 entropy=1.5327 mean_return=26.873 mean_len=83.6
[gat-train] update=721 samples=461440 fps=66.3 loss=0.3703 actor=-0.0085 value=0.3942 entropy=1.5414 mean_return=27.077 mean_len=83.5
[gat-train] update=722 samples=462080 fps=66.3 loss=0.2223 actor=-0.1494 value=0.3874 entropy=1.5613 mean_return=26.986 mean_len=83.3
[gat-train] update=723 samples=462720 fps=66.4 loss=0.4382 actor=0.0866 value=0.3671 entropy=1.5466 mean_return=26.842 mean_len=82.9
[gat-train] update=724 samples=463360 fps=66.4 loss=0.2727 actor=-0.0902 value=0.3780 entropy=1.5109 mean_return=26.605 mean_len=82.7
[gat-train] update=725 samples=464000 fps=66.5 loss=0.2867 actor=-0.0931 value=0.3950 entropy=1.5297 mean_return=27.250 mean_len=82.9
[gat-train] update=726 samples=464640 fps=66.5 loss=0.3722 actor=0.0460 value=0.3411 entropy=1.4840 mean_return=27.250 mean_len=83.2
[gat-train] update=727 samples=465280 fps=66.5 loss=0.6798 actor=0.2186 value=0.4761 entropy=1.4923 mean_return=26.953 mean_len=83.4
[gat-train] update=728 samples=465920 fps=66.6 loss=0.2549 actor=-0.0460 value=0.3153 entropy=1.4465 mean_return=27.174 mean_len=83.9
[gat-train] update=729 samples=466560 fps=66.6 loss=0.3683 actor=0.0167 value=0.3661 entropy=1.4566 mean_return=27.558 mean_len=83.9
[gat-train] update=730 samples=467200 fps=66.7 loss=0.3219 actor=-0.0317 value=0.3682 entropy=1.4702 mean_return=27.385 mean_len=83.6
[gat-train] update=731 samples=467840 fps=66.7 loss=0.6074 actor=0.2051 value=0.4170 entropy=1.4637 mean_return=27.574 mean_len=84.6
[gat-train] update=732 samples=468480 fps=66.7 loss=0.4270 actor=0.0019 value=0.4388 entropy=1.3711 mean_return=27.591 mean_len=84.7
[gat-train] update=733 samples=469120 fps=66.8 loss=0.4314 actor=0.0438 value=0.4014 entropy=1.3895 mean_return=27.609 mean_len=84.8
[gat-train] update=734 samples=469760 fps=66.8 loss=0.5178 actor=0.1047 value=0.4274 entropy=1.4250 mean_return=28.113 mean_len=85.3
[gat-train] update=735 samples=470400 fps=66.9 loss=0.2753 actor=-0.0751 value=0.3644 entropy=1.3965 mean_return=27.923 mean_len=84.7
[gat-train] update=736 samples=471040 fps=66.9 loss=0.4220 actor=0.0242 value=0.4124 entropy=1.4623 mean_return=27.620 mean_len=85.1
[gat-train] update=737 samples=471680 fps=66.9 loss=0.6374 actor=0.1202 value=0.5314 entropy=1.4252 mean_return=27.598 mean_len=85.1
[gat-train] update=738 samples=472320 fps=67.0 loss=0.4423 actor=0.0684 value=0.3887 entropy=1.4831 mean_return=27.599 mean_len=85.4
[gat-train] update=739 samples=472960 fps=67.0 loss=0.3434 actor=0.0090 value=0.3486 entropy=1.4237 mean_return=27.601 mean_len=85.4
[gat-train] update=740 samples=473600 fps=67.1 loss=0.3615 actor=-0.0733 value=0.4487 entropy=1.3891 mean_return=27.456 mean_len=85.1
[gat-train] update=741 samples=474240 fps=67.1 loss=0.5178 actor=0.0930 value=0.4386 entropy=1.3807 mean_return=27.394 mean_len=84.7
[gat-train] update=742 samples=474880 fps=67.1 loss=0.5246 actor=0.0053 value=0.5333 entropy=1.4009 mean_return=27.673 mean_len=85.2
[gat-train] update=743 samples=475520 fps=67.2 loss=0.2013 actor=-0.1491 value=0.3653 entropy=1.4828 mean_return=27.785 mean_len=85.1
[gat-train] update=744 samples=476160 fps=67.2 loss=0.6441 actor=0.1468 value=0.5116 entropy=1.4321 mean_return=27.639 mean_len=85.3
[gat-train] update=745 samples=476800 fps=67.3 loss=0.6702 actor=-0.0242 value=0.7090 entropy=1.4630 mean_return=27.666 mean_len=85.1
[gat-train] update=746 samples=477440 fps=67.3 loss=0.2337 actor=-0.0867 value=0.3354 entropy=1.4979 mean_return=27.765 mean_len=85.4
[gat-train] update=747 samples=478080 fps=67.4 loss=0.3629 actor=0.0264 value=0.3507 entropy=1.4172 mean_return=27.797 mean_len=85.6
[gat-train] update=748 samples=478720 fps=67.4 loss=0.5616 actor=0.1941 value=0.3813 entropy=1.3722 mean_return=28.060 mean_len=85.8
[gat-train] update=749 samples=479360 fps=67.4 loss=0.3588 actor=-0.0298 value=0.4024 entropy=1.3761 mean_return=27.671 mean_len=85.5
[gat-train] update=750 samples=480000 fps=67.5 loss=0.2431 actor=-0.1420 value=0.3997 entropy=1.4681 mean_return=27.779 mean_len=85.8
[gat-train] eval update=750 torch_score=85.61 deploy_score=86.58 min=77.08 bottom10=79.47 max_regression=0.00 regressions=0 guard_rejected=0 best=86.58
[gat-train] update=751 samples=480640 fps=65.5 loss=0.6829 actor=0.1719 value=0.5256 entropy=1.4580 mean_return=27.651 mean_len=85.1
[gat-train] update=752 samples=481280 fps=65.6 loss=0.2169 actor=-0.1067 value=0.3375 entropy=1.3880 mean_return=27.602 mean_len=84.8
[gat-train] update=753 samples=481920 fps=65.6 loss=0.3777 actor=0.0010 value=0.3915 entropy=1.4780 mean_return=27.623 mean_len=84.9
[gat-train] update=754 samples=482560 fps=65.7 loss=0.5964 actor=0.2123 value=0.3983 entropy=1.4181 mean_return=27.485 mean_len=84.9
[gat-train] update=755 samples=483200 fps=65.7 loss=0.3988 actor=0.0225 value=0.3906 entropy=1.4315 mean_return=27.708 mean_len=85.4
[gat-train] update=756 samples=483840 fps=65.7 loss=0.4500 actor=0.0805 value=0.3832 entropy=1.3703 mean_return=27.915 mean_len=85.8
[gat-train] update=757 samples=484480 fps=65.8 loss=0.4244 actor=-0.0538 value=0.4918 entropy=1.3601 mean_return=27.887 mean_len=86.0
[gat-train] update=758 samples=485120 fps=65.8 loss=0.4414 actor=-0.0352 value=0.4899 entropy=1.3306 mean_return=28.253 mean_len=85.8
[gat-train] update=759 samples=485760 fps=65.8 loss=0.3336 actor=-0.0140 value=0.3621 entropy=1.4488 mean_return=28.204 mean_len=85.7
[gat-train] update=760 samples=486400 fps=65.9 loss=0.4027 actor=-0.0818 value=0.4986 entropy=1.4171 mean_return=28.140 mean_len=85.8
[gat-train] update=761 samples=487040 fps=65.9 loss=0.4160 actor=0.0665 value=0.3639 entropy=1.4418 mean_return=27.719 mean_len=85.0
[gat-train] update=762 samples=487680 fps=66.0 loss=0.5185 actor=0.0387 value=0.4945 entropy=1.4652 mean_return=27.630 mean_len=85.2
[gat-train] update=763 samples=488320 fps=66.0 loss=0.2914 actor=-0.0770 value=0.3834 entropy=1.5003 mean_return=27.784 mean_len=85.9
[gat-train] update=764 samples=488960 fps=66.1 loss=0.4666 actor=0.0454 value=0.4349 entropy=1.3674 mean_return=27.526 mean_len=85.7
[gat-train] update=765 samples=489600 fps=66.1 loss=0.2237 actor=-0.1137 value=0.3514 entropy=1.4037 mean_return=27.334 mean_len=85.7
[gat-train] update=766 samples=490240 fps=66.1 loss=0.4184 actor=0.0585 value=0.3733 entropy=1.3380 mean_return=27.525 mean_len=85.9
[gat-train] update=767 samples=490880 fps=66.2 loss=2.8068 actor=-0.1400 value=2.9609 entropy=1.4135 mean_return=27.125 mean_len=84.6
[gat-train] update=768 samples=491520 fps=66.2 loss=0.4778 actor=0.0769 value=0.4149 entropy=1.4000 mean_return=27.458 mean_len=84.7
[gat-train] update=769 samples=492160 fps=66.3 loss=0.2502 actor=-0.0128 value=0.2774 entropy=1.4376 mean_return=27.247 mean_len=84.6
[gat-train] update=770 samples=492800 fps=66.3 loss=0.5637 actor=0.1468 value=0.4317 entropy=1.4794 mean_return=27.396 mean_len=84.4
[gat-train] update=771 samples=493440 fps=66.3 loss=0.2588 actor=-0.1191 value=0.3919 entropy=1.3956 mean_return=27.167 mean_len=84.2
[gat-train] update=772 samples=494080 fps=66.4 loss=0.3498 actor=-0.0235 value=0.3876 entropy=1.4216 mean_return=27.255 mean_len=84.5
[gat-train] update=773 samples=494720 fps=66.4 loss=0.2793 actor=-0.0683 value=0.3621 entropy=1.4574 mean_return=27.273 mean_len=84.4
[gat-train] update=774 samples=495360 fps=66.4 loss=0.4344 actor=-0.1533 value=0.6020 entropy=1.4318 mean_return=27.500 mean_len=84.9
[gat-train] update=775 samples=496000 fps=66.5 loss=0.4796 actor=0.0294 value=0.4645 entropy=1.4389 mean_return=27.280 mean_len=84.7
[gat-train] update=776 samples=496640 fps=66.5 loss=0.3040 actor=-0.0887 value=0.4068 entropy=1.4097 mean_return=27.078 mean_len=83.9
[gat-train] update=777 samples=497280 fps=66.6 loss=0.2771 actor=-0.0392 value=0.3309 entropy=1.4662 mean_return=26.825 mean_len=83.7
[gat-train] update=778 samples=497920 fps=66.6 loss=0.3814 actor=-0.0080 value=0.4040 entropy=1.4596 mean_return=26.731 mean_len=83.6
[gat-train] update=779 samples=498560 fps=66.6 loss=0.5992 actor=0.2092 value=0.4041 entropy=1.4064 mean_return=27.192 mean_len=84.6
[gat-train] update=780 samples=499200 fps=66.7 loss=0.3678 actor=-0.0320 value=0.4144 entropy=1.4625 mean_return=27.296 mean_len=84.7
[gat-train] update=781 samples=499840 fps=66.7 loss=0.4945 actor=0.0704 value=0.4391 entropy=1.4916 mean_return=27.234 mean_len=84.3
[gat-train] update=782 samples=500480 fps=66.8 loss=0.2674 actor=-0.0903 value=0.3719 entropy=1.4134 mean_return=27.381 mean_len=84.6
[gat-train] update=783 samples=501120 fps=66.8 loss=0.4231 actor=0.0239 value=0.4138 entropy=1.4549 mean_return=27.061 mean_len=84.1
[gat-train] update=784 samples=501760 fps=66.8 loss=0.3849 actor=0.0448 value=0.3549 entropy=1.4798 mean_return=27.018 mean_len=83.0
[gat-train] update=785 samples=502400 fps=66.9 loss=0.6149 actor=0.1407 value=0.4896 entropy=1.5375 mean_return=26.913 mean_len=83.4
[gat-train] update=786 samples=503040 fps=66.9 loss=0.2087 actor=-0.0807 value=0.3045 entropy=1.5042 mean_return=26.704 mean_len=82.8
[gat-train] update=787 samples=503680 fps=66.9 loss=0.4296 actor=0.0512 value=0.3936 entropy=1.5203 mean_return=26.978 mean_len=82.7
[gat-train] update=788 samples=504320 fps=67.0 loss=0.3362 actor=-0.0407 value=0.3917 entropy=1.4737 mean_return=27.130 mean_len=83.2
[gat-train] update=789 samples=504960 fps=67.0 loss=0.3949 actor=-0.0388 value=0.4494 entropy=1.5706 mean_return=27.177 mean_len=83.3
[gat-train] update=790 samples=505600 fps=67.1 loss=0.2419 actor=-0.0508 value=0.3078 entropy=1.5042 mean_return=27.687 mean_len=83.3
[gat-train] update=791 samples=506240 fps=67.1 loss=0.3809 actor=0.0134 value=0.3826 entropy=1.5066 mean_return=27.602 mean_len=83.9
[gat-train] update=792 samples=506880 fps=67.1 loss=0.2840 actor=-0.0733 value=0.3724 entropy=1.5139 mean_return=27.718 mean_len=83.4
[gat-train] update=793 samples=507520 fps=67.2 loss=0.4552 actor=0.0694 value=0.4011 entropy=1.5265 mean_return=28.113 mean_len=83.7
[gat-train] update=794 samples=508160 fps=67.2 loss=0.4956 actor=0.0368 value=0.4741 entropy=1.5326 mean_return=27.862 mean_len=84.4
[gat-train] update=795 samples=508800 fps=67.3 loss=0.6738 actor=-0.1154 value=0.8042 entropy=1.5082 mean_return=27.735 mean_len=84.1
[gat-train] update=796 samples=509440 fps=67.3 loss=0.3376 actor=-0.0770 value=0.4293 entropy=1.4649 mean_return=27.498 mean_len=84.2
[gat-train] update=797 samples=510080 fps=67.3 loss=0.2955 actor=-0.0591 value=0.3695 entropy=1.4817 mean_return=27.652 mean_len=84.6
[gat-train] update=798 samples=510720 fps=67.4 loss=0.3676 actor=-0.0209 value=0.4030 entropy=1.4468 mean_return=27.449 mean_len=84.3
[gat-train] update=799 samples=511360 fps=67.4 loss=0.5130 actor=0.0743 value=0.4530 entropy=1.4204 mean_return=27.151 mean_len=83.7
[gat-train] update=800 samples=512000 fps=67.5 loss=0.3148 actor=-0.0361 value=0.3654 entropy=1.4482 mean_return=26.863 mean_len=83.4
[gat-train] eval update=800 torch_score=83.56 deploy_score=86.58 min=77.08 bottom10=79.47 max_regression=0.00 regressions=0 guard_rejected=0 best=86.58
[gat-train] update=801 samples=512640 fps=65.6 loss=0.4296 actor=-0.0837 value=0.5278 entropy=1.4448 mean_return=27.194 mean_len=83.3
[gat-train] update=802 samples=513280 fps=65.7 loss=0.4157 actor=0.0619 value=0.3683 entropy=1.4574 mean_return=27.286 mean_len=83.3
[gat-train] update=803 samples=513920 fps=65.7 loss=0.4420 actor=0.0161 value=0.4403 entropy=1.4360 mean_return=27.688 mean_len=84.3
[gat-train] update=804 samples=514560 fps=65.7 loss=0.3317 actor=0.0035 value=0.3427 entropy=1.4508 mean_return=27.404 mean_len=84.3
[gat-train] update=805 samples=515200 fps=65.8 loss=0.2873 actor=-0.0976 value=0.3994 entropy=1.4501 mean_return=27.675 mean_len=84.6
[gat-train] update=806 samples=515840 fps=65.8 loss=0.3363 actor=-0.0588 value=0.4094 entropy=1.4326 mean_return=27.802 mean_len=84.7
[gat-train] update=807 samples=516480 fps=65.8 loss=0.3951 actor=-0.0909 value=0.5005 entropy=1.4429 mean_return=27.798 mean_len=84.9
[gat-train] update=808 samples=517120 fps=65.9 loss=0.2447 actor=-0.1313 value=0.3903 entropy=1.4264 mean_return=27.193 mean_len=84.2
[gat-train] update=809 samples=517760 fps=65.9 loss=0.3631 actor=-0.0561 value=0.4339 entropy=1.4607 mean_return=26.994 mean_len=84.1
[gat-train] update=810 samples=518400 fps=66.0 loss=0.4502 actor=0.0121 value=0.4524 entropy=1.4297 mean_return=26.955 mean_len=83.4
[gat-train] update=811 samples=519040 fps=66.0 loss=0.4882 actor=0.0900 value=0.4125 entropy=1.4300 mean_return=27.536 mean_len=84.1
[gat-train] update=812 samples=519680 fps=66.0 loss=0.4356 actor=0.0703 value=0.3792 entropy=1.3938 mean_return=27.406 mean_len=84.7
[gat-train] update=813 samples=520320 fps=66.1 loss=0.4041 actor=-0.0054 value=0.4243 entropy=1.4813 mean_return=27.702 mean_len=84.8
[gat-train] update=814 samples=520960 fps=66.1 loss=0.2608 actor=-0.0761 value=0.3512 entropy=1.4326 mean_return=27.918 mean_len=85.7
[gat-train] update=815 samples=521600 fps=66.1 loss=0.4308 actor=0.0971 value=0.3478 entropy=1.4185 mean_return=28.038 mean_len=86.1
[gat-train] update=816 samples=522240 fps=66.2 loss=0.3558 actor=-0.0150 value=0.3854 entropy=1.4531 mean_return=27.710 mean_len=85.5
[gat-train] update=817 samples=522880 fps=66.2 loss=0.4303 actor=0.0569 value=0.3878 entropy=1.4358 mean_return=27.716 mean_len=84.9
[gat-train] update=818 samples=523520 fps=66.3 loss=0.4601 actor=0.0505 value=0.4233 entropy=1.3707 mean_return=27.665 mean_len=85.0
[gat-train] update=819 samples=524160 fps=66.3 loss=0.3560 actor=-0.0390 value=0.4098 entropy=1.4712 mean_return=27.519 mean_len=84.6
[gat-train] update=820 samples=524800 fps=66.3 loss=0.3877 actor=0.0027 value=0.3995 entropy=1.4492 mean_return=27.362 mean_len=84.5
[gat-train] update=821 samples=525440 fps=66.4 loss=0.4414 actor=-0.0384 value=0.4936 entropy=1.3785 mean_return=27.377 mean_len=84.2
[gat-train] update=822 samples=526080 fps=66.4 loss=0.5564 actor=0.0974 value=0.4735 entropy=1.4465 mean_return=27.663 mean_len=84.8
[gat-train] update=823 samples=526720 fps=66.4 loss=0.3396 actor=-0.0088 value=0.3625 entropy=1.4144 mean_return=27.789 mean_len=85.2
[gat-train] update=824 samples=527360 fps=66.5 loss=0.2186 actor=-0.1427 value=0.3755 entropy=1.4202 mean_return=27.474 mean_len=85.4
[gat-train] update=825 samples=528000 fps=66.5 loss=0.3925 actor=-0.2196 value=0.6265 entropy=1.4435 mean_return=27.346 mean_len=84.7
[gat-train] update=826 samples=528640 fps=66.5 loss=0.5087 actor=-0.0312 value=0.5540 entropy=1.4195 mean_return=27.361 mean_len=84.9
[gat-train] update=827 samples=529280 fps=66.6 loss=0.6653 actor=0.1042 value=0.5754 entropy=1.4345 mean_return=27.667 mean_len=85.4
[gat-train] update=828 samples=529920 fps=66.6 loss=0.2646 actor=-0.1120 value=0.3914 entropy=1.4760 mean_return=26.955 mean_len=84.2
[gat-train] update=829 samples=530560 fps=66.7 loss=0.4361 actor=0.0834 value=0.3677 entropy=1.5010 mean_return=26.791 mean_len=83.8
[gat-train] update=830 samples=531200 fps=66.7 loss=0.4573 actor=0.0226 value=0.4497 entropy=1.5040 mean_return=27.275 mean_len=85.5
[gat-train] update=831 samples=531840 fps=66.7 loss=0.2813 actor=-0.1285 value=0.4257 entropy=1.5921 mean_return=27.279 mean_len=85.7
[gat-train] update=832 samples=532480 fps=66.8 loss=0.5278 actor=0.0619 value=0.4811 entropy=1.5212 mean_return=27.506 mean_len=86.0
[gat-train] update=833 samples=533120 fps=66.8 loss=0.4495 actor=0.0099 value=0.4547 entropy=1.5118 mean_return=27.665 mean_len=85.6
[gat-train] update=834 samples=533760 fps=66.8 loss=0.4291 actor=0.0445 value=0.3994 entropy=1.4852 mean_return=28.181 mean_len=85.2
[gat-train] update=835 samples=534400 fps=66.9 loss=0.3437 actor=0.0184 value=0.3409 entropy=1.5593 mean_return=28.412 mean_len=85.4
[gat-train] update=836 samples=535040 fps=66.9 loss=0.2351 actor=-0.1078 value=0.3581 entropy=1.5172 mean_return=28.512 mean_len=85.2
[gat-train] update=837 samples=535680 fps=67.0 loss=0.5376 actor=0.0745 value=0.4783 entropy=1.5141 mean_return=28.125 mean_len=84.4
[gat-train] update=838 samples=536320 fps=67.0 loss=0.2805 actor=-0.1469 value=0.4420 entropy=1.4503 mean_return=27.890 mean_len=83.4
[gat-train] update=839 samples=536960 fps=67.0 loss=0.3502 actor=0.0001 value=0.3643 entropy=1.4172 mean_return=27.399 mean_len=82.9
[gat-train] update=840 samples=537600 fps=67.1 loss=0.3864 actor=-0.0533 value=0.4535 entropy=1.3749 mean_return=27.516 mean_len=83.2
[gat-train] update=841 samples=538240 fps=67.1 loss=0.3697 actor=-0.0797 value=0.4641 entropy=1.4671 mean_return=27.205 mean_len=83.5
[gat-train] update=842 samples=538880 fps=67.1 loss=0.3129 actor=-0.0753 value=0.4024 entropy=1.4244 mean_return=26.848 mean_len=83.4
[gat-train] update=843 samples=539520 fps=67.2 loss=0.3962 actor=-0.0632 value=0.4731 entropy=1.3708 mean_return=26.824 mean_len=83.8
[gat-train] update=844 samples=540160 fps=67.2 loss=0.4091 actor=-0.0385 value=0.4614 entropy=1.3830 mean_return=26.667 mean_len=83.5
[gat-train] update=845 samples=540800 fps=67.2 loss=0.4441 actor=0.0068 value=0.4514 entropy=1.4170 mean_return=26.694 mean_len=83.7
[gat-train] update=846 samples=541440 fps=67.3 loss=0.2195 actor=-0.1231 value=0.3560 entropy=1.3525 mean_return=26.611 mean_len=83.9
[gat-train] update=847 samples=542080 fps=67.3 loss=0.3538 actor=-0.0447 value=0.4119 entropy=1.3455 mean_return=26.446 mean_len=83.6
[gat-train] update=848 samples=542720 fps=67.3 loss=0.5497 actor=0.0886 value=0.4748 entropy=1.3700 mean_return=26.889 mean_len=84.1
[gat-train] update=849 samples=543360 fps=67.4 loss=0.2694 actor=-0.1150 value=0.3980 entropy=1.3715 mean_return=26.706 mean_len=83.8
[gat-train] update=850 samples=544000 fps=67.4 loss=0.3916 actor=0.0298 value=0.3761 entropy=1.4292 mean_return=26.900 mean_len=83.9
[gat-train] eval update=850 torch_score=83.79 deploy_score=86.58 min=77.08 bottom10=79.47 max_regression=0.00 regressions=0 guard_rejected=0 best=86.58
[gat-train] update=851 samples=544640 fps=65.7 loss=0.4559 actor=0.0375 value=0.4325 entropy=1.4072 mean_return=26.742 mean_len=84.1
[gat-train] update=852 samples=545280 fps=65.8 loss=0.4157 actor=-0.0365 value=0.4658 entropy=1.3624 mean_return=26.573 mean_len=83.9
[gat-train] update=853 samples=545920 fps=65.8 loss=0.4276 actor=0.0170 value=0.4245 entropy=1.3931 mean_return=26.412 mean_len=83.9
[gat-train] update=854 samples=546560 fps=65.8 loss=0.3867 actor=-0.0489 value=0.4497 entropy=1.4139 mean_return=26.545 mean_len=83.5
[gat-train] update=855 samples=547200 fps=65.9 loss=0.3797 actor=0.0252 value=0.3687 entropy=1.4105 mean_return=26.305 mean_len=83.2
[gat-train] update=856 samples=547840 fps=65.9 loss=0.2590 actor=-0.0819 value=0.3551 entropy=1.4153 mean_return=26.304 mean_len=83.5
[gat-train] update=857 samples=548480 fps=65.9 loss=0.2917 actor=-0.0859 value=0.3923 entropy=1.4763 mean_return=25.940 mean_len=82.8
[gat-train] update=858 samples=549120 fps=66.0 loss=0.2416 actor=-0.1509 value=0.4064 entropy=1.3887 mean_return=26.152 mean_len=82.7
[gat-train] update=859 samples=549760 fps=66.0 loss=0.3152 actor=-0.0775 value=0.4075 entropy=1.4782 mean_return=26.150 mean_len=82.3
[gat-train] update=860 samples=550400 fps=66.0 loss=2.3417 actor=-0.3128 value=2.6692 entropy=1.4762 mean_return=25.966 mean_len=81.5
[gat-train] update=861 samples=551040 fps=66.1 loss=0.4882 actor=-0.0810 value=0.5832 entropy=1.3906 mean_return=26.384 mean_len=82.1
[gat-train] update=862 samples=551680 fps=66.1 loss=0.2988 actor=0.0051 value=0.3071 entropy=1.3395 mean_return=26.529 mean_len=81.8
[gat-train] update=863 samples=552320 fps=66.1 loss=0.4265 actor=-0.0560 value=0.4972 entropy=1.4710 mean_return=26.688 mean_len=82.2
[gat-train] update=864 samples=552960 fps=66.2 loss=0.2827 actor=-0.0394 value=0.3359 entropy=1.3878 mean_return=26.568 mean_len=81.9
[gat-train] update=865 samples=553600 fps=66.2 loss=0.5231 actor=0.1283 value=0.4090 entropy=1.4273 mean_return=27.224 mean_len=83.1
[gat-train] update=866 samples=554240 fps=66.3 loss=0.5822 actor=0.1371 value=0.4591 entropy=1.3966 mean_return=27.485 mean_len=83.6
[gat-train] update=867 samples=554880 fps=66.3 loss=0.4903 actor=0.1424 value=0.3613 entropy=1.3492 mean_return=27.463 mean_len=84.2
[gat-train] update=868 samples=555520 fps=66.3 loss=0.4481 actor=0.0837 value=0.3784 entropy=1.3961 mean_return=27.239 mean_len=84.3
[gat-train] update=869 samples=556160 fps=66.4 loss=0.3424 actor=-0.0472 value=0.4036 entropy=1.4013 mean_return=27.354 mean_len=84.1
[gat-train] update=870 samples=556800 fps=66.4 loss=0.4646 actor=0.0993 value=0.3793 entropy=1.4023 mean_return=27.673 mean_len=84.1
[gat-train] update=871 samples=557440 fps=66.4 loss=0.3982 actor=-0.0447 value=0.4569 entropy=1.3989 mean_return=28.239 mean_len=85.3
[gat-train] update=872 samples=558080 fps=66.5 loss=0.4786 actor=0.1154 value=0.3770 entropy=1.3867 mean_return=28.282 mean_len=85.6
[gat-train] update=873 samples=558720 fps=66.5 loss=0.3968 actor=0.0196 value=0.3912 entropy=1.3979 mean_return=28.232 mean_len=86.0
[gat-train] update=874 samples=559360 fps=66.5 loss=0.2620 actor=-0.0515 value=0.3277 entropy=1.4222 mean_return=27.915 mean_len=86.1
[gat-train] update=875 samples=560000 fps=66.6 loss=0.4569 actor=0.0732 value=0.3980 entropy=1.4252 mean_return=27.869 mean_len=85.9
[gat-train] update=876 samples=560640 fps=66.6 loss=0.4391 actor=0.0342 value=0.4196 entropy=1.4717 mean_return=28.320 mean_len=86.9
[gat-train] update=877 samples=561280 fps=66.6 loss=0.2985 actor=-0.1341 value=0.4467 entropy=1.4146 mean_return=28.173 mean_len=86.9
[gat-train] update=878 samples=561920 fps=66.7 loss=0.3172 actor=-0.0778 value=0.4091 entropy=1.4057 mean_return=27.840 mean_len=85.6
[gat-train] update=879 samples=562560 fps=66.7 loss=0.3526 actor=-0.0128 value=0.3792 entropy=1.3821 mean_return=27.840 mean_len=84.8
[gat-train] update=880 samples=563200 fps=66.7 loss=0.4099 actor=0.0372 value=0.3865 entropy=1.3857 mean_return=27.843 mean_len=84.9
[gat-train] update=881 samples=563840 fps=66.8 loss=0.5541 actor=0.1370 value=0.4311 entropy=1.3976 mean_return=28.153 mean_len=84.4
[gat-train] update=882 samples=564480 fps=66.8 loss=0.4831 actor=0.0582 value=0.4387 entropy=1.3826 mean_return=27.992 mean_len=84.7
[gat-train] update=883 samples=565120 fps=66.8 loss=0.3170 actor=-0.0122 value=0.3435 entropy=1.4254 mean_return=27.567 mean_len=84.8
[gat-train] update=884 samples=565760 fps=66.9 loss=0.2545 actor=-0.0657 value=0.3347 entropy=1.4488 mean_return=27.463 mean_len=85.1
[gat-train] update=885 samples=566400 fps=66.9 loss=0.3529 actor=-0.0276 value=0.3948 entropy=1.4328 mean_return=27.534 mean_len=85.2
[gat-train] update=886 samples=567040 fps=66.9 loss=0.3719 actor=0.0465 value=0.3395 entropy=1.4181 mean_return=27.662 mean_len=85.5
[gat-train] update=887 samples=567680 fps=67.0 loss=0.4498 actor=0.0823 value=0.3820 entropy=1.4546 mean_return=27.483 mean_len=85.2
[gat-train] update=888 samples=568320 fps=67.0 loss=0.3533 actor=0.0439 value=0.3234 entropy=1.3963 mean_return=27.441 mean_len=85.1
[gat-train] update=889 samples=568960 fps=67.0 loss=0.3135 actor=-0.0532 value=0.3813 entropy=1.4516 mean_return=27.316 mean_len=84.7
[gat-train] update=890 samples=569600 fps=67.1 loss=0.2858 actor=-0.0078 value=0.3082 entropy=1.4545 mean_return=27.559 mean_len=84.6
[gat-train] update=891 samples=570240 fps=67.1 loss=0.3177 actor=-0.0082 value=0.3400 entropy=1.4112 mean_return=27.669 mean_len=84.9
[gat-train] update=892 samples=570880 fps=67.2 loss=0.2803 actor=-0.0660 value=0.3605 entropy=1.4301 mean_return=27.681 mean_len=84.4
[gat-train] update=893 samples=571520 fps=67.2 loss=0.2897 actor=-0.1220 value=0.4258 entropy=1.4159 mean_return=27.559 mean_len=83.7
[gat-train] update=894 samples=572160 fps=67.2 loss=0.5277 actor=-0.0089 value=0.5502 entropy=1.3638 mean_return=27.885 mean_len=83.8
[gat-train] update=895 samples=572800 fps=67.3 loss=0.3851 actor=-0.0214 value=0.4205 entropy=1.3995 mean_return=27.820 mean_len=83.7
[gat-train] update=896 samples=573440 fps=67.3 loss=0.3991 actor=-0.0159 value=0.4293 entropy=1.4244 mean_return=27.807 mean_len=83.5
[gat-train] update=897 samples=574080 fps=67.3 loss=0.3453 actor=0.0367 value=0.3231 entropy=1.4576 mean_return=27.928 mean_len=83.9
[gat-train] update=898 samples=574720 fps=67.4 loss=0.2433 actor=-0.1144 value=0.3721 entropy=1.4442 mean_return=27.475 mean_len=83.6
[gat-train] update=899 samples=575360 fps=67.4 loss=0.5487 actor=0.1473 value=0.4155 entropy=1.3994 mean_return=27.232 mean_len=84.2
[gat-train] update=900 samples=576000 fps=67.4 loss=0.5358 actor=0.1203 value=0.4287 entropy=1.3277 mean_return=26.935 mean_len=84.0
[gat-train] eval update=900 torch_score=82.82 deploy_score=86.58 min=77.08 bottom10=79.47 max_regression=0.00 regressions=0 guard_rejected=0 best=86.58
[gat-train] update=901 samples=576640 fps=65.8 loss=0.3721 actor=0.0202 value=0.3664 entropy=1.4527 mean_return=26.941 mean_len=84.4
[gat-train] update=902 samples=577280 fps=65.8 loss=0.5206 actor=0.1082 value=0.4264 entropy=1.4071 mean_return=27.269 mean_len=85.0
[gat-train] update=903 samples=577920 fps=65.9 loss=0.4482 actor=0.0123 value=0.4501 entropy=1.4225 mean_return=27.342 mean_len=85.1
[gat-train] update=904 samples=578560 fps=65.9 loss=0.2647 actor=-0.1343 value=0.4133 entropy=1.4279 mean_return=27.160 mean_len=84.9
[gat-train] update=905 samples=579200 fps=65.9 loss=0.2466 actor=-0.0775 value=0.3382 entropy=1.4133 mean_return=27.278 mean_len=85.1
[gat-train] update=906 samples=579840 fps=66.0 loss=0.3896 actor=0.0347 value=0.3689 entropy=1.4032 mean_return=27.570 mean_len=85.1
[gat-train] update=907 samples=580480 fps=66.0 loss=0.5121 actor=0.0721 value=0.4542 entropy=1.4321 mean_return=28.465 mean_len=85.7
[gat-train] update=908 samples=581120 fps=66.0 loss=0.3179 actor=-0.0393 value=0.3717 entropy=1.4535 mean_return=28.493 mean_len=85.6
[gat-train] update=909 samples=581760 fps=66.1 loss=0.2821 actor=-0.0921 value=0.3887 entropy=1.4444 mean_return=28.448 mean_len=85.3
[gat-train] update=910 samples=582400 fps=66.1 loss=0.1811 actor=-0.1866 value=0.3820 entropy=1.4232 mean_return=28.141 mean_len=84.8
[gat-train] update=911 samples=583040 fps=66.1 loss=0.6068 actor=0.1448 value=0.4753 entropy=1.3382 mean_return=28.023 mean_len=84.8
[gat-train] update=912 samples=583680 fps=66.2 loss=0.4684 actor=0.0921 value=0.3909 entropy=1.4599 mean_return=27.987 mean_len=84.7
[gat-train] update=913 samples=584320 fps=66.2 loss=0.3692 actor=0.0514 value=0.3325 entropy=1.4647 mean_return=27.645 mean_len=84.4
[gat-train] update=914 samples=584960 fps=66.2 loss=0.4604 actor=0.0953 value=0.3789 entropy=1.3774 mean_return=27.195 mean_len=84.4
[gat-train] update=915 samples=585600 fps=66.3 loss=0.6078 actor=0.1464 value=0.4762 entropy=1.4823 mean_return=27.424 mean_len=84.9
[gat-train] update=916 samples=586240 fps=66.3 loss=0.3011 actor=-0.1611 value=0.4771 entropy=1.4927 mean_return=27.837 mean_len=86.0
[gat-train] update=917 samples=586880 fps=66.3 loss=0.5242 actor=0.0882 value=0.4503 entropy=1.4257 mean_return=27.853 mean_len=86.3
[gat-train] update=918 samples=587520 fps=66.4 loss=0.4389 actor=-0.0547 value=0.5081 entropy=1.4556 mean_return=27.502 mean_len=86.0
[gat-train] update=919 samples=588160 fps=66.4 loss=0.3802 actor=0.0592 value=0.3359 entropy=1.4917 mean_return=27.616 mean_len=85.9
[gat-train] update=920 samples=588800 fps=66.4 loss=0.4623 actor=0.0448 value=0.4317 entropy=1.4246 mean_return=27.656 mean_len=85.7
[gat-train] update=921 samples=589440 fps=66.5 loss=0.3042 actor=-0.0470 value=0.3651 entropy=1.3999 mean_return=27.658 mean_len=85.2
[gat-train] update=922 samples=590080 fps=66.5 loss=0.2996 actor=0.0146 value=0.2990 entropy=1.3942 mean_return=27.644 mean_len=85.1
[gat-train] update=923 samples=590720 fps=66.5 loss=0.4022 actor=0.0449 value=0.3708 entropy=1.3456 mean_return=27.503 mean_len=85.0
[gat-train] update=924 samples=591360 fps=66.6 loss=0.3424 actor=-0.0665 value=0.4227 entropy=1.3755 mean_return=27.830 mean_len=85.5
[gat-train] update=925 samples=592000 fps=66.6 loss=0.4631 actor=0.0111 value=0.4658 entropy=1.3848 mean_return=28.104 mean_len=84.5
[gat-train] update=926 samples=592640 fps=66.6 loss=0.2141 actor=-0.1036 value=0.3321 entropy=1.4348 mean_return=28.417 mean_len=84.9
[gat-train] update=927 samples=593280 fps=66.7 loss=0.3481 actor=-0.0333 value=0.3955 entropy=1.4109 mean_return=28.617 mean_len=85.2
[gat-train] update=928 samples=593920 fps=66.7 loss=0.4089 actor=0.0064 value=0.4162 entropy=1.3608 mean_return=28.864 mean_len=86.0
[gat-train] update=929 samples=594560 fps=66.7 loss=0.4149 actor=0.0330 value=0.3963 entropy=1.4351 mean_return=27.918 mean_len=85.1
[gat-train] update=930 samples=595200 fps=66.8 loss=0.3185 actor=-0.0342 value=0.3669 entropy=1.4200 mean_return=27.606 mean_len=84.8
[gat-train] update=931 samples=595840 fps=66.8 loss=0.3540 actor=-0.0008 value=0.3693 entropy=1.4478 mean_return=27.064 mean_len=84.0
[gat-train] update=932 samples=596480 fps=66.8 loss=0.4234 actor=0.0331 value=0.4037 entropy=1.3442 mean_return=27.037 mean_len=84.1
[gat-train] update=933 samples=597120 fps=66.9 loss=0.4094 actor=0.0691 value=0.3544 entropy=1.4101 mean_return=26.682 mean_len=84.0
[gat-train] update=934 samples=597760 fps=66.9 loss=0.5104 actor=0.1295 value=0.3951 entropy=1.4161 mean_return=26.579 mean_len=84.0
[gat-train] update=935 samples=598400 fps=66.9 loss=0.5340 actor=0.1400 value=0.4078 entropy=1.3889 mean_return=27.310 mean_len=85.1
[gat-train] update=936 samples=599040 fps=67.0 loss=0.3065 actor=-0.0460 value=0.3666 entropy=1.4078 mean_return=27.528 mean_len=85.4
[gat-train] update=937 samples=599680 fps=67.0 loss=0.3473 actor=-0.0315 value=0.3926 entropy=1.3814 mean_return=27.612 mean_len=85.3
[gat-train] update=938 samples=600320 fps=67.0 loss=0.2713 actor=-0.0799 value=0.3655 entropy=1.4279 mean_return=27.739 mean_len=85.8
[gat-train] update=939 samples=600960 fps=67.1 loss=0.3045 actor=-0.0081 value=0.3264 entropy=1.3757 mean_return=27.864 mean_len=86.2
[gat-train] update=940 samples=601600 fps=67.1 loss=0.3242 actor=-0.0843 value=0.4222 entropy=1.3733 mean_return=27.725 mean_len=84.9
[gat-train] update=941 samples=602240 fps=67.1 loss=0.3289 actor=-0.0121 value=0.3550 entropy=1.4099 mean_return=27.540 mean_len=84.9
[gat-train] update=942 samples=602880 fps=67.2 loss=0.1630 actor=-0.1466 value=0.3233 entropy=1.3717 mean_return=27.338 mean_len=84.3
[gat-train] update=943 samples=603520 fps=67.2 loss=0.3833 actor=-0.1404 value=0.5378 entropy=1.3978 mean_return=26.734 mean_len=83.6
[gat-train] update=944 samples=604160 fps=67.2 loss=0.4861 actor=0.0775 value=0.4229 entropy=1.4336 mean_return=26.962 mean_len=83.9
[gat-train] update=945 samples=604800 fps=67.2 loss=0.3649 actor=-0.0085 value=0.3871 entropy=1.3626 mean_return=26.731 mean_len=83.6
[gat-train] update=946 samples=605440 fps=67.3 loss=0.3533 actor=-0.0157 value=0.3830 entropy=1.4061 mean_return=27.466 mean_len=84.8
[gat-train] update=947 samples=606080 fps=67.3 loss=0.4115 actor=-0.1005 value=0.5258 entropy=1.3759 mean_return=27.370 mean_len=84.6
[gat-train] update=948 samples=606720 fps=67.3 loss=0.3913 actor=0.0627 value=0.3422 entropy=1.3579 mean_return=27.562 mean_len=84.9
[gat-train] update=949 samples=607360 fps=67.4 loss=0.3430 actor=-0.0899 value=0.4474 entropy=1.4416 mean_return=27.421 mean_len=84.6
[gat-train] update=950 samples=608000 fps=67.4 loss=0.4009 actor=-0.0179 value=0.4331 entropy=1.4360 mean_return=27.375 mean_len=84.4
[gat-train] eval update=950 torch_score=80.80 deploy_score=86.58 min=77.08 bottom10=79.47 max_regression=0.00 regressions=0 guard_rejected=0 best=86.58
[gat-train] update=951 samples=608640 fps=65.9 loss=0.4503 actor=0.0883 value=0.3754 entropy=1.3451 mean_return=27.600 mean_len=84.3
[gat-train] update=952 samples=609280 fps=65.9 loss=0.3070 actor=-0.0263 value=0.3481 entropy=1.4884 mean_return=27.418 mean_len=83.9
[gat-train] update=953 samples=609920 fps=65.9 loss=0.3710 actor=0.0396 value=0.3453 entropy=1.3971 mean_return=27.358 mean_len=84.1
[gat-train] update=954 samples=610560 fps=66.0 loss=0.3283 actor=0.0365 value=0.3055 entropy=1.3655 mean_return=27.696 mean_len=85.1
[gat-train] update=955 samples=611200 fps=66.0 loss=0.2683 actor=-0.1384 value=0.4205 entropy=1.3748 mean_return=27.624 mean_len=84.9
[gat-train] update=956 samples=611840 fps=66.0 loss=0.5010 actor=0.0151 value=0.4997 entropy=1.3774 mean_return=27.467 mean_len=84.5
[gat-train] update=957 samples=612480 fps=66.1 loss=0.2390 actor=-0.0753 value=0.3279 entropy=1.3614 mean_return=27.287 mean_len=83.9
[gat-train] update=958 samples=613120 fps=66.1 loss=0.3568 actor=-0.0342 value=0.4044 entropy=1.3394 mean_return=27.184 mean_len=83.7
[gat-train] update=959 samples=613760 fps=66.1 loss=0.4009 actor=0.0043 value=0.4105 entropy=1.3868 mean_return=27.160 mean_len=84.1
[gat-train] update=960 samples=614400 fps=66.2 loss=0.3419 actor=-0.0367 value=0.3930 entropy=1.4386 mean_return=27.132 mean_len=83.9
[gat-train] update=961 samples=615040 fps=66.2 loss=0.3621 actor=-0.0550 value=0.4310 entropy=1.3906 mean_return=27.303 mean_len=83.8
[gat-train] update=962 samples=615680 fps=66.2 loss=0.3261 actor=-0.1091 value=0.4492 entropy=1.3898 mean_return=27.937 mean_len=84.5
[gat-train] update=963 samples=616320 fps=66.3 loss=0.3630 actor=-0.0615 value=0.4382 entropy=1.3726 mean_return=27.856 mean_len=84.4
[gat-train] update=964 samples=616960 fps=66.3 loss=0.5059 actor=0.1071 value=0.4127 entropy=1.3865 mean_return=28.026 mean_len=84.5
[gat-train] update=965 samples=617600 fps=66.3 loss=0.4422 actor=0.0673 value=0.3887 entropy=1.3770 mean_return=27.862 mean_len=85.0
[gat-train] update=966 samples=618240 fps=66.4 loss=1.1233 actor=-0.2085 value=1.3461 entropy=1.4286 mean_return=27.508 mean_len=83.5
[gat-train] update=967 samples=618880 fps=66.4 loss=0.5163 actor=0.1286 value=0.4021 entropy=1.4453 mean_return=27.177 mean_len=83.5
[gat-train] update=968 samples=619520 fps=66.4 loss=0.3468 actor=0.0056 value=0.3557 entropy=1.4536 mean_return=27.107 mean_len=83.6
[gat-train] update=969 samples=620160 fps=66.5 loss=0.4361 actor=0.0050 value=0.4457 entropy=1.4573 mean_return=26.779 mean_len=84.1
[gat-train] update=970 samples=620800 fps=66.5 loss=0.4481 actor=0.0700 value=0.3924 entropy=1.4299 mean_return=27.023 mean_len=85.0
[gat-train] update=971 samples=621440 fps=66.5 loss=0.4895 actor=0.0809 value=0.4234 entropy=1.4795 mean_return=27.032 mean_len=84.6
[gat-train] update=972 samples=622080 fps=66.5 loss=0.3909 actor=0.0463 value=0.3603 entropy=1.5675 mean_return=26.916 mean_len=84.5
[gat-train] update=973 samples=622720 fps=66.6 loss=0.3426 actor=0.0061 value=0.3522 entropy=1.5706 mean_return=26.833 mean_len=84.4
[gat-train] update=974 samples=623360 fps=66.6 loss=0.4249 actor=-0.0735 value=0.5146 entropy=1.6194 mean_return=27.291 mean_len=85.3
[gat-train] update=975 samples=624000 fps=66.6 loss=0.2673 actor=-0.1622 value=0.4455 entropy=1.5947 mean_return=27.250 mean_len=85.3
[gat-train] update=976 samples=624640 fps=66.7 loss=0.1898 actor=-0.1757 value=0.3815 entropy=1.5887 mean_return=27.149 mean_len=84.8
[gat-train] update=977 samples=625280 fps=66.7 loss=0.3545 actor=0.0029 value=0.3676 entropy=1.6082 mean_return=27.167 mean_len=84.3
[gat-train] update=978 samples=625920 fps=66.7 loss=0.3043 actor=-0.1121 value=0.4322 entropy=1.5801 mean_return=27.015 mean_len=84.1
[gat-train] update=979 samples=626560 fps=66.8 loss=0.1721 actor=-0.1849 value=0.3719 entropy=1.4905 mean_return=27.038 mean_len=83.1
[gat-train] update=980 samples=627200 fps=66.8 loss=0.4884 actor=0.1310 value=0.3726 entropy=1.5240 mean_return=27.044 mean_len=84.1
[gat-train] update=981 samples=627840 fps=66.8 loss=0.3878 actor=0.0465 value=0.3555 entropy=1.4197 mean_return=27.116 mean_len=84.4
[gat-train] update=982 samples=628480 fps=66.9 loss=0.4587 actor=0.0281 value=0.4450 entropy=1.4328 mean_return=27.378 mean_len=84.7
[gat-train] update=983 samples=629120 fps=66.9 loss=0.3769 actor=-0.0078 value=0.3988 entropy=1.4087 mean_return=27.338 mean_len=84.3
[gat-train] update=984 samples=629760 fps=66.9 loss=0.5008 actor=0.0429 value=0.4719 entropy=1.4005 mean_return=27.680 mean_len=85.0
[gat-train] update=985 samples=630400 fps=66.9 loss=0.4029 actor=0.0566 value=0.3603 entropy=1.4058 mean_return=27.818 mean_len=85.4
[gat-train] update=986 samples=631040 fps=67.0 loss=0.2241 actor=-0.1164 value=0.3545 entropy=1.3979 mean_return=27.653 mean_len=85.3
[gat-train] update=987 samples=631680 fps=67.0 loss=0.3129 actor=-0.0041 value=0.3316 entropy=1.4554 mean_return=27.703 mean_len=85.2
[gat-train] update=988 samples=632320 fps=67.0 loss=0.4647 actor=0.1064 value=0.3727 entropy=1.4391 mean_return=27.560 mean_len=85.1
[gat-train] update=989 samples=632960 fps=67.1 loss=0.4714 actor=0.1006 value=0.3854 entropy=1.4636 mean_return=27.748 mean_len=85.5
[gat-train] update=990 samples=633600 fps=67.1 loss=0.3322 actor=0.0078 value=0.3389 entropy=1.4420 mean_return=27.674 mean_len=85.3
[gat-train] update=991 samples=634240 fps=67.1 loss=0.4232 actor=0.0427 value=0.3947 entropy=1.4156 mean_return=27.586 mean_len=85.9
[gat-train] update=992 samples=634880 fps=67.2 loss=0.5133 actor=0.1125 value=0.4155 entropy=1.4709 mean_return=27.625 mean_len=85.9
[gat-train] update=993 samples=635520 fps=67.2 loss=0.4035 actor=0.0219 value=0.3958 entropy=1.4183 mean_return=28.013 mean_len=86.5
[gat-train] update=994 samples=636160 fps=67.2 loss=0.2472 actor=-0.0487 value=0.3104 entropy=1.4488 mean_return=28.152 mean_len=86.6
[gat-train] update=995 samples=636800 fps=67.3 loss=0.4741 actor=-0.0160 value=0.5046 entropy=1.4432 mean_return=28.401 mean_len=85.8
[gat-train] update=996 samples=637440 fps=67.3 loss=0.4517 actor=0.0695 value=0.3958 entropy=1.3553 mean_return=28.867 mean_len=86.3
[gat-train] update=997 samples=638080 fps=67.3 loss=0.4033 actor=0.0409 value=0.3760 entropy=1.3610 mean_return=28.954 mean_len=86.0
[gat-train] update=998 samples=638720 fps=67.3 loss=0.4752 actor=-0.0510 value=0.5401 entropy=1.3873 mean_return=28.589 mean_len=84.9
[gat-train] update=999 samples=639360 fps=67.4 loss=0.2571 actor=-0.0919 value=0.3629 entropy=1.3853 mean_return=28.652 mean_len=84.7
[gat-train] update=1000 samples=640000 fps=67.4 loss=0.3676 actor=-0.0583 value=0.4399 entropy=1.3963 mean_return=28.548 mean_len=84.9
[gat-train] eval update=1000 torch_score=81.56 deploy_score=86.58 min=77.08 bottom10=79.47 max_regression=0.00 regressions=0 guard_rejected=0 best=86.58
[gat-train] update=1001 samples=640640 fps=65.9 loss=0.3538 actor=0.0097 value=0.3585 entropy=1.4326 mean_return=28.809 mean_len=85.6
[gat-train] update=1002 samples=641280 fps=66.0 loss=0.4198 actor=0.0703 value=0.3634 entropy=1.3973 mean_return=28.630 mean_len=85.6
[gat-train] update=1003 samples=641920 fps=66.0 loss=0.3198 actor=-0.0069 value=0.3410 entropy=1.4282 mean_return=28.442 mean_len=85.3
[gat-train] update=1004 samples=642560 fps=66.0 loss=0.2729 actor=-0.0669 value=0.3542 entropy=1.4418 mean_return=28.350 mean_len=85.2
[gat-train] update=1005 samples=643200 fps=66.1 loss=0.4739 actor=0.0906 value=0.3976 entropy=1.4350 mean_return=28.287 mean_len=85.1
[gat-train] update=1006 samples=643840 fps=66.1 loss=0.3947 actor=-0.0025 value=0.4117 entropy=1.4567 mean_return=28.278 mean_len=85.9
[gat-train] update=1007 samples=644480 fps=66.1 loss=0.2570 actor=-0.1296 value=0.4010 entropy=1.4362 mean_return=28.296 mean_len=85.9
[gat-train] update=1008 samples=645120 fps=66.2 loss=0.2631 actor=-0.0520 value=0.3298 entropy=1.4618 mean_return=28.147 mean_len=85.5
[gat-train] update=1009 samples=645760 fps=66.2 loss=0.2091 actor=-0.1490 value=0.3723 entropy=1.4205 mean_return=27.786 mean_len=84.6
[gat-train] update=1010 samples=646400 fps=66.2 loss=0.5193 actor=0.1006 value=0.4335 entropy=1.4793 mean_return=27.655 mean_len=84.4
[gat-train] update=1011 samples=647040 fps=66.2 loss=0.3030 actor=-0.1026 value=0.4205 entropy=1.4958 mean_return=27.627 mean_len=84.3
[gat-train] update=1012 samples=647680 fps=66.3 loss=1.6208 actor=-0.1830 value=1.8181 entropy=1.4341 mean_return=27.230 mean_len=83.3
[gat-train] update=1013 samples=648320 fps=66.3 loss=0.4044 actor=-0.0769 value=0.4956 entropy=1.4270 mean_return=27.329 mean_len=83.9
[gat-train] update=1014 samples=648960 fps=66.3 loss=0.4403 actor=-0.0192 value=0.4736 entropy=1.4116 mean_return=27.257 mean_len=83.6
[gat-train] update=1015 samples=649600 fps=66.4 loss=0.5143 actor=0.1020 value=0.4268 entropy=1.4521 mean_return=27.655 mean_len=83.9
[gat-train] update=1016 samples=650240 fps=66.4 loss=0.2582 actor=-0.0266 value=0.2992 entropy=1.4367 mean_return=27.365 mean_len=83.7
[gat-train] update=1017 samples=650880 fps=66.4 loss=0.2636 actor=-0.1016 value=0.3796 entropy=1.4390 mean_return=27.451 mean_len=84.8
[gat-train] update=1018 samples=651520 fps=66.5 loss=0.4103 actor=0.0499 value=0.3750 entropy=1.4625 mean_return=27.251 mean_len=84.9
[gat-train] update=1019 samples=652160 fps=66.5 loss=0.4290 actor=0.0638 value=0.3797 entropy=1.4527 mean_return=27.346 mean_len=85.0
[gat-train] update=1020 samples=652800 fps=66.5 loss=0.4040 actor=0.0551 value=0.3637 entropy=1.4789 mean_return=27.514 mean_len=84.5
[gat-train] update=1021 samples=653440 fps=66.5 loss=0.3250 actor=-0.0462 value=0.3860 entropy=1.4862 mean_return=27.468 mean_len=84.7
[gat-train] update=1022 samples=654080 fps=66.6 loss=0.3132 actor=-0.0477 value=0.3760 entropy=1.5151 mean_return=27.317 mean_len=84.2
[gat-train] update=1023 samples=654720 fps=66.6 loss=0.3533 actor=-0.0112 value=0.3793 entropy=1.4877 mean_return=27.366 mean_len=84.2
[gat-train] update=1024 samples=655360 fps=66.6 loss=0.3115 actor=0.0279 value=0.2992 entropy=1.5592 mean_return=27.238 mean_len=83.8
[gat-train] update=1025 samples=656000 fps=66.7 loss=0.3322 actor=-0.0729 value=0.4204 entropy=1.5279 mean_return=27.434 mean_len=83.7
[gat-train] update=1026 samples=656640 fps=66.7 loss=0.2774 actor=-0.0948 value=0.3879 entropy=1.5648 mean_return=27.541 mean_len=82.9
[gat-train] update=1027 samples=657280 fps=66.7 loss=0.3060 actor=-0.0606 value=0.3820 entropy=1.5373 mean_return=27.363 mean_len=82.8
[gat-train] update=1028 samples=657920 fps=66.8 loss=0.2427 actor=-0.1162 value=0.3740 entropy=1.5108 mean_return=27.230 mean_len=83.4
[gat-train] update=1029 samples=658560 fps=66.8 loss=0.2624 actor=-0.0969 value=0.3745 entropy=1.5215 mean_return=26.961 mean_len=83.7
[gat-train] update=1030 samples=659200 fps=66.8 loss=0.1834 actor=-0.1537 value=0.3523 entropy=1.5208 mean_return=26.637 mean_len=83.8
[gat-train] update=1031 samples=659840 fps=66.8 loss=0.3336 actor=-0.0235 value=0.3715 entropy=1.4381 mean_return=26.744 mean_len=84.4
[gat-train] update=1032 samples=660480 fps=66.9 loss=0.2924 actor=-0.0772 value=0.3844 entropy=1.4869 mean_return=26.653 mean_len=85.2
[gat-train] update=1033 samples=661120 fps=66.9 loss=0.4550 actor=0.1450 value=0.3239 entropy=1.3922 mean_return=26.737 mean_len=85.2
[gat-train] update=1034 samples=661760 fps=66.9 loss=0.2948 actor=-0.0436 value=0.3531 entropy=1.4613 mean_return=26.813 mean_len=84.8
[gat-train] update=1035 samples=662400 fps=67.0 loss=0.4587 actor=0.0744 value=0.3993 entropy=1.4992 mean_return=27.124 mean_len=85.4
[gat-train] update=1036 samples=663040 fps=67.0 loss=0.2210 actor=-0.1249 value=0.3609 entropy=1.4955 mean_return=27.316 mean_len=85.3
[gat-train] update=1037 samples=663680 fps=67.0 loss=0.4102 actor=0.0247 value=0.4003 entropy=1.4737 mean_return=27.731 mean_len=85.6
[gat-train] update=1038 samples=664320 fps=67.1 loss=0.3940 actor=-0.0340 value=0.4433 entropy=1.5353 mean_return=27.347 mean_len=85.3
[gat-train] update=1039 samples=664960 fps=67.1 loss=0.4864 actor=-0.1630 value=0.6646 entropy=1.5147 mean_return=27.199 mean_len=83.9
[gat-train] update=1040 samples=665600 fps=67.1 loss=0.3418 actor=-0.0356 value=0.3924 entropy=1.4947 mean_return=27.230 mean_len=84.0
[gat-train] update=1041 samples=666240 fps=67.1 loss=0.2052 actor=-0.1100 value=0.3304 entropy=1.5141 mean_return=27.145 mean_len=84.0
[gat-train] update=1042 samples=666880 fps=67.2 loss=0.3032 actor=-0.1017 value=0.4202 entropy=1.5315 mean_return=27.225 mean_len=84.3
[gat-train] update=1043 samples=667520 fps=67.2 loss=0.1913 actor=-0.2248 value=0.4315 entropy=1.5370 mean_return=26.840 mean_len=83.8
[gat-train] update=1044 samples=668160 fps=67.2 loss=0.3589 actor=-0.0415 value=0.4158 entropy=1.5460 mean_return=26.625 mean_len=83.3
[gat-train] update=1045 samples=668800 fps=67.3 loss=0.2155 actor=-0.1033 value=0.3337 entropy=1.4840 mean_return=26.757 mean_len=83.8
[gat-train] update=1046 samples=669440 fps=67.3 loss=0.0780 actor=-0.2884 value=0.3808 entropy=1.4430 mean_return=26.960 mean_len=83.7
[gat-train] update=1047 samples=670080 fps=67.3 loss=0.4157 actor=0.0266 value=0.4040 entropy=1.4924 mean_return=27.175 mean_len=83.9
[gat-train] update=1048 samples=670720 fps=67.3 loss=0.5262 actor=0.1061 value=0.4345 entropy=1.4432 mean_return=27.145 mean_len=84.2
[gat-train] update=1049 samples=671360 fps=67.4 loss=2.9358 actor=-0.1909 value=3.1411 entropy=1.4504 mean_return=27.116 mean_len=83.6
[gat-train] update=1050 samples=672000 fps=67.4 loss=0.6138 actor=0.2020 value=0.4263 entropy=1.4442 mean_return=27.252 mean_len=83.9
[gat-train] eval update=1050 torch_score=80.98 deploy_score=86.58 min=77.08 bottom10=79.47 max_regression=0.00 regressions=0 guard_rejected=0 best=86.58
[gat-train] update=1051 samples=672640 fps=66.0 loss=0.3648 actor=0.0043 value=0.3749 entropy=1.4403 mean_return=27.513 mean_len=84.7
[gat-train] update=1052 samples=673280 fps=66.0 loss=0.3875 actor=-0.0354 value=0.4370 entropy=1.4175 mean_return=27.493 mean_len=84.4
[gat-train] update=1053 samples=673920 fps=66.1 loss=0.4046 actor=-0.0473 value=0.4665 entropy=1.4542 mean_return=27.196 mean_len=83.5
[gat-train] update=1054 samples=674560 fps=66.1 loss=0.4557 actor=0.0931 value=0.3765 entropy=1.3972 mean_return=27.019 mean_len=83.0
[gat-train] update=1055 samples=675200 fps=66.1 loss=0.2284 actor=-0.0874 value=0.3306 entropy=1.4724 mean_return=26.955 mean_len=82.6
[gat-train] update=1056 samples=675840 fps=66.2 loss=0.4678 actor=0.0431 value=0.4392 entropy=1.4514 mean_return=27.341 mean_len=83.8
[gat-train] update=1057 samples=676480 fps=66.2 loss=0.2960 actor=-0.0315 value=0.3418 entropy=1.4396 mean_return=27.210 mean_len=83.7
[gat-train] update=1058 samples=677120 fps=66.2 loss=0.3511 actor=-0.0187 value=0.3851 entropy=1.5328 mean_return=26.992 mean_len=83.4
[gat-train] update=1059 samples=677760 fps=66.2 loss=0.3136 actor=-0.0729 value=0.4022 entropy=1.5772 mean_return=26.971 mean_len=83.4
[gat-train] update=1060 samples=678400 fps=66.3 loss=0.2730 actor=-0.0904 value=0.3784 entropy=1.5049 mean_return=26.654 mean_len=83.0
[gat-train] update=1061 samples=679040 fps=66.3 loss=0.2369 actor=-0.1120 value=0.3642 entropy=1.5366 mean_return=26.743 mean_len=83.5
[gat-train] update=1062 samples=679680 fps=66.3 loss=0.4782 actor=0.0387 value=0.4541 entropy=1.4685 mean_return=27.395 mean_len=84.6
[gat-train] update=1063 samples=680320 fps=66.4 loss=0.3920 actor=-0.0326 value=0.4395 entropy=1.4976 mean_return=27.575 mean_len=85.0
[gat-train] update=1064 samples=680960 fps=66.4 loss=0.4100 actor=-0.0455 value=0.4702 entropy=1.4759 mean_return=27.701 mean_len=85.0
[gat-train] update=1065 samples=681600 fps=66.4 loss=0.2935 actor=-0.1178 value=0.4257 entropy=1.4408 mean_return=27.383 mean_len=84.5
[gat-train] update=1066 samples=682240 fps=66.4 loss=0.4595 actor=0.0717 value=0.4022 entropy=1.4426 mean_return=27.877 mean_len=85.4
[gat-train] update=1067 samples=682880 fps=66.5 loss=0.3785 actor=-0.0227 value=0.4155 entropy=1.4248 mean_return=27.505 mean_len=85.3
[gat-train] update=1068 samples=683520 fps=66.5 loss=0.3629 actor=0.0136 value=0.3639 entropy=1.4651 mean_return=27.468 mean_len=85.6
[gat-train] update=1069 samples=684160 fps=66.5 loss=0.4928 actor=0.1021 value=0.4055 entropy=1.4882 mean_return=27.176 mean_len=85.0
[gat-train] update=1070 samples=684800 fps=66.6 loss=0.4329 actor=0.0562 value=0.3914 entropy=1.4637 mean_return=27.154 mean_len=84.9
[gat-train] update=1071 samples=685440 fps=66.6 loss=0.5222 actor=0.0459 value=0.4908 entropy=1.4523 mean_return=27.197 mean_len=85.0
[gat-train] update=1072 samples=686080 fps=66.6 loss=0.3097 actor=-0.0045 value=0.3285 entropy=1.4336 mean_return=27.170 mean_len=85.1
[gat-train] update=1073 samples=686720 fps=66.6 loss=0.4410 actor=0.0812 value=0.3744 entropy=1.4638 mean_return=27.318 mean_len=85.5
[gat-train] update=1074 samples=687360 fps=66.7 loss=0.4356 actor=0.0269 value=0.4232 entropy=1.4488 mean_return=27.290 mean_len=85.2
[gat-train] update=1075 samples=688000 fps=66.7 loss=0.2474 actor=-0.0904 value=0.3523 entropy=1.4420 mean_return=27.304 mean_len=85.2
[gat-train] update=1076 samples=688640 fps=66.7 loss=0.2454 actor=-0.1006 value=0.3602 entropy=1.4276 mean_return=27.404 mean_len=85.0
[gat-train] update=1077 samples=689280 fps=66.8 loss=0.2764 actor=-0.1428 value=0.4334 entropy=1.4174 mean_return=27.378 mean_len=85.2
[gat-train] update=1078 samples=689920 fps=66.8 loss=0.4536 actor=0.0165 value=0.4511 entropy=1.4052 mean_return=27.258 mean_len=85.5
[gat-train] update=1079 samples=690560 fps=66.8 loss=0.3465 actor=-0.0886 value=0.4491 entropy=1.4040 mean_return=27.357 mean_len=85.8
[gat-train] update=1080 samples=691200 fps=66.8 loss=0.5041 actor=0.0353 value=0.4830 entropy=1.4129 mean_return=27.337 mean_len=85.3
[gat-train] update=1081 samples=691840 fps=66.9 loss=0.4600 actor=0.0447 value=0.4292 entropy=1.3900 mean_return=27.638 mean_len=85.8
[gat-train] update=1082 samples=692480 fps=66.9 loss=0.4099 actor=-0.0265 value=0.4503 entropy=1.3890 mean_return=27.969 mean_len=86.0
[gat-train] update=1083 samples=693120 fps=66.9 loss=0.4802 actor=0.0431 value=0.4516 entropy=1.4495 mean_return=27.820 mean_len=85.8
[gat-train] update=1084 samples=693760 fps=66.9 loss=0.4864 actor=0.0527 value=0.4480 entropy=1.4311 mean_return=27.930 mean_len=85.7
[gat-train] update=1085 samples=694400 fps=67.0 loss=0.6118 actor=0.1393 value=0.4874 entropy=1.4912 mean_return=28.384 mean_len=86.5
[gat-train] update=1086 samples=695040 fps=67.0 loss=0.2624 actor=-0.0707 value=0.3478 entropy=1.4731 mean_return=28.178 mean_len=85.9
[gat-train] update=1087 samples=695680 fps=67.0 loss=0.3208 actor=0.0367 value=0.2978 entropy=1.3654 mean_return=28.166 mean_len=85.7
[gat-train] update=1088 samples=696320 fps=67.1 loss=0.4739 actor=0.1149 value=0.3728 entropy=1.3770 mean_return=27.860 mean_len=85.4
[gat-train] update=1089 samples=696960 fps=67.1 loss=0.4096 actor=0.0266 value=0.3971 entropy=1.4103 mean_return=27.963 mean_len=85.5
[gat-train] update=1090 samples=697600 fps=67.1 loss=0.3935 actor=0.0024 value=0.4046 entropy=1.3598 mean_return=28.162 mean_len=85.6
[gat-train] update=1091 samples=698240 fps=67.1 loss=0.3701 actor=-0.0370 value=0.4214 entropy=1.4286 mean_return=27.977 mean_len=85.2
[gat-train] update=1092 samples=698880 fps=67.2 loss=0.2989 actor=-0.0985 value=0.4113 entropy=1.3901 mean_return=27.890 mean_len=84.6
[gat-train] update=1093 samples=699520 fps=67.2 loss=0.3100 actor=-0.0391 value=0.3629 entropy=1.3767 mean_return=27.621 mean_len=84.6
[gat-train] update=1094 samples=700160 fps=67.2 loss=0.3931 actor=-0.0002 value=0.4072 entropy=1.3813 mean_return=27.703 mean_len=84.9
[gat-train] update=1095 samples=700800 fps=67.2 loss=0.3247 actor=-0.0061 value=0.3450 entropy=1.4182 mean_return=27.608 mean_len=85.3
[gat-train] update=1096 samples=701440 fps=67.3 loss=0.3765 actor=-0.0232 value=0.4137 entropy=1.3981 mean_return=27.977 mean_len=85.7
[gat-train] update=1097 samples=702080 fps=67.3 loss=0.5050 actor=0.0944 value=0.4244 entropy=1.3724 mean_return=28.278 mean_len=85.6
[gat-train] update=1098 samples=702720 fps=67.3 loss=0.3984 actor=-0.0305 value=0.4433 entropy=1.4419 mean_return=28.254 mean_len=86.0
[gat-train] update=1099 samples=703360 fps=67.3 loss=0.4009 actor=-0.0451 value=0.4599 entropy=1.3947 mean_return=28.106 mean_len=86.2
[gat-train] update=1100 samples=704000 fps=67.4 loss=0.4725 actor=0.0669 value=0.4199 entropy=1.4405 mean_return=27.559 mean_len=85.0
[gat-train] eval update=1100 torch_score=83.36 deploy_score=86.58 min=77.08 bottom10=79.47 max_regression=0.00 regressions=0 guard_rejected=0 best=86.58
[gat-train] update=1101 samples=704640 fps=66.0 loss=0.4506 actor=0.0541 value=0.4109 entropy=1.4354 mean_return=27.263 mean_len=85.2
[gat-train] update=1102 samples=705280 fps=66.1 loss=0.3396 actor=0.0196 value=0.3347 entropy=1.4645 mean_return=27.152 mean_len=85.2
[gat-train] update=1103 samples=705920 fps=66.1 loss=0.3444 actor=0.0307 value=0.3285 entropy=1.4776 mean_return=27.208 mean_len=85.4
[gat-train] update=1104 samples=706560 fps=66.1 loss=0.5363 actor=0.0275 value=0.5232 entropy=1.4347 mean_return=27.246 mean_len=85.7
[gat-train] update=1105 samples=707200 fps=66.2 loss=0.4802 actor=0.0211 value=0.4734 entropy=1.4344 mean_return=27.474 mean_len=86.0
[gat-train] update=1106 samples=707840 fps=66.2 loss=0.4394 actor=0.0207 value=0.4333 entropy=1.4621 mean_return=27.867 mean_len=86.7
[gat-train] update=1107 samples=708480 fps=66.2 loss=0.4435 actor=0.0435 value=0.4136 entropy=1.3634 mean_return=28.052 mean_len=87.2
[gat-train] update=1108 samples=709120 fps=66.2 loss=0.3434 actor=-0.0337 value=0.3913 entropy=1.4166 mean_return=27.604 mean_len=86.3
[gat-train] update=1109 samples=709760 fps=66.3 loss=0.1686 actor=-0.1544 value=0.3372 entropy=1.4198 mean_return=27.543 mean_len=86.2
[gat-train] update=1110 samples=710400 fps=66.3 loss=0.4746 actor=0.0838 value=0.4049 entropy=1.4052 mean_return=27.723 mean_len=86.2
[gat-train] update=1111 samples=711040 fps=66.3 loss=0.4187 actor=0.0119 value=0.4208 entropy=1.4051 mean_return=27.566 mean_len=85.8
[gat-train] update=1112 samples=711680 fps=66.3 loss=0.3321 actor=-0.0863 value=0.4321 entropy=1.3679 mean_return=27.380 mean_len=84.7
[gat-train] update=1113 samples=712320 fps=66.4 loss=0.5909 actor=0.1459 value=0.4589 entropy=1.3864 mean_return=27.337 mean_len=84.9
[gat-train] update=1114 samples=712960 fps=66.4 loss=0.5941 actor=0.1214 value=0.4872 entropy=1.4569 mean_return=27.034 mean_len=84.7
[gat-train] update=1115 samples=713600 fps=66.4 loss=0.4155 actor=-0.0643 value=0.4942 entropy=1.4344 mean_return=27.444 mean_len=85.0
[gat-train] update=1116 samples=714240 fps=66.5 loss=0.4276 actor=-0.0960 value=0.5386 entropy=1.5081 mean_return=27.171 mean_len=84.0
[gat-train] update=1117 samples=714880 fps=66.5 loss=0.4012 actor=0.0310 value=0.3850 entropy=1.4772 mean_return=27.417 mean_len=84.3
[gat-train] update=1118 samples=715520 fps=66.5 loss=0.4049 actor=-0.0412 value=0.4619 entropy=1.5778 mean_return=27.816 mean_len=84.2
[gat-train] update=1119 samples=716160 fps=66.5 loss=0.5264 actor=0.1335 value=0.4082 entropy=1.5311 mean_return=27.858 mean_len=84.5
[gat-train] update=1120 samples=716800 fps=66.6 loss=0.3320 actor=-0.0319 value=0.3792 entropy=1.5253 mean_return=27.706 mean_len=83.9
[gat-train] update=1121 samples=717440 fps=66.6 loss=0.3407 actor=-0.0288 value=0.3847 entropy=1.5232 mean_return=27.506 mean_len=83.5
[gat-train] update=1122 samples=718080 fps=66.6 loss=0.3034 actor=-0.0941 value=0.4120 entropy=1.4451 mean_return=27.540 mean_len=83.8
[gat-train] update=1123 samples=718720 fps=66.6 loss=0.5072 actor=0.0413 value=0.4805 entropy=1.4527 mean_return=27.980 mean_len=85.3
[gat-train] update=1124 samples=719360 fps=66.7 loss=0.4371 actor=0.0807 value=0.3705 entropy=1.4099 mean_return=27.314 mean_len=84.9
[gat-train] update=1125 samples=720000 fps=66.7 loss=0.3361 actor=-0.0645 value=0.4153 entropy=1.4724 mean_return=27.283 mean_len=84.2
[gat-train] update=1126 samples=720640 fps=66.7 loss=0.5594 actor=0.0629 value=0.5110 entropy=1.4488 mean_return=27.230 mean_len=84.4
[gat-train] update=1127 samples=721280 fps=66.8 loss=0.3924 actor=-0.0552 value=0.4613 entropy=1.3700 mean_return=27.480 mean_len=84.4
[gat-train] update=1128 samples=721920 fps=66.8 loss=0.2065 actor=-0.2077 value=0.4279 entropy=1.3769 mean_return=27.567 mean_len=84.3
[gat-train] update=1129 samples=722560 fps=66.8 loss=0.4410 actor=0.0665 value=0.3885 entropy=1.4017 mean_return=27.546 mean_len=84.3
[gat-train] update=1130 samples=723200 fps=66.8 loss=0.2442 actor=-0.1892 value=0.4474 entropy=1.3955 mean_return=27.559 mean_len=83.9
[gat-train] update=1131 samples=723840 fps=66.9 loss=0.4225 actor=0.0097 value=0.4274 entropy=1.4626 mean_return=27.495 mean_len=83.6
[gat-train] update=1132 samples=724480 fps=66.9 loss=0.4254 actor=0.0571 value=0.3821 entropy=1.3852 mean_return=27.509 mean_len=84.9
[gat-train] update=1133 samples=725120 fps=66.9 loss=0.3340 actor=-0.0096 value=0.3580 entropy=1.4303 mean_return=26.897 mean_len=83.7
[gat-train] update=1134 samples=725760 fps=66.9 loss=0.5045 actor=0.0854 value=0.4333 entropy=1.4227 mean_return=26.974 mean_len=84.3
[gat-train] update=1135 samples=726400 fps=67.0 loss=0.5004 actor=-0.0222 value=0.5364 entropy=1.3830 mean_return=26.655 mean_len=83.7
[gat-train] update=1136 samples=727040 fps=67.0 loss=0.8374 actor=0.2382 value=0.6137 entropy=1.4532 mean_return=27.041 mean_len=82.9
[gat-train] update=1137 samples=727680 fps=67.0 loss=0.3035 actor=0.0136 value=0.3038 entropy=1.3977 mean_return=27.347 mean_len=83.3
[gat-train] update=1138 samples=728320 fps=67.0 loss=0.3331 actor=0.0206 value=0.3268 entropy=1.4282 mean_return=27.367 mean_len=83.2
[gat-train] update=1139 samples=728960 fps=67.1 loss=0.4653 actor=-0.1062 value=0.5850 entropy=1.3542 mean_return=26.982 mean_len=82.6
[gat-train] update=1140 samples=729600 fps=67.1 loss=0.3479 actor=0.0092 value=0.3522 entropy=1.3457 mean_return=27.414 mean_len=82.8
[gat-train] update=1141 samples=730240 fps=67.1 loss=0.4300 actor=0.0420 value=0.4023 entropy=1.4305 mean_return=27.596 mean_len=83.2
[gat-train] update=1142 samples=730880 fps=67.1 loss=0.2433 actor=-0.0984 value=0.3555 entropy=1.3790 mean_return=27.845 mean_len=83.9
[gat-train] update=1143 samples=731520 fps=67.2 loss=0.3628 actor=0.0043 value=0.3716 entropy=1.3207 mean_return=28.081 mean_len=84.3
[gat-train] update=1144 samples=732160 fps=67.2 loss=0.2268 actor=-0.1049 value=0.3458 entropy=1.4134 mean_return=27.873 mean_len=84.7
[gat-train] update=1145 samples=732800 fps=67.2 loss=0.2757 actor=-0.0041 value=0.2935 entropy=1.3736 mean_return=27.821 mean_len=84.9
[gat-train] update=1146 samples=733440 fps=67.2 loss=0.5230 actor=0.1343 value=0.4026 entropy=1.3851 mean_return=27.591 mean_len=84.5
[gat-train] update=1147 samples=734080 fps=67.3 loss=0.4578 actor=0.0183 value=0.4535 entropy=1.4011 mean_return=27.808 mean_len=85.5
[gat-train] update=1148 samples=734720 fps=67.3 loss=0.2940 actor=-0.0041 value=0.3122 entropy=1.4069 mean_return=27.868 mean_len=85.2
[gat-train] update=1149 samples=735360 fps=67.3 loss=0.3117 actor=-0.0192 value=0.3449 entropy=1.4046 mean_return=27.886 mean_len=84.8
[gat-train] update=1150 samples=736000 fps=67.3 loss=0.4277 actor=-0.0697 value=0.5113 entropy=1.3894 mean_return=27.617 mean_len=84.0
[gat-train] eval update=1150 torch_score=85.75 deploy_score=86.58 min=77.08 bottom10=79.47 max_regression=0.00 regressions=0 guard_rejected=0 best=86.58
[gat-train] update=1151 samples=736640 fps=66.1 loss=0.5474 actor=0.1697 value=0.3924 entropy=1.4673 mean_return=28.272 mean_len=84.5
[gat-train] update=1152 samples=737280 fps=66.1 loss=0.4564 actor=0.0734 value=0.3963 entropy=1.3317 mean_return=28.393 mean_len=84.7
[gat-train] update=1153 samples=737920 fps=66.1 loss=0.6731 actor=0.2170 value=0.4702 entropy=1.4074 mean_return=28.496 mean_len=85.2
[gat-train] update=1154 samples=738560 fps=66.1 loss=0.5167 actor=0.1453 value=0.3852 entropy=1.3902 mean_return=28.276 mean_len=85.3
[gat-train] update=1155 samples=739200 fps=66.2 loss=0.5813 actor=0.2049 value=0.3902 entropy=1.3802 mean_return=28.376 mean_len=85.8
[gat-train] update=1156 samples=739840 fps=66.2 loss=0.2644 actor=-0.0396 value=0.3176 entropy=1.3648 mean_return=28.323 mean_len=85.8
[gat-train] update=1157 samples=740480 fps=66.2 loss=0.4397 actor=0.0663 value=0.3875 entropy=1.4121 mean_return=28.437 mean_len=85.9
[gat-train] update=1158 samples=741120 fps=66.3 loss=0.3944 actor=0.0830 value=0.3254 entropy=1.4119 mean_return=28.312 mean_len=86.2
[gat-train] update=1159 samples=741760 fps=66.3 loss=0.3947 actor=-0.0078 value=0.4168 entropy=1.4320 mean_return=28.349 mean_len=86.2
[gat-train] update=1160 samples=742400 fps=66.3 loss=0.2654 actor=-0.0489 value=0.3290 entropy=1.4657 mean_return=28.669 mean_len=86.6
[gat-train] update=1161 samples=743040 fps=66.3 loss=0.2583 actor=-0.0326 value=0.3052 entropy=1.4380 mean_return=28.624 mean_len=86.7
[gat-train] update=1162 samples=743680 fps=66.4 loss=0.2552 actor=-0.1332 value=0.4031 entropy=1.4711 mean_return=28.276 mean_len=86.3
[gat-train] update=1163 samples=744320 fps=66.4 loss=0.3320 actor=-0.0224 value=0.3689 entropy=1.4526 mean_return=28.379 mean_len=85.8
[gat-train] update=1164 samples=744960 fps=66.4 loss=0.3578 actor=-0.0980 value=0.4704 entropy=1.4655 mean_return=28.145 mean_len=86.1
[gat-train] update=1165 samples=745600 fps=66.4 loss=0.3759 actor=-0.1093 value=0.4994 entropy=1.4132 mean_return=27.825 mean_len=85.5
[gat-train] update=1166 samples=746240 fps=66.5 loss=0.5418 actor=0.0884 value=0.4677 entropy=1.4312 mean_return=27.726 mean_len=85.1
[gat-train] update=1167 samples=746880 fps=66.5 loss=0.2387 actor=-0.1057 value=0.3585 entropy=1.4176 mean_return=27.306 mean_len=84.4
[gat-train] update=1168 samples=747520 fps=66.5 loss=0.3384 actor=-0.0254 value=0.3785 entropy=1.4623 mean_return=27.319 mean_len=84.7
[gat-train] update=1169 samples=748160 fps=66.5 loss=0.2932 actor=-0.0897 value=0.3970 entropy=1.4062 mean_return=27.596 mean_len=84.8
[gat-train] update=1170 samples=748800 fps=66.6 loss=0.1954 actor=-0.1660 value=0.3752 entropy=1.3758 mean_return=27.639 mean_len=85.1
[gat-train] update=1171 samples=749440 fps=66.6 loss=0.5824 actor=0.1767 value=0.4192 entropy=1.3509 mean_return=27.640 mean_len=85.9
[gat-train] update=1172 samples=750080 fps=66.6 loss=0.4977 actor=0.1263 value=0.3854 entropy=1.3931 mean_return=27.404 mean_len=85.7
[gat-train] update=1173 samples=750720 fps=66.6 loss=0.3293 actor=-0.0122 value=0.3556 entropy=1.4046 mean_return=27.352 mean_len=85.9
[gat-train] update=1174 samples=751360 fps=66.7 loss=0.4455 actor=0.0682 value=0.3911 entropy=1.3826 mean_return=27.711 mean_len=86.1
[gat-train] update=1175 samples=752000 fps=66.7 loss=0.4033 actor=-0.0169 value=0.4337 entropy=1.3471 mean_return=27.697 mean_len=86.0
[gat-train] update=1176 samples=752640 fps=66.7 loss=0.3644 actor=-0.0967 value=0.4752 entropy=1.4092 mean_return=27.736 mean_len=86.0
[gat-train] update=1177 samples=753280 fps=66.7 loss=0.2431 actor=-0.0682 value=0.3251 entropy=1.3859 mean_return=27.458 mean_len=85.8
[gat-train] update=1178 samples=753920 fps=66.8 loss=0.2172 actor=-0.0872 value=0.3184 entropy=1.4029 mean_return=27.714 mean_len=85.7
[gat-train] update=1179 samples=754560 fps=66.8 loss=0.3163 actor=-0.0783 value=0.4091 entropy=1.4508 mean_return=27.589 mean_len=85.0
[gat-train] update=1180 samples=755200 fps=66.8 loss=0.2933 actor=-0.0511 value=0.3588 entropy=1.4411 mean_return=27.316 mean_len=84.2
[gat-train] update=1181 samples=755840 fps=66.8 loss=0.3756 actor=-0.0862 value=0.4753 entropy=1.3467 mean_return=27.395 mean_len=84.1
[gat-train] update=1182 samples=756480 fps=66.9 loss=0.1485 actor=-0.2203 value=0.3830 entropy=1.4135 mean_return=27.400 mean_len=83.3
[gat-train] update=1183 samples=757120 fps=66.9 loss=0.3819 actor=0.0003 value=0.3957 entropy=1.4150 mean_return=27.451 mean_len=83.4
[gat-train] update=1184 samples=757760 fps=66.9 loss=0.2972 actor=-0.0686 value=0.3799 entropy=1.4172 mean_return=27.419 mean_len=83.4
[gat-train] update=1185 samples=758400 fps=66.9 loss=0.1653 actor=-0.1648 value=0.3437 entropy=1.3659 mean_return=27.460 mean_len=83.4
[gat-train] update=1186 samples=759040 fps=67.0 loss=0.3293 actor=-0.0431 value=0.3861 entropy=1.3724 mean_return=27.377 mean_len=83.1
[gat-train] update=1187 samples=759680 fps=67.0 loss=0.2252 actor=-0.1274 value=0.3667 entropy=1.4022 mean_return=27.605 mean_len=83.8
[gat-train] update=1188 samples=760320 fps=67.0 loss=0.6248 actor=0.1955 value=0.4428 entropy=1.3555 mean_return=27.588 mean_len=84.3
[gat-train] update=1189 samples=760960 fps=67.0 loss=0.5039 actor=0.0652 value=0.4521 entropy=1.3452 mean_return=27.319 mean_len=84.3
[gat-train] update=1190 samples=761600 fps=67.1 loss=0.5804 actor=0.1150 value=0.4795 entropy=1.4025 mean_return=27.411 mean_len=84.9
[gat-train] update=1191 samples=762240 fps=67.1 loss=0.2533 actor=-0.0407 value=0.3081 entropy=1.4063 mean_return=27.256 mean_len=85.2
[gat-train] update=1192 samples=762880 fps=67.1 loss=0.4002 actor=0.0026 value=0.4115 entropy=1.3897 mean_return=27.199 mean_len=85.3
[gat-train] update=1193 samples=763520 fps=67.1 loss=0.5109 actor=-0.0128 value=0.5377 entropy=1.3900 mean_return=27.236 mean_len=84.9
[gat-train] update=1194 samples=764160 fps=67.2 loss=0.3642 actor=0.0252 value=0.3535 entropy=1.4489 mean_return=27.027 mean_len=84.9
[gat-train] update=1195 samples=764800 fps=67.2 loss=0.2714 actor=-0.1559 value=0.4425 entropy=1.5159 mean_return=27.012 mean_len=84.8
[gat-train] update=1196 samples=765440 fps=67.2 loss=0.2880 actor=-0.0329 value=0.3360 entropy=1.5083 mean_return=27.005 mean_len=84.9
[gat-train] update=1197 samples=766080 fps=67.2 loss=0.4920 actor=0.0872 value=0.4205 entropy=1.5743 mean_return=26.998 mean_len=85.0
[gat-train] update=1198 samples=766720 fps=67.3 loss=0.3228 actor=0.0102 value=0.3279 entropy=1.5263 mean_return=26.718 mean_len=84.1
[gat-train] update=1199 samples=767360 fps=67.3 loss=0.3078 actor=-0.0574 value=0.3802 entropy=1.4998 mean_return=26.584 mean_len=84.5
[gat-train] update=1200 samples=768000 fps=67.3 loss=0.4639 actor=0.0237 value=0.4552 entropy=1.5045 mean_return=27.107 mean_len=84.8
[gat-train] eval update=1200 torch_score=85.18 deploy_score=86.58 min=77.08 bottom10=79.47 max_regression=0.00 regressions=0 guard_rejected=0 best=86.58
[gat-train] update=1201 samples=768640 fps=66.1 loss=0.2974 actor=-0.0574 value=0.3695 entropy=1.4640 mean_return=27.375 mean_len=84.8
[gat-train] update=1202 samples=769280 fps=66.1 loss=0.3938 actor=-0.0110 value=0.4190 entropy=1.4235 mean_return=27.478 mean_len=84.7
[gat-train] update=1203 samples=769920 fps=66.1 loss=0.6111 actor=0.1483 value=0.4778 entropy=1.5001 mean_return=28.429 mean_len=86.5
[gat-train] update=1204 samples=770560 fps=66.2 loss=0.3203 actor=-0.0459 value=0.3802 entropy=1.3947 mean_return=28.435 mean_len=86.7
[gat-train] update=1205 samples=771200 fps=66.2 loss=0.3421 actor=-0.1667 value=0.5231 entropy=1.4306 mean_return=28.451 mean_len=86.1
[gat-train] update=1206 samples=771840 fps=66.2 loss=0.4801 actor=0.1168 value=0.3777 entropy=1.4382 mean_return=28.213 mean_len=86.0
[gat-train] update=1207 samples=772480 fps=66.3 loss=0.4201 actor=-0.0047 value=0.4389 entropy=1.4112 mean_return=28.116 mean_len=85.8
[gat-train] update=1208 samples=773120 fps=66.3 loss=0.4181 actor=0.0532 value=0.3794 entropy=1.4444 mean_return=27.706 mean_len=85.3
[gat-train] update=1209 samples=773760 fps=66.3 loss=0.2269 actor=-0.1271 value=0.3692 entropy=1.5227 mean_return=27.795 mean_len=84.9
[gat-train] update=1210 samples=774400 fps=66.3 loss=0.2752 actor=-0.0470 value=0.3373 entropy=1.5019 mean_return=27.449 mean_len=84.4
[gat-train] update=1211 samples=775040 fps=66.4 loss=0.2016 actor=-0.1419 value=0.3591 entropy=1.5581 mean_return=27.110 mean_len=83.6
[gat-train] update=1212 samples=775680 fps=66.4 loss=0.1917 actor=-0.1716 value=0.3783 entropy=1.5015 mean_return=27.062 mean_len=83.0
[gat-train] update=1213 samples=776320 fps=66.4 loss=0.2252 actor=-0.1522 value=0.3921 entropy=1.4680 mean_return=26.757 mean_len=83.2
[gat-train] update=1214 samples=776960 fps=66.4 loss=0.2241 actor=-0.1660 value=0.4053 entropy=1.5192 mean_return=26.389 mean_len=82.4
[gat-train] update=1215 samples=777600 fps=66.5 loss=0.2883 actor=-0.0677 value=0.3711 entropy=1.5095 mean_return=26.752 mean_len=82.5
[gat-train] update=1216 samples=778240 fps=66.5 loss=0.3161 actor=-0.0423 value=0.3729 entropy=1.4643 mean_return=26.932 mean_len=83.0
[gat-train] update=1217 samples=778880 fps=66.5 loss=0.2362 actor=-0.1622 value=0.4132 entropy=1.4767 mean_return=26.968 mean_len=83.1
[gat-train] update=1218 samples=779520 fps=66.5 loss=0.4026 actor=0.0298 value=0.3877 entropy=1.4895 mean_return=27.230 mean_len=83.1
[gat-train] update=1219 samples=780160 fps=66.6 loss=0.3479 actor=-0.1168 value=0.4787 entropy=1.4000 mean_return=27.110 mean_len=83.0
[gat-train] update=1220 samples=780800 fps=66.6 loss=0.4021 actor=0.0617 value=0.3552 entropy=1.4751 mean_return=27.028 mean_len=83.3
[gat-train] update=1221 samples=781440 fps=66.6 loss=0.4737 actor=0.0708 value=0.4169 entropy=1.4049 mean_return=27.184 mean_len=83.8
[gat-train] update=1222 samples=782080 fps=66.6 loss=0.4246 actor=0.0102 value=0.4291 entropy=1.4652 mean_return=27.053 mean_len=84.5
[gat-train] update=1223 samples=782720 fps=66.7 loss=0.5559 actor=0.1764 value=0.3941 entropy=1.4555 mean_return=26.874 mean_len=85.2
[gat-train] update=1224 samples=783360 fps=66.7 loss=0.2947 actor=-0.0180 value=0.3268 entropy=1.4111 mean_return=26.636 mean_len=84.7
[gat-train] update=1225 samples=784000 fps=66.7 loss=0.2754 actor=0.0253 value=0.2648 entropy=1.4740 mean_return=26.576 mean_len=84.9
[gat-train] update=1226 samples=784640 fps=66.7 loss=0.3040 actor=-0.0502 value=0.3688 entropy=1.4612 mean_return=26.605 mean_len=84.7
[gat-train] update=1227 samples=785280 fps=66.8 loss=0.4533 actor=0.0414 value=0.4258 entropy=1.3940 mean_return=26.860 mean_len=84.7
[gat-train] update=1228 samples=785920 fps=66.8 loss=0.3694 actor=0.0549 value=0.3291 entropy=1.4668 mean_return=26.748 mean_len=84.5
[gat-train] update=1229 samples=786560 fps=66.8 loss=0.2759 actor=-0.0919 value=0.3821 entropy=1.4287 mean_return=26.789 mean_len=84.7
[gat-train] update=1230 samples=787200 fps=66.8 loss=0.2113 actor=-0.0919 value=0.3177 entropy=1.4571 mean_return=27.009 mean_len=84.1
[gat-train] update=1231 samples=787840 fps=66.8 loss=0.5750 actor=0.0651 value=0.5241 entropy=1.4145 mean_return=27.493 mean_len=84.6
[gat-train] update=1232 samples=788480 fps=66.9 loss=0.4355 actor=0.0563 value=0.3937 entropy=1.4534 mean_return=27.323 mean_len=84.1
[gat-train] update=1233 samples=789120 fps=66.9 loss=0.4019 actor=0.0200 value=0.3966 entropy=1.4644 mean_return=27.273 mean_len=84.5
[gat-train] update=1234 samples=789760 fps=66.9 loss=0.3888 actor=0.0157 value=0.3872 entropy=1.4182 mean_return=27.310 mean_len=84.7
[gat-train] update=1235 samples=790400 fps=66.9 loss=0.4560 actor=0.0542 value=0.4163 entropy=1.4440 mean_return=27.286 mean_len=84.9
[gat-train] update=1236 samples=791040 fps=67.0 loss=0.3821 actor=-0.0093 value=0.4057 entropy=1.4360 mean_return=27.365 mean_len=85.2
[gat-train] update=1237 samples=791680 fps=67.0 loss=0.4904 actor=0.0927 value=0.4124 entropy=1.4646 mean_return=27.384 mean_len=85.2
[gat-train] update=1238 samples=792320 fps=67.0 loss=0.4485 actor=0.0120 value=0.4510 entropy=1.4512 mean_return=27.156 mean_len=85.1
[gat-train] update=1239 samples=792960 fps=67.0 loss=0.3581 actor=-0.0044 value=0.3770 entropy=1.4500 mean_return=27.293 mean_len=85.7
[gat-train] update=1240 samples=793600 fps=67.1 loss=0.2433 actor=-0.0877 value=0.3452 entropy=1.4217 mean_return=27.445 mean_len=85.6
[gat-train] update=1241 samples=794240 fps=67.1 loss=0.4708 actor=0.1076 value=0.3775 entropy=1.4299 mean_return=27.762 mean_len=86.2
[gat-train] update=1242 samples=794880 fps=67.1 loss=0.4828 actor=0.1472 value=0.3500 entropy=1.4354 mean_return=27.979 mean_len=86.6
[gat-train] update=1243 samples=795520 fps=67.1 loss=0.4127 actor=0.0200 value=0.4075 entropy=1.4829 mean_return=27.893 mean_len=86.5
[gat-train] update=1244 samples=796160 fps=67.2 loss=0.2398 actor=-0.0888 value=0.3431 entropy=1.4453 mean_return=27.810 mean_len=86.0
[gat-train] update=1245 samples=796800 fps=67.2 loss=0.2938 actor=-0.0394 value=0.3482 entropy=1.4981 mean_return=27.870 mean_len=86.1
[gat-train] update=1246 samples=797440 fps=67.2 loss=0.3458 actor=-0.0043 value=0.3645 entropy=1.4495 mean_return=28.390 mean_len=86.2
[gat-train] update=1247 samples=798080 fps=67.2 loss=0.2305 actor=-0.1371 value=0.3820 entropy=1.4386 mean_return=27.956 mean_len=85.6
[gat-train] update=1248 samples=798720 fps=67.3 loss=0.2883 actor=-0.1146 value=0.4180 entropy=1.5128 mean_return=27.920 mean_len=85.1
[gat-train] update=1249 samples=799360 fps=67.3 loss=0.4609 actor=0.1132 value=0.3619 entropy=1.4223 mean_return=27.815 mean_len=84.8
[gat-train] update=1250 samples=800000 fps=67.3 loss=0.4527 actor=0.0869 value=0.3801 entropy=1.4255 mean_return=27.803 mean_len=85.4
[gat-train] eval update=1250 torch_score=83.45 deploy_score=86.58 min=77.08 bottom10=79.47 max_regression=0.00 regressions=0 guard_rejected=0 best=86.58
[gat-train] update=1251 samples=800640 fps=66.1 loss=0.1776 actor=-0.1516 value=0.3437 entropy=1.4492 mean_return=27.529 mean_len=84.8
[gat-train] update=1252 samples=801280 fps=66.2 loss=0.5501 actor=0.1179 value=0.4464 entropy=1.4231 mean_return=27.452 mean_len=85.4
[gat-train] update=1253 samples=801920 fps=66.2 loss=0.4287 actor=0.0720 value=0.3708 entropy=1.4182 mean_return=27.390 mean_len=84.8
[gat-train] update=1254 samples=802560 fps=66.2 loss=0.2381 actor=-0.0699 value=0.3224 entropy=1.4403 mean_return=27.420 mean_len=84.7
[gat-train] update=1255 samples=803200 fps=66.2 loss=0.2740 actor=-0.0355 value=0.3241 entropy=1.4598 mean_return=27.164 mean_len=84.3
[gat-train] update=1256 samples=803840 fps=66.3 loss=0.5972 actor=0.1689 value=0.4431 entropy=1.4881 mean_return=27.546 mean_len=84.2
[gat-train] update=1257 samples=804480 fps=66.3 loss=0.3489 actor=0.0240 value=0.3389 entropy=1.4067 mean_return=27.375 mean_len=84.1
[gat-train] update=1258 samples=805120 fps=66.3 loss=0.5442 actor=-0.0024 value=0.5616 entropy=1.4992 mean_return=27.823 mean_len=84.7
[gat-train] update=1259 samples=805760 fps=66.3 loss=0.2010 actor=-0.1064 value=0.3225 entropy=1.5104 mean_return=27.741 mean_len=84.6
[gat-train] update=1260 samples=806400 fps=66.4 loss=0.4528 actor=-0.0598 value=0.5278 entropy=1.5205 mean_return=27.603 mean_len=84.4
[gat-train] update=1261 samples=807040 fps=66.4 loss=0.1395 actor=-0.1188 value=0.2729 entropy=1.4584 mean_return=27.383 mean_len=84.1
[gat-train] update=1262 samples=807680 fps=66.4 loss=0.2682 actor=-0.0350 value=0.3174 entropy=1.4185 mean_return=27.286 mean_len=84.6
[gat-train] update=1263 samples=808320 fps=66.4 loss=0.5181 actor=0.1072 value=0.4260 entropy=1.5123 mean_return=27.581 mean_len=85.2
[gat-train] update=1264 samples=808960 fps=66.4 loss=0.3294 actor=-0.0592 value=0.4034 entropy=1.4768 mean_return=27.099 mean_len=84.6
[gat-train] update=1265 samples=809600 fps=66.5 loss=0.2613 actor=-0.0943 value=0.3696 entropy=1.4028 mean_return=27.105 mean_len=84.7
[gat-train] update=1266 samples=810240 fps=66.5 loss=0.2899 actor=-0.0547 value=0.3590 entropy=1.4325 mean_return=27.534 mean_len=85.5
[gat-train] update=1267 samples=810880 fps=66.5 loss=0.5476 actor=0.0784 value=0.4835 entropy=1.4232 mean_return=27.641 mean_len=85.0
[gat-train] update=1268 samples=811520 fps=66.5 loss=0.3561 actor=0.0033 value=0.3668 entropy=1.4043 mean_return=27.663 mean_len=85.2
[gat-train] update=1269 samples=812160 fps=66.6 loss=0.4728 actor=-0.1183 value=0.6054 entropy=1.4349 mean_return=27.465 mean_len=84.1
[gat-train] update=1270 samples=812800 fps=66.6 loss=0.4633 actor=0.0645 value=0.4135 entropy=1.4705 mean_return=27.203 mean_len=84.0
[gat-train] update=1271 samples=813440 fps=66.6 loss=0.4422 actor=-0.0394 value=0.4966 entropy=1.4981 mean_return=26.741 mean_len=83.4
[gat-train] update=1272 samples=814080 fps=66.6 loss=0.3645 actor=-0.0272 value=0.4070 entropy=1.5301 mean_return=26.718 mean_len=83.3
[gat-train] update=1273 samples=814720 fps=66.7 loss=0.6201 actor=0.1178 value=0.5182 entropy=1.5876 mean_return=26.762 mean_len=83.2
[gat-train] update=1274 samples=815360 fps=66.7 loss=0.2812 actor=-0.1205 value=0.4176 entropy=1.5910 mean_return=26.919 mean_len=83.7
[gat-train] update=1275 samples=816000 fps=66.7 loss=0.1318 actor=-0.1680 value=0.3163 entropy=1.6395 mean_return=26.756 mean_len=83.2
[gat-train] update=1276 samples=816640 fps=66.7 loss=0.5161 actor=0.1084 value=0.4243 entropy=1.6624 mean_return=26.711 mean_len=83.8
[gat-train] update=1277 samples=817280 fps=66.8 loss=0.1170 actor=-0.1733 value=0.3066 entropy=1.6285 mean_return=26.766 mean_len=84.3
[gat-train] update=1278 samples=817920 fps=66.8 loss=0.3091 actor=0.0130 value=0.3121 entropy=1.6039 mean_return=27.061 mean_len=84.2
[gat-train] update=1279 samples=818560 fps=66.8 loss=0.5118 actor=-0.1530 value=0.6811 entropy=1.6272 mean_return=26.875 mean_len=83.4
[gat-train] update=1280 samples=819200 fps=66.8 loss=0.2195 actor=-0.1347 value=0.3699 entropy=1.5717 mean_return=26.448 mean_len=82.4
[gat-train] update=1281 samples=819840 fps=66.9 loss=0.2552 actor=-0.0923 value=0.3629 entropy=1.5352 mean_return=26.315 mean_len=82.1
[gat-train] update=1282 samples=820480 fps=66.9 loss=0.2349 actor=-0.1228 value=0.3735 entropy=1.5826 mean_return=26.206 mean_len=82.1
[gat-train] update=1283 samples=821120 fps=66.9 loss=0.5022 actor=0.0697 value=0.4485 entropy=1.5953 mean_return=26.369 mean_len=82.1
[gat-train] update=1284 samples=821760 fps=66.9 loss=0.4089 actor=-0.0675 value=0.4933 entropy=1.6840 mean_return=26.239 mean_len=82.1
[gat-train] update=1285 samples=822400 fps=66.9 loss=0.3776 actor=0.0242 value=0.3696 entropy=1.6227 mean_return=26.542 mean_len=82.6
[gat-train] update=1286 samples=823040 fps=67.0 loss=0.3985 actor=0.0370 value=0.3783 entropy=1.6810 mean_return=27.002 mean_len=83.9
[gat-train] update=1287 samples=823680 fps=67.0 loss=0.2701 actor=-0.0918 value=0.3789 entropy=1.6967 mean_return=27.162 mean_len=84.5
[gat-train] update=1288 samples=824320 fps=67.0 loss=0.2302 actor=-0.1100 value=0.3583 entropy=1.8023 mean_return=27.301 mean_len=84.5
[gat-train] update=1289 samples=824960 fps=67.0 loss=0.3869 actor=-0.0733 value=0.4786 entropy=1.8409 mean_return=27.460 mean_len=84.8
[gat-train] update=1290 samples=825600 fps=67.1 loss=0.2890 actor=-0.1111 value=0.4189 entropy=1.8761 mean_return=27.491 mean_len=84.9
[gat-train] update=1291 samples=826240 fps=67.1 loss=0.3448 actor=-0.1184 value=0.4826 entropy=1.9337 mean_return=27.759 mean_len=86.0
[gat-train] update=1292 samples=826880 fps=67.1 loss=0.0706 actor=-0.3246 value=0.4151 entropy=1.9847 mean_return=27.441 mean_len=85.1
[gat-train] update=1293 samples=827520 fps=67.1 loss=0.1151 actor=-0.2597 value=0.3950 entropy=2.0163 mean_return=27.049 mean_len=84.5
[gat-train] update=1294 samples=828160 fps=67.2 loss=0.1888 actor=-0.1715 value=0.3806 entropy=2.0258 mean_return=26.907 mean_len=84.3
[gat-train] update=1295 samples=828800 fps=67.2 loss=0.2305 actor=-0.1366 value=0.3875 entropy=2.0417 mean_return=26.697 mean_len=84.3
[gat-train] update=1296 samples=829440 fps=67.2 loss=0.1650 actor=-0.2044 value=0.3889 entropy=1.9497 mean_return=26.163 mean_len=83.2
[gat-train] update=1297 samples=830080 fps=67.2 loss=0.0996 actor=-0.2973 value=0.4169 entropy=2.0030 mean_return=25.889 mean_len=82.2
[gat-train] update=1298 samples=830720 fps=67.3 loss=0.2473 actor=-0.1898 value=0.4563 entropy=1.9198 mean_return=25.724 mean_len=82.2
[gat-train] update=1299 samples=831360 fps=67.3 loss=0.2704 actor=-0.0873 value=0.3772 entropy=1.9513 mean_return=25.829 mean_len=82.6
[gat-train] update=1300 samples=832000 fps=67.3 loss=0.2959 actor=-0.1358 value=0.4504 entropy=1.8714 mean_return=25.854 mean_len=82.5
[gat-train] eval update=1300 torch_score=85.45 deploy_score=86.58 min=77.08 bottom10=79.47 max_regression=0.00 regressions=0 guard_rejected=0 best=86.58
[gat-train] update=1301 samples=832640 fps=66.2 loss=0.4654 actor=0.0621 value=0.4224 entropy=1.9038 mean_return=25.779 mean_len=83.0
[gat-train] update=1302 samples=833280 fps=66.2 loss=0.1764 actor=-0.1518 value=0.3465 entropy=1.8266 mean_return=25.891 mean_len=82.9
[gat-train] update=1303 samples=833920 fps=66.2 loss=0.2211 actor=-0.2109 value=0.4499 entropy=1.7859 mean_return=25.981 mean_len=82.7
[gat-train] update=1304 samples=834560 fps=66.3 loss=0.3584 actor=-0.0621 value=0.4383 entropy=1.7779 mean_return=26.291 mean_len=83.5
[gat-train] update=1305 samples=835200 fps=66.3 loss=0.3083 actor=-0.1900 value=0.5159 entropy=1.7569 mean_return=26.246 mean_len=83.2
[gat-train] update=1306 samples=835840 fps=66.3 loss=0.3762 actor=0.0098 value=0.3832 entropy=1.6783 mean_return=26.260 mean_len=83.1
[gat-train] update=1307 samples=836480 fps=66.3 loss=0.3307 actor=-0.0365 value=0.3838 entropy=1.6628 mean_return=25.997 mean_len=82.7
[gat-train] update=1308 samples=837120 fps=66.3 loss=0.2755 actor=-0.0513 value=0.3426 entropy=1.5778 mean_return=26.040 mean_len=82.5
[gat-train] update=1309 samples=837760 fps=66.4 loss=0.5445 actor=-0.2046 value=0.7648 entropy=1.5731 mean_return=25.855 mean_len=81.9
[gat-train] update=1310 samples=838400 fps=66.4 loss=0.3037 actor=-0.0359 value=0.3550 entropy=1.5506 mean_return=25.572 mean_len=81.5
[gat-train] update=1311 samples=839040 fps=66.4 loss=0.3725 actor=-0.0969 value=0.4849 entropy=1.5519 mean_return=25.420 mean_len=81.4
[gat-train] update=1312 samples=839680 fps=66.4 loss=0.2500 actor=-0.0676 value=0.3325 entropy=1.4872 mean_return=25.463 mean_len=81.3
[gat-train] update=1313 samples=840320 fps=66.5 loss=0.4868 actor=0.0521 value=0.4495 entropy=1.4774 mean_return=25.797 mean_len=82.0
[gat-train] update=1314 samples=840960 fps=66.5 loss=0.7342 actor=0.1709 value=0.5781 entropy=1.4807 mean_return=26.302 mean_len=83.2
[gat-train] update=1315 samples=841600 fps=66.5 loss=0.4383 actor=-0.0437 value=0.4966 entropy=1.4683 mean_return=26.378 mean_len=83.0
[gat-train] update=1316 samples=842240 fps=66.5 loss=0.4932 actor=0.1068 value=0.4012 entropy=1.4810 mean_return=26.591 mean_len=84.5
[gat-train] update=1317 samples=842880 fps=66.6 loss=0.5210 actor=0.1781 value=0.3574 entropy=1.4495 mean_return=26.757 mean_len=84.2
[gat-train] update=1318 samples=843520 fps=66.6 loss=4.9821 actor=-0.3498 value=5.3463 entropy=1.4388 mean_return=26.141 mean_len=82.5
[gat-train] update=1319 samples=844160 fps=66.6 loss=0.4471 actor=0.0980 value=0.3633 entropy=1.4274 mean_return=26.149 mean_len=82.6
[gat-train] update=1320 samples=844800 fps=66.6 loss=0.5339 actor=0.1085 value=0.4402 entropy=1.4871 mean_return=26.215 mean_len=82.3
[gat-train] update=1321 samples=845440 fps=66.6 loss=0.3155 actor=-0.0532 value=0.3833 entropy=1.4560 mean_return=26.301 mean_len=81.7
[gat-train] update=1322 samples=846080 fps=66.7 loss=0.5145 actor=0.1398 value=0.3891 entropy=1.4407 mean_return=26.449 mean_len=81.4
[gat-train] update=1323 samples=846720 fps=66.7 loss=0.3771 actor=0.0186 value=0.3727 entropy=1.4236 mean_return=26.520 mean_len=81.6
[gat-train] update=1324 samples=847360 fps=66.7 loss=0.2511 actor=-0.1370 value=0.4028 entropy=1.4662 mean_return=26.635 mean_len=81.9
[gat-train] update=1325 samples=848000 fps=66.7 loss=0.5277 actor=0.0864 value=0.4561 entropy=1.4813 mean_return=27.325 mean_len=84.3
[gat-train] update=1326 samples=848640 fps=66.8 loss=0.3819 actor=0.0202 value=0.3760 entropy=1.4273 mean_return=27.764 mean_len=84.3
[gat-train] update=1327 samples=849280 fps=66.8 loss=0.3793 actor=0.0514 value=0.3424 entropy=1.4485 mean_return=27.548 mean_len=83.3
[gat-train] update=1328 samples=849920 fps=66.8 loss=0.4638 actor=0.0058 value=0.4725 entropy=1.4472 mean_return=27.895 mean_len=84.1
[gat-train] update=1329 samples=850560 fps=66.8 loss=0.4049 actor=-0.0232 value=0.4418 entropy=1.3759 mean_return=28.110 mean_len=84.6
[gat-train] update=1330 samples=851200 fps=66.8 loss=0.3809 actor=0.0126 value=0.3829 entropy=1.4471 mean_return=27.859 mean_len=84.8
[gat-train] update=1331 samples=851840 fps=66.9 loss=0.3320 actor=0.0028 value=0.3429 entropy=1.3768 mean_return=27.821 mean_len=84.6
[gat-train] update=1332 samples=852480 fps=66.9 loss=0.4253 actor=0.0055 value=0.4338 entropy=1.4030 mean_return=27.572 mean_len=83.8
[gat-train] update=1333 samples=853120 fps=66.9 loss=0.5035 actor=0.0793 value=0.4379 entropy=1.3661 mean_return=27.646 mean_len=84.4
[gat-train] update=1334 samples=853760 fps=66.9 loss=0.3473 actor=-0.0577 value=0.4189 entropy=1.3916 mean_return=27.564 mean_len=84.4
[gat-train] update=1335 samples=854400 fps=67.0 loss=0.3196 actor=-0.0382 value=0.3720 entropy=1.4179 mean_return=27.056 mean_len=83.4
[gat-train] update=1336 samples=855040 fps=67.0 loss=0.5753 actor=0.1326 value=0.4566 entropy=1.3952 mean_return=27.583 mean_len=84.5
[gat-train] update=1337 samples=855680 fps=67.0 loss=0.4187 actor=-0.0014 value=0.4342 entropy=1.4068 mean_return=27.634 mean_len=84.7
[gat-train] update=1338 samples=856320 fps=67.0 loss=0.5329 actor=0.1347 value=0.4123 entropy=1.4220 mean_return=27.761 mean_len=85.2
[gat-train] update=1339 samples=856960 fps=67.1 loss=0.5545 actor=0.1138 value=0.4551 entropy=1.4420 mean_return=27.887 mean_len=85.3
[gat-train] update=1340 samples=857600 fps=67.1 loss=0.4200 actor=0.0537 value=0.3803 entropy=1.4072 mean_return=27.873 mean_len=85.3
[gat-train] update=1341 samples=858240 fps=67.1 loss=0.4841 actor=0.1284 value=0.3700 entropy=1.4263 mean_return=27.990 mean_len=85.4
[gat-train] update=1342 samples=858880 fps=67.1 loss=0.4280 actor=0.0657 value=0.3760 entropy=1.3782 mean_return=27.972 mean_len=85.2
[gat-train] update=1343 samples=859520 fps=67.1 loss=0.6294 actor=-0.2054 value=0.8488 entropy=1.4103 mean_return=27.915 mean_len=84.6
[gat-train] update=1344 samples=860160 fps=67.2 loss=0.6683 actor=0.2164 value=0.4657 entropy=1.3755 mean_return=27.811 mean_len=84.1
[gat-train] update=1345 samples=860800 fps=67.2 loss=0.3722 actor=0.0081 value=0.3775 entropy=1.3432 mean_return=27.760 mean_len=84.3
[gat-train] update=1346 samples=861440 fps=67.2 loss=0.6381 actor=0.1161 value=0.5361 entropy=1.4122 mean_return=27.689 mean_len=84.6
[gat-train] update=1347 samples=862080 fps=67.2 loss=0.3728 actor=0.0247 value=0.3627 entropy=1.4615 mean_return=26.966 mean_len=83.8
[gat-train] update=1348 samples=862720 fps=67.3 loss=0.2138 actor=-0.1785 value=0.4064 entropy=1.4139 mean_return=26.849 mean_len=83.5
[gat-train] update=1349 samples=863360 fps=67.3 loss=0.5576 actor=0.0044 value=0.5671 entropy=1.3904 mean_return=27.068 mean_len=83.8
[gat-train] update=1350 samples=864000 fps=67.3 loss=0.5105 actor=0.0446 value=0.4800 entropy=1.4135 mean_return=27.182 mean_len=84.3
[gat-train] eval update=1350 torch_score=86.32 deploy_score=86.58 min=77.08 bottom10=79.47 max_regression=0.00 regressions=0 guard_rejected=0 best=86.58
[gat-train] update=1351 samples=864640 fps=66.2 loss=0.6362 actor=0.1064 value=0.5441 entropy=1.4295 mean_return=27.822 mean_len=84.9
[gat-train] update=1352 samples=865280 fps=66.2 loss=0.4184 actor=-0.0100 value=0.4425 entropy=1.4103 mean_return=27.994 mean_len=84.9
[gat-train] update=1353 samples=865920 fps=66.3 loss=0.5574 actor=0.1171 value=0.4539 entropy=1.3563 mean_return=28.304 mean_len=85.4
[gat-train] update=1354 samples=866560 fps=66.3 loss=0.2990 actor=-0.1083 value=0.4216 entropy=1.4305 mean_return=28.661 mean_len=85.3
[gat-train] update=1355 samples=867200 fps=66.3 loss=0.3902 actor=0.0179 value=0.3868 entropy=1.4415 mean_return=28.713 mean_len=85.1
[gat-train] update=1356 samples=867840 fps=66.3 loss=0.4860 actor=0.0996 value=0.4011 entropy=1.4702 mean_return=28.588 mean_len=84.9
[gat-train] update=1357 samples=868480 fps=66.3 loss=0.4665 actor=-0.0116 value=0.4925 entropy=1.4309 mean_return=28.206 mean_len=84.1
[gat-train] update=1358 samples=869120 fps=66.4 loss=0.3177 actor=-0.0129 value=0.3450 entropy=1.4355 mean_return=27.756 mean_len=83.2
[gat-train] update=1359 samples=869760 fps=66.4 loss=0.2932 actor=-0.0364 value=0.3437 entropy=1.4122 mean_return=27.528 mean_len=82.9
[gat-train] update=1360 samples=870400 fps=66.4 loss=0.3885 actor=0.0185 value=0.3840 entropy=1.3967 mean_return=27.691 mean_len=82.7
[gat-train] update=1361 samples=871040 fps=66.4 loss=0.4317 actor=0.0313 value=0.4147 entropy=1.4291 mean_return=27.648 mean_len=82.6
[gat-train] update=1362 samples=871680 fps=66.5 loss=0.4110 actor=-0.0473 value=0.4721 entropy=1.3786 mean_return=27.394 mean_len=82.8
[gat-train] update=1363 samples=872320 fps=66.5 loss=0.4185 actor=0.0204 value=0.4122 entropy=1.4082 mean_return=27.547 mean_len=83.7
[gat-train] update=1364 samples=872960 fps=66.5 loss=0.3712 actor=-0.0124 value=0.3977 entropy=1.4149 mean_return=27.487 mean_len=83.7
[gat-train] update=1365 samples=873600 fps=66.5 loss=0.5281 actor=0.0565 value=0.4853 entropy=1.3646 mean_return=27.502 mean_len=84.6
[gat-train] update=1366 samples=874240 fps=66.5 loss=0.3666 actor=0.0199 value=0.3612 entropy=1.4527 mean_return=27.220 mean_len=84.4
[gat-train] update=1367 samples=874880 fps=66.6 loss=0.3380 actor=0.0108 value=0.3410 entropy=1.3801 mean_return=27.271 mean_len=84.6
[gat-train] update=1368 samples=875520 fps=66.6 loss=0.4017 actor=0.0195 value=0.3964 entropy=1.4192 mean_return=27.269 mean_len=84.5
[gat-train] update=1369 samples=876160 fps=66.6 loss=0.3464 actor=-0.0529 value=0.4126 entropy=1.3309 mean_return=27.068 mean_len=83.8
[gat-train] update=1370 samples=876800 fps=66.6 loss=0.5224 actor=0.0785 value=0.4576 entropy=1.3714 mean_return=27.278 mean_len=84.2
[gat-train] update=1371 samples=877440 fps=66.6 loss=0.4775 actor=0.0621 value=0.4297 entropy=1.4235 mean_return=27.104 mean_len=84.1
[gat-train] update=1372 samples=878080 fps=66.7 loss=0.5045 actor=0.0456 value=0.4723 entropy=1.3458 mean_return=27.596 mean_len=84.7
[gat-train] update=1373 samples=878720 fps=66.7 loss=0.5302 actor=0.1586 value=0.3853 entropy=1.3661 mean_return=27.433 mean_len=85.0
[gat-train] update=1374 samples=879360 fps=66.7 loss=0.5301 actor=-0.0598 value=0.6037 entropy=1.3833 mean_return=27.424 mean_len=84.5
[gat-train] update=1375 samples=880000 fps=66.7 loss=0.4857 actor=0.0586 value=0.4410 entropy=1.3856 mean_return=27.682 mean_len=85.2
[gat-train] update=1376 samples=880640 fps=66.8 loss=0.4644 actor=0.0916 value=0.3867 entropy=1.3852 mean_return=27.505 mean_len=85.0
[gat-train] update=1377 samples=881280 fps=66.8 loss=0.3650 actor=0.0538 value=0.3255 entropy=1.4168 mean_return=27.539 mean_len=84.9
[gat-train] update=1378 samples=881920 fps=66.8 loss=0.2650 actor=-0.1159 value=0.3957 entropy=1.4802 mean_return=27.237 mean_len=84.5
[gat-train] update=1379 samples=882560 fps=66.8 loss=0.2314 actor=-0.2146 value=0.4605 entropy=1.4501 mean_return=27.145 mean_len=83.8
[gat-train] update=1380 samples=883200 fps=66.8 loss=0.5044 actor=0.0254 value=0.4942 entropy=1.5173 mean_return=27.167 mean_len=83.4
[gat-train] update=1381 samples=883840 fps=66.9 loss=0.3241 actor=-0.0496 value=0.3887 entropy=1.5063 mean_return=27.149 mean_len=83.0
[gat-train] update=1382 samples=884480 fps=66.9 loss=0.2840 actor=-0.0260 value=0.3257 entropy=1.5685 mean_return=27.048 mean_len=83.5
[gat-train] update=1383 samples=885120 fps=66.9 loss=0.2254 actor=-0.1362 value=0.3773 entropy=1.5691 mean_return=26.996 mean_len=83.4
[gat-train] update=1384 samples=885760 fps=66.9 loss=0.4379 actor=0.0371 value=0.4173 entropy=1.6576 mean_return=27.204 mean_len=83.7
[gat-train] update=1385 samples=886400 fps=67.0 loss=0.3919 actor=0.0078 value=0.4006 entropy=1.6453 mean_return=27.500 mean_len=83.9
[gat-train] update=1386 samples=887040 fps=67.0 loss=0.2810 actor=-0.1076 value=0.4053 entropy=1.6682 mean_return=27.678 mean_len=84.2
[gat-train] update=1387 samples=887680 fps=67.0 loss=0.3860 actor=0.0366 value=0.3658 entropy=1.6414 mean_return=27.532 mean_len=84.6
[gat-train] update=1388 samples=888320 fps=67.0 loss=0.2550 actor=-0.1103 value=0.3815 entropy=1.6200 mean_return=27.621 mean_len=84.3
[gat-train] update=1389 samples=888960 fps=67.0 loss=0.4915 actor=0.0746 value=0.4337 entropy=1.6873 mean_return=27.724 mean_len=84.6
[gat-train] update=1390 samples=889600 fps=67.1 loss=0.4120 actor=0.0505 value=0.3786 entropy=1.7159 mean_return=27.617 mean_len=84.8
[gat-train] update=1391 samples=890240 fps=67.1 loss=0.4266 actor=0.0272 value=0.4166 entropy=1.7213 mean_return=27.373 mean_len=84.7
[gat-train] update=1392 samples=890880 fps=67.1 loss=0.3942 actor=-0.0130 value=0.4249 entropy=1.7747 mean_return=27.141 mean_len=84.9
[gat-train] update=1393 samples=891520 fps=67.1 loss=0.3489 actor=-0.0249 value=0.3917 entropy=1.7892 mean_return=27.137 mean_len=85.2
[gat-train] update=1394 samples=892160 fps=67.2 loss=0.3242 actor=-0.0384 value=0.3812 entropy=1.8627 mean_return=27.334 mean_len=85.7
[gat-train] update=1395 samples=892800 fps=67.2 loss=0.1784 actor=-0.1785 value=0.3749 entropy=1.8014 mean_return=27.257 mean_len=85.3
[gat-train] update=1396 samples=893440 fps=67.2 loss=0.1667 actor=-0.1975 value=0.3825 entropy=1.8370 mean_return=27.053 mean_len=84.1
[gat-train] update=1397 samples=894080 fps=67.2 loss=0.2035 actor=-0.1833 value=0.4050 entropy=1.8182 mean_return=27.135 mean_len=83.1
[gat-train] update=1398 samples=894720 fps=67.2 loss=0.2019 actor=-0.1399 value=0.3593 entropy=1.7503 mean_return=26.854 mean_len=82.5
[gat-train] update=1399 samples=895360 fps=67.3 loss=0.3223 actor=-0.0556 value=0.3948 entropy=1.6809 mean_return=26.937 mean_len=82.9
[gat-train] update=1400 samples=896000 fps=67.3 loss=0.1735 actor=-0.1910 value=0.3816 entropy=1.7023 mean_return=26.936 mean_len=82.7
[gat-train] eval update=1400 torch_score=85.90 deploy_score=86.58 min=77.08 bottom10=79.47 max_regression=0.00 regressions=0 guard_rejected=0 best=86.58
[gat-train] update=1401 samples=896640 fps=66.2 loss=0.3991 actor=-0.0285 value=0.4441 entropy=1.6498 mean_return=26.629 mean_len=82.2
[gat-train] update=1402 samples=897280 fps=66.3 loss=0.2772 actor=-0.1054 value=0.3990 entropy=1.6399 mean_return=26.517 mean_len=82.0
[gat-train] update=1403 samples=897920 fps=66.3 loss=0.4584 actor=0.0217 value=0.4524 entropy=1.5680 mean_return=26.952 mean_len=83.6
[gat-train] update=1404 samples=898560 fps=66.3 loss=0.2311 actor=-0.1355 value=0.3827 entropy=1.6060 mean_return=27.074 mean_len=84.3
[gat-train] update=1405 samples=899200 fps=66.3 loss=0.2893 actor=-0.0287 value=0.3337 entropy=1.5712 mean_return=27.170 mean_len=83.9
[gat-train] update=1406 samples=899840 fps=66.4 loss=0.1862 actor=-0.1363 value=0.3382 entropy=1.5725 mean_return=27.000 mean_len=84.1
[gat-train] update=1407 samples=900480 fps=66.4 loss=0.4323 actor=0.0722 value=0.3753 entropy=1.5206 mean_return=26.978 mean_len=84.3
[gat-train] update=1408 samples=901120 fps=66.4 loss=0.2971 actor=0.0106 value=0.3020 entropy=1.5502 mean_return=27.179 mean_len=84.8
[gat-train] update=1409 samples=901760 fps=66.4 loss=0.3604 actor=0.0571 value=0.3187 entropy=1.5464 mean_return=27.465 mean_len=85.3
[gat-train] update=1410 samples=902400 fps=66.4 loss=0.5157 actor=0.0818 value=0.4488 entropy=1.4906 mean_return=27.058 mean_len=84.9
[gat-train] update=1411 samples=903040 fps=66.5 loss=0.3109 actor=-0.0686 value=0.3943 entropy=1.4775 mean_return=26.987 mean_len=84.2
[gat-train] update=1412 samples=903680 fps=66.5 loss=0.3903 actor=0.0069 value=0.3982 entropy=1.4887 mean_return=26.850 mean_len=84.0
[gat-train] update=1413 samples=904320 fps=66.5 loss=0.4504 actor=0.0308 value=0.4347 entropy=1.5055 mean_return=27.144 mean_len=84.1
[gat-train] update=1414 samples=904960 fps=66.5 loss=0.4585 actor=0.0140 value=0.4586 entropy=1.4050 mean_return=27.301 mean_len=83.8
[gat-train] update=1415 samples=905600 fps=66.5 loss=0.2991 actor=-0.0379 value=0.3511 entropy=1.4137 mean_return=27.300 mean_len=83.8
[gat-train] update=1416 samples=906240 fps=66.6 loss=0.4541 actor=0.1151 value=0.3533 entropy=1.4360 mean_return=27.492 mean_len=83.9
[gat-train] update=1417 samples=906880 fps=66.6 loss=0.2316 actor=-0.0684 value=0.3144 entropy=1.4425 mean_return=27.424 mean_len=83.6
[gat-train] update=1418 samples=907520 fps=66.6 loss=0.4364 actor=0.0186 value=0.4320 entropy=1.4313 mean_return=27.283 mean_len=84.9
[gat-train] update=1419 samples=908160 fps=66.6 loss=0.2261 actor=-0.1117 value=0.3524 entropy=1.4618 mean_return=27.548 mean_len=84.8
[gat-train] update=1420 samples=908800 fps=66.7 loss=0.2077 actor=-0.0582 value=0.2807 entropy=1.4821 mean_return=27.351 mean_len=84.1
[gat-train] update=1421 samples=909440 fps=66.7 loss=0.2693 actor=-0.0852 value=0.3690 entropy=1.4418 mean_return=27.354 mean_len=84.8
[gat-train] update=1422 samples=910080 fps=66.7 loss=0.3688 actor=-0.0289 value=0.4120 entropy=1.4275 mean_return=27.316 mean_len=84.3
[gat-train] update=1423 samples=910720 fps=66.7 loss=0.2434 actor=-0.1657 value=0.4233 entropy=1.4173 mean_return=27.438 mean_len=84.0
[gat-train] update=1424 samples=911360 fps=66.7 loss=0.3605 actor=0.0359 value=0.3395 entropy=1.4880 mean_return=27.867 mean_len=83.8
[gat-train] update=1425 samples=912000 fps=66.8 loss=0.2839 actor=-0.0665 value=0.3643 entropy=1.3790 mean_return=27.895 mean_len=83.9
[gat-train] update=1426 samples=912640 fps=66.8 loss=0.4579 actor=0.0712 value=0.4009 entropy=1.4171 mean_return=27.720 mean_len=84.0
[gat-train] update=1427 samples=913280 fps=66.8 loss=0.4702 actor=0.0561 value=0.4286 entropy=1.4550 mean_return=27.943 mean_len=83.9
[gat-train] update=1428 samples=913920 fps=66.8 loss=0.2932 actor=-0.1311 value=0.4387 entropy=1.4304 mean_return=27.516 mean_len=83.6
[gat-train] update=1429 samples=914560 fps=66.8 loss=0.3280 actor=-0.0073 value=0.3497 entropy=1.4407 mean_return=27.672 mean_len=84.1
[gat-train] update=1430 samples=915200 fps=66.9 loss=0.2682 actor=-0.0257 value=0.3081 entropy=1.4163 mean_return=27.358 mean_len=84.6
[gat-train] update=1431 samples=915840 fps=66.9 loss=0.2188 actor=-0.1043 value=0.3378 entropy=1.4592 mean_return=27.216 mean_len=84.4
[gat-train] update=1432 samples=916480 fps=66.9 loss=0.2451 actor=-0.1024 value=0.3621 entropy=1.4585 mean_return=27.279 mean_len=84.2
[gat-train] update=1433 samples=917120 fps=66.9 loss=0.2889 actor=-0.0796 value=0.3828 entropy=1.4244 mean_return=27.065 mean_len=84.3
[gat-train] update=1434 samples=917760 fps=67.0 loss=0.3387 actor=-0.0267 value=0.3794 entropy=1.4070 mean_return=27.090 mean_len=84.1
[gat-train] update=1435 samples=918400 fps=67.0 loss=0.3178 actor=-0.0282 value=0.3599 entropy=1.3897 mean_return=27.180 mean_len=84.2
[gat-train] update=1436 samples=919040 fps=67.0 loss=0.3138 actor=-0.0617 value=0.3896 entropy=1.4133 mean_return=27.030 mean_len=83.8
[gat-train] update=1437 samples=919680 fps=67.0 loss=0.2812 actor=-0.1203 value=0.4157 entropy=1.4158 mean_return=27.565 mean_len=84.0
[gat-train] update=1438 samples=920320 fps=67.0 loss=0.3482 actor=0.0175 value=0.3452 entropy=1.4490 mean_return=27.452 mean_len=83.8
[gat-train] update=1439 samples=920960 fps=67.1 loss=0.2143 actor=-0.1178 value=0.3466 entropy=1.4523 mean_return=27.697 mean_len=84.9
[gat-train] update=1440 samples=921600 fps=67.1 loss=0.4540 actor=0.0038 value=0.4646 entropy=1.4399 mean_return=27.878 mean_len=84.7
[gat-train] update=1441 samples=922240 fps=67.1 loss=0.5414 actor=0.0741 value=0.4812 entropy=1.3945 mean_return=27.975 mean_len=85.3
[gat-train] update=1442 samples=922880 fps=67.1 loss=0.4208 actor=0.0346 value=0.4005 entropy=1.4255 mean_return=27.670 mean_len=85.2
[gat-train] update=1443 samples=923520 fps=67.1 loss=0.0707 actor=-0.2389 value=0.3241 entropy=1.4477 mean_return=27.272 mean_len=84.7
[gat-train] update=1444 samples=924160 fps=67.2 loss=0.6094 actor=0.1148 value=0.5091 entropy=1.4514 mean_return=27.275 mean_len=84.5
[gat-train] update=1445 samples=924800 fps=67.2 loss=0.3360 actor=-0.0325 value=0.3829 entropy=1.4337 mean_return=27.218 mean_len=84.1
[gat-train] update=1446 samples=925440 fps=67.2 loss=0.2512 actor=-0.0392 value=0.3043 entropy=1.3871 mean_return=26.903 mean_len=83.9
[gat-train] update=1447 samples=926080 fps=67.2 loss=0.6532 actor=0.0786 value=0.5887 entropy=1.4133 mean_return=26.993 mean_len=83.3
[gat-train] update=1448 samples=926720 fps=67.3 loss=0.2420 actor=-0.1172 value=0.3736 entropy=1.4312 mean_return=27.192 mean_len=83.4
[gat-train] update=1449 samples=927360 fps=67.3 loss=0.3850 actor=0.0589 value=0.3408 entropy=1.4760 mean_return=27.639 mean_len=84.2
[gat-train] update=1450 samples=928000 fps=67.3 loss=0.2732 actor=-0.0622 value=0.3496 entropy=1.4204 mean_return=27.654 mean_len=84.1
[gat-train] eval update=1450 torch_score=85.33 deploy_score=86.58 min=77.08 bottom10=79.47 max_regression=0.00 regressions=0 guard_rejected=0 best=86.58
[gat-train] update=1451 samples=928640 fps=66.3 loss=0.3746 actor=-0.0671 value=0.4560 entropy=1.4243 mean_return=27.548 mean_len=84.0
[gat-train] update=1452 samples=929280 fps=66.3 loss=0.3745 actor=0.0095 value=0.3788 entropy=1.3829 mean_return=27.636 mean_len=84.0
[gat-train] update=1453 samples=929920 fps=66.3 loss=0.4322 actor=-0.0202 value=0.4664 entropy=1.3984 mean_return=27.864 mean_len=84.3
[gat-train] update=1454 samples=930560 fps=66.3 loss=0.5626 actor=0.1413 value=0.4357 entropy=1.4393 mean_return=27.454 mean_len=84.8
[gat-train] update=1455 samples=931200 fps=66.4 loss=0.4724 actor=-0.1561 value=0.6433 entropy=1.4903 mean_return=27.053 mean_len=84.2
[gat-train] update=1456 samples=931840 fps=66.4 loss=0.3610 actor=0.0136 value=0.3620 entropy=1.4514 mean_return=26.617 mean_len=84.2
[gat-train] update=1457 samples=932480 fps=66.4 loss=0.4743 actor=0.0462 value=0.4420 entropy=1.3798 mean_return=26.861 mean_len=84.4
[gat-train] update=1458 samples=933120 fps=66.4 loss=0.3373 actor=-0.1178 value=0.4696 entropy=1.4456 mean_return=26.500 mean_len=84.0
[gat-train] update=1459 samples=933760 fps=66.4 loss=0.5366 actor=0.0602 value=0.4904 entropy=1.4034 mean_return=26.720 mean_len=83.3
[gat-train] update=1460 samples=934400 fps=66.5 loss=0.3435 actor=-0.0349 value=0.3924 entropy=1.3901 mean_return=26.952 mean_len=83.5
[gat-train] update=1461 samples=935040 fps=66.5 loss=0.1840 actor=-0.1652 value=0.3637 entropy=1.4504 mean_return=27.086 mean_len=83.3
[gat-train] update=1462 samples=935680 fps=66.5 loss=0.4316 actor=0.0771 value=0.3681 entropy=1.3460 mean_return=27.082 mean_len=83.5
[gat-train] update=1463 samples=936320 fps=66.5 loss=0.3913 actor=-0.0148 value=0.4195 entropy=1.3437 mean_return=27.184 mean_len=83.7
[gat-train] update=1464 samples=936960 fps=66.6 loss=0.6732 actor=0.1781 value=0.5088 entropy=1.3687 mean_return=27.199 mean_len=84.4
[gat-train] update=1465 samples=937600 fps=66.6 loss=0.4492 actor=0.0285 value=0.4348 entropy=1.4096 mean_return=27.105 mean_len=84.6
[gat-train] update=1466 samples=938240 fps=66.6 loss=0.3505 actor=-0.0231 value=0.3881 entropy=1.4499 mean_return=26.926 mean_len=84.5
[gat-train] update=1467 samples=938880 fps=66.6 loss=0.3253 actor=-0.0159 value=0.3554 entropy=1.4181 mean_return=26.928 mean_len=84.5
[gat-train] update=1468 samples=939520 fps=66.6 loss=0.4556 actor=0.0563 value=0.4136 entropy=1.4199 mean_return=26.887 mean_len=84.3
[gat-train] update=1469 samples=940160 fps=66.7 loss=0.4013 actor=0.0558 value=0.3599 entropy=1.4317 mean_return=27.054 mean_len=84.2
[gat-train] update=1470 samples=940800 fps=66.7 loss=0.3184 actor=-0.0318 value=0.3640 entropy=1.3816 mean_return=27.234 mean_len=84.3
[gat-train] update=1471 samples=941440 fps=66.7 loss=0.4688 actor=0.0766 value=0.4062 entropy=1.3958 mean_return=27.620 mean_len=84.2
[gat-train] update=1472 samples=942080 fps=66.7 loss=0.5803 actor=0.0152 value=0.5794 entropy=1.4331 mean_return=27.876 mean_len=83.5
[gat-train] update=1473 samples=942720 fps=66.7 loss=0.3295 actor=-0.0395 value=0.3832 entropy=1.4226 mean_return=27.895 mean_len=83.4
[gat-train] update=1474 samples=943360 fps=66.8 loss=0.4417 actor=0.0345 value=0.4217 entropy=1.4509 mean_return=27.705 mean_len=83.2
[gat-train] update=1475 samples=944000 fps=66.8 loss=0.4860 actor=0.0775 value=0.4227 entropy=1.4172 mean_return=27.456 mean_len=83.5
[gat-train] update=1476 samples=944640 fps=66.8 loss=0.4822 actor=0.0566 value=0.4400 entropy=1.4397 mean_return=27.385 mean_len=84.0
[gat-train] update=1477 samples=945280 fps=66.8 loss=0.3562 actor=0.0144 value=0.3562 entropy=1.4443 mean_return=27.636 mean_len=84.4
[gat-train] update=1478 samples=945920 fps=66.8 loss=0.2772 actor=-0.0544 value=0.3461 entropy=1.4531 mean_return=27.350 mean_len=84.0
[gat-train] update=1479 samples=946560 fps=66.9 loss=0.5992 actor=0.0622 value=0.5517 entropy=1.4615 mean_return=27.437 mean_len=84.5
[gat-train] update=1480 samples=947200 fps=66.9 loss=0.1915 actor=-0.1332 value=0.3390 entropy=1.4262 mean_return=27.524 mean_len=84.7
[gat-train] update=1481 samples=947840 fps=66.9 loss=0.4228 actor=0.0517 value=0.3861 entropy=1.4952 mean_return=27.937 mean_len=85.4
[gat-train] update=1482 samples=948480 fps=66.9 loss=0.4973 actor=0.1542 value=0.3579 entropy=1.4754 mean_return=27.986 mean_len=85.0
[gat-train] update=1483 samples=949120 fps=66.9 loss=0.4775 actor=-0.1011 value=0.5938 entropy=1.5118 mean_return=27.741 mean_len=83.6
[gat-train] update=1484 samples=949760 fps=67.0 loss=0.2743 actor=-0.0733 value=0.3625 entropy=1.4887 mean_return=27.646 mean_len=83.5
[gat-train] update=1485 samples=950400 fps=67.0 loss=0.2598 actor=-0.1338 value=0.4089 entropy=1.5313 mean_return=27.346 mean_len=82.4
[gat-train] update=1486 samples=951040 fps=67.0 loss=0.1690 actor=-0.1679 value=0.3523 entropy=1.5399 mean_return=27.128 mean_len=82.4
[gat-train] update=1487 samples=951680 fps=67.0 loss=0.2361 actor=-0.2002 value=0.4519 entropy=1.5634 mean_return=27.208 mean_len=82.2
[gat-train] update=1488 samples=952320 fps=67.0 loss=0.2646 actor=-0.0856 value=0.3663 entropy=1.6129 mean_return=26.776 mean_len=81.8
[gat-train] update=1489 samples=952960 fps=67.1 loss=0.3553 actor=0.0465 value=0.3241 entropy=1.5239 mean_return=27.033 mean_len=83.1
[gat-train] update=1490 samples=953600 fps=67.1 loss=0.3312 actor=-0.0477 value=0.3944 entropy=1.5535 mean_return=26.960 mean_len=83.3
[gat-train] update=1491 samples=954240 fps=67.1 loss=0.3296 actor=-0.0171 value=0.3628 entropy=1.6033 mean_return=27.266 mean_len=83.3
[gat-train] update=1492 samples=954880 fps=67.1 loss=0.3862 actor=0.0241 value=0.3781 entropy=1.6039 mean_return=27.518 mean_len=83.7
[gat-train] update=1493 samples=955520 fps=67.1 loss=0.4724 actor=0.0330 value=0.4553 entropy=1.5823 mean_return=27.273 mean_len=83.7
[gat-train] update=1494 samples=956160 fps=67.2 loss=0.5204 actor=0.1027 value=0.4338 entropy=1.6011 mean_return=27.420 mean_len=83.9
[gat-train] update=1495 samples=956800 fps=67.2 loss=0.1514 actor=-0.1923 value=0.3597 entropy=1.5906 mean_return=27.433 mean_len=84.3
[gat-train] update=1496 samples=957440 fps=67.2 loss=0.5675 actor=-0.0123 value=0.5958 entropy=1.5927 mean_return=27.091 mean_len=83.4
[gat-train] update=1497 samples=958080 fps=67.2 loss=0.4101 actor=0.0539 value=0.3716 entropy=1.5387 mean_return=26.887 mean_len=83.1
[gat-train] update=1498 samples=958720 fps=67.2 loss=0.3690 actor=0.0427 value=0.3419 entropy=1.5628 mean_return=26.660 mean_len=83.3
[gat-train] update=1499 samples=959360 fps=67.3 loss=0.3274 actor=0.0086 value=0.3342 entropy=1.5450 mean_return=26.906 mean_len=84.5
[gat-train] update=1500 samples=960000 fps=67.3 loss=0.4488 actor=0.0832 value=0.3810 entropy=1.5366 mean_return=26.843 mean_len=84.1
[gat-train] eval update=1500 torch_score=83.98 deploy_score=86.58 min=77.08 bottom10=79.47 max_regression=0.00 regressions=0 guard_rejected=0 best=86.58
[INFO][AppLauncher]: Using device: cuda:0
[INFO][AppLauncher]: Loading experience file: /home/user/IsaacLab/apps/isaaclab.python.headless.kit
Loading user config located at: '/home/user/isaacsim/kit/data/Kit/Isaac-Sim/5.1/user.config.json'
[Info] [carb] Logging to file: /home/user/isaacsim/kit/logs/Kit/Isaac-Sim/5.1/kit_20260716_012632.log
2026-07-15T16:26:32Z [199ms] [Warning] [omni.usd_config.extension] Enable omni.materialx.libs extension to use MaterialX
2026-07-15T16:26:33Z [749ms] [Warning] [carb] Acquiring non optional plugin interface which is not listed as dependency: [omni::physx::IPhysxBenchmarks v1.0] (plugin: <default plugin>), by client: omni.physics.physx.plugin. Add it to CARB_PLUGIN_IMPL_DEPS() macro of a client.
2026-07-15T16:26:33Z [855ms] [Warning] [omni.isaac.dynamic_control] omni.isaac.dynamic_control is deprecated as of Isaac Sim 4.5. No action is needed from end-users.
2026-07-15T16:26:59Z [26,994ms] [Warning] [gpu.foundation.plugin] Skipping unsupported non-NVIDIA GPU: AMD Unknown (RADV RAPHAEL_MENDOCINO)
2026-07-15T16:26:59Z [26,994ms] [Warning] [gpu.foundation.plugin] Skipping unsupported non-NVIDIA GPU: AMD Unknown (RADV RAPHAEL_MENDOCINO)

|---------------------------------------------------------------------------------------------|
| Driver Version: 580.159.03    | Graphics API: Vulkan
|=============================================================================================|
| GPU | Name                             | Active | LDA | GPU Memory | Vendor-ID | LUID       |
|     |                                  |        |     |            | Device-ID | UUID       |
|     |                                  |        |     |            | Bus-ID    |            |
|---------------------------------------------------------------------------------------------|
| 0   | NVIDIA RTX PRO 6000 Blackwell .. | Yes: 0 |     | 97887   MB | 10de      | 0          |
|     |                                  |        |     |            | 2bb1      | 25b334fd.. |
|     |                                  |        |     |            | 1         |            |
|---------------------------------------------------------------------------------------------|
| 1   | AMD Unknown (RADV RAPHAEL_MEND.. |        |     | 43508   MB | 1002      | 0          |
|     |                                  |        |     |            | 13c0      | 00000000.. |
|     |                                  |        |     |            | 79        |            |
|=============================================================================================|
| OS: 22.04.5 LTS (Jammy Jellyfish) ubuntu, Version: 22.04.5, Kernel: 6.8.0-124-generic
| XServer Vendor: The X.Org Foundation, XServer Version: 12101004 (1.21.1.4)
| Processor: AMD Ryzen 9 9950X3D 16-Core Processor
| Cores: 16 | Logical Cores: 32
|---------------------------------------------------------------------------------------------|
| Total Memory (MB): 126428 | Free Memory: 105370
| Total Page/Swap (MB): 2047 | Free Page/Swap: 2047
|---------------------------------------------------------------------------------------------|
2026-07-15T16:27:21Z [48,513ms] [Warning] [omni.kvdb.plugin] Disabling key-value database because another kit process is locking it
[INFO][AppLauncher]: Using device: cuda:0
[INFO][AppLauncher]: Loading experience file: /home/user/IsaacLab/apps/isaaclab.python.headless.kit
Loading user config located at: '/home/user/isaacsim/kit/data/Kit/Isaac-Sim/5.1/user.config.json'
[Info] [carb] Logging to file: /home/user/isaacsim/kit/logs/Kit/Isaac-Sim/5.1/kit_20260716_012632.log
2026-07-15T16:26:32Z [160ms] [Warning] [carb.omniclient.plugin]  785821: OmniHub: ThreadId(03) Hub encountered error. Trying to reconnect to Hub. retry_reason="Hub failed to launch: Io(\"Resource temporarily unavailable (os error 11)\")"
2026-07-15T16:26:33Z [332ms] [Warning] [omni.usd_config.extension] Enable omni.materialx.libs extension to use MaterialX
2026-07-15T16:26:33Z [790ms] [Warning] [carb] Acquiring non optional plugin interface which is not listed as dependency: [omni::physx::IPhysxBenchmarks v1.0] (plugin: <default plugin>), by client: omni.physics.physx.plugin. Add it to CARB_PLUGIN_IMPL_DEPS() macro of a client.
2026-07-15T16:26:33Z [901ms] [Warning] [omni.isaac.dynamic_control] omni.isaac.dynamic_control is deprecated as of Isaac Sim 4.5. No action is needed from end-users.
2026-07-15T16:26:59Z [27,089ms] [Warning] [gpu.foundation.plugin] Skipping unsupported non-NVIDIA GPU: AMD Unknown (RADV RAPHAEL_MENDOCINO)
2026-07-15T16:26:59Z [27,089ms] [Warning] [gpu.foundation.plugin] Skipping unsupported non-NVIDIA GPU: AMD Unknown (RADV RAPHAEL_MENDOCINO)

|---------------------------------------------------------------------------------------------|
| Driver Version: 580.159.03    | Graphics API: Vulkan
|=============================================================================================|
| GPU | Name                             | Active | LDA | GPU Memory | Vendor-ID | LUID       |
|     |                                  |        |     |            | Device-ID | UUID       |
|     |                                  |        |     |            | Bus-ID    |            |
|---------------------------------------------------------------------------------------------|
| 0   | NVIDIA RTX PRO 6000 Blackwell .. | Yes: 0 |     | 97887   MB | 10de      | 0          |
|     |                                  |        |     |            | 2bb1      | 25b334fd.. |
|     |                                  |        |     |            | 1         |            |
|---------------------------------------------------------------------------------------------|
| 1   | AMD Unknown (RADV RAPHAEL_MEND.. |        |     | 43508   MB | 1002      | 0          |
|     |                                  |        |     |            | 13c0      | 00000000.. |
|     |                                  |        |     |            | 79        |            |
|=============================================================================================|
| OS: 22.04.5 LTS (Jammy Jellyfish) ubuntu, Version: 22.04.5, Kernel: 6.8.0-124-generic
| XServer Vendor: The X.Org Foundation, XServer Version: 12101004 (1.21.1.4)
| Processor: AMD Ryzen 9 9950X3D 16-Core Processor
| Cores: 16 | Logical Cores: 32
|---------------------------------------------------------------------------------------------|
| Total Memory (MB): 126428 | Free Memory: 105370
| Total Page/Swap (MB): 2047 | Free Page/Swap: 2047
|---------------------------------------------------------------------------------------------|
2026-07-15T16:27:21Z [48,704ms] [Warning] [omni.kvdb.plugin] Disabling key-value database because another kit process is locking it
[INFO][AppLauncher]: Using device: cuda:0
[INFO][AppLauncher]: Loading experience file: /home/user/IsaacLab/apps/isaaclab.python.headless.kit
[INFO][AppLauncher]: Using device: cuda:0
[INFO][AppLauncher]: Loading experience file: /home/user/IsaacLab/apps/isaaclab.python.headless.kit
[INFO][AppLauncher]: Using device: cuda:0
[INFO][AppLauncher]: Loading experience file: /home/user/IsaacLab/apps/isaaclab.python.headless.kit
Loading user config located at: '/home/user/isaacsim/kit/data/Kit/Isaac-Sim/5.1/user.config.json'
[Info] [carb] Logging to file: /home/user/isaacsim/kit/logs/Kit/Isaac-Sim/5.1/kit_20260716_012632.log
2026-07-15T16:26:32Z [217ms] [Warning] [omni.usd_config.extension] Enable omni.materialx.libs extension to use MaterialX
2026-07-15T16:26:33Z [617ms] [Warning] [carb] Acquiring non optional plugin interface which is not listed as dependency: [omni::physx::IPhysxBenchmarks v1.0] (plugin: <default plugin>), by client: omni.physics.physx.plugin. Add it to CARB_PLUGIN_IMPL_DEPS() macro of a client.
2026-07-15T16:26:33Z [761ms] [Warning] [omni.isaac.dynamic_control] omni.isaac.dynamic_control is deprecated as of Isaac Sim 4.5. No action is needed from end-users.
2026-07-15T16:27:00Z [27,731ms] [Warning] [gpu.foundation.plugin] Skipping unsupported non-NVIDIA GPU: AMD Unknown (RADV RAPHAEL_MENDOCINO)
2026-07-15T16:27:00Z [27,731ms] [Warning] [gpu.foundation.plugin] Skipping unsupported non-NVIDIA GPU: AMD Unknown (RADV RAPHAEL_MENDOCINO)

|---------------------------------------------------------------------------------------------|
| Driver Version: 580.159.03    | Graphics API: Vulkan
|=============================================================================================|
| GPU | Name                             | Active | LDA | GPU Memory | Vendor-ID | LUID       |
|     |                                  |        |     |            | Device-ID | UUID       |
|     |                                  |        |     |            | Bus-ID    |            |
|---------------------------------------------------------------------------------------------|
| 0   | NVIDIA RTX PRO 6000 Blackwell .. | Yes: 0 |     | 97887   MB | 10de      | 0          |
|     |                                  |        |     |            | 2bb1      | 25b334fd.. |
|     |                                  |        |     |            | 1         |            |
|---------------------------------------------------------------------------------------------|
| 1   | AMD Unknown (RADV RAPHAEL_MEND.. |        |     | 43508   MB | 1002      | 0          |
|     |                                  |        |     |            | 13c0      | 00000000.. |
|     |                                  |        |     |            | 79        |            |
|=============================================================================================|
| OS: 22.04.5 LTS (Jammy Jellyfish) ubuntu, Version: 22.04.5, Kernel: 6.8.0-124-generic
| XServer Vendor: The X.Org Foundation, XServer Version: 12101004 (1.21.1.4)
| Processor: AMD Ryzen 9 9950X3D 16-Core Processor
| Cores: 16 | Logical Cores: 32
|---------------------------------------------------------------------------------------------|
| Total Memory (MB): 126428 | Free Memory: 105374
| Total Page/Swap (MB): 2047 | Free Page/Swap: 2047
|---------------------------------------------------------------------------------------------|
2026-07-15T16:27:22Z [49,873ms] [Warning] [omni.kvdb.plugin] Disabling key-value database because another kit process is locking it
Loading user config located at: '/home/user/isaacsim/kit/data/Kit/Isaac-Sim/5.1/user.config.json'
[Info] [carb] Logging to file: /home/user/isaacsim/kit/logs/Kit/Isaac-Sim/5.1/kit_20260716_012632.log
2026-07-15T16:26:32Z [226ms] [Warning] [omni.usd_config.extension] Enable omni.materialx.libs extension to use MaterialX
2026-07-15T16:26:33Z [790ms] [Warning] [carb] Acquiring non optional plugin interface which is not listed as dependency: [omni::physx::IPhysxBenchmarks v1.0] (plugin: <default plugin>), by client: omni.physics.physx.plugin. Add it to CARB_PLUGIN_IMPL_DEPS() macro of a client.
2026-07-15T16:26:33Z [896ms] [Warning] [omni.isaac.dynamic_control] omni.isaac.dynamic_control is deprecated as of Isaac Sim 4.5. No action is needed from end-users.
2026-07-15T16:27:00Z [27,693ms] [Warning] [gpu.foundation.plugin] Skipping unsupported non-NVIDIA GPU: AMD Unknown (RADV RAPHAEL_MENDOCINO)
2026-07-15T16:27:00Z [27,693ms] [Warning] [gpu.foundation.plugin] Skipping unsupported non-NVIDIA GPU: AMD Unknown (RADV RAPHAEL_MENDOCINO)

|---------------------------------------------------------------------------------------------|
| Driver Version: 580.159.03    | Graphics API: Vulkan
|=============================================================================================|
| GPU | Name                             | Active | LDA | GPU Memory | Vendor-ID | LUID       |
|     |                                  |        |     |            | Device-ID | UUID       |
|     |                                  |        |     |            | Bus-ID    |            |
|---------------------------------------------------------------------------------------------|
| 0   | NVIDIA RTX PRO 6000 Blackwell .. | Yes: 0 |     | 97887   MB | 10de      | 0          |
|     |                                  |        |     |            | 2bb1      | 25b334fd.. |
|     |                                  |        |     |            | 1         |            |
|---------------------------------------------------------------------------------------------|
| 1   | AMD Unknown (RADV RAPHAEL_MEND.. |        |     | 43508   MB | 1002      | 0          |
|     |                                  |        |     |            | 13c0      | 00000000.. |
|     |                                  |        |     |            | 79        |            |
|=============================================================================================|
| OS: 22.04.5 LTS (Jammy Jellyfish) ubuntu, Version: 22.04.5, Kernel: 6.8.0-124-generic
| XServer Vendor: The X.Org Foundation, XServer Version: 12101004 (1.21.1.4)
| Processor: AMD Ryzen 9 9950X3D 16-Core Processor
| Cores: 16 | Logical Cores: 32
|---------------------------------------------------------------------------------------------|
| Total Memory (MB): 126428 | Free Memory: 105374
| Total Page/Swap (MB): 2047 | Free Page/Swap: 2047
|---------------------------------------------------------------------------------------------|
2026-07-15T16:27:22Z [49,602ms] [Warning] [omni.kvdb.plugin] Disabling key-value database because another kit process is locking it
[INFO][AppLauncher]: Using device: cuda:0
[INFO][AppLauncher]: Loading experience file: /home/user/IsaacLab/apps/isaaclab.python.headless.kit
Loading user config located at: '/home/user/isaacsim/kit/data/Kit/Isaac-Sim/5.1/user.config.json'
[Info] [carb] Logging to file: /home/user/isaacsim/kit/logs/Kit/Isaac-Sim/5.1/kit_20260716_012632.log
2026-07-15T16:26:32Z [182ms] [Warning] [omni.usd_config.extension] Enable omni.materialx.libs extension to use MaterialX
2026-07-15T16:26:33Z [581ms] [Warning] [carb] Acquiring non optional plugin interface which is not listed as dependency: [omni::physx::IPhysxBenchmarks v1.0] (plugin: <default plugin>), by client: omni.physics.physx.plugin. Add it to CARB_PLUGIN_IMPL_DEPS() macro of a client.
2026-07-15T16:26:33Z [701ms] [Warning] [omni.isaac.dynamic_control] omni.isaac.dynamic_control is deprecated as of Isaac Sim 4.5. No action is needed from end-users.
2026-07-15T16:26:59Z [26,999ms] [Warning] [gpu.foundation.plugin] Skipping unsupported non-NVIDIA GPU: AMD Unknown (RADV RAPHAEL_MENDOCINO)
2026-07-15T16:26:59Z [27,000ms] [Warning] [gpu.foundation.plugin] Skipping unsupported non-NVIDIA GPU: AMD Unknown (RADV RAPHAEL_MENDOCINO)

|---------------------------------------------------------------------------------------------|
| Driver Version: 580.159.03    | Graphics API: Vulkan
|=============================================================================================|
| GPU | Name                             | Active | LDA | GPU Memory | Vendor-ID | LUID       |
|     |                                  |        |     |            | Device-ID | UUID       |
|     |                                  |        |     |            | Bus-ID    |            |
|---------------------------------------------------------------------------------------------|
| 0   | NVIDIA RTX PRO 6000 Blackwell .. | Yes: 0 |     | 97887   MB | 10de      | 0          |
|     |                                  |        |     |            | 2bb1      | 25b334fd.. |
|     |                                  |        |     |            | 1         |            |
|---------------------------------------------------------------------------------------------|
| 1   | AMD Unknown (RADV RAPHAEL_MEND.. |        |     | 43508   MB | 1002      | 0          |
|     |                                  |        |     |            | 13c0      | 00000000.. |
|     |                                  |        |     |            | 79        |            |
|=============================================================================================|
| OS: 22.04.5 LTS (Jammy Jellyfish) ubuntu, Version: 22.04.5, Kernel: 6.8.0-124-generic
| XServer Vendor: The X.Org Foundation, XServer Version: 12101004 (1.21.1.4)
| Processor: AMD Ryzen 9 9950X3D 16-Core Processor
| Cores: 16 | Logical Cores: 32
|---------------------------------------------------------------------------------------------|
| Total Memory (MB): 126428 | Free Memory: 105370
| Total Page/Swap (MB): 2047 | Free Page/Swap: 2047
|---------------------------------------------------------------------------------------------|
2026-07-15T16:27:21Z [48,764ms] [Warning] [omni.kvdb.plugin] Disabling key-value database because another kit process is locking it
[INFO][AppLauncher]: Using device: cuda:0
[INFO][AppLauncher]: Loading experience file: /home/user/IsaacLab/apps/isaaclab.python.headless.kit
[INFO][AppLauncher]: Using device: cuda:0
[INFO][AppLauncher]: Loading experience file: /home/user/IsaacLab/apps/isaaclab.python.headless.kit
Loading user config located at: '/home/user/isaacsim/kit/data/Kit/Isaac-Sim/5.1/user.config.json'
[Info] [carb] Logging to file: /home/user/isaacsim/kit/logs/Kit/Isaac-Sim/5.1/kit_20260716_012632.log
2026-07-15T16:26:32Z [244ms] [Warning] [omni.usd_config.extension] Enable omni.materialx.libs extension to use MaterialX
2026-07-15T16:26:33Z [793ms] [Warning] [carb] Acquiring non optional plugin interface which is not listed as dependency: [omni::physx::IPhysxBenchmarks v1.0] (plugin: <default plugin>), by client: omni.physics.physx.plugin. Add it to CARB_PLUGIN_IMPL_DEPS() macro of a client.
2026-07-15T16:26:33Z [903ms] [Warning] [omni.isaac.dynamic_control] omni.isaac.dynamic_control is deprecated as of Isaac Sim 4.5. No action is needed from end-users.
2026-07-15T16:26:59Z [27,039ms] [Warning] [gpu.foundation.plugin] Skipping unsupported non-NVIDIA GPU: AMD Unknown (RADV RAPHAEL_MENDOCINO)
2026-07-15T16:26:59Z [27,040ms] [Warning] [gpu.foundation.plugin] Skipping unsupported non-NVIDIA GPU: AMD Unknown (RADV RAPHAEL_MENDOCINO)

|---------------------------------------------------------------------------------------------|
| Driver Version: 580.159.03    | Graphics API: Vulkan
|=============================================================================================|
| GPU | Name                             | Active | LDA | GPU Memory | Vendor-ID | LUID       |
|     |                                  |        |     |            | Device-ID | UUID       |
|     |                                  |        |     |            | Bus-ID    |            |
|---------------------------------------------------------------------------------------------|
| 0   | NVIDIA RTX PRO 6000 Blackwell .. | Yes: 0 |     | 97887   MB | 10de      | 0          |
|     |                                  |        |     |            | 2bb1      | 25b334fd.. |
|     |                                  |        |     |            | 1         |            |
|---------------------------------------------------------------------------------------------|
| 1   | AMD Unknown (RADV RAPHAEL_MEND.. |        |     | 43508   MB | 1002      | 0          |
|     |                                  |        |     |            | 13c0      | 00000000.. |
|     |                                  |        |     |            | 79        |            |
|=============================================================================================|
| OS: 22.04.5 LTS (Jammy Jellyfish) ubuntu, Version: 22.04.5, Kernel: 6.8.0-124-generic
| XServer Vendor: The X.Org Foundation, XServer Version: 12101004 (1.21.1.4)
| Processor: AMD Ryzen 9 9950X3D 16-Core Processor
| Cores: 16 | Logical Cores: 32
|---------------------------------------------------------------------------------------------|
| Total Memory (MB): 126428 | Free Memory: 105370
| Total Page/Swap (MB): 2047 | Free Page/Swap: 2047
|---------------------------------------------------------------------------------------------|
2026-07-15T16:27:21Z [48,804ms] [Warning] [omni.kvdb.plugin] Disabling key-value database because another kit process is locking it
Loading user config located at: '/home/user/isaacsim/kit/data/Kit/Isaac-Sim/5.1/user.config.json'
[Info] [carb] Logging to file: /home/user/isaacsim/kit/logs/Kit/Isaac-Sim/5.1/kit_20260716_012632.log
2026-07-15T16:26:32Z [229ms] [Warning] [omni.usd_config.extension] Enable omni.materialx.libs extension to use MaterialX
2026-07-15T16:26:33Z [742ms] [Warning] [carb] Acquiring non optional plugin interface which is not listed as dependency: [omni::physx::IPhysxBenchmarks v1.0] (plugin: <default plugin>), by client: omni.physics.physx.plugin. Add it to CARB_PLUGIN_IMPL_DEPS() macro of a client.
2026-07-15T16:26:33Z [851ms] [Warning] [omni.isaac.dynamic_control] omni.isaac.dynamic_control is deprecated as of Isaac Sim 4.5. No action is needed from end-users.
2026-07-15T16:26:59Z [27,119ms] [Warning] [gpu.foundation.plugin] Skipping unsupported non-NVIDIA GPU: AMD Unknown (RADV RAPHAEL_MENDOCINO)
2026-07-15T16:26:59Z [27,119ms] [Warning] [gpu.foundation.plugin] Skipping unsupported non-NVIDIA GPU: AMD Unknown (RADV RAPHAEL_MENDOCINO)

|---------------------------------------------------------------------------------------------|
| Driver Version: 580.159.03    | Graphics API: Vulkan
|=============================================================================================|
| GPU | Name                             | Active | LDA | GPU Memory | Vendor-ID | LUID       |
|     |                                  |        |     |            | Device-ID | UUID       |
|     |                                  |        |     |            | Bus-ID    |            |
|---------------------------------------------------------------------------------------------|
| 0   | NVIDIA RTX PRO 6000 Blackwell .. | Yes: 0 |     | 97887   MB | 10de      | 0          |
|     |                                  |        |     |            | 2bb1      | 25b334fd.. |
|     |                                  |        |     |            | 1         |            |
|---------------------------------------------------------------------------------------------|
| 1   | AMD Unknown (RADV RAPHAEL_MEND.. |        |     | 43508   MB | 1002      | 0          |
|     |                                  |        |     |            | 13c0      | 00000000.. |
|     |                                  |        |     |            | 79        |            |
|=============================================================================================|
| OS: 22.04.5 LTS (Jammy Jellyfish) ubuntu, Version: 22.04.5, Kernel: 6.8.0-124-generic
| XServer Vendor: The X.Org Foundation, XServer Version: 12101004 (1.21.1.4)
| Processor: AMD Ryzen 9 9950X3D 16-Core Processor
| Cores: 16 | Logical Cores: 32
|---------------------------------------------------------------------------------------------|
| Total Memory (MB): 126428 | Free Memory: 105377
| Total Page/Swap (MB): 2047 | Free Page/Swap: 2047
|---------------------------------------------------------------------------------------------|
2026-07-15T16:27:19Z [47,116ms] [Warning] [omni.kvdb.plugin] Disabling key-value database because another kit process is locking it
[INFO][AppLauncher]: Using device: cuda:0
[INFO][AppLauncher]: Loading experience file: /home/user/IsaacLab/apps/isaaclab.python.headless.kit
Loading user config located at: '/home/user/isaacsim/kit/data/Kit/Isaac-Sim/5.1/user.config.json'
[Info] [carb] Logging to file: /home/user/isaacsim/kit/logs/Kit/Isaac-Sim/5.1/kit_20260716_012632.log
2026-07-15T16:26:32Z [208ms] [Warning] [omni.usd_config.extension] Enable omni.materialx.libs extension to use MaterialX
2026-07-15T16:26:33Z [738ms] [Warning] [carb] Acquiring non optional plugin interface which is not listed as dependency: [omni::physx::IPhysxBenchmarks v1.0] (plugin: <default plugin>), by client: omni.physics.physx.plugin. Add it to CARB_PLUGIN_IMPL_DEPS() macro of a client.
2026-07-15T16:26:33Z [847ms] [Warning] [omni.isaac.dynamic_control] omni.isaac.dynamic_control is deprecated as of Isaac Sim 4.5. No action is needed from end-users.
2026-07-15T16:27:00Z [27,644ms] [Warning] [gpu.foundation.plugin] Skipping unsupported non-NVIDIA GPU: AMD Unknown (RADV RAPHAEL_MENDOCINO)
2026-07-15T16:27:00Z [27,644ms] [Warning] [gpu.foundation.plugin] Skipping unsupported non-NVIDIA GPU: AMD Unknown (RADV RAPHAEL_MENDOCINO)

|---------------------------------------------------------------------------------------------|
| Driver Version: 580.159.03    | Graphics API: Vulkan
|=============================================================================================|
| GPU | Name                             | Active | LDA | GPU Memory | Vendor-ID | LUID       |
|     |                                  |        |     |            | Device-ID | UUID       |
|     |                                  |        |     |            | Bus-ID    |            |
|---------------------------------------------------------------------------------------------|
| 0   | NVIDIA RTX PRO 6000 Blackwell .. | Yes: 0 |     | 97887   MB | 10de      | 0          |
|     |                                  |        |     |            | 2bb1      | 25b334fd.. |
|     |                                  |        |     |            | 1         |            |
|---------------------------------------------------------------------------------------------|
| 1   | AMD Unknown (RADV RAPHAEL_MEND.. |        |     | 43508   MB | 1002      | 0          |
|     |                                  |        |     |            | 13c0      | 00000000.. |
|     |                                  |        |     |            | 79        |            |
|=============================================================================================|
| OS: 22.04.5 LTS (Jammy Jellyfish) ubuntu, Version: 22.04.5, Kernel: 6.8.0-124-generic
| XServer Vendor: The X.Org Foundation, XServer Version: 12101004 (1.21.1.4)
| Processor: AMD Ryzen 9 9950X3D 16-Core Processor
| Cores: 16 | Logical Cores: 32
|---------------------------------------------------------------------------------------------|
| Total Memory (MB): 126428 | Free Memory: 105374
| Total Page/Swap (MB): 2047 | Free Page/Swap: 2047
|---------------------------------------------------------------------------------------------|
2026-07-15T16:27:21Z [49,073ms] [Warning] [omni.kvdb.plugin] Disabling key-value database because another kit process is locking it
[INFO][AppLauncher]: Using device: cuda:0
[INFO][AppLauncher]: Loading experience file: /home/user/IsaacLab/apps/isaaclab.python.headless.kit
[INFO][AppLauncher]: Using device: cuda:0
[INFO][AppLauncher]: Loading experience file: /home/user/IsaacLab/apps/isaaclab.python.headless.kit
[INFO][AppLauncher]: Using device: cuda:0
[INFO][AppLauncher]: Loading experience file: /home/user/IsaacLab/apps/isaaclab.python.headless.kit
Loading user config located at: '/home/user/isaacsim/kit/data/Kit/Isaac-Sim/5.1/user.config.json'
[Info] [carb] Logging to file: /home/user/isaacsim/kit/logs/Kit/Isaac-Sim/5.1/kit_20260716_012632.log
2026-07-15T16:26:32Z [233ms] [Warning] [omni.usd_config.extension] Enable omni.materialx.libs extension to use MaterialX
2026-07-15T16:26:33Z [590ms] [Warning] [carb] Acquiring non optional plugin interface which is not listed as dependency: [omni::physx::IPhysxBenchmarks v1.0] (plugin: <default plugin>), by client: omni.physics.physx.plugin. Add it to CARB_PLUGIN_IMPL_DEPS() macro of a client.
2026-07-15T16:26:33Z [704ms] [Warning] [omni.isaac.dynamic_control] omni.isaac.dynamic_control is deprecated as of Isaac Sim 4.5. No action is needed from end-users.
2026-07-15T16:26:59Z [26,902ms] [Warning] [gpu.foundation.plugin] Skipping unsupported non-NVIDIA GPU: AMD Unknown (RADV RAPHAEL_MENDOCINO)
2026-07-15T16:26:59Z [26,902ms] [Warning] [gpu.foundation.plugin] Skipping unsupported non-NVIDIA GPU: AMD Unknown (RADV RAPHAEL_MENDOCINO)

|---------------------------------------------------------------------------------------------|
| Driver Version: 580.159.03    | Graphics API: Vulkan
|=============================================================================================|
| GPU | Name                             | Active | LDA | GPU Memory | Vendor-ID | LUID       |
|     |                                  |        |     |            | Device-ID | UUID       |
|     |                                  |        |     |            | Bus-ID    |            |
|---------------------------------------------------------------------------------------------|
| 0   | NVIDIA RTX PRO 6000 Blackwell .. | Yes: 0 |     | 97887   MB | 10de      | 0          |
|     |                                  |        |     |            | 2bb1      | 25b334fd.. |
|     |                                  |        |     |            | 1         |            |
|---------------------------------------------------------------------------------------------|
| 1   | AMD Unknown (RADV RAPHAEL_MEND.. |        |     | 43508   MB | 1002      | 0          |
|     |                                  |        |     |            | 13c0      | 00000000.. |
|     |                                  |        |     |            | 79        |            |
|=============================================================================================|
| OS: 22.04.5 LTS (Jammy Jellyfish) ubuntu, Version: 22.04.5, Kernel: 6.8.0-124-generic
| XServer Vendor: The X.Org Foundation, XServer Version: 12101004 (1.21.1.4)
| Processor: AMD Ryzen 9 9950X3D 16-Core Processor
| Cores: 16 | Logical Cores: 32
|---------------------------------------------------------------------------------------------|
| Total Memory (MB): 126428 | Free Memory: 105370
| Total Page/Swap (MB): 2047 | Free Page/Swap: 2047
|---------------------------------------------------------------------------------------------|
2026-07-15T16:27:19Z [46,715ms] [Warning] [omni.kvdb.plugin] Disabling key-value database because another kit process is locking it
Loading user config located at: '/home/user/isaacsim/kit/data/Kit/Isaac-Sim/5.1/user.config.json'
[Info] [carb] Logging to file: /home/user/isaacsim/kit/logs/Kit/Isaac-Sim/5.1/kit_20260716_012632.log
2026-07-15T16:26:32Z [218ms] [Warning] [omni.usd_config.extension] Enable omni.materialx.libs extension to use MaterialX
2026-07-15T16:26:33Z [697ms] [Warning] [carb] Acquiring non optional plugin interface which is not listed as dependency: [omni::physx::IPhysxBenchmarks v1.0] (plugin: <default plugin>), by client: omni.physics.physx.plugin. Add it to CARB_PLUGIN_IMPL_DEPS() macro of a client.
2026-07-15T16:26:33Z [814ms] [Warning] [omni.isaac.dynamic_control] omni.isaac.dynamic_control is deprecated as of Isaac Sim 4.5. No action is needed from end-users.
2026-07-15T16:26:59Z [27,015ms] [Warning] [gpu.foundation.plugin] Skipping unsupported non-NVIDIA GPU: AMD Unknown (RADV RAPHAEL_MENDOCINO)
2026-07-15T16:26:59Z [27,015ms] [Warning] [gpu.foundation.plugin] Skipping unsupported non-NVIDIA GPU: AMD Unknown (RADV RAPHAEL_MENDOCINO)

|---------------------------------------------------------------------------------------------|
| Driver Version: 580.159.03    | Graphics API: Vulkan
|=============================================================================================|
| GPU | Name                             | Active | LDA | GPU Memory | Vendor-ID | LUID       |
|     |                                  |        |     |            | Device-ID | UUID       |
|     |                                  |        |     |            | Bus-ID    |            |
|---------------------------------------------------------------------------------------------|
| 0   | NVIDIA RTX PRO 6000 Blackwell .. | Yes: 0 |     | 97887   MB | 10de      | 0          |
|     |                                  |        |     |            | 2bb1      | 25b334fd.. |
|     |                                  |        |     |            | 1         |            |
|---------------------------------------------------------------------------------------------|
| 1   | AMD Unknown (RADV RAPHAEL_MEND.. |        |     | 43508   MB | 1002      | 0          |
|     |                                  |        |     |            | 13c0      | 00000000.. |
|     |                                  |        |     |            | 79        |            |
|=============================================================================================|
| OS: 22.04.5 LTS (Jammy Jellyfish) ubuntu, Version: 22.04.5, Kernel: 6.8.0-124-generic
| XServer Vendor: The X.Org Foundation, XServer Version: 12101004 (1.21.1.4)
| Processor: AMD Ryzen 9 9950X3D 16-Core Processor
| Cores: 16 | Logical Cores: 32
|---------------------------------------------------------------------------------------------|
| Total Memory (MB): 126428 | Free Memory: 105370
| Total Page/Swap (MB): 2047 | Free Page/Swap: 2047
|---------------------------------------------------------------------------------------------|
2026-07-15T16:27:20Z [47,825ms] [Warning] [omni.kvdb.plugin] Disabling key-value database because another kit process is locking it
[INFO][AppLauncher]: Using device: cuda:0
[INFO][AppLauncher]: Loading experience file: /home/user/IsaacLab/apps/isaaclab.python.headless.kit
[INFO][AppLauncher]: Using device: cuda:0
[INFO][AppLauncher]: Loading experience file: /home/user/IsaacLab/apps/isaaclab.python.headless.kit
Loading user config located at: '/home/user/isaacsim/kit/data/Kit/Isaac-Sim/5.1/user.config.json'
[Info] [carb] Logging to file: /home/user/isaacsim/kit/logs/Kit/Isaac-Sim/5.1/kit_20260716_012632.log
2026-07-15T16:26:32Z [219ms] [Warning] [omni.usd_config.extension] Enable omni.materialx.libs extension to use MaterialX
2026-07-15T16:26:33Z [613ms] [Warning] [carb] Acquiring non optional plugin interface which is not listed as dependency: [omni::physx::IPhysxBenchmarks v1.0] (plugin: <default plugin>), by client: omni.physics.physx.plugin. Add it to CARB_PLUGIN_IMPL_DEPS() macro of a client.
2026-07-15T16:26:33Z [734ms] [Warning] [omni.isaac.dynamic_control] omni.isaac.dynamic_control is deprecated as of Isaac Sim 4.5. No action is needed from end-users.
2026-07-15T16:26:59Z [27,063ms] [Warning] [gpu.foundation.plugin] Skipping unsupported non-NVIDIA GPU: AMD Unknown (RADV RAPHAEL_MENDOCINO)
2026-07-15T16:26:59Z [27,063ms] [Warning] [gpu.foundation.plugin] Skipping unsupported non-NVIDIA GPU: AMD Unknown (RADV RAPHAEL_MENDOCINO)

|---------------------------------------------------------------------------------------------|
| Driver Version: 580.159.03    | Graphics API: Vulkan
|=============================================================================================|
| GPU | Name                             | Active | LDA | GPU Memory | Vendor-ID | LUID       |
|     |                                  |        |     |            | Device-ID | UUID       |
|     |                                  |        |     |            | Bus-ID    |            |
|---------------------------------------------------------------------------------------------|
| 0   | NVIDIA RTX PRO 6000 Blackwell .. | Yes: 0 |     | 97887   MB | 10de      | 0          |
|     |                                  |        |     |            | 2bb1      | 25b334fd.. |
|     |                                  |        |     |            | 1         |            |
|---------------------------------------------------------------------------------------------|
| 1   | AMD Unknown (RADV RAPHAEL_MEND.. |        |     | 43508   MB | 1002      | 0          |
|     |                                  |        |     |            | 13c0      | 00000000.. |
|     |                                  |        |     |            | 79        |            |
|=============================================================================================|
| OS: 22.04.5 LTS (Jammy Jellyfish) ubuntu, Version: 22.04.5, Kernel: 6.8.0-124-generic
| XServer Vendor: The X.Org Foundation, XServer Version: 12101004 (1.21.1.4)
| Processor: AMD Ryzen 9 9950X3D 16-Core Processor
| Cores: 16 | Logical Cores: 32
|---------------------------------------------------------------------------------------------|
| Total Memory (MB): 126428 | Free Memory: 105370
| Total Page/Swap (MB): 2047 | Free Page/Swap: 2047
|---------------------------------------------------------------------------------------------|
2026-07-15T16:27:20Z [48,078ms] [Warning] [omni.kvdb.plugin] Disabling key-value database because another kit process is locking it
Loading user config located at: '/home/user/isaacsim/kit/data/Kit/Isaac-Sim/5.1/user.config.json'
[Info] [carb] Logging to file: /home/user/isaacsim/kit/logs/Kit/Isaac-Sim/5.1/kit_20260716_012632.log
2026-07-15T16:26:32Z [222ms] [Warning] [omni.usd_config.extension] Enable omni.materialx.libs extension to use MaterialX
2026-07-15T16:26:33Z [769ms] [Warning] [carb] Acquiring non optional plugin interface which is not listed as dependency: [omni::physx::IPhysxBenchmarks v1.0] (plugin: <default plugin>), by client: omni.physics.physx.plugin. Add it to CARB_PLUGIN_IMPL_DEPS() macro of a client.
2026-07-15T16:26:33Z [880ms] [Warning] [omni.isaac.dynamic_control] omni.isaac.dynamic_control is deprecated as of Isaac Sim 4.5. No action is needed from end-users.
2026-07-15T16:26:59Z [27,158ms] [Warning] [gpu.foundation.plugin] Skipping unsupported non-NVIDIA GPU: AMD Unknown (RADV RAPHAEL_MENDOCINO)
2026-07-15T16:26:59Z [27,159ms] [Warning] [gpu.foundation.plugin] Skipping unsupported non-NVIDIA GPU: AMD Unknown (RADV RAPHAEL_MENDOCINO)

|---------------------------------------------------------------------------------------------|
| Driver Version: 580.159.03    | Graphics API: Vulkan
|=============================================================================================|
| GPU | Name                             | Active | LDA | GPU Memory | Vendor-ID | LUID       |
|     |                                  |        |     |            | Device-ID | UUID       |
|     |                                  |        |     |            | Bus-ID    |            |
|---------------------------------------------------------------------------------------------|
| 0   | NVIDIA RTX PRO 6000 Blackwell .. | Yes: 0 |     | 97887   MB | 10de      | 0          |
|     |                                  |        |     |            | 2bb1      | 25b334fd.. |
|     |                                  |        |     |            | 1         |            |
|---------------------------------------------------------------------------------------------|
| 1   | AMD Unknown (RADV RAPHAEL_MEND.. |        |     | 43508   MB | 1002      | 0          |
|     |                                  |        |     |            | 13c0      | 00000000.. |
|     |                                  |        |     |            | 79        |            |
|=============================================================================================|
| OS: 22.04.5 LTS (Jammy Jellyfish) ubuntu, Version: 22.04.5, Kernel: 6.8.0-124-generic
| XServer Vendor: The X.Org Foundation, XServer Version: 12101004 (1.21.1.4)
| Processor: AMD Ryzen 9 9950X3D 16-Core Processor
| Cores: 16 | Logical Cores: 32
|---------------------------------------------------------------------------------------------|
| Total Memory (MB): 126428 | Free Memory: 105377
| Total Page/Swap (MB): 2047 | Free Page/Swap: 2047
|---------------------------------------------------------------------------------------------|
2026-07-15T16:27:20Z [47,461ms] [Warning] [omni.kvdb.plugin] Disabling key-value database because another kit process is locking it
[INFO][AppLauncher]: Using device: cuda:0
[INFO][AppLauncher]: Loading experience file: /home/user/IsaacLab/apps/isaaclab.python.headless.kit
Loading user config located at: '/home/user/isaacsim/kit/data/Kit/Isaac-Sim/5.1/user.config.json'
[Info] [carb] Logging to file: /home/user/isaacsim/kit/logs/Kit/Isaac-Sim/5.1/kit_20260716_012632.log
2026-07-15T16:26:32Z [220ms] [Warning] [omni.usd_config.extension] Enable omni.materialx.libs extension to use MaterialX
2026-07-15T16:26:33Z [607ms] [Warning] [carb] Acquiring non optional plugin interface which is not listed as dependency: [omni::physx::IPhysxBenchmarks v1.0] (plugin: <default plugin>), by client: omni.physics.physx.plugin. Add it to CARB_PLUGIN_IMPL_DEPS() macro of a client.
2026-07-15T16:26:33Z [733ms] [Warning] [omni.isaac.dynamic_control] omni.isaac.dynamic_control is deprecated as of Isaac Sim 4.5. No action is needed from end-users.
2026-07-15T16:26:59Z [26,964ms] [Warning] [gpu.foundation.plugin] Skipping unsupported non-NVIDIA GPU: AMD Unknown (RADV RAPHAEL_MENDOCINO)
2026-07-15T16:26:59Z [26,964ms] [Warning] [gpu.foundation.plugin] Skipping unsupported non-NVIDIA GPU: AMD Unknown (RADV RAPHAEL_MENDOCINO)

|---------------------------------------------------------------------------------------------|
| Driver Version: 580.159.03    | Graphics API: Vulkan
|=============================================================================================|
| GPU | Name                             | Active | LDA | GPU Memory | Vendor-ID | LUID       |
|     |                                  |        |     |            | Device-ID | UUID       |
|     |                                  |        |     |            | Bus-ID    |            |
|---------------------------------------------------------------------------------------------|
| 0   | NVIDIA RTX PRO 6000 Blackwell .. | Yes: 0 |     | 97887   MB | 10de      | 0          |
|     |                                  |        |     |            | 2bb1      | 25b334fd.. |
|     |                                  |        |     |            | 1         |            |
|---------------------------------------------------------------------------------------------|
| 1   | AMD Unknown (RADV RAPHAEL_MEND.. |        |     | 43508   MB | 1002      | 0          |
|     |                                  |        |     |            | 13c0      | 00000000.. |
|     |                                  |        |     |            | 79        |            |
|=============================================================================================|
| OS: 22.04.5 LTS (Jammy Jellyfish) ubuntu, Version: 22.04.5, Kernel: 6.8.0-124-generic
| XServer Vendor: The X.Org Foundation, XServer Version: 12101004 (1.21.1.4)
| Processor: AMD Ryzen 9 9950X3D 16-Core Processor
| Cores: 16 | Logical Cores: 32
|---------------------------------------------------------------------------------------------|
| Total Memory (MB): 126428 | Free Memory: 105370
| Total Page/Swap (MB): 2047 | Free Page/Swap: 2047
|---------------------------------------------------------------------------------------------|
2026-07-15T16:27:20Z [48,278ms] [Warning] [omni.kvdb.plugin] Disabling key-value database because another kit process is locking it
Loading user config located at: '/home/user/isaacsim/kit/data/Kit/Isaac-Sim/5.1/user.config.json'
[Info] [carb] Logging to file: /home/user/isaacsim/kit/logs/Kit/Isaac-Sim/5.1/kit_20260716_012632.log
2026-07-15T16:26:32Z [218ms] [Warning] [omni.usd_config.extension] Enable omni.materialx.libs extension to use MaterialX
2026-07-15T16:26:33Z [775ms] [Warning] [carb] Acquiring non optional plugin interface which is not listed as dependency: [omni::physx::IPhysxBenchmarks v1.0] (plugin: <default plugin>), by client: omni.physics.physx.plugin. Add it to CARB_PLUGIN_IMPL_DEPS() macro of a client.
2026-07-15T16:26:33Z [885ms] [Warning] [omni.isaac.dynamic_control] omni.isaac.dynamic_control is deprecated as of Isaac Sim 4.5. No action is needed from end-users.
2026-07-15T16:27:00Z [27,828ms] [Warning] [gpu.foundation.plugin] Skipping unsupported non-NVIDIA GPU: AMD Unknown (RADV RAPHAEL_MENDOCINO)
2026-07-15T16:27:00Z [27,828ms] [Warning] [gpu.foundation.plugin] Skipping unsupported non-NVIDIA GPU: AMD Unknown (RADV RAPHAEL_MENDOCINO)

|---------------------------------------------------------------------------------------------|
| Driver Version: 580.159.03    | Graphics API: Vulkan
|=============================================================================================|
| GPU | Name                             | Active | LDA | GPU Memory | Vendor-ID | LUID       |
|     |                                  |        |     |            | Device-ID | UUID       |
|     |                                  |        |     |            | Bus-ID    |            |
|---------------------------------------------------------------------------------------------|
| 0   | NVIDIA RTX PRO 6000 Blackwell .. | Yes: 0 |     | 97887   MB | 10de      | 0          |
|     |                                  |        |     |            | 2bb1      | 25b334fd.. |
|     |                                  |        |     |            | 1         |            |
|---------------------------------------------------------------------------------------------|
| 1   | AMD Unknown (RADV RAPHAEL_MEND.. |        |     | 43508   MB | 1002      | 0          |
|     |                                  |        |     |            | 13c0      | 00000000.. |
|     |                                  |        |     |            | 79        |            |
|=============================================================================================|
| OS: 22.04.5 LTS (Jammy Jellyfish) ubuntu, Version: 22.04.5, Kernel: 6.8.0-124-generic
| XServer Vendor: The X.Org Foundation, XServer Version: 12101004 (1.21.1.4)
| Processor: AMD Ryzen 9 9950X3D 16-Core Processor
| Cores: 16 | Logical Cores: 32
|---------------------------------------------------------------------------------------------|
| Total Memory (MB): 126428 | Free Memory: 105374
| Total Page/Swap (MB): 2047 | Free Page/Swap: 2047
|---------------------------------------------------------------------------------------------|
2026-07-15T16:27:22Z [49,453ms] [Warning] [omni.kvdb.plugin] Disabling key-value database because another kit process is locking it
Loading user config located at: '/home/user/isaacsim/kit/data/Kit/Isaac-Sim/5.1/user.config.json'
[Info] [carb] Logging to file: /home/user/isaacsim/kit/logs/Kit/Isaac-Sim/5.1/kit_20260716_012632.log
2026-07-15T16:26:32Z [217ms] [Warning] [omni.usd_config.extension] Enable omni.materialx.libs extension to use MaterialX
2026-07-15T16:26:33Z [690ms] [Warning] [carb] Acquiring non optional plugin interface which is not listed as dependency: [omni::physx::IPhysxBenchmarks v1.0] (plugin: <default plugin>), by client: omni.physics.physx.plugin. Add it to CARB_PLUGIN_IMPL_DEPS() macro of a client.
2026-07-15T16:26:33Z [806ms] [Warning] [omni.isaac.dynamic_control] omni.isaac.dynamic_control is deprecated as of Isaac Sim 4.5. No action is needed from end-users.
2026-07-15T16:26:59Z [26,984ms] [Warning] [gpu.foundation.plugin] Skipping unsupported non-NVIDIA GPU: AMD Unknown (RADV RAPHAEL_MENDOCINO)
2026-07-15T16:26:59Z [26,984ms] [Warning] [gpu.foundation.plugin] Skipping unsupported non-NVIDIA GPU: AMD Unknown (RADV RAPHAEL_MENDOCINO)

|---------------------------------------------------------------------------------------------|
| Driver Version: 580.159.03    | Graphics API: Vulkan
|=============================================================================================|
| GPU | Name                             | Active | LDA | GPU Memory | Vendor-ID | LUID       |
|     |                                  |        |     |            | Device-ID | UUID       |
|     |                                  |        |     |            | Bus-ID    |            |
|---------------------------------------------------------------------------------------------|
| 0   | NVIDIA RTX PRO 6000 Blackwell .. | Yes: 0 |     | 97887   MB | 10de      | 0          |
|     |                                  |        |     |            | 2bb1      | 25b334fd.. |
|     |                                  |        |     |            | 1         |            |
|---------------------------------------------------------------------------------------------|
| 1   | AMD Unknown (RADV RAPHAEL_MEND.. |        |     | 43508   MB | 1002      | 0          |
|     |                                  |        |     |            | 13c0      | 00000000.. |
|     |                                  |        |     |            | 79        |            |
|=============================================================================================|
| OS: 22.04.5 LTS (Jammy Jellyfish) ubuntu, Version: 22.04.5, Kernel: 6.8.0-124-generic
| XServer Vendor: The X.Org Foundation, XServer Version: 12101004 (1.21.1.4)
| Processor: AMD Ryzen 9 9950X3D 16-Core Processor
| Cores: 16 | Logical Cores: 32
|---------------------------------------------------------------------------------------------|
| Total Memory (MB): 126428 | Free Memory: 105370
| Total Page/Swap (MB): 2047 | Free Page/Swap: 2047
|---------------------------------------------------------------------------------------------|
2026-07-15T16:27:20Z [47,999ms] [Warning] [omni.kvdb.plugin] Disabling key-value database because another kit process is locking it
[INFO][AppLauncher]: Using device: cuda:0
[INFO][AppLauncher]: Loading experience file: /home/user/IsaacLab/apps/isaaclab.python.headless.kit
Loading user config located at: '/home/user/isaacsim/kit/data/Kit/Isaac-Sim/5.1/user.config.json'
[Info] [carb] Logging to file: /home/user/isaacsim/kit/logs/Kit/Isaac-Sim/5.1/kit_20260716_012632.log
2026-07-15T16:26:32Z [198ms] [Warning] [omni.usd_config.extension] Enable omni.materialx.libs extension to use MaterialX
2026-07-15T16:26:33Z [613ms] [Warning] [carb] Acquiring non optional plugin interface which is not listed as dependency: [omni::physx::IPhysxBenchmarks v1.0] (plugin: <default plugin>), by client: omni.physics.physx.plugin. Add it to CARB_PLUGIN_IMPL_DEPS() macro of a client.
2026-07-15T16:26:33Z [731ms] [Warning] [omni.isaac.dynamic_control] omni.isaac.dynamic_control is deprecated as of Isaac Sim 4.5. No action is needed from end-users.
2026-07-15T16:26:59Z [27,092ms] [Warning] [gpu.foundation.plugin] Skipping unsupported non-NVIDIA GPU: AMD Unknown (RADV RAPHAEL_MENDOCINO)
2026-07-15T16:26:59Z [27,092ms] [Warning] [gpu.foundation.plugin] Skipping unsupported non-NVIDIA GPU: AMD Unknown (RADV RAPHAEL_MENDOCINO)

|---------------------------------------------------------------------------------------------|
| Driver Version: 580.159.03    | Graphics API: Vulkan
|=============================================================================================|
| GPU | Name                             | Active | LDA | GPU Memory | Vendor-ID | LUID       |
|     |                                  |        |     |            | Device-ID | UUID       |
|     |                                  |        |     |            | Bus-ID    |            |
|---------------------------------------------------------------------------------------------|
| 0   | NVIDIA RTX PRO 6000 Blackwell .. | Yes: 0 |     | 97887   MB | 10de      | 0          |
|     |                                  |        |     |            | 2bb1      | 25b334fd.. |
|     |                                  |        |     |            | 1         |            |
|---------------------------------------------------------------------------------------------|
| 1   | AMD Unknown (RADV RAPHAEL_MEND.. |        |     | 43508   MB | 1002      | 0          |
|     |                                  |        |     |            | 13c0      | 00000000.. |
|     |                                  |        |     |            | 79        |            |
|=============================================================================================|
| OS: 22.04.5 LTS (Jammy Jellyfish) ubuntu, Version: 22.04.5, Kernel: 6.8.0-124-generic
| XServer Vendor: The X.Org Foundation, XServer Version: 12101004 (1.21.1.4)
| Processor: AMD Ryzen 9 9950X3D 16-Core Processor
| Cores: 16 | Logical Cores: 32
|---------------------------------------------------------------------------------------------|
| Total Memory (MB): 126428 | Free Memory: 105370
| Total Page/Swap (MB): 2047 | Free Page/Swap: 2047
|---------------------------------------------------------------------------------------------|
2026-07-15T16:27:20Z [47,957ms] [Warning] [omni.kvdb.plugin] Disabling key-value database because another kit process is locking it
2026-07-15T20:28:49Z [14,536,734ms] [Warning] [omni.physx.plugin] USD stage detach not called, holding a loose ptr to a stage!
2026-07-15T20:28:50Z [14,537,779ms] [Warning] [carb] Recursive unloadAllPlugins() detected!
2026-07-15T20:28:49Z [14,536,771ms] [Warning] [omni.physx.plugin] USD stage detach not called, holding a loose ptr to a stage!
2026-07-15T20:28:50Z [14,537,854ms] [Warning] [carb] Recursive unloadAllPlugins() detected!
2026-07-15T20:28:49Z [14,536,767ms] [Warning] [omni.physx.plugin] USD stage detach not called, holding a loose ptr to a stage!
2026-07-15T20:28:50Z [14,537,874ms] [Warning] [carb] Recursive unloadAllPlugins() detected!
2026-07-15T20:28:49Z [14,536,732ms] [Warning] [omni.physx.plugin] USD stage detach not called, holding a loose ptr to a stage!
2026-07-15T20:28:50Z [14,537,837ms] [Warning] [carb] Recursive unloadAllPlugins() detected!
2026-07-15T20:28:49Z [14,536,752ms] [Warning] [omni.physx.plugin] USD stage detach not called, holding a loose ptr to a stage!
2026-07-15T20:28:50Z [14,537,862ms] [Warning] [carb] Recursive unloadAllPlugins() detected!
2026-07-15T20:28:49Z [14,536,738ms] [Warning] [omni.physx.plugin] USD stage detach not called, holding a loose ptr to a stage!
2026-07-15T20:28:50Z [14,537,862ms] [Warning] [carb] Recursive unloadAllPlugins() detected!
2026-07-15T20:28:49Z [14,536,776ms] [Warning] [omni.physx.plugin] USD stage detach not called, holding a loose ptr to a stage!
2026-07-15T20:28:50Z [14,537,908ms] [Warning] [carb] Recursive unloadAllPlugins() detected!
2026-07-15T20:28:49Z [14,536,712ms] [Warning] [omni.physx.plugin] USD stage detach not called, holding a loose ptr to a stage!
2026-07-15T20:28:50Z [14,537,848ms] [Warning] [carb] Recursive unloadAllPlugins() detected!
2026-07-15T20:28:49Z [14,536,750ms] [Warning] [omni.physx.plugin] USD stage detach not called, holding a loose ptr to a stage!
2026-07-15T20:28:50Z [14,537,891ms] [Warning] [carb] Recursive unloadAllPlugins() detected!
2026-07-15T20:28:49Z [14,536,764ms] [Warning] [omni.physx.plugin] USD stage detach not called, holding a loose ptr to a stage!
2026-07-15T20:28:50Z [14,537,896ms] [Warning] [carb] Recursive unloadAllPlugins() detected!
2026-07-15T20:28:49Z [14,536,756ms] [Warning] [omni.physx.plugin] USD stage detach not called, holding a loose ptr to a stage!
2026-07-15T20:28:50Z [14,537,889ms] [Warning] [carb] Recursive unloadAllPlugins() detected!
2026-07-15T20:28:49Z [14,536,752ms] [Warning] [omni.physx.plugin] USD stage detach not called, holding a loose ptr to a stage!
2026-07-15T20:28:50Z [14,537,894ms] [Warning] [carb] Recursive unloadAllPlugins() detected!
2026-07-15T20:28:49Z [14,536,730ms] [Warning] [omni.physx.plugin] USD stage detach not called, holding a loose ptr to a stage!
2026-07-15T20:28:50Z [14,537,890ms] [Warning] [carb] Recursive unloadAllPlugins() detected!
2026-07-15T20:28:49Z [14,536,777ms] [Warning] [omni.physx.plugin] USD stage detach not called, holding a loose ptr to a stage!
2026-07-15T20:28:50Z [14,537,936ms] [Warning] [carb] Recursive unloadAllPlugins() detected!
2026-07-15T20:28:49Z [14,536,766ms] [Warning] [omni.physx.plugin] USD stage detach not called, holding a loose ptr to a stage!
2026-07-15T20:28:50Z [14,537,947ms] [Warning] [carb] Recursive unloadAllPlugins() detected!
2026-07-15T20:28:49Z [14,536,774ms] [Warning] [omni.physx.plugin] USD stage detach not called, holding a loose ptr to a stage!
2026-07-15T20:28:50Z [14,537,954ms] [Warning] [carb] Recursive unloadAllPlugins() detected!
wandb: updating run metadata
wandb: uploading config.yaml; uploading output.log; uploading wandb-summary.json
wandb: uploading history steps 1500-1500, summary, console lines 1535-1535
wandb: 
wandb: Run history:
wandb:               checkpoint/latest_update ▁▂▄▅▇█
wandb:                       checkpoint/saved ▁▁▁▁▁▁
wandb:                        eval/best_score ▁▁▁▁▁▁▁▁▁▁▁▁▁▁▁▁▁▁▁▁▁▁▁▁▁▁▁▁▁▁▁
wandb:                 eval/competition_score █▃▄▇▄▇▆▄▅▅▇█▅▇▇▇▄▅▄▁▂▁▄▇▇▄▇█▇▇▅
wandb:         eval/deployment_bottom10_score ▁▁▁▁▁▁▁▁▁▁▁▁▁▁▁▁▁▁▁▁▁▁▁▁▁▁▁▁▁▁▁
wandb: eval/deployment_confirm_bottom10_score ▁▁▁▁▁▁▁▁▁▁▁▁▁▁▁▁▁▁▁▁▁▁▁▁▁▁▁▁▁▁▁
wandb:      eval/deployment_confirm_min_score ▁▁▁▁▁▁▁▁▁▁▁▁▁▁▁▁▁▁▁▁▁▁▁▁▁▁▁▁▁▁▁
wandb:          eval/deployment_confirm_score ▁▁▁▁▁▁▁▁▁▁▁▁▁▁▁▁▁▁▁▁▁▁▁▁▁▁▁▁▁▁▁
wandb:         eval/deployment_guard_rejected ▁▁▁▁▁▁▁▁▁▁▁▁▁▁▁▁▁▁▁▁▁▁▁▁▁▁▁▁▁▁▁
wandb:         eval/deployment_max_regression ▁▁▁▁▁▁▁▁▁▁▁▁▁▁▁▁▁▁▁▁▁▁▁▁▁▁▁▁▁▁▁
wandb:                                    +17 ...
wandb: 
wandb: Run summary:
wandb:               checkpoint/latest_update 1500
wandb:                       checkpoint/saved 1
wandb:                        eval/best_score 86.57982
wandb:                 eval/competition_score 83.98151
wandb:         eval/deployment_bottom10_score 79.473
wandb: eval/deployment_confirm_bottom10_score -1
wandb:      eval/deployment_confirm_min_score -1
wandb:          eval/deployment_confirm_score -1
wandb:         eval/deployment_guard_rejected 0
wandb:         eval/deployment_max_regression 0
wandb:                                    +17 ...
wandb: 
wandb: 🚀 View run sun_c1400_env128_workers16_rand52official_gap_guard_v1_lr5e7_cont at: https://wandb.ai/nkyeonjae1009-university-of-seoul/assignment2-pallet/runs/l2erosib
wandb: ⭐️ View project at: https://wandb.ai/nkyeonjae1009-university-of-seoul/assignment2-pallet
wandb: Synced 5 W&B file(s), 0 media file(s), 0 artifact file(s) and 0 other file(s)
wandb: Find logs at: isaaclab_pallet/runs/sun_c1400_env128_workers16_rand52official_gap_guard_v1_lr5e7_cont/wandb/wandb/run-20260716_012724-l2erosib/logs
Loading user config located at: '/home/user/isaacsim/kit/data/Kit/Isaac-Sim/5.1/user.config.json'
[Info] [carb] Logging to file: /home/user/isaacsim/kit/logs/Kit/Isaac-Sim/5.1/kit_20260716_012626.log
2026-07-15T16:26:26Z [164ms] [Warning] [omni.usd_config.extension] Enable omni.materialx.libs extension to use MaterialX
2026-07-15T16:26:26Z [428ms] [Warning] [carb] Acquiring non optional plugin interface which is not listed as dependency: [omni::physx::IPhysxBenchmarks v1.0] (plugin: <default plugin>), by client: omni.physics.physx.plugin. Add it to CARB_PLUGIN_IMPL_DEPS() macro of a client.
2026-07-15T16:26:26Z [524ms] [Warning] [omni.isaac.dynamic_control] omni.isaac.dynamic_control is deprecated as of Isaac Sim 4.5. No action is needed from end-users.
2026-07-15T16:26:32Z [6,024ms] [Warning] [gpu.foundation.plugin] Skipping unsupported non-NVIDIA GPU: AMD Unknown (RADV RAPHAEL_MENDOCINO)
2026-07-15T16:26:32Z [6,024ms] [Warning] [gpu.foundation.plugin] Skipping unsupported non-NVIDIA GPU: AMD Unknown (RADV RAPHAEL_MENDOCINO)

|---------------------------------------------------------------------------------------------|
| Driver Version: 580.159.03    | Graphics API: Vulkan
|=============================================================================================|
| GPU | Name                             | Active | LDA | GPU Memory | Vendor-ID | LUID       |
|     |                                  |        |     |            | Device-ID | UUID       |
|     |                                  |        |     |            | Bus-ID    |            |
|---------------------------------------------------------------------------------------------|
| 0   | NVIDIA RTX PRO 6000 Blackwell .. | Yes: 0 |     | 97887   MB | 10de      | 0          |
|     |                                  |        |     |            | 2bb1      | 25b334fd.. |
|     |                                  |        |     |            | 1         |            |
|---------------------------------------------------------------------------------------------|
| 1   | AMD Unknown (RADV RAPHAEL_MEND.. |        |     | 43508   MB | 1002      | 0          |
|     |                                  |        |     |            | 13c0      | 00000000.. |
|     |                                  |        |     |            | 79        |            |
|=============================================================================================|
| OS: 22.04.5 LTS (Jammy Jellyfish) ubuntu, Version: 22.04.5, Kernel: 6.8.0-124-generic
| XServer Vendor: The X.Org Foundation, XServer Version: 12101004 (1.21.1.4)
| Processor: AMD Ryzen 9 9950X3D 16-Core Processor
| Cores: 16 | Logical Cores: 32
|---------------------------------------------------------------------------------------------|
| Total Memory (MB): 126428 | Free Memory: 118474
| Total Page/Swap (MB): 2047 | Free Page/Swap: 2047
|---------------------------------------------------------------------------------------------|
2026-07-15T16:26:32Z [6,518ms] [Warning] [isaaclab.envs.direct_rl_env] Seed not set for the environment. The environment creation may not be deterministic.
[c1400-workers16] profile=sun_gap_guard_v1 exited code=0 Thu Jul 16 05:28:54 AM KST 2026
