[terminal18-finish15] warm-start profile=terminal_ratio_t18 run=terminal_ratio_t18_from_terminal_best seed=0 warm_start=isaaclab_pallet/runs/reward_terminal18_finish15/previous/reward_sweep_small_terminal_ratio/PCT-best.pt Wed Jul  8 10:41:04 PM KST 2026
Gym has been unmaintained since 2022 and does not support NumPy 2.0 amongst other critical functionality.
Please upgrade to Gymnasium, the maintained drop-in replacement of Gym, or contact the authors of your software and request that they upgrade.
See the migration guide at https://gymnasium.farama.org/introduction/migration_guide/ for additional information.
[INFO][AppLauncher]: Using device: cuda:0
[INFO][AppLauncher]: Loading experience file: /home/user/IsaacLab/apps/isaaclab.python.headless.kit

[36m======================================================================================[0m
[36m[1m[INFO][IsaacLab]: Logging to file: /tmp/isaaclab/logs/isaaclab_2026-07-08_22-41-07.log[0m
[36m======================================================================================[0m

[33m22:41:07 [simulation_context.py] WARNING: The `enable_external_forces_every_iteration` parameter in the PhysxCfg is set to False. If you are experiencing noisy velocities, consider enabling this flag. You may need to slightly increase the number of velocity iterations (setting it to 1 or 2 rather than 0), together with this flag, to improve the accuracy of velocity updates.[0m
[INFO]: Base environment:
	Environment device    : cuda:0
	Environment seed      : None
	Physics step-size     : 0.008333333333333333
	Rendering step-size   : 0.16666666666666666
	Environment step-size : 0.16666666666666666
[33m22:41:12 [interactive_scene.py] WARNING: Collision filtering can only be automatically enabled when replicate_physics=True and using GPU simulation. Please call scene.filter_collisions(global_prim_paths) to filter collisions across environments.[0m
[INFO]: Time taken for scene creation : 5.535198 seconds
[INFO]: Scene manager:  <class InteractiveScene>
	Number of environments: 32
	Environment spacing   : 3.0
	Source prim name      : /World/envs/env_0
	Global prim paths     : []
	Replicate physics     : False
[INFO]: Starting the simulation. This may take a few seconds. Please wait...
[INFO]: Time taken for simulation start : 1.538457 seconds
[INFO]: Completed setting up the environment...
[gat-train] loaded GAT checkpoint: isaaclab_pallet/runs/reward_terminal18_finish15/previous/reward_sweep_small_terminal_ratio/PCT-best.pt
[gat-train] run_dir=isaaclab_pallet/runs/reward_terminal18_finish15/terminal_ratio_t18_from_terminal_best device=cuda:0 num_envs=32 obs_shape=(32, 301, 9) leaf_shape=(32, 100, 9) num_steps=5 normFactor=0.8 drift_fail_threshold=0.4 reward_profile=terminal_ratio_t18 learn_finish_action=False action_space=100 candidate_rerank_k=0 candidate_diversity_center_m=0.05
[gat-train] eval_seq_count=10 box_seq_dir=artifacts/random_spec_eval_10/box_sequence eval_sequences=random_spec_000,random_spec_001,random_spec_002,random_spec_003,random_spec_004,random_spec_005,random_spec_006,random_spec_007,random_spec_008,random_spec_009
/home/user/Documents/assignment2_project/templete code/src/pct/convex_hull.py:104: DeprecationWarning: Arrays of 2-dimensional vectors are deprecated. Use arrays of 3-dimensional vectors instead. (deprecated in NumPy 2.0)
  if np.sum(np.cross(coords[i] - point, point - coords[j])) == 0:
[gat-train] initial competition score = 84.44  -> PCT-best.pt
[gat-train] update=1 samples=160 fps=7.6 loss=3.0115 actor=-0.4146 value=3.4509 entropy=2.4786 mean_return=0.000 mean_len=0.0
[gat-train] update=2 samples=320 fps=13.1 loss=0.4822 actor=0.3758 value=0.1415 entropy=3.5090 mean_return=0.000 mean_len=0.0
[gat-train] update=3 samples=480 fps=16.3 loss=0.3517 actor=0.2754 value=0.1105 entropy=3.4179 mean_return=0.000 mean_len=0.0
[gat-train] update=4 samples=640 fps=18.0 loss=0.3917 actor=0.1973 value=0.2284 entropy=3.3908 mean_return=0.000 mean_len=0.0
[gat-train] update=5 samples=800 fps=18.8 loss=0.1791 actor=-0.0955 value=0.3078 entropy=3.3124 mean_return=0.000 mean_len=0.0
[gat-train] update=6 samples=960 fps=19.1 loss=0.1592 actor=-0.3087 value=0.5001 entropy=3.2166 mean_return=0.000 mean_len=0.0
[gat-train] update=7 samples=1120 fps=19.1 loss=0.4337 actor=-0.0039 value=0.4693 entropy=3.1710 mean_return=0.000 mean_len=0.0
[gat-train] update=8 samples=1280 fps=19.0 loss=0.2039 actor=-0.4148 value=0.6493 entropy=3.0610 mean_return=0.000 mean_len=0.0
[gat-train] update=9 samples=1440 fps=18.7 loss=-0.2215 actor=-0.8960 value=0.7038 entropy=2.9361 mean_return=0.000 mean_len=0.0
[gat-train] update=10 samples=1600 fps=18.3 loss=0.3995 actor=-0.3083 value=0.7371 entropy=2.9237 mean_return=0.000 mean_len=0.0
[gat-train] update=11 samples=1760 fps=18.1 loss=2.5597 actor=-0.1098 value=2.6972 entropy=2.7648 mean_return=13.403 mean_len=53.0
[gat-train] update=12 samples=1920 fps=18.1 loss=4.9704 actor=1.0873 value=3.9088 entropy=2.5655 mean_return=13.657 mean_len=55.7
[gat-train] update=13 samples=2080 fps=18.4 loss=29.4746 actor=5.2032 value=24.2939 entropy=2.2587 mean_return=14.223 mean_len=61.1
[gat-train] update=14 samples=2240 fps=18.9 loss=67.0641 actor=9.8137 value=57.2718 entropy=2.1504 mean_return=14.759 mean_len=65.6
[gat-train] update=15 samples=2400 fps=19.7 loss=42.0173 actor=6.5838 value=35.4564 entropy=2.2968 mean_return=14.910 mean_len=67.9
[gat-train] update=16 samples=2560 fps=20.3 loss=3.8718 actor=0.9991 value=2.9002 entropy=2.7519 mean_return=14.959 mean_len=68.2
[gat-train] update=17 samples=2720 fps=20.6 loss=0.3412 actor=0.1578 value=0.2134 entropy=3.0005 mean_return=14.959 mean_len=68.2
[gat-train] update=18 samples=2880 fps=20.8 loss=-0.1724 actor=-0.2825 value=0.1402 entropy=3.0187 mean_return=14.959 mean_len=68.2
[gat-train] update=19 samples=3040 fps=20.9 loss=0.1853 actor=-0.0253 value=0.2407 entropy=3.0202 mean_return=14.959 mean_len=68.2
[gat-train] update=20 samples=3200 fps=20.9 loss=0.3080 actor=-0.0126 value=0.3511 entropy=3.0485 mean_return=14.959 mean_len=68.2
[gat-train] update=21 samples=3360 fps=20.8 loss=0.0312 actor=-0.2889 value=0.3501 entropy=2.9950 mean_return=14.959 mean_len=68.2
[gat-train] update=22 samples=3520 fps=20.6 loss=0.0374 actor=-0.4274 value=0.4947 entropy=3.0003 mean_return=14.959 mean_len=68.2
[gat-train] update=23 samples=3680 fps=20.5 loss=6.5543 actor=0.7316 value=5.8514 entropy=2.8721 mean_return=14.902 mean_len=67.4
[gat-train] update=24 samples=3840 fps=20.3 loss=-0.0774 actor=-0.6239 value=0.5748 entropy=2.8320 mean_return=14.902 mean_len=67.4
[gat-train] update=25 samples=4000 fps=20.1 loss=0.0710 actor=-0.6419 value=0.7402 entropy=2.7324 mean_return=14.902 mean_len=67.4
[gat-train] update=26 samples=4160 fps=20.0 loss=10.2142 actor=1.7978 value=8.4420 entropy=2.5672 mean_return=14.853 mean_len=67.1
[gat-train] update=27 samples=4320 fps=20.1 loss=5.0474 actor=0.4731 value=4.5970 entropy=2.2732 mean_return=14.854 mean_len=67.0
[gat-train] update=28 samples=4480 fps=20.2 loss=47.9116 actor=7.8363 value=40.0985 entropy=2.3263 mean_return=14.993 mean_len=67.6
[gat-train] update=29 samples=4640 fps=20.5 loss=47.0579 actor=7.0594 value=40.0205 entropy=2.1888 mean_return=15.369 mean_len=69.8
[gat-train] update=30 samples=4800 fps=20.8 loss=16.5583 actor=2.8335 value=13.7477 entropy=2.2864 mean_return=15.468 mean_len=70.5
[gat-train] update=31 samples=4960 fps=21.0 loss=6.7252 actor=0.9752 value=5.7763 entropy=2.6306 mean_return=15.510 mean_len=70.7
[gat-train] update=32 samples=5120 fps=21.1 loss=0.1002 actor=-0.0348 value=0.1631 entropy=2.8075 mean_return=15.510 mean_len=70.7
[gat-train] update=33 samples=5280 fps=21.1 loss=0.1569 actor=-0.0029 value=0.1890 entropy=2.9277 mean_return=15.510 mean_len=70.7
[gat-train] update=34 samples=5440 fps=21.1 loss=-0.0471 actor=-0.2234 value=0.2058 entropy=2.9463 mean_return=15.510 mean_len=70.7
[gat-train] update=35 samples=5600 fps=21.0 loss=-0.1826 actor=-0.5413 value=0.3874 entropy=2.8759 mean_return=15.510 mean_len=70.7
[gat-train] update=36 samples=5760 fps=20.9 loss=-0.0552 actor=-0.4809 value=0.4534 entropy=2.7777 mean_return=15.510 mean_len=70.7
[gat-train] update=37 samples=5920 fps=20.8 loss=3.8511 actor=0.0201 value=3.8576 entropy=2.6560 mean_return=15.526 mean_len=70.8
[gat-train] update=38 samples=6080 fps=20.7 loss=2.7368 actor=-0.1906 value=2.9529 entropy=2.5467 mean_return=15.563 mean_len=70.8
[gat-train] update=39 samples=6240 fps=20.6 loss=1.5976 actor=0.1285 value=1.4930 entropy=2.3912 mean_return=15.561 mean_len=70.7
[gat-train] update=40 samples=6400 fps=20.5 loss=1.3895 actor=0.2232 value=1.1891 entropy=2.2815 mean_return=15.596 mean_len=70.5
[gat-train] update=41 samples=6560 fps=20.5 loss=9.2395 actor=1.3569 value=7.9033 entropy=2.0785 mean_return=15.614 mean_len=70.5
[gat-train] update=42 samples=6720 fps=20.5 loss=43.8500 actor=6.1033 value=37.7663 entropy=1.9673 mean_return=15.825 mean_len=70.6
[gat-train] update=43 samples=6880 fps=20.6 loss=23.7260 actor=3.9927 value=19.7490 entropy=1.5673 mean_return=15.969 mean_len=71.2
[gat-train] update=44 samples=7040 fps=20.7 loss=20.5380 actor=3.0217 value=17.5306 entropy=1.4229 mean_return=16.202 mean_len=72.3
[gat-train] update=45 samples=7200 fps=20.9 loss=15.8182 actor=2.4567 value=13.3762 entropy=1.4756 mean_return=16.342 mean_len=73.2
[gat-train] update=46 samples=7360 fps=21.0 loss=8.9267 actor=0.9243 value=8.0190 entropy=1.6666 mean_return=16.408 mean_len=73.6
[gat-train] update=47 samples=7520 fps=21.0 loss=0.1384 actor=-0.0184 value=0.1738 entropy=1.6999 mean_return=16.408 mean_len=73.6
[gat-train] update=48 samples=7680 fps=21.0 loss=9.1654 actor=0.8422 value=8.3426 entropy=1.9391 mean_return=16.418 mean_len=73.7
[gat-train] update=49 samples=7840 fps=21.0 loss=0.2250 actor=0.0037 value=0.2427 entropy=2.1436 mean_return=16.418 mean_len=73.7
[gat-train] update=50 samples=8000 fps=20.9 loss=0.0594 actor=-0.1610 value=0.2416 entropy=2.1215 mean_return=16.418 mean_len=73.7
[gat-train] eval update=50 comp_score=72.77 best=84.44
[gat-train] update=51 samples=8160 fps=19.9 loss=-0.1713 actor=-0.3892 value=0.2400 entropy=2.2192 mean_return=16.418 mean_len=73.7
[gat-train] update=52 samples=8320 fps=19.8 loss=0.2906 actor=-0.0405 value=0.3534 entropy=2.2259 mean_return=16.418 mean_len=73.7
[gat-train] update=53 samples=8480 fps=19.7 loss=6.3770 actor=0.1445 value=6.2538 entropy=2.1191 mean_return=16.426 mean_len=73.7
[gat-train] update=54 samples=8640 fps=19.6 loss=14.2821 actor=1.3351 value=12.9687 entropy=2.1726 mean_return=16.480 mean_len=74.2
[gat-train] update=55 samples=8800 fps=19.6 loss=0.3156 actor=-0.1261 value=0.4626 entropy=2.0857 mean_return=16.480 mean_len=74.2
[gat-train] update=56 samples=8960 fps=19.5 loss=3.9334 actor=0.1855 value=3.7687 entropy=2.0772 mean_return=16.548 mean_len=74.3
[gat-train] update=57 samples=9120 fps=19.5 loss=18.8545 actor=2.6440 value=16.2312 entropy=2.0691 mean_return=16.643 mean_len=74.8
[gat-train] update=58 samples=9280 fps=19.5 loss=36.0795 actor=4.7386 value=31.3594 entropy=1.8577 mean_return=16.807 mean_len=75.2
[gat-train] update=59 samples=9440 fps=19.6 loss=40.3589 actor=5.3776 value=34.9986 entropy=1.7361 mean_return=17.006 mean_len=76.2
[gat-train] update=60 samples=9600 fps=19.7 loss=37.9271 actor=5.4085 value=32.5367 entropy=1.8014 mean_return=17.220 mean_len=77.8
[gat-train] update=61 samples=9760 fps=19.8 loss=11.8942 actor=2.0010 value=9.9125 entropy=1.9361 mean_return=17.230 mean_len=78.1
[gat-train] update=62 samples=9920 fps=19.9 loss=8.2406 actor=1.3124 value=6.9515 entropy=2.3372 mean_return=17.263 mean_len=78.2
[gat-train] update=63 samples=10080 fps=19.9 loss=5.3327 actor=0.2334 value=5.1246 entropy=2.5235 mean_return=17.317 mean_len=78.5
[gat-train] update=64 samples=10240 fps=19.9 loss=7.4591 actor=0.8147 value=6.6715 entropy=2.7088 mean_return=17.318 mean_len=78.7
[gat-train] update=65 samples=10400 fps=20.0 loss=0.0585 actor=-0.2518 value=0.3383 entropy=2.7949 mean_return=17.318 mean_len=78.7
[gat-train] update=66 samples=10560 fps=20.0 loss=0.2014 actor=-0.0815 value=0.3111 entropy=2.8215 mean_return=17.318 mean_len=78.7
[gat-train] update=67 samples=10720 fps=20.0 loss=0.1618 actor=-0.3289 value=0.5187 entropy=2.8034 mean_return=17.318 mean_len=78.7
[gat-train] update=68 samples=10880 fps=19.9 loss=5.2607 actor=0.4849 value=4.8045 entropy=2.8709 mean_return=17.357 mean_len=78.7
[gat-train] update=69 samples=11040 fps=19.9 loss=12.6127 actor=1.4954 value=11.1449 entropy=2.7654 mean_return=17.404 mean_len=78.9
[gat-train] update=70 samples=11200 fps=19.9 loss=4.3904 actor=-0.0235 value=4.4401 entropy=2.6138 mean_return=17.404 mean_len=78.8
[gat-train] update=71 samples=11360 fps=19.9 loss=11.4912 actor=1.9830 value=9.5350 entropy=2.6840 mean_return=17.413 mean_len=78.6
[gat-train] update=72 samples=11520 fps=19.9 loss=21.8326 actor=3.6644 value=18.1935 entropy=2.5187 mean_return=17.314 mean_len=77.8
[gat-train] update=73 samples=11680 fps=19.9 loss=27.8708 actor=4.5481 value=23.3478 entropy=2.5121 mean_return=17.223 mean_len=76.9
[gat-train] update=74 samples=11840 fps=20.0 loss=23.6460 actor=4.1049 value=19.5676 entropy=2.6534 mean_return=17.060 mean_len=75.9
[gat-train] update=75 samples=12000 fps=20.1 loss=9.5645 actor=1.2366 value=8.3549 entropy=2.7031 mean_return=17.008 mean_len=75.8
[gat-train] update=76 samples=12160 fps=20.2 loss=6.1017 actor=1.4233 value=4.7073 entropy=2.8850 mean_return=16.940 mean_len=75.4
[gat-train] update=77 samples=12320 fps=20.2 loss=8.2443 actor=1.2750 value=6.9995 entropy=3.0185 mean_return=16.922 mean_len=75.4
[gat-train] update=78 samples=12480 fps=20.2 loss=3.7945 actor=0.3964 value=3.4278 entropy=2.9730 mean_return=16.882 mean_len=75.2
[gat-train] update=79 samples=12640 fps=20.2 loss=0.2825 actor=0.0572 value=0.2564 entropy=3.1064 mean_return=16.882 mean_len=75.2
[gat-train] update=80 samples=12800 fps=20.2 loss=0.0785 actor=-0.2718 value=0.3810 entropy=3.0697 mean_return=16.882 mean_len=75.2
[gat-train] update=81 samples=12960 fps=20.2 loss=-0.0804 actor=-0.4397 value=0.3895 entropy=3.0134 mean_return=16.882 mean_len=75.2
[gat-train] update=82 samples=13120 fps=20.2 loss=4.9132 actor=0.7591 value=4.1828 entropy=2.8611 mean_return=16.764 mean_len=74.4
[gat-train] update=83 samples=13280 fps=20.2 loss=4.4089 actor=0.7661 value=3.6715 entropy=2.8742 mean_return=16.529 mean_len=72.9
[gat-train] update=84 samples=13440 fps=20.1 loss=9.8432 actor=1.5339 value=8.3372 entropy=2.7954 mean_return=16.411 mean_len=72.1
[gat-train] update=85 samples=13600 fps=20.1 loss=2.1846 actor=0.1318 value=2.0812 entropy=2.8413 mean_return=16.311 mean_len=71.4
[gat-train] update=86 samples=13760 fps=20.2 loss=19.2917 actor=3.7678 value=15.5517 entropy=2.7759 mean_return=16.145 mean_len=69.8
[gat-train] update=87 samples=13920 fps=20.2 loss=24.5438 actor=3.9248 value=20.6462 entropy=2.7298 mean_return=15.922 mean_len=69.0
[gat-train] update=88 samples=14080 fps=20.3 loss=18.1717 actor=2.6440 value=15.5555 entropy=2.7837 mean_return=15.817 mean_len=68.8
[gat-train] update=89 samples=14240 fps=20.3 loss=1.5208 actor=0.1055 value=1.4442 entropy=2.8823 mean_return=15.831 mean_len=68.8
[gat-train] update=90 samples=14400 fps=20.3 loss=17.3447 actor=2.9956 value=14.3788 entropy=2.9674 mean_return=15.834 mean_len=69.0
[gat-train] update=91 samples=14560 fps=20.4 loss=0.8452 actor=0.3710 value=0.5031 entropy=2.8917 mean_return=15.834 mean_len=69.0
[gat-train] update=92 samples=14720 fps=20.4 loss=7.0939 actor=0.9739 value=6.1493 entropy=2.9271 mean_return=15.801 mean_len=69.0
[gat-train] update=93 samples=14880 fps=20.4 loss=2.3003 actor=0.0462 value=2.2832 entropy=2.9045 mean_return=15.743 mean_len=68.8
[gat-train] update=94 samples=15040 fps=20.4 loss=6.4455 actor=0.9108 value=5.5642 entropy=2.9532 mean_return=15.678 mean_len=68.1
[gat-train] update=95 samples=15200 fps=20.4 loss=3.0910 actor=0.1242 value=2.9952 entropy=2.8373 mean_return=15.607 mean_len=67.8
[gat-train] update=96 samples=15360 fps=20.4 loss=5.7634 actor=1.0547 value=4.7365 entropy=2.7885 mean_return=15.544 mean_len=67.5
[gat-train] update=97 samples=15520 fps=20.4 loss=4.6107 actor=0.6510 value=3.9873 entropy=2.7690 mean_return=15.538 mean_len=67.3
[gat-train] update=98 samples=15680 fps=20.4 loss=20.7879 actor=2.9584 value=17.8564 entropy=2.6924 mean_return=15.469 mean_len=66.9
[gat-train] update=99 samples=15840 fps=20.4 loss=3.7109 actor=0.1207 value=3.6164 entropy=2.6180 mean_return=15.409 mean_len=66.5
[gat-train] update=100 samples=16000 fps=20.4 loss=3.5723 actor=0.4073 value=3.1912 entropy=2.6197 mean_return=15.360 mean_len=66.4
[gat-train] eval update=100 comp_score=80.97 best=84.44
[gat-train] update=101 samples=16160 fps=20.0 loss=11.6154 actor=2.4906 value=9.1508 entropy=2.6031 mean_return=15.265 mean_len=66.0
[gat-train] update=102 samples=16320 fps=20.0 loss=11.5677 actor=1.8725 value=9.7197 entropy=2.4560 mean_return=15.393 mean_len=67.1
[gat-train] update=103 samples=16480 fps=20.0 loss=10.5417 actor=2.2251 value=8.3431 entropy=2.6484 mean_return=15.385 mean_len=67.2
[gat-train] update=104 samples=16640 fps=20.1 loss=9.8876 actor=1.3416 value=8.5723 entropy=2.6253 mean_return=15.458 mean_len=68.0
[gat-train] update=105 samples=16800 fps=20.1 loss=4.2100 actor=0.7450 value=3.4922 entropy=2.7227 mean_return=15.451 mean_len=68.1
[gat-train] update=106 samples=16960 fps=20.1 loss=4.6686 actor=1.1632 value=3.5328 entropy=2.7410 mean_return=15.472 mean_len=68.4
[gat-train] update=107 samples=17120 fps=20.1 loss=3.0616 actor=0.4597 value=2.6293 entropy=2.7366 mean_return=15.480 mean_len=68.6
[gat-train] update=108 samples=17280 fps=20.1 loss=2.3901 actor=-0.2057 value=2.6234 entropy=2.7675 mean_return=15.497 mean_len=68.6
[gat-train] update=109 samples=17440 fps=20.1 loss=8.1551 actor=0.9149 value=7.2682 entropy=2.7921 mean_return=15.496 mean_len=68.6
[gat-train] update=110 samples=17600 fps=20.1 loss=10.1550 actor=1.6579 value=8.5242 entropy=2.7146 mean_return=15.440 mean_len=68.2
[gat-train] update=111 samples=17760 fps=20.1 loss=1.8148 actor=-0.0555 value=1.8957 entropy=2.5412 mean_return=15.465 mean_len=68.2
[gat-train] update=112 samples=17920 fps=20.1 loss=15.5034 actor=2.0504 value=13.4793 entropy=2.6294 mean_return=15.533 mean_len=68.5
[gat-train] update=113 samples=18080 fps=20.1 loss=3.8746 actor=0.1023 value=3.7983 entropy=2.5897 mean_return=15.544 mean_len=68.7
[gat-train] update=114 samples=18240 fps=20.1 loss=6.3493 actor=0.8516 value=5.5231 entropy=2.5369 mean_return=15.538 mean_len=68.8
[gat-train] update=115 samples=18400 fps=20.1 loss=15.1499 actor=2.9065 value=12.2676 entropy=2.4167 mean_return=15.500 mean_len=68.6
[gat-train] update=116 samples=18560 fps=20.1 loss=8.8551 actor=1.7846 value=7.0928 entropy=2.2286 mean_return=15.691 mean_len=69.6
[gat-train] update=117 samples=18720 fps=20.1 loss=8.1809 actor=1.6133 value=6.5893 entropy=2.1646 mean_return=15.879 mean_len=70.6
[gat-train] update=118 samples=18880 fps=20.2 loss=4.0348 actor=0.3063 value=3.7495 entropy=2.1062 mean_return=15.918 mean_len=70.8
[gat-train] update=119 samples=19040 fps=20.2 loss=7.6154 actor=1.3153 value=6.3226 entropy=2.2431 mean_return=15.838 mean_len=70.4
[gat-train] update=120 samples=19200 fps=20.2 loss=14.8655 actor=2.1870 value=12.7008 entropy=2.2317 mean_return=16.016 mean_len=71.4
[gat-train] update=121 samples=19360 fps=20.2 loss=0.2647 actor=-0.1545 value=0.4405 entropy=2.1199 mean_return=16.016 mean_len=71.4
[gat-train] update=122 samples=19520 fps=20.2 loss=-0.0002 actor=-0.2939 value=0.3171 entropy=2.3417 mean_return=16.016 mean_len=71.4
[gat-train] update=123 samples=19680 fps=20.2 loss=8.9421 actor=1.0840 value=7.8819 entropy=2.3768 mean_return=16.026 mean_len=71.4
[gat-train] update=124 samples=19840 fps=20.2 loss=4.5597 actor=0.9254 value=3.6572 entropy=2.2855 mean_return=16.135 mean_len=71.8
[gat-train] update=125 samples=20000 fps=20.2 loss=0.3089 actor=-0.0341 value=0.3659 entropy=2.2895 mean_return=16.135 mean_len=71.8
[gat-train] update=126 samples=20160 fps=20.1 loss=4.2450 actor=0.4827 value=3.7842 entropy=2.1881 mean_return=16.156 mean_len=71.8
[gat-train] update=127 samples=20320 fps=20.1 loss=7.0178 actor=1.2144 value=5.8252 entropy=2.1769 mean_return=16.243 mean_len=72.1
[gat-train] update=128 samples=20480 fps=20.1 loss=4.3259 actor=0.6824 value=3.6647 entropy=2.1090 mean_return=16.330 mean_len=72.7
[gat-train] update=129 samples=20640 fps=20.1 loss=8.2168 actor=1.1511 value=7.0872 entropy=2.1488 mean_return=16.346 mean_len=72.9
[gat-train] update=130 samples=20800 fps=20.1 loss=6.8815 actor=0.7520 value=6.1496 entropy=2.0098 mean_return=16.365 mean_len=72.7
[gat-train] update=131 samples=20960 fps=20.1 loss=18.6388 actor=2.1904 value=16.4678 entropy=1.9477 mean_return=16.437 mean_len=73.1
[gat-train] update=132 samples=21120 fps=20.1 loss=19.8649 actor=2.8229 value=17.0605 entropy=1.8464 mean_return=16.635 mean_len=74.5
[gat-train] update=133 samples=21280 fps=20.1 loss=11.7288 actor=1.9816 value=9.7639 entropy=1.6686 mean_return=16.666 mean_len=74.7
[gat-train] update=134 samples=21440 fps=20.2 loss=4.1007 actor=1.0385 value=3.0800 entropy=1.7703 mean_return=16.673 mean_len=74.8
[gat-train] update=135 samples=21600 fps=20.2 loss=5.7595 actor=0.4248 value=5.3525 entropy=1.7864 mean_return=16.679 mean_len=74.9
[gat-train] update=136 samples=21760 fps=20.2 loss=6.1612 actor=0.9773 value=5.2021 entropy=1.8188 mean_return=16.748 mean_len=75.2
[gat-train] update=137 samples=21920 fps=20.2 loss=9.6612 actor=0.8327 value=8.8467 entropy=1.8205 mean_return=16.821 mean_len=75.7
[gat-train] update=138 samples=22080 fps=20.1 loss=0.0482 actor=-0.1718 value=0.2387 entropy=1.8774 mean_return=16.821 mean_len=75.7
[gat-train] update=139 samples=22240 fps=20.1 loss=2.4595 actor=0.3047 value=2.1732 entropy=1.8432 mean_return=16.849 mean_len=75.9
[gat-train] update=140 samples=22400 fps=20.1 loss=4.4664 actor=0.6835 value=3.8011 entropy=1.8275 mean_return=16.947 mean_len=76.4
[gat-train] update=141 samples=22560 fps=20.1 loss=4.6606 actor=0.4175 value=4.2613 entropy=1.8186 mean_return=17.033 mean_len=76.8
[gat-train] update=142 samples=22720 fps=20.1 loss=14.8508 actor=2.1234 value=12.7441 entropy=1.6702 mean_return=17.116 mean_len=77.2
[gat-train] update=143 samples=22880 fps=20.1 loss=11.4081 actor=1.5257 value=9.8981 entropy=1.5794 mean_return=17.114 mean_len=77.3
[gat-train] update=144 samples=23040 fps=20.0 loss=6.9299 actor=0.7004 value=6.2449 entropy=1.5443 mean_return=17.152 mean_len=77.6
[gat-train] update=145 samples=23200 fps=20.0 loss=6.2219 actor=1.1245 value=5.1127 entropy=1.5342 mean_return=17.154 mean_len=77.7
[gat-train] update=146 samples=23360 fps=20.0 loss=0.4723 actor=-0.1200 value=0.6064 entropy=1.4114 mean_return=17.154 mean_len=77.7
[gat-train] update=147 samples=23520 fps=20.0 loss=14.9071 actor=2.1351 value=12.7869 entropy=1.4947 mean_return=17.314 mean_len=78.3
[gat-train] update=148 samples=23680 fps=20.0 loss=13.9540 actor=2.1027 value=11.8662 entropy=1.4860 mean_return=17.434 mean_len=79.4
[gat-train] update=149 samples=23840 fps=20.0 loss=21.9279 actor=3.0963 value=18.8473 entropy=1.5628 mean_return=17.527 mean_len=80.0
[gat-train] update=150 samples=24000 fps=20.0 loss=7.7637 actor=0.9782 value=6.8006 entropy=1.5136 mean_return=17.578 mean_len=80.4
[gat-train] eval update=150 comp_score=85.09 best=85.09  *NEW BEST -> PCT-best.pt*
[gat-train] update=151 samples=24160 fps=19.7 loss=9.2255 actor=1.4360 value=7.8038 entropy=1.4285 mean_return=17.633 mean_len=80.7
[gat-train] update=152 samples=24320 fps=19.7 loss=5.8399 actor=1.0308 value=4.8215 entropy=1.2514 mean_return=17.674 mean_len=80.7
[gat-train] update=153 samples=24480 fps=19.7 loss=9.8242 actor=1.1811 value=8.6578 entropy=1.4699 mean_return=17.720 mean_len=81.1
[gat-train] update=154 samples=24640 fps=19.7 loss=2.7511 actor=0.1946 value=2.5709 entropy=1.4382 mean_return=17.723 mean_len=81.0
[gat-train] update=155 samples=24800 fps=19.7 loss=5.6884 actor=1.1324 value=4.5713 entropy=1.5359 mean_return=17.796 mean_len=81.2
[gat-train] update=156 samples=24960 fps=19.7 loss=1.7890 actor=0.2069 value=1.5977 entropy=1.5657 mean_return=17.850 mean_len=81.3
[gat-train] update=157 samples=25120 fps=19.7 loss=6.0389 actor=0.7889 value=5.2661 entropy=1.6121 mean_return=17.874 mean_len=81.3
[gat-train] update=158 samples=25280 fps=19.7 loss=4.2466 actor=0.1145 value=4.1487 entropy=1.6631 mean_return=17.905 mean_len=81.3
[gat-train] update=159 samples=25440 fps=19.7 loss=21.1487 actor=2.8098 value=18.3553 entropy=1.6426 mean_return=17.993 mean_len=81.4
[gat-train] update=160 samples=25600 fps=19.7 loss=10.3960 actor=1.3562 value=9.0566 entropy=1.6705 mean_return=18.059 mean_len=81.4
[gat-train] update=161 samples=25760 fps=19.7 loss=4.4587 actor=0.6019 value=3.8730 entropy=1.6207 mean_return=18.080 mean_len=81.3
[gat-train] update=162 samples=25920 fps=19.7 loss=5.1287 actor=0.5450 value=4.5998 entropy=1.6042 mean_return=18.086 mean_len=81.2
[gat-train] update=163 samples=26080 fps=19.7 loss=5.7344 actor=0.6811 value=5.0699 entropy=1.6615 mean_return=18.081 mean_len=81.0
[gat-train] update=164 samples=26240 fps=19.7 loss=12.2868 actor=1.6267 value=10.6767 entropy=1.6620 mean_return=18.084 mean_len=80.9
[gat-train] update=165 samples=26400 fps=19.7 loss=25.7948 actor=3.3351 value=22.4762 entropy=1.6523 mean_return=18.180 mean_len=81.2
[gat-train] update=166 samples=26560 fps=19.7 loss=0.1096 actor=-0.0741 value=0.2002 entropy=1.6447 mean_return=18.180 mean_len=81.2
[gat-train] update=167 samples=26720 fps=19.7 loss=16.7272 actor=2.1561 value=14.5883 entropy=1.7253 mean_return=18.196 mean_len=81.5
[gat-train] update=168 samples=26880 fps=19.7 loss=0.2135 actor=-0.0570 value=0.2889 entropy=1.8368 mean_return=18.196 mean_len=81.5
[gat-train] update=169 samples=27040 fps=19.7 loss=6.9465 actor=0.3806 value=6.5840 entropy=1.8132 mean_return=18.229 mean_len=81.7
[gat-train] update=170 samples=27200 fps=19.7 loss=9.3664 actor=1.2639 value=8.1232 entropy=2.0714 mean_return=18.235 mean_len=81.8
[gat-train] update=171 samples=27360 fps=19.7 loss=4.1910 actor=0.7531 value=3.4583 entropy=2.0432 mean_return=18.284 mean_len=82.2
[gat-train] update=172 samples=27520 fps=19.7 loss=6.6739 actor=0.8248 value=5.8702 entropy=2.1051 mean_return=18.299 mean_len=82.4
[gat-train] update=173 samples=27680 fps=19.7 loss=6.6465 actor=1.0979 value=5.5707 entropy=2.2114 mean_return=18.342 mean_len=82.3
[gat-train] update=174 samples=27840 fps=19.7 loss=10.8121 actor=2.3230 value=8.5105 entropy=2.1515 mean_return=18.250 mean_len=81.3
[gat-train] update=175 samples=28000 fps=19.7 loss=5.3957 actor=0.5062 value=4.9114 entropy=2.1945 mean_return=18.219 mean_len=81.3
[gat-train] update=176 samples=28160 fps=19.7 loss=13.7758 actor=2.1296 value=11.6690 entropy=2.2794 mean_return=18.203 mean_len=81.0
[gat-train] update=177 samples=28320 fps=19.7 loss=6.3820 actor=0.7445 value=5.6594 entropy=2.1843 mean_return=18.091 mean_len=80.3
[gat-train] update=178 samples=28480 fps=19.7 loss=-0.1001 actor=-0.3465 value=0.2690 entropy=2.2629 mean_return=18.091 mean_len=80.3
[gat-train] update=179 samples=28640 fps=19.7 loss=6.6426 actor=0.6170 value=6.0490 entropy=2.3373 mean_return=18.080 mean_len=80.2
[gat-train] update=180 samples=28800 fps=19.7 loss=14.3418 actor=2.8928 value=11.4720 entropy=2.2910 mean_return=18.055 mean_len=80.1
[gat-train] update=181 samples=28960 fps=19.7 loss=15.4964 actor=2.6394 value=12.8780 entropy=2.1100 mean_return=17.976 mean_len=79.9
[gat-train] update=182 samples=29120 fps=19.7 loss=7.2763 actor=0.9243 value=6.3723 entropy=2.0270 mean_return=17.949 mean_len=80.0
[gat-train] update=183 samples=29280 fps=19.7 loss=1.0404 actor=0.0602 value=1.0008 entropy=2.0620 mean_return=17.903 mean_len=79.8
[gat-train] update=184 samples=29440 fps=19.7 loss=1.7880 actor=0.6332 value=1.1771 entropy=2.2318 mean_return=17.878 mean_len=79.9
[gat-train] update=185 samples=29600 fps=19.7 loss=4.0567 actor=0.3892 value=3.6901 entropy=2.2653 mean_return=17.860 mean_len=79.8
[gat-train] update=186 samples=29760 fps=19.7 loss=4.6204 actor=0.9243 value=3.7193 entropy=2.3191 mean_return=17.871 mean_len=80.0
[gat-train] update=187 samples=29920 fps=19.7 loss=11.6882 actor=1.9650 value=9.7456 entropy=2.2466 mean_return=17.758 mean_len=79.3
[gat-train] update=188 samples=30080 fps=19.7 loss=2.0742 actor=0.2770 value=1.8196 entropy=2.2338 mean_return=17.736 mean_len=79.1
[gat-train] update=189 samples=30240 fps=19.7 loss=3.3189 actor=0.0162 value=3.3256 entropy=2.2880 mean_return=17.668 mean_len=78.8
[gat-train] update=190 samples=30400 fps=19.7 loss=7.5129 actor=1.1051 value=6.4305 entropy=2.2689 mean_return=17.670 mean_len=78.7
[gat-train] update=191 samples=30560 fps=19.7 loss=4.2567 actor=0.4464 value=3.8331 entropy=2.2772 mean_return=17.624 mean_len=78.8
[gat-train] update=192 samples=30720 fps=19.7 loss=3.1145 actor=0.4193 value=2.7187 entropy=2.3596 mean_return=17.637 mean_len=78.6
[gat-train] update=193 samples=30880 fps=19.7 loss=13.0700 actor=1.8871 value=11.2066 entropy=2.3644 mean_return=17.623 mean_len=78.6
[gat-train] update=194 samples=31040 fps=19.7 loss=4.9041 actor=0.7069 value=4.2196 entropy=2.2400 mean_return=17.581 mean_len=78.4
[gat-train] update=195 samples=31200 fps=19.7 loss=6.4767 actor=1.2291 value=5.2714 entropy=2.3771 mean_return=17.578 mean_len=78.1
[gat-train] update=196 samples=31360 fps=19.7 loss=5.9560 actor=1.0360 value=4.9424 entropy=2.2427 mean_return=17.479 mean_len=77.4
[gat-train] update=197 samples=31520 fps=19.7 loss=10.7615 actor=2.3505 value=8.4333 entropy=2.2337 mean_return=17.481 mean_len=77.7
[gat-train] update=198 samples=31680 fps=19.7 loss=8.7508 actor=1.4904 value=7.2831 entropy=2.2751 mean_return=17.458 mean_len=77.8
[gat-train] update=199 samples=31840 fps=19.7 loss=9.6052 actor=1.6628 value=7.9668 entropy=2.4387 mean_return=17.444 mean_len=77.7
[gat-train] update=200 samples=32000 fps=19.7 loss=0.1199 actor=-0.3195 value=0.4635 entropy=2.4167 mean_return=17.444 mean_len=77.7
[gat-train] eval update=200 comp_score=84.30 best=85.09
[gat-train] update=201 samples=32160 fps=19.5 loss=1.4358 actor=0.2407 value=1.2213 entropy=2.6091 mean_return=17.395 mean_len=77.6
[gat-train] update=202 samples=32320 fps=19.5 loss=9.4407 actor=2.0468 value=7.4209 entropy=2.6955 mean_return=17.344 mean_len=77.5
[gat-train] update=203 samples=32480 fps=19.5 loss=7.1451 actor=1.2170 value=5.9558 entropy=2.7676 mean_return=17.262 mean_len=77.2
[gat-train] update=204 samples=32640 fps=19.5 loss=4.5749 actor=0.8397 value=3.7633 entropy=2.8144 mean_return=17.257 mean_len=77.3
[gat-train] update=205 samples=32800 fps=19.5 loss=2.6387 actor=0.4533 value=2.2142 entropy=2.8817 mean_return=17.205 mean_len=77.2
[gat-train] update=206 samples=32960 fps=19.5 loss=2.2507 actor=0.4659 value=1.8140 entropy=2.9261 mean_return=17.198 mean_len=77.2
[gat-train] update=207 samples=33120 fps=19.5 loss=1.3828 actor=-0.0298 value=1.4406 entropy=2.8064 mean_return=17.191 mean_len=76.9
[gat-train] update=208 samples=33280 fps=19.5 loss=5.7013 actor=0.6723 value=5.0577 entropy=2.8760 mean_return=17.156 mean_len=76.8
[gat-train] update=209 samples=33440 fps=19.5 loss=-0.0681 actor=-0.4228 value=0.3823 entropy=2.7642 mean_return=17.156 mean_len=76.8
[gat-train] update=210 samples=33600 fps=19.5 loss=18.0366 actor=3.6907 value=14.3737 entropy=2.7792 mean_return=17.077 mean_len=76.6
[gat-train] update=211 samples=33760 fps=19.6 loss=11.0921 actor=2.2115 value=8.9078 entropy=2.7205 mean_return=16.977 mean_len=76.1
[gat-train] update=212 samples=33920 fps=19.6 loss=5.6866 actor=0.8852 value=4.8281 entropy=2.6739 mean_return=16.897 mean_len=75.7
[gat-train] update=213 samples=34080 fps=19.6 loss=1.3261 actor=0.2239 value=1.1302 entropy=2.7932 mean_return=16.891 mean_len=75.8
[gat-train] update=214 samples=34240 fps=19.6 loss=10.2117 actor=2.6412 value=7.5982 entropy=2.7722 mean_return=16.675 mean_len=74.5
[gat-train] update=215 samples=34400 fps=19.6 loss=2.9775 actor=0.6940 value=2.3113 entropy=2.7912 mean_return=16.546 mean_len=73.7
[gat-train] update=216 samples=34560 fps=19.6 loss=9.0792 actor=2.3088 value=6.7994 entropy=2.8998 mean_return=16.420 mean_len=73.2
[gat-train] update=217 samples=34720 fps=19.6 loss=1.4402 actor=0.4710 value=0.9976 entropy=2.8412 mean_return=16.346 mean_len=72.8
[gat-train] update=218 samples=34880 fps=19.7 loss=5.7256 actor=0.9532 value=4.8014 entropy=2.8970 mean_return=16.258 mean_len=72.4
[gat-train] update=219 samples=35040 fps=19.7 loss=-0.2691 actor=-0.5634 value=0.3238 entropy=2.9487 mean_return=16.258 mean_len=72.4
[gat-train] update=220 samples=35200 fps=19.7 loss=6.0124 actor=0.9717 value=5.0702 entropy=2.9525 mean_return=16.137 mean_len=71.9
[gat-train] update=221 samples=35360 fps=19.7 loss=2.8902 actor=0.7968 value=2.1224 entropy=2.9055 mean_return=16.113 mean_len=71.6
[gat-train] update=222 samples=35520 fps=19.7 loss=4.0181 actor=0.4320 value=3.6138 entropy=2.7660 mean_return=16.061 mean_len=71.3
[gat-train] update=223 samples=35680 fps=19.7 loss=0.8147 actor=-0.2929 value=1.1354 entropy=2.7781 mean_return=16.006 mean_len=70.8
[gat-train] update=224 samples=35840 fps=19.7 loss=6.2473 actor=1.1872 value=5.0867 entropy=2.6561 mean_return=15.942 mean_len=70.3
[gat-train] update=225 samples=36000 fps=19.7 loss=10.8136 actor=2.2930 value=8.5469 entropy=2.6330 mean_return=15.778 mean_len=69.7
[gat-train] update=226 samples=36160 fps=19.7 loss=11.2120 actor=2.2176 value=9.0197 entropy=2.5306 mean_return=15.601 mean_len=69.0
[gat-train] update=227 samples=36320 fps=19.7 loss=6.7876 actor=1.1568 value=5.6566 entropy=2.5847 mean_return=15.470 mean_len=68.4
[gat-train] update=228 samples=36480 fps=19.7 loss=3.6427 actor=0.7311 value=2.9392 entropy=2.7610 mean_return=15.400 mean_len=68.1
[gat-train] update=229 samples=36640 fps=19.7 loss=1.2057 actor=-0.0489 value=1.2823 entropy=2.7732 mean_return=15.375 mean_len=68.1
[gat-train] update=230 samples=36800 fps=19.7 loss=2.3119 actor=0.7181 value=1.6220 entropy=2.8179 mean_return=15.361 mean_len=68.0
[gat-train] update=231 samples=36960 fps=19.8 loss=7.4453 actor=1.4890 value=5.9842 entropy=2.7948 mean_return=15.305 mean_len=67.6
[gat-train] update=232 samples=37120 fps=19.8 loss=0.8522 actor=-0.0668 value=0.9473 entropy=2.8325 mean_return=15.391 mean_len=68.2
[gat-train] update=233 samples=37280 fps=19.8 loss=1.3557 actor=0.3189 value=1.0654 entropy=2.8698 mean_return=15.355 mean_len=67.9
[gat-train] update=234 samples=37440 fps=19.8 loss=0.1271 actor=-0.2360 value=0.3913 entropy=2.8231 mean_return=15.355 mean_len=67.9
[gat-train] update=235 samples=37600 fps=19.8 loss=4.5229 actor=0.8973 value=3.6537 entropy=2.8131 mean_return=15.310 mean_len=67.5
[gat-train] update=236 samples=37760 fps=19.8 loss=3.0762 actor=0.2705 value=2.8325 entropy=2.6789 mean_return=15.208 mean_len=67.0
[gat-train] update=237 samples=37920 fps=19.8 loss=2.8616 actor=0.3966 value=2.4915 entropy=2.6483 mean_return=15.215 mean_len=67.0
[gat-train] update=238 samples=38080 fps=19.8 loss=11.3760 actor=2.3624 value=9.0394 entropy=2.5832 mean_return=15.217 mean_len=67.4
[gat-train] update=239 samples=38240 fps=19.8 loss=12.3284 actor=2.2798 value=10.0721 entropy=2.3561 mean_return=15.320 mean_len=67.9
[gat-train] update=240 samples=38400 fps=19.8 loss=7.9166 actor=1.4694 value=6.4699 entropy=2.2786 mean_return=15.345 mean_len=67.7
[gat-train] update=241 samples=38560 fps=19.8 loss=4.3420 actor=0.7381 value=3.6268 entropy=2.2860 mean_return=15.390 mean_len=68.3
[gat-train] update=242 samples=38720 fps=19.8 loss=1.8288 actor=0.5042 value=1.3480 entropy=2.3460 mean_return=15.400 mean_len=68.4
[gat-train] update=243 samples=38880 fps=19.8 loss=0.3494 actor=0.0066 value=0.3666 entropy=2.3705 mean_return=15.400 mean_len=68.4
[gat-train] update=244 samples=39040 fps=19.8 loss=3.7430 actor=0.8346 value=2.9332 entropy=2.4820 mean_return=15.422 mean_len=68.5
[gat-train] update=245 samples=39200 fps=19.8 loss=6.2511 actor=1.2497 value=5.0248 entropy=2.3407 mean_return=15.485 mean_len=69.0
[gat-train] update=246 samples=39360 fps=19.8 loss=2.6311 actor=0.3973 value=2.2570 entropy=2.3293 mean_return=15.551 mean_len=69.5
[gat-train] update=247 samples=39520 fps=19.8 loss=1.3309 actor=0.3782 value=0.9759 entropy=2.3285 mean_return=15.577 mean_len=69.6
[gat-train] update=248 samples=39680 fps=19.8 loss=0.9804 actor=0.1937 value=0.8100 entropy=2.3290 mean_return=15.554 mean_len=69.5
[gat-train] update=249 samples=39840 fps=19.8 loss=1.5688 actor=0.3549 value=1.2368 entropy=2.2974 mean_return=15.569 mean_len=69.6
[gat-train] update=250 samples=40000 fps=19.8 loss=4.4954 actor=0.6400 value=3.8790 entropy=2.3519 mean_return=15.642 mean_len=69.5
[gat-train] eval update=250 comp_score=74.68 best=85.09
[gat-train] update=251 samples=40160 fps=19.6 loss=5.8841 actor=1.0140 value=4.8926 entropy=2.2549 mean_return=15.805 mean_len=70.2
[gat-train] update=252 samples=40320 fps=19.6 loss=5.0258 actor=0.9269 value=4.1206 entropy=2.1735 mean_return=15.884 mean_len=70.4
[gat-train] update=253 samples=40480 fps=19.6 loss=14.1689 actor=2.6953 value=11.4946 entropy=2.0968 mean_return=16.066 mean_len=71.0
[gat-train] update=254 samples=40640 fps=19.7 loss=0.9903 actor=0.3534 value=0.6550 entropy=1.8179 mean_return=16.106 mean_len=71.2
[gat-train] update=255 samples=40800 fps=19.7 loss=9.8085 actor=1.4845 value=8.3430 entropy=1.9036 mean_return=16.224 mean_len=71.6
[gat-train] update=256 samples=40960 fps=19.7 loss=3.9403 actor=0.5330 value=3.4258 entropy=1.8621 mean_return=16.246 mean_len=71.9
[gat-train] update=257 samples=41120 fps=19.7 loss=5.6795 actor=1.0268 value=4.6722 entropy=1.9479 mean_return=16.428 mean_len=73.1
[gat-train] update=258 samples=41280 fps=19.7 loss=-0.2011 actor=-0.4201 value=0.2384 entropy=1.9466 mean_return=16.428 mean_len=73.1
[gat-train] update=259 samples=41440 fps=19.7 loss=1.9135 actor=0.3226 value=1.6111 entropy=2.0191 mean_return=16.418 mean_len=72.9
[gat-train] update=260 samples=41600 fps=19.7 loss=6.3170 actor=1.4040 value=4.9324 entropy=1.9369 mean_return=16.545 mean_len=73.5
[gat-train] update=261 samples=41760 fps=19.7 loss=0.6092 actor=-0.0624 value=0.6900 entropy=1.8480 mean_return=16.562 mean_len=73.5
[gat-train] update=262 samples=41920 fps=19.7 loss=8.1216 actor=1.0605 value=7.0796 entropy=1.8530 mean_return=16.712 mean_len=74.4
[gat-train] update=263 samples=42080 fps=19.7 loss=2.6249 actor=0.3427 value=2.3002 entropy=1.8076 mean_return=16.773 mean_len=74.8
[gat-train] update=264 samples=42240 fps=19.7 loss=1.2105 actor=0.1169 value=1.1111 entropy=1.7483 mean_return=16.810 mean_len=74.7
[gat-train] update=265 samples=42400 fps=19.6 loss=6.1185 actor=0.9685 value=5.1689 entropy=1.8971 mean_return=16.870 mean_len=75.1
[gat-train] update=266 samples=42560 fps=19.6 loss=0.0753 actor=-0.2309 value=0.3261 entropy=1.9853 mean_return=16.870 mean_len=75.1
[gat-train] update=267 samples=42720 fps=19.6 loss=7.2433 actor=1.5067 value=5.7560 entropy=1.9440 mean_return=16.997 mean_len=75.5
[gat-train] update=268 samples=42880 fps=19.6 loss=9.3666 actor=1.7018 value=7.6839 entropy=1.9102 mean_return=17.080 mean_len=75.7
[gat-train] update=269 samples=43040 fps=19.6 loss=4.0593 actor=0.2680 value=3.8096 entropy=1.8345 mean_return=17.091 mean_len=75.9
[gat-train] update=270 samples=43200 fps=19.6 loss=7.6218 actor=1.5359 value=6.1043 entropy=1.8495 mean_return=17.165 mean_len=76.1
[gat-train] update=271 samples=43360 fps=19.6 loss=6.0907 actor=0.9348 value=5.1743 entropy=1.8453 mean_return=17.275 mean_len=76.5
[gat-train] update=272 samples=43520 fps=19.6 loss=10.8847 actor=1.5497 value=9.3536 entropy=1.8600 mean_return=17.434 mean_len=77.3
[gat-train] update=273 samples=43680 fps=19.6 loss=3.3993 actor=0.9710 value=2.4460 entropy=1.7677 mean_return=17.469 mean_len=77.8
[gat-train] update=274 samples=43840 fps=19.6 loss=5.0430 actor=0.7795 value=4.2817 entropy=1.8229 mean_return=17.510 mean_len=78.2
[gat-train] update=275 samples=44000 fps=19.6 loss=1.9748 actor=0.3162 value=1.6767 entropy=1.8063 mean_return=17.513 mean_len=78.2
[gat-train] update=276 samples=44160 fps=19.7 loss=3.5439 actor=0.4263 value=3.1364 entropy=1.8833 mean_return=17.494 mean_len=78.3
[gat-train] update=277 samples=44320 fps=19.7 loss=7.9593 actor=1.7338 value=6.2452 entropy=1.9668 mean_return=17.542 mean_len=78.6
[gat-train] update=278 samples=44480 fps=19.7 loss=12.2179 actor=1.5265 value=10.7122 entropy=2.0810 mean_return=17.691 mean_len=79.6
[gat-train] update=279 samples=44640 fps=19.6 loss=3.9388 actor=0.7933 value=3.1667 entropy=2.1183 mean_return=17.730 mean_len=79.9
[gat-train] update=280 samples=44800 fps=19.6 loss=-0.3600 actor=-0.5898 value=0.2519 entropy=2.1994 mean_return=17.730 mean_len=79.9
[gat-train] update=281 samples=44960 fps=19.6 loss=2.5880 actor=0.6043 value=2.0068 entropy=2.3058 mean_return=17.722 mean_len=79.8
[gat-train] update=282 samples=45120 fps=19.6 loss=10.2557 actor=1.9490 value=8.3295 entropy=2.2756 mean_return=17.787 mean_len=80.2
[gat-train] update=283 samples=45280 fps=19.6 loss=2.4585 actor=0.1433 value=2.3374 entropy=2.2195 mean_return=17.833 mean_len=80.4
[gat-train] update=284 samples=45440 fps=19.6 loss=7.8348 actor=1.5309 value=6.3283 entropy=2.4419 mean_return=17.854 mean_len=80.5
[gat-train] update=285 samples=45600 fps=19.6 loss=3.2835 actor=0.7239 value=2.5829 entropy=2.3332 mean_return=17.865 mean_len=80.4
[gat-train] update=286 samples=45760 fps=19.6 loss=7.8638 actor=1.3849 value=6.5017 entropy=2.2823 mean_return=17.939 mean_len=81.0
[gat-train] update=287 samples=45920 fps=19.6 loss=5.2612 actor=1.2791 value=4.0043 entropy=2.2174 mean_return=17.901 mean_len=80.7
[gat-train] update=288 samples=46080 fps=19.7 loss=4.0735 actor=1.1774 value=2.9184 entropy=2.2357 mean_return=17.941 mean_len=81.0
[gat-train] update=289 samples=46240 fps=19.7 loss=5.9310 actor=1.0391 value=4.9154 entropy=2.3550 mean_return=17.917 mean_len=81.0
[gat-train] update=290 samples=46400 fps=19.7 loss=2.6371 actor=0.6339 value=2.0278 entropy=2.4627 mean_return=17.867 mean_len=80.8
[gat-train] update=291 samples=46560 fps=19.7 loss=-0.0072 actor=-0.2721 value=0.2899 entropy=2.5012 mean_return=17.867 mean_len=80.8
[gat-train] update=292 samples=46720 fps=19.7 loss=2.2474 actor=0.3313 value=1.9407 entropy=2.4573 mean_return=17.859 mean_len=80.9
[gat-train] update=293 samples=46880 fps=19.7 loss=10.3318 actor=2.1958 value=8.1613 entropy=2.5367 mean_return=17.800 mean_len=80.8
[gat-train] update=294 samples=47040 fps=19.7 loss=3.8083 actor=0.6776 value=3.1545 entropy=2.3845 mean_return=17.811 mean_len=80.7
[gat-train] update=295 samples=47200 fps=19.7 loss=1.6612 actor=0.0093 value=1.6762 entropy=2.4306 mean_return=17.753 mean_len=80.3
[gat-train] update=296 samples=47360 fps=19.7 loss=2.8736 actor=0.6665 value=2.2319 entropy=2.4806 mean_return=17.733 mean_len=80.2
[gat-train] update=297 samples=47520 fps=19.7 loss=7.4988 actor=2.0627 value=5.4605 entropy=2.4361 mean_return=17.539 mean_len=78.8
[gat-train] update=298 samples=47680 fps=19.7 loss=4.2453 actor=0.8650 value=3.4030 entropy=2.2742 mean_return=17.419 mean_len=78.2
[gat-train] update=299 samples=47840 fps=19.7 loss=0.3204 actor=-0.0587 value=0.4019 entropy=2.2866 mean_return=17.419 mean_len=78.2
[gat-train] update=300 samples=48000 fps=19.7 loss=1.8185 actor=0.1683 value=1.6743 entropy=2.4096 mean_return=17.396 mean_len=78.2
[gat-train] eval update=300 comp_score=84.21 best=85.09
[gat-train] update=301 samples=48160 fps=19.5 loss=10.5361 actor=2.1611 value=8.3985 entropy=2.3594 mean_return=17.227 mean_len=77.3
[gat-train] update=302 samples=48320 fps=19.5 loss=1.1473 actor=0.1856 value=0.9834 entropy=2.1761 mean_return=17.170 mean_len=76.9
[gat-train] update=303 samples=48480 fps=19.5 loss=5.0512 actor=1.0671 value=4.0073 entropy=2.3116 mean_return=17.094 mean_len=76.6
[gat-train] update=304 samples=48640 fps=19.5 loss=5.4987 actor=1.3279 value=4.1945 entropy=2.3642 mean_return=17.000 mean_len=76.1
[gat-train] update=305 samples=48800 fps=19.5 loss=2.9821 actor=0.6380 value=2.3674 entropy=2.3309 mean_return=16.940 mean_len=75.9
[gat-train] update=306 samples=48960 fps=19.5 loss=2.9405 actor=0.6970 value=2.2676 entropy=2.4179 mean_return=16.863 mean_len=75.3
[gat-train] update=307 samples=49120 fps=19.5 loss=2.6492 actor=0.3559 value=2.3167 entropy=2.3446 mean_return=16.806 mean_len=75.0
[gat-train] update=308 samples=49280 fps=19.6 loss=3.8942 actor=0.9588 value=2.9591 entropy=2.3756 mean_return=16.776 mean_len=74.9
[gat-train] update=309 samples=49440 fps=19.6 loss=4.0880 actor=0.8705 value=3.2408 entropy=2.3319 mean_return=16.724 mean_len=74.7
[gat-train] update=310 samples=49600 fps=19.6 loss=1.0638 actor=0.1720 value=0.9151 entropy=2.3319 mean_return=16.646 mean_len=74.3
[gat-train] update=311 samples=49760 fps=19.6 loss=2.2551 actor=0.6336 value=1.6446 entropy=2.3097 mean_return=16.611 mean_len=74.2
[gat-train] update=312 samples=49920 fps=19.6 loss=1.9364 actor=0.0596 value=1.8995 entropy=2.2665 mean_return=16.558 mean_len=73.9
[gat-train] update=313 samples=50080 fps=19.6 loss=5.8158 actor=1.3243 value=4.5142 entropy=2.2610 mean_return=16.579 mean_len=74.0
[gat-train] update=314 samples=50240 fps=19.6 loss=2.9369 actor=0.4969 value=2.4616 entropy=2.1674 mean_return=16.543 mean_len=73.6
[gat-train] update=315 samples=50400 fps=19.6 loss=4.7196 actor=1.0060 value=3.7351 entropy=2.1492 mean_return=16.540 mean_len=73.4
[gat-train] update=316 samples=50560 fps=19.6 loss=0.0051 actor=-0.1696 value=0.1968 entropy=2.2127 mean_return=16.540 mean_len=73.4
[gat-train] update=317 samples=50720 fps=19.6 loss=8.5811 actor=1.6453 value=6.9575 entropy=2.1761 mean_return=16.505 mean_len=73.5
[gat-train] update=318 samples=50880 fps=19.6 loss=3.6331 actor=0.8566 value=2.7987 entropy=2.2260 mean_return=16.525 mean_len=73.7
[gat-train] update=319 samples=51040 fps=19.6 loss=2.8441 actor=0.6565 value=2.2097 entropy=2.2115 mean_return=16.520 mean_len=73.8
[gat-train] update=320 samples=51200 fps=19.6 loss=8.1985 actor=2.1249 value=6.0971 entropy=2.3428 mean_return=16.636 mean_len=74.4
[gat-train] update=321 samples=51360 fps=19.6 loss=2.0142 actor=0.2327 value=1.8050 entropy=2.3415 mean_return=16.655 mean_len=74.5
[gat-train] update=322 samples=51520 fps=19.6 loss=1.2065 actor=0.0585 value=1.1723 entropy=2.4272 mean_return=16.655 mean_len=74.4
[gat-train] update=323 samples=51680 fps=19.6 loss=6.7964 actor=1.5129 value=5.3092 entropy=2.5783 mean_return=16.701 mean_len=74.6
[gat-train] update=324 samples=51840 fps=19.6 loss=0.2586 actor=-0.0651 value=0.3488 entropy=2.5105 mean_return=16.701 mean_len=74.6
[gat-train] update=325 samples=52000 fps=19.6 loss=3.9825 actor=0.9739 value=3.0337 entropy=2.5114 mean_return=16.759 mean_len=74.8
[gat-train] update=326 samples=52160 fps=19.6 loss=4.9751 actor=0.9134 value=4.0875 entropy=2.5782 mean_return=16.737 mean_len=74.7
[gat-train] update=327 samples=52320 fps=19.6 loss=0.0371 actor=-0.2619 value=0.3251 entropy=2.6093 mean_return=16.737 mean_len=74.7
[gat-train] update=328 samples=52480 fps=19.6 loss=1.6732 actor=0.2751 value=1.4247 entropy=2.6673 mean_return=16.731 mean_len=74.5
[gat-train] update=329 samples=52640 fps=19.6 loss=5.6753 actor=1.2310 value=4.4695 entropy=2.5177 mean_return=16.816 mean_len=74.8
[gat-train] update=330 samples=52800 fps=19.6 loss=5.6294 actor=1.1116 value=4.5428 entropy=2.5079 mean_return=16.871 mean_len=75.2
[gat-train] update=331 samples=52960 fps=19.6 loss=0.3863 actor=0.0236 value=0.3887 entropy=2.5978 mean_return=16.871 mean_len=75.2
[gat-train] update=332 samples=53120 fps=19.6 loss=5.4757 actor=1.0755 value=4.4271 entropy=2.6826 mean_return=16.897 mean_len=75.0
[gat-train] update=333 samples=53280 fps=19.6 loss=7.4938 actor=1.8788 value=5.6413 entropy=2.6378 mean_return=16.979 mean_len=75.3
[gat-train] update=334 samples=53440 fps=19.6 loss=3.0113 actor=0.7745 value=2.2618 entropy=2.5028 mean_return=16.978 mean_len=75.1
[gat-train] update=335 samples=53600 fps=19.6 loss=4.9797 actor=0.9133 value=4.0927 entropy=2.6271 mean_return=16.898 mean_len=74.6
[gat-train] update=336 samples=53760 fps=19.6 loss=2.4846 actor=-0.5494 value=3.0599 entropy=2.5911 mean_return=16.561 mean_len=74.1
[gat-train] update=337 samples=53920 fps=19.7 loss=3.0482 actor=0.9615 value=2.1130 entropy=2.6265 mean_return=16.573 mean_len=74.2
[gat-train] update=338 samples=54080 fps=19.7 loss=3.0872 actor=0.8838 value=2.2306 entropy=2.7149 mean_return=16.481 mean_len=73.3
[gat-train] update=339 samples=54240 fps=19.7 loss=-0.3511 actor=-0.6846 value=0.3610 entropy=2.7509 mean_return=16.481 mean_len=73.3
[gat-train] update=340 samples=54400 fps=19.7 loss=3.3327 actor=0.7201 value=2.6413 entropy=2.8741 mean_return=16.456 mean_len=73.2
[gat-train] update=341 samples=54560 fps=19.7 loss=4.3818 actor=1.0513 value=3.3593 entropy=2.8825 mean_return=16.427 mean_len=73.1
[gat-train] update=342 samples=54720 fps=19.7 loss=0.4817 actor=-0.0684 value=0.5776 entropy=2.7506 mean_return=16.399 mean_len=72.8
[gat-train] update=343 samples=54880 fps=19.7 loss=2.4312 actor=0.6371 value=1.8213 entropy=2.7259 mean_return=16.333 mean_len=72.4
[gat-train] update=344 samples=55040 fps=19.7 loss=2.2393 actor=0.4447 value=1.8221 entropy=2.7528 mean_return=16.292 mean_len=72.4
[gat-train] update=345 samples=55200 fps=19.7 loss=2.5688 actor=0.6230 value=1.9733 entropy=2.7405 mean_return=16.209 mean_len=71.9
[gat-train] update=346 samples=55360 fps=19.7 loss=0.5768 actor=0.1298 value=0.4755 entropy=2.8429 mean_return=16.187 mean_len=71.8
[gat-train] update=347 samples=55520 fps=19.7 loss=4.7785 actor=1.3102 value=3.4970 entropy=2.8779 mean_return=16.101 mean_len=71.5
[gat-train] update=348 samples=55680 fps=19.7 loss=1.5920 actor=0.2150 value=1.4049 entropy=2.7831 mean_return=16.069 mean_len=71.5
[gat-train] update=349 samples=55840 fps=19.7 loss=8.4292 actor=2.0152 value=6.4427 entropy=2.8705 mean_return=16.073 mean_len=71.8
[gat-train] update=350 samples=56000 fps=19.7 loss=2.7949 actor=0.4276 value=2.3951 entropy=2.7776 mean_return=16.038 mean_len=71.5
[gat-train] eval update=350 comp_score=85.43 best=85.43  *NEW BEST -> PCT-best.pt*
[gat-train] update=351 samples=56160 fps=19.6 loss=3.0536 actor=0.7444 value=2.3382 entropy=2.8973 mean_return=15.978 mean_len=71.1
[gat-train] update=352 samples=56320 fps=19.6 loss=2.5833 actor=0.4639 value=2.1478 entropy=2.8413 mean_return=15.965 mean_len=71.1
[gat-train] update=353 samples=56480 fps=19.6 loss=3.5444 actor=0.9481 value=2.6255 entropy=2.9284 mean_return=15.946 mean_len=71.3
[gat-train] update=354 samples=56640 fps=19.6 loss=-0.1326 actor=-0.5340 value=0.4293 entropy=2.7872 mean_return=15.946 mean_len=71.3
[gat-train] update=355 samples=56800 fps=19.6 loss=2.7003 actor=0.5393 value=2.1889 entropy=2.7888 mean_return=15.905 mean_len=71.0
[gat-train] update=356 samples=56960 fps=19.6 loss=5.8734 actor=1.4970 value=4.4046 entropy=2.8175 mean_return=15.863 mean_len=70.7
[gat-train] update=357 samples=57120 fps=19.6 loss=1.7452 actor=0.2346 value=1.5379 entropy=2.7267 mean_return=15.817 mean_len=70.6
[gat-train] update=358 samples=57280 fps=19.6 loss=3.5010 actor=1.1074 value=2.4223 entropy=2.8759 mean_return=16.064 mean_len=70.6
[gat-train] update=359 samples=57440 fps=19.6 loss=1.9455 actor=0.5191 value=1.4546 entropy=2.8244 mean_return=15.957 mean_len=70.3
[gat-train] update=360 samples=57600 fps=19.6 loss=2.3923 actor=0.6070 value=1.8141 entropy=2.8806 mean_return=15.923 mean_len=70.4
[gat-train] update=361 samples=57760 fps=19.6 loss=0.2453 actor=-0.0285 value=0.3017 entropy=2.7944 mean_return=15.887 mean_len=70.2
[gat-train] update=362 samples=57920 fps=19.6 loss=2.1054 actor=0.4828 value=1.6500 entropy=2.7335 mean_return=15.865 mean_len=69.9
[gat-train] update=363 samples=58080 fps=19.6 loss=3.8956 actor=1.3385 value=2.5836 entropy=2.6458 mean_return=15.859 mean_len=70.0
[gat-train] update=364 samples=58240 fps=19.6 loss=-0.0129 actor=-0.3437 value=0.3558 entropy=2.5054 mean_return=15.859 mean_len=70.0
[gat-train] update=365 samples=58400 fps=19.6 loss=2.8283 actor=1.1610 value=1.6940 entropy=2.6727 mean_return=15.752 mean_len=69.5
[gat-train] update=366 samples=58560 fps=19.6 loss=2.5207 actor=0.7591 value=1.7866 entropy=2.5075 mean_return=15.728 mean_len=69.4
[gat-train] update=367 samples=58720 fps=19.6 loss=0.7691 actor=0.0349 value=0.7591 entropy=2.4940 mean_return=15.703 mean_len=69.2
[gat-train] update=368 samples=58880 fps=19.6 loss=0.6808 actor=0.1253 value=0.5809 entropy=2.5428 mean_return=15.687 mean_len=68.9
[gat-train] update=369 samples=59040 fps=19.6 loss=1.7061 actor=0.4345 value=1.2977 entropy=2.6012 mean_return=15.582 mean_len=68.6
[gat-train] update=370 samples=59200 fps=19.6 loss=1.0442 actor=0.3855 value=0.6844 entropy=2.5672 mean_return=15.553 mean_len=68.5
[gat-train] update=371 samples=59360 fps=19.6 loss=2.3314 actor=0.8062 value=1.5512 entropy=2.6002 mean_return=15.506 mean_len=68.0
[gat-train] update=372 samples=59520 fps=19.7 loss=3.1869 actor=0.5283 value=2.6840 entropy=2.5465 mean_return=15.493 mean_len=68.0
[gat-train] update=373 samples=59680 fps=19.7 loss=3.5742 actor=0.8570 value=2.7437 entropy=2.6482 mean_return=15.477 mean_len=68.0
[gat-train] update=374 samples=59840 fps=19.7 loss=0.3424 actor=0.1058 value=0.2621 entropy=2.5597 mean_return=15.477 mean_len=68.0
[gat-train] update=375 samples=60000 fps=19.7 loss=5.1416 actor=1.6677 value=3.5004 entropy=2.6472 mean_return=15.450 mean_len=67.8
[gat-train] update=376 samples=60160 fps=19.7 loss=0.0723 actor=-0.1893 value=0.2873 entropy=2.5787 mean_return=15.399 mean_len=67.5
[gat-train] update=377 samples=60320 fps=19.7 loss=1.1223 actor=0.3324 value=0.8165 entropy=2.6658 mean_return=15.384 mean_len=67.3
[gat-train] update=378 samples=60480 fps=19.7 loss=2.4259 actor=0.7574 value=1.6944 entropy=2.5979 mean_return=15.443 mean_len=67.8
[gat-train] update=379 samples=60640 fps=19.7 loss=2.3486 actor=0.2870 value=2.0866 entropy=2.5039 mean_return=15.435 mean_len=67.8
[gat-train] update=380 samples=60800 fps=19.7 loss=1.9028 actor=0.4198 value=1.5088 entropy=2.5770 mean_return=15.524 mean_len=68.4
[gat-train] update=381 samples=60960 fps=19.7 loss=1.6484 actor=0.1417 value=1.5326 entropy=2.5859 mean_return=15.559 mean_len=68.5
[gat-train] update=382 samples=61120 fps=19.7 loss=0.5194 actor=0.0710 value=0.4739 entropy=2.5440 mean_return=15.532 mean_len=68.4
[gat-train] update=383 samples=61280 fps=19.7 loss=5.5549 actor=1.6844 value=3.8958 entropy=2.5244 mean_return=15.738 mean_len=69.7
[gat-train] update=384 samples=61440 fps=19.7 loss=1.9012 actor=0.1725 value=1.7520 entropy=2.3367 mean_return=15.772 mean_len=70.0
[gat-train] update=385 samples=61600 fps=19.7 loss=0.1058 actor=-0.1343 value=0.2632 entropy=2.3118 mean_return=15.772 mean_len=70.0
[gat-train] update=386 samples=61760 fps=19.7 loss=4.6273 actor=1.3373 value=3.3139 entropy=2.3871 mean_return=15.874 mean_len=70.6
[gat-train] update=387 samples=61920 fps=19.7 loss=2.5778 actor=0.6740 value=1.9271 entropy=2.3253 mean_return=15.939 mean_len=70.9
[gat-train] update=388 samples=62080 fps=19.7 loss=1.9444 actor=0.4406 value=1.5287 entropy=2.4897 mean_return=15.963 mean_len=71.0
[gat-train] update=389 samples=62240 fps=19.7 loss=-0.0914 actor=-0.3747 value=0.3084 entropy=2.5168 mean_return=15.963 mean_len=71.0
[gat-train] update=390 samples=62400 fps=19.7 loss=4.5061 actor=1.1197 value=3.4119 entropy=2.5588 mean_return=16.062 mean_len=72.0
[gat-train] update=391 samples=62560 fps=19.7 loss=-0.0033 actor=-0.2759 value=0.2976 entropy=2.5070 mean_return=16.062 mean_len=72.0
[gat-train] update=392 samples=62720 fps=19.7 loss=1.4298 actor=0.3206 value=1.1349 entropy=2.5661 mean_return=16.181 mean_len=72.4
[gat-train] update=393 samples=62880 fps=19.7 loss=2.9910 actor=0.7934 value=2.2234 entropy=2.5693 mean_return=16.219 mean_len=72.6
[gat-train] update=394 samples=63040 fps=19.7 loss=2.3382 actor=0.5087 value=1.8541 entropy=2.4571 mean_return=16.255 mean_len=73.0
[gat-train] update=395 samples=63200 fps=19.7 loss=2.4119 actor=0.6104 value=1.8262 entropy=2.4722 mean_return=16.261 mean_len=73.1
[gat-train] update=396 samples=63360 fps=19.7 loss=0.5368 actor=0.0074 value=0.5546 entropy=2.5153 mean_return=16.255 mean_len=72.9
[gat-train] update=397 samples=63520 fps=19.7 loss=1.5887 actor=-0.0996 value=1.7146 entropy=2.6283 mean_return=16.289 mean_len=72.8
[gat-train] update=398 samples=63680 fps=19.7 loss=4.7810 actor=1.1483 value=3.6588 entropy=2.6127 mean_return=16.379 mean_len=73.1
[gat-train] update=399 samples=63840 fps=19.7 loss=0.5870 actor=0.0627 value=0.5496 entropy=2.5199 mean_return=16.379 mean_len=73.2
[gat-train] update=400 samples=64000 fps=19.7 loss=3.8759 actor=0.9259 value=2.9747 entropy=2.4728 mean_return=16.401 mean_len=73.6
[gat-train] eval update=400 comp_score=83.84 best=85.43
[gat-train] update=401 samples=64160 fps=19.6 loss=1.0779 actor=0.3160 value=0.7860 entropy=2.4110 mean_return=16.421 mean_len=73.6
[gat-train] update=402 samples=64320 fps=19.6 loss=1.0304 actor=-0.0557 value=1.1108 entropy=2.4688 mean_return=16.424 mean_len=73.6
[gat-train] update=403 samples=64480 fps=19.6 loss=0.7335 actor=0.2815 value=0.4773 entropy=2.5322 mean_return=16.407 mean_len=73.5
[gat-train] update=404 samples=64640 fps=19.6 loss=2.2780 actor=0.1772 value=2.1266 entropy=2.5820 mean_return=16.399 mean_len=73.4
[gat-train] update=405 samples=64800 fps=19.6 loss=2.1383 actor=0.4208 value=1.7424 entropy=2.4993 mean_return=16.434 mean_len=73.7
[gat-train] update=406 samples=64960 fps=19.6 loss=2.0028 actor=0.3795 value=1.6472 entropy=2.3991 mean_return=16.426 mean_len=73.6
[gat-train] update=407 samples=65120 fps=19.6 loss=0.6927 actor=0.2828 value=0.4343 entropy=2.4450 mean_return=16.419 mean_len=73.7
[gat-train] update=408 samples=65280 fps=19.6 loss=2.2624 actor=0.6171 value=1.6692 entropy=2.3861 mean_return=16.435 mean_len=73.6
[gat-train] update=409 samples=65440 fps=19.6 loss=0.7507 actor=0.2576 value=0.5170 entropy=2.3888 mean_return=16.414 mean_len=73.5
[gat-train] update=410 samples=65600 fps=19.6 loss=4.3741 actor=1.0674 value=3.3304 entropy=2.3671 mean_return=16.498 mean_len=74.0
[gat-train] update=411 samples=65760 fps=19.6 loss=2.0489 actor=0.3521 value=1.7191 entropy=2.2362 mean_return=16.527 mean_len=74.2
[gat-train] update=412 samples=65920 fps=19.6 loss=2.8615 actor=0.7586 value=2.1241 entropy=2.1211 mean_return=16.521 mean_len=74.0
[gat-train] update=413 samples=66080 fps=19.6 loss=0.6838 actor=0.1038 value=0.6000 entropy=2.0006 mean_return=16.500 mean_len=73.8
[gat-train] update=414 samples=66240 fps=19.6 loss=2.2403 actor=0.5784 value=1.6822 entropy=2.0357 mean_return=16.515 mean_len=73.9
[gat-train] update=415 samples=66400 fps=19.6 loss=0.7273 actor=-0.0597 value=0.8067 entropy=1.9617 mean_return=16.580 mean_len=74.3
[gat-train] update=416 samples=66560 fps=19.6 loss=0.8594 actor=0.2816 value=0.5978 entropy=1.9995 mean_return=16.571 mean_len=74.3
[gat-train] update=417 samples=66720 fps=19.6 loss=2.4673 actor=0.4935 value=1.9946 entropy=2.0904 mean_return=16.607 mean_len=74.3
[gat-train] update=418 samples=66880 fps=19.6 loss=0.9198 actor=0.2484 value=0.6917 entropy=2.0395 mean_return=16.675 mean_len=74.7
[gat-train] update=419 samples=67040 fps=19.6 loss=1.3637 actor=0.4127 value=0.9713 entropy=2.0254 mean_return=16.690 mean_len=74.8
[gat-train] update=420 samples=67200 fps=19.6 loss=1.2552 actor=0.3757 value=0.8999 entropy=2.0424 mean_return=16.675 mean_len=74.7
[gat-train] update=421 samples=67360 fps=19.6 loss=3.6777 actor=0.8285 value=2.8692 entropy=2.0045 mean_return=16.706 mean_len=75.4
[gat-train] update=422 samples=67520 fps=19.6 loss=1.0882 actor=0.3279 value=0.7800 entropy=1.9696 mean_return=16.725 mean_len=75.5
[gat-train] update=423 samples=67680 fps=19.6 loss=1.7867 actor=0.1425 value=1.6645 entropy=2.0283 mean_return=16.716 mean_len=75.6
[gat-train] update=424 samples=67840 fps=19.6 loss=2.4151 actor=0.4061 value=2.0301 entropy=2.1089 mean_return=16.768 mean_len=76.0
[gat-train] update=425 samples=68000 fps=19.6 loss=2.4525 actor=0.5614 value=1.9117 entropy=2.0627 mean_return=16.849 mean_len=76.4
[gat-train] update=426 samples=68160 fps=19.6 loss=2.1465 actor=0.6337 value=1.5331 entropy=2.0220 mean_return=16.905 mean_len=76.6
[gat-train] update=427 samples=68320 fps=19.6 loss=2.2170 actor=0.5657 value=1.6708 entropy=1.9613 mean_return=16.998 mean_len=76.8
[gat-train] update=428 samples=68480 fps=19.6 loss=4.5118 actor=1.1754 value=3.3565 entropy=2.0081 mean_return=17.074 mean_len=77.1
[gat-train] update=429 samples=68640 fps=19.6 loss=1.1997 actor=0.3241 value=0.8964 entropy=2.0715 mean_return=17.093 mean_len=77.0
[gat-train] update=430 samples=68800 fps=19.6 loss=2.0981 actor=0.5932 value=1.5257 entropy=2.0788 mean_return=17.131 mean_len=77.1
[gat-train] update=431 samples=68960 fps=19.7 loss=3.7322 actor=1.0839 value=2.6705 entropy=2.2197 mean_return=17.153 mean_len=77.2
[gat-train] update=432 samples=69120 fps=19.7 loss=1.7464 actor=0.4903 value=1.2770 entropy=2.0793 mean_return=17.191 mean_len=77.4
[gat-train] update=433 samples=69280 fps=19.7 loss=0.9004 actor=0.1108 value=0.8114 entropy=2.1753 mean_return=17.187 mean_len=77.2
[gat-train] update=434 samples=69440 fps=19.7 loss=1.3614 actor=0.6425 value=0.7423 entropy=2.3419 mean_return=17.147 mean_len=76.9
[gat-train] update=435 samples=69600 fps=19.7 loss=2.5448 actor=0.3518 value=2.2161 entropy=2.3123 mean_return=17.196 mean_len=76.9
[gat-train] update=436 samples=69760 fps=19.7 loss=2.1354 actor=0.6951 value=1.4654 entropy=2.5019 mean_return=17.215 mean_len=77.0
[gat-train] update=437 samples=69920 fps=19.7 loss=0.2406 actor=-0.0377 value=0.3034 entropy=2.5140 mean_return=17.215 mean_len=77.0
[gat-train] update=438 samples=70080 fps=19.7 loss=2.0449 actor=0.6336 value=1.4372 entropy=2.5789 mean_return=17.275 mean_len=77.4
[gat-train] update=439 samples=70240 fps=19.7 loss=4.4651 actor=1.3799 value=3.1110 entropy=2.5824 mean_return=17.319 mean_len=77.6
[gat-train] update=440 samples=70400 fps=19.7 loss=1.0469 actor=0.3036 value=0.7673 entropy=2.3968 mean_return=17.343 mean_len=77.3
[gat-train] update=441 samples=70560 fps=19.7 loss=2.1249 actor=0.4391 value=1.7099 entropy=2.4144 mean_return=17.283 mean_len=76.8
[gat-train] update=442 samples=70720 fps=19.7 loss=2.6818 actor=0.8915 value=1.8142 entropy=2.3905 mean_return=17.294 mean_len=76.8
[gat-train] update=443 samples=70880 fps=19.7 loss=1.8041 actor=0.5302 value=1.2980 entropy=2.4009 mean_return=17.356 mean_len=76.8
[gat-train] update=444 samples=71040 fps=19.7 loss=0.5003 actor=0.2158 value=0.3089 entropy=2.4362 mean_return=17.348 mean_len=76.7
[gat-train] update=445 samples=71200 fps=19.7 loss=2.6417 actor=0.8563 value=1.8110 entropy=2.5587 mean_return=17.252 mean_len=76.2
[gat-train] update=446 samples=71360 fps=19.7 loss=0.7934 actor=0.3354 value=0.4830 entropy=2.4912 mean_return=17.204 mean_len=75.9
[gat-train] update=447 samples=71520 fps=19.7 loss=0.4968 actor=0.0590 value=0.4629 entropy=2.5112 mean_return=17.171 mean_len=75.6
[gat-train] update=448 samples=71680 fps=19.7 loss=0.8141 actor=0.2243 value=0.6156 entropy=2.5827 mean_return=17.177 mean_len=75.8
[gat-train] update=449 samples=71840 fps=19.7 loss=2.6724 actor=0.5452 value=2.1543 entropy=2.7044 mean_return=17.179 mean_len=75.6
[gat-train] update=450 samples=72000 fps=19.7 loss=1.2911 actor=0.3836 value=0.9344 entropy=2.6873 mean_return=17.088 mean_len=75.3
[gat-train] eval update=450 comp_score=85.50 best=85.50  *NEW BEST -> PCT-best.pt*
[gat-train] update=451 samples=72160 fps=19.6 loss=0.5485 actor=0.3505 value=0.2247 entropy=2.6697 mean_return=17.088 mean_len=75.3
[gat-train] update=452 samples=72320 fps=19.6 loss=0.6785 actor=-0.0803 value=0.7847 entropy=2.5896 mean_return=17.047 mean_len=74.9
[gat-train] update=453 samples=72480 fps=19.6 loss=1.1515 actor=0.3537 value=0.8236 entropy=2.5790 mean_return=16.892 mean_len=73.9
[gat-train] update=454 samples=72640 fps=19.6 loss=3.6967 actor=1.1240 value=2.5983 entropy=2.5603 mean_return=16.855 mean_len=73.2
[gat-train] update=455 samples=72800 fps=19.6 loss=1.2648 actor=0.1457 value=1.1441 entropy=2.5095 mean_return=16.843 mean_len=73.0
[gat-train] update=456 samples=72960 fps=19.6 loss=0.5309 actor=0.2541 value=0.3033 entropy=2.6602 mean_return=16.843 mean_len=73.0
[gat-train] update=457 samples=73120 fps=19.6 loss=0.3422 actor=0.1017 value=0.2675 entropy=2.7085 mean_return=16.843 mean_len=73.0
[gat-train] update=458 samples=73280 fps=19.6 loss=2.2098 actor=0.6628 value=1.5730 entropy=2.6031 mean_return=16.743 mean_len=73.0
[gat-train] update=459 samples=73440 fps=19.6 loss=0.6432 actor=0.0264 value=0.6430 entropy=2.6124 mean_return=16.690 mean_len=72.6
[gat-train] update=460 samples=73600 fps=19.6 loss=2.9457 actor=1.2378 value=1.7333 entropy=2.5487 mean_return=16.633 mean_len=72.4
[gat-train] update=461 samples=73760 fps=19.6 loss=0.9531 actor=-0.0107 value=0.9887 entropy=2.4993 mean_return=16.641 mean_len=72.5
[gat-train] update=462 samples=73920 fps=19.6 loss=0.6799 actor=0.3537 value=0.3525 entropy=2.6309 mean_return=16.597 mean_len=72.1
[gat-train] update=463 samples=74080 fps=19.6 loss=1.2353 actor=0.3093 value=0.9525 entropy=2.6408 mean_return=16.593 mean_len=72.3
[gat-train] update=464 samples=74240 fps=19.6 loss=1.0015 actor=0.2275 value=0.8008 entropy=2.6892 mean_return=16.632 mean_len=72.6
[gat-train] update=465 samples=74400 fps=19.6 loss=0.3834 actor=-0.0392 value=0.4493 entropy=2.6688 mean_return=16.632 mean_len=72.6
[gat-train] update=466 samples=74560 fps=19.6 loss=0.2052 actor=-0.1344 value=0.3663 entropy=2.6637 mean_return=16.524 mean_len=72.1
[gat-train] update=467 samples=74720 fps=19.6 loss=3.0409 actor=1.0283 value=2.0390 entropy=2.6416 mean_return=16.469 mean_len=71.7
[gat-train] update=468 samples=74880 fps=19.6 loss=1.5779 actor=0.2493 value=1.3551 entropy=2.6477 mean_return=16.462 mean_len=71.7
[gat-train] update=469 samples=75040 fps=19.6 loss=1.2698 actor=0.4655 value=0.8313 entropy=2.7020 mean_return=16.446 mean_len=71.8
[gat-train] update=470 samples=75200 fps=19.6 loss=0.8691 actor=0.1712 value=0.7265 entropy=2.8571 mean_return=16.448 mean_len=71.9
[gat-train] update=471 samples=75360 fps=19.6 loss=1.1090 actor=0.0490 value=1.0889 entropy=2.8837 mean_return=16.409 mean_len=71.6
[gat-train] update=472 samples=75520 fps=19.7 loss=1.8852 actor=0.4176 value=1.4959 entropy=2.8330 mean_return=16.384 mean_len=71.3
[gat-train] update=473 samples=75680 fps=19.7 loss=0.4411 actor=0.0655 value=0.4038 entropy=2.8221 mean_return=16.352 mean_len=71.2
[gat-train] update=474 samples=75840 fps=19.7 loss=0.9266 actor=0.3272 value=0.6283 entropy=2.8852 mean_return=16.283 mean_len=70.9
[gat-train] update=475 samples=76000 fps=19.7 loss=2.8565 actor=1.1025 value=1.7830 entropy=2.9016 mean_return=16.341 mean_len=72.0
[gat-train] update=476 samples=76160 fps=19.7 loss=0.5219 actor=-0.0909 value=0.6429 entropy=3.0069 mean_return=16.362 mean_len=72.0
[gat-train] update=477 samples=76320 fps=19.7 loss=1.3107 actor=0.3207 value=1.0202 entropy=3.0146 mean_return=16.257 mean_len=71.8
[gat-train] update=478 samples=76480 fps=19.7 loss=0.5833 actor=0.0158 value=0.5981 entropy=3.0611 mean_return=16.224 mean_len=71.5
[gat-train] update=479 samples=76640 fps=19.7 loss=0.2783 actor=-0.0704 value=0.3788 entropy=3.0055 mean_return=16.224 mean_len=71.5
[gat-train] update=480 samples=76800 fps=19.7 loss=1.4389 actor=0.5766 value=0.8916 entropy=2.9290 mean_return=16.201 mean_len=71.1
[gat-train] update=481 samples=76960 fps=19.7 loss=1.2663 actor=0.1686 value=1.1261 entropy=2.8362 mean_return=16.129 mean_len=70.8
[gat-train] update=482 samples=77120 fps=19.7 loss=1.2800 actor=0.3945 value=0.9145 entropy=2.8965 mean_return=16.084 mean_len=70.7
[gat-train] update=483 samples=77280 fps=19.7 loss=1.8546 actor=0.4742 value=1.4092 entropy=2.8804 mean_return=15.997 mean_len=70.3
[gat-train] update=484 samples=77440 fps=19.7 loss=0.8099 actor=0.2094 value=0.6294 entropy=2.8970 mean_return=15.945 mean_len=69.9
[gat-train] update=485 samples=77600 fps=19.7 loss=0.2159 actor=-0.2414 value=0.4857 entropy=2.8339 mean_return=15.945 mean_len=69.9
[gat-train] update=486 samples=77760 fps=19.7 loss=1.7181 actor=0.6265 value=1.1197 entropy=2.8125 mean_return=15.863 mean_len=69.8
[gat-train] update=487 samples=77920 fps=19.7 loss=0.5704 actor=-0.0547 value=0.6538 entropy=2.8733 mean_return=15.733 mean_len=69.1
[gat-train] update=488 samples=78080 fps=19.7 loss=0.9618 actor=0.3751 value=0.6167 entropy=2.9996 mean_return=15.646 mean_len=68.9
[gat-train] update=489 samples=78240 fps=19.7 loss=1.1735 actor=0.5893 value=0.6141 entropy=2.9969 mean_return=15.512 mean_len=68.0
[gat-train] update=490 samples=78400 fps=19.7 loss=1.4422 actor=0.1642 value=1.3083 entropy=3.0277 mean_return=15.453 mean_len=67.7
[gat-train] update=491 samples=78560 fps=19.7 loss=0.6082 actor=0.2990 value=0.3397 entropy=3.0541 mean_return=15.438 mean_len=67.7
[gat-train] update=492 samples=78720 fps=19.7 loss=-0.2220 actor=-0.4893 value=0.2976 entropy=3.0340 mean_return=15.330 mean_len=67.1
[gat-train] update=493 samples=78880 fps=19.7 loss=0.6603 actor=0.2263 value=0.4633 entropy=2.9292 mean_return=15.315 mean_len=67.0
[gat-train] update=494 samples=79040 fps=19.7 loss=0.6115 actor=0.0648 value=0.5750 entropy=2.8385 mean_return=15.284 mean_len=66.8
[gat-train] update=495 samples=79200 fps=19.7 loss=0.8832 actor=0.1049 value=0.8069 entropy=2.8527 mean_return=15.329 mean_len=67.1
[gat-train] update=496 samples=79360 fps=19.7 loss=0.9286 actor=-0.0223 value=0.9793 entropy=2.8370 mean_return=15.283 mean_len=66.8
[gat-train] update=497 samples=79520 fps=19.7 loss=1.0282 actor=0.1411 value=0.9147 entropy=2.7643 mean_return=15.279 mean_len=66.8
[gat-train] update=498 samples=79680 fps=19.7 loss=0.8719 actor=0.2949 value=0.6036 entropy=2.6670 mean_return=15.129 mean_len=66.3
[gat-train] update=499 samples=79840 fps=19.7 loss=0.0201 actor=-0.4728 value=0.5176 entropy=2.4739 mean_return=15.129 mean_len=66.3
[gat-train] update=500 samples=80000 fps=19.7 loss=0.8877 actor=0.3648 value=0.5470 entropy=2.4129 mean_return=15.137 mean_len=66.6
[gat-train] eval update=500 comp_score=84.65 best=85.50
[gat-train] update=501 samples=80160 fps=19.7 loss=0.9200 actor=0.2671 value=0.6759 entropy=2.2983 mean_return=15.133 mean_len=66.9
[gat-train] update=502 samples=80320 fps=19.7 loss=1.6526 actor=0.6594 value=1.0155 entropy=2.2283 mean_return=15.057 mean_len=66.6
[gat-train] update=503 samples=80480 fps=19.7 loss=0.3000 actor=0.0913 value=0.2288 entropy=2.0173 mean_return=15.079 mean_len=66.6
[gat-train] update=504 samples=80640 fps=19.7 loss=1.1634 actor=0.4836 value=0.7005 entropy=2.0778 mean_return=15.096 mean_len=67.0
[gat-train] update=505 samples=80800 fps=19.7 loss=0.6396 actor=0.3506 value=0.3099 entropy=2.0907 mean_return=15.083 mean_len=66.9
[gat-train] update=506 samples=80960 fps=19.7 loss=0.1606 actor=-0.1621 value=0.3440 entropy=2.1297 mean_return=15.096 mean_len=67.0
[gat-train] update=507 samples=81120 fps=19.7 loss=1.2601 actor=0.5901 value=0.6920 entropy=2.2061 mean_return=15.129 mean_len=67.1
[gat-train] update=508 samples=81280 fps=19.7 loss=0.4420 actor=0.1459 value=0.3171 entropy=2.1090 mean_return=15.137 mean_len=67.2
[gat-train] update=509 samples=81440 fps=19.7 loss=0.7694 actor=0.0881 value=0.7016 entropy=2.0337 mean_return=15.200 mean_len=67.3
[gat-train] update=510 samples=81600 fps=19.7 loss=0.6137 actor=-0.0549 value=0.6889 entropy=2.0276 mean_return=15.271 mean_len=67.6
[gat-train] update=511 samples=81760 fps=19.7 loss=0.4698 actor=0.0732 value=0.4163 entropy=1.9767 mean_return=15.342 mean_len=68.0
[gat-train] update=512 samples=81920 fps=19.7 loss=0.9639 actor=0.3081 value=0.6750 entropy=1.9131 mean_return=15.434 mean_len=68.5
[gat-train] update=513 samples=82080 fps=19.7 loss=-0.0788 actor=-0.3967 value=0.3360 entropy=1.8138 mean_return=15.434 mean_len=68.5
[gat-train] update=514 samples=82240 fps=19.7 loss=1.9471 actor=0.6889 value=1.2775 entropy=1.9393 mean_return=15.620 mean_len=69.5
[gat-train] update=515 samples=82400 fps=19.7 loss=0.6404 actor=-0.0286 value=0.6870 entropy=1.7906 mean_return=15.719 mean_len=70.0
[gat-train] update=516 samples=82560 fps=19.7 loss=1.2904 actor=0.4235 value=0.8849 entropy=1.8064 mean_return=15.847 mean_len=70.7
[gat-train] update=517 samples=82720 fps=19.7 loss=2.5571 actor=0.6171 value=1.9576 entropy=1.7596 mean_return=16.079 mean_len=72.1
[gat-train] update=518 samples=82880 fps=19.7 loss=2.3491 actor=0.7727 value=1.5930 entropy=1.6589 mean_return=16.275 mean_len=73.3
[gat-train] update=519 samples=83040 fps=19.7 loss=2.9661 actor=0.7791 value=2.2031 entropy=1.6114 mean_return=16.515 mean_len=74.2
[gat-train] update=520 samples=83200 fps=19.7 loss=0.8483 actor=0.1748 value=0.6893 entropy=1.5870 mean_return=16.582 mean_len=74.5
[gat-train] update=521 samples=83360 fps=19.7 loss=1.6603 actor=0.3217 value=1.3539 entropy=1.5307 mean_return=16.740 mean_len=75.4
[gat-train] update=522 samples=83520 fps=19.7 loss=1.2419 actor=0.2609 value=0.9982 entropy=1.7264 mean_return=16.771 mean_len=75.5
[gat-train] update=523 samples=83680 fps=19.7 loss=0.4323 actor=0.1332 value=0.3153 entropy=1.6247 mean_return=16.791 mean_len=75.6
[gat-train] update=524 samples=83840 fps=19.7 loss=0.1330 actor=-0.0710 value=0.2206 entropy=1.6666 mean_return=16.791 mean_len=75.6
[gat-train] update=525 samples=84000 fps=19.7 loss=0.4474 actor=0.0646 value=0.3988 entropy=1.6009 mean_return=16.854 mean_len=75.9
[gat-train] update=526 samples=84160 fps=19.7 loss=1.6319 actor=0.5813 value=1.0678 entropy=1.7215 mean_return=16.974 mean_len=76.5
[gat-train] update=527 samples=84320 fps=19.7 loss=2.7457 actor=0.6998 value=2.0636 entropy=1.7713 mean_return=17.260 mean_len=77.5
[gat-train] update=528 samples=84480 fps=19.7 loss=-0.1626 actor=-0.3934 value=0.2488 entropy=1.7910 mean_return=17.260 mean_len=77.5
[gat-train] update=529 samples=84640 fps=19.6 loss=0.0702 actor=-0.1095 value=0.1980 entropy=1.8316 mean_return=17.260 mean_len=77.5
[gat-train] update=530 samples=84800 fps=19.6 loss=0.9927 actor=0.0511 value=0.9599 entropy=1.8333 mean_return=17.323 mean_len=77.8
[gat-train] update=531 samples=84960 fps=19.6 loss=1.8954 actor=0.4605 value=1.4538 entropy=1.8936 mean_return=17.443 mean_len=78.6
[gat-train] update=532 samples=85120 fps=19.6 loss=3.6301 actor=0.7920 value=2.8574 entropy=1.9306 mean_return=17.691 mean_len=79.9
[gat-train] update=533 samples=85280 fps=19.6 loss=0.6628 actor=0.1673 value=0.5132 entropy=1.7746 mean_return=17.759 mean_len=80.2
[gat-train] update=534 samples=85440 fps=19.6 loss=3.9111 actor=1.2704 value=2.6593 entropy=1.8657 mean_return=17.953 mean_len=81.4
[gat-train] update=535 samples=85600 fps=19.6 loss=0.9193 actor=0.2101 value=0.7261 entropy=1.6944 mean_return=17.971 mean_len=81.6
[gat-train] update=536 samples=85760 fps=19.6 loss=2.3954 actor=0.6318 value=1.7811 entropy=1.7455 mean_return=18.073 mean_len=82.2
[gat-train] update=537 samples=85920 fps=19.6 loss=1.4629 actor=0.4468 value=1.0333 entropy=1.7119 mean_return=18.114 mean_len=82.3
[gat-train] update=538 samples=86080 fps=19.7 loss=1.8823 actor=0.4423 value=1.4590 entropy=1.9044 mean_return=18.134 mean_len=82.3
[gat-train] update=539 samples=86240 fps=19.7 loss=0.3312 actor=-0.0043 value=0.3542 entropy=1.8579 mean_return=18.151 mean_len=82.6
[gat-train] update=540 samples=86400 fps=19.7 loss=0.8351 actor=0.1056 value=0.7501 entropy=2.0557 mean_return=18.160 mean_len=82.8
[gat-train] update=541 samples=86560 fps=19.7 loss=3.0041 actor=1.0148 value=2.0104 entropy=2.1048 mean_return=18.144 mean_len=82.7
[gat-train] update=542 samples=86720 fps=19.7 loss=0.4742 actor=0.1941 value=0.3004 entropy=2.0297 mean_return=18.144 mean_len=82.7
[gat-train] update=543 samples=86880 fps=19.7 loss=0.9757 actor=-0.0639 value=1.0605 entropy=2.0917 mean_return=18.144 mean_len=82.6
[gat-train] update=544 samples=87040 fps=19.7 loss=2.7437 actor=0.9254 value=1.8405 entropy=2.2298 mean_return=18.177 mean_len=82.8
[gat-train] update=545 samples=87200 fps=19.7 loss=0.7110 actor=0.1713 value=0.5614 entropy=2.1694 mean_return=18.077 mean_len=82.4
[gat-train] update=546 samples=87360 fps=19.7 loss=0.2431 actor=-0.1107 value=0.3756 entropy=2.1780 mean_return=18.077 mean_len=82.4
[gat-train] update=547 samples=87520 fps=19.7 loss=1.2024 actor=0.2924 value=0.9320 entropy=2.2013 mean_return=18.004 mean_len=82.0
[gat-train] update=548 samples=87680 fps=19.7 loss=0.8297 actor=0.0278 value=0.8245 entropy=2.2653 mean_return=17.988 mean_len=81.9
[gat-train] update=549 samples=87840 fps=19.7 loss=0.8758 actor=0.2167 value=0.6810 entropy=2.1854 mean_return=17.956 mean_len=81.7
[gat-train] update=550 samples=88000 fps=19.7 loss=2.9561 actor=0.9495 value=2.0284 entropy=2.1741 mean_return=17.946 mean_len=81.2
[gat-train] eval update=550 comp_score=84.31 best=85.50
[gat-train] update=551 samples=88160 fps=19.6 loss=2.4227 actor=0.6858 value=1.7576 entropy=2.0691 mean_return=17.915 mean_len=81.3
[gat-train] update=552 samples=88320 fps=19.6 loss=1.3393 actor=0.4086 value=0.9517 entropy=2.0976 mean_return=17.901 mean_len=80.9
[gat-train] update=553 samples=88480 fps=19.6 loss=0.2252 actor=-0.0369 value=0.2829 entropy=2.0734 mean_return=17.830 mean_len=80.3
[gat-train] update=554 samples=88640 fps=19.6 loss=0.6934 actor=0.1573 value=0.5574 entropy=2.1324 mean_return=17.781 mean_len=80.1
[gat-train] update=555 samples=88800 fps=19.6 loss=0.3236 actor=-0.1056 value=0.4513 entropy=2.2194 mean_return=17.746 mean_len=80.0
[gat-train] update=556 samples=88960 fps=19.6 loss=0.2586 actor=0.0136 value=0.2683 entropy=2.3296 mean_return=17.746 mean_len=80.0
[gat-train] update=557 samples=89120 fps=19.6 loss=1.2659 actor=0.2757 value=1.0141 entropy=2.3832 mean_return=17.747 mean_len=80.0
[gat-train] update=558 samples=89280 fps=19.6 loss=0.5993 actor=-0.0233 value=0.6455 entropy=2.2928 mean_return=17.726 mean_len=79.9
[gat-train] update=559 samples=89440 fps=19.6 loss=1.3686 actor=0.3237 value=1.0676 entropy=2.2755 mean_return=17.712 mean_len=79.7
[gat-train] update=560 samples=89600 fps=19.6 loss=2.0176 actor=0.6863 value=1.3539 entropy=2.2637 mean_return=17.654 mean_len=79.3
[gat-train] update=561 samples=89760 fps=19.6 loss=0.9905 actor=0.4536 value=0.5583 entropy=2.1444 mean_return=17.562 mean_len=78.5
[gat-train] update=562 samples=89920 fps=19.6 loss=0.5480 actor=0.1001 value=0.4699 entropy=2.2009 mean_return=17.512 mean_len=78.2
[gat-train] update=563 samples=90080 fps=19.6 loss=1.4447 actor=0.3227 value=1.1438 entropy=2.1781 mean_return=17.514 mean_len=78.2
[gat-train] update=564 samples=90240 fps=19.6 loss=0.4443 actor=0.0934 value=0.3734 entropy=2.2402 mean_return=17.428 mean_len=77.6
[gat-train] update=565 samples=90400 fps=19.6 loss=1.7435 actor=0.4455 value=1.3201 entropy=2.2156 mean_return=17.436 mean_len=77.3
[gat-train] update=566 samples=90560 fps=19.6 loss=0.9511 actor=0.5187 value=0.4526 entropy=2.0256 mean_return=17.314 mean_len=76.6
[gat-train] update=567 samples=90720 fps=19.6 loss=1.8439 actor=0.6384 value=1.2250 entropy=1.9435 mean_return=17.346 mean_len=76.7
[gat-train] update=568 samples=90880 fps=19.6 loss=0.8742 actor=0.2369 value=0.6571 entropy=1.9684 mean_return=17.358 mean_len=76.8
[gat-train] update=569 samples=91040 fps=19.6 loss=0.8164 actor=0.3607 value=0.4771 entropy=2.1370 mean_return=17.407 mean_len=76.8
[gat-train] update=570 samples=91200 fps=19.6 loss=0.3584 actor=0.0137 value=0.3665 entropy=2.1776 mean_return=17.415 mean_len=76.8
[gat-train] update=571 samples=91360 fps=19.6 loss=0.6518 actor=-0.0052 value=0.6809 entropy=2.3843 mean_return=17.418 mean_len=76.7
[gat-train] update=572 samples=91520 fps=19.6 loss=0.8127 actor=0.2284 value=0.6083 entropy=2.3963 mean_return=17.438 mean_len=76.8
[gat-train] update=573 samples=91680 fps=19.6 loss=0.6124 actor=0.2305 value=0.4056 entropy=2.3694 mean_return=17.422 mean_len=76.6
[gat-train] update=574 samples=91840 fps=19.6 loss=0.2304 actor=-0.0155 value=0.2688 entropy=2.2884 mean_return=17.419 mean_len=76.6
[gat-train] update=575 samples=92000 fps=19.6 loss=1.3901 actor=0.4738 value=0.9386 entropy=2.2239 mean_return=17.321 mean_len=76.2
[gat-train] update=576 samples=92160 fps=19.6 loss=1.6017 actor=0.6566 value=0.9666 entropy=2.1455 mean_return=17.279 mean_len=76.0
[gat-train] update=577 samples=92320 fps=19.6 loss=0.2214 actor=-0.1320 value=0.3738 entropy=2.0410 mean_return=17.274 mean_len=76.0
[gat-train] update=578 samples=92480 fps=19.6 loss=0.3362 actor=0.0728 value=0.2842 entropy=2.0743 mean_return=17.260 mean_len=75.9
[gat-train] update=579 samples=92640 fps=19.6 loss=0.3012 actor=-0.0850 value=0.4065 entropy=2.0307 mean_return=17.271 mean_len=76.3
[gat-train] update=580 samples=92800 fps=19.6 loss=0.9823 actor=0.3123 value=0.6898 entropy=1.9862 mean_return=17.258 mean_len=76.1
[gat-train] update=581 samples=92960 fps=19.6 loss=0.9683 actor=0.4451 value=0.5429 entropy=1.9663 mean_return=17.171 mean_len=75.7
[gat-train] update=582 samples=93120 fps=19.6 loss=1.9152 actor=0.6192 value=1.3144 entropy=1.8436 mean_return=17.159 mean_len=75.6
[gat-train] update=583 samples=93280 fps=19.6 loss=0.8633 actor=0.2099 value=0.6719 entropy=1.8511 mean_return=17.189 mean_len=75.8
[gat-train] update=584 samples=93440 fps=19.6 loss=-0.0359 actor=-0.2115 value=0.1936 entropy=1.8002 mean_return=17.189 mean_len=75.8
[gat-train] update=585 samples=93600 fps=19.6 loss=1.2796 actor=0.5753 value=0.7235 entropy=1.9178 mean_return=17.193 mean_len=76.1
[gat-train] update=586 samples=93760 fps=19.6 loss=0.1848 actor=-0.0481 value=0.2525 entropy=1.9559 mean_return=17.193 mean_len=76.1
[gat-train] update=587 samples=93920 fps=19.6 loss=0.2385 actor=-0.1201 value=0.3783 entropy=1.9690 mean_return=17.164 mean_len=75.9
[gat-train] update=588 samples=94080 fps=19.6 loss=0.6080 actor=-0.0379 value=0.6668 entropy=2.0923 mean_return=17.213 mean_len=76.1
[gat-train] update=589 samples=94240 fps=19.6 loss=0.2603 actor=0.0335 value=0.2474 entropy=2.0615 mean_return=17.213 mean_len=76.1
[gat-train] update=590 samples=94400 fps=19.6 loss=0.9214 actor=0.2998 value=0.6434 entropy=2.1806 mean_return=17.289 mean_len=76.4
[gat-train] update=591 samples=94560 fps=19.6 loss=0.6282 actor=0.0477 value=0.6008 entropy=2.0357 mean_return=17.362 mean_len=76.9
[gat-train] update=592 samples=94720 fps=19.6 loss=1.3675 actor=0.4855 value=0.9023 entropy=2.0214 mean_return=17.375 mean_len=77.1
[gat-train] update=593 samples=94880 fps=19.6 loss=1.7362 actor=0.5293 value=1.2279 entropy=2.1047 mean_return=17.330 mean_len=76.8
[gat-train] update=594 samples=95040 fps=19.6 loss=0.8276 actor=0.1051 value=0.7409 entropy=1.8445 mean_return=17.336 mean_len=76.9
[gat-train] update=595 samples=95200 fps=19.6 loss=0.9142 actor=0.2972 value=0.6358 entropy=1.8799 mean_return=17.328 mean_len=77.0
[gat-train] update=596 samples=95360 fps=19.6 loss=0.0241 actor=-0.2954 value=0.3385 entropy=1.9050 mean_return=17.328 mean_len=77.0
[gat-train] update=597 samples=95520 fps=19.6 loss=2.8628 actor=1.2406 value=1.6416 entropy=1.9369 mean_return=17.382 mean_len=77.5
[gat-train] update=598 samples=95680 fps=19.6 loss=1.0349 actor=0.3863 value=0.6667 entropy=1.8093 mean_return=17.415 mean_len=77.8
[gat-train] update=599 samples=95840 fps=19.6 loss=1.7339 actor=0.6477 value=1.1048 entropy=1.8599 mean_return=17.506 mean_len=78.2
[gat-train] update=600 samples=96000 fps=19.6 loss=1.1384 actor=0.2409 value=0.9160 entropy=1.8444 mean_return=17.538 mean_len=78.4
[gat-train] eval update=600 comp_score=85.07 best=85.50
[gat-train] update=601 samples=96160 fps=19.6 loss=0.3474 actor=0.0864 value=0.2798 entropy=1.8865 mean_return=17.538 mean_len=78.4
[gat-train] update=602 samples=96320 fps=19.6 loss=0.5214 actor=0.0189 value=0.5232 entropy=2.0680 mean_return=17.584 mean_len=78.6
[gat-train] update=603 samples=96480 fps=19.6 loss=0.0588 actor=-0.1827 value=0.2617 entropy=2.0292 mean_return=17.584 mean_len=78.6
[gat-train] update=604 samples=96640 fps=19.6 loss=0.8020 actor=0.2692 value=0.5535 entropy=2.0723 mean_return=17.596 mean_len=78.3
[gat-train] update=605 samples=96800 fps=19.6 loss=0.3713 actor=-0.1323 value=0.5236 entropy=1.9965 mean_return=17.608 mean_len=78.5
[gat-train] update=606 samples=96960 fps=19.6 loss=1.2949 actor=0.3568 value=0.9589 entropy=2.0800 mean_return=17.668 mean_len=78.8
[gat-train] update=607 samples=97120 fps=19.6 loss=0.2645 actor=-0.1753 value=0.4599 entropy=2.0188 mean_return=17.704 mean_len=78.9
[gat-train] update=608 samples=97280 fps=19.6 loss=0.6116 actor=0.0620 value=0.5687 entropy=1.9224 mean_return=17.749 mean_len=79.2
[gat-train] update=609 samples=97440 fps=19.6 loss=0.8596 actor=0.2875 value=0.5905 entropy=1.8420 mean_return=17.760 mean_len=79.1
[gat-train] update=610 samples=97600 fps=19.6 loss=0.8039 actor=0.0786 value=0.7431 entropy=1.7753 mean_return=17.805 mean_len=79.4
[gat-train] update=611 samples=97760 fps=19.6 loss=0.3724 actor=0.0703 value=0.3195 entropy=1.7386 mean_return=17.783 mean_len=79.4
[gat-train] update=612 samples=97920 fps=19.6 loss=0.4103 actor=0.0736 value=0.3552 entropy=1.8568 mean_return=17.752 mean_len=79.0
[gat-train] update=613 samples=98080 fps=19.6 loss=1.1060 actor=0.4298 value=0.6937 entropy=1.7417 mean_return=17.727 mean_len=79.0
[gat-train] update=614 samples=98240 fps=19.6 loss=1.3254 actor=0.4290 value=0.9148 entropy=1.8325 mean_return=17.721 mean_len=79.0
[gat-train] update=615 samples=98400 fps=19.6 loss=0.2461 actor=-0.0936 value=0.3569 entropy=1.7085 mean_return=17.704 mean_len=79.0
[gat-train] update=616 samples=98560 fps=19.6 loss=0.8632 actor=0.1197 value=0.7621 entropy=1.8588 mean_return=17.717 mean_len=78.9
[gat-train] update=617 samples=98720 fps=19.6 loss=0.0921 actor=-0.0226 value=0.1350 entropy=2.0291 mean_return=17.717 mean_len=78.9
[gat-train] update=618 samples=98880 fps=19.6 loss=0.5616 actor=-0.0362 value=0.6197 entropy=2.1855 mean_return=17.748 mean_len=79.1
[gat-train] update=619 samples=99040 fps=19.6 loss=0.0551 actor=-0.2055 value=0.2829 entropy=2.2283 mean_return=17.710 mean_len=78.8
[gat-train] update=620 samples=99200 fps=19.6 loss=0.5250 actor=0.0518 value=0.4957 entropy=2.2601 mean_return=17.706 mean_len=78.8
[gat-train] update=621 samples=99360 fps=19.6 loss=0.7026 actor=0.1314 value=0.5938 entropy=2.2621 mean_return=17.720 mean_len=78.8
[gat-train] update=622 samples=99520 fps=19.6 loss=0.5062 actor=0.1218 value=0.4072 entropy=2.2800 mean_return=17.708 mean_len=78.8
[gat-train] update=623 samples=99680 fps=19.6 loss=1.0416 actor=0.1558 value=0.9079 entropy=2.2066 mean_return=17.721 mean_len=78.8
[gat-train] update=624 samples=99840 fps=19.6 loss=0.8238 actor=0.0361 value=0.8097 entropy=2.2016 mean_return=17.746 mean_len=78.8
[gat-train] update=625 samples=100000 fps=19.6 loss=0.8487 actor=0.2299 value=0.6401 entropy=2.1386 mean_return=17.716 mean_len=78.9
[gat-train] update=626 samples=100160 fps=19.6 loss=0.1409 actor=-0.0932 value=0.2552 entropy=2.1086 mean_return=17.686 mean_len=78.7
[gat-train] update=627 samples=100320 fps=19.6 loss=0.6765 actor=0.1850 value=0.5131 entropy=2.1531 mean_return=17.647 mean_len=78.3
[gat-train] update=628 samples=100480 fps=19.6 loss=1.0913 actor=0.4548 value=0.6582 entropy=2.1749 mean_return=17.704 mean_len=78.7
[gat-train] update=629 samples=100640 fps=19.6 loss=0.8543 actor=0.1657 value=0.7091 entropy=2.0551 mean_return=17.740 mean_len=78.7
[gat-train] update=630 samples=100800 fps=19.6 loss=1.1515 actor=0.3502 value=0.8222 entropy=2.0938 mean_return=17.750 mean_len=78.8
[gat-train] update=631 samples=100960 fps=19.6 loss=0.6715 actor=0.2867 value=0.4052 entropy=2.0349 mean_return=17.762 mean_len=79.1
[gat-train] update=632 samples=101120 fps=19.6 loss=0.4132 actor=0.0468 value=0.3873 entropy=2.0950 mean_return=17.698 mean_len=79.0
[gat-train] update=633 samples=101280 fps=19.6 loss=1.1788 actor=0.1522 value=1.0485 entropy=2.1915 mean_return=17.776 mean_len=79.5
[gat-train] update=634 samples=101440 fps=19.6 loss=0.4731 actor=0.1002 value=0.3944 entropy=2.1543 mean_return=17.762 mean_len=79.5
[gat-train] update=635 samples=101600 fps=19.6 loss=0.7496 actor=0.1870 value=0.5849 entropy=2.2324 mean_return=17.782 mean_len=79.3
[gat-train] update=636 samples=101760 fps=19.6 loss=-0.1121 actor=-0.4471 value=0.3569 entropy=2.1913 mean_return=17.782 mean_len=79.3
[gat-train] update=637 samples=101920 fps=19.6 loss=1.0879 actor=0.4033 value=0.7078 entropy=2.3211 mean_return=17.747 mean_len=79.2
[gat-train] update=638 samples=102080 fps=19.6 loss=0.2823 actor=-0.0760 value=0.3802 entropy=2.1951 mean_return=17.700 mean_len=79.1
[gat-train] update=639 samples=102240 fps=19.6 loss=1.2727 actor=0.4526 value=0.8432 entropy=2.3095 mean_return=17.646 mean_len=78.8
[gat-train] update=640 samples=102400 fps=19.6 loss=0.6868 actor=0.2427 value=0.4665 entropy=2.2327 mean_return=17.600 mean_len=78.4
[gat-train] update=641 samples=102560 fps=19.6 loss=0.7995 actor=0.0423 value=0.7796 entropy=2.2447 mean_return=17.622 mean_len=78.6
[gat-train] update=642 samples=102720 fps=19.6 loss=0.8882 actor=0.2452 value=0.6657 entropy=2.2671 mean_return=17.637 mean_len=78.7
[gat-train] update=643 samples=102880 fps=19.6 loss=0.4946 actor=0.1412 value=0.3771 entropy=2.3752 mean_return=17.619 mean_len=78.6
[gat-train] update=644 samples=103040 fps=19.6 loss=0.1551 actor=-0.0603 value=0.2399 entropy=2.4473 mean_return=17.556 mean_len=78.2
[gat-train] update=645 samples=103200 fps=19.6 loss=1.5238 actor=0.5136 value=1.0350 entropy=2.4767 mean_return=17.548 mean_len=78.4
[gat-train] update=646 samples=103360 fps=19.6 loss=0.7581 actor=0.4320 value=0.3509 entropy=2.4808 mean_return=17.548 mean_len=78.4
[gat-train] update=647 samples=103520 fps=19.6 loss=0.1927 actor=-0.2720 value=0.4900 entropy=2.5363 mean_return=17.529 mean_len=78.4
[gat-train] update=648 samples=103680 fps=19.6 loss=0.6538 actor=0.1574 value=0.5227 entropy=2.6381 mean_return=17.488 mean_len=78.4
[gat-train] update=649 samples=103840 fps=19.6 loss=0.8039 actor=0.4584 value=0.3727 entropy=2.7191 mean_return=17.463 mean_len=78.2
[gat-train] update=650 samples=104000 fps=19.6 loss=0.7872 actor=0.2393 value=0.5746 entropy=2.6642 mean_return=17.461 mean_len=78.3
[gat-train] eval update=650 comp_score=84.49 best=85.50
[gat-train] update=651 samples=104160 fps=19.5 loss=0.8307 actor=0.2909 value=0.5656 entropy=2.5756 mean_return=17.415 mean_len=78.2
[gat-train] update=652 samples=104320 fps=19.5 loss=0.2666 actor=-0.1146 value=0.4069 entropy=2.5667 mean_return=17.400 mean_len=78.0
[gat-train] update=653 samples=104480 fps=19.5 loss=0.3110 actor=-0.0060 value=0.3438 entropy=2.6773 mean_return=17.290 mean_len=77.7
[gat-train] update=654 samples=104640 fps=19.5 loss=0.1233 actor=-0.4615 value=0.6115 entropy=2.6824 mean_return=17.258 mean_len=77.4
[gat-train] update=655 samples=104800 fps=19.5 loss=0.3268 actor=-0.0994 value=0.4535 entropy=2.7293 mean_return=17.207 mean_len=77.1
[gat-train] update=656 samples=104960 fps=19.5 loss=0.3016 actor=-0.1336 value=0.4629 entropy=2.7728 mean_return=17.217 mean_len=77.2
[gat-train] update=657 samples=105120 fps=19.5 loss=1.2348 actor=0.2605 value=1.0009 entropy=2.6610 mean_return=17.121 mean_len=76.4
[gat-train] update=658 samples=105280 fps=19.5 loss=0.3329 actor=0.0389 value=0.3190 entropy=2.4957 mean_return=17.054 mean_len=76.2
[gat-train] update=659 samples=105440 fps=19.5 loss=1.4182 actor=0.5735 value=0.8697 entropy=2.5053 mean_return=17.094 mean_len=76.3
[gat-train] update=660 samples=105600 fps=19.5 loss=0.2052 actor=-0.1499 value=0.3794 entropy=2.4317 mean_return=17.016 mean_len=75.6
[gat-train] update=661 samples=105760 fps=19.5 loss=0.5309 actor=-0.0240 value=0.5797 entropy=2.4811 mean_return=16.955 mean_len=75.3
[gat-train] update=662 samples=105920 fps=19.5 loss=0.8546 actor=0.1717 value=0.7083 entropy=2.5375 mean_return=17.011 mean_len=75.7
[gat-train] update=663 samples=106080 fps=19.5 loss=0.0996 actor=-0.1892 value=0.3136 entropy=2.4836 mean_return=17.011 mean_len=75.7
[gat-train] update=664 samples=106240 fps=19.5 loss=0.4871 actor=0.2131 value=0.2999 entropy=2.5895 mean_return=16.950 mean_len=75.6
[gat-train] update=665 samples=106400 fps=19.5 loss=2.7154 actor=-0.4718 value=3.2118 entropy=2.4530 mean_return=16.469 mean_len=74.2
[gat-train] update=666 samples=106560 fps=19.5 loss=0.8476 actor=0.2516 value=0.6186 entropy=2.2705 mean_return=16.491 mean_len=74.3
[gat-train] update=667 samples=106720 fps=19.5 loss=0.5524 actor=0.2174 value=0.3576 entropy=2.2615 mean_return=16.512 mean_len=74.4
[gat-train] update=668 samples=106880 fps=19.6 loss=0.4056 actor=0.0667 value=0.3620 entropy=2.3089 mean_return=16.453 mean_len=73.9
[gat-train] update=669 samples=107040 fps=19.6 loss=0.3695 actor=0.0860 value=0.3064 entropy=2.2941 mean_return=16.429 mean_len=73.8
[gat-train] update=670 samples=107200 fps=19.6 loss=0.6757 actor=0.2277 value=0.4717 entropy=2.3826 mean_return=16.408 mean_len=73.6
[gat-train] update=671 samples=107360 fps=19.6 loss=0.3982 actor=0.0809 value=0.3393 entropy=2.2043 mean_return=16.408 mean_len=73.6
[gat-train] update=672 samples=107520 fps=19.6 loss=0.1475 actor=-0.3536 value=0.5230 entropy=2.1945 mean_return=16.355 mean_len=73.1
[gat-train] update=673 samples=107680 fps=19.6 loss=0.5369 actor=0.0886 value=0.4694 entropy=2.1051 mean_return=16.269 mean_len=72.7
[gat-train] update=674 samples=107840 fps=19.6 loss=0.7581 actor=0.3273 value=0.4506 entropy=1.9816 mean_return=16.281 mean_len=72.8
[gat-train] update=675 samples=108000 fps=19.6 loss=0.3143 actor=-0.0138 value=0.3472 entropy=1.9083 mean_return=16.333 mean_len=72.9
[gat-train] update=676 samples=108160 fps=19.6 loss=0.2172 actor=-0.0680 value=0.3039 entropy=1.8761 mean_return=16.301 mean_len=72.8
[gat-train] update=677 samples=108320 fps=19.6 loss=0.5077 actor=0.1188 value=0.4091 entropy=2.0131 mean_return=16.324 mean_len=73.0
[gat-train] update=678 samples=108480 fps=19.6 loss=0.0827 actor=-0.1326 value=0.2349 entropy=1.9512 mean_return=16.324 mean_len=73.0
[gat-train] update=679 samples=108640 fps=19.6 loss=0.3129 actor=0.0190 value=0.3128 entropy=1.8911 mean_return=16.337 mean_len=73.1
[gat-train] update=680 samples=108800 fps=19.6 loss=0.2501 actor=-0.1969 value=0.4659 entropy=1.8971 mean_return=16.343 mean_len=73.2
[gat-train] update=681 samples=108960 fps=19.6 loss=0.5222 actor=0.0056 value=0.5350 entropy=1.8339 mean_return=16.397 mean_len=73.3
[gat-train] update=682 samples=109120 fps=19.6 loss=0.6606 actor=0.2573 value=0.4225 entropy=1.9188 mean_return=16.397 mean_len=73.4
[gat-train] update=683 samples=109280 fps=19.6 loss=0.5981 actor=0.1345 value=0.4833 entropy=1.9612 mean_return=16.412 mean_len=73.6
[gat-train] update=684 samples=109440 fps=19.6 loss=0.6661 actor=0.2123 value=0.4730 entropy=1.9223 mean_return=16.454 mean_len=74.0
[gat-train] update=685 samples=109600 fps=19.6 loss=1.1428 actor=0.3811 value=0.7806 entropy=1.8833 mean_return=16.530 mean_len=74.7
[gat-train] update=686 samples=109760 fps=19.6 loss=0.7260 actor=0.0057 value=0.7406 entropy=2.0221 mean_return=16.648 mean_len=75.3
[gat-train] update=687 samples=109920 fps=19.6 loss=0.3915 actor=0.0339 value=0.3775 entropy=1.9818 mean_return=16.631 mean_len=75.1
[gat-train] update=688 samples=110080 fps=19.6 loss=0.5541 actor=0.3003 value=0.2738 entropy=1.9975 mean_return=16.631 mean_len=75.1
[gat-train] update=689 samples=110240 fps=19.6 loss=1.0335 actor=0.3303 value=0.7232 entropy=2.0006 mean_return=17.093 mean_len=76.2
[gat-train] update=690 samples=110400 fps=19.6 loss=0.3003 actor=-0.0538 value=0.3725 entropy=1.8380 mean_return=17.103 mean_len=76.3
[gat-train] update=691 samples=110560 fps=19.6 loss=0.4254 actor=-0.0255 value=0.4692 entropy=1.8337 mean_return=17.216 mean_len=77.1
[gat-train] update=692 samples=110720 fps=19.6 loss=0.9470 actor=0.4459 value=0.5188 entropy=1.7644 mean_return=17.301 mean_len=77.5
[gat-train] update=693 samples=110880 fps=19.6 loss=0.1416 actor=-0.0401 value=0.2013 entropy=1.9617 mean_return=17.301 mean_len=77.5
[gat-train] update=694 samples=111040 fps=19.6 loss=0.1000 actor=-0.1679 value=0.2885 entropy=2.0541 mean_return=17.338 mean_len=77.6
[gat-train] update=695 samples=111200 fps=19.6 loss=0.0417 actor=-0.2403 value=0.3039 entropy=2.1890 mean_return=17.338 mean_len=77.6
[gat-train] update=696 samples=111360 fps=19.6 loss=1.1090 actor=0.4674 value=0.6630 entropy=2.1452 mean_return=17.410 mean_len=77.8
[gat-train] update=697 samples=111520 fps=19.6 loss=2.1791 actor=0.9277 value=1.2724 entropy=2.1031 mean_return=17.663 mean_len=79.1
[gat-train] update=698 samples=111680 fps=19.6 loss=0.0002 actor=-0.2689 value=0.2882 entropy=1.9156 mean_return=17.663 mean_len=79.1
[gat-train] update=699 samples=111840 fps=19.6 loss=0.2836 actor=-0.0596 value=0.3645 entropy=2.1267 mean_return=17.690 mean_len=79.3
[gat-train] update=700 samples=112000 fps=19.6 loss=0.2391 actor=-0.1024 value=0.3642 entropy=2.2703 mean_return=17.690 mean_len=79.5
[gat-train] eval update=700 comp_score=85.65 best=85.65  *NEW BEST -> PCT-best.pt*
[gat-train] update=701 samples=112160 fps=19.5 loss=1.3885 actor=0.5406 value=0.8716 entropy=2.3685 mean_return=17.749 mean_len=79.8
[gat-train] update=702 samples=112320 fps=19.5 loss=0.1516 actor=-0.1649 value=0.3389 entropy=2.2410 mean_return=17.786 mean_len=80.0
[gat-train] update=703 samples=112480 fps=19.5 loss=1.4301 actor=0.5607 value=0.8927 entropy=2.3398 mean_return=17.823 mean_len=80.1
[gat-train] update=704 samples=112640 fps=19.5 loss=0.7167 actor=0.0657 value=0.6740 entropy=2.3073 mean_return=17.882 mean_len=80.2
[gat-train] update=705 samples=112800 fps=19.5 loss=0.6982 actor=0.2833 value=0.4375 entropy=2.2625 mean_return=17.856 mean_len=80.1
[gat-train] update=706 samples=112960 fps=19.5 loss=1.2286 actor=0.5520 value=0.6998 entropy=2.3229 mean_return=17.885 mean_len=80.1
[gat-train] update=707 samples=113120 fps=19.5 loss=0.5743 actor=0.1710 value=0.4262 entropy=2.2947 mean_return=17.870 mean_len=80.2
[gat-train] update=708 samples=113280 fps=19.5 loss=0.3139 actor=-0.0268 value=0.3636 entropy=2.2918 mean_return=17.893 mean_len=80.1
[gat-train] update=709 samples=113440 fps=19.5 loss=0.3593 actor=0.1057 value=0.2768 entropy=2.3192 mean_return=17.893 mean_len=80.1
[gat-train] update=710 samples=113600 fps=19.5 loss=0.1314 actor=-0.3190 value=0.4741 entropy=2.3671 mean_return=17.813 mean_len=79.7
[gat-train] update=711 samples=113760 fps=19.5 loss=0.2707 actor=-0.0042 value=0.2974 entropy=2.2425 mean_return=17.813 mean_len=79.7
[gat-train] update=712 samples=113920 fps=19.5 loss=1.4693 actor=0.6656 value=0.8252 entropy=2.1455 mean_return=17.806 mean_len=79.6
[gat-train] update=713 samples=114080 fps=19.5 loss=0.0858 actor=-0.2772 value=0.3815 entropy=1.8519 mean_return=17.808 mean_len=79.6
[gat-train] update=714 samples=114240 fps=19.5 loss=0.9144 actor=0.5023 value=0.4311 entropy=1.9001 mean_return=17.734 mean_len=79.1
[gat-train] update=715 samples=114400 fps=19.5 loss=0.2153 actor=-0.1960 value=0.4300 entropy=1.8671 mean_return=17.734 mean_len=79.1
[gat-train] update=716 samples=114560 fps=19.5 loss=0.2705 actor=-0.0095 value=0.2994 entropy=1.9370 mean_return=17.697 mean_len=78.9
[gat-train] update=717 samples=114720 fps=19.5 loss=0.1207 actor=-0.0928 value=0.2332 entropy=1.9693 mean_return=17.643 mean_len=78.3
[gat-train] update=718 samples=114880 fps=19.5 loss=0.8577 actor=0.2516 value=0.6258 entropy=1.9604 mean_return=17.584 mean_len=78.0
[gat-train] update=719 samples=115040 fps=19.5 loss=0.7766 actor=0.0001 value=0.7953 entropy=1.8815 mean_return=17.527 mean_len=78.0
[gat-train] update=720 samples=115200 fps=19.5 loss=0.8915 actor=0.2340 value=0.6754 entropy=1.7970 mean_return=17.480 mean_len=77.8
[gat-train] update=721 samples=115360 fps=19.5 loss=0.8963 actor=0.3243 value=0.5903 entropy=1.8297 mean_return=17.426 mean_len=77.7
[gat-train] update=722 samples=115520 fps=19.5 loss=0.7027 actor=0.1267 value=0.5944 entropy=1.8391 mean_return=17.418 mean_len=77.6
[gat-train] update=723 samples=115680 fps=19.5 loss=0.1627 actor=-0.1398 value=0.3223 entropy=1.9773 mean_return=17.445 mean_len=77.5
[gat-train] update=724 samples=115840 fps=19.5 loss=0.3854 actor=0.0929 value=0.3131 entropy=2.0626 mean_return=17.418 mean_len=77.5
[gat-train] update=725 samples=116000 fps=19.5 loss=0.4389 actor=0.0102 value=0.4505 entropy=2.1821 mean_return=17.420 mean_len=77.6
[gat-train] update=726 samples=116160 fps=19.5 loss=0.0670 actor=-0.1405 value=0.2291 entropy=2.1588 mean_return=17.379 mean_len=77.3
[gat-train] update=727 samples=116320 fps=19.5 loss=1.1671 actor=0.5027 value=0.6867 entropy=2.2298 mean_return=17.343 mean_len=77.3
[gat-train] update=728 samples=116480 fps=19.5 loss=0.7740 actor=0.3194 value=0.4756 entropy=2.1122 mean_return=17.273 mean_len=77.1
[gat-train] update=729 samples=116640 fps=19.5 loss=1.3104 actor=0.3322 value=0.9989 entropy=2.0648 mean_return=17.347 mean_len=77.7
[gat-train] update=730 samples=116800 fps=19.5 loss=0.2877 actor=0.0603 value=0.2483 entropy=2.0864 mean_return=17.311 mean_len=77.4
[gat-train] update=731 samples=116960 fps=19.5 loss=0.2944 actor=-0.0365 value=0.3529 entropy=2.2036 mean_return=17.314 mean_len=77.3
[gat-train] update=732 samples=117120 fps=19.5 loss=0.0926 actor=-0.2894 value=0.4051 entropy=2.3132 mean_return=17.314 mean_len=77.3
[gat-train] update=733 samples=117280 fps=19.5 loss=0.4324 actor=0.0348 value=0.4219 entropy=2.4222 mean_return=17.321 mean_len=77.2
[gat-train] update=734 samples=117440 fps=19.5 loss=0.4752 actor=0.1746 value=0.3240 entropy=2.3376 mean_return=17.362 mean_len=77.4
[gat-train] update=735 samples=117600 fps=19.5 loss=0.9384 actor=0.1455 value=0.8148 entropy=2.1941 mean_return=17.388 mean_len=77.5
[gat-train] update=736 samples=117760 fps=19.5 loss=0.5251 actor=0.2052 value=0.3412 entropy=2.1357 mean_return=17.393 mean_len=77.6
[gat-train] update=737 samples=117920 fps=19.5 loss=0.4345 actor=0.0442 value=0.4111 entropy=2.0792 mean_return=17.398 mean_len=77.5
[gat-train] update=738 samples=118080 fps=19.5 loss=0.5515 actor=0.0368 value=0.5344 entropy=1.9687 mean_return=17.446 mean_len=77.8
[gat-train] update=739 samples=118240 fps=19.5 loss=0.0060 actor=-0.3041 value=0.3313 entropy=2.1115 mean_return=17.471 mean_len=78.2
[gat-train] update=740 samples=118400 fps=19.5 loss=0.0624 actor=-0.2536 value=0.3380 entropy=2.2011 mean_return=17.423 mean_len=77.9
[gat-train] update=741 samples=118560 fps=19.5 loss=0.4994 actor=0.1182 value=0.4026 entropy=2.1397 mean_return=17.453 mean_len=78.1
[gat-train] update=742 samples=118720 fps=19.5 loss=0.2966 actor=0.0109 value=0.3083 entropy=2.2601 mean_return=17.400 mean_len=77.7
[gat-train] update=743 samples=118880 fps=19.5 loss=0.4308 actor=0.1758 value=0.2758 entropy=2.0853 mean_return=17.328 mean_len=77.4
[gat-train] update=744 samples=119040 fps=19.5 loss=1.4033 actor=0.4755 value=0.9479 entropy=2.0008 mean_return=17.337 mean_len=77.3
[gat-train] update=745 samples=119200 fps=19.5 loss=0.1718 actor=0.0213 value=0.1685 entropy=1.8094 mean_return=17.337 mean_len=77.3
[gat-train] update=746 samples=119360 fps=19.5 loss=0.4649 actor=0.2473 value=0.2377 entropy=2.0155 mean_return=17.337 mean_len=77.3
[gat-train] update=747 samples=119520 fps=19.5 loss=0.5616 actor=0.1689 value=0.4137 entropy=2.0962 mean_return=17.320 mean_len=77.3
[gat-train] update=748 samples=119680 fps=19.5 loss=0.0028 actor=-0.2769 value=0.3011 entropy=2.1381 mean_return=17.320 mean_len=77.3
[gat-train] update=749 samples=119840 fps=19.5 loss=0.4691 actor=-0.1012 value=0.5919 entropy=2.1531 mean_return=17.279 mean_len=76.7
[gat-train] update=750 samples=120000 fps=19.5 loss=0.7605 actor=0.3977 value=0.3844 entropy=2.1550 mean_return=17.297 mean_len=76.9
[gat-train] eval update=750 comp_score=84.05 best=85.65
[gat-train] update=751 samples=120160 fps=19.5 loss=1.4028 actor=0.4170 value=1.0058 entropy=2.0005 mean_return=17.360 mean_len=77.0
[gat-train] update=752 samples=120320 fps=19.5 loss=0.1837 actor=-0.1973 value=0.3986 entropy=1.7547 mean_return=17.360 mean_len=77.0
[gat-train] update=753 samples=120480 fps=19.5 loss=0.9944 actor=0.3494 value=0.6628 entropy=1.7767 mean_return=17.381 mean_len=76.9
[gat-train] update=754 samples=120640 fps=19.5 loss=0.4660 actor=0.1852 value=0.2985 entropy=1.7705 mean_return=17.332 mean_len=76.6
[gat-train] update=755 samples=120800 fps=19.5 loss=0.2044 actor=0.0164 value=0.2059 entropy=1.7929 mean_return=17.323 mean_len=76.6
[gat-train] update=756 samples=120960 fps=19.5 loss=0.5550 actor=0.1957 value=0.3777 entropy=1.8442 mean_return=17.337 mean_len=76.7
[gat-train] update=757 samples=121120 fps=19.5 loss=0.2433 actor=0.0836 value=0.1776 entropy=1.7997 mean_return=17.337 mean_len=76.7
[gat-train] update=758 samples=121280 fps=19.5 loss=0.4099 actor=0.1397 value=0.2882 entropy=1.7955 mean_return=17.287 mean_len=76.7
[gat-train] update=759 samples=121440 fps=19.5 loss=0.3246 actor=0.0376 value=0.3044 entropy=1.7427 mean_return=17.270 mean_len=76.7
[gat-train] update=760 samples=121600 fps=19.5 loss=0.5322 actor=0.0956 value=0.4532 entropy=1.6542 mean_return=17.305 mean_len=76.9
[gat-train] update=761 samples=121760 fps=19.5 loss=0.2982 actor=-0.1261 value=0.4416 entropy=1.7269 mean_return=17.387 mean_len=77.6
[gat-train] update=762 samples=121920 fps=19.5 loss=0.5848 actor=0.0566 value=0.5456 entropy=1.7401 mean_return=17.431 mean_len=77.7
[gat-train] update=763 samples=122080 fps=19.5 loss=0.2769 actor=-0.0989 value=0.3927 entropy=1.6822 mean_return=17.422 mean_len=77.7
[gat-train] update=764 samples=122240 fps=19.5 loss=0.3104 actor=0.0478 value=0.2788 entropy=1.6179 mean_return=17.422 mean_len=77.7
[gat-train] update=765 samples=122400 fps=19.5 loss=0.0977 actor=-0.1574 value=0.2717 entropy=1.6657 mean_return=17.422 mean_len=77.7
[gat-train] update=766 samples=122560 fps=19.5 loss=1.4894 actor=0.5747 value=0.9328 entropy=1.8067 mean_return=17.547 mean_len=78.3
[gat-train] update=767 samples=122720 fps=19.5 loss=0.4145 actor=0.0030 value=0.4290 entropy=1.7559 mean_return=17.595 mean_len=78.5
[gat-train] update=768 samples=122880 fps=19.5 loss=0.5693 actor=0.0971 value=0.4890 entropy=1.6828 mean_return=17.655 mean_len=78.9
[gat-train] update=769 samples=123040 fps=19.5 loss=1.4748 actor=0.4321 value=1.0601 entropy=1.7438 mean_return=17.831 mean_len=79.7
[gat-train] update=770 samples=123200 fps=19.5 loss=1.1957 actor=0.2765 value=0.9356 entropy=1.6459 mean_return=17.860 mean_len=80.0
[gat-train] update=771 samples=123360 fps=19.5 loss=0.5742 actor=0.1996 value=0.3908 entropy=1.6131 mean_return=17.858 mean_len=80.0
[gat-train] update=772 samples=123520 fps=19.5 loss=0.1601 actor=-0.1476 value=0.3246 entropy=1.6920 mean_return=17.893 mean_len=80.1
[gat-train] update=773 samples=123680 fps=19.5 loss=0.4722 actor=0.1667 value=0.3232 entropy=1.7658 mean_return=17.911 mean_len=80.4
[gat-train] update=774 samples=123840 fps=19.5 loss=0.5782 actor=0.1440 value=0.4527 entropy=1.8498 mean_return=17.892 mean_len=80.0
[gat-train] update=775 samples=124000 fps=19.5 loss=0.1555 actor=-0.1424 value=0.3151 entropy=1.7294 mean_return=17.892 mean_len=80.0
[gat-train] update=776 samples=124160 fps=19.5 loss=0.5475 actor=0.1449 value=0.4210 entropy=1.8400 mean_return=17.964 mean_len=80.2
[gat-train] update=777 samples=124320 fps=19.5 loss=0.0543 actor=-0.1568 value=0.2298 entropy=1.8745 mean_return=17.964 mean_len=80.2
[gat-train] update=778 samples=124480 fps=19.5 loss=1.5772 actor=0.5255 value=1.0727 entropy=2.0931 mean_return=18.020 mean_len=80.2
[gat-train] update=779 samples=124640 fps=19.5 loss=0.4667 actor=-0.0479 value=0.5340 entropy=1.9382 mean_return=18.081 mean_len=80.6
[gat-train] update=780 samples=124800 fps=19.5 loss=0.3017 actor=-0.0027 value=0.3253 entropy=2.0974 mean_return=18.084 mean_len=80.5
[gat-train] update=781 samples=124960 fps=19.5 loss=0.1093 actor=-0.2045 value=0.3354 entropy=2.1552 mean_return=18.115 mean_len=80.5
[gat-train] update=782 samples=125120 fps=19.5 loss=0.7924 actor=0.2319 value=0.5825 entropy=2.2072 mean_return=18.122 mean_len=80.4
[gat-train] update=783 samples=125280 fps=19.5 loss=0.4421 actor=0.1674 value=0.2977 entropy=2.2938 mean_return=18.115 mean_len=80.4
[gat-train] update=784 samples=125440 fps=19.5 loss=0.0435 actor=-0.2513 value=0.3186 entropy=2.3855 mean_return=18.104 mean_len=80.3
[gat-train] update=785 samples=125600 fps=19.5 loss=1.1112 actor=0.5107 value=0.6253 entropy=2.4734 mean_return=18.072 mean_len=80.0
[gat-train] update=786 samples=125760 fps=19.5 loss=0.7644 actor=0.1905 value=0.5984 entropy=2.4522 mean_return=18.109 mean_len=80.0
[gat-train] update=787 samples=125920 fps=19.5 loss=0.4882 actor=-0.0663 value=0.5799 entropy=2.5467 mean_return=18.072 mean_len=79.7
[gat-train] update=788 samples=126080 fps=19.5 loss=0.6808 actor=0.1791 value=0.5281 entropy=2.6375 mean_return=17.987 mean_len=79.1
[gat-train] update=789 samples=126240 fps=19.5 loss=1.0022 actor=0.4921 value=0.5371 entropy=2.7059 mean_return=17.951 mean_len=79.1
[gat-train] update=790 samples=126400 fps=19.5 loss=-0.0770 actor=-0.3360 value=0.2864 entropy=2.7375 mean_return=17.918 mean_len=78.9
[gat-train] update=791 samples=126560 fps=19.5 loss=0.1166 actor=-0.1598 value=0.3048 entropy=2.8316 mean_return=17.918 mean_len=78.9
[gat-train] update=792 samples=126720 fps=19.5 loss=0.6101 actor=0.3393 value=0.2997 entropy=2.8871 mean_return=17.926 mean_len=79.0
[gat-train] update=793 samples=126880 fps=19.5 loss=0.6075 actor=-0.0798 value=0.7154 entropy=2.8192 mean_return=17.756 mean_len=78.2
[gat-train] update=794 samples=127040 fps=19.5 loss=0.4369 actor=-0.1109 value=0.5754 entropy=2.7661 mean_return=17.706 mean_len=77.9
[gat-train] update=795 samples=127200 fps=19.5 loss=0.4987 actor=0.0454 value=0.4816 entropy=2.8335 mean_return=17.627 mean_len=77.4
[gat-train] update=796 samples=127360 fps=19.5 loss=0.4913 actor=0.0317 value=0.4861 entropy=2.6561 mean_return=17.586 mean_len=77.2
[gat-train] update=797 samples=127520 fps=19.5 loss=0.4870 actor=-0.0478 value=0.5607 entropy=2.5896 mean_return=17.446 mean_len=76.6
[gat-train] update=798 samples=127680 fps=19.5 loss=0.4069 actor=-0.4100 value=0.8435 entropy=2.6654 mean_return=17.195 mean_len=75.4
[gat-train] update=799 samples=127840 fps=19.5 loss=0.4072 actor=-0.0398 value=0.4731 entropy=2.6201 mean_return=17.110 mean_len=75.1
[gat-train] update=800 samples=128000 fps=19.5 loss=0.4531 actor=0.1070 value=0.3728 entropy=2.6735 mean_return=16.946 mean_len=74.3
[gat-train] eval update=800 comp_score=85.53 best=85.65
[gat-train] update=801 samples=128160 fps=19.5 loss=0.1556 actor=-0.1398 value=0.3224 entropy=2.6991 mean_return=16.867 mean_len=74.3
[gat-train] update=802 samples=128320 fps=19.5 loss=0.0662 actor=-0.2237 value=0.3173 entropy=2.7341 mean_return=16.655 mean_len=73.5
[gat-train] update=803 samples=128480 fps=19.5 loss=0.6265 actor=0.2503 value=0.4033 entropy=2.7185 mean_return=16.557 mean_len=73.2
[gat-train] update=804 samples=128640 fps=19.5 loss=0.2396 actor=-0.1105 value=0.3766 entropy=2.6592 mean_return=16.557 mean_len=73.2
[gat-train] update=805 samples=128800 fps=19.5 loss=0.0865 actor=-0.1627 value=0.2771 entropy=2.7874 mean_return=16.557 mean_len=73.2
[gat-train] update=806 samples=128960 fps=19.5 loss=0.2262 actor=-0.0682 value=0.3229 entropy=2.8488 mean_return=16.526 mean_len=72.9
[gat-train] update=807 samples=129120 fps=19.5 loss=0.5222 actor=0.1759 value=0.3738 entropy=2.7466 mean_return=16.483 mean_len=72.9
[gat-train] update=808 samples=129280 fps=19.5 loss=0.1883 actor=-0.1997 value=0.4151 entropy=2.7096 mean_return=16.346 mean_len=72.3
[gat-train] update=809 samples=129440 fps=19.5 loss=0.7174 actor=0.1533 value=0.5906 entropy=2.6504 mean_return=16.279 mean_len=72.1
[gat-train] update=810 samples=129600 fps=19.5 loss=0.1882 actor=-0.2169 value=0.4300 entropy=2.4978 mean_return=16.227 mean_len=72.1
[gat-train] update=811 samples=129760 fps=19.5 loss=0.6227 actor=0.1700 value=0.4774 entropy=2.4804 mean_return=16.080 mean_len=71.4
[gat-train] update=812 samples=129920 fps=19.5 loss=0.2942 actor=-0.0178 value=0.3352 entropy=2.3145 mean_return=16.021 mean_len=71.0
[gat-train] update=813 samples=130080 fps=19.5 loss=0.7129 actor=0.3447 value=0.3919 entropy=2.3665 mean_return=15.916 mean_len=70.8
[gat-train] update=814 samples=130240 fps=19.5 loss=0.9413 actor=0.4755 value=0.4904 entropy=2.4634 mean_return=15.912 mean_len=70.7
[gat-train] update=815 samples=130400 fps=19.5 loss=0.3826 actor=0.1638 value=0.2433 entropy=2.4447 mean_return=15.903 mean_len=70.6
[gat-train] update=816 samples=130560 fps=19.5 loss=0.3835 actor=0.0979 value=0.3103 entropy=2.4754 mean_return=15.874 mean_len=70.5
[gat-train] update=817 samples=130720 fps=19.5 loss=0.5300 actor=0.1916 value=0.3633 entropy=2.4853 mean_return=15.856 mean_len=70.2
[gat-train] update=818 samples=130880 fps=19.5 loss=0.5454 actor=0.1830 value=0.3875 entropy=2.5052 mean_return=15.851 mean_len=70.6
[gat-train] update=819 samples=131040 fps=19.5 loss=0.3142 actor=-0.0629 value=0.4030 entropy=2.5948 mean_return=15.913 mean_len=71.0
[gat-train] update=820 samples=131200 fps=19.5 loss=-0.0237 actor=-0.1972 value=0.1996 entropy=2.6157 mean_return=15.913 mean_len=71.0
[gat-train] update=821 samples=131360 fps=19.5 loss=0.2582 actor=-0.0380 value=0.3238 entropy=2.7588 mean_return=15.993 mean_len=71.7
[gat-train] update=822 samples=131520 fps=19.5 loss=0.2870 actor=-0.0903 value=0.4035 entropy=2.6182 mean_return=16.050 mean_len=72.2
[gat-train] update=823 samples=131680 fps=19.5 loss=0.6087 actor=0.1691 value=0.4651 entropy=2.5489 mean_return=16.026 mean_len=71.9
[gat-train] update=824 samples=131840 fps=19.5 loss=0.7325 actor=0.1682 value=0.5900 entropy=2.5654 mean_return=16.076 mean_len=72.4
[gat-train] update=825 samples=132000 fps=19.5 loss=0.5476 actor=0.0803 value=0.4924 entropy=2.5123 mean_return=16.114 mean_len=72.5
[gat-train] update=826 samples=132160 fps=19.5 loss=0.3354 actor=-0.0517 value=0.4119 entropy=2.4860 mean_return=16.159 mean_len=72.7
[gat-train] update=827 samples=132320 fps=19.5 loss=0.5155 actor=0.0745 value=0.4646 entropy=2.3583 mean_return=16.272 mean_len=73.2
[gat-train] update=828 samples=132480 fps=19.5 loss=0.4551 actor=0.1536 value=0.3225 entropy=2.1023 mean_return=16.283 mean_len=73.4
[gat-train] update=829 samples=132640 fps=19.5 loss=0.7665 actor=0.2937 value=0.4942 entropy=2.1387 mean_return=16.378 mean_len=74.0
[gat-train] update=830 samples=132800 fps=19.5 loss=1.4583 actor=0.3145 value=1.1651 entropy=2.1303 mean_return=16.438 mean_len=74.2
[gat-train] update=831 samples=132960 fps=19.5 loss=0.2894 actor=-0.0126 value=0.3248 entropy=2.2720 mean_return=16.455 mean_len=74.2
[gat-train] update=832 samples=133120 fps=19.5 loss=0.2884 actor=-0.0994 value=0.4109 entropy=2.3187 mean_return=16.489 mean_len=74.5
[gat-train] update=833 samples=133280 fps=19.5 loss=0.5860 actor=0.1813 value=0.4276 entropy=2.2932 mean_return=16.474 mean_len=74.5
[gat-train] update=834 samples=133440 fps=19.5 loss=0.0504 actor=-0.1476 value=0.2210 entropy=2.3055 mean_return=16.473 mean_len=74.4
[gat-train] update=835 samples=133600 fps=19.5 loss=0.1109 actor=-0.2140 value=0.3477 entropy=2.2788 mean_return=16.473 mean_len=74.4
[gat-train] update=836 samples=133760 fps=19.5 loss=0.2223 actor=-0.1067 value=0.3526 entropy=2.3623 mean_return=16.473 mean_len=74.4
[gat-train] update=837 samples=133920 fps=19.5 loss=0.3942 actor=-0.0512 value=0.4674 entropy=2.2043 mean_return=16.522 mean_len=74.6
[gat-train] update=838 samples=134080 fps=19.5 loss=0.4571 actor=0.0998 value=0.3793 entropy=2.1985 mean_return=16.594 mean_len=74.6
[gat-train] update=839 samples=134240 fps=19.5 loss=0.5542 actor=-0.0213 value=0.5969 entropy=2.1448 mean_return=16.636 mean_len=74.9
[gat-train] update=840 samples=134400 fps=19.5 loss=0.2628 actor=-0.0040 value=0.2877 entropy=2.0960 mean_return=16.656 mean_len=75.0
[gat-train] update=841 samples=134560 fps=19.5 loss=0.3499 actor=0.0912 value=0.2790 entropy=2.0337 mean_return=16.658 mean_len=75.0
[gat-train] update=842 samples=134720 fps=19.5 loss=0.4516 actor=0.1183 value=0.3525 entropy=1.9107 mean_return=16.681 mean_len=75.2
[gat-train] update=843 samples=134880 fps=19.5 loss=0.5581 actor=0.0576 value=0.5175 entropy=1.6968 mean_return=16.754 mean_len=75.4
[gat-train] update=844 samples=135040 fps=19.5 loss=0.6013 actor=0.0692 value=0.5494 entropy=1.7334 mean_return=16.767 mean_len=75.4
[gat-train] update=845 samples=135200 fps=19.5 loss=1.4009 actor=0.5271 value=0.8908 entropy=1.7044 mean_return=16.870 mean_len=75.9
[gat-train] update=846 samples=135360 fps=19.5 loss=0.7430 actor=0.2241 value=0.5348 entropy=1.5962 mean_return=16.946 mean_len=76.3
[gat-train] update=847 samples=135520 fps=19.5 loss=0.1984 actor=-0.1180 value=0.3319 entropy=1.5471 mean_return=16.973 mean_len=76.2
[gat-train] update=848 samples=135680 fps=19.5 loss=0.3677 actor=0.0593 value=0.3248 entropy=1.6401 mean_return=16.985 mean_len=76.4
[gat-train] update=849 samples=135840 fps=19.5 loss=0.1943 actor=0.0263 value=0.1843 entropy=1.6318 mean_return=17.038 mean_len=76.6
[gat-train] update=850 samples=136000 fps=19.4 loss=1.1193 actor=0.3826 value=0.7523 entropy=1.5635 mean_return=17.119 mean_len=76.9
[gat-train] eval update=850 comp_score=75.74 best=85.65
[gat-train] update=851 samples=136160 fps=19.3 loss=0.2617 actor=0.0317 value=0.2456 entropy=1.5683 mean_return=17.119 mean_len=76.9
[gat-train] update=852 samples=136320 fps=19.3 loss=0.0339 actor=-0.1837 value=0.2344 entropy=1.6709 mean_return=17.119 mean_len=76.9
[gat-train] update=853 samples=136480 fps=19.2 loss=0.5762 actor=0.1048 value=0.4879 entropy=1.6447 mean_return=17.099 mean_len=76.9
[gat-train] update=854 samples=136640 fps=19.2 loss=1.5101 actor=0.0306 value=1.4966 entropy=1.7085 mean_return=17.118 mean_len=76.5
[gat-train] update=855 samples=136800 fps=19.1 loss=1.3292 actor=0.2384 value=1.1082 entropy=1.7379 mean_return=17.208 mean_len=76.9
[gat-train] update=856 samples=136960 fps=19.0 loss=0.3304 actor=0.0437 value=0.3046 entropy=1.7947 mean_return=17.221 mean_len=77.1
[gat-train] update=857 samples=137120 fps=19.0 loss=0.2489 actor=0.0653 value=0.2012 entropy=1.7677 mean_return=17.166 mean_len=76.7
[gat-train] update=858 samples=137280 fps=18.9 loss=0.9649 actor=0.2554 value=0.7279 entropy=1.8405 mean_return=17.310 mean_len=77.4
[gat-train] update=859 samples=137440 fps=18.9 loss=0.3784 actor=0.0703 value=0.3262 entropy=1.8057 mean_return=17.347 mean_len=77.5
[gat-train] update=860 samples=137600 fps=18.8 loss=2.3755 actor=0.7646 value=1.6307 entropy=1.9785 mean_return=17.489 mean_len=78.4
[gat-train] update=861 samples=137760 fps=18.8 loss=1.4706 actor=0.6046 value=0.8854 entropy=1.9433 mean_return=17.554 mean_len=78.7
[gat-train] update=862 samples=137920 fps=18.7 loss=1.0694 actor=0.5322 value=0.5571 entropy=1.9901 mean_return=17.581 mean_len=79.1
[gat-train] update=863 samples=138080 fps=18.7 loss=0.0021 actor=-0.1988 value=0.2215 entropy=2.0660 mean_return=17.581 mean_len=79.1
[gat-train] update=864 samples=138240 fps=18.6 loss=1.0491 actor=0.3784 value=0.6935 entropy=2.2809 mean_return=17.661 mean_len=79.5
[gat-train] update=865 samples=138400 fps=18.6 loss=0.2039 actor=-0.0852 value=0.3121 entropy=2.3069 mean_return=17.678 mean_len=79.6
[gat-train] update=866 samples=138560 fps=18.5 loss=0.0974 actor=-0.1224 value=0.2432 entropy=2.3433 mean_return=17.695 mean_len=79.9
[gat-train] update=867 samples=138720 fps=18.5 loss=0.2845 actor=-0.2057 value=0.5141 entropy=2.3919 mean_return=17.723 mean_len=79.8
[gat-train] update=868 samples=138880 fps=18.4 loss=0.0785 actor=-0.1183 value=0.2209 entropy=2.4063 mean_return=17.716 mean_len=79.6
[gat-train] update=869 samples=139040 fps=18.3 loss=0.7250 actor=0.2999 value=0.4492 entropy=2.4122 mean_return=17.716 mean_len=79.5
[gat-train] update=870 samples=139200 fps=18.3 loss=0.1289 actor=-0.2337 value=0.3861 entropy=2.3546 mean_return=17.660 mean_len=79.2
[gat-train] update=871 samples=139360 fps=18.2 loss=0.6640 actor=0.1762 value=0.5117 entropy=2.3846 mean_return=17.662 mean_len=79.2
[gat-train] update=872 samples=139520 fps=18.1 loss=0.4767 actor=0.1285 value=0.3713 entropy=2.3150 mean_return=17.605 mean_len=78.9
[gat-train] update=873 samples=139680 fps=18.1 loss=0.1176 actor=-0.1757 value=0.3171 entropy=2.3767 mean_return=17.556 mean_len=78.4
[gat-train] update=874 samples=139840 fps=18.0 loss=1.3027 actor=0.3953 value=0.9323 entropy=2.4886 mean_return=17.510 mean_len=78.2
[gat-train] update=875 samples=140000 fps=18.0 loss=0.0288 actor=-0.2263 value=0.2788 entropy=2.3802 mean_return=17.471 mean_len=78.1
[gat-train] update=876 samples=140160 fps=17.9 loss=0.4264 actor=0.1597 value=0.2906 entropy=2.3906 mean_return=17.421 mean_len=77.7
[gat-train] update=877 samples=140320 fps=17.8 loss=0.2352 actor=-0.0897 value=0.3483 entropy=2.3464 mean_return=17.478 mean_len=78.5
[gat-train] update=878 samples=140480 fps=17.8 loss=0.1317 actor=-0.1775 value=0.3339 entropy=2.4724 mean_return=17.418 mean_len=78.1
[gat-train] update=879 samples=140640 fps=17.7 loss=0.2208 actor=-0.0093 value=0.2558 entropy=2.5662 mean_return=17.392 mean_len=78.1
[gat-train] update=880 samples=140800 fps=17.7 loss=0.3470 actor=0.0501 value=0.3216 entropy=2.4667 mean_return=17.350 mean_len=77.8
[gat-train] update=881 samples=140960 fps=17.6 loss=0.5323 actor=0.0839 value=0.4735 entropy=2.5136 mean_return=17.303 mean_len=77.6
[gat-train] update=882 samples=141120 fps=17.6 loss=0.1197 actor=-0.0984 value=0.2446 entropy=2.6461 mean_return=17.278 mean_len=77.5
[gat-train] update=883 samples=141280 fps=17.5 loss=0.5329 actor=0.0407 value=0.5189 entropy=2.6740 mean_return=17.184 mean_len=77.2
[gat-train] update=884 samples=141440 fps=17.5 loss=0.6043 actor=0.2209 value=0.4102 entropy=2.6812 mean_return=17.065 mean_len=76.2
[gat-train] update=885 samples=141600 fps=17.4 loss=0.0588 actor=-0.2384 value=0.3248 entropy=2.7559 mean_return=16.975 mean_len=75.8
[gat-train] update=886 samples=141760 fps=17.4 loss=0.1284 actor=-0.2176 value=0.3742 entropy=2.8212 mean_return=16.975 mean_len=75.8
[gat-train] update=887 samples=141920 fps=17.3 loss=0.6745 actor=0.1927 value=0.5092 entropy=2.7392 mean_return=16.914 mean_len=75.4
[gat-train] update=888 samples=142080 fps=17.3 loss=0.4047 actor=0.0086 value=0.4222 entropy=2.6106 mean_return=16.880 mean_len=75.1
[gat-train] update=889 samples=142240 fps=17.2 loss=1.1663 actor=0.2593 value=0.9336 entropy=2.6637 mean_return=16.765 mean_len=74.4
[gat-train] update=890 samples=142400 fps=17.2 loss=0.3426 actor=0.0861 value=0.2841 entropy=2.7659 mean_return=16.754 mean_len=74.7
[gat-train] update=891 samples=142560 fps=17.1 loss=0.6730 actor=0.2210 value=0.4787 entropy=2.6662 mean_return=16.744 mean_len=74.7
[gat-train] update=892 samples=142720 fps=17.1 loss=0.6987 actor=0.2050 value=0.5207 entropy=2.6989 mean_return=16.732 mean_len=74.7
[gat-train] update=893 samples=142880 fps=17.0 loss=0.5180 actor=0.1774 value=0.3681 entropy=2.7504 mean_return=16.640 mean_len=74.0
[gat-train] update=894 samples=143040 fps=17.0 loss=0.2184 actor=-0.0295 value=0.2757 entropy=2.7717 mean_return=16.640 mean_len=74.0
[gat-train] update=895 samples=143200 fps=16.9 loss=0.3374 actor=0.1085 value=0.2561 entropy=2.7173 mean_return=16.646 mean_len=74.1
[gat-train] update=896 samples=143360 fps=16.9 loss=0.2433 actor=-0.0558 value=0.3267 entropy=2.7572 mean_return=16.590 mean_len=74.1
[gat-train] update=897 samples=143520 fps=16.9 loss=0.6708 actor=0.2407 value=0.4566 entropy=2.6474 mean_return=16.537 mean_len=73.9
[gat-train] update=898 samples=143680 fps=16.8 loss=0.5026 actor=0.1594 value=0.3697 entropy=2.6610 mean_return=16.506 mean_len=73.6
[gat-train] update=899 samples=143840 fps=16.8 loss=0.0648 actor=-0.2695 value=0.3607 entropy=2.6456 mean_return=16.501 mean_len=73.6
[gat-train] update=900 samples=144000 fps=16.7 loss=0.2071 actor=-0.1162 value=0.3501 entropy=2.6765 mean_return=16.475 mean_len=73.5
[gat-train] eval update=900 comp_score=84.55 best=85.65
[gat-train] update=901 samples=144160 fps=16.6 loss=0.0802 actor=-0.2387 value=0.3456 entropy=2.6793 mean_return=16.404 mean_len=72.9
[gat-train] update=902 samples=144320 fps=16.6 loss=0.6340 actor=0.1415 value=0.5177 entropy=2.5273 mean_return=16.398 mean_len=72.9
[gat-train] update=903 samples=144480 fps=16.5 loss=0.0905 actor=-0.2378 value=0.3534 entropy=2.5079 mean_return=16.361 mean_len=72.7
[gat-train] update=904 samples=144640 fps=16.5 loss=0.4061 actor=-0.0177 value=0.4491 entropy=2.5397 mean_return=16.361 mean_len=72.7
[gat-train] update=905 samples=144800 fps=16.5 loss=0.8250 actor=0.1223 value=0.7270 entropy=2.4302 mean_return=16.320 mean_len=72.7
[gat-train] update=906 samples=144960 fps=16.4 loss=0.2258 actor=-0.1635 value=0.4128 entropy=2.3515 mean_return=16.318 mean_len=72.5
[gat-train] update=907 samples=145120 fps=16.4 loss=0.8275 actor=0.2381 value=0.6131 entropy=2.3673 mean_return=16.339 mean_len=72.8
[gat-train] update=908 samples=145280 fps=16.3 loss=0.5266 actor=0.2207 value=0.3302 entropy=2.4391 mean_return=16.280 mean_len=72.6
[gat-train] update=909 samples=145440 fps=16.3 loss=0.3043 actor=-0.0823 value=0.4122 entropy=2.5549 mean_return=16.248 mean_len=72.4
[gat-train] update=910 samples=145600 fps=16.3 loss=0.2406 actor=0.0588 value=0.2087 entropy=2.6880 mean_return=16.248 mean_len=72.4
[gat-train] update=911 samples=145760 fps=16.2 loss=1.0117 actor=0.3909 value=0.6471 entropy=2.6225 mean_return=16.294 mean_len=72.6
[gat-train] update=912 samples=145920 fps=16.2 loss=0.1333 actor=-0.2769 value=0.4366 entropy=2.6337 mean_return=16.295 mean_len=72.6
[gat-train] update=913 samples=146080 fps=16.2 loss=0.7737 actor=0.1551 value=0.6450 entropy=2.6412 mean_return=16.253 mean_len=72.5
[gat-train] update=914 samples=146240 fps=16.2 loss=0.2157 actor=0.0094 value=0.2340 entropy=2.7801 mean_return=16.225 mean_len=72.4
[gat-train] update=915 samples=146400 fps=16.1 loss=0.4122 actor=0.1665 value=0.2727 entropy=2.7017 mean_return=16.237 mean_len=72.5
[gat-train] update=916 samples=146560 fps=16.1 loss=0.2675 actor=-0.0159 value=0.3104 entropy=2.6958 mean_return=16.267 mean_len=72.5
[gat-train] update=917 samples=146720 fps=16.0 loss=0.2267 actor=-0.4223 value=0.6758 entropy=2.6754 mean_return=16.252 mean_len=72.5
[gat-train] update=918 samples=146880 fps=16.0 loss=0.1595 actor=-0.1995 value=0.3853 entropy=2.6320 mean_return=16.255 mean_len=72.5
[gat-train] update=919 samples=147040 fps=16.0 loss=0.4843 actor=-0.0433 value=0.5546 entropy=2.6989 mean_return=16.274 mean_len=72.5
[gat-train] update=920 samples=147200 fps=16.0 loss=0.6352 actor=0.2515 value=0.4113 entropy=2.7568 mean_return=16.293 mean_len=72.4
[gat-train] update=921 samples=147360 fps=15.9 loss=-0.1266 actor=-0.4199 value=0.3203 entropy=2.6981 mean_return=16.291 mean_len=72.4
[gat-train] update=922 samples=147520 fps=15.9 loss=0.7560 actor=0.3103 value=0.4732 entropy=2.7503 mean_return=16.304 mean_len=72.7
[gat-train] update=923 samples=147680 fps=15.9 loss=0.2433 actor=-0.0207 value=0.2919 entropy=2.7990 mean_return=16.304 mean_len=72.7
[gat-train] update=924 samples=147840 fps=15.8 loss=0.9454 actor=0.3304 value=0.6430 entropy=2.7999 mean_return=16.358 mean_len=73.2
[gat-train] update=925 samples=148000 fps=15.8 loss=0.5350 actor=0.1478 value=0.4137 entropy=2.6515 mean_return=16.358 mean_len=73.2
[gat-train] update=926 samples=148160 fps=15.8 loss=0.9077 actor=0.2047 value=0.7301 entropy=2.7121 mean_return=16.391 mean_len=73.4
[gat-train] update=927 samples=148320 fps=15.7 loss=1.2060 actor=0.7295 value=0.5034 entropy=2.6834 mean_return=16.396 mean_len=73.3
[gat-train] update=928 samples=148480 fps=15.7 loss=0.2905 actor=-0.2053 value=0.5205 entropy=2.4671 mean_return=16.300 mean_len=72.9
[gat-train] update=929 samples=148640 fps=15.7 loss=0.4032 actor=-0.0134 value=0.4420 entropy=2.5387 mean_return=16.269 mean_len=72.6
[gat-train] update=930 samples=148800 fps=15.7 loss=-0.0685 actor=-0.5697 value=0.5266 entropy=2.5300 mean_return=16.269 mean_len=72.6
[gat-train] update=931 samples=148960 fps=15.6 loss=0.3145 actor=-0.0958 value=0.4363 entropy=2.6097 mean_return=16.214 mean_len=72.3
[gat-train] update=932 samples=149120 fps=15.6 loss=0.4433 actor=0.0762 value=0.3929 entropy=2.5788 mean_return=16.227 mean_len=72.3
[gat-train] update=933 samples=149280 fps=15.6 loss=0.0364 actor=-0.2482 value=0.3093 entropy=2.4729 mean_return=16.211 mean_len=72.2
[gat-train] update=934 samples=149440 fps=15.6 loss=0.0825 actor=-0.2107 value=0.3187 entropy=2.5479 mean_return=16.219 mean_len=72.2
[gat-train] update=935 samples=149600 fps=15.5 loss=0.3531 actor=-0.0061 value=0.3847 entropy=2.5472 mean_return=16.167 mean_len=71.8
[gat-train] update=936 samples=149760 fps=15.5 loss=0.6973 actor=0.1461 value=0.5765 entropy=2.5312 mean_return=16.173 mean_len=71.5
[gat-train] update=937 samples=149920 fps=15.5 loss=0.4438 actor=0.0674 value=0.4007 entropy=2.4282 mean_return=16.160 mean_len=71.5
[gat-train] update=938 samples=150080 fps=15.5 loss=0.6475 actor=0.2918 value=0.3805 entropy=2.4771 mean_return=16.160 mean_len=71.5
[gat-train] update=939 samples=150240 fps=15.4 loss=1.0563 actor=0.3573 value=0.7238 entropy=2.4764 mean_return=16.139 mean_len=71.6
[gat-train] update=940 samples=150400 fps=15.4 loss=0.0325 actor=-0.3719 value=0.4267 entropy=2.2328 mean_return=16.117 mean_len=71.3
[gat-train] update=941 samples=150560 fps=15.4 loss=1.1516 actor=0.0958 value=1.0780 entropy=2.2141 mean_return=16.115 mean_len=71.5
[gat-train] update=942 samples=150720 fps=15.4 loss=1.3342 actor=0.6342 value=0.7200 entropy=2.0114 mean_return=16.056 mean_len=71.2
[gat-train] update=943 samples=150880 fps=15.3 loss=0.7595 actor=0.2229 value=0.5554 entropy=1.8820 mean_return=16.141 mean_len=71.6
[gat-train] update=944 samples=151040 fps=15.3 loss=1.0094 actor=0.2817 value=0.7476 entropy=1.9838 mean_return=16.191 mean_len=71.8
[gat-train] update=945 samples=151200 fps=15.3 loss=0.4685 actor=0.2141 value=0.2745 entropy=2.0024 mean_return=16.213 mean_len=72.0
[gat-train] update=946 samples=151360 fps=15.3 loss=0.3154 actor=0.1062 value=0.2304 entropy=2.1249 mean_return=16.213 mean_len=72.0
[gat-train] update=947 samples=151520 fps=15.2 loss=0.0834 actor=-0.1211 value=0.2277 entropy=2.3220 mean_return=16.213 mean_len=72.0
[gat-train] update=948 samples=151680 fps=15.2 loss=0.8817 actor=0.3852 value=0.5204 entropy=2.3874 mean_return=16.263 mean_len=72.1
[gat-train] update=949 samples=151840 fps=15.2 loss=1.2961 actor=0.6332 value=0.6857 entropy=2.2756 mean_return=16.299 mean_len=72.1
[gat-train] update=950 samples=152000 fps=15.2 loss=0.5945 actor=0.1445 value=0.4725 entropy=2.2561 mean_return=16.377 mean_len=72.4
[gat-train] eval update=950 comp_score=84.55 best=85.65
[gat-train] update=951 samples=152160 fps=15.1 loss=0.5355 actor=0.0727 value=0.4865 entropy=2.3765 mean_return=16.377 mean_len=72.3
[gat-train] update=952 samples=152320 fps=15.1 loss=1.1487 actor=0.3610 value=0.8130 entropy=2.5339 mean_return=16.472 mean_len=72.7
[gat-train] update=953 samples=152480 fps=15.0 loss=0.9402 actor=0.1189 value=0.8463 entropy=2.4964 mean_return=16.535 mean_len=73.0
[gat-train] update=954 samples=152640 fps=15.0 loss=0.8887 actor=0.5033 value=0.4119 entropy=2.6510 mean_return=16.543 mean_len=73.2
[gat-train] update=955 samples=152800 fps=15.0 loss=1.0261 actor=0.4152 value=0.6373 entropy=2.6419 mean_return=16.622 mean_len=73.5
[gat-train] update=956 samples=152960 fps=14.9 loss=0.4525 actor=-0.0370 value=0.5154 entropy=2.5938 mean_return=16.675 mean_len=73.8
[gat-train] update=957 samples=153120 fps=14.9 loss=1.1924 actor=0.6720 value=0.5471 entropy=2.6746 mean_return=16.683 mean_len=74.1
[gat-train] update=958 samples=153280 fps=14.9 loss=1.0755 actor=0.2978 value=0.8038 entropy=2.6046 mean_return=16.848 mean_len=74.7
[gat-train] update=959 samples=153440 fps=14.9 loss=0.5151 actor=0.2026 value=0.3388 entropy=2.6221 mean_return=16.837 mean_len=74.7
[gat-train] update=960 samples=153600 fps=14.8 loss=-0.0256 actor=-0.3114 value=0.3146 entropy=2.8726 mean_return=16.852 mean_len=74.7
[gat-train] update=961 samples=153760 fps=14.8 loss=0.3380 actor=0.0118 value=0.3556 entropy=2.9440 mean_return=16.852 mean_len=74.7
[gat-train] update=962 samples=153920 fps=14.8 loss=0.2166 actor=-0.2558 value=0.5009 entropy=2.8518 mean_return=16.852 mean_len=74.7
[gat-train] update=963 samples=154080 fps=14.8 loss=1.3469 actor=0.4766 value=0.8988 entropy=2.8584 mean_return=16.968 mean_len=75.3
[gat-train] update=964 samples=154240 fps=14.7 loss=0.7491 actor=0.2481 value=0.5286 entropy=2.7624 mean_return=17.045 mean_len=75.8
[gat-train] update=965 samples=154400 fps=14.7 loss=-0.0271 actor=-0.2679 value=0.2697 entropy=2.8862 mean_return=17.045 mean_len=75.8
[gat-train] update=966 samples=154560 fps=14.7 loss=0.8432 actor=0.3616 value=0.5109 entropy=2.9281 mean_return=16.980 mean_len=75.4
[gat-train] update=967 samples=154720 fps=14.7 loss=0.2343 actor=-0.1608 value=0.4240 entropy=2.8924 mean_return=16.857 mean_len=74.6
[gat-train] update=968 samples=154880 fps=14.6 loss=-0.1815 actor=-0.5392 value=0.3872 entropy=2.9479 mean_return=16.838 mean_len=74.4
[gat-train] update=969 samples=155040 fps=14.6 loss=0.6752 actor=0.3047 value=0.3999 entropy=2.9478 mean_return=16.838 mean_len=74.4
[gat-train] update=970 samples=155200 fps=14.6 loss=0.3245 actor=-0.3096 value=0.6620 entropy=2.7923 mean_return=16.775 mean_len=74.2
[gat-train] update=971 samples=155360 fps=14.6 loss=0.9360 actor=0.4424 value=0.5218 entropy=2.8273 mean_return=16.654 mean_len=73.6
[gat-train] update=972 samples=155520 fps=14.5 loss=0.7473 actor=0.2409 value=0.5332 entropy=2.6867 mean_return=16.491 mean_len=73.1
[gat-train] update=973 samples=155680 fps=14.5 loss=0.4158 actor=-0.0834 value=0.5276 entropy=2.8367 mean_return=16.302 mean_len=72.5
[gat-train] update=974 samples=155840 fps=14.5 loss=0.1956 actor=-0.1426 value=0.3673 entropy=2.9138 mean_return=16.225 mean_len=72.1
[gat-train] update=975 samples=156000 fps=14.5 loss=0.4397 actor=0.1662 value=0.3029 entropy=2.9298 mean_return=16.190 mean_len=71.9
[gat-train] update=976 samples=156160 fps=14.4 loss=0.1627 actor=-0.3062 value=0.4974 entropy=2.8505 mean_return=16.065 mean_len=71.2
[gat-train] update=977 samples=156320 fps=14.4 loss=0.8724 actor=0.4404 value=0.4593 entropy=2.7319 mean_return=16.030 mean_len=70.7
[gat-train] update=978 samples=156480 fps=14.4 loss=0.4223 actor=-0.0233 value=0.4726 entropy=2.7021 mean_return=15.993 mean_len=70.6
[gat-train] update=979 samples=156640 fps=14.4 loss=0.2771 actor=-0.1496 value=0.4539 entropy=2.7174 mean_return=15.931 mean_len=70.1
[gat-train] update=980 samples=156800 fps=14.3 loss=0.3348 actor=-0.0245 value=0.3867 entropy=2.7391 mean_return=15.878 mean_len=70.0
[gat-train] update=981 samples=156960 fps=14.3 loss=0.3935 actor=-0.1346 value=0.5554 entropy=2.7337 mean_return=15.725 mean_len=69.4
[gat-train] update=982 samples=157120 fps=14.3 loss=0.8407 actor=0.1806 value=0.6863 entropy=2.6253 mean_return=15.662 mean_len=69.2
[gat-train] update=983 samples=157280 fps=14.3 loss=0.3682 actor=0.0189 value=0.3763 entropy=2.6916 mean_return=15.558 mean_len=68.6
[gat-train] update=984 samples=157440 fps=14.3 loss=-0.0525 actor=-0.2678 value=0.2415 entropy=2.6150 mean_return=15.529 mean_len=68.5
[gat-train] update=985 samples=157600 fps=14.2 loss=0.7705 actor=0.1860 value=0.6103 entropy=2.5805 mean_return=15.347 mean_len=67.7
[gat-train] update=986 samples=157760 fps=14.2 loss=0.8398 actor=0.5529 value=0.3108 entropy=2.3870 mean_return=15.286 mean_len=67.5
[gat-train] update=987 samples=157920 fps=14.2 loss=0.3698 actor=-0.0220 value=0.4154 entropy=2.3627 mean_return=15.230 mean_len=67.5
[gat-train] update=988 samples=158080 fps=14.2 loss=0.9518 actor=0.4223 value=0.5531 entropy=2.3544 mean_return=15.290 mean_len=68.0
[gat-train] update=989 samples=158240 fps=14.2 loss=0.4229 actor=0.0942 value=0.3508 entropy=2.2119 mean_return=15.265 mean_len=67.7
[gat-train] update=990 samples=158400 fps=14.1 loss=0.1942 actor=-0.0171 value=0.2327 entropy=2.1520 mean_return=15.266 mean_len=67.7
[gat-train] update=991 samples=158560 fps=14.1 loss=0.4480 actor=0.0729 value=0.3957 entropy=2.0654 mean_return=15.266 mean_len=67.7
[gat-train] update=992 samples=158720 fps=14.1 loss=0.5335 actor=0.1796 value=0.3745 entropy=2.0585 mean_return=15.284 mean_len=67.7
[gat-train] update=993 samples=158880 fps=14.1 loss=0.0224 actor=-0.1861 value=0.2291 entropy=2.0481 mean_return=15.299 mean_len=67.9
[gat-train] update=994 samples=159040 fps=14.1 loss=1.0464 actor=0.3675 value=0.6991 entropy=2.0235 mean_return=15.376 mean_len=68.4
[gat-train] update=995 samples=159200 fps=14.0 loss=0.7795 actor=0.3347 value=0.4639 entropy=1.9174 mean_return=15.432 mean_len=68.8
[gat-train] update=996 samples=159360 fps=14.0 loss=0.0274 actor=-0.2032 value=0.2493 entropy=1.8654 mean_return=15.522 mean_len=69.2
[gat-train] update=997 samples=159520 fps=14.0 loss=0.8146 actor=0.2208 value=0.6125 entropy=1.8677 mean_return=15.614 mean_len=69.5
[gat-train] update=998 samples=159680 fps=14.0 loss=0.7535 actor=0.1983 value=0.5726 entropy=1.7452 mean_return=15.690 mean_len=69.7
[gat-train] update=999 samples=159840 fps=14.0 loss=0.6063 actor=0.1394 value=0.4845 entropy=1.7614 mean_return=15.839 mean_len=70.5
[gat-train] update=1000 samples=160000 fps=14.0 loss=0.4086 actor=0.0798 value=0.3463 entropy=1.7446 mean_return=15.895 mean_len=70.9
[gat-train] eval update=1000 comp_score=85.63 best=85.65
[gat-train] update=1001 samples=160160 fps=13.9 loss=1.1526 actor=0.3535 value=0.8156 entropy=1.6535 mean_return=15.965 mean_len=71.2
[gat-train] update=1002 samples=160320 fps=13.9 loss=0.3584 actor=-0.0148 value=0.3896 entropy=1.6374 mean_return=15.971 mean_len=71.4
[gat-train] update=1003 samples=160480 fps=13.9 loss=0.3173 actor=0.0508 value=0.2828 entropy=1.6330 mean_return=16.092 mean_len=72.3
[gat-train] update=1004 samples=160640 fps=13.9 loss=0.3644 actor=0.0678 value=0.3124 entropy=1.5714 mean_return=16.137 mean_len=72.4
[gat-train] update=1005 samples=160800 fps=13.8 loss=1.2071 actor=0.3367 value=0.8872 entropy=1.6791 mean_return=16.357 mean_len=73.6
[gat-train] update=1006 samples=160960 fps=13.8 loss=0.7182 actor=0.0856 value=0.6491 entropy=1.6558 mean_return=16.552 mean_len=74.4
[gat-train] update=1007 samples=161120 fps=13.8 loss=0.0324 actor=-0.2362 value=0.2848 entropy=1.6223 mean_return=16.552 mean_len=74.4
[gat-train] update=1008 samples=161280 fps=13.8 loss=0.1081 actor=-0.1745 value=0.2999 entropy=1.7362 mean_return=16.552 mean_len=74.4
[gat-train] update=1009 samples=161440 fps=13.8 loss=0.5391 actor=0.1907 value=0.3649 entropy=1.6442 mean_return=16.603 mean_len=74.8
[gat-train] update=1010 samples=161600 fps=13.7 loss=0.6958 actor=0.0190 value=0.6933 entropy=1.6430 mean_return=16.715 mean_len=75.5
[gat-train] update=1011 samples=161760 fps=13.7 loss=1.7073 actor=0.6217 value=1.1020 entropy=1.6437 mean_return=17.005 mean_len=77.0
[gat-train] update=1012 samples=161920 fps=13.7 loss=2.2211 actor=0.5209 value=1.7165 entropy=1.6273 mean_return=17.346 mean_len=78.4
[gat-train] update=1013 samples=162080 fps=13.7 loss=0.3760 actor=0.0737 value=0.3174 entropy=1.5049 mean_return=17.388 mean_len=78.5
[gat-train] update=1014 samples=162240 fps=13.7 loss=0.4849 actor=0.0072 value=0.4936 entropy=1.5886 mean_return=17.409 mean_len=78.7
[gat-train] update=1015 samples=162400 fps=13.7 loss=0.7207 actor=0.1752 value=0.5619 entropy=1.6454 mean_return=17.479 mean_len=79.1
[gat-train] update=1016 samples=162560 fps=13.6 loss=0.2952 actor=0.0884 value=0.2219 entropy=1.5155 mean_return=17.541 mean_len=79.4
[gat-train] update=1017 samples=162720 fps=13.6 loss=1.4290 actor=0.6060 value=0.8392 entropy=1.6181 mean_return=17.716 mean_len=80.3
[gat-train] update=1018 samples=162880 fps=13.6 loss=1.0351 actor=0.3033 value=0.7475 entropy=1.5669 mean_return=17.827 mean_len=80.7
[gat-train] update=1019 samples=163040 fps=13.6 loss=1.2789 actor=0.3139 value=0.9804 entropy=1.5468 mean_return=17.931 mean_len=81.1
[gat-train] update=1020 samples=163200 fps=13.6 loss=0.2486 actor=0.0048 value=0.2592 entropy=1.5369 mean_return=17.931 mean_len=81.1
[gat-train] update=1021 samples=163360 fps=13.6 loss=0.5366 actor=0.1219 value=0.4304 entropy=1.5754 mean_return=17.935 mean_len=81.2
[gat-train] update=1022 samples=163520 fps=13.5 loss=0.5216 actor=0.1961 value=0.3416 entropy=1.6006 mean_return=18.040 mean_len=81.8
[gat-train] update=1023 samples=163680 fps=13.5 loss=0.4373 actor=0.1196 value=0.3344 entropy=1.6684 mean_return=18.052 mean_len=81.9
[gat-train] update=1024 samples=163840 fps=13.5 loss=0.3223 actor=-0.1537 value=0.4920 entropy=1.5965 mean_return=18.068 mean_len=82.1
[gat-train] update=1025 samples=164000 fps=13.5 loss=0.5099 actor=0.1472 value=0.3799 entropy=1.7159 mean_return=18.087 mean_len=82.1
[gat-train] update=1026 samples=164160 fps=13.5 loss=0.8424 actor=0.0309 value=0.8285 entropy=1.7055 mean_return=18.117 mean_len=82.3
[gat-train] update=1027 samples=164320 fps=13.5 loss=0.8613 actor=0.2418 value=0.6358 entropy=1.6370 mean_return=18.191 mean_len=82.9
[gat-train] update=1028 samples=164480 fps=13.4 loss=0.5212 actor=-0.0144 value=0.5520 entropy=1.6506 mean_return=18.231 mean_len=83.0
[gat-train] update=1029 samples=164640 fps=13.4 loss=1.5464 actor=0.5932 value=0.9688 entropy=1.5631 mean_return=18.332 mean_len=83.4
[gat-train] update=1030 samples=164800 fps=13.4 loss=-0.0858 actor=-0.3453 value=0.2756 entropy=1.6111 mean_return=18.279 mean_len=82.9
[gat-train] update=1031 samples=164960 fps=13.4 loss=0.3149 actor=0.0199 value=0.3117 entropy=1.6741 mean_return=18.250 mean_len=82.6
[gat-train] update=1032 samples=165120 fps=13.4 loss=0.1606 actor=-0.0675 value=0.2454 entropy=1.7361 mean_return=18.255 mean_len=82.7
[gat-train] update=1033 samples=165280 fps=13.4 loss=0.6213 actor=0.2436 value=0.3969 entropy=1.9135 mean_return=18.263 mean_len=82.8
[gat-train] update=1034 samples=165440 fps=13.4 loss=0.8150 actor=0.3829 value=0.4517 entropy=1.9613 mean_return=18.237 mean_len=82.4
[gat-train] update=1035 samples=165600 fps=13.3 loss=0.3039 actor=0.0204 value=0.3030 entropy=1.9482 mean_return=18.217 mean_len=82.4
[gat-train] update=1036 samples=165760 fps=13.3 loss=0.6203 actor=0.1509 value=0.4893 entropy=1.9833 mean_return=18.237 mean_len=82.4
[gat-train] update=1037 samples=165920 fps=13.3 loss=0.3906 actor=-0.0332 value=0.4466 entropy=2.2700 mean_return=18.201 mean_len=82.2
[gat-train] update=1038 samples=166080 fps=13.3 loss=0.6353 actor=0.2947 value=0.3625 entropy=2.1927 mean_return=18.190 mean_len=82.0
[gat-train] update=1039 samples=166240 fps=13.3 loss=0.8849 actor=0.2281 value=0.6802 entropy=2.3349 mean_return=18.219 mean_len=82.0
[gat-train] update=1040 samples=166400 fps=13.3 loss=-0.1415 actor=-0.3286 value=0.2111 entropy=2.3958 mean_return=18.219 mean_len=82.0
[gat-train] update=1041 samples=166560 fps=13.3 loss=0.1360 actor=-0.0646 value=0.2259 entropy=2.5272 mean_return=18.219 mean_len=82.0
[gat-train] update=1042 samples=166720 fps=13.2 loss=2.3161 actor=1.2677 value=1.0743 entropy=2.5973 mean_return=18.187 mean_len=81.8
[gat-train] update=1043 samples=166880 fps=13.2 loss=0.5065 actor=0.0010 value=0.5284 entropy=2.3010 mean_return=18.155 mean_len=81.5
[gat-train] update=1044 samples=167040 fps=13.2 loss=0.9577 actor=0.3047 value=0.6758 entropy=2.2836 mean_return=18.117 mean_len=81.1
[gat-train] update=1045 samples=167200 fps=13.2 loss=0.7055 actor=0.1629 value=0.5644 entropy=2.1785 mean_return=18.079 mean_len=80.7
[gat-train] update=1046 samples=167360 fps=13.2 loss=0.4374 actor=0.1589 value=0.3010 entropy=2.2550 mean_return=18.070 mean_len=80.6
[gat-train] update=1047 samples=167520 fps=13.2 loss=0.5862 actor=0.3001 value=0.3098 entropy=2.3702 mean_return=18.052 mean_len=80.2
[gat-train] update=1048 samples=167680 fps=13.2 loss=0.0895 actor=-0.2056 value=0.3195 entropy=2.4444 mean_return=17.944 mean_len=79.6
[gat-train] update=1049 samples=167840 fps=13.1 loss=0.2751 actor=0.0559 value=0.2447 entropy=2.5514 mean_return=17.787 mean_len=78.7
[gat-train] update=1050 samples=168000 fps=13.1 loss=0.4723 actor=0.1953 value=0.3031 entropy=2.6046 mean_return=17.803 mean_len=78.8
[gat-train] eval update=1050 comp_score=86.18 best=86.18  *NEW BEST -> PCT-best.pt*
[gat-train] update=1051 samples=168160 fps=13.1 loss=0.1540 actor=-0.1340 value=0.3149 entropy=2.6874 mean_return=17.748 mean_len=78.4
[gat-train] update=1052 samples=168320 fps=13.1 loss=1.0800 actor=0.4047 value=0.7031 entropy=2.7831 mean_return=17.653 mean_len=78.1
[gat-train] update=1053 samples=168480 fps=13.1 loss=0.1508 actor=-0.0452 value=0.2238 entropy=2.7827 mean_return=17.653 mean_len=78.1
[gat-train] update=1054 samples=168640 fps=13.1 loss=1.1392 actor=0.6537 value=0.5145 entropy=2.9013 mean_return=17.586 mean_len=77.8
[gat-train] update=1055 samples=168800 fps=13.0 loss=0.1009 actor=-0.3698 value=0.4988 entropy=2.8168 mean_return=17.586 mean_len=77.8
[gat-train] update=1056 samples=168960 fps=13.0 loss=0.2481 actor=-0.0264 value=0.3032 entropy=2.8746 mean_return=17.597 mean_len=78.2
[gat-train] update=1057 samples=169120 fps=13.0 loss=0.1738 actor=-0.2010 value=0.4021 entropy=2.7291 mean_return=17.404 mean_len=77.0
[gat-train] update=1058 samples=169280 fps=13.0 loss=0.8898 actor=0.2820 value=0.6346 entropy=2.6801 mean_return=17.341 mean_len=76.7
[gat-train] update=1059 samples=169440 fps=13.0 loss=1.0786 actor=0.4045 value=0.7001 entropy=2.5920 mean_return=17.287 mean_len=76.4
[gat-train] update=1060 samples=169600 fps=13.0 loss=0.4946 actor=-0.0109 value=0.5318 entropy=2.6344 mean_return=17.029 mean_len=75.2
[gat-train] update=1061 samples=169760 fps=13.0 loss=0.2437 actor=-0.0981 value=0.3686 entropy=2.6792 mean_return=16.950 mean_len=74.9
[gat-train] update=1062 samples=169920 fps=13.0 loss=0.0870 actor=-0.1149 value=0.2297 entropy=2.7811 mean_return=16.858 mean_len=74.3
[gat-train] update=1063 samples=170080 fps=12.9 loss=1.8905 actor=-0.5390 value=2.4569 entropy=2.7427 mean_return=16.294 mean_len=72.7
[gat-train] update=1064 samples=170240 fps=12.9 loss=0.5518 actor=0.3220 value=0.2587 entropy=2.8916 mean_return=16.240 mean_len=72.5
[gat-train] update=1065 samples=170400 fps=12.9 loss=0.2934 actor=-0.2003 value=0.5216 entropy=2.7929 mean_return=16.175 mean_len=72.2
[gat-train] update=1066 samples=170560 fps=12.9 loss=0.5604 actor=0.0205 value=0.5679 entropy=2.7978 mean_return=16.110 mean_len=72.1
[gat-train] update=1067 samples=170720 fps=12.9 loss=0.2649 actor=-0.1562 value=0.4496 entropy=2.8530 mean_return=16.110 mean_len=72.1
[gat-train] update=1068 samples=170880 fps=12.9 loss=0.4950 actor=-0.0630 value=0.5858 entropy=2.7816 mean_return=16.110 mean_len=72.1
[gat-train] update=1069 samples=171040 fps=12.9 loss=-0.0135 actor=-0.6031 value=0.6177 entropy=2.8117 mean_return=15.960 mean_len=71.3
[gat-train] update=1070 samples=171200 fps=12.9 loss=0.3446 actor=-0.0895 value=0.4622 entropy=2.8142 mean_return=15.867 mean_len=71.1
[gat-train] update=1071 samples=171360 fps=12.9 loss=0.0936 actor=-0.1288 value=0.2500 entropy=2.7601 mean_return=15.775 mean_len=70.7
[gat-train] update=1072 samples=171520 fps=12.8 loss=0.0080 actor=-0.3218 value=0.3556 entropy=2.5823 mean_return=15.783 mean_len=70.8
[gat-train] update=1073 samples=171680 fps=12.8 loss=0.2361 actor=-0.1837 value=0.4458 entropy=2.6018 mean_return=15.712 mean_len=70.4
[gat-train] update=1074 samples=171840 fps=12.8 loss=0.4961 actor=0.1477 value=0.3730 entropy=2.4678 mean_return=15.708 mean_len=70.4
[gat-train] update=1075 samples=172000 fps=12.8 loss=0.8559 actor=0.3940 value=0.4865 entropy=2.4531 mean_return=15.654 mean_len=69.6
[gat-train] update=1076 samples=172160 fps=12.8 loss=0.6340 actor=0.1280 value=0.5302 entropy=2.4138 mean_return=15.581 mean_len=69.6
[gat-train] update=1077 samples=172320 fps=12.8 loss=0.2631 actor=0.0511 value=0.2370 entropy=2.5002 mean_return=15.547 mean_len=69.5
[gat-train] update=1078 samples=172480 fps=12.8 loss=0.4884 actor=0.2043 value=0.3092 entropy=2.5187 mean_return=15.411 mean_len=68.7
[gat-train] update=1079 samples=172640 fps=12.8 loss=0.1285 actor=-0.0290 value=0.1831 entropy=2.5586 mean_return=15.399 mean_len=68.6
[gat-train] update=1080 samples=172800 fps=12.8 loss=-0.0683 actor=-0.2833 value=0.2412 entropy=2.6267 mean_return=15.399 mean_len=68.6
[gat-train] update=1081 samples=172960 fps=12.7 loss=0.3925 actor=0.0884 value=0.3321 entropy=2.7934 mean_return=15.399 mean_len=68.6
[gat-train] update=1082 samples=173120 fps=12.7 loss=1.1904 actor=0.2398 value=0.9777 entropy=2.7028 mean_return=15.326 mean_len=67.9
[gat-train] update=1083 samples=173280 fps=12.7 loss=0.4027 actor=-0.0910 value=0.5188 entropy=2.5044 mean_return=15.323 mean_len=68.1
[gat-train] update=1084 samples=173440 fps=12.7 loss=0.2802 actor=0.0146 value=0.2902 entropy=2.4637 mean_return=15.323 mean_len=68.1
[gat-train] update=1085 samples=173600 fps=12.7 loss=1.1018 actor=0.4984 value=0.6292 entropy=2.5806 mean_return=15.351 mean_len=68.5
[gat-train] update=1086 samples=173760 fps=12.6 loss=0.1373 actor=-0.2169 value=0.3780 entropy=2.3885 mean_return=15.684 mean_len=69.3
[gat-train] update=1087 samples=173920 fps=12.6 loss=0.2284 actor=-0.1529 value=0.4047 entropy=2.3351 mean_return=15.731 mean_len=69.6
[gat-train] update=1088 samples=174080 fps=12.6 loss=1.4085 actor=0.6931 value=0.7400 entropy=2.4635 mean_return=15.814 mean_len=69.8
[gat-train] update=1089 samples=174240 fps=12.6 loss=0.3197 actor=-0.1159 value=0.4571 entropy=2.1504 mean_return=15.789 mean_len=69.7
[gat-train] update=1090 samples=174400 fps=12.6 loss=0.9740 actor=0.3547 value=0.6419 entropy=2.2558 mean_return=15.925 mean_len=70.3
[gat-train] update=1091 samples=174560 fps=12.5 loss=0.2837 actor=0.0711 value=0.2351 entropy=2.2464 mean_return=15.925 mean_len=70.3
[gat-train] update=1092 samples=174720 fps=12.5 loss=0.3969 actor=0.1829 value=0.2373 entropy=2.3299 mean_return=15.989 mean_len=70.7
[gat-train] update=1093 samples=174880 fps=12.5 loss=0.4374 actor=-0.0146 value=0.4751 entropy=2.3157 mean_return=16.012 mean_len=70.9
[gat-train] update=1094 samples=175040 fps=12.5 loss=0.4554 actor=0.1957 value=0.2826 entropy=2.2871 mean_return=16.051 mean_len=71.2
[gat-train] update=1095 samples=175200 fps=12.5 loss=0.0205 actor=-0.1910 value=0.2345 entropy=2.3057 mean_return=16.053 mean_len=71.3
[gat-train] update=1096 samples=175360 fps=12.5 loss=0.2757 actor=0.0361 value=0.2637 entropy=2.4067 mean_return=16.053 mean_len=71.3
[gat-train] update=1097 samples=175520 fps=12.5 loss=0.5063 actor=0.1007 value=0.4295 entropy=2.3991 mean_return=16.093 mean_len=71.5
[gat-train] update=1098 samples=175680 fps=12.5 loss=0.6713 actor=0.2140 value=0.4799 entropy=2.2597 mean_return=16.129 mean_len=71.7
[gat-train] update=1099 samples=175840 fps=12.4 loss=0.1629 actor=-0.1428 value=0.3273 entropy=2.1696 mean_return=16.158 mean_len=72.1
[gat-train] update=1100 samples=176000 fps=12.4 loss=0.0079 actor=-0.3690 value=0.3980 entropy=2.0979 mean_return=16.186 mean_len=72.2
[gat-train] eval update=1100 comp_score=85.58 best=86.18
[gat-train] update=1101 samples=176160 fps=12.4 loss=0.2067 actor=-0.0943 value=0.3224 entropy=2.1459 mean_return=16.269 mean_len=72.6
[gat-train] update=1102 samples=176320 fps=12.4 loss=0.7137 actor=0.0162 value=0.7172 entropy=1.9687 mean_return=16.379 mean_len=73.1
[gat-train] update=1103 samples=176480 fps=12.4 loss=0.6661 actor=0.3310 value=0.3548 entropy=1.9767 mean_return=16.386 mean_len=73.4
[gat-train] update=1104 samples=176640 fps=12.4 loss=0.5396 actor=0.0437 value=0.5146 entropy=1.8727 mean_return=16.503 mean_len=73.9
[gat-train] update=1105 samples=176800 fps=12.3 loss=1.4385 actor=0.6140 value=0.8424 entropy=1.7823 mean_return=16.692 mean_len=75.1
[gat-train] update=1106 samples=176960 fps=12.3 loss=1.0172 actor=0.2447 value=0.7901 entropy=1.7604 mean_return=16.803 mean_len=75.5
[gat-train] update=1107 samples=177120 fps=12.3 loss=0.1934 actor=0.0231 value=0.1873 entropy=1.7078 mean_return=16.803 mean_len=75.5
[gat-train] update=1108 samples=177280 fps=12.3 loss=0.4676 actor=0.2218 value=0.2632 entropy=1.7444 mean_return=16.865 mean_len=75.8
[gat-train] update=1109 samples=177440 fps=12.3 loss=0.3355 actor=0.0773 value=0.2751 entropy=1.6935 mean_return=16.918 mean_len=76.0
[gat-train] update=1110 samples=177600 fps=12.3 loss=1.0464 actor=0.3856 value=0.6784 entropy=1.7636 mean_return=17.028 mean_len=76.6
[gat-train] update=1111 samples=177760 fps=12.3 loss=0.5564 actor=0.1987 value=0.3754 entropy=1.7691 mean_return=17.059 mean_len=76.7
[gat-train] update=1112 samples=177920 fps=12.3 loss=0.8511 actor=0.1268 value=0.7425 entropy=1.8198 mean_return=17.142 mean_len=77.2
[gat-train] update=1113 samples=178080 fps=12.3 loss=0.3161 actor=-0.0954 value=0.4305 entropy=1.9009 mean_return=17.152 mean_len=77.1
[gat-train] update=1114 samples=178240 fps=12.2 loss=0.8369 actor=0.3349 value=0.5203 entropy=1.8364 mean_return=17.261 mean_len=77.5
[gat-train] update=1115 samples=178400 fps=12.2 loss=0.0773 actor=-0.2179 value=0.3143 entropy=1.9137 mean_return=17.256 mean_len=77.6
[gat-train] update=1116 samples=178560 fps=12.2 loss=0.5655 actor=0.2010 value=0.3838 entropy=1.9338 mean_return=17.318 mean_len=77.8
[gat-train] update=1117 samples=178720 fps=12.2 loss=0.5000 actor=0.0794 value=0.4405 entropy=1.9861 mean_return=17.347 mean_len=77.9
[gat-train] update=1118 samples=178880 fps=12.2 loss=1.1075 actor=0.3948 value=0.7326 entropy=1.9861 mean_return=17.472 mean_len=78.5
[gat-train] update=1119 samples=179040 fps=12.2 loss=0.2556 actor=-0.1354 value=0.4109 entropy=1.9929 mean_return=17.486 mean_len=78.5
[gat-train] update=1120 samples=179200 fps=12.2 loss=1.0342 actor=0.4023 value=0.6521 entropy=2.0117 mean_return=17.495 mean_len=78.5
[gat-train] update=1121 samples=179360 fps=12.2 loss=1.2547 actor=0.3983 value=0.8780 entropy=2.1592 mean_return=17.531 mean_len=78.6
[gat-train] update=1122 samples=179520 fps=12.2 loss=0.6304 actor=0.1379 value=0.5143 entropy=2.1802 mean_return=17.556 mean_len=78.7
[gat-train] update=1123 samples=179680 fps=12.1 loss=1.2605 actor=0.3180 value=0.9655 entropy=2.3048 mean_return=17.640 mean_len=79.0
[gat-train] update=1124 samples=179840 fps=12.1 loss=1.3490 actor=0.5425 value=0.8288 entropy=2.2383 mean_return=17.706 mean_len=79.3
[gat-train] update=1125 samples=180000 fps=12.1 loss=0.0338 actor=-0.2030 value=0.2598 entropy=2.2970 mean_return=17.706 mean_len=79.3
[gat-train] update=1126 samples=180160 fps=12.1 loss=0.8743 actor=0.4085 value=0.4906 entropy=2.4771 mean_return=17.732 mean_len=79.5
[gat-train] update=1127 samples=180320 fps=12.1 loss=0.3036 actor=-0.0736 value=0.4020 entropy=2.4821 mean_return=17.715 mean_len=79.4
[gat-train] update=1128 samples=180480 fps=12.1 loss=0.4740 actor=-0.0085 value=0.5078 entropy=2.5360 mean_return=17.722 mean_len=79.3
[gat-train] update=1129 samples=180640 fps=12.1 loss=0.1340 actor=-0.1850 value=0.3458 entropy=2.6777 mean_return=17.722 mean_len=79.3
[gat-train] update=1130 samples=180800 fps=12.1 loss=1.1103 actor=0.4616 value=0.6759 entropy=2.7104 mean_return=17.691 mean_len=79.2
[gat-train] update=1131 samples=180960 fps=12.1 loss=-0.1019 actor=-0.5461 value=0.4697 entropy=2.5501 mean_return=17.691 mean_len=79.2
[gat-train] update=1132 samples=181120 fps=12.1 loss=0.5045 actor=0.0476 value=0.4834 entropy=2.6489 mean_return=17.676 mean_len=78.9
[gat-train] update=1133 samples=181280 fps=12.0 loss=0.8316 actor=0.3389 value=0.5193 entropy=2.6602 mean_return=17.620 mean_len=78.3
[gat-train] update=1134 samples=181440 fps=12.0 loss=0.1336 actor=-0.1424 value=0.3035 entropy=2.7528 mean_return=17.506 mean_len=77.7
[gat-train] update=1135 samples=181600 fps=12.0 loss=0.2869 actor=-0.1357 value=0.4510 entropy=2.8444 mean_return=17.474 mean_len=77.5
[gat-train] update=1136 samples=181760 fps=12.0 loss=0.6928 actor=0.4127 value=0.3089 entropy=2.8936 mean_return=17.420 mean_len=77.3
[gat-train] update=1137 samples=181920 fps=12.0 loss=0.1114 actor=-0.2182 value=0.3575 entropy=2.7843 mean_return=17.377 mean_len=77.1
[gat-train] update=1138 samples=182080 fps=12.0 loss=0.8224 actor=0.1477 value=0.7034 entropy=2.8709 mean_return=17.303 mean_len=76.7
[gat-train] update=1139 samples=182240 fps=12.0 loss=0.6183 actor=0.2764 value=0.3705 entropy=2.8565 mean_return=17.263 mean_len=76.4
[gat-train] update=1140 samples=182400 fps=12.0 loss=0.9062 actor=0.2975 value=0.6368 entropy=2.8115 mean_return=17.217 mean_len=76.5
[gat-train] update=1141 samples=182560 fps=12.0 loss=0.0057 actor=-0.2249 value=0.2595 entropy=2.8889 mean_return=17.217 mean_len=76.5
[gat-train] update=1142 samples=182720 fps=12.0 loss=0.3081 actor=-0.0238 value=0.3609 entropy=2.9014 mean_return=17.087 mean_len=75.8
[gat-train] update=1143 samples=182880 fps=12.0 loss=0.5349 actor=0.1429 value=0.4208 entropy=2.8740 mean_return=16.912 mean_len=75.0
[gat-train] update=1144 samples=183040 fps=11.9 loss=0.4326 actor=0.1962 value=0.2650 entropy=2.8652 mean_return=16.912 mean_len=75.0
[gat-train] update=1145 samples=183200 fps=11.9 loss=0.6864 actor=0.3602 value=0.3545 entropy=2.8291 mean_return=16.799 mean_len=74.2
[gat-train] update=1146 samples=183360 fps=11.9 loss=0.1147 actor=-0.2895 value=0.4321 entropy=2.7895 mean_return=16.612 mean_len=73.3
[gat-train] update=1147 samples=183520 fps=11.9 loss=0.3956 actor=0.1497 value=0.2748 entropy=2.8907 mean_return=16.578 mean_len=73.1
[gat-train] update=1148 samples=183680 fps=11.9 loss=0.3940 actor=0.0687 value=0.3544 entropy=2.9039 mean_return=16.405 mean_len=72.5
[gat-train] update=1149 samples=183840 fps=11.9 loss=0.5110 actor=0.1887 value=0.3513 entropy=2.8996 mean_return=16.389 mean_len=72.6
[gat-train] update=1150 samples=184000 fps=11.9 loss=0.4720 actor=0.2117 value=0.2882 entropy=2.8008 mean_return=16.326 mean_len=72.4
[gat-train] eval update=1150 comp_score=85.95 best=86.18
[gat-train] update=1151 samples=184160 fps=11.9 loss=0.8744 actor=0.4259 value=0.4758 entropy=2.7259 mean_return=16.291 mean_len=72.0
[gat-train] update=1152 samples=184320 fps=11.8 loss=0.8506 actor=0.3809 value=0.4959 entropy=2.6176 mean_return=16.112 mean_len=71.3
[gat-train] update=1153 samples=184480 fps=11.8 loss=0.1897 actor=-0.9357 value=1.1515 entropy=2.5980 mean_return=15.891 mean_len=70.4
[gat-train] update=1154 samples=184640 fps=11.8 loss=0.1791 actor=-0.1484 value=0.3532 entropy=2.5668 mean_return=15.885 mean_len=70.4
[gat-train] update=1155 samples=184800 fps=11.8 loss=-0.0490 actor=-0.2357 value=0.2127 entropy=2.6022 mean_return=15.733 mean_len=69.6
[gat-train] update=1156 samples=184960 fps=11.8 loss=0.3758 actor=0.1050 value=0.2972 entropy=2.6509 mean_return=15.710 mean_len=69.4
[gat-train] update=1157 samples=185120 fps=11.8 loss=0.5794 actor=0.2822 value=0.3239 entropy=2.6629 mean_return=15.714 mean_len=69.6
[gat-train] update=1158 samples=185280 fps=11.8 loss=0.0526 actor=-0.2194 value=0.2985 entropy=2.6535 mean_return=15.687 mean_len=69.7
[gat-train] update=1159 samples=185440 fps=11.8 loss=0.4299 actor=0.1600 value=0.2971 entropy=2.7185 mean_return=15.606 mean_len=69.2
[gat-train] update=1160 samples=185600 fps=11.8 loss=0.6396 actor=0.2463 value=0.4203 entropy=2.6973 mean_return=15.556 mean_len=69.2
[gat-train] update=1161 samples=185760 fps=11.8 loss=0.2460 actor=0.0205 value=0.2514 entropy=2.5945 mean_return=15.556 mean_len=69.2
[gat-train] update=1162 samples=185920 fps=11.8 loss=0.3701 actor=0.1383 value=0.2589 entropy=2.7050 mean_return=15.521 mean_len=69.0
[gat-train] update=1163 samples=186080 fps=11.8 loss=0.5464 actor=0.1112 value=0.4620 entropy=2.6730 mean_return=15.465 mean_len=68.7
[gat-train] update=1164 samples=186240 fps=11.7 loss=-0.2292 actor=-0.5101 value=0.3075 entropy=2.6615 mean_return=15.465 mean_len=68.7
[gat-train] update=1165 samples=186400 fps=11.7 loss=1.1124 actor=0.5644 value=0.5766 entropy=2.8640 mean_return=15.551 mean_len=69.3
[gat-train] update=1166 samples=186560 fps=11.7 loss=0.6564 actor=0.2729 value=0.4093 entropy=2.5800 mean_return=15.554 mean_len=69.2
[gat-train] update=1167 samples=186720 fps=11.7 loss=0.7234 actor=0.2831 value=0.4668 entropy=2.6595 mean_return=15.608 mean_len=69.5
[gat-train] update=1168 samples=186880 fps=11.7 loss=0.1096 actor=-0.2169 value=0.3530 entropy=2.6479 mean_return=15.655 mean_len=69.7
[gat-train] update=1169 samples=187040 fps=11.7 loss=0.3633 actor=-0.0182 value=0.4080 entropy=2.6417 mean_return=15.680 mean_len=69.9
[gat-train] update=1170 samples=187200 fps=11.7 loss=0.6392 actor=0.1646 value=0.5023 entropy=2.7734 mean_return=15.684 mean_len=69.8
[gat-train] update=1171 samples=187360 fps=11.7 loss=0.5843 actor=0.0897 value=0.5226 entropy=2.8027 mean_return=15.746 mean_len=69.9
[gat-train] update=1172 samples=187520 fps=11.7 loss=-0.1864 actor=-0.4312 value=0.2720 entropy=2.7258 mean_return=15.750 mean_len=70.0
[gat-train] update=1173 samples=187680 fps=11.7 loss=0.4537 actor=0.1334 value=0.3483 entropy=2.8040 mean_return=15.826 mean_len=70.3
[gat-train] update=1174 samples=187840 fps=11.7 loss=0.6657 actor=0.2085 value=0.4844 entropy=2.7231 mean_return=15.932 mean_len=70.7
[gat-train] update=1175 samples=188000 fps=11.7 loss=0.3459 actor=0.0056 value=0.3671 entropy=2.6830 mean_return=15.918 mean_len=70.7
[gat-train] update=1176 samples=188160 fps=11.6 loss=0.1080 actor=-0.2138 value=0.3473 entropy=2.5550 mean_return=15.938 mean_len=70.9
[gat-train] update=1177 samples=188320 fps=11.6 loss=0.2030 actor=-0.0638 value=0.2919 entropy=2.5220 mean_return=16.051 mean_len=71.4
[gat-train] update=1178 samples=188480 fps=11.6 loss=0.1009 actor=-0.1862 value=0.3122 entropy=2.5086 mean_return=16.128 mean_len=71.9
[gat-train] update=1179 samples=188640 fps=11.6 loss=0.3944 actor=0.0540 value=0.3661 entropy=2.5638 mean_return=16.172 mean_len=72.2
[gat-train] update=1180 samples=188800 fps=11.6 loss=0.4665 actor=0.1314 value=0.3612 entropy=2.6036 mean_return=16.120 mean_len=71.9
[gat-train] update=1181 samples=188960 fps=11.6 loss=0.7072 actor=0.2264 value=0.5050 entropy=2.4184 mean_return=16.176 mean_len=72.0
[gat-train] update=1182 samples=189120 fps=11.6 loss=0.8431 actor=0.2594 value=0.6076 entropy=2.3973 mean_return=16.315 mean_len=72.6
[gat-train] update=1183 samples=189280 fps=11.6 loss=0.1706 actor=0.0167 value=0.1787 entropy=2.4794 mean_return=16.307 mean_len=72.6
[gat-train] update=1184 samples=189440 fps=11.6 loss=0.1658 actor=-0.1243 value=0.3156 entropy=2.5524 mean_return=16.255 mean_len=72.4
[gat-train] update=1185 samples=189600 fps=11.6 loss=-0.0135 actor=-0.2627 value=0.2742 entropy=2.4956 mean_return=16.269 mean_len=72.5
[gat-train] update=1186 samples=189760 fps=11.6 loss=0.4347 actor=0.1584 value=0.3023 entropy=2.5968 mean_return=16.302 mean_len=72.8
[gat-train] update=1187 samples=189920 fps=11.6 loss=0.3497 actor=0.0075 value=0.3690 entropy=2.6734 mean_return=16.322 mean_len=72.8
[gat-train] update=1188 samples=190080 fps=11.5 loss=0.5939 actor=0.1645 value=0.4558 entropy=2.6368 mean_return=16.332 mean_len=72.6
[gat-train] update=1189 samples=190240 fps=11.5 loss=0.0737 actor=-0.1241 value=0.2241 entropy=2.6240 mean_return=16.347 mean_len=72.7
[gat-train] update=1190 samples=190400 fps=11.5 loss=0.4824 actor=0.1208 value=0.3877 entropy=2.6034 mean_return=16.349 mean_len=72.8
[gat-train] update=1191 samples=190560 fps=11.5 loss=0.3761 actor=-0.0492 value=0.4519 entropy=2.6673 mean_return=16.368 mean_len=72.8
[gat-train] update=1192 samples=190720 fps=11.5 loss=0.6796 actor=0.2782 value=0.4279 entropy=2.6435 mean_return=16.344 mean_len=72.9
[gat-train] update=1193 samples=190880 fps=11.5 loss=0.3992 actor=0.0088 value=0.4164 entropy=2.5959 mean_return=16.387 mean_len=73.0
[gat-train] update=1194 samples=191040 fps=11.5 loss=0.5140 actor=0.1839 value=0.3550 entropy=2.4896 mean_return=16.378 mean_len=72.8
[gat-train] update=1195 samples=191200 fps=11.5 loss=0.8211 actor=0.1480 value=0.6982 entropy=2.5099 mean_return=16.419 mean_len=73.0
[gat-train] update=1196 samples=191360 fps=11.5 loss=0.7221 actor=0.2394 value=0.5078 entropy=2.5042 mean_return=16.372 mean_len=72.9
[gat-train] update=1197 samples=191520 fps=11.5 loss=0.6790 actor=0.2501 value=0.4547 entropy=2.5743 mean_return=16.393 mean_len=73.0
[gat-train] update=1198 samples=191680 fps=11.5 loss=0.1116 actor=-0.2720 value=0.4095 entropy=2.5916 mean_return=16.390 mean_len=73.0
[gat-train] update=1199 samples=191840 fps=11.5 loss=0.2957 actor=0.0165 value=0.3057 entropy=2.6468 mean_return=16.399 mean_len=73.0
[gat-train] update=1200 samples=192000 fps=11.4 loss=0.9332 actor=0.4199 value=0.5399 entropy=2.6577 mean_return=16.386 mean_len=73.0
[gat-train] eval update=1200 comp_score=78.56 best=86.18
[gat-train] update=1201 samples=192160 fps=11.4 loss=0.1247 actor=-0.0445 value=0.1949 entropy=2.5723 mean_return=16.391 mean_len=73.0
[gat-train] update=1202 samples=192320 fps=11.4 loss=0.3084 actor=0.0535 value=0.2805 entropy=2.5686 mean_return=16.352 mean_len=72.9
[gat-train] update=1203 samples=192480 fps=11.4 loss=-0.0536 actor=-0.2511 value=0.2227 entropy=2.5181 mean_return=16.352 mean_len=72.9
[gat-train] update=1204 samples=192640 fps=11.4 loss=0.6348 actor=0.1588 value=0.5021 entropy=2.6093 mean_return=16.260 mean_len=72.3
[gat-train] update=1205 samples=192800 fps=11.4 loss=0.3176 actor=0.0083 value=0.3345 entropy=2.5084 mean_return=16.203 mean_len=71.9
[gat-train] update=1206 samples=192960 fps=11.4 loss=0.1629 actor=-0.0288 value=0.2167 entropy=2.5078 mean_return=16.229 mean_len=71.9
[gat-train] update=1207 samples=193120 fps=11.4 loss=0.1027 actor=-0.2630 value=0.3903 entropy=2.4670 mean_return=16.210 mean_len=71.8
[gat-train] update=1208 samples=193280 fps=11.4 loss=-0.0655 actor=-0.2804 value=0.2394 entropy=2.4490 mean_return=16.206 mean_len=71.5
[gat-train] update=1209 samples=193440 fps=11.4 loss=0.2071 actor=-0.0466 value=0.2773 entropy=2.3669 mean_return=16.206 mean_len=71.5
[gat-train] update=1210 samples=193600 fps=11.4 loss=0.5920 actor=0.2297 value=0.3870 entropy=2.4718 mean_return=16.176 mean_len=71.2
[gat-train] update=1211 samples=193760 fps=11.3 loss=0.4957 actor=0.0731 value=0.4453 entropy=2.2679 mean_return=16.250 mean_len=71.8
[gat-train] update=1212 samples=193920 fps=11.3 loss=0.4344 actor=0.0052 value=0.4515 entropy=2.2406 mean_return=16.259 mean_len=71.8
[gat-train] update=1213 samples=194080 fps=11.3 loss=0.1895 actor=-0.0264 value=0.2391 entropy=2.3158 mean_return=16.252 mean_len=71.8
[gat-train] update=1214 samples=194240 fps=11.3 loss=0.9320 actor=0.4279 value=0.5274 entropy=2.3329 mean_return=16.237 mean_len=71.5
[gat-train] update=1215 samples=194400 fps=11.3 loss=-0.0841 actor=-0.2414 value=0.1786 entropy=2.1319 mean_return=16.246 mean_len=71.5
[gat-train] update=1216 samples=194560 fps=11.3 loss=0.5611 actor=0.2527 value=0.3318 entropy=2.3368 mean_return=16.135 mean_len=70.9
[gat-train] update=1217 samples=194720 fps=11.3 loss=0.4365 actor=0.1489 value=0.3120 entropy=2.4487 mean_return=16.126 mean_len=71.0
[gat-train] update=1218 samples=194880 fps=11.3 loss=-0.2449 actor=-0.4429 value=0.2227 entropy=2.4680 mean_return=16.103 mean_len=71.0
[gat-train] update=1219 samples=195040 fps=11.3 loss=0.7010 actor=0.4068 value=0.3200 entropy=2.5873 mean_return=16.106 mean_len=71.0
[gat-train] update=1220 samples=195200 fps=11.3 loss=0.7538 actor=0.1109 value=0.6682 entropy=2.5314 mean_return=16.179 mean_len=71.2
[gat-train] update=1221 samples=195360 fps=11.3 loss=-0.1443 actor=-0.4031 value=0.2835 entropy=2.4723 mean_return=16.179 mean_len=71.2
[gat-train] update=1222 samples=195520 fps=11.3 loss=0.5071 actor=0.0607 value=0.4722 entropy=2.5873 mean_return=16.185 mean_len=71.1
[gat-train] update=1223 samples=195680 fps=11.2 loss=0.8821 actor=0.5033 value=0.4055 entropy=2.6699 mean_return=16.184 mean_len=71.0
[gat-train] update=1224 samples=195840 fps=11.2 loss=0.3575 actor=0.1308 value=0.2525 entropy=2.5811 mean_return=16.183 mean_len=71.0
[gat-train] update=1225 samples=196000 fps=11.2 loss=-0.1141 actor=-0.3999 value=0.3109 entropy=2.5120 mean_return=16.183 mean_len=71.0
[gat-train] update=1226 samples=196160 fps=11.2 loss=1.3145 actor=0.5478 value=0.7929 entropy=2.6177 mean_return=16.290 mean_len=71.7
[gat-train] update=1227 samples=196320 fps=11.2 loss=0.1217 actor=-0.0787 value=0.2254 entropy=2.4965 mean_return=16.327 mean_len=72.0
[gat-train] update=1228 samples=196480 fps=11.2 loss=0.5958 actor=0.3819 value=0.2390 entropy=2.5177 mean_return=16.376 mean_len=72.2
[gat-train] update=1229 samples=196640 fps=11.2 loss=0.3651 actor=-0.0750 value=0.4664 entropy=2.6213 mean_return=16.386 mean_len=72.2
[gat-train] update=1230 samples=196800 fps=11.2 loss=1.2333 actor=0.5250 value=0.7355 entropy=2.7238 mean_return=16.454 mean_len=72.7
[gat-train] update=1231 samples=196960 fps=11.2 loss=0.3228 actor=0.0227 value=0.3270 entropy=2.6909 mean_return=16.501 mean_len=72.9
[gat-train] update=1232 samples=197120 fps=11.2 loss=-0.0939 actor=-0.2661 value=0.2002 entropy=2.8058 mean_return=16.455 mean_len=72.7
[gat-train] update=1233 samples=197280 fps=11.2 loss=0.2210 actor=-0.1062 value=0.3559 entropy=2.8727 mean_return=16.463 mean_len=72.7
[gat-train] update=1234 samples=197440 fps=11.1 loss=0.4827 actor=0.1893 value=0.3217 entropy=2.8372 mean_return=16.394 mean_len=72.3
[gat-train] update=1235 samples=197600 fps=11.1 loss=0.4377 actor=-0.0753 value=0.5407 entropy=2.7797 mean_return=16.420 mean_len=72.4
[gat-train] update=1236 samples=197760 fps=11.1 loss=0.6891 actor=0.2796 value=0.4375 entropy=2.8070 mean_return=16.438 mean_len=72.6
[gat-train] update=1237 samples=197920 fps=11.1 loss=0.5650 actor=0.2592 value=0.3345 entropy=2.8729 mean_return=16.408 mean_len=72.5
[gat-train] update=1238 samples=198080 fps=11.1 loss=0.4215 actor=0.0247 value=0.4247 entropy=2.7921 mean_return=16.407 mean_len=72.7
[gat-train] update=1239 samples=198240 fps=11.1 loss=0.5113 actor=0.1640 value=0.3749 entropy=2.7626 mean_return=16.393 mean_len=72.6
[gat-train] update=1240 samples=198400 fps=11.1 loss=0.3640 actor=0.0270 value=0.3643 entropy=2.7274 mean_return=16.403 mean_len=72.5
[gat-train] update=1241 samples=198560 fps=11.1 loss=0.5582 actor=0.2320 value=0.3521 entropy=2.6005 mean_return=16.388 mean_len=72.3
[gat-train] update=1242 samples=198720 fps=11.1 loss=0.7810 actor=0.2351 value=0.5703 entropy=2.4478 mean_return=16.390 mean_len=72.5
[gat-train] update=1243 samples=198880 fps=11.1 loss=0.1719 actor=-0.2849 value=0.4824 entropy=2.5599 mean_return=16.260 mean_len=71.8
[gat-train] update=1244 samples=199040 fps=11.1 loss=0.7415 actor=0.3200 value=0.4480 entropy=2.6376 mean_return=16.269 mean_len=72.0
[gat-train] update=1245 samples=199200 fps=11.0 loss=-0.0155 actor=-0.3301 value=0.3413 entropy=2.6670 mean_return=16.254 mean_len=71.9
[gat-train] update=1246 samples=199360 fps=11.0 loss=-0.0404 actor=-0.2175 value=0.2044 entropy=2.7341 mean_return=16.240 mean_len=71.7
[gat-train] update=1247 samples=199520 fps=11.0 loss=0.1110 actor=-0.0572 value=0.1948 entropy=2.6509 mean_return=16.179 mean_len=71.2
[gat-train] update=1248 samples=199680 fps=11.0 loss=0.8075 actor=0.3459 value=0.4874 entropy=2.5772 mean_return=16.202 mean_len=71.1
[gat-train] update=1249 samples=199840 fps=11.0 loss=0.2511 actor=-0.2218 value=0.4981 entropy=2.5183 mean_return=16.183 mean_len=71.1
[gat-train] update=1250 samples=200000 fps=11.0 loss=0.0193 actor=-0.1859 value=0.2303 entropy=2.5069 mean_return=16.139 mean_len=71.0
[gat-train] eval update=1250 comp_score=85.87 best=86.18
[gat-train] update=1251 samples=200160 fps=11.0 loss=0.1115 actor=-0.1396 value=0.2768 entropy=2.5696 mean_return=16.125 mean_len=71.0
[gat-train] update=1252 samples=200320 fps=11.0 loss=0.5065 actor=0.1519 value=0.3809 entropy=2.6356 mean_return=16.129 mean_len=71.1
[gat-train] update=1253 samples=200480 fps=11.0 loss=0.2077 actor=-0.0991 value=0.3316 entropy=2.4899 mean_return=16.093 mean_len=71.0
[gat-train] update=1254 samples=200640 fps=11.0 loss=0.2287 actor=-0.1170 value=0.3693 entropy=2.3611 mean_return=16.080 mean_len=70.9
[gat-train] update=1255 samples=200800 fps=11.0 loss=0.1742 actor=-0.1058 value=0.3022 entropy=2.2192 mean_return=16.058 mean_len=70.9
[gat-train] update=1256 samples=200960 fps=10.9 loss=0.9767 actor=0.2898 value=0.7090 entropy=2.2049 mean_return=16.030 mean_len=71.2
[gat-train] update=1257 samples=201120 fps=10.9 loss=0.4803 actor=0.0014 value=0.4998 entropy=2.0819 mean_return=16.016 mean_len=71.2
[gat-train] update=1258 samples=201280 fps=10.9 loss=0.9092 actor=0.3464 value=0.5818 entropy=1.8991 mean_return=16.012 mean_len=71.2
[gat-train] update=1259 samples=201440 fps=10.9 loss=1.2309 actor=0.4061 value=0.8430 entropy=1.8227 mean_return=16.058 mean_len=71.5
[gat-train] update=1260 samples=201600 fps=10.9 loss=0.1423 actor=-0.0368 value=0.1968 entropy=1.7753 mean_return=16.058 mean_len=71.5
[gat-train] update=1261 samples=201760 fps=10.9 loss=0.2645 actor=0.0467 value=0.2363 entropy=1.8488 mean_return=16.095 mean_len=71.6
[gat-train] update=1262 samples=201920 fps=10.9 loss=0.3791 actor=-0.0264 value=0.4222 entropy=1.6658 mean_return=16.145 mean_len=72.1
[gat-train] update=1263 samples=202080 fps=10.9 loss=0.6671 actor=0.2121 value=0.4714 entropy=1.6429 mean_return=16.161 mean_len=72.4
[gat-train] update=1264 samples=202240 fps=10.9 loss=0.8718 actor=0.2301 value=0.6574 entropy=1.5721 mean_return=16.186 mean_len=72.7
[gat-train] update=1265 samples=202400 fps=10.9 loss=0.4315 actor=0.0599 value=0.3874 entropy=1.5884 mean_return=16.253 mean_len=72.9
[gat-train] update=1266 samples=202560 fps=10.9 loss=0.4007 actor=0.1414 value=0.2751 entropy=1.5863 mean_return=16.253 mean_len=72.9
[gat-train] update=1267 samples=202720 fps=10.9 loss=1.5638 actor=0.5221 value=1.0580 entropy=1.6366 mean_return=16.379 mean_len=73.7
[gat-train] update=1268 samples=202880 fps=10.9 loss=0.3170 actor=-0.0475 value=0.3798 entropy=1.5365 mean_return=16.461 mean_len=74.1
[gat-train] update=1269 samples=203040 fps=10.9 loss=0.5435 actor=0.0987 value=0.4601 entropy=1.5330 mean_return=16.483 mean_len=74.3
[gat-train] update=1270 samples=203200 fps=10.9 loss=0.5139 actor=0.1288 value=0.4012 entropy=1.6125 mean_return=16.558 mean_len=74.3
[gat-train] update=1271 samples=203360 fps=10.8 loss=0.6013 actor=0.0025 value=0.6149 entropy=1.6101 mean_return=16.593 mean_len=74.5
[gat-train] update=1272 samples=203520 fps=10.8 loss=0.8190 actor=0.2971 value=0.5381 entropy=1.6232 mean_return=16.694 mean_len=75.2
[gat-train] update=1273 samples=203680 fps=10.8 loss=1.8705 actor=0.5359 value=1.3500 entropy=1.5448 mean_return=16.829 mean_len=76.1
[gat-train] update=1274 samples=203840 fps=10.8 loss=1.7108 actor=0.6023 value=1.1239 entropy=1.5450 mean_return=16.988 mean_len=77.0
[gat-train] update=1275 samples=204000 fps=10.8 loss=1.8970 actor=0.5734 value=1.3388 entropy=1.5216 mean_return=17.252 mean_len=78.2
[gat-train] update=1276 samples=204160 fps=10.8 loss=0.4596 actor=0.1677 value=0.3070 entropy=1.5113 mean_return=17.335 mean_len=78.7
[gat-train] update=1277 samples=204320 fps=10.8 loss=0.2021 actor=-0.0400 value=0.2574 entropy=1.5309 mean_return=17.335 mean_len=78.7
[gat-train] update=1278 samples=204480 fps=10.8 loss=0.0845 actor=-0.0844 value=0.1838 entropy=1.4893 mean_return=17.335 mean_len=78.7
[gat-train] update=1279 samples=204640 fps=10.8 loss=0.8958 actor=0.3214 value=0.5896 entropy=1.5255 mean_return=17.464 mean_len=79.1
[gat-train] update=1280 samples=204800 fps=10.8 loss=0.6599 actor=0.2100 value=0.4663 entropy=1.6325 mean_return=17.574 mean_len=79.5
[gat-train] update=1281 samples=204960 fps=10.8 loss=0.7517 actor=0.1869 value=0.5820 entropy=1.7254 mean_return=17.651 mean_len=79.7
[gat-train] update=1282 samples=205120 fps=10.8 loss=1.1759 actor=0.3941 value=0.7987 entropy=1.6902 mean_return=17.749 mean_len=80.2
[gat-train] update=1283 samples=205280 fps=10.8 loss=0.8403 actor=0.2299 value=0.6265 entropy=1.6182 mean_return=17.851 mean_len=80.6
[gat-train] update=1284 samples=205440 fps=10.8 loss=0.0498 actor=-0.2319 value=0.2987 entropy=1.6948 mean_return=17.868 mean_len=80.6
[gat-train] update=1285 samples=205600 fps=10.7 loss=0.2748 actor=-0.0454 value=0.3381 entropy=1.7953 mean_return=17.929 mean_len=80.9
[gat-train] update=1286 samples=205760 fps=10.7 loss=0.6744 actor=0.2536 value=0.4395 entropy=1.8773 mean_return=18.024 mean_len=81.3
[gat-train] update=1287 samples=205920 fps=10.7 loss=0.5317 actor=-0.0719 value=0.6213 entropy=1.7686 mean_return=18.014 mean_len=81.0
[gat-train] update=1288 samples=206080 fps=10.7 loss=0.3502 actor=0.0423 value=0.3265 entropy=1.8671 mean_return=18.023 mean_len=81.2
[gat-train] update=1289 samples=206240 fps=10.7 loss=0.6600 actor=0.2555 value=0.4218 entropy=1.7327 mean_return=18.136 mean_len=81.5
[gat-train] update=1290 samples=206400 fps=10.7 loss=1.0623 actor=0.4156 value=0.6632 entropy=1.6449 mean_return=18.207 mean_len=81.7
[gat-train] update=1291 samples=206560 fps=10.7 loss=0.6219 actor=0.1611 value=0.4769 entropy=1.6095 mean_return=18.239 mean_len=81.7
[gat-train] update=1292 samples=206720 fps=10.7 loss=1.4540 actor=0.5294 value=0.9414 entropy=1.6813 mean_return=18.242 mean_len=82.1
[gat-train] update=1293 samples=206880 fps=10.7 loss=0.0420 actor=-0.0622 value=0.1209 entropy=1.6674 mean_return=18.242 mean_len=82.1
[gat-train] update=1294 samples=207040 fps=10.7 loss=0.1231 actor=-0.0009 value=0.1403 entropy=1.6371 mean_return=18.242 mean_len=82.1
[gat-train] update=1295 samples=207200 fps=10.7 loss=0.4063 actor=0.0319 value=0.3900 entropy=1.5608 mean_return=18.269 mean_len=82.5
[gat-train] update=1296 samples=207360 fps=10.7 loss=0.1823 actor=-0.0036 value=0.2031 entropy=1.7172 mean_return=18.251 mean_len=82.5
[gat-train] update=1297 samples=207520 fps=10.7 loss=1.0458 actor=0.2445 value=0.8195 entropy=1.8228 mean_return=18.263 mean_len=82.6
[gat-train] update=1298 samples=207680 fps=10.7 loss=0.3624 actor=0.0635 value=0.3144 entropy=1.5555 mean_return=18.237 mean_len=82.5
[gat-train] update=1299 samples=207840 fps=10.6 loss=0.6880 actor=0.1710 value=0.5331 entropy=1.6104 mean_return=18.172 mean_len=82.0
[gat-train] update=1300 samples=208000 fps=10.6 loss=0.3357 actor=0.0130 value=0.3380 entropy=1.5308 mean_return=18.159 mean_len=81.9
[gat-train] eval update=1300 comp_score=86.02 best=86.18
[gat-train] update=1301 samples=208160 fps=10.6 loss=-0.0724 actor=-0.3191 value=0.2621 entropy=1.5447 mean_return=18.159 mean_len=81.9
[gat-train] update=1302 samples=208320 fps=10.6 loss=0.4933 actor=0.0387 value=0.4707 entropy=1.6030 mean_return=18.133 mean_len=82.0
[gat-train] update=1303 samples=208480 fps=10.6 loss=0.7984 actor=0.2735 value=0.5410 entropy=1.6129 mean_return=18.085 mean_len=81.7
[gat-train] update=1304 samples=208640 fps=10.6 loss=0.1935 actor=-0.2075 value=0.4151 entropy=1.4079 mean_return=18.098 mean_len=81.7
[gat-train] update=1305 samples=208800 fps=10.6 loss=0.7129 actor=0.2021 value=0.5259 entropy=1.5063 mean_return=18.071 mean_len=81.8
[gat-train] update=1306 samples=208960 fps=10.6 loss=0.7671 actor=0.0789 value=0.7025 entropy=1.4343 mean_return=18.072 mean_len=81.9
[gat-train] update=1307 samples=209120 fps=10.6 loss=0.9496 actor=0.2303 value=0.7344 entropy=1.5174 mean_return=17.984 mean_len=81.8
[gat-train] update=1308 samples=209280 fps=10.6 loss=1.2187 actor=0.4129 value=0.8209 entropy=1.5082 mean_return=18.015 mean_len=82.0
[gat-train] update=1309 samples=209440 fps=10.6 loss=0.7031 actor=0.2513 value=0.4666 entropy=1.4855 mean_return=18.072 mean_len=82.3
[gat-train] update=1310 samples=209600 fps=10.6 loss=0.5480 actor=0.1363 value=0.4270 entropy=1.5383 mean_return=18.074 mean_len=82.3
[gat-train] update=1311 samples=209760 fps=10.6 loss=0.3139 actor=0.0715 value=0.2576 entropy=1.5233 mean_return=18.033 mean_len=82.2
[gat-train] update=1312 samples=209920 fps=10.5 loss=0.4942 actor=0.0554 value=0.4535 entropy=1.4684 mean_return=18.065 mean_len=82.4
[gat-train] update=1313 samples=210080 fps=10.5 loss=0.3833 actor=0.0248 value=0.3723 entropy=1.3747 mean_return=18.073 mean_len=82.5
[gat-train] update=1314 samples=210240 fps=10.5 loss=1.2188 actor=0.4980 value=0.7354 entropy=1.4531 mean_return=17.998 mean_len=82.2
[gat-train] update=1315 samples=210400 fps=10.5 loss=0.5711 actor=0.2174 value=0.3695 entropy=1.5761 mean_return=17.971 mean_len=82.2
[gat-train] update=1316 samples=210560 fps=10.5 loss=0.2178 actor=0.0654 value=0.1674 entropy=1.5020 mean_return=17.971 mean_len=82.2
[gat-train] update=1317 samples=210720 fps=10.5 loss=0.4873 actor=0.0917 value=0.4097 entropy=1.4033 mean_return=18.000 mean_len=82.4
[gat-train] update=1318 samples=210880 fps=10.5 loss=0.2021 actor=-0.2539 value=0.4702 entropy=1.4188 mean_return=17.992 mean_len=82.3
[gat-train] update=1319 samples=211040 fps=10.5 loss=1.1884 actor=0.1262 value=1.0764 entropy=1.4131 mean_return=17.896 mean_len=81.4
[gat-train] update=1320 samples=211200 fps=10.5 loss=0.2245 actor=-0.0880 value=0.3279 entropy=1.5419 mean_return=17.863 mean_len=81.0
[gat-train] update=1321 samples=211360 fps=10.5 loss=0.1901 actor=0.0557 value=0.1489 entropy=1.4441 mean_return=17.863 mean_len=81.0
[gat-train] update=1322 samples=211520 fps=10.5 loss=0.9982 actor=0.3882 value=0.6243 entropy=1.4409 mean_return=17.938 mean_len=81.3
[gat-train] update=1323 samples=211680 fps=10.5 loss=1.1455 actor=0.3752 value=0.7845 entropy=1.4136 mean_return=17.979 mean_len=81.2
[gat-train] update=1324 samples=211840 fps=10.5 loss=0.3793 actor=-0.0618 value=0.4548 entropy=1.3701 mean_return=17.989 mean_len=81.4
[gat-train] update=1325 samples=212000 fps=10.5 loss=0.7806 actor=0.3003 value=0.4942 entropy=1.3868 mean_return=18.015 mean_len=81.7
[gat-train] update=1326 samples=212160 fps=10.5 loss=0.4966 actor=-0.0051 value=0.5161 entropy=1.4431 mean_return=18.034 mean_len=82.0
[gat-train] update=1327 samples=212320 fps=10.5 loss=0.5025 actor=0.1965 value=0.3205 entropy=1.4430 mean_return=18.017 mean_len=82.0
[gat-train] update=1328 samples=212480 fps=10.5 loss=0.1917 actor=0.0573 value=0.1485 entropy=1.4030 mean_return=18.017 mean_len=82.0
[gat-train] update=1329 samples=212640 fps=10.4 loss=0.4989 actor=0.1495 value=0.3637 entropy=1.4242 mean_return=18.071 mean_len=82.1
[gat-train] update=1330 samples=212800 fps=10.4 loss=1.0229 actor=0.3211 value=0.7171 entropy=1.5373 mean_return=18.076 mean_len=81.8
[gat-train] update=1331 samples=212960 fps=10.4 loss=0.1445 actor=-0.0626 value=0.2221 entropy=1.4987 mean_return=18.076 mean_len=81.5
[gat-train] update=1332 samples=213120 fps=10.4 loss=0.8204 actor=0.3043 value=0.5297 entropy=1.3609 mean_return=18.076 mean_len=81.6
[gat-train] update=1333 samples=213280 fps=10.4 loss=0.2502 actor=0.0856 value=0.1794 entropy=1.4747 mean_return=18.076 mean_len=81.6
[gat-train] update=1334 samples=213440 fps=10.4 loss=0.1475 actor=-0.0958 value=0.2571 entropy=1.3841 mean_return=18.076 mean_len=81.6
[gat-train] update=1335 samples=213600 fps=10.4 loss=0.4993 actor=0.1455 value=0.3675 entropy=1.3713 mean_return=18.086 mean_len=81.7
[gat-train] update=1336 samples=213760 fps=10.4 loss=0.7748 actor=0.2430 value=0.5465 entropy=1.4590 mean_return=18.049 mean_len=81.4
[gat-train] update=1337 samples=213920 fps=10.4 loss=0.5357 actor=0.1259 value=0.4238 entropy=1.4047 mean_return=18.058 mean_len=81.4
[gat-train] update=1338 samples=214080 fps=10.4 loss=0.6114 actor=0.2307 value=0.3946 entropy=1.3873 mean_return=18.117 mean_len=81.7
[gat-train] update=1339 samples=214240 fps=10.4 loss=0.3914 actor=-0.0802 value=0.4849 entropy=1.3280 mean_return=18.121 mean_len=81.8
[gat-train] update=1340 samples=214400 fps=10.4 loss=1.2129 actor=0.3900 value=0.8381 entropy=1.5171 mean_return=18.138 mean_len=81.9
[gat-train] update=1341 samples=214560 fps=10.4 loss=0.3633 actor=0.0280 value=0.3486 entropy=1.3341 mean_return=18.148 mean_len=81.7
[gat-train] update=1342 samples=214720 fps=10.4 loss=1.2669 actor=0.4069 value=0.8751 entropy=1.5060 mean_return=18.222 mean_len=82.1
[gat-train] update=1343 samples=214880 fps=10.4 loss=0.3466 actor=0.0925 value=0.2693 entropy=1.5122 mean_return=18.222 mean_len=82.1
[gat-train] update=1344 samples=215040 fps=10.4 loss=0.0985 actor=-0.1468 value=0.2589 entropy=1.3640 mean_return=18.325 mean_len=82.8
[gat-train] update=1345 samples=215200 fps=10.4 loss=0.2887 actor=0.1629 value=0.1388 entropy=1.3048 mean_return=18.325 mean_len=82.8
[gat-train] update=1346 samples=215360 fps=10.4 loss=1.2413 actor=0.4780 value=0.7773 entropy=1.4023 mean_return=18.356 mean_len=83.2
[gat-train] update=1347 samples=215520 fps=10.4 loss=0.3590 actor=0.0331 value=0.3395 entropy=1.3539 mean_return=18.284 mean_len=83.0
[gat-train] update=1348 samples=215680 fps=10.4 loss=0.3896 actor=0.1269 value=0.2780 entropy=1.5255 mean_return=18.284 mean_len=83.1
[gat-train] update=1349 samples=215840 fps=10.4 loss=0.5404 actor=0.0820 value=0.4740 entropy=1.5656 mean_return=18.314 mean_len=83.4
[gat-train] update=1350 samples=216000 fps=10.4 loss=0.2387 actor=-0.0188 value=0.2718 entropy=1.4304 mean_return=18.314 mean_len=83.4
[gat-train] eval update=1350 comp_score=86.01 best=86.18
[gat-train] update=1351 samples=216160 fps=10.3 loss=0.4029 actor=0.1111 value=0.3058 entropy=1.3954 mean_return=18.266 mean_len=82.9
[gat-train] update=1352 samples=216320 fps=10.3 loss=0.4175 actor=0.0854 value=0.3458 entropy=1.3647 mean_return=18.278 mean_len=82.7
[gat-train] update=1353 samples=216480 fps=10.3 loss=0.3489 actor=0.0632 value=0.2999 entropy=1.4164 mean_return=18.294 mean_len=82.7
[gat-train] update=1354 samples=216640 fps=10.3 loss=0.4484 actor=0.0238 value=0.4387 entropy=1.3990 mean_return=18.279 mean_len=82.6
[gat-train] update=1355 samples=216800 fps=10.3 loss=0.7694 actor=0.3306 value=0.4522 entropy=1.3357 mean_return=18.277 mean_len=82.7
[gat-train] update=1356 samples=216960 fps=10.3 loss=0.4857 actor=0.0150 value=0.4856 entropy=1.4839 mean_return=18.306 mean_len=82.9
[gat-train] update=1357 samples=217120 fps=10.3 loss=0.2036 actor=0.0231 value=0.1946 entropy=1.4099 mean_return=18.271 mean_len=82.8
[gat-train] update=1358 samples=217280 fps=10.3 loss=0.9091 actor=0.2460 value=0.6772 entropy=1.4132 mean_return=18.312 mean_len=83.4
[gat-train] update=1359 samples=217440 fps=10.3 loss=0.1833 actor=-0.0280 value=0.2242 entropy=1.2908 mean_return=18.311 mean_len=83.3
[gat-train] update=1360 samples=217600 fps=10.3 loss=0.5959 actor=0.1327 value=0.4780 entropy=1.4838 mean_return=18.315 mean_len=83.6
[gat-train] update=1361 samples=217760 fps=10.3 loss=0.0973 actor=-0.0580 value=0.1690 entropy=1.3737 mean_return=18.297 mean_len=83.4
[gat-train] update=1362 samples=217920 fps=10.3 loss=0.0151 actor=-0.1544 value=0.1832 entropy=1.3753 mean_return=18.297 mean_len=83.4
[gat-train] update=1363 samples=218080 fps=10.3 loss=1.0921 actor=0.3767 value=0.7294 entropy=1.4004 mean_return=18.287 mean_len=83.2
[gat-train] update=1364 samples=218240 fps=10.3 loss=0.3747 actor=0.0313 value=0.3576 entropy=1.4130 mean_return=18.308 mean_len=83.2
[gat-train] update=1365 samples=218400 fps=10.3 loss=0.5796 actor=0.1384 value=0.4550 entropy=1.3702 mean_return=18.312 mean_len=83.2
[gat-train] update=1366 samples=218560 fps=10.3 loss=0.7495 actor=0.1893 value=0.5745 entropy=1.4405 mean_return=18.352 mean_len=83.5
[gat-train] update=1367 samples=218720 fps=10.3 loss=0.2513 actor=-0.0312 value=0.2964 entropy=1.3855 mean_return=18.306 mean_len=83.6
[gat-train] update=1368 samples=218880 fps=10.3 loss=0.3856 actor=0.1665 value=0.2332 entropy=1.4052 mean_return=18.315 mean_len=83.6
[gat-train] update=1369 samples=219040 fps=10.3 loss=0.2294 actor=0.0285 value=0.2153 entropy=1.4497 mean_return=18.321 mean_len=83.6
[gat-train] update=1370 samples=219200 fps=10.2 loss=0.0871 actor=-0.1799 value=0.2816 entropy=1.4596 mean_return=18.306 mean_len=83.5
[gat-train] update=1371 samples=219360 fps=10.2 loss=0.5996 actor=0.1252 value=0.4896 entropy=1.5222 mean_return=18.221 mean_len=83.3
[gat-train] update=1372 samples=219520 fps=10.2 loss=0.3084 actor=0.0693 value=0.2543 entropy=1.5290 mean_return=18.204 mean_len=83.2
[gat-train] update=1373 samples=219680 fps=10.2 loss=0.5882 actor=0.1455 value=0.4571 entropy=1.4390 mean_return=18.258 mean_len=83.3
[gat-train] update=1374 samples=219840 fps=10.2 loss=0.2588 actor=-0.0752 value=0.3480 entropy=1.4052 mean_return=18.258 mean_len=82.9
[gat-train] update=1375 samples=220000 fps=10.2 loss=0.3883 actor=0.0923 value=0.3100 entropy=1.4007 mean_return=18.256 mean_len=82.8
[gat-train] update=1376 samples=220160 fps=10.2 loss=0.5017 actor=0.1975 value=0.3183 entropy=1.4084 mean_return=18.227 mean_len=82.8
[gat-train] update=1377 samples=220320 fps=10.2 loss=0.6785 actor=0.0867 value=0.6057 entropy=1.3982 mean_return=18.279 mean_len=83.3
[gat-train] update=1378 samples=220480 fps=10.2 loss=0.7434 actor=0.2563 value=0.5012 entropy=1.4128 mean_return=18.300 mean_len=83.5
[gat-train] update=1379 samples=220640 fps=10.2 loss=0.6387 actor=0.1767 value=0.4760 entropy=1.3956 mean_return=18.269 mean_len=83.2
[gat-train] update=1380 samples=220800 fps=10.2 loss=0.6004 actor=0.1739 value=0.4414 entropy=1.4951 mean_return=18.254 mean_len=83.2
[gat-train] update=1381 samples=220960 fps=10.2 loss=0.3194 actor=0.0866 value=0.2478 entropy=1.5026 mean_return=18.312 mean_len=83.5
[gat-train] update=1382 samples=221120 fps=10.2 loss=0.1895 actor=0.0161 value=0.1871 entropy=1.3758 mean_return=18.312 mean_len=83.5
[gat-train] update=1383 samples=221280 fps=10.2 loss=0.4208 actor=0.1109 value=0.3233 entropy=1.3379 mean_return=18.316 mean_len=83.2
[gat-train] update=1384 samples=221440 fps=10.2 loss=-0.0244 actor=-0.1987 value=0.1876 entropy=1.3369 mean_return=18.316 mean_len=83.2
[gat-train] update=1385 samples=221600 fps=10.2 loss=0.8466 actor=0.2883 value=0.5728 entropy=1.4442 mean_return=18.340 mean_len=83.2
[gat-train] update=1386 samples=221760 fps=10.2 loss=0.2819 actor=0.0685 value=0.2275 entropy=1.4040 mean_return=18.303 mean_len=82.9
[gat-train] update=1387 samples=221920 fps=10.2 loss=0.6714 actor=0.2818 value=0.4035 entropy=1.3876 mean_return=18.329 mean_len=82.9
[gat-train] update=1388 samples=222080 fps=10.2 loss=0.3390 actor=0.0832 value=0.2709 entropy=1.5135 mean_return=18.333 mean_len=83.0
[gat-train] update=1389 samples=222240 fps=10.2 loss=0.1139 actor=-0.1050 value=0.2328 entropy=1.3896 mean_return=18.328 mean_len=82.9
[gat-train] update=1390 samples=222400 fps=10.2 loss=0.3200 actor=-0.0317 value=0.3664 entropy=1.4609 mean_return=18.364 mean_len=83.1
[gat-train] update=1391 samples=222560 fps=10.2 loss=0.2711 actor=0.0084 value=0.2773 entropy=1.4599 mean_return=18.366 mean_len=83.2
[gat-train] update=1392 samples=222720 fps=10.1 loss=0.2471 actor=0.0030 value=0.2595 entropy=1.5451 mean_return=18.388 mean_len=83.3
[gat-train] update=1393 samples=222880 fps=10.1 loss=0.4584 actor=0.0889 value=0.3855 entropy=1.5995 mean_return=18.386 mean_len=83.1
[gat-train] update=1394 samples=223040 fps=10.1 loss=0.0261 actor=-0.0818 value=0.1228 entropy=1.4885 mean_return=18.367 mean_len=82.9
[gat-train] update=1395 samples=223200 fps=10.1 loss=0.4435 actor=0.1862 value=0.2734 entropy=1.6012 mean_return=18.341 mean_len=82.7
[gat-train] update=1396 samples=223360 fps=10.1 loss=0.4426 actor=0.1043 value=0.3559 entropy=1.7481 mean_return=18.400 mean_len=82.8
[gat-train] update=1397 samples=223520 fps=10.1 loss=0.2611 actor=0.0806 value=0.1974 entropy=1.6881 mean_return=18.404 mean_len=82.7
[gat-train] update=1398 samples=223680 fps=10.1 loss=0.3885 actor=0.1459 value=0.2613 entropy=1.8710 mean_return=18.418 mean_len=82.9
[gat-train] update=1399 samples=223840 fps=10.1 loss=0.1144 actor=0.0041 value=0.1312 entropy=2.0942 mean_return=18.400 mean_len=82.8
[gat-train] update=1400 samples=224000 fps=10.1 loss=0.3623 actor=-0.0690 value=0.4532 entropy=2.1882 mean_return=18.358 mean_len=82.6
[gat-train] eval update=1400 comp_score=85.42 best=86.18
[gat-train] update=1401 samples=224160 fps=10.1 loss=-0.1322 actor=-0.3549 value=0.2457 entropy=2.3040 mean_return=18.339 mean_len=82.5
[gat-train] update=1402 samples=224320 fps=10.1 loss=0.3263 actor=0.0664 value=0.2839 entropy=2.4030 mean_return=18.327 mean_len=82.4
[gat-train] update=1403 samples=224480 fps=10.1 loss=0.2050 actor=-0.0865 value=0.3159 entropy=2.4428 mean_return=18.282 mean_len=82.0
[gat-train] update=1404 samples=224640 fps=10.1 loss=0.9339 actor=0.4548 value=0.5034 entropy=2.4236 mean_return=18.258 mean_len=82.0
[gat-train] update=1405 samples=224800 fps=10.1 loss=0.2176 actor=-0.1928 value=0.4335 entropy=2.3182 mean_return=18.216 mean_len=81.7
[gat-train] update=1406 samples=224960 fps=10.1 loss=0.8177 actor=0.3943 value=0.4475 entropy=2.4109 mean_return=18.248 mean_len=81.8
[gat-train] update=1407 samples=225120 fps=10.1 loss=0.4780 actor=0.2183 value=0.2842 entropy=2.4493 mean_return=18.237 mean_len=81.7
[gat-train] update=1408 samples=225280 fps=10.1 loss=0.5740 actor=0.1336 value=0.4646 entropy=2.4194 mean_return=18.159 mean_len=81.3
[gat-train] update=1409 samples=225440 fps=10.1 loss=0.4898 actor=0.2097 value=0.3045 entropy=2.4336 mean_return=18.117 mean_len=81.3
[gat-train] update=1410 samples=225600 fps=10.1 loss=0.1965 actor=-0.0051 value=0.2257 entropy=2.4062 mean_return=18.073 mean_len=81.0
[gat-train] update=1411 samples=225760 fps=10.1 loss=0.5337 actor=0.3017 value=0.2563 entropy=2.4316 mean_return=17.963 mean_len=80.5
[gat-train] update=1412 samples=225920 fps=10.1 loss=0.2385 actor=0.0225 value=0.2405 entropy=2.4430 mean_return=17.882 mean_len=80.1
[gat-train] update=1413 samples=226080 fps=10.1 loss=0.6738 actor=0.3503 value=0.3486 entropy=2.5051 mean_return=17.782 mean_len=79.4
[gat-train] update=1414 samples=226240 fps=10.1 loss=-0.1046 actor=-0.3004 value=0.2211 entropy=2.5377 mean_return=17.646 mean_len=78.6
[gat-train] update=1415 samples=226400 fps=10.1 loss=0.3364 actor=0.1698 value=0.1928 entropy=2.6150 mean_return=17.646 mean_len=78.6
[gat-train] update=1416 samples=226560 fps=10.0 loss=0.1440 actor=-0.0574 value=0.2281 entropy=2.6759 mean_return=17.646 mean_len=78.6
[gat-train] update=1417 samples=226720 fps=10.0 loss=-0.1122 actor=-0.3888 value=0.3034 entropy=2.6847 mean_return=17.630 mean_len=78.4
[gat-train] update=1418 samples=226880 fps=10.0 loss=0.1649 actor=-0.1383 value=0.3300 entropy=2.6745 mean_return=17.492 mean_len=77.6
[gat-train] update=1419 samples=227040 fps=10.0 loss=-0.0123 actor=-0.2464 value=0.2597 entropy=2.5582 mean_return=17.451 mean_len=77.3
[gat-train] update=1420 samples=227200 fps=10.0 loss=0.4262 actor=0.1611 value=0.2914 entropy=2.6239 mean_return=17.409 mean_len=77.0
[gat-train] update=1421 samples=227360 fps=10.0 loss=0.6139 actor=0.3473 value=0.2922 entropy=2.5586 mean_return=17.326 mean_len=76.7
[gat-train] update=1422 samples=227520 fps=10.0 loss=0.3302 actor=0.0761 value=0.2788 entropy=2.4706 mean_return=17.326 mean_len=76.7
[gat-train] update=1423 samples=227680 fps=10.0 loss=0.3824 actor=0.0434 value=0.3640 entropy=2.4946 mean_return=17.216 mean_len=76.2
[gat-train] update=1424 samples=227840 fps=10.0 loss=0.2551 actor=-0.0307 value=0.3089 entropy=2.3128 mean_return=17.143 mean_len=75.7
[gat-train] update=1425 samples=228000 fps=10.0 loss=0.2234 actor=-0.1645 value=0.4104 entropy=2.2462 mean_return=17.118 mean_len=75.5
[gat-train] update=1426 samples=228160 fps=10.0 loss=0.2407 actor=0.0071 value=0.2571 entropy=2.3527 mean_return=17.095 mean_len=75.5
[gat-train] update=1427 samples=228320 fps=10.0 loss=0.2813 actor=0.1153 value=0.1887 entropy=2.2748 mean_return=16.867 mean_len=74.6
[gat-train] update=1428 samples=228480 fps=10.0 loss=-0.0961 actor=-0.1809 value=0.1055 entropy=2.0641 mean_return=16.814 mean_len=74.2
[gat-train] update=1429 samples=228640 fps=10.0 loss=0.1432 actor=-0.0810 value=0.2455 entropy=2.1242 mean_return=16.790 mean_len=74.5
[gat-train] update=1430 samples=228800 fps=10.0 loss=0.0514 actor=-0.0644 value=0.1374 entropy=2.1550 mean_return=16.790 mean_len=74.5
[gat-train] update=1431 samples=228960 fps=10.0 loss=0.0686 actor=-0.0884 value=0.1781 entropy=2.1131 mean_return=16.781 mean_len=74.2
[gat-train] update=1432 samples=229120 fps=10.0 loss=-0.0608 actor=-0.2287 value=0.1876 entropy=1.9772 mean_return=16.781 mean_len=74.2
[gat-train] update=1433 samples=229280 fps=10.0 loss=0.3078 actor=0.1244 value=0.2033 entropy=1.9780 mean_return=16.703 mean_len=73.8
[gat-train] update=1434 samples=229440 fps=10.0 loss=0.6735 actor=0.2813 value=0.4115 entropy=1.9308 mean_return=16.681 mean_len=74.1
[gat-train] update=1435 samples=229600 fps=10.0 loss=0.1242 actor=-0.0904 value=0.2325 entropy=1.7936 mean_return=16.681 mean_len=74.1
[gat-train] update=1436 samples=229760 fps=10.0 loss=0.2491 actor=-0.1205 value=0.3872 entropy=1.7687 mean_return=16.699 mean_len=74.3
[gat-train] update=1437 samples=229920 fps=10.0 loss=0.2494 actor=-0.0100 value=0.2759 entropy=1.6567 mean_return=16.696 mean_len=74.4
[gat-train] update=1438 samples=230080 fps=10.0 loss=0.3700 actor=-0.0259 value=0.4132 entropy=1.7285 mean_return=16.693 mean_len=74.5
[gat-train] update=1439 samples=230240 fps=9.9 loss=0.1537 actor=-0.0621 value=0.2315 entropy=1.5665 mean_return=16.669 mean_len=74.6
[gat-train] update=1440 samples=230400 fps=9.9 loss=0.6770 actor=0.1707 value=0.5220 entropy=1.5659 mean_return=16.766 mean_len=75.4
[gat-train] update=1441 samples=230560 fps=9.9 loss=0.4321 actor=0.1706 value=0.2765 entropy=1.4963 mean_return=16.812 mean_len=75.7
[gat-train] update=1442 samples=230720 fps=9.9 loss=0.2668 actor=0.0435 value=0.2396 entropy=1.6341 mean_return=16.874 mean_len=76.2
[gat-train] update=1443 samples=230880 fps=9.9 loss=0.6790 actor=0.3414 value=0.3547 entropy=1.7143 mean_return=16.988 mean_len=76.8
[gat-train] update=1444 samples=231040 fps=9.9 loss=0.2893 actor=0.0309 value=0.2758 entropy=1.7403 mean_return=17.063 mean_len=77.5
[gat-train] update=1445 samples=231200 fps=9.9 loss=0.2179 actor=0.0776 value=0.1576 entropy=1.7289 mean_return=17.125 mean_len=77.7
[gat-train] update=1446 samples=231360 fps=9.9 loss=0.2719 actor=0.0436 value=0.2462 entropy=1.7970 mean_return=17.196 mean_len=78.1
[gat-train] update=1447 samples=231520 fps=9.9 loss=-0.0569 actor=-0.2277 value=0.1896 entropy=1.8916 mean_return=17.196 mean_len=78.1
[gat-train] update=1448 samples=231680 fps=9.9 loss=0.4361 actor=0.2034 value=0.2512 entropy=1.8539 mean_return=17.196 mean_len=78.1
[gat-train] update=1449 samples=231840 fps=9.9 loss=0.1550 actor=-0.2140 value=0.3872 entropy=1.8185 mean_return=17.250 mean_len=78.3
[gat-train] update=1450 samples=232000 fps=9.9 loss=0.2498 actor=0.0014 value=0.2668 entropy=1.8454 mean_return=17.233 mean_len=78.0
[gat-train] eval update=1450 comp_score=84.43 best=86.18
[gat-train] update=1451 samples=232160 fps=9.9 loss=0.3438 actor=-0.0199 value=0.3816 entropy=1.7938 mean_return=17.337 mean_len=78.8
[gat-train] update=1452 samples=232320 fps=9.9 loss=0.5410 actor=0.0640 value=0.4942 entropy=1.7152 mean_return=17.385 mean_len=78.8
[gat-train] update=1453 samples=232480 fps=9.9 loss=0.2375 actor=-0.0260 value=0.2792 entropy=1.5685 mean_return=17.385 mean_len=78.8
[gat-train] update=1454 samples=232640 fps=9.9 loss=0.1415 actor=-0.1268 value=0.2839 entropy=1.5640 mean_return=17.474 mean_len=79.2
[gat-train] update=1455 samples=232800 fps=9.9 loss=0.5717 actor=0.2807 value=0.3065 entropy=1.5490 mean_return=17.524 mean_len=79.4
[gat-train] update=1456 samples=232960 fps=9.9 loss=0.8473 actor=0.2444 value=0.6188 entropy=1.5909 mean_return=17.743 mean_len=80.4
[gat-train] update=1457 samples=233120 fps=9.9 loss=0.0217 actor=-0.2196 value=0.2560 entropy=1.4726 mean_return=17.736 mean_len=80.2
[gat-train] update=1458 samples=233280 fps=9.9 loss=0.9390 actor=0.3907 value=0.5628 entropy=1.4515 mean_return=17.891 mean_len=80.7
[gat-train] update=1459 samples=233440 fps=9.9 loss=1.2242 actor=0.3626 value=0.8753 entropy=1.3660 mean_return=17.983 mean_len=81.0
[gat-train] update=1460 samples=233600 fps=9.9 loss=0.1956 actor=0.0501 value=0.1589 entropy=1.3422 mean_return=18.009 mean_len=81.0
[gat-train] update=1461 samples=233760 fps=9.8 loss=0.0785 actor=-0.0123 value=0.1051 entropy=1.4280 mean_return=18.009 mean_len=81.0
[gat-train] update=1462 samples=233920 fps=9.8 loss=1.2459 actor=0.4941 value=0.7671 entropy=1.5272 mean_return=18.097 mean_len=81.6
[gat-train] update=1463 samples=234080 fps=9.8 loss=0.4946 actor=0.0970 value=0.4129 entropy=1.5357 mean_return=18.127 mean_len=81.8
[gat-train] update=1464 samples=234240 fps=9.8 loss=0.4741 actor=0.0785 value=0.4107 entropy=1.5034 mean_return=18.145 mean_len=81.9
[gat-train] update=1465 samples=234400 fps=9.8 loss=0.1349 actor=0.0078 value=0.1423 entropy=1.5209 mean_return=18.168 mean_len=81.9
[gat-train] update=1466 samples=234560 fps=9.8 loss=0.0001 actor=-0.1483 value=0.1630 entropy=1.4531 mean_return=18.137 mean_len=81.7
[gat-train] update=1467 samples=234720 fps=9.8 loss=0.7235 actor=0.1833 value=0.5564 entropy=1.6210 mean_return=18.172 mean_len=81.9
[gat-train] update=1468 samples=234880 fps=9.8 loss=0.3160 actor=0.0372 value=0.2952 entropy=1.6370 mean_return=18.172 mean_len=81.9
[gat-train] update=1469 samples=235040 fps=9.8 loss=0.2872 actor=-0.0373 value=0.3405 entropy=1.5976 mean_return=18.219 mean_len=82.1
[gat-train] update=1470 samples=235200 fps=9.8 loss=0.0021 actor=-0.2292 value=0.2470 entropy=1.5641 mean_return=18.219 mean_len=82.1
[gat-train] update=1471 samples=235360 fps=9.8 loss=1.0494 actor=0.3407 value=0.7250 entropy=1.6311 mean_return=18.211 mean_len=82.2
[gat-train] update=1472 samples=235520 fps=9.8 loss=0.7721 actor=0.2567 value=0.5320 entropy=1.6674 mean_return=18.205 mean_len=82.2
[gat-train] update=1473 samples=235680 fps=9.8 loss=0.8564 actor=0.2886 value=0.5826 entropy=1.4780 mean_return=18.221 mean_len=82.3
[gat-train] update=1474 samples=235840 fps=9.8 loss=0.6987 actor=0.1793 value=0.5342 entropy=1.4852 mean_return=18.257 mean_len=82.5
[gat-train] update=1475 samples=236000 fps=9.8 loss=0.1096 actor=-0.1115 value=0.2364 entropy=1.5354 mean_return=18.215 mean_len=82.3
[gat-train] update=1476 samples=236160 fps=9.8 loss=0.6795 actor=0.1779 value=0.5161 entropy=1.4455 mean_return=18.265 mean_len=82.6
[gat-train] update=1477 samples=236320 fps=9.8 loss=0.3869 actor=-0.1200 value=0.5216 entropy=1.4749 mean_return=18.277 mean_len=82.8
[gat-train] update=1478 samples=236480 fps=9.8 loss=0.3452 actor=0.0838 value=0.2763 entropy=1.4839 mean_return=18.301 mean_len=83.0
[gat-train] update=1479 samples=236640 fps=9.8 loss=0.0424 actor=-0.1396 value=0.1981 entropy=1.6064 mean_return=18.289 mean_len=82.9
[gat-train] update=1480 samples=236800 fps=9.8 loss=0.5067 actor=0.2041 value=0.3206 entropy=1.8093 mean_return=18.294 mean_len=82.9
[gat-train] update=1481 samples=236960 fps=9.8 loss=0.5222 actor=0.1038 value=0.4365 entropy=1.8103 mean_return=18.296 mean_len=83.1
[gat-train] update=1482 samples=237120 fps=9.7 loss=0.9671 actor=0.3843 value=0.6021 entropy=1.9314 mean_return=18.362 mean_len=83.5
[gat-train] update=1483 samples=237280 fps=9.7 loss=0.0626 actor=-0.1014 value=0.1835 entropy=1.9489 mean_return=18.362 mean_len=83.5
[gat-train] update=1484 samples=237440 fps=9.7 loss=0.6451 actor=0.2401 value=0.4249 entropy=1.9870 mean_return=18.390 mean_len=83.8
[gat-train] update=1485 samples=237600 fps=9.7 loss=0.3132 actor=-0.0343 value=0.3676 entropy=2.0121 mean_return=18.387 mean_len=84.0
[gat-train] update=1486 samples=237760 fps=9.7 loss=-0.0788 actor=-0.2637 value=0.2055 entropy=2.0583 mean_return=18.387 mean_len=84.0
[gat-train] update=1487 samples=237920 fps=9.7 loss=0.0873 actor=-0.1078 value=0.2172 entropy=2.2043 mean_return=18.387 mean_len=84.0
[gat-train] update=1488 samples=238080 fps=9.7 loss=0.6882 actor=0.2604 value=0.4508 entropy=2.2975 mean_return=18.300 mean_len=83.3
[gat-train] update=1489 samples=238240 fps=9.7 loss=0.6099 actor=0.2882 value=0.3421 entropy=2.0376 mean_return=18.252 mean_len=82.7
[gat-train] update=1490 samples=238400 fps=9.7 loss=0.3010 actor=0.1015 value=0.2196 entropy=1.9995 mean_return=18.203 mean_len=82.4
[gat-train] update=1491 samples=238560 fps=9.7 loss=-0.1625 actor=-0.2811 value=0.1400 entropy=2.1432 mean_return=18.205 mean_len=82.4
[gat-train] update=1492 samples=238720 fps=9.7 loss=0.4124 actor=0.1596 value=0.2763 entropy=2.3627 mean_return=18.211 mean_len=82.5
[gat-train] update=1493 samples=238880 fps=9.7 loss=0.5896 actor=0.3917 value=0.2217 entropy=2.3732 mean_return=18.159 mean_len=82.1
[gat-train] update=1494 samples=239040 fps=9.7 loss=0.1377 actor=-0.0202 value=0.1818 entropy=2.3896 mean_return=18.109 mean_len=81.8
[gat-train] update=1495 samples=239200 fps=9.7 loss=0.4151 actor=0.0673 value=0.3712 entropy=2.3412 mean_return=18.108 mean_len=81.7
[gat-train] update=1496 samples=239360 fps=9.7 loss=0.4054 actor=0.2620 value=0.1677 entropy=2.4290 mean_return=18.106 mean_len=81.7
[gat-train] update=1497 samples=239520 fps=9.7 loss=0.2700 actor=-0.0147 value=0.3088 entropy=2.4033 mean_return=18.039 mean_len=81.3
[gat-train] update=1498 samples=239680 fps=9.7 loss=0.4247 actor=0.1170 value=0.3318 entropy=2.4107 mean_return=17.958 mean_len=80.8
[gat-train] update=1499 samples=239840 fps=9.7 loss=-0.2463 actor=-0.4227 value=0.2001 entropy=2.3778 mean_return=17.932 mean_len=80.5
[gat-train] update=1500 samples=240000 fps=9.7 loss=0.2427 actor=0.0848 value=0.1835 entropy=2.5552 mean_return=17.955 mean_len=80.7
[gat-train] eval update=1500 comp_score=85.79 best=86.18
[gat-train] update=1501 samples=240160 fps=9.6 loss=0.1536 actor=-0.0113 value=0.1906 entropy=2.5828 mean_return=17.955 mean_len=80.7
[gat-train] update=1502 samples=240320 fps=9.6 loss=0.0363 actor=-0.2671 value=0.3286 entropy=2.5163 mean_return=17.895 mean_len=80.4
[gat-train] update=1503 samples=240480 fps=9.6 loss=0.3052 actor=-0.0511 value=0.3817 entropy=2.5467 mean_return=17.683 mean_len=78.7
[gat-train] update=1504 samples=240640 fps=9.6 loss=-0.0576 actor=-0.3018 value=0.2687 entropy=2.4401 mean_return=17.537 mean_len=77.8
[gat-train] update=1505 samples=240800 fps=9.6 loss=0.2987 actor=-0.1543 value=0.4787 entropy=2.5588 mean_return=17.330 mean_len=76.8
[gat-train] update=1506 samples=240960 fps=9.6 loss=0.3877 actor=0.1320 value=0.2816 entropy=2.5951 mean_return=17.250 mean_len=76.4
[gat-train] update=1507 samples=241120 fps=9.6 loss=0.0826 actor=-0.0543 value=0.1644 entropy=2.7445 mean_return=17.178 mean_len=76.0
[gat-train] update=1508 samples=241280 fps=9.6 loss=-0.0912 actor=-0.2456 value=0.1818 entropy=2.7396 mean_return=17.178 mean_len=76.0
[gat-train] update=1509 samples=241440 fps=9.6 loss=0.5623 actor=0.3109 value=0.2799 entropy=2.8623 mean_return=17.140 mean_len=75.8
[gat-train] update=1510 samples=241600 fps=9.6 loss=0.0481 actor=-0.1337 value=0.2099 entropy=2.8106 mean_return=17.122 mean_len=75.5
[gat-train] update=1511 samples=241760 fps=9.6 loss=0.0895 actor=-0.1160 value=0.2328 entropy=2.7270 mean_return=17.083 mean_len=75.4
[gat-train] update=1512 samples=241920 fps=9.6 loss=0.3580 actor=0.0159 value=0.3684 entropy=2.6359 mean_return=17.077 mean_len=75.2
[gat-train] update=1513 samples=242080 fps=9.6 loss=0.1263 actor=-0.1854 value=0.3385 entropy=2.6775 mean_return=16.977 mean_len=74.7
[gat-train] update=1514 samples=242240 fps=9.6 loss=0.1591 actor=-0.1601 value=0.3457 entropy=2.6576 mean_return=16.989 mean_len=74.9
[gat-train] update=1515 samples=242400 fps=9.6 loss=0.4977 actor=0.1175 value=0.4072 entropy=2.7029 mean_return=16.958 mean_len=74.8
[gat-train] update=1516 samples=242560 fps=9.6 loss=0.5621 actor=0.1089 value=0.4795 entropy=2.6282 mean_return=17.002 mean_len=75.0
[gat-train] update=1517 samples=242720 fps=9.6 loss=0.0958 actor=-0.2246 value=0.3451 entropy=2.4632 mean_return=16.788 mean_len=73.9
[gat-train] update=1518 samples=242880 fps=9.6 loss=0.1140 actor=-0.0358 value=0.1738 entropy=2.3984 mean_return=16.709 mean_len=73.7
[gat-train] update=1519 samples=243040 fps=9.6 loss=0.3124 actor=0.1089 value=0.2275 entropy=2.3967 mean_return=16.612 mean_len=73.4
[gat-train] update=1520 samples=243200 fps=9.6 loss=0.3570 actor=0.2044 value=0.1762 entropy=2.3544 mean_return=16.502 mean_len=73.4
[gat-train] update=1521 samples=243360 fps=9.6 loss=0.0660 actor=-0.1161 value=0.2057 entropy=2.3632 mean_return=16.470 mean_len=73.2
[gat-train] update=1522 samples=243520 fps=9.6 loss=0.3748 actor=0.1447 value=0.2561 entropy=2.5996 mean_return=16.503 mean_len=73.3
[gat-train] update=1523 samples=243680 fps=9.6 loss=0.0579 actor=-0.0623 value=0.1455 entropy=2.5255 mean_return=16.483 mean_len=73.3
[gat-train] update=1524 samples=243840 fps=9.6 loss=0.2823 actor=0.0971 value=0.2102 entropy=2.5078 mean_return=16.434 mean_len=73.2
[gat-train] update=1525 samples=244000 fps=9.6 loss=0.2300 actor=0.0584 value=0.1953 entropy=2.3752 mean_return=16.434 mean_len=73.3
[gat-train] update=1526 samples=244160 fps=9.6 loss=-0.1103 actor=-0.2501 value=0.1637 entropy=2.3939 mean_return=16.275 mean_len=72.6
[gat-train] update=1527 samples=244320 fps=9.6 loss=-0.0186 actor=-0.1650 value=0.1698 entropy=2.3375 mean_return=16.275 mean_len=72.6
[gat-train] update=1528 samples=244480 fps=9.6 loss=0.1657 actor=-0.0517 value=0.2404 entropy=2.2986 mean_return=16.275 mean_len=72.6
[gat-train] update=1529 samples=244640 fps=9.6 loss=-0.0415 actor=-0.3295 value=0.3108 entropy=2.2797 mean_return=16.310 mean_len=72.8
[gat-train] update=1530 samples=244800 fps=9.6 loss=0.6591 actor=0.2679 value=0.4126 entropy=2.1434 mean_return=16.372 mean_len=72.8
[gat-train] update=1531 samples=244960 fps=9.6 loss=0.2793 actor=-0.0049 value=0.3041 entropy=1.9875 mean_return=16.339 mean_len=72.8
[gat-train] update=1532 samples=245120 fps=9.6 loss=0.3243 actor=0.1036 value=0.2397 entropy=1.9009 mean_return=16.417 mean_len=73.3
[gat-train] update=1533 samples=245280 fps=9.6 loss=0.9019 actor=0.2204 value=0.7000 entropy=1.8534 mean_return=16.383 mean_len=73.6
[gat-train] update=1534 samples=245440 fps=9.6 loss=0.2063 actor=0.0140 value=0.2103 entropy=1.7934 mean_return=16.329 mean_len=73.5
[gat-train] update=1535 samples=245600 fps=9.6 loss=0.5574 actor=0.2238 value=0.3514 entropy=1.7878 mean_return=16.405 mean_len=74.1
[gat-train] update=1536 samples=245760 fps=9.7 loss=0.2248 actor=0.0558 value=0.1867 entropy=1.7716 mean_return=16.402 mean_len=74.1
[gat-train] update=1537 samples=245920 fps=9.7 loss=0.1248 actor=-0.0957 value=0.2398 entropy=1.9335 mean_return=16.392 mean_len=74.2
[gat-train] update=1538 samples=246080 fps=9.7 loss=0.2145 actor=0.0036 value=0.2310 entropy=2.0120 mean_return=16.442 mean_len=74.4
[gat-train] update=1539 samples=246240 fps=9.7 loss=0.0038 actor=-0.1490 value=0.1724 entropy=1.9557 mean_return=16.442 mean_len=74.4
[gat-train] update=1540 samples=246400 fps=9.7 loss=0.3763 actor=0.0885 value=0.3082 entropy=2.0405 mean_return=16.545 mean_len=74.7
[gat-train] update=1541 samples=246560 fps=9.7 loss=0.1964 actor=0.0608 value=0.1548 entropy=1.9128 mean_return=16.545 mean_len=74.7
[gat-train] update=1542 samples=246720 fps=9.7 loss=0.2154 actor=-0.0605 value=0.2955 entropy=1.9648 mean_return=16.616 mean_len=74.9
[gat-train] update=1543 samples=246880 fps=9.7 loss=0.4276 actor=0.0525 value=0.3941 entropy=1.8951 mean_return=16.697 mean_len=75.4
[gat-train] update=1544 samples=247040 fps=9.7 loss=0.0622 actor=-0.0896 value=0.1699 entropy=1.8142 mean_return=16.697 mean_len=75.4
[gat-train] update=1545 samples=247200 fps=9.7 loss=0.2654 actor=-0.0771 value=0.3605 entropy=1.7973 mean_return=16.743 mean_len=75.6
[gat-train] update=1546 samples=247360 fps=9.7 loss=0.4779 actor=0.0675 value=0.4279 entropy=1.7467 mean_return=16.800 mean_len=75.8
[gat-train] update=1547 samples=247520 fps=9.7 loss=0.4194 actor=0.0580 value=0.3781 entropy=1.6665 mean_return=16.845 mean_len=75.9
[gat-train] update=1548 samples=247680 fps=9.7 loss=0.2562 actor=-0.0279 value=0.3003 entropy=1.6139 mean_return=16.888 mean_len=76.0
[gat-train] update=1549 samples=247840 fps=9.7 loss=0.5559 actor=0.2363 value=0.3358 entropy=1.6229 mean_return=16.974 mean_len=76.3
[gat-train] update=1550 samples=248000 fps=9.7 loss=0.4629 actor=0.1190 value=0.3587 entropy=1.4775 mean_return=17.045 mean_len=76.6
[gat-train] eval update=1550 comp_score=83.78 best=86.18
[gat-train] update=1551 samples=248160 fps=9.7 loss=2.1490 actor=0.8248 value=1.3401 entropy=1.5894 mean_return=17.384 mean_len=78.5
[gat-train] update=1552 samples=248320 fps=9.7 loss=0.1580 actor=-0.0551 value=0.2282 entropy=1.5047 mean_return=17.362 mean_len=78.5
[gat-train] update=1553 samples=248480 fps=9.7 loss=0.8634 actor=0.3568 value=0.5229 entropy=1.6331 mean_return=17.437 mean_len=78.7
[gat-train] update=1554 samples=248640 fps=9.7 loss=0.3982 actor=0.0514 value=0.3632 entropy=1.6349 mean_return=17.471 mean_len=78.8
[gat-train] update=1555 samples=248800 fps=9.7 loss=0.2118 actor=0.0186 value=0.2099 entropy=1.6738 mean_return=17.554 mean_len=79.0
[gat-train] update=1556 samples=248960 fps=9.7 loss=0.0172 actor=-0.1225 value=0.1585 entropy=1.8808 mean_return=17.554 mean_len=79.0
[gat-train] update=1557 samples=249120 fps=9.7 loss=0.3050 actor=0.0097 value=0.3152 entropy=1.9941 mean_return=17.594 mean_len=79.2
[gat-train] update=1558 samples=249280 fps=9.7 loss=0.1932 actor=0.0510 value=0.1620 entropy=1.9832 mean_return=17.602 mean_len=79.4
[gat-train] update=1559 samples=249440 fps=9.7 loss=0.5648 actor=0.2053 value=0.3779 entropy=1.8312 mean_return=17.632 mean_len=79.5
[gat-train] update=1560 samples=249600 fps=9.7 loss=0.2531 actor=-0.0345 value=0.3059 entropy=1.8388 mean_return=17.654 mean_len=79.6
[gat-train] update=1561 samples=249760 fps=9.7 loss=0.2067 actor=-0.0307 value=0.2559 entropy=1.8479 mean_return=17.723 mean_len=79.9
[gat-train] update=1562 samples=249920 fps=9.7 loss=0.8547 actor=0.2041 value=0.6683 entropy=1.7663 mean_return=17.728 mean_len=80.1
[gat-train] update=1563 samples=250080 fps=9.7 loss=0.5032 actor=0.1033 value=0.4176 entropy=1.7647 mean_return=17.772 mean_len=80.3
[gat-train] update=1564 samples=250240 fps=9.7 loss=0.4042 actor=-0.1289 value=0.5498 entropy=1.6666 mean_return=17.741 mean_len=79.8
[gat-train] update=1565 samples=250400 fps=9.7 loss=0.1266 actor=-0.0503 value=0.1927 entropy=1.5716 mean_return=17.741 mean_len=79.8
[gat-train] update=1566 samples=250560 fps=9.7 loss=1.2001 actor=0.3976 value=0.8196 entropy=1.7155 mean_return=17.871 mean_len=80.7
[gat-train] update=1567 samples=250720 fps=9.7 loss=0.5980 actor=0.3302 value=0.2839 entropy=1.6112 mean_return=17.838 mean_len=80.7
[gat-train] update=1568 samples=250880 fps=9.7 loss=0.7700 actor=0.3743 value=0.4113 entropy=1.5643 mean_return=17.845 mean_len=80.7
[gat-train] update=1569 samples=251040 fps=9.8 loss=0.2514 actor=0.0914 value=0.1754 entropy=1.5321 mean_return=17.847 mean_len=80.8
[gat-train] update=1570 samples=251200 fps=9.8 loss=0.0682 actor=-0.1101 value=0.1958 entropy=1.7417 mean_return=17.879 mean_len=80.9
[gat-train] update=1571 samples=251360 fps=9.8 loss=0.5373 actor=0.0915 value=0.4635 entropy=1.7738 mean_return=17.930 mean_len=81.3
[gat-train] update=1572 samples=251520 fps=9.8 loss=0.6315 actor=0.3577 value=0.2927 entropy=1.8984 mean_return=17.959 mean_len=81.3
[gat-train] update=1573 samples=251680 fps=9.8 loss=0.0351 actor=-0.2146 value=0.2702 entropy=2.0396 mean_return=17.938 mean_len=81.3
[gat-train] update=1574 samples=251840 fps=9.8 loss=0.2107 actor=0.0533 value=0.1781 entropy=2.0663 mean_return=17.931 mean_len=81.4
[gat-train] update=1575 samples=252000 fps=9.8 loss=0.2198 actor=-0.0164 value=0.2581 entropy=2.1970 mean_return=17.838 mean_len=81.0
[gat-train] update=1576 samples=252160 fps=9.8 loss=0.0279 actor=-0.1557 value=0.2046 entropy=2.1037 mean_return=17.838 mean_len=81.0
[gat-train] update=1577 samples=252320 fps=9.8 loss=-0.1447 actor=-0.2887 value=0.1659 entropy=2.1819 mean_return=17.838 mean_len=81.0
[gat-train] update=1578 samples=252480 fps=9.8 loss=0.1584 actor=-0.0911 value=0.2711 entropy=2.1573 mean_return=17.838 mean_len=81.0
[gat-train] update=1579 samples=252640 fps=9.8 loss=1.2208 actor=0.3247 value=0.9169 entropy=2.0790 mean_return=17.801 mean_len=80.6
[gat-train] update=1580 samples=252800 fps=9.8 loss=0.4296 actor=-0.0676 value=0.5157 entropy=1.8593 mean_return=17.852 mean_len=80.7
[gat-train] update=1581 samples=252960 fps=9.8 loss=0.3432 actor=0.0682 value=0.2942 entropy=1.9248 mean_return=17.819 mean_len=80.7
[gat-train] update=1582 samples=253120 fps=9.8 loss=0.8197 actor=0.2203 value=0.6173 entropy=1.7965 mean_return=17.818 mean_len=80.8
[gat-train] update=1583 samples=253280 fps=9.8 loss=0.5500 actor=0.1319 value=0.4340 entropy=1.5981 mean_return=17.844 mean_len=80.5
[gat-train] update=1584 samples=253440 fps=9.8 loss=1.5315 actor=0.6513 value=0.8976 entropy=1.7394 mean_return=17.885 mean_len=80.5
[gat-train] update=1585 samples=253600 fps=9.8 loss=0.2406 actor=0.0393 value=0.2173 entropy=1.5934 mean_return=17.904 mean_len=80.6
[gat-train] update=1586 samples=253760 fps=9.8 loss=0.4946 actor=0.2245 value=0.2856 entropy=1.5480 mean_return=17.925 mean_len=80.7
[gat-train] update=1587 samples=253920 fps=9.8 loss=0.2178 actor=-0.0183 value=0.2527 entropy=1.6626 mean_return=17.989 mean_len=81.0
[gat-train] update=1588 samples=254080 fps=9.8 loss=0.3924 actor=0.1538 value=0.2554 entropy=1.6840 mean_return=18.007 mean_len=81.2
[gat-train] update=1589 samples=254240 fps=9.8 loss=1.1929 actor=0.3785 value=0.8317 entropy=1.7327 mean_return=18.006 mean_len=81.4
[gat-train] update=1590 samples=254400 fps=9.8 loss=-0.0672 actor=-0.2487 value=0.1988 entropy=1.7365 mean_return=18.025 mean_len=81.6
[gat-train] update=1591 samples=254560 fps=9.8 loss=0.5740 actor=0.1662 value=0.4262 entropy=1.8405 mean_return=17.957 mean_len=81.3
[gat-train] update=1592 samples=254720 fps=9.8 loss=0.5511 actor=0.0176 value=0.5519 entropy=1.8421 mean_return=17.936 mean_len=81.0
[gat-train] update=1593 samples=254880 fps=9.8 loss=-0.0353 actor=-0.2258 value=0.2091 entropy=1.8554 mean_return=17.936 mean_len=81.0
[gat-train] update=1594 samples=255040 fps=9.8 loss=0.5837 actor=0.1054 value=0.4976 entropy=1.9282 mean_return=17.942 mean_len=80.8
[gat-train] update=1595 samples=255200 fps=9.8 loss=-0.0378 actor=-0.2862 value=0.2683 entropy=1.9856 mean_return=17.939 mean_len=80.6
[gat-train] update=1596 samples=255360 fps=9.8 loss=0.5834 actor=0.2037 value=0.3987 entropy=1.9044 mean_return=17.964 mean_len=80.8
[gat-train] update=1597 samples=255520 fps=9.8 loss=1.1672 actor=0.4572 value=0.7293 entropy=1.9280 mean_return=17.978 mean_len=80.8
[gat-train] update=1598 samples=255680 fps=9.8 loss=1.5733 actor=0.5060 value=1.0856 entropy=1.8413 mean_return=18.029 mean_len=80.7
[gat-train] update=1599 samples=255840 fps=9.8 loss=0.2406 actor=0.0310 value=0.2260 entropy=1.6354 mean_return=18.060 mean_len=80.9
[gat-train] update=1600 samples=256000 fps=9.8 loss=0.5990 actor=0.2270 value=0.3891 entropy=1.7084 mean_return=18.093 mean_len=81.2
[gat-train] eval update=1600 comp_score=85.12 best=86.18
[gat-train] update=1601 samples=256160 fps=9.8 loss=0.6796 actor=0.2951 value=0.4014 entropy=1.6811 mean_return=18.080 mean_len=81.1
[gat-train] update=1602 samples=256320 fps=9.8 loss=0.6300 actor=0.2075 value=0.4395 entropy=1.6988 mean_return=18.112 mean_len=81.3
[gat-train] update=1603 samples=256480 fps=9.8 loss=0.4514 actor=0.0714 value=0.3976 entropy=1.7652 mean_return=18.143 mean_len=81.5
[gat-train] update=1604 samples=256640 fps=9.8 loss=0.1159 actor=-0.0197 value=0.1541 entropy=1.8552 mean_return=18.096 mean_len=81.3
[gat-train] update=1605 samples=256800 fps=9.9 loss=0.4913 actor=0.2157 value=0.2940 entropy=1.8462 mean_return=18.137 mean_len=81.3
[gat-train] update=1606 samples=256960 fps=9.9 loss=0.1892 actor=0.0445 value=0.1636 entropy=1.8890 mean_return=18.056 mean_len=81.0
[gat-train] update=1607 samples=257120 fps=9.9 loss=0.1661 actor=-0.0437 value=0.2289 entropy=1.9050 mean_return=17.999 mean_len=80.9
[gat-train] update=1608 samples=257280 fps=9.9 loss=0.2342 actor=0.0062 value=0.2476 entropy=1.9538 mean_return=17.999 mean_len=80.9
[gat-train] update=1609 samples=257440 fps=9.9 loss=0.5089 actor=0.1743 value=0.3544 entropy=1.9854 mean_return=17.960 mean_len=80.5
[gat-train] update=1610 samples=257600 fps=9.9 loss=0.0306 actor=-0.2660 value=0.3166 entropy=2.0061 mean_return=17.916 mean_len=80.3
[gat-train] update=1611 samples=257760 fps=9.9 loss=0.3575 actor=-0.0227 value=0.4003 entropy=2.0195 mean_return=17.873 mean_len=79.9
[gat-train] update=1612 samples=257920 fps=9.9 loss=-0.0958 actor=-0.3130 value=0.2373 entropy=2.0128 mean_return=17.873 mean_len=79.9
[gat-train] update=1613 samples=258080 fps=9.9 loss=0.2113 actor=-0.0818 value=0.3142 entropy=2.1059 mean_return=17.831 mean_len=79.7
[gat-train] update=1614 samples=258240 fps=9.9 loss=0.5386 actor=0.1594 value=0.3997 entropy=2.0537 mean_return=17.809 mean_len=79.7
[gat-train] update=1615 samples=258400 fps=9.9 loss=0.6894 actor=0.3124 value=0.3970 entropy=1.9994 mean_return=17.856 mean_len=79.9
[gat-train] update=1616 samples=258560 fps=9.9 loss=0.5430 actor=0.2016 value=0.3618 entropy=2.0380 mean_return=17.883 mean_len=79.8
[gat-train] update=1617 samples=258720 fps=9.9 loss=0.6193 actor=0.1976 value=0.4416 entropy=1.9938 mean_return=17.888 mean_len=79.9
[gat-train] update=1618 samples=258880 fps=9.9 loss=0.4692 actor=0.1245 value=0.3649 entropy=2.0173 mean_return=17.941 mean_len=80.4
[gat-train] update=1619 samples=259040 fps=9.9 loss=0.3879 actor=0.1018 value=0.3080 entropy=2.1822 mean_return=17.899 mean_len=80.0
[gat-train] update=1620 samples=259200 fps=9.9 loss=0.5396 actor=0.3444 value=0.2178 entropy=2.2621 mean_return=17.848 mean_len=79.9
[gat-train] update=1621 samples=259360 fps=9.9 loss=0.1167 actor=-0.0349 value=0.1747 entropy=2.3085 mean_return=17.773 mean_len=79.5
[gat-train] update=1622 samples=259520 fps=9.9 loss=0.0460 actor=-0.1438 value=0.2140 entropy=2.4121 mean_return=17.729 mean_len=79.4
[gat-train] update=1623 samples=259680 fps=9.9 loss=0.1427 actor=-0.1976 value=0.3648 entropy=2.4451 mean_return=17.735 mean_len=79.5
[gat-train] update=1624 samples=259840 fps=9.9 loss=0.1164 actor=-0.0786 value=0.2190 entropy=2.3960 mean_return=17.735 mean_len=79.5
[gat-train] update=1625 samples=260000 fps=9.9 loss=0.7108 actor=0.2361 value=0.4996 entropy=2.4962 mean_return=17.707 mean_len=79.4
[gat-train] update=1626 samples=260160 fps=9.9 loss=0.1872 actor=0.0018 value=0.2094 entropy=2.4013 mean_return=17.659 mean_len=79.0
[gat-train] update=1627 samples=260320 fps=9.9 loss=0.1826 actor=-0.1143 value=0.3208 entropy=2.3826 mean_return=17.568 mean_len=78.6
[gat-train] update=1628 samples=260480 fps=9.9 loss=0.4662 actor=0.0320 value=0.4586 entropy=2.4428 mean_return=17.531 mean_len=78.4
[gat-train] update=1629 samples=260640 fps=9.9 loss=0.2879 actor=-0.0044 value=0.3161 entropy=2.3828 mean_return=17.492 mean_len=78.1
[gat-train] update=1630 samples=260800 fps=9.9 loss=-0.1949 actor=-0.4026 value=0.2312 entropy=2.3471 mean_return=17.465 mean_len=78.2
[gat-train] update=1631 samples=260960 fps=9.9 loss=0.4629 actor=0.1155 value=0.3706 entropy=2.3142 mean_return=17.460 mean_len=78.1
[gat-train] update=1632 samples=261120 fps=9.9 loss=0.5198 actor=0.2618 value=0.2806 entropy=2.2652 mean_return=17.403 mean_len=77.7
[gat-train] update=1633 samples=261280 fps=9.9 loss=0.3610 actor=0.0487 value=0.3334 entropy=2.1105 mean_return=17.342 mean_len=77.8
[gat-train] update=1634 samples=261440 fps=9.9 loss=0.4158 actor=0.2036 value=0.2345 entropy=2.2297 mean_return=17.377 mean_len=78.0
[gat-train] update=1635 samples=261600 fps=9.9 loss=0.1392 actor=0.0087 value=0.1537 entropy=2.3135 mean_return=17.377 mean_len=78.0
[gat-train] update=1636 samples=261760 fps=9.9 loss=0.4528 actor=0.2107 value=0.2661 entropy=2.4041 mean_return=17.272 mean_len=77.5
[gat-train] update=1637 samples=261920 fps=10.0 loss=0.5291 actor=0.2671 value=0.2870 entropy=2.4955 mean_return=17.212 mean_len=77.1
[gat-train] update=1638 samples=262080 fps=10.0 loss=0.1244 actor=-0.0336 value=0.1837 entropy=2.5751 mean_return=17.212 mean_len=77.1
[gat-train] update=1639 samples=262240 fps=10.0 loss=-0.1837 actor=-0.4972 value=0.3391 entropy=2.5502 mean_return=17.212 mean_len=77.1
[gat-train] update=1640 samples=262400 fps=10.0 loss=0.6486 actor=0.2040 value=0.4704 entropy=2.5884 mean_return=17.181 mean_len=76.8
[gat-train] update=1641 samples=262560 fps=10.0 loss=0.5375 actor=0.2258 value=0.3358 entropy=2.4130 mean_return=17.136 mean_len=76.7
[gat-train] update=1642 samples=262720 fps=10.0 loss=0.0810 actor=-0.1639 value=0.2682 entropy=2.3269 mean_return=17.026 mean_len=76.1
[gat-train] update=1643 samples=262880 fps=10.0 loss=0.3766 actor=0.1580 value=0.2413 entropy=2.2655 mean_return=16.974 mean_len=75.8
[gat-train] update=1644 samples=263040 fps=10.0 loss=-0.0922 actor=-0.2868 value=0.2171 entropy=2.2445 mean_return=16.945 mean_len=75.6
[gat-train] update=1645 samples=263200 fps=10.0 loss=0.4632 actor=0.0895 value=0.3964 entropy=2.2750 mean_return=17.001 mean_len=75.8
[gat-train] update=1646 samples=263360 fps=10.0 loss=0.2975 actor=0.0557 value=0.2632 entropy=2.1381 mean_return=16.795 mean_len=74.5
[gat-train] update=1647 samples=263520 fps=10.0 loss=0.3737 actor=0.1296 value=0.2650 entropy=2.0946 mean_return=16.805 mean_len=74.5
[gat-train] update=1648 samples=263680 fps=10.0 loss=0.4673 actor=0.1841 value=0.3061 entropy=2.3006 mean_return=16.821 mean_len=74.6
[gat-train] update=1649 samples=263840 fps=10.0 loss=0.0270 actor=-0.1608 value=0.2117 entropy=2.3946 mean_return=16.821 mean_len=74.6
[gat-train] update=1650 samples=264000 fps=10.0 loss=0.2155 actor=-0.0616 value=0.3019 entropy=2.4793 mean_return=16.780 mean_len=74.6
[gat-train] eval update=1650 comp_score=84.92 best=86.18
[gat-train] update=1651 samples=264160 fps=10.0 loss=0.2055 actor=0.0473 value=0.1832 entropy=2.5042 mean_return=16.767 mean_len=74.5
[gat-train] update=1652 samples=264320 fps=10.0 loss=0.6071 actor=0.2461 value=0.3860 entropy=2.5076 mean_return=16.778 mean_len=74.5
[gat-train] update=1653 samples=264480 fps=10.0 loss=-0.0135 actor=-0.2726 value=0.2855 entropy=2.6395 mean_return=16.776 mean_len=74.4
[gat-train] update=1654 samples=264640 fps=10.0 loss=0.1400 actor=-0.1497 value=0.3157 entropy=2.6130 mean_return=16.776 mean_len=74.4
[gat-train] update=1655 samples=264800 fps=10.0 loss=0.3927 actor=-0.4619 value=0.8812 entropy=2.6531 mean_return=16.688 mean_len=73.6
[gat-train] update=1656 samples=264960 fps=10.0 loss=0.2104 actor=-0.0087 value=0.2445 entropy=2.5386 mean_return=16.652 mean_len=73.4
[gat-train] update=1657 samples=265120 fps=10.0 loss=0.2605 actor=0.0243 value=0.2629 entropy=2.6749 mean_return=16.660 mean_len=73.4
[gat-train] update=1658 samples=265280 fps=10.0 loss=0.1813 actor=-0.0115 value=0.2200 entropy=2.7090 mean_return=16.607 mean_len=73.2
[gat-train] update=1659 samples=265440 fps=10.0 loss=0.1016 actor=-0.2146 value=0.3439 entropy=2.7620 mean_return=16.520 mean_len=72.3
[gat-train] update=1660 samples=265600 fps=10.0 loss=0.1588 actor=-0.0709 value=0.2577 entropy=2.8007 mean_return=16.493 mean_len=72.1
[gat-train] update=1661 samples=265760 fps=10.0 loss=0.4914 actor=0.0731 value=0.4464 entropy=2.8012 mean_return=16.505 mean_len=72.2
[gat-train] update=1662 samples=265920 fps=10.0 loss=0.7072 actor=0.3775 value=0.3583 entropy=2.8586 mean_return=16.510 mean_len=72.2
[gat-train] update=1663 samples=266080 fps=10.0 loss=0.3416 actor=-0.0275 value=0.3976 entropy=2.8489 mean_return=16.491 mean_len=72.3
[gat-train] update=1664 samples=266240 fps=10.0 loss=0.2533 actor=-0.1277 value=0.4093 entropy=2.8371 mean_return=16.505 mean_len=72.3
[gat-train] update=1665 samples=266400 fps=10.0 loss=-0.1861 actor=-0.3706 value=0.2138 entropy=2.9345 mean_return=16.484 mean_len=72.2
[gat-train] update=1666 samples=266560 fps=10.0 loss=0.6614 actor=0.2520 value=0.4388 entropy=2.9426 mean_return=16.414 mean_len=72.1
[gat-train] update=1667 samples=266720 fps=10.0 loss=0.2212 actor=0.0166 value=0.2338 entropy=2.9213 mean_return=16.397 mean_len=72.1
[gat-train] update=1668 samples=266880 fps=10.0 loss=0.0184 actor=-0.2382 value=0.2851 entropy=2.8520 mean_return=16.398 mean_len=72.1
[gat-train] update=1669 samples=267040 fps=10.0 loss=-0.2291 actor=-0.4989 value=0.2984 entropy=2.8654 mean_return=16.403 mean_len=72.2
[gat-train] update=1670 samples=267200 fps=10.0 loss=0.1687 actor=0.0423 value=0.1548 entropy=2.8456 mean_return=16.403 mean_len=72.2
[gat-train] update=1671 samples=267360 fps=10.1 loss=0.6921 actor=0.2254 value=0.4940 entropy=2.7301 mean_return=16.267 mean_len=71.6
[gat-train] update=1672 samples=267520 fps=10.1 loss=0.2010 actor=-0.0619 value=0.2894 entropy=2.6502 mean_return=16.183 mean_len=70.9
[gat-train] update=1673 samples=267680 fps=10.1 loss=0.3608 actor=0.1785 value=0.2101 entropy=2.7762 mean_return=16.198 mean_len=70.9
[gat-train] update=1674 samples=267840 fps=10.1 loss=0.5392 actor=0.0876 value=0.4793 entropy=2.7623 mean_return=16.198 mean_len=70.9
[gat-train] update=1675 samples=268000 fps=10.1 loss=0.4299 actor=0.1663 value=0.2904 entropy=2.6732 mean_return=16.136 mean_len=71.0
[gat-train] update=1676 samples=268160 fps=10.1 loss=0.0727 actor=-0.1098 value=0.2089 entropy=2.6303 mean_return=16.104 mean_len=71.3
[gat-train] update=1677 samples=268320 fps=10.1 loss=0.1813 actor=-0.0272 value=0.2342 entropy=2.5714 mean_return=16.088 mean_len=71.3
[gat-train] update=1678 samples=268480 fps=10.1 loss=-0.1037 actor=-0.4861 value=0.4089 entropy=2.6509 mean_return=16.015 mean_len=71.0
[gat-train] update=1679 samples=268640 fps=10.1 loss=0.2127 actor=-0.0649 value=0.3045 entropy=2.6887 mean_return=16.016 mean_len=70.7
[gat-train] update=1680 samples=268800 fps=10.1 loss=0.2384 actor=-0.0692 value=0.3328 entropy=2.5171 mean_return=16.025 mean_len=70.7
[gat-train] update=1681 samples=268960 fps=10.1 loss=0.7490 actor=0.3219 value=0.4524 entropy=2.5259 mean_return=16.043 mean_len=71.3
[gat-train] update=1682 samples=269120 fps=10.1 loss=-0.1574 actor=-0.3820 value=0.2482 entropy=2.3574 mean_return=16.009 mean_len=71.2
[gat-train] update=1683 samples=269280 fps=10.1 loss=0.2747 actor=-0.0014 value=0.2998 entropy=2.3709 mean_return=15.917 mean_len=70.7
[gat-train] update=1684 samples=269440 fps=10.1 loss=0.2830 actor=0.0573 value=0.2493 entropy=2.3539 mean_return=15.870 mean_len=70.6
[gat-train] update=1685 samples=269600 fps=10.1 loss=0.2905 actor=-0.0386 value=0.3516 entropy=2.2500 mean_return=15.837 mean_len=70.3
[gat-train] update=1686 samples=269760 fps=10.1 loss=0.2689 actor=0.0170 value=0.2741 entropy=2.2171 mean_return=15.796 mean_len=69.9
[gat-train] update=1687 samples=269920 fps=10.1 loss=0.4161 actor=0.0311 value=0.4057 entropy=2.0641 mean_return=15.818 mean_len=70.2
[gat-train] update=1688 samples=270080 fps=10.1 loss=0.1647 actor=-0.2114 value=0.3969 entropy=2.0798 mean_return=15.787 mean_len=70.2
[gat-train] update=1689 samples=270240 fps=10.1 loss=0.5508 actor=0.1898 value=0.3815 entropy=2.0566 mean_return=15.778 mean_len=70.2
[gat-train] update=1690 samples=270400 fps=10.1 loss=0.2822 actor=0.0170 value=0.2855 entropy=2.0261 mean_return=15.773 mean_len=70.3
[gat-train] update=1691 samples=270560 fps=10.1 loss=0.6494 actor=0.2359 value=0.4345 entropy=2.1024 mean_return=15.849 mean_len=70.8
[gat-train] update=1692 samples=270720 fps=10.1 loss=0.4145 actor=0.1898 value=0.2461 entropy=2.1346 mean_return=15.849 mean_len=70.8
[gat-train] update=1693 samples=270880 fps=10.1 loss=0.2622 actor=-0.0506 value=0.3353 entropy=2.2476 mean_return=15.906 mean_len=71.1
[gat-train] update=1694 samples=271040 fps=10.1 loss=0.3084 actor=0.0915 value=0.2387 entropy=2.1914 mean_return=15.944 mean_len=71.0
[gat-train] update=1695 samples=271200 fps=10.1 loss=0.0243 actor=-0.1571 value=0.2030 entropy=2.1683 mean_return=15.976 mean_len=71.3
[gat-train] update=1696 samples=271360 fps=10.1 loss=0.6497 actor=0.1921 value=0.4810 entropy=2.3386 mean_return=15.978 mean_len=71.3
[gat-train] update=1697 samples=271520 fps=10.1 loss=0.6821 actor=0.2026 value=0.5019 entropy=2.2332 mean_return=16.003 mean_len=71.5
[gat-train] update=1698 samples=271680 fps=10.1 loss=0.2715 actor=-0.1100 value=0.4023 entropy=2.0779 mean_return=16.089 mean_len=71.6
[gat-train] update=1699 samples=271840 fps=10.1 loss=0.3886 actor=0.1032 value=0.3074 entropy=2.2002 mean_return=16.149 mean_len=72.0
[gat-train] update=1700 samples=272000 fps=10.1 loss=0.3284 actor=-0.0835 value=0.4329 entropy=2.1027 mean_return=16.245 mean_len=72.5
[gat-train] eval update=1700 comp_score=85.08 best=86.18
[gat-train] update=1701 samples=272160 fps=10.1 loss=0.2133 actor=-0.1442 value=0.3768 entropy=1.9330 mean_return=16.311 mean_len=72.5
[gat-train] update=1702 samples=272320 fps=10.1 loss=0.2685 actor=0.0749 value=0.2122 entropy=1.8549 mean_return=16.410 mean_len=72.9
[gat-train] update=1703 samples=272480 fps=10.1 loss=0.6804 actor=0.2988 value=0.3986 entropy=1.7101 mean_return=16.468 mean_len=73.2
[gat-train] update=1704 samples=272640 fps=10.1 loss=1.5235 actor=0.5804 value=0.9604 entropy=1.7322 mean_return=16.658 mean_len=74.2
[gat-train] update=1705 samples=272800 fps=10.1 loss=0.5583 actor=0.2563 value=0.3180 entropy=1.6096 mean_return=16.691 mean_len=74.2
[gat-train] update=1706 samples=272960 fps=10.2 loss=0.6137 actor=0.1140 value=0.5173 entropy=1.7687 mean_return=16.821 mean_len=75.0
[gat-train] update=1707 samples=273120 fps=10.2 loss=0.3219 actor=-0.0342 value=0.3737 entropy=1.7613 mean_return=16.854 mean_len=75.1
[gat-train] update=1708 samples=273280 fps=10.2 loss=0.0700 actor=-0.0977 value=0.1854 entropy=1.7682 mean_return=16.854 mean_len=75.1
[gat-train] update=1709 samples=273440 fps=10.2 loss=1.0765 actor=0.4061 value=0.6884 entropy=1.7985 mean_return=16.966 mean_len=75.4
[gat-train] update=1710 samples=273600 fps=10.2 loss=0.8567 actor=0.1580 value=0.7172 entropy=1.8565 mean_return=17.132 mean_len=76.2
[gat-train] update=1711 samples=273760 fps=10.2 loss=1.1646 actor=0.5623 value=0.6205 entropy=1.8186 mean_return=17.244 mean_len=76.6
[gat-train] update=1712 samples=273920 fps=10.2 loss=0.2260 actor=-0.0422 value=0.2864 entropy=1.8191 mean_return=17.271 mean_len=76.6
[gat-train] update=1713 samples=274080 fps=10.2 loss=-0.1312 actor=-0.2623 value=0.1498 entropy=1.8742 mean_return=17.271 mean_len=76.6
[gat-train] update=1714 samples=274240 fps=10.2 loss=0.3822 actor=0.0488 value=0.3513 entropy=1.7907 mean_return=17.328 mean_len=76.9
[gat-train] update=1715 samples=274400 fps=10.2 loss=0.9508 actor=0.2545 value=0.7152 entropy=1.8945 mean_return=17.411 mean_len=77.4
[gat-train] update=1716 samples=274560 fps=10.2 loss=0.6063 actor=0.0925 value=0.5327 entropy=1.8867 mean_return=17.490 mean_len=77.7
[gat-train] update=1717 samples=274720 fps=10.2 loss=0.9361 actor=0.3022 value=0.6532 entropy=1.9358 mean_return=17.556 mean_len=78.1
[gat-train] update=1718 samples=274880 fps=10.2 loss=0.0970 actor=-0.1049 value=0.2211 entropy=1.9241 mean_return=17.534 mean_len=78.0
[gat-train] update=1719 samples=275040 fps=10.2 loss=1.5475 actor=0.6112 value=0.9567 entropy=2.0387 mean_return=17.664 mean_len=79.0
[gat-train] update=1720 samples=275200 fps=10.2 loss=1.1770 actor=0.2999 value=0.8957 entropy=1.8691 mean_return=17.760 mean_len=79.5
[gat-train] update=1721 samples=275360 fps=10.2 loss=0.3560 actor=0.0253 value=0.3498 entropy=1.9187 mean_return=17.831 mean_len=79.9
[gat-train] update=1722 samples=275520 fps=10.2 loss=0.1710 actor=-0.0469 value=0.2387 entropy=2.0787 mean_return=17.827 mean_len=79.8
[gat-train] update=1723 samples=275680 fps=10.2 loss=0.5513 actor=0.1807 value=0.3920 entropy=2.1402 mean_return=17.831 mean_len=79.9
[gat-train] update=1724 samples=275840 fps=10.2 loss=0.8046 actor=0.2917 value=0.5349 entropy=2.2046 mean_return=17.891 mean_len=80.1
[gat-train] update=1725 samples=276000 fps=10.2 loss=0.1125 actor=-0.1891 value=0.3239 entropy=2.2257 mean_return=17.862 mean_len=79.9
[gat-train] update=1726 samples=276160 fps=10.2 loss=0.6980 actor=0.0213 value=0.6994 entropy=2.2737 mean_return=17.917 mean_len=80.2
[gat-train] update=1727 samples=276320 fps=10.2 loss=0.3969 actor=0.0384 value=0.3800 entropy=2.1368 mean_return=17.951 mean_len=80.3
[gat-train] update=1728 samples=276480 fps=10.2 loss=0.9790 actor=0.2343 value=0.7662 entropy=2.1424 mean_return=18.008 mean_len=80.8
[gat-train] update=1729 samples=276640 fps=10.2 loss=0.9837 actor=0.1661 value=0.8386 entropy=2.0945 mean_return=18.083 mean_len=81.2
[gat-train] update=1730 samples=276800 fps=10.2 loss=0.3940 actor=0.0309 value=0.3832 entropy=2.0039 mean_return=18.108 mean_len=81.3
[gat-train] update=1731 samples=276960 fps=10.2 loss=0.0609 actor=-0.1884 value=0.2689 entropy=1.9648 mean_return=18.108 mean_len=81.3
[gat-train] update=1732 samples=277120 fps=10.2 loss=1.3817 actor=0.6261 value=0.7749 entropy=1.9302 mean_return=18.113 mean_len=81.2
[gat-train] update=1733 samples=277280 fps=10.2 loss=0.8143 actor=0.2131 value=0.6194 entropy=1.8151 mean_return=18.093 mean_len=81.3
[gat-train] update=1734 samples=277440 fps=10.2 loss=0.3870 actor=0.1016 value=0.3030 entropy=1.7575 mean_return=18.025 mean_len=81.1
[gat-train] update=1735 samples=277600 fps=10.2 loss=0.2326 actor=0.0130 value=0.2372 entropy=1.7571 mean_return=18.018 mean_len=81.0
[gat-train] update=1736 samples=277760 fps=10.2 loss=1.4139 actor=0.5463 value=0.8862 entropy=1.8634 mean_return=18.000 mean_len=81.1
[gat-train] update=1737 samples=277920 fps=10.2 loss=0.4357 actor=0.1296 value=0.3247 entropy=1.8680 mean_return=17.991 mean_len=81.2
[gat-train] update=1738 samples=278080 fps=10.2 loss=0.4559 actor=0.1123 value=0.3612 entropy=1.7533 mean_return=17.958 mean_len=80.8
[gat-train] update=1739 samples=278240 fps=10.2 loss=0.1884 actor=0.0404 value=0.1657 entropy=1.7693 mean_return=17.958 mean_len=80.8
[gat-train] update=1740 samples=278400 fps=10.2 loss=0.3516 actor=0.0163 value=0.3537 entropy=1.8402 mean_return=17.945 mean_len=80.8
[gat-train] update=1741 samples=278560 fps=10.3 loss=0.0336 actor=-0.0858 value=0.1368 entropy=1.7328 mean_return=17.942 mean_len=80.7
[gat-train] update=1742 samples=278720 fps=10.3 loss=0.1286 actor=-0.1388 value=0.2854 entropy=1.7918 mean_return=17.954 mean_len=80.5
[gat-train] update=1743 samples=278880 fps=10.3 loss=0.2495 actor=-0.0016 value=0.2692 entropy=1.8091 mean_return=17.954 mean_len=80.4
[gat-train] update=1744 samples=279040 fps=10.3 loss=0.3461 actor=0.0502 value=0.3124 entropy=1.6446 mean_return=18.007 mean_len=80.7
[gat-train] update=1745 samples=279200 fps=10.3 loss=0.8324 actor=0.3399 value=0.5090 entropy=1.6429 mean_return=18.013 mean_len=80.7
[gat-train] update=1746 samples=279360 fps=10.3 loss=0.3129 actor=-0.0686 value=0.3977 entropy=1.6210 mean_return=18.015 mean_len=81.0
[gat-train] update=1747 samples=279520 fps=10.3 loss=0.5676 actor=0.1209 value=0.4639 entropy=1.7161 mean_return=17.973 mean_len=80.7
[gat-train] update=1748 samples=279680 fps=10.3 loss=1.4738 actor=0.4869 value=1.0039 entropy=1.6922 mean_return=17.994 mean_len=80.8
[gat-train] update=1749 samples=279840 fps=10.3 loss=0.3019 actor=-0.0200 value=0.3378 entropy=1.5888 mean_return=17.954 mean_len=80.5
[gat-train] update=1750 samples=280000 fps=10.3 loss=0.6609 actor=0.2435 value=0.4330 entropy=1.5564 mean_return=18.011 mean_len=80.9
[gat-train] eval update=1750 comp_score=83.72 best=86.18
[gat-train] update=1751 samples=280160 fps=10.3 loss=0.5742 actor=0.1944 value=0.3965 entropy=1.6701 mean_return=18.001 mean_len=80.9
[gat-train] update=1752 samples=280320 fps=10.3 loss=0.6041 actor=0.3008 value=0.3203 entropy=1.6974 mean_return=17.996 mean_len=81.0
[gat-train] update=1753 samples=280480 fps=10.3 loss=0.8729 actor=0.2749 value=0.6146 entropy=1.6579 mean_return=17.970 mean_len=81.0
[gat-train] update=1754 samples=280640 fps=10.3 loss=0.4268 actor=-0.0157 value=0.4585 entropy=1.6059 mean_return=17.922 mean_len=80.9
[gat-train] update=1755 samples=280800 fps=10.3 loss=0.4079 actor=0.1479 value=0.2768 entropy=1.6774 mean_return=17.926 mean_len=81.0
[gat-train] update=1756 samples=280960 fps=10.3 loss=0.3255 actor=0.1286 value=0.2143 entropy=1.7426 mean_return=17.915 mean_len=81.2
[gat-train] update=1757 samples=281120 fps=10.3 loss=0.8735 actor=0.2538 value=0.6371 entropy=1.7433 mean_return=17.940 mean_len=81.3
[gat-train] update=1758 samples=281280 fps=10.3 loss=0.2178 actor=0.0592 value=0.1759 entropy=1.7350 mean_return=17.940 mean_len=81.3
[gat-train] update=1759 samples=281440 fps=10.3 loss=0.3094 actor=0.0532 value=0.2737 entropy=1.7499 mean_return=17.951 mean_len=81.2
[gat-train] update=1760 samples=281600 fps=10.3 loss=0.6734 actor=0.1950 value=0.4965 entropy=1.8024 mean_return=17.966 mean_len=81.5
[gat-train] update=1761 samples=281760 fps=10.3 loss=0.5496 actor=0.0390 value=0.5286 entropy=1.8081 mean_return=18.038 mean_len=82.0
[gat-train] update=1762 samples=281920 fps=10.3 loss=0.7404 actor=0.2062 value=0.5522 entropy=1.7981 mean_return=18.057 mean_len=82.2
[gat-train] update=1763 samples=282080 fps=10.3 loss=0.4293 actor=-0.0596 value=0.5073 entropy=1.8416 mean_return=18.122 mean_len=82.5
[gat-train] update=1764 samples=282240 fps=10.3 loss=0.3675 actor=0.0898 value=0.2942 entropy=1.6460 mean_return=18.128 mean_len=82.3
[gat-train] update=1765 samples=282400 fps=10.3 loss=1.9313 actor=0.7797 value=1.1687 entropy=1.7085 mean_return=18.212 mean_len=82.9
[gat-train] update=1766 samples=282560 fps=10.3 loss=0.3409 actor=0.1633 value=0.1947 entropy=1.7159 mean_return=18.211 mean_len=83.1
[gat-train] update=1767 samples=282720 fps=10.3 loss=0.1801 actor=0.0670 value=0.1297 entropy=1.6670 mean_return=18.211 mean_len=83.1
[gat-train] update=1768 samples=282880 fps=10.3 loss=0.5175 actor=0.1581 value=0.3776 entropy=1.8221 mean_return=18.199 mean_len=83.0
[gat-train] update=1769 samples=283040 fps=10.3 loss=0.3533 actor=0.0669 value=0.3041 entropy=1.7770 mean_return=18.204 mean_len=82.8
[gat-train] update=1770 samples=283200 fps=10.3 loss=0.7963 actor=0.3596 value=0.4541 entropy=1.7448 mean_return=18.219 mean_len=82.8
[gat-train] update=1771 samples=283360 fps=10.3 loss=0.3002 actor=-0.0131 value=0.3315 entropy=1.8252 mean_return=18.191 mean_len=82.5
[gat-train] update=1772 samples=283520 fps=10.3 loss=0.1720 actor=-0.0933 value=0.2835 entropy=1.8266 mean_return=18.240 mean_len=82.7
[gat-train] update=1773 samples=283680 fps=10.3 loss=0.7876 actor=0.3740 value=0.4328 entropy=1.9158 mean_return=18.230 mean_len=82.9
[gat-train] update=1774 samples=283840 fps=10.3 loss=0.2472 actor=0.0517 value=0.2141 entropy=1.8592 mean_return=18.187 mean_len=82.6
[gat-train] update=1775 samples=284000 fps=10.3 loss=-0.2156 actor=-0.3746 value=0.1773 entropy=1.8351 mean_return=18.159 mean_len=82.4
[gat-train] update=1776 samples=284160 fps=10.3 loss=0.2532 actor=0.0978 value=0.1742 entropy=1.8800 mean_return=18.159 mean_len=82.4
[gat-train] update=1777 samples=284320 fps=10.3 loss=0.3968 actor=0.0589 value=0.3566 entropy=1.8601 mean_return=18.150 mean_len=82.1
[gat-train] update=1778 samples=284480 fps=10.3 loss=0.2304 actor=-0.0271 value=0.2765 entropy=1.8982 mean_return=18.128 mean_len=82.0
[gat-train] update=1779 samples=284640 fps=10.3 loss=0.2460 actor=-0.0492 value=0.3142 entropy=1.8949 mean_return=18.106 mean_len=81.7
[gat-train] update=1780 samples=284800 fps=10.3 loss=0.4503 actor=0.1428 value=0.3262 entropy=1.8624 mean_return=18.142 mean_len=81.9
[gat-train] update=1781 samples=284960 fps=10.4 loss=0.8539 actor=0.3069 value=0.5662 entropy=1.9225 mean_return=18.074 mean_len=81.3
[gat-train] update=1782 samples=285120 fps=10.4 loss=0.7855 actor=0.1732 value=0.6314 entropy=1.9133 mean_return=18.030 mean_len=80.8
[gat-train] update=1783 samples=285280 fps=10.4 loss=0.6796 actor=0.3187 value=0.3794 entropy=1.8445 mean_return=18.024 mean_len=80.5
[gat-train] update=1784 samples=285440 fps=10.4 loss=0.1545 actor=-0.0706 value=0.2453 entropy=2.0249 mean_return=18.013 mean_len=80.5
[gat-train] update=1785 samples=285600 fps=10.4 loss=-0.0734 actor=-0.2576 value=0.2064 entropy=2.2250 mean_return=18.013 mean_len=80.5
[gat-train] update=1786 samples=285760 fps=10.4 loss=0.3520 actor=-0.0156 value=0.3897 entropy=2.2153 mean_return=18.011 mean_len=80.5
[gat-train] update=1787 samples=285920 fps=10.4 loss=1.6352 actor=0.6646 value=0.9935 entropy=2.2913 mean_return=17.864 mean_len=79.7
[gat-train] update=1788 samples=286080 fps=10.4 loss=-0.0713 actor=-0.1852 value=0.1342 entropy=2.0403 mean_return=17.864 mean_len=79.7
[gat-train] update=1789 samples=286240 fps=10.4 loss=0.2486 actor=0.0841 value=0.1859 entropy=2.1352 mean_return=17.853 mean_len=79.5
[gat-train] update=1790 samples=286400 fps=10.4 loss=0.3335 actor=0.0958 value=0.2589 entropy=2.1235 mean_return=17.845 mean_len=79.3
[gat-train] update=1791 samples=286560 fps=10.4 loss=0.1337 actor=-0.0579 value=0.2122 entropy=2.0662 mean_return=17.784 mean_len=78.6
[gat-train] update=1792 samples=286720 fps=10.4 loss=0.3804 actor=0.0286 value=0.3736 entropy=2.1770 mean_return=17.794 mean_len=78.9
[gat-train] update=1793 samples=286880 fps=10.4 loss=-0.1268 actor=-0.2766 value=0.1707 entropy=2.0893 mean_return=17.794 mean_len=78.9
[gat-train] update=1794 samples=287040 fps=10.4 loss=0.2280 actor=0.0033 value=0.2466 entropy=2.1874 mean_return=17.708 mean_len=78.4
[gat-train] update=1795 samples=287200 fps=10.4 loss=-0.0857 actor=-0.3049 value=0.2395 entropy=2.0395 mean_return=17.708 mean_len=78.4
[gat-train] update=1796 samples=287360 fps=10.4 loss=0.5574 actor=0.2971 value=0.2824 entropy=2.2071 mean_return=17.642 mean_len=77.9
[gat-train] update=1797 samples=287520 fps=10.4 loss=0.6187 actor=0.2534 value=0.3869 entropy=2.1570 mean_return=17.632 mean_len=77.8
[gat-train] update=1798 samples=287680 fps=10.4 loss=1.0761 actor=0.3798 value=0.7169 entropy=2.0565 mean_return=17.672 mean_len=78.2
[gat-train] update=1799 samples=287840 fps=10.4 loss=-0.1061 actor=-0.2421 value=0.1558 entropy=1.9870 mean_return=17.664 mean_len=78.3
[gat-train] update=1800 samples=288000 fps=10.4 loss=0.1490 actor=0.0400 value=0.1297 entropy=2.0695 mean_return=17.625 mean_len=78.0
[gat-train] eval update=1800 comp_score=83.42 best=86.18
[gat-train] update=1801 samples=288160 fps=10.4 loss=-0.0006 actor=-0.1669 value=0.1882 entropy=2.1869 mean_return=17.594 mean_len=77.7
[gat-train] update=1802 samples=288320 fps=10.4 loss=-0.0212 actor=-0.2158 value=0.2148 entropy=2.0111 mean_return=17.603 mean_len=77.7
[gat-train] update=1803 samples=288480 fps=10.4 loss=0.7948 actor=0.4174 value=0.3977 entropy=2.0251 mean_return=17.528 mean_len=77.5
[gat-train] update=1804 samples=288640 fps=10.4 loss=0.3767 actor=0.0534 value=0.3425 entropy=1.9248 mean_return=17.510 mean_len=77.6
[gat-train] update=1805 samples=288800 fps=10.4 loss=0.3057 actor=-0.0899 value=0.4145 entropy=1.8997 mean_return=17.550 mean_len=77.9
[gat-train] update=1806 samples=288960 fps=10.4 loss=0.0602 actor=-0.0970 value=0.1762 entropy=1.9027 mean_return=17.471 mean_len=77.6
[gat-train] update=1807 samples=289120 fps=10.4 loss=0.1193 actor=-0.0585 value=0.1962 entropy=1.8405 mean_return=17.445 mean_len=77.4
[gat-train] update=1808 samples=289280 fps=10.4 loss=0.6201 actor=0.1796 value=0.4578 entropy=1.7293 mean_return=17.411 mean_len=77.3
[gat-train] update=1809 samples=289440 fps=10.4 loss=0.3505 actor=0.0636 value=0.3038 entropy=1.6827 mean_return=17.398 mean_len=77.4
[gat-train] update=1810 samples=289600 fps=10.4 loss=0.2239 actor=-0.1415 value=0.3809 entropy=1.5560 mean_return=17.379 mean_len=77.4
[gat-train] update=1811 samples=289760 fps=10.4 loss=1.1927 actor=0.2756 value=0.9329 entropy=1.5751 mean_return=17.475 mean_len=77.6
[gat-train] update=1812 samples=289920 fps=10.4 loss=0.4426 actor=0.0946 value=0.3642 entropy=1.6168 mean_return=17.431 mean_len=77.4
[gat-train] update=1813 samples=290080 fps=10.4 loss=0.2773 actor=0.0523 value=0.2407 entropy=1.5667 mean_return=17.431 mean_len=77.4
[gat-train] update=1814 samples=290240 fps=10.4 loss=0.4604 actor=0.0924 value=0.3839 entropy=1.5981 mean_return=17.405 mean_len=77.3
[gat-train] update=1815 samples=290400 fps=10.4 loss=2.0126 actor=0.7155 value=1.3132 entropy=1.6093 mean_return=17.547 mean_len=78.6
[gat-train] update=1816 samples=290560 fps=10.4 loss=-0.1557 actor=-0.3265 value=0.1865 entropy=1.5704 mean_return=17.547 mean_len=78.6
[gat-train] update=1817 samples=290720 fps=10.4 loss=0.0777 actor=-0.0878 value=0.1801 entropy=1.4640 mean_return=17.547 mean_len=78.6
[gat-train] update=1818 samples=290880 fps=10.4 loss=0.7331 actor=0.2795 value=0.4684 entropy=1.4759 mean_return=17.584 mean_len=78.8
[gat-train] update=1819 samples=291040 fps=10.5 loss=1.1960 actor=0.3348 value=0.8770 entropy=1.5902 mean_return=17.708 mean_len=79.6
[gat-train] update=1820 samples=291200 fps=10.5 loss=1.2349 actor=0.4271 value=0.8233 entropy=1.5474 mean_return=17.782 mean_len=80.2
[gat-train] update=1821 samples=291360 fps=10.5 loss=0.3342 actor=0.0120 value=0.3378 entropy=1.5571 mean_return=17.796 mean_len=80.3
[gat-train] update=1822 samples=291520 fps=10.5 loss=0.4776 actor=0.1208 value=0.3713 entropy=1.4596 mean_return=17.813 mean_len=80.2
[gat-train] update=1823 samples=291680 fps=10.5 loss=0.8009 actor=0.0555 value=0.7612 entropy=1.5769 mean_return=17.796 mean_len=80.0
[gat-train] update=1824 samples=291840 fps=10.5 loss=0.8486 actor=0.2726 value=0.5913 entropy=1.5315 mean_return=17.850 mean_len=80.2
[gat-train] update=1825 samples=292000 fps=10.5 loss=0.2752 actor=0.0616 value=0.2291 entropy=1.5509 mean_return=17.877 mean_len=80.4
[gat-train] update=1826 samples=292160 fps=10.5 loss=0.1931 actor=-0.0441 value=0.2540 entropy=1.6771 mean_return=17.877 mean_len=80.4
[gat-train] update=1827 samples=292320 fps=10.5 loss=0.3601 actor=0.0860 value=0.2918 entropy=1.7713 mean_return=17.899 mean_len=80.6
[gat-train] update=1828 samples=292480 fps=10.5 loss=0.7293 actor=0.2760 value=0.4729 entropy=1.9553 mean_return=17.931 mean_len=80.9
[gat-train] update=1829 samples=292640 fps=10.5 loss=0.0281 actor=-0.2018 value=0.2487 entropy=1.8850 mean_return=17.931 mean_len=80.9
[gat-train] update=1830 samples=292800 fps=10.5 loss=0.9541 actor=0.3654 value=0.6094 entropy=2.0630 mean_return=17.996 mean_len=81.2
[gat-train] update=1831 samples=292960 fps=10.5 loss=1.0535 actor=0.4625 value=0.6119 entropy=2.0871 mean_return=18.080 mean_len=81.5
[gat-train] update=1832 samples=293120 fps=10.5 loss=0.3580 actor=0.1291 value=0.2504 entropy=2.1514 mean_return=18.161 mean_len=82.0
[gat-train] update=1833 samples=293280 fps=10.5 loss=-0.0306 actor=-0.1707 value=0.1640 entropy=2.4013 mean_return=18.161 mean_len=82.0
[gat-train] update=1834 samples=293440 fps=10.5 loss=0.3232 actor=0.0944 value=0.2540 entropy=2.5251 mean_return=18.136 mean_len=81.6
[gat-train] update=1835 samples=293600 fps=10.5 loss=0.6821 actor=0.1490 value=0.5582 entropy=2.5025 mean_return=18.187 mean_len=81.6
[gat-train] update=1836 samples=293760 fps=10.5 loss=-0.0180 actor=-0.2581 value=0.2655 entropy=2.5426 mean_return=18.204 mean_len=81.7
[gat-train] update=1837 samples=293920 fps=10.5 loss=0.3790 actor=0.1501 value=0.2563 entropy=2.7467 mean_return=18.165 mean_len=81.7
[gat-train] update=1838 samples=294080 fps=10.5 loss=0.2977 actor=0.0194 value=0.3059 entropy=2.7490 mean_return=18.106 mean_len=81.4
[gat-train] update=1839 samples=294240 fps=10.5 loss=-0.2300 actor=-0.4827 value=0.2799 entropy=2.7230 mean_return=18.106 mean_len=81.4
[gat-train] update=1840 samples=294400 fps=10.5 loss=0.2761 actor=-0.0003 value=0.3044 entropy=2.7968 mean_return=18.110 mean_len=81.3
[gat-train] update=1841 samples=294560 fps=10.5 loss=0.3215 actor=-0.0404 value=0.3897 entropy=2.7749 mean_return=17.864 mean_len=80.0
[gat-train] update=1842 samples=294720 fps=10.5 loss=0.2149 actor=-0.1024 value=0.3446 entropy=2.7205 mean_return=17.783 mean_len=79.4
[gat-train] update=1843 samples=294880 fps=10.5 loss=-0.0586 actor=-0.2822 value=0.2512 entropy=2.7552 mean_return=17.723 mean_len=79.3
[gat-train] update=1844 samples=295040 fps=10.5 loss=0.2701 actor=-0.0130 value=0.3108 entropy=2.7601 mean_return=17.469 mean_len=77.9
[gat-train] update=1845 samples=295200 fps=10.5 loss=0.1324 actor=-0.1370 value=0.2964 entropy=2.7031 mean_return=17.398 mean_len=77.5
[gat-train] update=1846 samples=295360 fps=10.5 loss=0.6311 actor=0.1390 value=0.5187 entropy=2.6614 mean_return=17.335 mean_len=77.5
[gat-train] update=1847 samples=295520 fps=10.5 loss=0.1110 actor=-0.4996 value=0.6373 entropy=2.6724 mean_return=17.121 mean_len=76.1
[gat-train] update=1848 samples=295680 fps=10.5 loss=0.4312 actor=0.1668 value=0.2912 entropy=2.6730 mean_return=17.015 mean_len=75.7
[gat-train] update=1849 samples=295840 fps=10.5 loss=0.0866 actor=-0.1133 value=0.2265 entropy=2.6617 mean_return=16.856 mean_len=75.2
[gat-train] update=1850 samples=296000 fps=10.5 loss=0.2519 actor=0.0530 value=0.2251 entropy=2.6300 mean_return=16.789 mean_len=74.8
[gat-train] eval update=1850 comp_score=84.27 best=86.18
[gat-train] update=1851 samples=296160 fps=10.5 loss=0.0975 actor=-0.1757 value=0.2993 entropy=2.6149 mean_return=16.635 mean_len=74.0
[gat-train] update=1852 samples=296320 fps=10.5 loss=0.2736 actor=0.1056 value=0.1944 entropy=2.6432 mean_return=16.616 mean_len=73.9
[gat-train] update=1853 samples=296480 fps=10.5 loss=0.1773 actor=-0.0626 value=0.2654 entropy=2.5476 mean_return=16.496 mean_len=73.4
[gat-train] update=1854 samples=296640 fps=10.5 loss=0.0925 actor=-0.2678 value=0.3855 entropy=2.5130 mean_return=16.496 mean_len=73.4
[gat-train] update=1855 samples=296800 fps=10.5 loss=0.2276 actor=0.0083 value=0.2454 entropy=2.6104 mean_return=16.174 mean_len=72.0
[gat-train] update=1856 samples=296960 fps=10.5 loss=0.2498 actor=0.0679 value=0.2056 entropy=2.3734 mean_return=16.090 mean_len=71.6
[gat-train] update=1857 samples=297120 fps=10.5 loss=-0.1283 actor=-0.4745 value=0.3698 entropy=2.3623 mean_return=15.966 mean_len=70.8
[gat-train] update=1858 samples=297280 fps=10.6 loss=0.3233 actor=0.0417 value=0.3048 entropy=2.3189 mean_return=15.872 mean_len=70.3
[gat-train] update=1859 samples=297440 fps=10.6 loss=0.2802 actor=-0.0030 value=0.3061 entropy=2.2934 mean_return=15.816 mean_len=70.0
[gat-train] update=1860 samples=297600 fps=10.6 loss=-0.1916 actor=-0.3721 value=0.2026 entropy=2.2086 mean_return=15.816 mean_len=70.0
[gat-train] update=1861 samples=297760 fps=10.6 loss=0.0196 actor=-0.2660 value=0.3088 entropy=2.3207 mean_return=15.744 mean_len=69.7
[gat-train] update=1862 samples=297920 fps=10.6 loss=0.3927 actor=0.2116 value=0.2033 entropy=2.2194 mean_return=15.693 mean_len=69.3
[gat-train] update=1863 samples=298080 fps=10.6 loss=0.4490 actor=0.1120 value=0.3583 entropy=2.1282 mean_return=15.736 mean_len=69.6
[gat-train] update=1864 samples=298240 fps=10.6 loss=-0.1995 actor=-0.3804 value=0.2019 entropy=2.1042 mean_return=15.736 mean_len=69.6
[gat-train] update=1865 samples=298400 fps=10.6 loss=0.2610 actor=0.1234 value=0.1600 entropy=2.2420 mean_return=15.734 mean_len=69.8
[gat-train] update=1866 samples=298560 fps=10.6 loss=0.1906 actor=0.0105 value=0.2018 entropy=2.1763 mean_return=15.760 mean_len=70.0
[gat-train] update=1867 samples=298720 fps=10.6 loss=0.1787 actor=-0.1468 value=0.3479 entropy=2.2427 mean_return=15.808 mean_len=70.4
[gat-train] update=1868 samples=298880 fps=10.6 loss=0.1821 actor=0.0452 value=0.1603 entropy=2.3448 mean_return=15.808 mean_len=70.4
[gat-train] update=1869 samples=299040 fps=10.6 loss=0.2119 actor=0.0496 value=0.1864 entropy=2.4121 mean_return=15.808 mean_len=70.4
[gat-train] update=1870 samples=299200 fps=10.6 loss=0.4553 actor=0.1879 value=0.2910 entropy=2.3591 mean_return=15.816 mean_len=70.4
[gat-train] update=1871 samples=299360 fps=10.6 loss=1.0862 actor=0.3861 value=0.7234 entropy=2.3312 mean_return=16.022 mean_len=71.6
[gat-train] update=1872 samples=299520 fps=10.6 loss=1.3343 actor=0.6110 value=0.7449 entropy=2.1564 mean_return=16.200 mean_len=72.3
[gat-train] update=1873 samples=299680 fps=10.6 loss=0.2356 actor=-0.0872 value=0.3440 entropy=2.1071 mean_return=16.252 mean_len=72.5
[gat-train] update=1874 samples=299840 fps=10.6 loss=0.6087 actor=0.2742 value=0.3563 entropy=2.1849 mean_return=16.355 mean_len=72.8
[gat-train] update=1875 samples=300000 fps=10.6 loss=-0.1193 actor=-0.2676 value=0.1700 entropy=2.1701 mean_return=16.355 mean_len=72.8
[gat-train] update=1876 samples=300160 fps=10.6 loss=0.3157 actor=0.0974 value=0.2404 entropy=2.2100 mean_return=16.400 mean_len=73.1
[gat-train] update=1877 samples=300320 fps=10.6 loss=0.4257 actor=0.0114 value=0.4360 entropy=2.1696 mean_return=16.476 mean_len=73.4
[gat-train] update=1878 samples=300480 fps=10.6 loss=0.8179 actor=0.4961 value=0.3439 entropy=2.2043 mean_return=16.638 mean_len=74.3
[gat-train] update=1879 samples=300640 fps=10.6 loss=0.2293 actor=-0.1547 value=0.4060 entropy=2.2077 mean_return=16.685 mean_len=74.6
[gat-train] update=1880 samples=300800 fps=10.6 loss=0.8719 actor=0.5208 value=0.3735 entropy=2.2318 mean_return=16.698 mean_len=74.9
[gat-train] update=1881 samples=300960 fps=10.6 loss=0.1852 actor=-0.1211 value=0.3283 entropy=2.2031 mean_return=16.771 mean_len=75.6
[gat-train] update=1882 samples=301120 fps=10.6 loss=0.5873 actor=0.1955 value=0.4146 entropy=2.2815 mean_return=16.804 mean_len=75.9
[gat-train] update=1883 samples=301280 fps=10.6 loss=0.8553 actor=0.1800 value=0.6983 entropy=2.2984 mean_return=16.934 mean_len=76.4
[gat-train] update=1884 samples=301440 fps=10.6 loss=0.1542 actor=-0.0813 value=0.2587 entropy=2.3213 mean_return=16.958 mean_len=76.7
[gat-train] update=1885 samples=301600 fps=10.6 loss=0.2163 actor=0.0020 value=0.2379 entropy=2.3655 mean_return=16.974 mean_len=76.5
[gat-train] update=1886 samples=301760 fps=10.6 loss=0.3692 actor=0.0500 value=0.3433 entropy=2.4129 mean_return=17.022 mean_len=76.9
[gat-train] update=1887 samples=301920 fps=10.6 loss=0.3120 actor=0.0123 value=0.3235 entropy=2.3899 mean_return=17.055 mean_len=77.1
[gat-train] update=1888 samples=302080 fps=10.6 loss=0.5257 actor=0.0435 value=0.5068 entropy=2.4629 mean_return=17.120 mean_len=77.2
[gat-train] update=1889 samples=302240 fps=10.6 loss=0.4145 actor=0.0753 value=0.3644 entropy=2.5261 mean_return=17.128 mean_len=77.2
[gat-train] update=1890 samples=302400 fps=10.6 loss=0.3953 actor=0.2093 value=0.2117 entropy=2.5744 mean_return=17.158 mean_len=77.3
[gat-train] update=1891 samples=302560 fps=10.6 loss=-0.0308 actor=-0.2528 value=0.2479 entropy=2.5912 mean_return=17.166 mean_len=77.3
[gat-train] update=1892 samples=302720 fps=10.6 loss=0.2921 actor=0.0957 value=0.2237 entropy=2.7307 mean_return=17.104 mean_len=77.1
[gat-train] update=1893 samples=302880 fps=10.6 loss=0.2777 actor=-0.0550 value=0.3602 entropy=2.7588 mean_return=17.051 mean_len=76.9
[gat-train] update=1894 samples=303040 fps=10.6 loss=0.2870 actor=0.0235 value=0.2915 entropy=2.8083 mean_return=16.995 mean_len=76.6
[gat-train] update=1895 samples=303200 fps=10.7 loss=0.0145 actor=-0.1705 value=0.2131 entropy=2.8177 mean_return=16.995 mean_len=76.6
[gat-train] update=1896 samples=303360 fps=10.7 loss=1.2614 actor=0.6462 value=0.6439 entropy=2.8641 mean_return=16.954 mean_len=76.5
[gat-train] update=1897 samples=303520 fps=10.7 loss=0.0160 actor=-0.1978 value=0.2404 entropy=2.6590 mean_return=16.930 mean_len=76.2
[gat-train] update=1898 samples=303680 fps=10.7 loss=0.3480 actor=0.0585 value=0.3160 entropy=2.6536 mean_return=16.931 mean_len=76.1
[gat-train] update=1899 samples=303840 fps=10.7 loss=0.0903 actor=-0.1491 value=0.2663 entropy=2.6803 mean_return=16.902 mean_len=76.2
[gat-train] update=1900 samples=304000 fps=10.7 loss=0.6263 actor=0.3350 value=0.3172 entropy=2.5925 mean_return=16.811 mean_len=75.5
[gat-train] eval update=1900 comp_score=85.30 best=86.18
[gat-train] update=1901 samples=304160 fps=10.7 loss=0.6187 actor=0.1606 value=0.4842 entropy=2.6169 mean_return=16.799 mean_len=75.2
[gat-train] update=1902 samples=304320 fps=10.7 loss=0.2985 actor=0.0919 value=0.2320 entropy=2.5416 mean_return=16.765 mean_len=74.5
[gat-train] update=1903 samples=304480 fps=10.7 loss=-0.1319 actor=-0.2967 value=0.1893 entropy=2.4585 mean_return=16.765 mean_len=74.5
[gat-train] update=1904 samples=304640 fps=10.7 loss=0.4852 actor=0.1286 value=0.3814 entropy=2.4796 mean_return=16.731 mean_len=74.4
[gat-train] update=1905 samples=304800 fps=10.7 loss=0.6966 actor=0.4135 value=0.3068 entropy=2.3648 mean_return=16.626 mean_len=73.8
[gat-train] update=1906 samples=304960 fps=10.7 loss=0.7029 actor=0.3398 value=0.3870 entropy=2.3907 mean_return=16.577 mean_len=73.6
[gat-train] update=1907 samples=305120 fps=10.7 loss=0.5978 actor=0.3149 value=0.3065 entropy=2.3607 mean_return=16.577 mean_len=73.6
[gat-train] update=1908 samples=305280 fps=10.7 loss=-0.2210 actor=-0.4150 value=0.2172 entropy=2.3224 mean_return=16.514 mean_len=73.3
[gat-train] update=1909 samples=305440 fps=10.7 loss=0.5563 actor=0.1986 value=0.3818 entropy=2.4041 mean_return=16.489 mean_len=73.2
[gat-train] update=1910 samples=305600 fps=10.7 loss=0.0032 actor=-0.1522 value=0.1793 entropy=2.3886 mean_return=16.450 mean_len=73.0
[gat-train] update=1911 samples=305760 fps=10.7 loss=0.1501 actor=-0.1358 value=0.3099 entropy=2.4056 mean_return=16.435 mean_len=73.1
[gat-train] update=1912 samples=305920 fps=10.7 loss=0.5478 actor=0.2398 value=0.3315 entropy=2.3459 mean_return=16.476 mean_len=73.3
[gat-train] update=1913 samples=306080 fps=10.7 loss=0.0466 actor=-0.1581 value=0.2272 entropy=2.2509 mean_return=16.442 mean_len=73.0
[gat-train] update=1914 samples=306240 fps=10.7 loss=0.3335 actor=-0.0499 value=0.4051 entropy=2.1593 mean_return=16.421 mean_len=72.9
[gat-train] update=1915 samples=306400 fps=10.7 loss=1.0530 actor=0.4531 value=0.6214 entropy=2.1498 mean_return=16.450 mean_len=73.1
[gat-train] update=1916 samples=306560 fps=10.7 loss=0.2647 actor=0.0531 value=0.2324 entropy=2.0811 mean_return=16.475 mean_len=73.1
[gat-train] update=1917 samples=306720 fps=10.7 loss=0.3903 actor=0.0969 value=0.3146 entropy=2.1160 mean_return=16.461 mean_len=73.1
[gat-train] update=1918 samples=306880 fps=10.7 loss=0.0202 actor=-0.1023 value=0.1436 entropy=2.1104 mean_return=16.461 mean_len=73.1
[gat-train] update=1919 samples=307040 fps=10.7 loss=0.8661 actor=0.3720 value=0.5161 entropy=2.1962 mean_return=16.459 mean_len=73.0
[gat-train] update=1920 samples=307200 fps=10.7 loss=0.1738 actor=-0.0105 value=0.2055 entropy=2.1193 mean_return=16.449 mean_len=73.0
[gat-train] update=1921 samples=307360 fps=10.7 loss=0.3651 actor=0.1278 value=0.2589 entropy=2.1676 mean_return=16.476 mean_len=73.1
[gat-train] update=1922 samples=307520 fps=10.7 loss=0.6486 actor=0.1770 value=0.4930 entropy=2.1497 mean_return=16.445 mean_len=72.6
[gat-train] update=1923 samples=307680 fps=10.7 loss=0.3804 actor=0.1446 value=0.2577 entropy=2.1805 mean_return=16.453 mean_len=72.8
[gat-train] update=1924 samples=307840 fps=10.7 loss=0.7810 actor=0.2448 value=0.5578 entropy=2.1632 mean_return=16.509 mean_len=73.3
[gat-train] update=1925 samples=308000 fps=10.7 loss=0.2924 actor=0.0992 value=0.2142 entropy=2.1074 mean_return=16.500 mean_len=73.3
[gat-train] update=1926 samples=308160 fps=10.7 loss=0.2496 actor=-0.0279 value=0.2992 entropy=2.1719 mean_return=16.519 mean_len=73.4
[gat-train] update=1927 samples=308320 fps=10.7 loss=0.1190 actor=-0.0816 value=0.2233 entropy=2.2785 mean_return=16.519 mean_len=73.4
[gat-train] update=1928 samples=308480 fps=10.7 loss=0.1436 actor=-0.1038 value=0.2700 entropy=2.2566 mean_return=16.522 mean_len=73.0
[gat-train] update=1929 samples=308640 fps=10.7 loss=0.5207 actor=0.1382 value=0.4054 entropy=2.2802 mean_return=16.558 mean_len=73.1
[gat-train] update=1930 samples=308800 fps=10.7 loss=0.2308 actor=0.0886 value=0.1643 entropy=2.2048 mean_return=16.574 mean_len=73.2
[gat-train] update=1931 samples=308960 fps=10.7 loss=0.5936 actor=0.1928 value=0.4229 entropy=2.2162 mean_return=16.613 mean_len=73.2
[gat-train] update=1932 samples=309120 fps=10.7 loss=0.2717 actor=-0.1058 value=0.3988 entropy=2.1302 mean_return=16.645 mean_len=73.5
[gat-train] update=1933 samples=309280 fps=10.7 loss=0.6938 actor=0.1871 value=0.5286 entropy=2.1887 mean_return=16.734 mean_len=74.0
[gat-train] update=1934 samples=309440 fps=10.7 loss=0.5669 actor=0.2044 value=0.3827 entropy=2.0240 mean_return=16.814 mean_len=74.5
[gat-train] update=1935 samples=309600 fps=10.7 loss=0.1126 actor=-0.1320 value=0.2637 entropy=1.9099 mean_return=16.810 mean_len=74.5
[gat-train] update=1936 samples=309760 fps=10.8 loss=0.6822 actor=0.3875 value=0.3131 entropy=1.8461 mean_return=16.868 mean_len=74.8
[gat-train] update=1937 samples=309920 fps=10.8 loss=0.0989 actor=-0.0805 value=0.1980 entropy=1.8615 mean_return=16.875 mean_len=74.9
[gat-train] update=1938 samples=310080 fps=10.8 loss=0.7124 actor=0.2367 value=0.4950 entropy=1.9226 mean_return=16.894 mean_len=74.9
[gat-train] update=1939 samples=310240 fps=10.8 loss=0.3208 actor=0.0722 value=0.2675 entropy=1.8889 mean_return=16.924 mean_len=75.2
[gat-train] update=1940 samples=310400 fps=10.8 loss=0.3302 actor=0.0941 value=0.2538 entropy=1.7690 mean_return=16.970 mean_len=75.4
[gat-train] update=1941 samples=310560 fps=10.8 loss=0.8304 actor=0.2477 value=0.6004 entropy=1.7703 mean_return=17.094 mean_len=76.0
[gat-train] update=1942 samples=310720 fps=10.8 loss=0.3740 actor=0.0425 value=0.3492 entropy=1.7735 mean_return=17.131 mean_len=76.2
[gat-train] update=1943 samples=310880 fps=10.8 loss=-0.0794 actor=-0.2615 value=0.2002 entropy=1.8110 mean_return=17.131 mean_len=76.2
[gat-train] update=1944 samples=311040 fps=10.8 loss=1.3630 actor=0.4796 value=0.9016 entropy=1.8277 mean_return=17.225 mean_len=76.9
[gat-train] update=1945 samples=311200 fps=10.8 loss=0.6610 actor=0.1281 value=0.5498 entropy=1.6958 mean_return=17.264 mean_len=77.0
[gat-train] update=1946 samples=311360 fps=10.8 loss=0.2900 actor=-0.1262 value=0.4325 entropy=1.6354 mean_return=17.304 mean_len=77.2
[gat-train] update=1947 samples=311520 fps=10.8 loss=0.5603 actor=0.0013 value=0.5763 entropy=1.7272 mean_return=17.376 mean_len=77.5
[gat-train] update=1948 samples=311680 fps=10.8 loss=0.7860 actor=0.1364 value=0.6666 entropy=1.6912 mean_return=17.476 mean_len=78.4
[gat-train] update=1949 samples=311840 fps=10.8 loss=0.5200 actor=0.2014 value=0.3359 entropy=1.7291 mean_return=17.519 mean_len=78.6
[gat-train] update=1950 samples=312000 fps=10.8 loss=0.2814 actor=-0.1433 value=0.4418 entropy=1.7078 mean_return=17.528 mean_len=78.6
[gat-train] eval update=1950 comp_score=84.41 best=86.18
[gat-train] update=1951 samples=312160 fps=10.8 loss=1.3709 actor=0.5477 value=0.8401 entropy=1.6872 mean_return=17.622 mean_len=79.4
[gat-train] update=1952 samples=312320 fps=10.8 loss=1.3091 actor=0.3325 value=0.9934 entropy=1.6829 mean_return=17.758 mean_len=80.2
[gat-train] update=1953 samples=312480 fps=10.8 loss=0.8001 actor=0.2755 value=0.5418 entropy=1.7229 mean_return=17.825 mean_len=80.9
[gat-train] update=1954 samples=312640 fps=10.8 loss=0.1872 actor=-0.0206 value=0.2251 entropy=1.7322 mean_return=17.860 mean_len=81.0
[gat-train] update=1955 samples=312800 fps=10.8 loss=1.0540 actor=0.3400 value=0.7312 entropy=1.7181 mean_return=17.921 mean_len=81.4
[gat-train] update=1956 samples=312960 fps=10.8 loss=0.1844 actor=-0.0637 value=0.2653 entropy=1.7145 mean_return=17.923 mean_len=81.5
[gat-train] update=1957 samples=313120 fps=10.8 loss=0.1386 actor=-0.0667 value=0.2236 entropy=1.8262 mean_return=17.910 mean_len=81.2
[gat-train] update=1958 samples=313280 fps=10.8 loss=0.8665 actor=0.3781 value=0.5053 entropy=1.6937 mean_return=17.967 mean_len=81.4
[gat-train] update=1959 samples=313440 fps=10.8 loss=0.9376 actor=0.2418 value=0.7135 entropy=1.7759 mean_return=18.006 mean_len=81.6
[gat-train] update=1960 samples=313600 fps=10.8 loss=0.4614 actor=0.0068 value=0.4724 entropy=1.7819 mean_return=18.037 mean_len=81.8
[gat-train] update=1961 samples=313760 fps=10.8 loss=0.3532 actor=0.0573 value=0.3150 entropy=1.9120 mean_return=18.050 mean_len=81.8
[gat-train] update=1962 samples=313920 fps=10.8 loss=0.1845 actor=-0.0482 value=0.2518 entropy=1.9100 mean_return=18.050 mean_len=81.8
[gat-train] update=1963 samples=314080 fps=10.8 loss=-0.0085 actor=-0.1679 value=0.1797 entropy=2.0332 mean_return=18.036 mean_len=81.6
[gat-train] update=1964 samples=314240 fps=10.8 loss=1.0212 actor=0.3137 value=0.7286 entropy=2.1141 mean_return=18.093 mean_len=82.1
[gat-train] update=1965 samples=314400 fps=10.8 loss=-0.0456 actor=-0.1931 value=0.1675 entropy=2.0029 mean_return=18.093 mean_len=82.1
[gat-train] update=1966 samples=314560 fps=10.8 loss=0.7280 actor=0.0657 value=0.6830 entropy=2.0758 mean_return=18.136 mean_len=82.2
[gat-train] update=1967 samples=314720 fps=10.8 loss=1.3128 actor=0.4852 value=0.8484 entropy=2.0855 mean_return=18.091 mean_len=82.4
[gat-train] update=1968 samples=314880 fps=10.8 loss=0.6088 actor=0.1441 value=0.4847 entropy=1.9990 mean_return=18.087 mean_len=82.2
[gat-train] update=1969 samples=315040 fps=10.8 loss=0.6407 actor=0.1756 value=0.4854 entropy=2.0259 mean_return=18.067 mean_len=82.2
[gat-train] update=1970 samples=315200 fps=10.8 loss=0.6899 actor=0.2721 value=0.4397 entropy=2.1934 mean_return=18.052 mean_len=82.3
[gat-train] update=1971 samples=315360 fps=10.8 loss=0.5405 actor=0.1283 value=0.4350 entropy=2.2789 mean_return=17.979 mean_len=81.9
[gat-train] update=1972 samples=315520 fps=10.8 loss=0.0506 actor=-0.1936 value=0.2672 entropy=2.3002 mean_return=17.975 mean_len=81.9
[gat-train] update=1973 samples=315680 fps=10.8 loss=0.8995 actor=0.5026 value=0.4214 entropy=2.4489 mean_return=17.926 mean_len=81.6
[gat-train] update=1974 samples=315840 fps=10.8 loss=0.5977 actor=0.2782 value=0.3437 entropy=2.4205 mean_return=17.903 mean_len=81.7
[gat-train] update=1975 samples=316000 fps=10.8 loss=0.6146 actor=0.1706 value=0.4691 entropy=2.5074 mean_return=17.883 mean_len=81.6
[gat-train] update=1976 samples=316160 fps=10.8 loss=0.0644 actor=-0.1338 value=0.2239 entropy=2.5732 mean_return=17.766 mean_len=81.0
[gat-train] update=1977 samples=316320 fps=10.8 loss=0.1848 actor=0.0427 value=0.1690 entropy=2.6918 mean_return=17.715 mean_len=80.6
[gat-train] update=1978 samples=316480 fps=10.8 loss=0.2237 actor=-0.0242 value=0.2747 entropy=2.6862 mean_return=17.715 mean_len=80.6
[gat-train] update=1979 samples=316640 fps=10.9 loss=0.4944 actor=0.0433 value=0.4778 entropy=2.6659 mean_return=17.680 mean_len=80.2
[gat-train] update=1980 samples=316800 fps=10.9 loss=0.0479 actor=-0.2359 value=0.3087 entropy=2.4922 mean_return=17.667 mean_len=80.2
[gat-train] update=1981 samples=316960 fps=10.9 loss=0.2391 actor=-0.0085 value=0.2724 entropy=2.4764 mean_return=17.552 mean_len=79.1
[gat-train] update=1982 samples=317120 fps=10.9 loss=0.5770 actor=0.1707 value=0.4303 entropy=2.4054 mean_return=17.583 mean_len=79.4
[gat-train] update=1983 samples=317280 fps=10.9 loss=0.4179 actor=0.1323 value=0.3097 entropy=2.4095 mean_return=17.502 mean_len=78.7
[gat-train] update=1984 samples=317440 fps=10.9 loss=-0.1167 actor=-0.3586 value=0.2672 entropy=2.5325 mean_return=17.407 mean_len=78.2
[gat-train] update=1985 samples=317600 fps=10.9 loss=0.2057 actor=-0.0143 value=0.2471 entropy=2.7064 mean_return=17.371 mean_len=78.2
[gat-train] update=1986 samples=317760 fps=10.9 loss=0.1031 actor=-0.1125 value=0.2426 entropy=2.7081 mean_return=17.284 mean_len=77.5
[gat-train] update=1987 samples=317920 fps=10.9 loss=0.5413 actor=0.2144 value=0.3531 entropy=2.6127 mean_return=17.123 mean_len=76.5
[gat-train] update=1988 samples=318080 fps=10.9 loss=0.2553 actor=0.0708 value=0.2114 entropy=2.6938 mean_return=17.078 mean_len=76.4
[gat-train] update=1989 samples=318240 fps=10.9 loss=0.2576 actor=0.0551 value=0.2301 entropy=2.7577 mean_return=17.008 mean_len=75.7
[gat-train] update=1990 samples=318400 fps=10.9 loss=0.3243 actor=0.0189 value=0.3329 entropy=2.7424 mean_return=16.946 mean_len=75.5
[gat-train] update=1991 samples=318560 fps=10.9 loss=0.1387 actor=-0.0296 value=0.1960 entropy=2.7691 mean_return=16.912 mean_len=75.2
[gat-train] update=1992 samples=318720 fps=10.9 loss=0.2828 actor=-0.0070 value=0.3182 entropy=2.8462 mean_return=16.885 mean_len=75.1
[gat-train] update=1993 samples=318880 fps=10.9 loss=0.2463 actor=0.0142 value=0.2601 entropy=2.8037 mean_return=16.852 mean_len=75.0
[gat-train] update=1994 samples=319040 fps=10.9 loss=0.2351 actor=-0.0331 value=0.2948 entropy=2.6600 mean_return=16.744 mean_len=74.3
[gat-train] update=1995 samples=319200 fps=10.9 loss=0.4108 actor=0.2196 value=0.2177 entropy=2.6483 mean_return=16.708 mean_len=74.1
[gat-train] update=1996 samples=319360 fps=10.9 loss=0.1489 actor=-0.0667 value=0.2414 entropy=2.5846 mean_return=16.584 mean_len=73.4
[gat-train] update=1997 samples=319520 fps=10.9 loss=0.2664 actor=-0.0313 value=0.3235 entropy=2.5769 mean_return=16.504 mean_len=72.8
[gat-train] update=1998 samples=319680 fps=10.9 loss=-0.0659 actor=-0.3532 value=0.3130 entropy=2.5694 mean_return=16.455 mean_len=72.3
[gat-train] update=1999 samples=319840 fps=10.9 loss=0.0423 actor=-0.1340 value=0.2044 entropy=2.8122 mean_return=16.407 mean_len=72.4
[gat-train] update=2000 samples=320000 fps=10.9 loss=0.1180 actor=-0.1566 value=0.3028 entropy=2.8194 mean_return=16.298 mean_len=71.9
[gat-train] eval update=2000 comp_score=83.96 best=86.18
[gat-train] update=2001 samples=320160 fps=10.9 loss=0.1694 actor=-0.0169 value=0.2143 entropy=2.8019 mean_return=16.215 mean_len=71.5
[gat-train] update=2002 samples=320320 fps=10.9 loss=0.6485 actor=0.2407 value=0.4358 entropy=2.8030 mean_return=16.206 mean_len=71.7
[gat-train] update=2003 samples=320480 fps=10.9 loss=0.0312 actor=-0.0974 value=0.1570 entropy=2.8351 mean_return=16.148 mean_len=71.6
[gat-train] update=2004 samples=320640 fps=10.9 loss=-0.0575 actor=-0.3788 value=0.3490 entropy=2.7701 mean_return=15.999 mean_len=71.1
[gat-train] update=2005 samples=320800 fps=10.9 loss=-0.1305 actor=-0.3306 value=0.2285 entropy=2.8362 mean_return=15.999 mean_len=71.1
[gat-train] update=2006 samples=320960 fps=10.9 loss=0.3354 actor=0.0864 value=0.2774 entropy=2.8401 mean_return=15.984 mean_len=71.2
[gat-train] update=2007 samples=321120 fps=10.9 loss=0.3710 actor=0.1642 value=0.2345 entropy=2.7728 mean_return=15.933 mean_len=70.7
[gat-train] update=2008 samples=321280 fps=10.9 loss=0.1853 actor=-0.0382 value=0.2502 entropy=2.6774 mean_return=15.881 mean_len=70.7
[gat-train] update=2009 samples=321440 fps=10.9 loss=0.2933 actor=0.0262 value=0.2927 entropy=2.5604 mean_return=15.768 mean_len=70.0
[gat-train] update=2010 samples=321600 fps=10.9 loss=-0.0425 actor=-0.3279 value=0.3104 entropy=2.5007 mean_return=15.687 mean_len=69.4
[gat-train] update=2011 samples=321760 fps=10.9 loss=0.0825 actor=-0.1325 value=0.2397 entropy=2.4698 mean_return=15.662 mean_len=69.3
[gat-train] update=2012 samples=321920 fps=10.9 loss=0.2813 actor=0.0919 value=0.2156 entropy=2.6135 mean_return=15.585 mean_len=68.8
[gat-train] update=2013 samples=322080 fps=10.9 loss=0.2326 actor=0.0067 value=0.2512 entropy=2.5332 mean_return=15.536 mean_len=68.7
[gat-train] update=2014 samples=322240 fps=10.9 loss=0.0405 actor=-0.1076 value=0.1740 entropy=2.5956 mean_return=15.536 mean_len=68.6
[gat-train] update=2015 samples=322400 fps=10.9 loss=0.1109 actor=-0.0311 value=0.1690 entropy=2.7011 mean_return=15.495 mean_len=68.5
[gat-train] update=2016 samples=322560 fps=10.9 loss=-0.0965 actor=-0.2988 value=0.2290 entropy=2.6775 mean_return=15.465 mean_len=68.2
[gat-train] update=2017 samples=322720 fps=10.9 loss=0.6960 actor=0.3020 value=0.4214 entropy=2.7412 mean_return=15.513 mean_len=68.4
[gat-train] update=2018 samples=322880 fps=10.9 loss=0.2814 actor=0.1410 value=0.1673 entropy=2.6948 mean_return=15.553 mean_len=68.6
[gat-train] update=2019 samples=323040 fps=10.9 loss=0.1204 actor=-0.2762 value=0.4237 entropy=2.7114 mean_return=15.563 mean_len=68.7
[gat-train] update=2020 samples=323200 fps=11.0 loss=0.1740 actor=0.0450 value=0.1564 entropy=2.7423 mean_return=15.473 mean_len=68.3
[gat-train] update=2021 samples=323360 fps=11.0 loss=0.7161 actor=0.4208 value=0.3221 entropy=2.6884 mean_return=15.436 mean_len=68.1
[gat-train] update=2022 samples=323520 fps=11.0 loss=0.1555 actor=-0.1472 value=0.3284 entropy=2.5688 mean_return=15.436 mean_len=68.1
[gat-train] update=2023 samples=323680 fps=11.0 loss=0.0180 actor=-0.1646 value=0.2087 entropy=2.6157 mean_return=15.453 mean_len=68.3
[gat-train] update=2024 samples=323840 fps=11.0 loss=0.4461 actor=0.1659 value=0.3060 entropy=2.5837 mean_return=15.361 mean_len=67.9
[gat-train] update=2025 samples=324000 fps=11.0 loss=1.2365 actor=0.4548 value=0.8073 entropy=2.5524 mean_return=15.390 mean_len=67.9
[gat-train] update=2026 samples=324160 fps=11.0 loss=0.1861 actor=-0.1098 value=0.3211 entropy=2.5273 mean_return=15.420 mean_len=68.1
[gat-train] update=2027 samples=324320 fps=11.0 loss=1.6273 actor=0.7729 value=0.8804 entropy=2.6072 mean_return=15.534 mean_len=68.9
[gat-train] update=2028 samples=324480 fps=11.0 loss=0.1481 actor=-0.0849 value=0.2577 entropy=2.4724 mean_return=15.547 mean_len=68.8
[gat-train] update=2029 samples=324640 fps=11.0 loss=0.1084 actor=-0.1459 value=0.2794 entropy=2.5132 mean_return=15.610 mean_len=68.9
[gat-train] update=2030 samples=324800 fps=11.0 loss=0.6448 actor=0.1134 value=0.5576 entropy=2.6256 mean_return=15.709 mean_len=69.7
[gat-train] update=2031 samples=324960 fps=11.0 loss=0.4595 actor=0.2573 value=0.2282 entropy=2.6063 mean_return=15.815 mean_len=70.3
[gat-train] update=2032 samples=325120 fps=11.0 loss=0.1093 actor=-0.1281 value=0.2633 entropy=2.5984 mean_return=15.820 mean_len=70.5
[gat-train] update=2033 samples=325280 fps=11.0 loss=-0.0714 actor=-0.2349 value=0.1896 entropy=2.6176 mean_return=15.815 mean_len=70.0
[gat-train] update=2034 samples=325440 fps=11.0 loss=0.0388 actor=-0.1983 value=0.2627 entropy=2.5691 mean_return=15.805 mean_len=70.1
[gat-train] update=2035 samples=325600 fps=11.0 loss=0.5603 actor=0.2508 value=0.3353 entropy=2.5831 mean_return=15.834 mean_len=70.1
[gat-train] update=2036 samples=325760 fps=11.0 loss=-0.1596 actor=-0.3707 value=0.2375 entropy=2.6431 mean_return=15.823 mean_len=70.1
[gat-train] update=2037 samples=325920 fps=11.0 loss=0.3002 actor=0.0736 value=0.2528 entropy=2.6209 mean_return=15.823 mean_len=70.1
[gat-train] update=2038 samples=326080 fps=11.0 loss=0.4637 actor=0.2075 value=0.2817 entropy=2.5599 mean_return=15.895 mean_len=70.4
[gat-train] update=2039 samples=326240 fps=11.0 loss=0.2170 actor=-0.1443 value=0.3860 entropy=2.4702 mean_return=15.846 mean_len=70.2
[gat-train] update=2040 samples=326400 fps=11.0 loss=0.1945 actor=-0.1097 value=0.3295 entropy=2.5297 mean_return=15.830 mean_len=70.2
[gat-train] update=2041 samples=326560 fps=11.0 loss=0.3313 actor=0.1099 value=0.2473 entropy=2.5832 mean_return=15.838 mean_len=70.3
[gat-train] update=2042 samples=326720 fps=11.0 loss=1.0712 actor=0.6174 value=0.4791 entropy=2.5250 mean_return=15.932 mean_len=70.6
[gat-train] update=2043 samples=326880 fps=11.0 loss=0.1630 actor=-0.0516 value=0.2382 entropy=2.3650 mean_return=15.989 mean_len=70.7
[gat-train] update=2044 samples=327040 fps=11.0 loss=0.5991 actor=0.3214 value=0.3025 entropy=2.4797 mean_return=16.016 mean_len=70.9
[gat-train] update=2045 samples=327200 fps=11.0 loss=0.2525 actor=-0.1222 value=0.3991 entropy=2.4410 mean_return=16.068 mean_len=71.1
[gat-train] update=2046 samples=327360 fps=11.0 loss=0.4891 actor=0.2087 value=0.3049 entropy=2.4521 mean_return=16.128 mean_len=71.5
[gat-train] update=2047 samples=327520 fps=11.0 loss=0.0823 actor=-0.2587 value=0.3658 entropy=2.4861 mean_return=16.086 mean_len=71.4
[gat-train] update=2048 samples=327680 fps=11.0 loss=0.3099 actor=-0.1171 value=0.4527 entropy=2.5583 mean_return=16.069 mean_len=71.2
[gat-train] update=2049 samples=327840 fps=11.0 loss=-0.1322 actor=-0.3473 value=0.2415 entropy=2.6479 mean_return=16.069 mean_len=71.2
[gat-train] update=2050 samples=328000 fps=11.0 loss=0.9314 actor=0.2218 value=0.7365 entropy=2.6841 mean_return=16.094 mean_len=71.3
[gat-train] eval update=2050 comp_score=85.37 best=86.18
[gat-train] update=2051 samples=328160 fps=11.0 loss=0.8181 actor=0.3182 value=0.5249 entropy=2.4991 mean_return=16.129 mean_len=71.5
[gat-train] update=2052 samples=328320 fps=11.0 loss=0.9376 actor=0.3904 value=0.5724 entropy=2.5208 mean_return=16.143 mean_len=72.1
[gat-train] update=2053 samples=328480 fps=11.0 loss=0.2841 actor=-0.1727 value=0.4816 entropy=2.4771 mean_return=16.144 mean_len=72.0
[gat-train] update=2054 samples=328640 fps=11.0 loss=0.4845 actor=0.1196 value=0.3902 entropy=2.5313 mean_return=16.147 mean_len=72.0
[gat-train] update=2055 samples=328800 fps=11.0 loss=0.1516 actor=-0.0647 value=0.2416 entropy=2.5301 mean_return=16.186 mean_len=72.2
[gat-train] update=2056 samples=328960 fps=11.0 loss=0.8156 actor=0.2777 value=0.5641 entropy=2.6133 mean_return=16.261 mean_len=72.7
[gat-train] update=2057 samples=329120 fps=11.0 loss=0.8333 actor=0.3486 value=0.5101 entropy=2.5326 mean_return=16.285 mean_len=72.9
[gat-train] update=2058 samples=329280 fps=11.0 loss=0.3150 actor=0.1135 value=0.2266 entropy=2.5083 mean_return=16.261 mean_len=72.8
[gat-train] update=2059 samples=329440 fps=11.0 loss=0.5900 actor=0.2356 value=0.3792 entropy=2.4735 mean_return=16.307 mean_len=73.0
[gat-train] update=2060 samples=329600 fps=11.0 loss=0.8931 actor=0.2665 value=0.6512 entropy=2.4688 mean_return=16.323 mean_len=73.1
[gat-train] update=2061 samples=329760 fps=11.0 loss=-0.0374 actor=-0.2178 value=0.2059 entropy=2.5554 mean_return=16.323 mean_len=73.1
[gat-train] update=2062 samples=329920 fps=11.1 loss=-0.0457 actor=-0.2537 value=0.2341 entropy=2.6023 mean_return=16.323 mean_len=73.1
[gat-train] update=2063 samples=330080 fps=11.1 loss=-0.0706 actor=-0.2858 value=0.2419 entropy=2.6643 mean_return=16.367 mean_len=73.4
[gat-train] update=2064 samples=330240 fps=11.1 loss=-0.1690 actor=-0.4140 value=0.2708 entropy=2.5777 mean_return=16.367 mean_len=73.4
[gat-train] update=2065 samples=330400 fps=11.1 loss=0.6725 actor=0.1700 value=0.5281 entropy=2.5611 mean_return=16.374 mean_len=73.5
[gat-train] update=2066 samples=330560 fps=11.1 loss=2.1251 actor=1.0090 value=1.1407 entropy=2.4552 mean_return=16.413 mean_len=73.9
[gat-train] update=2067 samples=330720 fps=11.1 loss=-0.0512 actor=-0.3572 value=0.3284 entropy=2.2413 mean_return=16.413 mean_len=73.9
[gat-train] update=2068 samples=330880 fps=11.1 loss=0.8863 actor=0.4058 value=0.5046 entropy=2.4061 mean_return=16.461 mean_len=73.9
[gat-train] update=2069 samples=331040 fps=11.1 loss=0.6085 actor=0.2632 value=0.3687 entropy=2.3389 mean_return=16.442 mean_len=73.4
[gat-train] update=2070 samples=331200 fps=11.1 loss=0.0610 actor=-0.1814 value=0.2658 entropy=2.3447 mean_return=16.441 mean_len=73.4
[gat-train] update=2071 samples=331360 fps=11.1 loss=0.4345 actor=0.2036 value=0.2554 entropy=2.4493 mean_return=16.398 mean_len=73.2
[gat-train] update=2072 samples=331520 fps=11.1 loss=0.5343 actor=0.3099 value=0.2490 entropy=2.4670 mean_return=16.439 mean_len=73.2
[gat-train] update=2073 samples=331680 fps=11.1 loss=1.0264 actor=0.3763 value=0.6758 entropy=2.5731 mean_return=16.412 mean_len=72.9
[gat-train] update=2074 samples=331840 fps=11.1 loss=0.0551 actor=-0.1083 value=0.1877 entropy=2.4350 mean_return=16.410 mean_len=72.8
[gat-train] update=2075 samples=332000 fps=11.1 loss=1.4197 actor=0.5155 value=0.9294 entropy=2.5227 mean_return=16.475 mean_len=72.9
[gat-train] update=2076 samples=332160 fps=11.1 loss=0.2842 actor=0.0935 value=0.2149 entropy=2.4186 mean_return=16.475 mean_len=72.9
[gat-train] update=2077 samples=332320 fps=11.1 loss=0.0940 actor=-0.0957 value=0.2143 entropy=2.4549 mean_return=16.475 mean_len=72.9
[gat-train] update=2078 samples=332480 fps=11.1 loss=0.2954 actor=0.0242 value=0.2978 entropy=2.6583 mean_return=16.477 mean_len=73.1
[gat-train] update=2079 samples=332640 fps=11.1 loss=0.8668 actor=0.3366 value=0.5556 entropy=2.5386 mean_return=16.479 mean_len=73.2
[gat-train] update=2080 samples=332800 fps=11.1 loss=1.1399 actor=0.5086 value=0.6554 entropy=2.4033 mean_return=16.435 mean_len=73.1
[gat-train] update=2081 samples=332960 fps=11.1 loss=0.5772 actor=0.2202 value=0.3789 entropy=2.1918 mean_return=16.386 mean_len=72.9
[gat-train] update=2082 samples=333120 fps=11.1 loss=0.5751 actor=0.1988 value=0.3986 entropy=2.2318 mean_return=16.377 mean_len=73.0
[gat-train] update=2083 samples=333280 fps=11.1 loss=-0.0189 actor=-0.1825 value=0.1871 entropy=2.3476 mean_return=16.373 mean_len=73.0
[gat-train] update=2084 samples=333440 fps=11.1 loss=0.2328 actor=0.1120 value=0.1459 entropy=2.5189 mean_return=16.359 mean_len=72.9
[gat-train] update=2085 samples=333600 fps=11.1 loss=0.4569 actor=0.0039 value=0.4789 entropy=2.5879 mean_return=16.431 mean_len=73.3
[gat-train] update=2086 samples=333760 fps=11.1 loss=-0.0809 actor=-0.2872 value=0.2328 entropy=2.6486 mean_return=16.393 mean_len=73.0
[gat-train] update=2087 samples=333920 fps=11.1 loss=0.6594 actor=0.2585 value=0.4275 entropy=2.6572 mean_return=16.422 mean_len=73.3
[gat-train] update=2088 samples=334080 fps=11.1 loss=0.4473 actor=0.2064 value=0.2673 entropy=2.6391 mean_return=16.411 mean_len=73.2
[gat-train] update=2089 samples=334240 fps=11.1 loss=1.2684 actor=0.5590 value=0.7357 entropy=2.6214 mean_return=16.380 mean_len=73.2
[gat-train] update=2090 samples=334400 fps=11.1 loss=-0.1574 actor=-0.6786 value=0.5469 entropy=2.5743 mean_return=16.315 mean_len=72.9
[gat-train] update=2091 samples=334560 fps=11.1 loss=0.3738 actor=0.0716 value=0.3292 entropy=2.7110 mean_return=16.273 mean_len=72.5
[gat-train] update=2092 samples=334720 fps=11.1 loss=0.0827 actor=-0.0504 value=0.1599 entropy=2.6875 mean_return=16.235 mean_len=72.3
[gat-train] update=2093 samples=334880 fps=11.1 loss=0.1413 actor=-0.0314 value=0.2000 entropy=2.7200 mean_return=16.192 mean_len=72.0
[gat-train] update=2094 samples=335040 fps=11.1 loss=0.2453 actor=-0.0392 value=0.3116 entropy=2.7107 mean_return=16.145 mean_len=71.5
[gat-train] update=2095 samples=335200 fps=11.1 loss=-0.2148 actor=-0.4119 value=0.2250 entropy=2.7799 mean_return=16.143 mean_len=71.6
[gat-train] update=2096 samples=335360 fps=11.1 loss=0.7649 actor=0.3562 value=0.4375 entropy=2.8791 mean_return=16.122 mean_len=71.3
[gat-train] update=2097 samples=335520 fps=11.1 loss=0.7450 actor=0.2212 value=0.5518 entropy=2.8007 mean_return=16.113 mean_len=71.0
[gat-train] update=2098 samples=335680 fps=11.1 loss=0.6059 actor=0.3485 value=0.2853 entropy=2.7829 mean_return=16.100 mean_len=70.8
[gat-train] update=2099 samples=335840 fps=11.1 loss=0.0904 actor=-0.3041 value=0.4217 entropy=2.7184 mean_return=16.040 mean_len=70.2
[gat-train] update=2100 samples=336000 fps=11.1 loss=0.0246 actor=-0.1986 value=0.2501 entropy=2.6873 mean_return=16.022 mean_len=70.2
[gat-train] eval update=2100 comp_score=85.85 best=86.18
[gat-train] update=2101 samples=336160 fps=11.1 loss=0.0877 actor=-0.1517 value=0.2674 entropy=2.7959 mean_return=15.988 mean_len=69.9
[gat-train] update=2102 samples=336320 fps=11.1 loss=0.3921 actor=0.0433 value=0.3761 entropy=2.7264 mean_return=16.037 mean_len=70.2
[gat-train] update=2103 samples=336480 fps=11.1 loss=0.1714 actor=-0.0865 value=0.2853 entropy=2.7418 mean_return=16.033 mean_len=70.1
[gat-train] update=2104 samples=336640 fps=11.1 loss=0.6791 actor=0.2644 value=0.4424 entropy=2.7736 mean_return=15.991 mean_len=69.8
[gat-train] update=2105 samples=336800 fps=11.2 loss=0.1556 actor=-0.0881 value=0.2704 entropy=2.6686 mean_return=15.962 mean_len=69.7
[gat-train] update=2106 samples=336960 fps=11.2 loss=0.2824 actor=0.0155 value=0.2930 entropy=2.6051 mean_return=15.921 mean_len=69.7
[gat-train] update=2107 samples=337120 fps=11.2 loss=0.1785 actor=-0.0520 value=0.2567 entropy=2.6150 mean_return=15.849 mean_len=69.3
[gat-train] update=2108 samples=337280 fps=11.2 loss=0.0825 actor=-0.1450 value=0.2530 entropy=2.5576 mean_return=15.849 mean_len=69.3
[gat-train] update=2109 samples=337440 fps=11.2 loss=0.4461 actor=0.1406 value=0.3314 entropy=2.5910 mean_return=15.788 mean_len=69.0
[gat-train] update=2110 samples=337600 fps=11.2 loss=1.6432 actor=0.9264 value=0.7432 entropy=2.6352 mean_return=15.760 mean_len=69.0
[gat-train] update=2111 samples=337760 fps=11.2 loss=0.2182 actor=-0.0954 value=0.3378 entropy=2.4134 mean_return=15.698 mean_len=68.4
[gat-train] update=2112 samples=337920 fps=11.2 loss=0.5525 actor=0.3283 value=0.2487 entropy=2.4542 mean_return=15.767 mean_len=69.0
[gat-train] update=2113 samples=338080 fps=11.2 loss=0.3222 actor=0.1358 value=0.2113 entropy=2.4927 mean_return=15.786 mean_len=69.3
[gat-train] update=2114 samples=338240 fps=11.2 loss=0.0522 actor=-0.2315 value=0.3100 entropy=2.6312 mean_return=15.815 mean_len=69.5
[gat-train] update=2115 samples=338400 fps=11.2 loss=0.0364 actor=-0.2984 value=0.3611 entropy=2.6345 mean_return=15.823 mean_len=69.6
[gat-train] update=2116 samples=338560 fps=11.2 loss=0.5375 actor=0.2555 value=0.3086 entropy=2.6602 mean_return=15.797 mean_len=69.5
[gat-train] update=2117 samples=338720 fps=11.2 loss=0.8509 actor=0.4685 value=0.4093 entropy=2.6946 mean_return=15.800 mean_len=69.8
[gat-train] update=2118 samples=338880 fps=11.2 loss=0.9281 actor=0.3866 value=0.5671 entropy=2.5728 mean_return=15.800 mean_len=69.9
[gat-train] update=2119 samples=339040 fps=11.2 loss=0.6782 actor=0.3286 value=0.3740 entropy=2.4378 mean_return=15.813 mean_len=69.9
[gat-train] update=2120 samples=339200 fps=11.2 loss=0.6869 actor=0.3674 value=0.3433 entropy=2.3830 mean_return=15.842 mean_len=70.3
[gat-train] update=2121 samples=339360 fps=11.2 loss=0.3343 actor=0.1126 value=0.2458 entropy=2.4164 mean_return=15.873 mean_len=70.3
[gat-train] update=2122 samples=339520 fps=11.2 loss=0.5853 actor=0.1227 value=0.4878 entropy=2.5178 mean_return=15.961 mean_len=70.8
[gat-train] update=2123 samples=339680 fps=11.2 loss=0.4734 actor=0.0635 value=0.4352 entropy=2.5321 mean_return=15.963 mean_len=70.9
[gat-train] update=2124 samples=339840 fps=11.2 loss=0.8781 actor=0.3589 value=0.5443 entropy=2.5110 mean_return=15.989 mean_len=70.9
[gat-train] update=2125 samples=340000 fps=11.2 loss=0.1304 actor=-0.0217 value=0.1757 entropy=2.3650 mean_return=16.018 mean_len=71.0
[gat-train] update=2126 samples=340160 fps=11.2 loss=1.0332 actor=0.5006 value=0.5563 entropy=2.3740 mean_return=16.082 mean_len=71.5
[gat-train] update=2127 samples=340320 fps=11.2 loss=0.5792 actor=0.1331 value=0.4698 entropy=2.3759 mean_return=16.149 mean_len=71.7
[gat-train] update=2128 samples=340480 fps=11.2 loss=0.2473 actor=0.1176 value=0.1536 entropy=2.3957 mean_return=16.149 mean_len=71.7
[gat-train] update=2129 samples=340640 fps=11.2 loss=1.0937 actor=0.3752 value=0.7434 entropy=2.4939 mean_return=16.250 mean_len=72.1
[gat-train] update=2130 samples=340800 fps=11.2 loss=0.1294 actor=-0.0750 value=0.2285 entropy=2.4100 mean_return=16.276 mean_len=72.3
[gat-train] update=2131 samples=340960 fps=11.2 loss=0.9561 actor=0.4556 value=0.5249 entropy=2.4404 mean_return=16.351 mean_len=72.8
[gat-train] update=2132 samples=341120 fps=11.2 loss=0.4645 actor=0.0851 value=0.4037 entropy=2.4336 mean_return=16.360 mean_len=72.8
[gat-train] update=2133 samples=341280 fps=11.2 loss=-0.0287 actor=-0.1978 value=0.1925 entropy=2.3366 mean_return=16.324 mean_len=72.4
[gat-train] update=2134 samples=341440 fps=11.2 loss=0.3641 actor=0.1910 value=0.1977 entropy=2.4597 mean_return=16.324 mean_len=72.4
[gat-train] update=2135 samples=341600 fps=11.2 loss=0.9184 actor=0.1273 value=0.8154 entropy=2.4394 mean_return=16.429 mean_len=73.1
[gat-train] update=2136 samples=341760 fps=11.2 loss=0.3467 actor=0.1478 value=0.2229 entropy=2.3950 mean_return=16.491 mean_len=73.4
[gat-train] update=2137 samples=341920 fps=11.2 loss=0.1563 actor=-0.0582 value=0.2396 entropy=2.5093 mean_return=16.507 mean_len=73.5
[gat-train] update=2138 samples=342080 fps=11.2 loss=0.2516 actor=-0.1640 value=0.4408 entropy=2.5141 mean_return=16.575 mean_len=73.8
[gat-train] update=2139 samples=342240 fps=11.2 loss=0.4985 actor=-0.0431 value=0.5664 entropy=2.4809 mean_return=16.635 mean_len=74.2
[gat-train] update=2140 samples=342400 fps=11.2 loss=0.7700 actor=0.1781 value=0.6170 entropy=2.5104 mean_return=16.703 mean_len=74.6
[gat-train] update=2141 samples=342560 fps=11.2 loss=0.5947 actor=0.2813 value=0.3371 entropy=2.3656 mean_return=16.735 mean_len=74.9
[gat-train] update=2142 samples=342720 fps=11.2 loss=0.4600 actor=0.1020 value=0.3819 entropy=2.3963 mean_return=16.731 mean_len=75.0
[gat-train] update=2143 samples=342880 fps=11.2 loss=0.2478 actor=0.0299 value=0.2434 entropy=2.5541 mean_return=16.737 mean_len=74.9
[gat-train] update=2144 samples=343040 fps=11.2 loss=0.2715 actor=-0.1246 value=0.4210 entropy=2.4948 mean_return=16.774 mean_len=75.1
[gat-train] update=2145 samples=343200 fps=11.2 loss=0.6005 actor=0.1193 value=0.5068 entropy=2.5618 mean_return=16.814 mean_len=75.1
[gat-train] update=2146 samples=343360 fps=11.2 loss=0.8067 actor=0.4457 value=0.3860 entropy=2.5027 mean_return=16.832 mean_len=75.3
[gat-train] update=2147 samples=343520 fps=11.3 loss=0.5042 actor=0.0798 value=0.4495 entropy=2.5036 mean_return=16.930 mean_len=75.7
[gat-train] update=2148 samples=343680 fps=11.3 loss=0.5135 actor=0.2872 value=0.2512 entropy=2.4781 mean_return=16.864 mean_len=75.6
[gat-train] update=2149 samples=343840 fps=11.3 loss=0.1776 actor=-0.1513 value=0.3529 entropy=2.4022 mean_return=16.855 mean_len=75.4
[gat-train] update=2150 samples=344000 fps=11.3 loss=0.4364 actor=0.1149 value=0.3469 entropy=2.5388 mean_return=16.861 mean_len=75.3
[gat-train] eval update=2150 comp_score=84.14 best=86.18
[gat-train] update=2151 samples=344160 fps=11.3 loss=0.0535 actor=-0.2164 value=0.2962 entropy=2.6209 mean_return=16.818 mean_len=75.0
[gat-train] update=2152 samples=344320 fps=11.3 loss=0.4276 actor=0.2588 value=0.1950 entropy=2.6295 mean_return=16.796 mean_len=74.9
[gat-train] update=2153 samples=344480 fps=11.3 loss=0.4556 actor=0.1181 value=0.3641 entropy=2.6605 mean_return=16.760 mean_len=74.6
[gat-train] update=2154 samples=344640 fps=11.3 loss=0.9813 actor=0.2782 value=0.7294 entropy=2.6301 mean_return=16.762 mean_len=74.3
[gat-train] update=2155 samples=344800 fps=11.3 loss=0.2470 actor=0.0214 value=0.2514 entropy=2.5832 mean_return=16.765 mean_len=74.3
[gat-train] update=2156 samples=344960 fps=11.3 loss=0.7100 actor=0.3040 value=0.4329 entropy=2.6815 mean_return=16.804 mean_len=74.8
[gat-train] update=2157 samples=345120 fps=11.3 loss=0.1928 actor=-0.1979 value=0.4180 entropy=2.7322 mean_return=16.747 mean_len=74.6
[gat-train] update=2158 samples=345280 fps=11.3 loss=0.2946 actor=-0.0366 value=0.3587 entropy=2.7439 mean_return=16.781 mean_len=74.5
[gat-train] update=2159 samples=345440 fps=11.3 loss=0.4123 actor=0.1211 value=0.3185 entropy=2.7298 mean_return=16.764 mean_len=74.5
[gat-train] update=2160 samples=345600 fps=11.3 loss=0.4152 actor=-0.0300 value=0.4715 entropy=2.6389 mean_return=16.766 mean_len=74.2
[gat-train] update=2161 samples=345760 fps=11.3 loss=0.3580 actor=-0.0231 value=0.4068 entropy=2.5667 mean_return=16.703 mean_len=74.0
[gat-train] update=2162 samples=345920 fps=11.3 loss=0.5451 actor=0.0485 value=0.5225 entropy=2.5899 mean_return=16.702 mean_len=74.0
[gat-train] update=2163 samples=346080 fps=11.3 loss=0.8752 actor=0.3839 value=0.5173 entropy=2.6056 mean_return=16.687 mean_len=73.9
[gat-train] update=2164 samples=346240 fps=11.3 loss=0.4528 actor=0.1178 value=0.3591 entropy=2.4120 mean_return=16.640 mean_len=73.8
[gat-train] update=2165 samples=346400 fps=11.3 loss=1.1013 actor=0.5631 value=0.5623 entropy=2.4204 mean_return=16.577 mean_len=73.6
[gat-train] update=2166 samples=346560 fps=11.3 loss=0.4871 actor=-0.0699 value=0.5804 entropy=2.3501 mean_return=16.556 mean_len=73.5
[gat-train] update=2167 samples=346720 fps=11.3 loss=0.6665 actor=0.2356 value=0.4565 entropy=2.5673 mean_return=16.525 mean_len=73.5
[gat-train] update=2168 samples=346880 fps=11.3 loss=0.0407 actor=-0.1357 value=0.2013 entropy=2.4862 mean_return=16.525 mean_len=73.5
[gat-train] update=2169 samples=347040 fps=11.3 loss=0.5517 actor=0.2282 value=0.3481 entropy=2.4658 mean_return=16.431 mean_len=73.1
[gat-train] update=2170 samples=347200 fps=11.3 loss=0.3983 actor=0.0948 value=0.3276 entropy=2.3998 mean_return=16.391 mean_len=72.8
[gat-train] update=2171 samples=347360 fps=11.3 loss=0.7759 actor=0.2824 value=0.5185 entropy=2.4943 mean_return=16.388 mean_len=73.0
[gat-train] update=2172 samples=347520 fps=11.3 loss=-0.0225 actor=-0.1362 value=0.1388 entropy=2.5091 mean_return=16.366 mean_len=72.9
[gat-train] update=2173 samples=347680 fps=11.3 loss=0.3562 actor=0.1182 value=0.2634 entropy=2.5385 mean_return=16.365 mean_len=73.0
[gat-train] update=2174 samples=347840 fps=11.3 loss=0.1514 actor=-0.0471 value=0.2242 entropy=2.5746 mean_return=16.343 mean_len=73.0
[gat-train] update=2175 samples=348000 fps=11.3 loss=0.1614 actor=-0.0531 value=0.2402 entropy=2.5698 mean_return=16.352 mean_len=73.1
[gat-train] update=2176 samples=348160 fps=11.3 loss=0.1760 actor=-0.0213 value=0.2230 entropy=2.5656 mean_return=16.352 mean_len=73.1
[gat-train] update=2177 samples=348320 fps=11.3 loss=0.9886 actor=0.6401 value=0.3731 entropy=2.4580 mean_return=16.343 mean_len=73.2
[gat-train] update=2178 samples=348480 fps=11.3 loss=0.2943 actor=-0.0048 value=0.3221 entropy=2.3029 mean_return=16.320 mean_len=72.8
[gat-train] update=2179 samples=348640 fps=11.3 loss=0.5872 actor=0.2776 value=0.3322 entropy=2.2677 mean_return=16.336 mean_len=72.6
[gat-train] update=2180 samples=348800 fps=11.3 loss=0.8090 actor=0.4797 value=0.3515 entropy=2.2190 mean_return=16.298 mean_len=72.6
[gat-train] update=2181 samples=348960 fps=11.3 loss=0.0664 actor=-0.1738 value=0.2620 entropy=2.1669 mean_return=16.285 mean_len=72.5
[gat-train] update=2182 samples=349120 fps=11.3 loss=0.3408 actor=0.0688 value=0.2946 entropy=2.2560 mean_return=16.283 mean_len=72.6
[gat-train] update=2183 samples=349280 fps=11.3 loss=0.2925 actor=-0.0420 value=0.3565 entropy=2.2052 mean_return=16.277 mean_len=72.7
[gat-train] update=2184 samples=349440 fps=11.3 loss=0.4757 actor=0.1800 value=0.3170 entropy=2.1295 mean_return=16.293 mean_len=73.0
[gat-train] update=2185 samples=349600 fps=11.3 loss=0.9609 actor=0.5302 value=0.4520 entropy=2.1312 mean_return=16.216 mean_len=72.8
[gat-train] update=2186 samples=349760 fps=11.3 loss=0.6760 actor=0.3136 value=0.3826 entropy=2.0232 mean_return=16.252 mean_len=72.8
[gat-train] update=2187 samples=349920 fps=11.3 loss=0.1327 actor=-0.0460 value=0.1995 entropy=2.0692 mean_return=16.223 mean_len=72.4
[gat-train] update=2188 samples=350080 fps=11.3 loss=0.4453 actor=0.1830 value=0.2842 entropy=2.1885 mean_return=16.229 mean_len=72.7
[gat-train] update=2189 samples=350240 fps=11.3 loss=0.7820 actor=0.1736 value=0.6292 entropy=2.0876 mean_return=16.266 mean_len=73.0
[gat-train] update=2190 samples=350400 fps=11.3 loss=-0.0275 actor=-0.1669 value=0.1609 entropy=2.1566 mean_return=16.266 mean_len=73.0
[gat-train] update=2191 samples=350560 fps=11.3 loss=0.7871 actor=0.3659 value=0.4435 entropy=2.2371 mean_return=16.249 mean_len=73.1
[gat-train] update=2192 samples=350720 fps=11.4 loss=0.3346 actor=-0.0583 value=0.4139 entropy=2.0999 mean_return=16.270 mean_len=73.1
[gat-train] update=2193 samples=350880 fps=11.4 loss=1.2058 actor=0.5216 value=0.7062 entropy=2.1909 mean_return=16.370 mean_len=73.5
[gat-train] update=2194 samples=351040 fps=11.4 loss=0.1716 actor=-0.0373 value=0.2297 entropy=2.0792 mean_return=16.437 mean_len=73.9
[gat-train] update=2195 samples=351200 fps=11.4 loss=1.0119 actor=0.5493 value=0.4834 entropy=2.0823 mean_return=16.487 mean_len=73.9
[gat-train] update=2196 samples=351360 fps=11.4 loss=0.6083 actor=0.2824 value=0.3478 entropy=2.1909 mean_return=16.532 mean_len=74.1
[gat-train] update=2197 samples=351520 fps=11.4 loss=0.6319 actor=0.1787 value=0.4749 entropy=2.1702 mean_return=16.593 mean_len=74.5
[gat-train] update=2198 samples=351680 fps=11.4 loss=0.0213 actor=-0.0727 value=0.1162 entropy=2.2227 mean_return=16.593 mean_len=74.5
[gat-train] update=2199 samples=351840 fps=11.4 loss=0.0221 actor=-0.2129 value=0.2586 entropy=2.3553 mean_return=16.620 mean_len=74.4
[gat-train] update=2200 samples=352000 fps=11.4 loss=0.4995 actor=0.1812 value=0.3409 entropy=2.2576 mean_return=16.689 mean_len=74.7
[gat-train] eval update=2200 comp_score=86.69 best=86.69  *NEW BEST -> PCT-best.pt*
[gat-train] update=2201 samples=352160 fps=11.4 loss=0.6460 actor=0.2702 value=0.3979 entropy=2.2129 mean_return=16.806 mean_len=75.4
[gat-train] update=2202 samples=352320 fps=11.4 loss=0.5804 actor=0.2158 value=0.3876 entropy=2.2953 mean_return=16.845 mean_len=75.8
[gat-train] update=2203 samples=352480 fps=11.4 loss=0.0917 actor=-0.1815 value=0.2971 entropy=2.3921 mean_return=16.879 mean_len=76.0
[gat-train] update=2204 samples=352640 fps=11.4 loss=0.8852 actor=0.5585 value=0.3518 entropy=2.5118 mean_return=16.919 mean_len=76.0
[gat-train] update=2205 samples=352800 fps=11.4 loss=0.8582 actor=0.3202 value=0.5634 entropy=2.5368 mean_return=16.966 mean_len=76.2
[gat-train] update=2206 samples=352960 fps=11.4 loss=-0.0286 actor=-0.2446 value=0.2408 entropy=2.4863 mean_return=16.966 mean_len=76.2
[gat-train] update=2207 samples=353120 fps=11.4 loss=0.7036 actor=0.2582 value=0.4719 entropy=2.6542 mean_return=17.045 mean_len=76.0
[gat-train] update=2208 samples=353280 fps=11.4 loss=0.8054 actor=0.2420 value=0.5886 entropy=2.5163 mean_return=17.153 mean_len=76.1
[gat-train] update=2209 samples=353440 fps=11.4 loss=0.5498 actor=0.1985 value=0.3768 entropy=2.5524 mean_return=17.142 mean_len=76.1
[gat-train] update=2210 samples=353600 fps=11.4 loss=0.1947 actor=-0.0461 value=0.2672 entropy=2.6381 mean_return=17.119 mean_len=75.7
[gat-train] update=2211 samples=353760 fps=11.4 loss=0.5365 actor=0.0220 value=0.5414 entropy=2.6898 mean_return=17.128 mean_len=75.5
[gat-train] update=2212 samples=353920 fps=11.4 loss=0.2236 actor=-0.0497 value=0.2992 entropy=2.5941 mean_return=17.101 mean_len=75.4
[gat-train] update=2213 samples=354080 fps=11.4 loss=0.0754 actor=-0.1204 value=0.2224 entropy=2.6618 mean_return=17.071 mean_len=75.2
[gat-train] update=2214 samples=354240 fps=11.4 loss=0.0554 actor=-0.1442 value=0.2267 entropy=2.7093 mean_return=17.053 mean_len=75.0
[gat-train] update=2215 samples=354400 fps=11.4 loss=0.7881 actor=0.3418 value=0.4736 entropy=2.7236 mean_return=17.000 mean_len=74.9
[gat-train] update=2216 samples=354560 fps=11.4 loss=0.6390 actor=0.0112 value=0.6543 entropy=2.6397 mean_return=16.994 mean_len=74.9
[gat-train] update=2217 samples=354720 fps=11.4 loss=0.0430 actor=-0.1808 value=0.2502 entropy=2.6378 mean_return=16.883 mean_len=74.3
[gat-train] update=2218 samples=354880 fps=11.4 loss=0.0377 actor=-0.1064 value=0.1712 entropy=2.7082 mean_return=16.842 mean_len=73.9
[gat-train] update=2219 samples=355040 fps=11.4 loss=0.4198 actor=0.1798 value=0.2679 entropy=2.7891 mean_return=16.770 mean_len=73.6
[gat-train] update=2220 samples=355200 fps=11.4 loss=0.0981 actor=0.0120 value=0.1138 entropy=2.7619 mean_return=16.763 mean_len=73.4
[gat-train] update=2221 samples=355360 fps=11.4 loss=-0.1229 actor=-0.4195 value=0.3241 entropy=2.7418 mean_return=16.502 mean_len=72.3
[gat-train] update=2222 samples=355520 fps=11.4 loss=0.1072 actor=-0.1044 value=0.2389 entropy=2.7340 mean_return=16.436 mean_len=72.2
[gat-train] update=2223 samples=355680 fps=11.4 loss=-0.0254 actor=-0.2569 value=0.2599 entropy=2.8376 mean_return=16.414 mean_len=72.2
[gat-train] update=2224 samples=355840 fps=11.4 loss=0.3616 actor=0.1346 value=0.2552 entropy=2.8259 mean_return=16.393 mean_len=72.0
[gat-train] update=2225 samples=356000 fps=11.4 loss=0.1518 actor=-0.2518 value=0.4308 entropy=2.7191 mean_return=16.158 mean_len=70.5
[gat-train] update=2226 samples=356160 fps=11.4 loss=0.2420 actor=0.1199 value=0.1494 entropy=2.7434 mean_return=16.111 mean_len=70.3
[gat-train] update=2227 samples=356320 fps=11.4 loss=0.3057 actor=0.0420 value=0.2906 entropy=2.6890 mean_return=15.993 mean_len=69.9
[gat-train] update=2228 samples=356480 fps=11.4 loss=0.0948 actor=-0.0435 value=0.1663 entropy=2.7944 mean_return=15.955 mean_len=69.7
[gat-train] update=2229 samples=356640 fps=11.4 loss=0.0589 actor=-0.0996 value=0.1859 entropy=2.7342 mean_return=15.860 mean_len=69.4
[gat-train] update=2230 samples=356800 fps=11.4 loss=0.4094 actor=0.1751 value=0.2617 entropy=2.7416 mean_return=15.818 mean_len=69.2
[gat-train] update=2231 samples=356960 fps=11.4 loss=1.0785 actor=0.3812 value=0.7236 entropy=2.6346 mean_return=15.765 mean_len=69.2
[gat-train] update=2232 samples=357120 fps=11.4 loss=-0.0257 actor=-0.3230 value=0.3232 entropy=2.5896 mean_return=15.763 mean_len=69.3
[gat-train] update=2233 samples=357280 fps=11.4 loss=0.4277 actor=0.2147 value=0.2412 entropy=2.8223 mean_return=15.763 mean_len=69.3
[gat-train] update=2234 samples=357440 fps=11.4 loss=0.8457 actor=0.4412 value=0.4320 entropy=2.7473 mean_return=15.626 mean_len=68.5
[gat-train] update=2235 samples=357600 fps=11.4 loss=0.1318 actor=-0.1116 value=0.2685 entropy=2.5110 mean_return=15.599 mean_len=68.1
[gat-train] update=2236 samples=357760 fps=11.4 loss=0.3563 actor=0.0294 value=0.3537 entropy=2.6791 mean_return=15.519 mean_len=67.7
[gat-train] update=2237 samples=357920 fps=11.5 loss=-0.0186 actor=-0.2205 value=0.2280 entropy=2.6087 mean_return=15.519 mean_len=67.7
[gat-train] update=2238 samples=358080 fps=11.5 loss=0.2232 actor=0.0597 value=0.1900 entropy=2.6489 mean_return=15.461 mean_len=67.2
[gat-train] update=2239 samples=358240 fps=11.5 loss=0.2597 actor=0.0761 value=0.2096 entropy=2.6075 mean_return=15.451 mean_len=67.4
[gat-train] update=2240 samples=358400 fps=11.5 loss=0.4318 actor=0.1593 value=0.2994 entropy=2.6887 mean_return=15.421 mean_len=67.2
[gat-train] update=2241 samples=358560 fps=11.5 loss=0.1461 actor=-0.0172 value=0.1909 entropy=2.7582 mean_return=15.421 mean_len=67.2
[gat-train] update=2242 samples=358720 fps=11.5 loss=0.0107 actor=-0.4638 value=0.5017 entropy=2.7215 mean_return=15.550 mean_len=68.1
[gat-train] update=2243 samples=358880 fps=11.5 loss=0.0807 actor=-0.0265 value=0.1346 entropy=2.7389 mean_return=15.550 mean_len=68.1
[gat-train] update=2244 samples=359040 fps=11.5 loss=0.0542 actor=-0.0790 value=0.1604 entropy=2.7151 mean_return=15.574 mean_len=67.9
[gat-train] update=2245 samples=359200 fps=11.5 loss=0.3312 actor=0.1607 value=0.1968 entropy=2.6277 mean_return=15.536 mean_len=67.7
[gat-train] update=2246 samples=359360 fps=11.5 loss=-0.0029 actor=-0.2831 value=0.3055 entropy=2.5262 mean_return=15.553 mean_len=67.9
[gat-train] update=2247 samples=359520 fps=11.5 loss=0.4301 actor=0.1479 value=0.3078 entropy=2.5508 mean_return=15.590 mean_len=68.0
[gat-train] update=2248 samples=359680 fps=11.5 loss=0.2512 actor=-0.0161 value=0.2915 entropy=2.4109 mean_return=15.588 mean_len=68.1
[gat-train] update=2249 samples=359840 fps=11.5 loss=0.1983 actor=0.0077 value=0.2136 entropy=2.3036 mean_return=15.611 mean_len=68.3
[gat-train] update=2250 samples=360000 fps=11.5 loss=0.5480 actor=0.1978 value=0.3724 entropy=2.2266 mean_return=15.661 mean_len=68.8
[gat-train] eval update=2250 comp_score=86.68 best=86.69
[gat-train] update=2251 samples=360160 fps=11.5 loss=0.7800 actor=0.1989 value=0.6038 entropy=2.2658 mean_return=15.715 mean_len=69.4
[gat-train] update=2252 samples=360320 fps=11.5 loss=-0.0626 actor=-0.2137 value=0.1726 entropy=2.1460 mean_return=15.715 mean_len=69.4
[gat-train] update=2253 samples=360480 fps=11.5 loss=0.7479 actor=0.3247 value=0.4450 entropy=2.1813 mean_return=15.758 mean_len=69.6
[gat-train] update=2254 samples=360640 fps=11.5 loss=1.0629 actor=0.4161 value=0.6694 entropy=2.2679 mean_return=15.788 mean_len=69.8
[gat-train] update=2255 samples=360800 fps=11.5 loss=0.8431 actor=0.4059 value=0.4586 entropy=2.1330 mean_return=15.832 mean_len=70.2
[gat-train] update=2256 samples=360960 fps=11.5 loss=0.1646 actor=0.0349 value=0.1508 entropy=2.1086 mean_return=15.832 mean_len=70.2
[gat-train] update=2257 samples=361120 fps=11.5 loss=0.3669 actor=0.1356 value=0.2530 entropy=2.1673 mean_return=15.881 mean_len=70.5
[gat-train] update=2258 samples=361280 fps=11.5 loss=0.3014 actor=0.0206 value=0.3023 entropy=2.1455 mean_return=15.961 mean_len=70.8
[gat-train] update=2259 samples=361440 fps=11.5 loss=0.8549 actor=0.3847 value=0.4915 entropy=2.1270 mean_return=16.045 mean_len=71.3
[gat-train] update=2260 samples=361600 fps=11.5 loss=0.5028 actor=-0.0903 value=0.6142 entropy=2.1052 mean_return=16.076 mean_len=71.4
[gat-train] update=2261 samples=361760 fps=11.5 loss=1.4789 actor=0.5925 value=0.9090 entropy=2.2580 mean_return=16.208 mean_len=72.5
[gat-train] update=2262 samples=361920 fps=11.5 loss=0.3251 actor=0.0151 value=0.3306 entropy=2.0566 mean_return=16.245 mean_len=72.7
[gat-train] update=2263 samples=362080 fps=11.5 loss=0.2067 actor=0.0908 value=0.1371 entropy=2.1189 mean_return=16.272 mean_len=72.9
[gat-train] update=2264 samples=362240 fps=11.5 loss=0.6920 actor=0.3101 value=0.4028 entropy=2.0922 mean_return=16.284 mean_len=73.1
[gat-train] update=2265 samples=362400 fps=11.5 loss=0.5049 actor=0.1332 value=0.3921 entropy=2.0406 mean_return=16.340 mean_len=73.5
[gat-train] update=2266 samples=362560 fps=11.5 loss=0.6361 actor=0.3190 value=0.3379 entropy=2.0729 mean_return=16.408 mean_len=73.9
[gat-train] update=2267 samples=362720 fps=11.5 loss=0.1929 actor=-0.0070 value=0.2212 entropy=2.1251 mean_return=16.478 mean_len=74.2
[gat-train] update=2268 samples=362880 fps=11.5 loss=0.0832 actor=-0.0545 value=0.1599 entropy=2.2170 mean_return=16.478 mean_len=74.2
[gat-train] update=2269 samples=363040 fps=11.5 loss=0.5409 actor=-0.0143 value=0.5787 entropy=2.3432 mean_return=16.605 mean_len=74.6
[gat-train] update=2270 samples=363200 fps=11.5 loss=0.3069 actor=-0.0649 value=0.3952 entropy=2.3469 mean_return=16.623 mean_len=74.8
[gat-train] update=2271 samples=363360 fps=11.5 loss=0.8188 actor=0.2770 value=0.5649 entropy=2.3094 mean_return=16.701 mean_len=75.3
[gat-train] update=2272 samples=363520 fps=11.5 loss=1.2687 actor=0.5231 value=0.7677 entropy=2.2103 mean_return=16.757 mean_len=75.6
[gat-train] update=2273 samples=363680 fps=11.5 loss=0.6265 actor=0.1771 value=0.4712 entropy=2.1908 mean_return=16.832 mean_len=75.7
[gat-train] update=2274 samples=363840 fps=11.5 loss=0.2386 actor=0.0336 value=0.2275 entropy=2.2482 mean_return=16.827 mean_len=75.6
[gat-train] update=2275 samples=364000 fps=11.5 loss=0.1504 actor=-0.1364 value=0.3092 entropy=2.2436 mean_return=16.836 mean_len=75.7
[gat-train] update=2276 samples=364160 fps=11.5 loss=0.2331 actor=0.0012 value=0.2553 entropy=2.3373 mean_return=16.876 mean_len=75.8
[gat-train] update=2277 samples=364320 fps=11.5 loss=0.8795 actor=0.3001 value=0.6019 entropy=2.2454 mean_return=16.988 mean_len=76.1
[gat-train] update=2278 samples=364480 fps=11.5 loss=0.6514 actor=0.3973 value=0.2760 entropy=2.1856 mean_return=16.989 mean_len=76.0
[gat-train] update=2279 samples=364640 fps=11.5 loss=0.9082 actor=0.3234 value=0.6053 entropy=2.0505 mean_return=17.010 mean_len=75.6
[gat-train] update=2280 samples=364800 fps=11.5 loss=0.6461 actor=0.3061 value=0.3610 entropy=2.1006 mean_return=17.039 mean_len=75.6
[gat-train] update=2281 samples=364960 fps=11.5 loss=0.0454 actor=-0.0951 value=0.1619 entropy=2.1364 mean_return=17.039 mean_len=75.6
[gat-train] update=2282 samples=365120 fps=11.5 loss=0.5455 actor=0.0585 value=0.5093 entropy=2.2208 mean_return=17.046 mean_len=75.8
[gat-train] update=2283 samples=365280 fps=11.5 loss=0.8997 actor=0.4272 value=0.4956 entropy=2.3096 mean_return=17.007 mean_len=75.5
[gat-train] update=2284 samples=365440 fps=11.5 loss=0.0629 actor=-0.1326 value=0.2173 entropy=2.1834 mean_return=17.007 mean_len=75.5
[gat-train] update=2285 samples=365600 fps=11.5 loss=0.4965 actor=-0.0353 value=0.5554 entropy=2.3613 mean_return=17.033 mean_len=75.3
[gat-train] update=2286 samples=365760 fps=11.6 loss=0.1119 actor=-0.0094 value=0.1443 entropy=2.3026 mean_return=17.049 mean_len=75.4
[gat-train] update=2287 samples=365920 fps=11.6 loss=0.2257 actor=0.0028 value=0.2463 entropy=2.3434 mean_return=17.085 mean_len=75.7
[gat-train] update=2288 samples=366080 fps=11.6 loss=0.8738 actor=0.1711 value=0.7262 entropy=2.3550 mean_return=17.166 mean_len=76.0
[gat-train] update=2289 samples=366240 fps=11.6 loss=0.8164 actor=0.3989 value=0.4402 entropy=2.2695 mean_return=17.188 mean_len=75.9
[gat-train] update=2290 samples=366400 fps=11.6 loss=0.0208 actor=-0.1705 value=0.2138 entropy=2.2478 mean_return=17.188 mean_len=75.9
[gat-train] update=2291 samples=366560 fps=11.6 loss=0.6710 actor=0.2366 value=0.4574 entropy=2.3041 mean_return=17.189 mean_len=75.8
[gat-train] update=2292 samples=366720 fps=11.6 loss=1.0485 actor=0.4967 value=0.5741 entropy=2.2315 mean_return=17.160 mean_len=75.6
[gat-train] update=2293 samples=366880 fps=11.6 loss=0.0412 actor=-0.3183 value=0.3805 entropy=2.0958 mean_return=17.099 mean_len=75.0
[gat-train] update=2294 samples=367040 fps=11.6 loss=0.2650 actor=0.0283 value=0.2595 entropy=2.2682 mean_return=17.086 mean_len=75.0
[gat-train] update=2295 samples=367200 fps=11.6 loss=1.3123 actor=0.6740 value=0.6617 entropy=2.3383 mean_return=17.120 mean_len=75.1
[gat-train] update=2296 samples=367360 fps=11.6 loss=0.3805 actor=0.1679 value=0.2363 entropy=2.3791 mean_return=17.110 mean_len=75.1
[gat-train] update=2297 samples=367520 fps=11.6 loss=-0.1338 actor=-0.2793 value=0.1699 entropy=2.4379 mean_return=17.110 mean_len=75.1
[gat-train] update=2298 samples=367680 fps=11.6 loss=0.1027 actor=-0.1792 value=0.3075 entropy=2.5685 mean_return=17.124 mean_len=75.1
[gat-train] update=2299 samples=367840 fps=11.6 loss=0.7713 actor=0.2921 value=0.5041 entropy=2.4982 mean_return=17.046 mean_len=74.8
[gat-train] update=2300 samples=368000 fps=11.6 loss=0.2739 actor=0.0589 value=0.2396 entropy=2.4636 mean_return=17.016 mean_len=74.7
[gat-train] eval update=2300 comp_score=87.48 best=87.48  *NEW BEST -> PCT-best.pt*
[gat-train] update=2301 samples=368160 fps=11.6 loss=0.1527 actor=-0.0125 value=0.1908 entropy=2.5594 mean_return=17.016 mean_len=74.7
[gat-train] update=2302 samples=368320 fps=11.6 loss=0.0844 actor=-0.1064 value=0.2174 entropy=2.6617 mean_return=17.004 mean_len=74.7
[gat-train] update=2303 samples=368480 fps=11.6 loss=0.4028 actor=0.1749 value=0.2534 entropy=2.5529 mean_return=17.009 mean_len=74.8
[gat-train] update=2304 samples=368640 fps=11.6 loss=0.7645 actor=0.3884 value=0.4017 entropy=2.5618 mean_return=17.018 mean_len=74.8
[gat-train] update=2305 samples=368800 fps=11.6 loss=0.0654 actor=-0.2204 value=0.3108 entropy=2.4986 mean_return=17.024 mean_len=74.8
[gat-train] update=2306 samples=368960 fps=11.6 loss=0.4708 actor=0.1646 value=0.3311 entropy=2.4883 mean_return=16.978 mean_len=74.4
[gat-train] update=2307 samples=369120 fps=11.6 loss=0.5937 actor=0.1093 value=0.5087 entropy=2.4219 mean_return=16.997 mean_len=74.4
[gat-train] update=2308 samples=369280 fps=11.6 loss=0.4246 actor=0.0179 value=0.4305 entropy=2.3700 mean_return=16.946 mean_len=74.3
[gat-train] update=2309 samples=369440 fps=11.6 loss=0.5790 actor=0.1361 value=0.4681 entropy=2.5254 mean_return=16.869 mean_len=74.0
[gat-train] update=2310 samples=369600 fps=11.6 loss=-0.1078 actor=-0.3194 value=0.2368 entropy=2.5152 mean_return=16.816 mean_len=73.6
[gat-train] update=2311 samples=369760 fps=11.6 loss=0.5146 actor=0.2067 value=0.3355 entropy=2.7577 mean_return=16.777 mean_len=73.4
[gat-train] update=2312 samples=369920 fps=11.6 loss=0.5394 actor=0.3542 value=0.2129 entropy=2.7777 mean_return=16.722 mean_len=73.1
[gat-train] update=2313 samples=370080 fps=11.6 loss=0.2322 actor=-0.0107 value=0.2702 entropy=2.7203 mean_return=16.681 mean_len=72.9
[gat-train] update=2314 samples=370240 fps=11.6 loss=-0.0271 actor=-0.4113 value=0.4111 entropy=2.6927 mean_return=16.511 mean_len=72.0
[gat-train] update=2315 samples=370400 fps=11.6 loss=-0.1727 actor=-0.2683 value=0.1226 entropy=2.6936 mean_return=16.511 mean_len=72.0
[gat-train] update=2316 samples=370560 fps=11.6 loss=0.1161 actor=-0.0101 value=0.1545 entropy=2.8301 mean_return=16.544 mean_len=72.3
[gat-train] update=2317 samples=370720 fps=11.6 loss=0.3561 actor=0.1590 value=0.2255 entropy=2.8378 mean_return=16.486 mean_len=72.0
[gat-train] update=2318 samples=370880 fps=11.6 loss=0.0644 actor=-0.1299 value=0.2216 entropy=2.7337 mean_return=16.486 mean_len=72.0
[gat-train] update=2319 samples=371040 fps=11.6 loss=0.3440 actor=0.0664 value=0.3049 entropy=2.7245 mean_return=16.424 mean_len=71.6
[gat-train] update=2320 samples=371200 fps=11.6 loss=-0.0400 actor=-0.3916 value=0.3761 entropy=2.4535 mean_return=16.254 mean_len=71.2
[gat-train] update=2321 samples=371360 fps=11.6 loss=0.2270 actor=0.0022 value=0.2490 entropy=2.4126 mean_return=16.204 mean_len=71.0
[gat-train] update=2322 samples=371520 fps=11.6 loss=0.3472 actor=0.1253 value=0.2452 entropy=2.3221 mean_return=16.180 mean_len=70.8
[gat-train] update=2323 samples=371680 fps=11.6 loss=0.6415 actor=0.3694 value=0.2948 entropy=2.2657 mean_return=16.170 mean_len=70.8
[gat-train] update=2324 samples=371840 fps=11.6 loss=0.0935 actor=-0.1316 value=0.2491 entropy=2.3999 mean_return=16.029 mean_len=70.5
[gat-train] update=2325 samples=372000 fps=11.6 loss=0.3822 actor=0.2442 value=0.1625 entropy=2.4530 mean_return=15.978 mean_len=70.3
[gat-train] update=2326 samples=372160 fps=11.6 loss=0.5081 actor=0.1978 value=0.3354 entropy=2.5064 mean_return=15.979 mean_len=70.3
[gat-train] update=2327 samples=372320 fps=11.6 loss=0.3948 actor=0.2620 value=0.1579 entropy=2.5139 mean_return=15.962 mean_len=70.3
[gat-train] update=2328 samples=372480 fps=11.6 loss=0.1449 actor=-0.0453 value=0.2142 entropy=2.4056 mean_return=15.900 mean_len=70.1
[gat-train] update=2329 samples=372640 fps=11.6 loss=0.1899 actor=-0.0073 value=0.2215 entropy=2.4294 mean_return=15.891 mean_len=70.1
[gat-train] update=2330 samples=372800 fps=11.6 loss=-0.1411 actor=-0.3336 value=0.2168 entropy=2.4349 mean_return=15.915 mean_len=70.2
[gat-train] update=2331 samples=372960 fps=11.6 loss=0.0850 actor=-0.0733 value=0.1839 entropy=2.5594 mean_return=15.877 mean_len=69.9
[gat-train] update=2332 samples=373120 fps=11.6 loss=0.0474 actor=-0.0411 value=0.1129 entropy=2.4495 mean_return=15.877 mean_len=69.9
[gat-train] update=2333 samples=373280 fps=11.6 loss=0.5910 actor=0.2866 value=0.3292 entropy=2.4852 mean_return=15.901 mean_len=70.1
[gat-train] update=2334 samples=373440 fps=11.7 loss=0.4913 actor=0.2244 value=0.2897 entropy=2.2851 mean_return=15.876 mean_len=69.9
[gat-train] update=2335 samples=373600 fps=11.7 loss=0.2093 actor=-0.0605 value=0.2915 entropy=2.1620 mean_return=15.926 mean_len=70.3
[gat-train] update=2336 samples=373760 fps=11.7 loss=0.9712 actor=0.4095 value=0.5827 entropy=2.1025 mean_return=16.025 mean_len=70.8
[gat-train] update=2337 samples=373920 fps=11.7 loss=1.1617 actor=0.6157 value=0.5655 entropy=1.9513 mean_return=16.157 mean_len=71.9
[gat-train] update=2338 samples=374080 fps=11.7 loss=0.1164 actor=-0.0703 value=0.2049 entropy=1.8152 mean_return=16.165 mean_len=72.0
[gat-train] update=2339 samples=374240 fps=11.7 loss=0.2631 actor=-0.0277 value=0.3101 entropy=1.9188 mean_return=16.167 mean_len=72.0
[gat-train] update=2340 samples=374400 fps=11.7 loss=0.2437 actor=0.0704 value=0.1914 entropy=1.8063 mean_return=16.172 mean_len=72.1
[gat-train] update=2341 samples=374560 fps=11.7 loss=0.3489 actor=-0.0267 value=0.3945 entropy=1.8974 mean_return=16.227 mean_len=72.5
[gat-train] update=2342 samples=374720 fps=11.7 loss=1.0988 actor=0.4268 value=0.6914 entropy=1.9354 mean_return=16.372 mean_len=73.0
[gat-train] update=2343 samples=374880 fps=11.7 loss=0.6562 actor=0.1776 value=0.4987 entropy=2.0133 mean_return=16.527 mean_len=73.6
[gat-train] update=2344 samples=375040 fps=11.7 loss=0.0191 actor=-0.0605 value=0.0991 entropy=1.9503 mean_return=16.527 mean_len=73.6
[gat-train] update=2345 samples=375200 fps=11.7 loss=0.0094 actor=-0.1522 value=0.1818 entropy=2.0237 mean_return=16.527 mean_len=73.6
[gat-train] update=2346 samples=375360 fps=11.7 loss=0.6350 actor=0.1271 value=0.5287 entropy=2.0762 mean_return=16.624 mean_len=74.1
[gat-train] update=2347 samples=375520 fps=11.7 loss=1.0665 actor=0.3447 value=0.7433 entropy=2.1485 mean_return=16.756 mean_len=74.8
[gat-train] update=2348 samples=375680 fps=11.7 loss=-0.0405 actor=-0.1694 value=0.1501 entropy=2.1275 mean_return=16.756 mean_len=74.8
[gat-train] update=2349 samples=375840 fps=11.7 loss=0.8783 actor=0.2344 value=0.6650 entropy=2.1082 mean_return=16.844 mean_len=75.2
[gat-train] update=2350 samples=376000 fps=11.7 loss=0.0212 actor=-0.1392 value=0.1812 entropy=2.0723 mean_return=16.844 mean_len=75.2
[gat-train] eval update=2350 comp_score=86.06 best=87.48
[gat-train] update=2351 samples=376160 fps=11.7 loss=0.1398 actor=0.0074 value=0.1533 entropy=2.0909 mean_return=16.862 mean_len=75.4
[gat-train] update=2352 samples=376320 fps=11.7 loss=0.9489 actor=0.4099 value=0.5592 entropy=2.0154 mean_return=17.073 mean_len=76.4
[gat-train] update=2353 samples=376480 fps=11.7 loss=1.9101 actor=0.7460 value=1.1827 entropy=1.8568 mean_return=17.271 mean_len=77.6
[gat-train] update=2354 samples=376640 fps=11.7 loss=0.7774 actor=0.1763 value=0.6190 entropy=1.7872 mean_return=17.339 mean_len=78.2
[gat-train] update=2355 samples=376800 fps=11.7 loss=0.0761 actor=-0.0368 value=0.1316 entropy=1.8626 mean_return=17.339 mean_len=78.2
[gat-train] update=2356 samples=376960 fps=11.7 loss=0.3307 actor=0.1413 value=0.2079 entropy=1.8497 mean_return=17.401 mean_len=78.3
[gat-train] update=2357 samples=377120 fps=11.7 loss=0.2712 actor=-0.0945 value=0.3844 entropy=1.8774 mean_return=17.457 mean_len=78.6
[gat-train] update=2358 samples=377280 fps=11.7 loss=0.7211 actor=0.2202 value=0.5216 entropy=2.0722 mean_return=17.464 mean_len=78.7
[gat-train] update=2359 samples=377440 fps=11.7 loss=0.5517 actor=0.1098 value=0.4619 entropy=2.0007 mean_return=17.475 mean_len=78.9
[gat-train] update=2360 samples=377600 fps=11.7 loss=0.0149 actor=-0.0540 value=0.0894 entropy=2.0492 mean_return=17.475 mean_len=78.9
[gat-train] update=2361 samples=377760 fps=11.7 loss=0.2859 actor=0.1436 value=0.1646 entropy=2.2308 mean_return=17.455 mean_len=78.9
[gat-train] update=2362 samples=377920 fps=11.7 loss=-0.1260 actor=-0.3494 value=0.2456 entropy=2.2201 mean_return=17.455 mean_len=78.9
[gat-train] update=2363 samples=378080 fps=11.7 loss=1.0749 actor=0.4308 value=0.6658 entropy=2.1737 mean_return=17.581 mean_len=79.5
[gat-train] update=2364 samples=378240 fps=11.7 loss=0.5212 actor=0.1372 value=0.4054 entropy=2.1369 mean_return=17.629 mean_len=79.9
[gat-train] update=2365 samples=378400 fps=11.7 loss=0.2787 actor=0.0174 value=0.2820 entropy=2.0705 mean_return=17.648 mean_len=79.8
[gat-train] update=2366 samples=378560 fps=11.7 loss=-0.0117 actor=-0.2322 value=0.2406 entropy=2.0057 mean_return=17.677 mean_len=79.8
[gat-train] update=2367 samples=378720 fps=11.7 loss=0.2733 actor=0.0599 value=0.2325 entropy=1.9122 mean_return=17.683 mean_len=79.7
[gat-train] update=2368 samples=378880 fps=11.7 loss=0.5291 actor=0.2740 value=0.2734 entropy=1.8301 mean_return=17.659 mean_len=79.5
[gat-train] update=2369 samples=379040 fps=11.7 loss=0.7374 actor=0.2555 value=0.5001 entropy=1.8171 mean_return=17.536 mean_len=78.9
[gat-train] update=2370 samples=379200 fps=11.7 loss=0.0370 actor=-0.2164 value=0.2709 entropy=1.7499 mean_return=17.540 mean_len=79.0
[gat-train] update=2371 samples=379360 fps=11.7 loss=0.2471 actor=0.0583 value=0.2057 entropy=1.6893 mean_return=17.504 mean_len=78.7
[gat-train] update=2372 samples=379520 fps=11.7 loss=0.1124 actor=0.0095 value=0.1211 entropy=1.8249 mean_return=17.504 mean_len=78.7
[gat-train] update=2373 samples=379680 fps=11.7 loss=0.1977 actor=-0.0588 value=0.2754 entropy=1.8954 mean_return=17.523 mean_len=78.7
[gat-train] update=2374 samples=379840 fps=11.7 loss=1.2512 actor=0.5104 value=0.7606 entropy=1.9795 mean_return=17.539 mean_len=78.7
[gat-train] update=2375 samples=380000 fps=11.7 loss=0.3633 actor=-0.0554 value=0.4379 entropy=1.9182 mean_return=17.598 mean_len=79.1
[gat-train] update=2376 samples=380160 fps=11.7 loss=0.1691 actor=-0.0220 value=0.2107 entropy=1.9598 mean_return=17.623 mean_len=79.2
[gat-train] update=2377 samples=380320 fps=11.7 loss=-0.0290 actor=-0.1647 value=0.1551 entropy=1.9413 mean_return=17.623 mean_len=79.2
[gat-train] update=2378 samples=380480 fps=11.7 loss=0.4629 actor=-0.0268 value=0.5098 entropy=2.0152 mean_return=17.694 mean_len=79.4
[gat-train] update=2379 samples=380640 fps=11.7 loss=0.2290 actor=0.0169 value=0.2320 entropy=1.9977 mean_return=17.694 mean_len=79.4
[gat-train] update=2380 samples=380800 fps=11.7 loss=0.9020 actor=0.1504 value=0.7728 entropy=2.1184 mean_return=17.698 mean_len=79.3
[gat-train] update=2381 samples=380960 fps=11.7 loss=1.0215 actor=0.3181 value=0.7242 entropy=2.0840 mean_return=17.782 mean_len=79.7
[gat-train] update=2382 samples=381120 fps=11.7 loss=0.6872 actor=0.1123 value=0.5954 entropy=2.0517 mean_return=17.818 mean_len=79.7
[gat-train] update=2383 samples=381280 fps=11.7 loss=0.1747 actor=0.0073 value=0.1876 entropy=2.0119 mean_return=17.770 mean_len=79.5
[gat-train] update=2384 samples=381440 fps=11.7 loss=0.7905 actor=0.2548 value=0.5536 entropy=1.7886 mean_return=17.822 mean_len=79.7
[gat-train] update=2385 samples=381600 fps=11.7 loss=1.1211 actor=0.3331 value=0.8053 entropy=1.7191 mean_return=17.896 mean_len=79.9
[gat-train] update=2386 samples=381760 fps=11.8 loss=1.2621 actor=0.4899 value=0.7907 entropy=1.8482 mean_return=17.923 mean_len=80.4
[gat-train] update=2387 samples=381920 fps=11.8 loss=0.6964 actor=0.2172 value=0.4966 entropy=1.7469 mean_return=17.981 mean_len=80.7
[gat-train] update=2388 samples=382080 fps=11.8 loss=0.3901 actor=0.1525 value=0.2546 entropy=1.6999 mean_return=17.994 mean_len=80.8
[gat-train] update=2389 samples=382240 fps=11.8 loss=0.0880 actor=-0.0321 value=0.1379 entropy=1.7770 mean_return=18.002 mean_len=80.8
[gat-train] update=2390 samples=382400 fps=11.8 loss=0.5450 actor=0.2636 value=0.2996 entropy=1.8153 mean_return=18.017 mean_len=81.0
[gat-train] update=2391 samples=382560 fps=11.8 loss=0.4500 actor=0.1688 value=0.3007 entropy=1.9543 mean_return=18.089 mean_len=81.4
[gat-train] update=2392 samples=382720 fps=11.8 loss=0.4283 actor=0.1245 value=0.3225 entropy=1.8753 mean_return=18.147 mean_len=81.7
[gat-train] update=2393 samples=382880 fps=11.8 loss=0.2713 actor=0.0512 value=0.2395 entropy=1.9423 mean_return=18.147 mean_len=81.7
[gat-train] update=2394 samples=383040 fps=11.8 loss=0.2125 actor=-0.0699 value=0.3031 entropy=2.0733 mean_return=18.148 mean_len=81.8
[gat-train] update=2395 samples=383200 fps=11.8 loss=0.2279 actor=-0.0300 value=0.2779 entropy=2.0042 mean_return=18.182 mean_len=81.8
[gat-train] update=2396 samples=383360 fps=11.8 loss=0.2094 actor=-0.1525 value=0.3830 entropy=2.1071 mean_return=18.161 mean_len=81.9
[gat-train] update=2397 samples=383520 fps=11.8 loss=0.8499 actor=0.1660 value=0.7046 entropy=2.0733 mean_return=18.236 mean_len=82.2
[gat-train] update=2398 samples=383680 fps=11.8 loss=0.7275 actor=0.3480 value=0.4008 entropy=2.1288 mean_return=18.251 mean_len=82.3
[gat-train] update=2399 samples=383840 fps=11.8 loss=0.4658 actor=0.1415 value=0.3444 entropy=2.0111 mean_return=18.242 mean_len=82.2
[gat-train] update=2400 samples=384000 fps=11.8 loss=0.6118 actor=0.2533 value=0.3782 entropy=1.9615 mean_return=18.234 mean_len=82.0
[gat-train] eval update=2400 comp_score=86.17 best=87.48
[gat-train] update=2401 samples=384160 fps=11.8 loss=0.8026 actor=0.3677 value=0.4541 entropy=1.9281 mean_return=18.116 mean_len=81.3
[gat-train] update=2402 samples=384320 fps=11.8 loss=0.0728 actor=-0.1212 value=0.2125 entropy=1.8487 mean_return=18.091 mean_len=81.3
[gat-train] update=2403 samples=384480 fps=11.8 loss=0.5482 actor=0.1946 value=0.3737 entropy=2.0193 mean_return=18.060 mean_len=81.3
[gat-train] update=2404 samples=384640 fps=11.8 loss=0.4642 actor=0.1833 value=0.3025 entropy=2.1577 mean_return=18.041 mean_len=81.0
[gat-train] update=2405 samples=384800 fps=11.8 loss=0.1955 actor=0.0651 value=0.1544 entropy=2.3925 mean_return=17.979 mean_len=80.7
[gat-train] update=2406 samples=384960 fps=11.8 loss=-0.1253 actor=-0.1882 value=0.0867 entropy=2.3881 mean_return=17.957 mean_len=80.7
[gat-train] update=2407 samples=385120 fps=11.8 loss=0.2604 actor=0.0309 value=0.2545 entropy=2.5051 mean_return=17.967 mean_len=80.6
[gat-train] update=2408 samples=385280 fps=11.8 loss=0.2718 actor=0.1261 value=0.1710 entropy=2.5329 mean_return=17.917 mean_len=80.2
[gat-train] update=2409 samples=385440 fps=11.8 loss=0.1806 actor=-0.0017 value=0.2074 entropy=2.5080 mean_return=17.919 mean_len=80.2
[gat-train] update=2410 samples=385600 fps=11.8 loss=0.0988 actor=-0.1566 value=0.2803 entropy=2.4864 mean_return=17.878 mean_len=79.9
[gat-train] update=2411 samples=385760 fps=11.8 loss=-0.1093 actor=-0.2948 value=0.2111 entropy=2.5617 mean_return=17.878 mean_len=79.9
[gat-train] update=2412 samples=385920 fps=11.8 loss=0.7170 actor=0.3900 value=0.3524 entropy=2.5353 mean_return=17.791 mean_len=79.3
[gat-train] update=2413 samples=386080 fps=11.8 loss=-0.0526 actor=-0.2566 value=0.2273 entropy=2.3212 mean_return=17.686 mean_len=78.7
[gat-train] update=2414 samples=386240 fps=11.8 loss=0.2738 actor=0.0169 value=0.2805 entropy=2.3662 mean_return=17.594 mean_len=78.2
[gat-train] update=2415 samples=386400 fps=11.8 loss=0.2897 actor=0.0839 value=0.2297 entropy=2.3893 mean_return=17.461 mean_len=77.5
[gat-train] update=2416 samples=386560 fps=11.8 loss=0.1581 actor=-0.2034 value=0.3856 entropy=2.4072 mean_return=17.373 mean_len=77.2
[gat-train] update=2417 samples=386720 fps=11.8 loss=-0.0256 actor=-0.2415 value=0.2404 entropy=2.4550 mean_return=17.398 mean_len=77.2
[gat-train] update=2418 samples=386880 fps=11.8 loss=0.4430 actor=0.1945 value=0.2749 entropy=2.6437 mean_return=17.311 mean_len=76.9
[gat-train] update=2419 samples=387040 fps=11.8 loss=0.2453 actor=-0.0949 value=0.3658 entropy=2.5598 mean_return=17.257 mean_len=76.3
[gat-train] update=2420 samples=387200 fps=11.8 loss=0.2855 actor=0.0952 value=0.2160 entropy=2.5695 mean_return=17.230 mean_len=76.3
[gat-train] update=2421 samples=387360 fps=11.8 loss=0.1284 actor=-0.0929 value=0.2489 entropy=2.7512 mean_return=17.202 mean_len=76.4
[gat-train] update=2422 samples=387520 fps=11.8 loss=0.0064 actor=-0.1690 value=0.2031 entropy=2.7630 mean_return=17.155 mean_len=76.0
[gat-train] update=2423 samples=387680 fps=11.8 loss=0.2003 actor=0.0028 value=0.2262 entropy=2.8691 mean_return=17.149 mean_len=76.0
[gat-train] update=2424 samples=387840 fps=11.8 loss=0.0232 actor=-0.2185 value=0.2689 entropy=2.7243 mean_return=17.124 mean_len=76.0
[gat-train] update=2425 samples=388000 fps=11.8 loss=2.3700 actor=-0.5023 value=2.8987 entropy=2.6408 mean_return=16.795 mean_len=75.1
[gat-train] update=2426 samples=388160 fps=11.8 loss=0.2520 actor=0.0022 value=0.2760 entropy=2.6153 mean_return=16.635 mean_len=74.0
[gat-train] update=2427 samples=388320 fps=11.8 loss=0.2467 actor=0.0414 value=0.2299 entropy=2.4505 mean_return=16.537 mean_len=73.4
[gat-train] update=2428 samples=388480 fps=11.8 loss=0.1812 actor=0.0573 value=0.1487 entropy=2.4804 mean_return=16.504 mean_len=73.2
[gat-train] update=2429 samples=388640 fps=11.8 loss=0.1927 actor=-0.0279 value=0.2466 entropy=2.5984 mean_return=16.405 mean_len=72.8
[gat-train] update=2430 samples=388800 fps=11.8 loss=0.0372 actor=-0.1363 value=0.1985 entropy=2.5042 mean_return=16.405 mean_len=72.8
[gat-train] update=2431 samples=388960 fps=11.8 loss=0.0455 actor=-0.1582 value=0.2296 entropy=2.5821 mean_return=16.410 mean_len=73.1
[gat-train] update=2432 samples=389120 fps=11.8 loss=-0.1278 actor=-0.2919 value=0.1906 entropy=2.6542 mean_return=16.322 mean_len=72.6
[gat-train] update=2433 samples=389280 fps=11.8 loss=0.4271 actor=0.0945 value=0.3574 entropy=2.4700 mean_return=16.269 mean_len=72.3
[gat-train] update=2434 samples=389440 fps=11.8 loss=0.2731 actor=0.1179 value=0.1792 entropy=2.4001 mean_return=16.256 mean_len=72.4
[gat-train] update=2435 samples=389600 fps=11.8 loss=-0.1169 actor=-0.2617 value=0.1690 entropy=2.4182 mean_return=16.218 mean_len=72.2
[gat-train] update=2436 samples=389760 fps=11.8 loss=0.3149 actor=0.0483 value=0.2921 entropy=2.5508 mean_return=16.207 mean_len=72.2
[gat-train] update=2437 samples=389920 fps=11.8 loss=0.0006 actor=-0.1395 value=0.1657 entropy=2.5582 mean_return=16.207 mean_len=72.2
[gat-train] update=2438 samples=390080 fps=11.9 loss=0.2962 actor=0.0073 value=0.3143 entropy=2.5407 mean_return=16.166 mean_len=72.0
[gat-train] update=2439 samples=390240 fps=11.9 loss=0.5760 actor=0.2422 value=0.3595 entropy=2.5694 mean_return=16.122 mean_len=71.7
[gat-train] update=2440 samples=390400 fps=11.9 loss=0.6564 actor=0.2165 value=0.4647 entropy=2.4801 mean_return=15.970 mean_len=70.8
[gat-train] update=2441 samples=390560 fps=11.9 loss=-0.1266 actor=-0.2477 value=0.1448 entropy=2.3777 mean_return=15.970 mean_len=70.8
[gat-train] update=2442 samples=390720 fps=11.9 loss=0.0971 actor=-0.0916 value=0.2137 entropy=2.4932 mean_return=16.015 mean_len=71.3
[gat-train] update=2443 samples=390880 fps=11.9 loss=0.0256 actor=-0.1279 value=0.1780 entropy=2.4532 mean_return=15.935 mean_len=71.1
[gat-train] update=2444 samples=391040 fps=11.9 loss=0.1353 actor=-0.0929 value=0.2524 entropy=2.4239 mean_return=15.933 mean_len=70.9
[gat-train] update=2445 samples=391200 fps=11.9 loss=0.4393 actor=-0.0043 value=0.4689 entropy=2.5296 mean_return=15.933 mean_len=71.0
[gat-train] update=2446 samples=391360 fps=11.9 loss=0.3969 actor=0.1326 value=0.2893 entropy=2.5052 mean_return=16.121 mean_len=71.2
[gat-train] update=2447 samples=391520 fps=11.9 loss=0.4318 actor=0.2447 value=0.2110 entropy=2.3918 mean_return=16.115 mean_len=71.4
[gat-train] update=2448 samples=391680 fps=11.9 loss=0.3940 actor=0.1153 value=0.3031 entropy=2.4497 mean_return=16.206 mean_len=71.9
[gat-train] update=2449 samples=391840 fps=11.9 loss=0.0491 actor=-0.1343 value=0.2086 entropy=2.5118 mean_return=16.203 mean_len=71.8
[gat-train] update=2450 samples=392000 fps=11.9 loss=0.0551 actor=-0.0236 value=0.1051 entropy=2.6360 mean_return=16.203 mean_len=71.8
[gat-train] eval update=2450 comp_score=87.29 best=87.48
[gat-train] update=2451 samples=392160 fps=11.9 loss=0.0709 actor=-0.0875 value=0.1854 entropy=2.7024 mean_return=16.203 mean_len=71.8
[gat-train] update=2452 samples=392320 fps=11.9 loss=0.3208 actor=0.0890 value=0.2586 entropy=2.6809 mean_return=16.180 mean_len=71.9
[gat-train] update=2453 samples=392480 fps=11.9 loss=-0.0622 actor=-0.1579 value=0.1209 entropy=2.5192 mean_return=16.174 mean_len=71.8
[gat-train] update=2454 samples=392640 fps=11.9 loss=0.2769 actor=-0.0286 value=0.3308 entropy=2.5271 mean_return=16.198 mean_len=72.0
[gat-train] update=2455 samples=392800 fps=11.9 loss=0.2986 actor=0.0378 value=0.2848 entropy=2.3965 mean_return=16.257 mean_len=72.3
[gat-train] update=2456 samples=392960 fps=11.9 loss=0.3969 actor=0.1585 value=0.2632 entropy=2.4781 mean_return=16.253 mean_len=72.1
[gat-train] update=2457 samples=393120 fps=11.9 loss=0.6793 actor=0.2654 value=0.4390 entropy=2.5117 mean_return=16.272 mean_len=72.1
[gat-train] update=2458 samples=393280 fps=11.9 loss=-0.0118 actor=-0.2223 value=0.2355 entropy=2.4986 mean_return=16.269 mean_len=72.0
[gat-train] update=2459 samples=393440 fps=11.9 loss=1.0366 actor=0.4962 value=0.5653 entropy=2.4890 mean_return=16.362 mean_len=72.3
[gat-train] update=2460 samples=393600 fps=11.9 loss=-0.0201 actor=-0.1635 value=0.1667 entropy=2.3221 mean_return=16.321 mean_len=72.2
[gat-train] update=2461 samples=393760 fps=11.9 loss=0.2291 actor=0.1076 value=0.1464 entropy=2.4999 mean_return=16.332 mean_len=72.2
[gat-train] update=2462 samples=393920 fps=11.9 loss=0.4794 actor=0.1909 value=0.3142 entropy=2.5774 mean_return=16.380 mean_len=72.4
[gat-train] update=2463 samples=394080 fps=11.9 loss=0.4418 actor=0.1670 value=0.2999 entropy=2.5171 mean_return=16.353 mean_len=72.3
[gat-train] update=2464 samples=394240 fps=11.9 loss=-0.0210 actor=-0.1774 value=0.1814 entropy=2.5074 mean_return=16.388 mean_len=72.5
[gat-train] update=2465 samples=394400 fps=11.9 loss=-0.0228 actor=-0.1331 value=0.1360 entropy=2.5771 mean_return=16.370 mean_len=72.3
[gat-train] update=2466 samples=394560 fps=11.9 loss=-0.1161 actor=-0.2589 value=0.1687 entropy=2.5849 mean_return=16.370 mean_len=72.3
[gat-train] update=2467 samples=394720 fps=11.9 loss=0.5731 actor=0.2873 value=0.3117 entropy=2.5893 mean_return=16.315 mean_len=72.0
[gat-train] update=2468 samples=394880 fps=11.9 loss=0.0142 actor=-0.1811 value=0.2193 entropy=2.3983 mean_return=16.315 mean_len=72.0
[gat-train] update=2469 samples=395040 fps=11.9 loss=0.5299 actor=0.0545 value=0.4998 entropy=2.4505 mean_return=16.386 mean_len=72.1
[gat-train] update=2470 samples=395200 fps=11.9 loss=0.5737 actor=0.1341 value=0.4623 entropy=2.2708 mean_return=16.401 mean_len=72.0
[gat-train] update=2471 samples=395360 fps=11.9 loss=0.0339 actor=-0.0948 value=0.1509 entropy=2.2161 mean_return=16.401 mean_len=72.0
[gat-train] update=2472 samples=395520 fps=11.9 loss=0.5870 actor=0.2161 value=0.3947 entropy=2.3848 mean_return=16.341 mean_len=71.6
[gat-train] update=2473 samples=395680 fps=11.9 loss=0.3813 actor=0.1751 value=0.2286 entropy=2.2358 mean_return=16.347 mean_len=71.5
[gat-train] update=2474 samples=395840 fps=11.9 loss=0.3157 actor=-0.0711 value=0.4094 entropy=2.2544 mean_return=16.322 mean_len=71.3
[gat-train] update=2475 samples=396000 fps=11.9 loss=0.1748 actor=-0.0027 value=0.2001 entropy=2.2534 mean_return=16.326 mean_len=71.4
[gat-train] update=2476 samples=396160 fps=11.9 loss=0.2479 actor=0.0859 value=0.1844 entropy=2.2425 mean_return=16.335 mean_len=71.4
[gat-train] update=2477 samples=396320 fps=11.9 loss=0.0441 actor=-0.0664 value=0.1337 entropy=2.3236 mean_return=16.311 mean_len=71.2
[gat-train] update=2478 samples=396480 fps=11.9 loss=0.3663 actor=0.0709 value=0.3185 entropy=2.3117 mean_return=16.309 mean_len=71.4
[gat-train] update=2479 samples=396640 fps=11.9 loss=0.4513 actor=0.1899 value=0.2852 entropy=2.3873 mean_return=16.337 mean_len=71.5
[gat-train] update=2480 samples=396800 fps=11.9 loss=-0.1403 actor=-0.2985 value=0.1823 entropy=2.4108 mean_return=16.330 mean_len=71.5
[gat-train] update=2481 samples=396960 fps=11.9 loss=-0.1358 actor=-0.2760 value=0.1646 entropy=2.4478 mean_return=16.330 mean_len=71.5
[gat-train] update=2482 samples=397120 fps=11.9 loss=0.3143 actor=0.0505 value=0.2887 entropy=2.4913 mean_return=16.331 mean_len=71.5
[gat-train] update=2483 samples=397280 fps=11.9 loss=0.1970 actor=-0.1279 value=0.3487 entropy=2.3839 mean_return=16.257 mean_len=71.1
[gat-train] update=2484 samples=397440 fps=11.9 loss=1.1283 actor=0.6090 value=0.5412 entropy=2.1905 mean_return=16.405 mean_len=71.7
[gat-train] update=2485 samples=397600 fps=11.9 loss=0.3396 actor=0.0172 value=0.3430 entropy=2.0609 mean_return=16.428 mean_len=71.9
[gat-train] update=2486 samples=397760 fps=11.9 loss=0.2943 actor=0.0888 value=0.2260 entropy=2.0498 mean_return=16.434 mean_len=71.7
[gat-train] update=2487 samples=397920 fps=11.9 loss=-0.0720 actor=-0.2573 value=0.2058 entropy=2.0466 mean_return=16.408 mean_len=71.4
[gat-train] update=2488 samples=398080 fps=11.9 loss=0.7334 actor=0.1571 value=0.5982 entropy=2.1905 mean_return=16.456 mean_len=71.8
[gat-train] update=2489 samples=398240 fps=11.9 loss=0.3247 actor=-0.0332 value=0.3793 entropy=2.1371 mean_return=16.453 mean_len=71.8
[gat-train] update=2490 samples=398400 fps=12.0 loss=0.2264 actor=-0.0197 value=0.2678 entropy=2.1770 mean_return=16.469 mean_len=71.9
[gat-train] update=2491 samples=398560 fps=12.0 loss=0.7670 actor=0.2982 value=0.4904 entropy=2.1623 mean_return=16.551 mean_len=72.6
[gat-train] update=2492 samples=398720 fps=12.0 loss=0.5710 actor=0.2778 value=0.3143 entropy=2.1122 mean_return=16.620 mean_len=73.0
[gat-train] update=2493 samples=398880 fps=12.0 loss=0.4051 actor=0.1930 value=0.2320 entropy=1.9879 mean_return=16.605 mean_len=72.9
[gat-train] update=2494 samples=399040 fps=12.0 loss=-0.0170 actor=-0.2100 value=0.2124 entropy=1.9431 mean_return=16.608 mean_len=72.9
[gat-train] update=2495 samples=399200 fps=12.0 loss=0.7502 actor=0.1201 value=0.6493 entropy=1.9214 mean_return=16.715 mean_len=73.5
[gat-train] update=2496 samples=399360 fps=12.0 loss=-0.0674 actor=-0.1644 value=0.1142 entropy=1.7261 mean_return=16.715 mean_len=73.5
[gat-train] update=2497 samples=399520 fps=12.0 loss=0.1833 actor=-0.0753 value=0.2757 entropy=1.7055 mean_return=16.759 mean_len=73.9
[gat-train] update=2498 samples=399680 fps=12.0 loss=0.3281 actor=0.0275 value=0.3170 entropy=1.6344 mean_return=16.787 mean_len=74.0
[gat-train] update=2499 samples=399840 fps=12.0 loss=1.2466 actor=0.5083 value=0.7553 entropy=1.6986 mean_return=16.888 mean_len=74.6
[gat-train] update=2500 samples=400000 fps=12.0 loss=0.3913 actor=0.0031 value=0.4042 entropy=1.5966 mean_return=16.925 mean_len=74.7
[gat-train] eval update=2500 comp_score=84.91 best=87.48
Loading user config located at: '/home/user/isaacsim/kit/data/Kit/Isaac-Sim/5.1/user.config.json'
[Info] [carb] Logging to file: /home/user/isaacsim/kit/logs/Kit/Isaac-Sim/5.1/kit_20260708_224104.log
2026-07-08T13:41:05Z [163ms] [Warning] [omni.platforminfo.plugin] failed to open the default display.  Can't verify X Server version.
2026-07-08T13:41:05Z [164ms] [Warning] [omni.usd_config.extension] Enable omni.materialx.libs extension to use MaterialX
2026-07-08T13:41:05Z [402ms] [Warning] [carb] Acquiring non optional plugin interface which is not listed as dependency: [omni::physx::IPhysxBenchmarks v1.0] (plugin: <default plugin>), by client: omni.physics.physx.plugin. Add it to CARB_PLUGIN_IMPL_DEPS() macro of a client.
2026-07-08T13:41:05Z [499ms] [Warning] [omni.isaac.dynamic_control] omni.isaac.dynamic_control is deprecated as of Isaac Sim 4.5. No action is needed from end-users.
2026-07-08T13:41:06Z [2,089ms] [Warning] [gpu.foundation.plugin] Skipping unsupported non-NVIDIA GPU: AMD Unknown (RADV RAPHAEL_MENDOCINO)
2026-07-08T13:41:06Z [2,090ms] [Warning] [gpu.foundation.plugin] Skipping unsupported non-NVIDIA GPU: AMD Unknown (RADV RAPHAEL_MENDOCINO)

|---------------------------------------------------------------------------------------------|
| Driver Version: 580.159.03    | Graphics API: Vulkan
|=============================================================================================|
| GPU | Name                             | Active | LDA | GPU Memory | Vendor-ID | LUID       |
|     |                                  |        |     |            | Device-ID | UUID       |
|     |                                  |        |     |            | Bus-ID    |            |
|---------------------------------------------------------------------------------------------|
| 0   | NVIDIA RTX PRO 6000 Blackwell .. | Yes: 0 |     | 97887   MB | 10de      | 0          |
|     |                                  |        |     |            | 2bb1      | 25b334fd.. |
|     |                                  |        |     |            | 1         |            |
|---------------------------------------------------------------------------------------------|
| 1   | AMD Unknown (RADV RAPHAEL_MEND.. |        |     | 43508   MB | 1002      | 0          |
|     |                                  |        |     |            | 13c0      | 00000000.. |
|     |                                  |        |     |            | 79        |            |
|=============================================================================================|
| OS: 22.04.5 LTS (Jammy Jellyfish) ubuntu, Version: 22.04.5, Kernel: 6.8.0-124-generic
| Processor: AMD Ryzen 9 9950X3D 16-Core Processor
| Cores: 16 | Logical Cores: 32
|---------------------------------------------------------------------------------------------|
| Total Memory (MB): 126429 | Free Memory: 118419
| Total Page/Swap (MB): 2047 | Free Page/Swap: 1847
|---------------------------------------------------------------------------------------------|
2026-07-08T13:41:07Z [2,535ms] [Warning] [isaaclab.envs.direct_rl_env] Seed not set for the environment. The environment creation may not be deterministic.
[terminal18-finish15] profile=terminal_ratio_t18 exited code=0 Thu Jul  9 07:58:34 AM KST 2026
