# {"t_start": 1782308343.768047, "env_id": "PctContinuous-v0"} 
r,l,t
5.638301,68,27.175658
4.866154,65,46.297819
5.612073,72,65.723124
4.987629,63,83.760479
4.819805,66,101.001017
