# {"t_start": 1782308343.7752547, "env_id": "PctContinuous-v0"} 
r,l,t
4.928396,64,26.52943
4.679138,61,44.379346
5.303373,66,62.378491
5.270096,72,82.719613
5.226064,69,100.595666
