# {"t_start": 1782308343.7830029, "env_id": "PctContinuous-v0"} 
r,l,t
5.483465,66,26.865597
4.798469,63,45.315203
5.545522,71,64.536447
4.81894,59,81.698186
4.636738,61,97.299124
