# {"t_start": 1782308343.7885048, "env_id": "PctContinuous-v0"} 
r,l,t
5.597356,73,27.824434
5.369936,74,48.751053
4.796595,61,66.447505
5.529191,77,86.912972
5.424079,74,106.91231
