# {"t_start": 1782308343.795768, "env_id": "PctContinuous-v0"} 
r,l,t
5.583965,75,27.989324
4.422236,57,46.103921
4.677033,62,63.079354
5.301548,73,83.544349
4.279753,54,97.763096
