# {"t_start": 1782308343.8021166, "env_id": "PctContinuous-v0"} 
r,l,t
4.849077,63,26.345509
5.134529,65,45.061998
4.868649,60,61.345445
4.533172,60,77.864902
5.466644,72,97.243386
