# {"t_start": 1782308343.8100853, "env_id": "PctContinuous-v0"} 
r,l,t
5.015259,69,27.301255
5.30994,67,46.786589
4.975878,68,65.556106
4.790887,67,84.29476
4.860646,64,101.233268
