# {"t_start": 1782308343.8193257, "env_id": "PctContinuous-v0"} 
r,l,t
5.285577,73,27.805034
4.756338,65,47.282175
5.592168,73,66.938727
3.990773,54,83.109266
5.148415,69,101.016492
