# {"t_start": 1782308343.827322, "env_id": "PctContinuous-v0"} 
r,l,t
4.883166,63,26.271884
5.534457,76,47.335668
5.189714,66,65.676263
4.50455,60,83.119275
4.999404,63,99.587881
