# {"t_start": 1782308343.8359115, "env_id": "PctContinuous-v0"} 
r,l,t
4.758324,62,26.06263
5.236868,70,45.976125
4.32912,58,62.026719
5.739663,74,82.858086
4.96199,64,99.543363
