# {"t_start": 1782308343.8430452, "env_id": "PctContinuous-v0"} 
r,l,t
5.032451,67,26.972352
3.923649,54,42.748408
5.249473,73,63.023209
5.198525,65,81.57287
5.567131,71,100.031646
