# {"t_start": 1782308343.8489788, "env_id": "PctContinuous-v0"} 
r,l,t
5.059778,67,27.028793
4.905131,62,45.321908
4.892771,64,62.749916
4.725874,57,78.439
5.329471,73,98.059017
