# {"t_start": 1782308343.85594, "env_id": "PctContinuous-v0"} 
r,l,t
5.005404,68,27.198744
5.321021,64,45.950073
4.640107,61,62.793243
5.143908,69,82.298753
5.567685,71,100.713193
