# {"t_start": 1782308343.8626356, "env_id": "PctContinuous-v0"} 
r,l,t
4.998329,70,27.364402
5.432646,72,47.943569
4.720244,60,65.090969
4.969367,63,82.994683
5.237579,66,100.330272
