# {"t_start": 1782308343.8696349, "env_id": "PctContinuous-v0"} 
r,l,t
5.63108,74,27.896666
5.303104,70,48.206352
5.353608,70,67.455135
5.227977,70,86.699501
5.155361,67,104.920466
