# {"t_start": 1782308343.8891463, "env_id": "PctContinuous-v0"} 
r,l,t
5.469907,72,27.614525
5.316589,67,47.313018
4.83289,66,65.643742
4.718671,58,82.588403
4.960615,59,97.810884
