[terminal18-finish15] warm-start profile=finish_ratio_t15 run=finish_ratio_t15_from_finish_best seed=1 warm_start=isaaclab_pallet/runs/reward_terminal18_finish15/previous/reward_sweep_small_finish_ratio/PCT-best.pt Thu Jul  9 07:58:34 AM KST 2026
Gym has been unmaintained since 2022 and does not support NumPy 2.0 amongst other critical functionality.
Please upgrade to Gymnasium, the maintained drop-in replacement of Gym, or contact the authors of your software and request that they upgrade.
See the migration guide at https://gymnasium.farama.org/introduction/migration_guide/ for additional information.
[INFO][AppLauncher]: Using device: cuda:0
[INFO][AppLauncher]: Loading experience file: /home/user/IsaacLab/apps/isaaclab.python.headless.kit

[36m======================================================================================[0m
[36m[1m[INFO][IsaacLab]: Logging to file: /tmp/isaaclab/logs/isaaclab_2026-07-09_07-58-37.log[0m
[36m======================================================================================[0m

[33m07:58:37 [simulation_context.py] WARNING: The `enable_external_forces_every_iteration` parameter in the PhysxCfg is set to False. If you are experiencing noisy velocities, consider enabling this flag. You may need to slightly increase the number of velocity iterations (setting it to 1 or 2 rather than 0), together with this flag, to improve the accuracy of velocity updates.[0m
[INFO]: Base environment:
	Environment device    : cuda:0
	Environment seed      : None
	Physics step-size     : 0.008333333333333333
	Rendering step-size   : 0.16666666666666666
	Environment step-size : 0.16666666666666666
[33m07:58:42 [interactive_scene.py] WARNING: Collision filtering can only be automatically enabled when replicate_physics=True and using GPU simulation. Please call scene.filter_collisions(global_prim_paths) to filter collisions across environments.[0m
[INFO]: Time taken for scene creation : 5.284364 seconds
[INFO]: Scene manager:  <class InteractiveScene>
	Number of environments: 32
	Environment spacing   : 3.0
	Source prim name      : /World/envs/env_0
	Global prim paths     : []
	Replicate physics     : False
[INFO]: Starting the simulation. This may take a few seconds. Please wait...
[INFO]: Time taken for simulation start : 1.566085 seconds
[INFO]: Completed setting up the environment...
[gat-train] loaded GAT checkpoint with learned finish head initialized: isaaclab_pallet/runs/reward_terminal18_finish15/previous/reward_sweep_small_finish_ratio/PCT-best.pt
[gat-train] run_dir=isaaclab_pallet/runs/reward_terminal18_finish15/finish_ratio_t15_from_finish_best device=cuda:0 num_envs=32 obs_shape=(32, 301, 9) leaf_shape=(32, 100, 9) num_steps=5 normFactor=0.8 drift_fail_threshold=0.4 reward_profile=finish_ratio_t15 learn_finish_action=True action_space=101 candidate_rerank_k=0 candidate_diversity_center_m=0.05
[gat-train] eval_seq_count=10 box_seq_dir=artifacts/random_spec_eval_10/box_sequence eval_sequences=random_spec_000,random_spec_001,random_spec_002,random_spec_003,random_spec_004,random_spec_005,random_spec_006,random_spec_007,random_spec_008,random_spec_009
/home/user/Documents/assignment2_project/templete code/src/pct/convex_hull.py:104: DeprecationWarning: Arrays of 2-dimensional vectors are deprecated. Use arrays of 3-dimensional vectors instead. (deprecated in NumPy 2.0)
  if np.sum(np.cross(coords[i] - point, point - coords[j])) == 0:
[gat-train] initial competition score = 86.04  -> PCT-best.pt
[gat-train] update=1 samples=160 fps=7.2 loss=0.0522 actor=-0.0324 value=0.1003 entropy=1.5714 mean_return=0.000 mean_len=0.0
[gat-train] update=2 samples=320 fps=12.4 loss=0.4623 actor=0.4104 value=0.0763 entropy=2.4453 mean_return=0.000 mean_len=0.0
[gat-train] update=3 samples=480 fps=15.5 loss=0.2454 actor=0.2190 value=0.0536 entropy=2.7259 mean_return=0.000 mean_len=0.0
[gat-train] update=4 samples=640 fps=17.0 loss=0.0558 actor=0.0031 value=0.0806 entropy=2.7894 mean_return=0.000 mean_len=0.0
[gat-train] update=5 samples=800 fps=17.7 loss=0.0392 actor=-0.0842 value=0.1523 entropy=2.8926 mean_return=0.000 mean_len=0.0
[gat-train] update=6 samples=960 fps=18.1 loss=-0.0002 actor=-0.1339 value=0.1632 entropy=2.9583 mean_return=0.000 mean_len=0.0
[gat-train] update=7 samples=1120 fps=18.2 loss=0.4110 actor=0.1343 value=0.3065 entropy=2.9749 mean_return=0.000 mean_len=0.0
[gat-train] update=8 samples=1280 fps=18.2 loss=0.2142 actor=-0.1018 value=0.3452 entropy=2.9250 mean_return=0.000 mean_len=0.0
[gat-train] update=9 samples=1440 fps=18.0 loss=0.3001 actor=-0.2665 value=0.5948 entropy=2.8232 mean_return=0.000 mean_len=0.0
[gat-train] update=10 samples=1600 fps=17.8 loss=0.1144 actor=-0.5695 value=0.7106 entropy=2.6628 mean_return=12.038 mean_len=48.5
[gat-train] update=11 samples=1760 fps=17.6 loss=0.0489 actor=-0.4711 value=0.5461 entropy=2.6062 mean_return=12.135 mean_len=50.3
[gat-train] update=12 samples=1920 fps=17.5 loss=0.5403 actor=0.0701 value=0.4951 entropy=2.4920 mean_return=12.135 mean_len=50.3
[gat-train] update=13 samples=2080 fps=17.5 loss=3.6355 actor=0.8027 value=2.8546 entropy=2.1763 mean_return=12.916 mean_len=58.4
[gat-train] update=14 samples=2240 fps=17.8 loss=5.5533 actor=1.1152 value=4.4563 entropy=1.8217 mean_return=13.248 mean_len=62.8
[gat-train] update=15 samples=2400 fps=18.3 loss=6.3216 actor=0.9636 value=5.3735 entropy=1.5423 mean_return=13.626 mean_len=66.5
[gat-train] update=16 samples=2560 fps=18.8 loss=6.5177 actor=0.3022 value=6.2291 entropy=1.3567 mean_return=13.369 mean_len=66.9
[gat-train] update=17 samples=2720 fps=19.3 loss=5.5075 actor=0.8968 value=4.6232 entropy=1.2480 mean_return=13.549 mean_len=68.5
[gat-train] update=18 samples=2880 fps=19.6 loss=0.0804 actor=0.0142 value=0.0819 entropy=1.5749 mean_return=13.549 mean_len=68.5
[gat-train] update=19 samples=3040 fps=19.8 loss=0.2453 actor=-0.1821 value=0.4456 entropy=1.8145 mean_return=13.232 mean_len=66.7
[gat-train] update=20 samples=3200 fps=19.8 loss=0.0915 actor=-0.0578 value=0.1696 entropy=2.0326 mean_return=13.232 mean_len=66.7
[gat-train] update=21 samples=3360 fps=19.7 loss=0.2113 actor=0.0454 value=0.1895 entropy=2.3548 mean_return=13.232 mean_len=66.7
[gat-train] update=22 samples=3520 fps=19.6 loss=-0.0923 actor=-0.3773 value=0.3090 entropy=2.4070 mean_return=13.232 mean_len=66.7
[gat-train] update=23 samples=3680 fps=19.5 loss=0.0680 actor=-0.1401 value=0.2335 entropy=2.5320 mean_return=13.232 mean_len=66.7
[gat-train] update=24 samples=3840 fps=19.3 loss=0.1789 actor=-0.2013 value=0.4064 entropy=2.6188 mean_return=13.232 mean_len=66.7
[gat-train] update=25 samples=4000 fps=19.1 loss=0.1004 actor=-0.2844 value=0.4105 entropy=2.5761 mean_return=13.232 mean_len=66.7
[gat-train] update=26 samples=4160 fps=18.9 loss=2.2983 actor=-0.0249 value=2.3490 entropy=2.5768 mean_return=13.361 mean_len=67.4
[gat-train] update=27 samples=4320 fps=18.8 loss=-0.0379 actor=-0.3736 value=0.3606 entropy=2.4823 mean_return=13.361 mean_len=67.4
[gat-train] update=28 samples=4480 fps=18.7 loss=2.5896 actor=-0.3868 value=3.0000 entropy=2.3542 mean_return=13.152 mean_len=66.3
[gat-train] update=29 samples=4640 fps=18.7 loss=5.9707 actor=0.6652 value=5.3257 entropy=2.0273 mean_return=13.365 mean_len=67.7
[gat-train] update=30 samples=4800 fps=18.8 loss=1.6028 actor=-0.1606 value=1.7821 entropy=1.8663 mean_return=13.466 mean_len=68.1
[gat-train] update=31 samples=4960 fps=18.9 loss=6.4312 actor=0.5267 value=5.9206 entropy=1.6028 mean_return=13.678 mean_len=70.1
[gat-train] update=32 samples=5120 fps=19.2 loss=10.8189 actor=1.5471 value=9.2858 entropy=1.3984 mean_return=14.002 mean_len=72.6
[gat-train] update=33 samples=5280 fps=19.4 loss=0.0395 actor=-0.0555 value=0.1102 entropy=1.5192 mean_return=14.002 mean_len=72.6
[gat-train] update=34 samples=5440 fps=19.5 loss=3.6752 actor=0.5174 value=3.1711 entropy=1.3324 mean_return=14.044 mean_len=73.3
[gat-train] update=35 samples=5600 fps=19.6 loss=0.1167 actor=0.0118 value=0.1205 entropy=1.5547 mean_return=14.044 mean_len=73.3
[gat-train] update=36 samples=5760 fps=19.7 loss=0.0553 actor=-0.0444 value=0.1172 entropy=1.7521 mean_return=14.044 mean_len=73.3
[gat-train] update=37 samples=5920 fps=19.7 loss=-0.0904 actor=-0.1877 value=0.1174 entropy=2.0085 mean_return=14.044 mean_len=73.3
[gat-train] update=38 samples=6080 fps=19.6 loss=0.4016 actor=0.2015 value=0.2214 entropy=2.1245 mean_return=14.044 mean_len=73.3
[gat-train] update=39 samples=6240 fps=19.5 loss=-0.1482 actor=-0.4001 value=0.2747 entropy=2.2842 mean_return=14.044 mean_len=73.3
[gat-train] update=40 samples=6400 fps=19.3 loss=0.2377 actor=-0.0590 value=0.3212 entropy=2.4488 mean_return=14.044 mean_len=73.3
[gat-train] update=41 samples=6560 fps=19.2 loss=0.1105 actor=-0.2616 value=0.3964 entropy=2.4380 mean_return=14.044 mean_len=73.3
[gat-train] update=42 samples=6720 fps=19.1 loss=-0.1244 actor=-0.5547 value=0.4552 entropy=2.4951 mean_return=14.044 mean_len=73.3
[gat-train] update=43 samples=6880 fps=19.0 loss=1.5313 actor=-0.2881 value=1.8446 entropy=2.5254 mean_return=14.079 mean_len=73.3
[gat-train] update=44 samples=7040 fps=18.9 loss=7.2099 actor=1.2567 value=5.9767 entropy=2.3586 mean_return=14.159 mean_len=73.8
[gat-train] update=45 samples=7200 fps=18.9 loss=2.3196 actor=0.2291 value=2.1114 entropy=2.0925 mean_return=14.174 mean_len=74.0
[gat-train] update=46 samples=7360 fps=19.0 loss=6.2689 actor=0.6958 value=5.5907 entropy=1.7606 mean_return=14.520 mean_len=75.3
[gat-train] update=47 samples=7520 fps=19.0 loss=8.7570 actor=1.2940 value=7.4787 entropy=1.5606 mean_return=15.059 mean_len=78.6
[gat-train] update=48 samples=7680 fps=19.2 loss=5.3622 actor=0.9857 value=4.3902 entropy=1.3719 mean_return=15.080 mean_len=79.0
[gat-train] update=49 samples=7840 fps=19.3 loss=4.5940 actor=0.8033 value=3.8057 entropy=1.5046 mean_return=15.141 mean_len=79.4
[gat-train] update=50 samples=8000 fps=19.4 loss=2.8836 actor=0.6586 value=2.2400 entropy=1.5023 mean_return=15.356 mean_len=81.0
[gat-train] eval update=50 comp_score=84.56 best=86.04
[gat-train] update=51 samples=8160 fps=18.6 loss=0.0268 actor=-0.0622 value=0.1060 entropy=1.6935 mean_return=15.356 mean_len=81.0
[gat-train] update=52 samples=8320 fps=18.7 loss=-0.0218 actor=-0.0782 value=0.0773 entropy=2.0874 mean_return=15.356 mean_len=81.0
[gat-train] update=53 samples=8480 fps=18.7 loss=0.3749 actor=0.2017 value=0.1955 entropy=2.2315 mean_return=15.356 mean_len=81.0
[gat-train] update=54 samples=8640 fps=18.7 loss=-0.0459 actor=-0.2916 value=0.2696 entropy=2.3948 mean_return=15.356 mean_len=81.0
[gat-train] update=55 samples=8800 fps=18.6 loss=0.0128 actor=-0.1800 value=0.2184 entropy=2.5587 mean_return=15.356 mean_len=81.0
[gat-train] update=56 samples=8960 fps=18.6 loss=-0.1212 actor=-0.3891 value=0.2938 entropy=2.5868 mean_return=15.356 mean_len=81.0
[gat-train] update=57 samples=9120 fps=18.5 loss=-0.1510 actor=-0.6460 value=0.5211 entropy=2.6115 mean_return=15.332 mean_len=80.6
[gat-train] update=58 samples=9280 fps=18.5 loss=0.0879 actor=-0.3656 value=0.4791 entropy=2.5619 mean_return=15.332 mean_len=80.6
[gat-train] update=59 samples=9440 fps=18.4 loss=4.1942 actor=1.0236 value=3.1955 entropy=2.4856 mean_return=15.311 mean_len=80.3
[gat-train] update=60 samples=9600 fps=18.4 loss=3.6232 actor=0.1518 value=3.4932 entropy=2.1761 mean_return=15.266 mean_len=80.2
[gat-train] update=61 samples=9760 fps=18.4 loss=2.7637 actor=-0.1744 value=2.9591 entropy=2.0946 mean_return=14.969 mean_len=78.2
[gat-train] update=62 samples=9920 fps=18.5 loss=5.4011 actor=0.9312 value=4.4885 entropy=1.8578 mean_return=14.944 mean_len=77.8
[gat-train] update=63 samples=10080 fps=18.6 loss=4.3994 actor=0.6115 value=3.8042 entropy=1.6247 mean_return=14.920 mean_len=77.8
[gat-train] update=64 samples=10240 fps=18.7 loss=4.8401 actor=0.6181 value=4.2373 entropy=1.5366 mean_return=14.954 mean_len=78.0
[gat-train] update=65 samples=10400 fps=18.8 loss=1.7030 actor=0.1699 value=1.5501 entropy=1.6959 mean_return=14.959 mean_len=78.1
[gat-train] update=66 samples=10560 fps=18.8 loss=5.0618 actor=0.7436 value=4.3367 entropy=1.8518 mean_return=14.953 mean_len=78.3
[gat-train] update=67 samples=10720 fps=18.9 loss=0.2435 actor=0.0990 value=0.1658 entropy=2.1267 mean_return=14.953 mean_len=78.3
[gat-train] update=68 samples=10880 fps=18.9 loss=0.2155 actor=0.0785 value=0.1606 entropy=2.3581 mean_return=14.953 mean_len=78.3
[gat-train] update=69 samples=11040 fps=18.9 loss=0.1557 actor=-0.0587 value=0.2397 entropy=2.5340 mean_return=14.953 mean_len=78.3
[gat-train] update=70 samples=11200 fps=18.9 loss=0.4965 actor=0.0859 value=0.4369 entropy=2.6365 mean_return=14.953 mean_len=78.3
[gat-train] update=71 samples=11360 fps=18.9 loss=-0.0126 actor=-0.3327 value=0.3477 entropy=2.7613 mean_return=14.953 mean_len=78.3
[gat-train] update=72 samples=11520 fps=18.9 loss=0.4192 actor=-0.3067 value=0.7534 entropy=2.7486 mean_return=14.967 mean_len=78.4
[gat-train] update=73 samples=11680 fps=18.8 loss=0.2052 actor=-0.1476 value=0.3797 entropy=2.6892 mean_return=14.967 mean_len=78.4
[gat-train] update=74 samples=11840 fps=18.8 loss=1.3144 actor=0.0075 value=1.3333 entropy=2.6382 mean_return=14.949 mean_len=78.1
[gat-train] update=75 samples=12000 fps=18.8 loss=2.7158 actor=0.1430 value=2.5966 entropy=2.3769 mean_return=14.895 mean_len=77.5
[gat-train] update=76 samples=12160 fps=18.8 loss=0.7087 actor=-0.2673 value=0.9982 entropy=2.2246 mean_return=14.876 mean_len=77.2
[gat-train] update=77 samples=12320 fps=18.8 loss=4.0010 actor=0.6698 value=3.3524 entropy=2.1176 mean_return=14.798 mean_len=76.3
[gat-train] update=78 samples=12480 fps=18.9 loss=3.8438 actor=0.5810 value=3.2824 entropy=1.9582 mean_return=14.815 mean_len=76.5
[gat-train] update=79 samples=12640 fps=18.9 loss=4.6192 actor=1.0849 value=3.5524 entropy=1.8160 mean_return=14.755 mean_len=76.7
[gat-train] update=80 samples=12800 fps=19.0 loss=1.7873 actor=0.1811 value=1.6242 entropy=1.7969 mean_return=14.715 mean_len=76.6
[gat-train] update=81 samples=12960 fps=19.0 loss=1.3978 actor=0.1639 value=1.2537 entropy=1.9869 mean_return=14.998 mean_len=78.1
[gat-train] update=82 samples=13120 fps=19.1 loss=1.8960 actor=0.3235 value=1.5946 entropy=2.2074 mean_return=14.992 mean_len=78.1
[gat-train] update=83 samples=13280 fps=19.1 loss=0.4954 actor=-0.2217 value=0.7407 entropy=2.3675 mean_return=15.005 mean_len=78.3
[gat-train] update=84 samples=13440 fps=19.1 loss=0.0956 actor=-0.0856 value=0.2075 entropy=2.6279 mean_return=15.005 mean_len=78.3
[gat-train] update=85 samples=13600 fps=19.1 loss=-0.0605 actor=-0.2294 value=0.1972 entropy=2.8301 mean_return=15.005 mean_len=78.3
[gat-train] update=86 samples=13760 fps=19.1 loss=0.0264 actor=-0.2909 value=0.3465 entropy=2.9299 mean_return=15.005 mean_len=78.3
[gat-train] update=87 samples=13920 fps=19.1 loss=-0.0309 actor=-0.5037 value=0.5019 entropy=2.9048 mean_return=14.963 mean_len=77.9
[gat-train] update=88 samples=14080 fps=19.0 loss=0.0522 actor=-0.3030 value=0.3827 entropy=2.7441 mean_return=14.963 mean_len=77.9
[gat-train] update=89 samples=14240 fps=19.0 loss=2.0682 actor=0.0705 value=2.0235 entropy=2.5823 mean_return=14.958 mean_len=77.8
[gat-train] update=90 samples=14400 fps=19.0 loss=0.3196 actor=0.0122 value=0.3326 entropy=2.5184 mean_return=14.958 mean_len=77.8
[gat-train] update=91 samples=14560 fps=19.0 loss=3.6561 actor=0.5971 value=3.0812 entropy=2.2287 mean_return=14.863 mean_len=76.8
[gat-train] update=92 samples=14720 fps=19.1 loss=5.4676 actor=0.8586 value=4.6276 entropy=1.8533 mean_return=14.752 mean_len=75.7
[gat-train] update=93 samples=14880 fps=19.1 loss=2.9187 actor=0.6240 value=2.3134 entropy=1.8752 mean_return=14.722 mean_len=75.6
[gat-train] update=94 samples=15040 fps=19.2 loss=3.7028 actor=0.6421 value=3.0796 entropy=1.8909 mean_return=14.728 mean_len=75.6
[gat-train] update=95 samples=15200 fps=19.2 loss=2.4556 actor=0.5212 value=1.9551 entropy=2.0618 mean_return=14.749 mean_len=75.4
[gat-train] update=96 samples=15360 fps=19.3 loss=1.0759 actor=0.1292 value=0.9682 entropy=2.1552 mean_return=14.735 mean_len=75.3
[gat-train] update=97 samples=15520 fps=19.3 loss=0.6965 actor=0.0370 value=0.6833 entropy=2.3881 mean_return=14.730 mean_len=75.4
[gat-train] update=98 samples=15680 fps=19.3 loss=1.3857 actor=0.2023 value=1.2084 entropy=2.5057 mean_return=14.727 mean_len=75.5
[gat-train] update=99 samples=15840 fps=19.3 loss=-0.1410 actor=-0.2692 value=0.1545 entropy=2.6342 mean_return=14.727 mean_len=75.5
[gat-train] update=100 samples=16000 fps=19.3 loss=0.0267 actor=-0.1431 value=0.1976 entropy=2.7781 mean_return=14.727 mean_len=75.5
[gat-train] eval update=100 comp_score=85.21 best=86.04
[gat-train] update=101 samples=16160 fps=18.9 loss=0.1838 actor=-0.1050 value=0.3172 entropy=2.8323 mean_return=14.727 mean_len=75.5
[gat-train] update=102 samples=16320 fps=18.8 loss=0.2736 actor=-0.0729 value=0.3745 entropy=2.7929 mean_return=14.661 mean_len=75.0
[gat-train] update=103 samples=16480 fps=18.8 loss=0.8127 actor=0.0019 value=0.8375 entropy=2.6697 mean_return=14.648 mean_len=75.0
[gat-train] update=104 samples=16640 fps=18.8 loss=-0.3315 actor=-0.8482 value=0.5414 entropy=2.4694 mean_return=14.648 mean_len=75.0
[gat-train] update=105 samples=16800 fps=18.8 loss=2.3645 actor=0.3066 value=2.0812 entropy=2.3302 mean_return=14.642 mean_len=75.0
[gat-train] update=106 samples=16960 fps=18.8 loss=6.3618 actor=0.8817 value=5.5000 entropy=2.0018 mean_return=14.668 mean_len=74.8
[gat-train] update=107 samples=17120 fps=18.9 loss=3.6986 actor=0.5875 value=3.1281 entropy=1.6916 mean_return=14.623 mean_len=74.4
[gat-train] update=108 samples=17280 fps=18.9 loss=2.8438 actor=0.5998 value=2.2604 entropy=1.6391 mean_return=14.622 mean_len=74.3
[gat-train] update=109 samples=17440 fps=19.0 loss=2.2219 actor=0.2359 value=2.0012 entropy=1.5190 mean_return=14.640 mean_len=74.4
[gat-train] update=110 samples=17600 fps=19.0 loss=2.0475 actor=0.5845 value=1.4801 entropy=1.7096 mean_return=14.626 mean_len=74.4
[gat-train] update=111 samples=17760 fps=19.0 loss=1.3828 actor=-0.1829 value=1.5839 entropy=1.8239 mean_return=14.324 mean_len=73.5
[gat-train] update=112 samples=17920 fps=19.1 loss=1.3750 actor=0.3574 value=1.0364 entropy=1.8845 mean_return=14.313 mean_len=73.4
[gat-train] update=113 samples=18080 fps=19.1 loss=0.0348 actor=-0.0604 value=0.1160 entropy=2.0703 mean_return=14.313 mean_len=73.4
[gat-train] update=114 samples=18240 fps=19.1 loss=-0.0523 actor=-0.1501 value=0.1196 entropy=2.1833 mean_return=14.313 mean_len=73.4
[gat-train] update=115 samples=18400 fps=19.1 loss=0.0437 actor=-0.1060 value=0.1729 entropy=2.3147 mean_return=14.313 mean_len=73.4
[gat-train] update=116 samples=18560 fps=19.0 loss=0.3516 actor=0.0190 value=0.3573 entropy=2.4612 mean_return=14.313 mean_len=73.4
[gat-train] update=117 samples=18720 fps=19.0 loss=0.6485 actor=-0.1643 value=0.8381 entropy=2.5276 mean_return=14.335 mean_len=73.5
[gat-train] update=118 samples=18880 fps=19.0 loss=0.2415 actor=-0.2510 value=0.5182 entropy=2.5610 mean_return=14.335 mean_len=73.5
[gat-train] update=119 samples=19040 fps=18.9 loss=-0.5200 actor=-1.0234 value=0.5286 entropy=2.5098 mean_return=14.335 mean_len=73.5
[gat-train] update=120 samples=19200 fps=18.9 loss=1.3013 actor=0.1298 value=1.1971 entropy=2.5635 mean_return=14.358 mean_len=73.6
[gat-train] update=121 samples=19360 fps=18.9 loss=3.4676 actor=0.1147 value=3.3767 entropy=2.3767 mean_return=14.386 mean_len=73.9
[gat-train] update=122 samples=19520 fps=18.9 loss=7.6420 actor=0.2396 value=7.4245 entropy=2.2144 mean_return=13.585 mean_len=69.9
[gat-train] update=123 samples=19680 fps=18.9 loss=2.7263 actor=0.0631 value=2.6820 entropy=1.8703 mean_return=13.741 mean_len=71.2
[gat-train] update=124 samples=19840 fps=19.0 loss=7.3809 actor=1.1102 value=6.2873 entropy=1.6522 mean_return=13.530 mean_len=69.9
[gat-train] update=125 samples=20000 fps=19.0 loss=4.4788 actor=0.6557 value=3.8381 entropy=1.4958 mean_return=13.209 mean_len=68.6
[gat-train] update=126 samples=20160 fps=19.0 loss=3.9108 actor=0.9518 value=2.9736 entropy=1.4603 mean_return=13.278 mean_len=68.9
[gat-train] update=127 samples=20320 fps=19.1 loss=1.5199 actor=0.1125 value=1.4237 entropy=1.6369 mean_return=13.286 mean_len=69.1
[gat-train] update=128 samples=20480 fps=19.1 loss=0.0389 actor=-0.0505 value=0.1079 entropy=1.8561 mean_return=13.286 mean_len=69.1
[gat-train] update=129 samples=20640 fps=19.1 loss=0.3314 actor=0.1513 value=0.2014 entropy=2.1290 mean_return=13.233 mean_len=68.9
[gat-train] update=130 samples=20800 fps=19.1 loss=-0.1131 actor=-0.1873 value=0.0990 entropy=2.4752 mean_return=13.233 mean_len=68.9
[gat-train] update=131 samples=20960 fps=19.1 loss=0.0189 actor=-0.1438 value=0.1887 entropy=2.6010 mean_return=13.233 mean_len=68.9
[gat-train] update=132 samples=21120 fps=19.1 loss=0.5410 actor=0.1323 value=0.4362 entropy=2.7520 mean_return=13.233 mean_len=68.9
[gat-train] update=133 samples=21280 fps=19.1 loss=0.2852 actor=-0.0736 value=0.3882 entropy=2.9424 mean_return=13.233 mean_len=68.9
[gat-train] update=134 samples=21440 fps=19.0 loss=0.1921 actor=-0.1135 value=0.3350 entropy=2.9406 mean_return=13.233 mean_len=68.9
[gat-train] update=135 samples=21600 fps=19.0 loss=0.3131 actor=-0.1010 value=0.4430 entropy=2.8946 mean_return=13.233 mean_len=68.9
[gat-train] update=136 samples=21760 fps=19.0 loss=2.1895 actor=0.1988 value=2.0166 entropy=2.5969 mean_return=13.300 mean_len=69.2
[gat-train] update=137 samples=21920 fps=19.0 loss=4.1599 actor=0.6908 value=3.4927 entropy=2.3668 mean_return=13.334 mean_len=69.2
[gat-train] update=138 samples=22080 fps=19.0 loss=6.6524 actor=1.3925 value=5.2781 entropy=1.8158 mean_return=13.600 mean_len=70.0
[gat-train] update=139 samples=22240 fps=19.0 loss=3.8016 actor=0.9260 value=2.8912 entropy=1.5636 mean_return=13.824 mean_len=70.8
[gat-train] update=140 samples=22400 fps=19.1 loss=2.5559 actor=0.4706 value=2.1025 entropy=1.7232 mean_return=14.342 mean_len=73.5
[gat-train] update=141 samples=22560 fps=19.1 loss=1.4916 actor=0.3051 value=1.2067 entropy=2.0172 mean_return=14.286 mean_len=72.9
[gat-train] update=142 samples=22720 fps=19.2 loss=0.8095 actor=0.1489 value=0.6844 entropy=2.3734 mean_return=14.257 mean_len=72.9
[gat-train] update=143 samples=22880 fps=19.2 loss=-0.0444 actor=-0.1137 value=0.0973 entropy=2.7962 mean_return=14.257 mean_len=72.9
[gat-train] update=144 samples=23040 fps=19.2 loss=1.0504 actor=0.3117 value=0.7680 entropy=2.9311 mean_return=14.244 mean_len=72.8
[gat-train] update=145 samples=23200 fps=19.2 loss=0.1708 actor=0.0103 value=0.1906 entropy=3.0150 mean_return=14.244 mean_len=72.8
[gat-train] update=146 samples=23360 fps=19.2 loss=-0.0975 actor=-0.3121 value=0.2450 entropy=3.0403 mean_return=14.244 mean_len=72.8
[gat-train] update=147 samples=23520 fps=19.2 loss=-0.0211 actor=-0.3261 value=0.3358 entropy=3.0787 mean_return=14.244 mean_len=72.8
[gat-train] update=148 samples=23680 fps=19.2 loss=0.0846 actor=-0.2579 value=0.3722 entropy=2.9699 mean_return=14.244 mean_len=72.8
[gat-train] update=149 samples=23840 fps=19.1 loss=-0.3053 actor=-0.6992 value=0.4234 entropy=2.9430 mean_return=14.244 mean_len=72.8
[gat-train] update=150 samples=24000 fps=19.1 loss=1.0011 actor=-0.1779 value=1.2063 entropy=2.7261 mean_return=14.150 mean_len=71.9
[gat-train] eval update=150 comp_score=83.87 best=86.04
[gat-train] update=151 samples=24160 fps=18.8 loss=1.9984 actor=0.3812 value=1.6419 entropy=2.4703 mean_return=14.352 mean_len=72.8
[gat-train] update=152 samples=24320 fps=18.8 loss=3.4512 actor=0.8151 value=2.6567 entropy=2.0589 mean_return=14.460 mean_len=73.4
[gat-train] update=153 samples=24480 fps=18.8 loss=2.1792 actor=0.3250 value=1.8730 entropy=1.8736 mean_return=14.453 mean_len=73.1
[gat-train] update=154 samples=24640 fps=18.9 loss=3.3734 actor=0.7391 value=2.6515 entropy=1.7211 mean_return=14.346 mean_len=72.9
[gat-train] update=155 samples=24800 fps=18.9 loss=2.0626 actor=0.2236 value=1.8574 entropy=1.8395 mean_return=14.280 mean_len=72.7
[gat-train] update=156 samples=24960 fps=18.9 loss=0.3704 actor=0.0436 value=0.3468 entropy=2.0011 mean_return=14.274 mean_len=72.7
[gat-train] update=157 samples=25120 fps=19.0 loss=1.5749 actor=0.2942 value=1.3038 entropy=2.3119 mean_return=14.228 mean_len=72.4
[gat-train] update=158 samples=25280 fps=19.0 loss=0.0415 actor=-0.1758 value=0.2420 entropy=2.4713 mean_return=14.228 mean_len=72.4
[gat-train] update=159 samples=25440 fps=19.0 loss=0.2748 actor=0.1051 value=0.1960 entropy=2.6180 mean_return=14.163 mean_len=71.7
[gat-train] update=160 samples=25600 fps=19.0 loss=0.2783 actor=-0.0188 value=0.3240 entropy=2.6811 mean_return=14.163 mean_len=71.7
[gat-train] update=161 samples=25760 fps=19.0 loss=0.1062 actor=-0.2068 value=0.3402 entropy=2.7222 mean_return=14.163 mean_len=71.7
[gat-train] update=162 samples=25920 fps=19.0 loss=0.1720 actor=-0.2720 value=0.4715 entropy=2.7433 mean_return=14.162 mean_len=71.7
[gat-train] update=163 samples=26080 fps=19.0 loss=0.0431 actor=-0.2845 value=0.3538 entropy=2.6196 mean_return=14.162 mean_len=71.7
[gat-train] update=164 samples=26240 fps=19.0 loss=0.2700 actor=-0.2649 value=0.5605 entropy=2.5543 mean_return=14.148 mean_len=71.6
[gat-train] update=165 samples=26400 fps=19.0 loss=1.8680 actor=0.2256 value=1.6664 entropy=2.4031 mean_return=14.017 mean_len=70.8
[gat-train] update=166 samples=26560 fps=19.0 loss=1.2881 actor=-0.2053 value=1.5148 entropy=2.1310 mean_return=14.000 mean_len=70.7
[gat-train] update=167 samples=26720 fps=19.0 loss=2.9036 actor=0.4780 value=2.4462 entropy=2.0697 mean_return=13.975 mean_len=70.4
[gat-train] update=168 samples=26880 fps=19.0 loss=1.1015 actor=0.2655 value=0.8554 entropy=1.9443 mean_return=13.974 mean_len=70.3
[gat-train] update=169 samples=27040 fps=19.0 loss=2.6910 actor=0.5299 value=2.1805 entropy=1.9446 mean_return=14.041 mean_len=71.0
[gat-train] update=170 samples=27200 fps=19.1 loss=0.3396 actor=-0.1933 value=0.5519 entropy=1.9039 mean_return=14.102 mean_len=71.4
[gat-train] update=171 samples=27360 fps=19.1 loss=0.6091 actor=0.0834 value=0.5457 entropy=1.9994 mean_return=14.118 mean_len=71.7
[gat-train] update=172 samples=27520 fps=19.1 loss=0.9513 actor=0.1057 value=0.8688 entropy=2.3228 mean_return=14.149 mean_len=72.0
[gat-train] update=173 samples=27680 fps=19.1 loss=-0.0550 actor=-0.1547 value=0.1233 entropy=2.3550 mean_return=14.149 mean_len=72.0
[gat-train] update=174 samples=27840 fps=19.1 loss=1.1938 actor=-0.2544 value=1.4723 entropy=2.3995 mean_return=14.124 mean_len=72.2
[gat-train] update=175 samples=28000 fps=19.1 loss=0.9104 actor=0.0266 value=0.9078 entropy=2.4008 mean_return=14.081 mean_len=71.8
[gat-train] update=176 samples=28160 fps=19.1 loss=-0.0846 actor=-0.2913 value=0.2306 entropy=2.3892 mean_return=14.065 mean_len=71.4
[gat-train] update=177 samples=28320 fps=19.1 loss=0.1128 actor=-0.0786 value=0.2155 entropy=2.4012 mean_return=14.065 mean_len=71.4
[gat-train] update=178 samples=28480 fps=19.1 loss=0.1275 actor=-0.2098 value=0.3613 entropy=2.4024 mean_return=14.065 mean_len=71.4
[gat-train] update=179 samples=28640 fps=19.1 loss=2.0409 actor=0.2967 value=1.7670 entropy=2.2814 mean_return=14.074 mean_len=71.4
[gat-train] update=180 samples=28800 fps=19.1 loss=0.9737 actor=-0.4486 value=1.4451 entropy=2.2820 mean_return=13.811 mean_len=70.3
[gat-train] update=181 samples=28960 fps=19.1 loss=2.2712 actor=0.6188 value=1.6746 entropy=2.2186 mean_return=13.853 mean_len=70.4
[gat-train] update=182 samples=29120 fps=19.1 loss=2.8325 actor=0.2541 value=2.5987 entropy=2.0263 mean_return=13.880 mean_len=70.4
[gat-train] update=183 samples=29280 fps=19.1 loss=1.5681 actor=0.3168 value=1.2705 entropy=1.9246 mean_return=14.011 mean_len=71.2
[gat-train] update=184 samples=29440 fps=19.1 loss=2.6542 actor=0.4466 value=2.2258 entropy=1.8320 mean_return=14.097 mean_len=72.4
[gat-train] update=185 samples=29600 fps=19.1 loss=1.5007 actor=0.1500 value=1.3676 entropy=1.6913 mean_return=14.215 mean_len=73.4
[gat-train] update=186 samples=29760 fps=19.1 loss=1.0726 actor=0.0765 value=1.0134 entropy=1.7314 mean_return=14.319 mean_len=73.8
[gat-train] update=187 samples=29920 fps=19.1 loss=2.0200 actor=0.0883 value=1.9500 entropy=1.8363 mean_return=14.074 mean_len=72.6
[gat-train] update=188 samples=30080 fps=19.2 loss=0.5184 actor=0.0525 value=0.4862 entropy=2.0258 mean_return=14.095 mean_len=72.8
[gat-train] update=189 samples=30240 fps=19.2 loss=0.2991 actor=0.1437 value=0.1763 entropy=2.0950 mean_return=14.095 mean_len=72.8
[gat-train] update=190 samples=30400 fps=19.2 loss=0.4875 actor=0.0021 value=0.5074 entropy=2.1966 mean_return=14.128 mean_len=72.8
[gat-train] update=191 samples=30560 fps=19.1 loss=2.5701 actor=0.4283 value=2.1647 entropy=2.2926 mean_return=14.199 mean_len=73.3
[gat-train] update=192 samples=30720 fps=19.1 loss=0.4196 actor=-0.0325 value=0.4755 entropy=2.3322 mean_return=14.207 mean_len=73.2
[gat-train] update=193 samples=30880 fps=19.1 loss=0.2772 actor=-0.0214 value=0.3218 entropy=2.3158 mean_return=14.207 mean_len=73.2
[gat-train] update=194 samples=31040 fps=19.1 loss=0.8214 actor=-0.0891 value=0.9337 entropy=2.3122 mean_return=14.215 mean_len=73.2
[gat-train] update=195 samples=31200 fps=19.1 loss=1.3995 actor=0.3168 value=1.1060 entropy=2.3265 mean_return=14.238 mean_len=73.0
[gat-train] update=196 samples=31360 fps=19.1 loss=0.3736 actor=-0.1413 value=0.5369 entropy=2.1971 mean_return=14.273 mean_len=73.3
[gat-train] update=197 samples=31520 fps=19.1 loss=-0.0605 actor=-0.5099 value=0.4718 entropy=2.2447 mean_return=14.300 mean_len=73.3
[gat-train] update=198 samples=31680 fps=19.1 loss=1.3125 actor=0.3669 value=0.9683 entropy=2.2703 mean_return=14.352 mean_len=73.7
[gat-train] update=199 samples=31840 fps=19.1 loss=2.4324 actor=0.5463 value=1.9066 entropy=2.0521 mean_return=14.469 mean_len=74.3
[gat-train] update=200 samples=32000 fps=19.2 loss=0.5917 actor=0.0007 value=0.6115 entropy=2.0520 mean_return=14.449 mean_len=74.3
[gat-train] eval update=200 comp_score=83.81 best=86.04
[gat-train] update=201 samples=32160 fps=18.9 loss=2.2988 actor=0.2788 value=2.0403 entropy=2.0303 mean_return=14.844 mean_len=76.5
[gat-train] update=202 samples=32320 fps=19.0 loss=0.1721 actor=0.0131 value=0.1815 entropy=2.2448 mean_return=14.783 mean_len=76.1
[gat-train] update=203 samples=32480 fps=19.0 loss=0.9284 actor=0.0091 value=0.9420 entropy=2.2767 mean_return=14.834 mean_len=76.7
[gat-train] update=204 samples=32640 fps=19.0 loss=0.5023 actor=0.1431 value=0.3835 entropy=2.4277 mean_return=14.845 mean_len=76.6
[gat-train] update=205 samples=32800 fps=19.0 loss=0.7485 actor=-0.0331 value=0.8069 entropy=2.5246 mean_return=14.851 mean_len=76.7
[gat-train] update=206 samples=32960 fps=19.0 loss=1.6359 actor=0.4859 value=1.1754 entropy=2.5340 mean_return=14.812 mean_len=76.7
[gat-train] update=207 samples=33120 fps=19.0 loss=1.2094 actor=0.1580 value=1.0755 entropy=2.4119 mean_return=14.840 mean_len=76.9
[gat-train] update=208 samples=33280 fps=19.0 loss=0.2840 actor=-0.2316 value=0.5398 entropy=2.4140 mean_return=14.871 mean_len=77.1
[gat-train] update=209 samples=33440 fps=19.0 loss=0.4929 actor=0.1307 value=0.3865 entropy=2.4261 mean_return=14.819 mean_len=76.4
[gat-train] update=210 samples=33600 fps=19.0 loss=1.5957 actor=0.1551 value=1.4638 entropy=2.3142 mean_return=14.773 mean_len=75.9
[gat-train] update=211 samples=33760 fps=19.0 loss=1.3942 actor=0.4151 value=1.0022 entropy=2.3110 mean_return=14.736 mean_len=75.7
[gat-train] update=212 samples=33920 fps=19.0 loss=0.2033 actor=-0.2479 value=0.4738 entropy=2.2624 mean_return=14.947 mean_len=77.0
[gat-train] update=213 samples=34080 fps=19.0 loss=0.2184 actor=0.0415 value=0.2005 entropy=2.3642 mean_return=14.947 mean_len=77.0
[gat-train] update=214 samples=34240 fps=19.0 loss=1.8070 actor=0.5429 value=1.2873 entropy=2.3205 mean_return=14.919 mean_len=76.8
[gat-train] update=215 samples=34400 fps=19.0 loss=0.6364 actor=0.1027 value=0.5548 entropy=2.1095 mean_return=14.856 mean_len=76.3
[gat-train] update=216 samples=34560 fps=19.0 loss=1.6395 actor=0.0820 value=1.5771 entropy=1.9527 mean_return=14.861 mean_len=77.1
[gat-train] update=217 samples=34720 fps=19.0 loss=0.3698 actor=-0.0202 value=0.4101 entropy=2.0134 mean_return=14.879 mean_len=77.3
[gat-train] update=218 samples=34880 fps=19.0 loss=0.7558 actor=0.0559 value=0.7211 entropy=2.1207 mean_return=14.885 mean_len=77.4
[gat-train] update=219 samples=35040 fps=19.0 loss=0.6484 actor=0.0136 value=0.6572 entropy=2.2410 mean_return=14.886 mean_len=77.4
[gat-train] update=220 samples=35200 fps=19.0 loss=0.2542 actor=0.0362 value=0.2393 entropy=2.1365 mean_return=14.838 mean_len=76.7
[gat-train] update=221 samples=35360 fps=19.1 loss=1.9657 actor=0.3430 value=1.6445 entropy=2.1770 mean_return=14.816 mean_len=76.5
[gat-train] update=222 samples=35520 fps=19.1 loss=0.9901 actor=0.0918 value=0.9192 entropy=2.0895 mean_return=14.831 mean_len=76.7
[gat-train] update=223 samples=35680 fps=19.1 loss=0.0334 actor=-0.2716 value=0.3270 entropy=2.2071 mean_return=14.831 mean_len=76.7
[gat-train] update=224 samples=35840 fps=19.1 loss=0.5192 actor=-0.1573 value=0.6996 entropy=2.3159 mean_return=14.820 mean_len=76.4
[gat-train] update=225 samples=36000 fps=19.1 loss=1.2747 actor=0.2489 value=1.0481 entropy=2.2311 mean_return=14.787 mean_len=75.9
[gat-train] update=226 samples=36160 fps=19.1 loss=0.3551 actor=-0.0133 value=0.3897 entropy=2.1302 mean_return=14.797 mean_len=75.9
[gat-train] update=227 samples=36320 fps=19.1 loss=0.2244 actor=-0.2115 value=0.4571 entropy=2.1200 mean_return=14.779 mean_len=75.8
[gat-train] update=228 samples=36480 fps=19.1 loss=0.7248 actor=0.1902 value=0.5566 entropy=2.1977 mean_return=14.831 mean_len=76.3
[gat-train] update=229 samples=36640 fps=19.1 loss=0.2011 actor=-0.3323 value=0.5559 entropy=2.2530 mean_return=14.822 mean_len=76.1
[gat-train] update=230 samples=36800 fps=19.1 loss=1.0198 actor=-0.0618 value=1.1036 entropy=2.2032 mean_return=14.862 mean_len=76.3
[gat-train] update=231 samples=36960 fps=19.1 loss=1.2855 actor=0.2687 value=1.0375 entropy=2.0708 mean_return=14.852 mean_len=76.1
[gat-train] update=232 samples=37120 fps=19.1 loss=0.7619 actor=0.1551 value=0.6273 entropy=2.0482 mean_return=14.808 mean_len=76.1
[gat-train] update=233 samples=37280 fps=19.1 loss=1.0755 actor=-0.1513 value=1.2465 entropy=1.9768 mean_return=14.944 mean_len=77.5
[gat-train] update=234 samples=37440 fps=19.1 loss=-0.0272 actor=-0.1746 value=0.1677 entropy=2.0264 mean_return=14.925 mean_len=77.1
[gat-train] update=235 samples=37600 fps=19.1 loss=0.4286 actor=0.0131 value=0.4363 entropy=2.0750 mean_return=14.959 mean_len=77.2
[gat-train] update=236 samples=37760 fps=19.1 loss=0.9518 actor=-0.0080 value=0.9799 entropy=2.0089 mean_return=15.002 mean_len=77.3
[gat-train] update=237 samples=37920 fps=19.1 loss=0.3991 actor=0.0402 value=0.3797 entropy=2.0830 mean_return=14.994 mean_len=77.4
[gat-train] update=238 samples=38080 fps=19.1 loss=1.1687 actor=-0.2195 value=1.4089 entropy=2.0694 mean_return=14.775 mean_len=76.2
[gat-train] update=239 samples=38240 fps=19.1 loss=0.8849 actor=0.0121 value=0.8941 entropy=2.1238 mean_return=14.769 mean_len=76.0
[gat-train] update=240 samples=38400 fps=19.1 loss=0.1465 actor=-0.0679 value=0.2359 entropy=2.1506 mean_return=14.769 mean_len=76.0
[gat-train] update=241 samples=38560 fps=19.1 loss=0.9307 actor=0.1335 value=0.8193 entropy=2.2113 mean_return=14.813 mean_len=76.0
[gat-train] update=242 samples=38720 fps=19.1 loss=0.0047 actor=-0.2894 value=0.3169 entropy=2.2765 mean_return=14.813 mean_len=76.0
[gat-train] update=243 samples=38880 fps=19.1 loss=0.9751 actor=0.2708 value=0.7278 entropy=2.3466 mean_return=14.798 mean_len=76.1
[gat-train] update=244 samples=39040 fps=19.1 loss=1.2287 actor=0.1816 value=1.0703 entropy=2.3227 mean_return=14.839 mean_len=76.4
[gat-train] update=245 samples=39200 fps=19.1 loss=1.5818 actor=0.1567 value=1.4486 entropy=2.3428 mean_return=14.847 mean_len=76.5
[gat-train] update=246 samples=39360 fps=19.1 loss=0.6862 actor=-0.0527 value=0.7608 entropy=2.1864 mean_return=14.922 mean_len=77.0
[gat-train] update=247 samples=39520 fps=19.1 loss=1.2430 actor=0.2853 value=0.9786 entropy=2.0933 mean_return=14.893 mean_len=76.8
[gat-train] update=248 samples=39680 fps=19.1 loss=1.8003 actor=0.3643 value=1.4564 entropy=2.0380 mean_return=14.945 mean_len=77.4
[gat-train] update=249 samples=39840 fps=19.1 loss=0.8594 actor=0.0794 value=0.7994 entropy=1.9357 mean_return=14.961 mean_len=77.6
[gat-train] update=250 samples=40000 fps=19.2 loss=0.3891 actor=0.0573 value=0.3513 entropy=1.9479 mean_return=14.990 mean_len=77.6
[gat-train] eval update=250 comp_score=84.32 best=86.04
[gat-train] update=251 samples=40160 fps=19.0 loss=0.7025 actor=-0.0879 value=0.8105 entropy=2.0069 mean_return=14.976 mean_len=77.5
[gat-train] update=252 samples=40320 fps=19.0 loss=0.5668 actor=0.0128 value=0.5748 entropy=2.0818 mean_return=14.959 mean_len=77.5
[gat-train] update=253 samples=40480 fps=19.0 loss=0.1805 actor=-0.1105 value=0.3130 entropy=2.2007 mean_return=14.966 mean_len=77.7
[gat-train] update=254 samples=40640 fps=19.0 loss=0.6810 actor=0.0112 value=0.6910 entropy=2.1196 mean_return=14.986 mean_len=77.5
[gat-train] update=255 samples=40800 fps=19.0 loss=0.8149 actor=0.2197 value=0.6172 entropy=2.1997 mean_return=15.003 mean_len=77.3
[gat-train] update=256 samples=40960 fps=19.0 loss=0.4592 actor=0.2263 value=0.2565 entropy=2.3586 mean_return=15.003 mean_len=77.3
[gat-train] update=257 samples=41120 fps=19.0 loss=0.1859 actor=-0.1054 value=0.3157 entropy=2.4378 mean_return=14.992 mean_len=77.0
[gat-train] update=258 samples=41280 fps=19.0 loss=0.0717 actor=-0.1458 value=0.2432 entropy=2.5627 mean_return=14.992 mean_len=77.0
[gat-train] update=259 samples=41440 fps=19.0 loss=0.8706 actor=0.0507 value=0.8458 entropy=2.5886 mean_return=14.973 mean_len=76.7
[gat-train] update=260 samples=41600 fps=19.0 loss=-0.0218 actor=-0.5763 value=0.5793 entropy=2.4884 mean_return=14.991 mean_len=76.7
[gat-train] update=261 samples=41760 fps=19.0 loss=0.7134 actor=0.2546 value=0.4839 entropy=2.5057 mean_return=14.979 mean_len=76.8
[gat-train] update=262 samples=41920 fps=19.0 loss=1.5563 actor=0.3514 value=1.2283 entropy=2.3412 mean_return=14.991 mean_len=76.9
[gat-train] update=263 samples=42080 fps=19.0 loss=1.0816 actor=0.2579 value=0.8445 entropy=2.0851 mean_return=15.207 mean_len=77.9
[gat-train] update=264 samples=42240 fps=19.0 loss=0.4064 actor=-0.1752 value=0.6019 entropy=2.0297 mean_return=15.097 mean_len=77.3
[gat-train] update=265 samples=42400 fps=19.0 loss=0.4451 actor=0.0404 value=0.4237 entropy=1.8960 mean_return=15.037 mean_len=76.6
[gat-train] update=266 samples=42560 fps=19.1 loss=0.5344 actor=0.0032 value=0.5519 entropy=2.0653 mean_return=15.013 mean_len=76.5
[gat-train] update=267 samples=42720 fps=19.1 loss=0.2423 actor=0.0094 value=0.2544 entropy=2.1604 mean_return=14.984 mean_len=76.2
[gat-train] update=268 samples=42880 fps=19.1 loss=0.4758 actor=0.1683 value=0.3302 entropy=2.2730 mean_return=14.961 mean_len=76.0
[gat-train] update=269 samples=43040 fps=19.1 loss=0.8438 actor=0.1407 value=0.7263 entropy=2.3161 mean_return=14.952 mean_len=75.9
[gat-train] update=270 samples=43200 fps=19.1 loss=0.3192 actor=-0.0432 value=0.3864 entropy=2.4009 mean_return=14.928 mean_len=75.9
[gat-train] update=271 samples=43360 fps=19.1 loss=0.0586 actor=-0.0651 value=0.1484 entropy=2.4781 mean_return=14.928 mean_len=75.9
[gat-train] update=272 samples=43520 fps=19.1 loss=0.1808 actor=-0.1119 value=0.3172 entropy=2.4535 mean_return=14.928 mean_len=76.0
[gat-train] update=273 samples=43680 fps=19.1 loss=0.2890 actor=-0.1413 value=0.4554 entropy=2.5171 mean_return=14.924 mean_len=76.0
[gat-train] update=274 samples=43840 fps=19.1 loss=0.1024 actor=-0.2840 value=0.4116 entropy=2.5250 mean_return=14.858 mean_len=75.5
[gat-train] update=275 samples=44000 fps=19.1 loss=0.0291 actor=-0.2061 value=0.2599 entropy=2.4707 mean_return=14.858 mean_len=75.5
[gat-train] update=276 samples=44160 fps=19.1 loss=0.8446 actor=0.1637 value=0.7052 entropy=2.4281 mean_return=14.865 mean_len=75.7
[gat-train] update=277 samples=44320 fps=19.0 loss=0.4365 actor=-0.1722 value=0.6316 entropy=2.2926 mean_return=14.827 mean_len=75.3
[gat-train] update=278 samples=44480 fps=19.1 loss=0.8710 actor=0.0563 value=0.8359 entropy=2.1227 mean_return=14.791 mean_len=75.0
[gat-train] update=279 samples=44640 fps=19.1 loss=2.6996 actor=0.7096 value=2.0102 entropy=2.0139 mean_return=14.768 mean_len=75.4
[gat-train] update=280 samples=44800 fps=19.1 loss=0.0350 actor=-0.1682 value=0.2233 entropy=2.0114 mean_return=14.768 mean_len=75.4
[gat-train] update=281 samples=44960 fps=19.1 loss=1.1504 actor=0.1343 value=1.0356 entropy=1.9558 mean_return=14.773 mean_len=75.9
[gat-train] update=282 samples=45120 fps=19.1 loss=0.1281 actor=-0.1581 value=0.3056 entropy=1.9332 mean_return=14.769 mean_len=75.8
[gat-train] update=283 samples=45280 fps=19.1 loss=0.3461 actor=0.0926 value=0.2753 entropy=2.1820 mean_return=14.767 mean_len=75.8
[gat-train] update=284 samples=45440 fps=19.1 loss=0.8885 actor=0.3195 value=0.5922 entropy=2.3128 mean_return=14.765 mean_len=75.7
[gat-train] update=285 samples=45600 fps=19.1 loss=0.2801 actor=-0.1718 value=0.4750 entropy=2.3071 mean_return=14.787 mean_len=76.0
[gat-train] update=286 samples=45760 fps=19.1 loss=0.4554 actor=0.1589 value=0.3200 entropy=2.3474 mean_return=14.780 mean_len=76.0
[gat-train] update=287 samples=45920 fps=19.1 loss=0.7371 actor=-0.0512 value=0.8119 entropy=2.3547 mean_return=14.794 mean_len=76.2
[gat-train] update=288 samples=46080 fps=19.1 loss=0.1933 actor=-0.1109 value=0.3284 entropy=2.4116 mean_return=14.794 mean_len=76.2
[gat-train] update=289 samples=46240 fps=19.1 loss=-0.1479 actor=-0.4736 value=0.3511 entropy=2.5379 mean_return=14.794 mean_len=76.2
[gat-train] update=290 samples=46400 fps=19.1 loss=0.4666 actor=-0.1104 value=0.6026 entropy=2.5585 mean_return=14.826 mean_len=76.6
[gat-train] update=291 samples=46560 fps=19.1 loss=1.2427 actor=0.2628 value=1.0036 entropy=2.3742 mean_return=14.907 mean_len=77.0
[gat-train] update=292 samples=46720 fps=19.1 loss=0.5821 actor=-0.0676 value=0.6726 entropy=2.2980 mean_return=14.911 mean_len=77.2
[gat-train] update=293 samples=46880 fps=19.1 loss=0.8194 actor=0.1883 value=0.6527 entropy=2.1710 mean_return=14.873 mean_len=77.2
[gat-train] update=294 samples=47040 fps=19.1 loss=2.2232 actor=-0.5058 value=2.7487 entropy=1.9827 mean_return=14.575 mean_len=75.5
[gat-train] update=295 samples=47200 fps=19.1 loss=3.0654 actor=-0.2866 value=3.3705 entropy=1.8491 mean_return=14.370 mean_len=74.2
[gat-train] update=296 samples=47360 fps=19.1 loss=0.1088 actor=-0.0714 value=0.1997 entropy=1.9545 mean_return=14.370 mean_len=74.2
[gat-train] update=297 samples=47520 fps=19.2 loss=1.5940 actor=0.5872 value=1.0271 entropy=2.0273 mean_return=14.403 mean_len=74.5
[gat-train] update=298 samples=47680 fps=19.2 loss=0.1130 actor=-0.2214 value=0.3550 entropy=2.0545 mean_return=14.456 mean_len=74.9
[gat-train] update=299 samples=47840 fps=19.2 loss=0.1283 actor=-0.0785 value=0.2277 entropy=2.0951 mean_return=14.436 mean_len=74.9
[gat-train] update=300 samples=48000 fps=19.2 loss=-0.0780 actor=-0.2078 value=0.1519 entropy=2.2142 mean_return=14.424 mean_len=74.8
[gat-train] eval update=300 comp_score=84.69 best=86.04
[gat-train] update=301 samples=48160 fps=19.0 loss=0.6709 actor=0.1575 value=0.5369 entropy=2.3538 mean_return=14.502 mean_len=75.2
[gat-train] update=302 samples=48320 fps=19.0 loss=0.5730 actor=0.1034 value=0.4935 entropy=2.3827 mean_return=14.497 mean_len=75.1
[gat-train] update=303 samples=48480 fps=19.0 loss=0.3274 actor=0.0012 value=0.3512 entropy=2.4997 mean_return=14.459 mean_len=75.0
[gat-train] update=304 samples=48640 fps=19.0 loss=-0.1339 actor=-0.5346 value=0.4252 entropy=2.4481 mean_return=14.456 mean_len=74.7
[gat-train] update=305 samples=48800 fps=19.0 loss=0.2499 actor=-0.2420 value=0.5177 entropy=2.5789 mean_return=14.445 mean_len=74.4
[gat-train] update=306 samples=48960 fps=19.0 loss=0.3982 actor=-0.0980 value=0.5210 entropy=2.4878 mean_return=14.453 mean_len=74.3
[gat-train] update=307 samples=49120 fps=19.0 loss=0.2926 actor=-0.1319 value=0.4479 entropy=2.3388 mean_return=14.430 mean_len=74.2
[gat-train] update=308 samples=49280 fps=19.0 loss=0.3315 actor=0.0679 value=0.2863 entropy=2.2728 mean_return=14.389 mean_len=73.8
[gat-train] update=309 samples=49440 fps=19.0 loss=0.8883 actor=0.0177 value=0.8923 entropy=2.1755 mean_return=14.365 mean_len=73.7
[gat-train] update=310 samples=49600 fps=19.0 loss=0.9332 actor=0.2537 value=0.6992 entropy=1.9687 mean_return=14.310 mean_len=73.1
[gat-train] update=311 samples=49760 fps=19.0 loss=0.7016 actor=0.1970 value=0.5252 entropy=2.0575 mean_return=14.340 mean_len=73.4
[gat-train] update=312 samples=49920 fps=19.1 loss=-0.0910 actor=-0.3714 value=0.3031 entropy=2.2710 mean_return=14.327 mean_len=73.2
[gat-train] update=313 samples=50080 fps=19.1 loss=0.7631 actor=0.2587 value=0.5275 entropy=2.3052 mean_return=14.317 mean_len=73.2
[gat-train] update=314 samples=50240 fps=19.1 loss=0.1659 actor=-0.1958 value=0.3850 entropy=2.3251 mean_return=14.336 mean_len=73.3
[gat-train] update=315 samples=50400 fps=19.1 loss=1.1949 actor=0.2881 value=0.9315 entropy=2.4762 mean_return=14.373 mean_len=73.5
[gat-train] update=316 samples=50560 fps=19.1 loss=0.0076 actor=-0.1892 value=0.2220 entropy=2.5097 mean_return=14.373 mean_len=73.5
[gat-train] update=317 samples=50720 fps=19.1 loss=0.6213 actor=0.0512 value=0.5956 entropy=2.5494 mean_return=14.373 mean_len=73.7
[gat-train] update=318 samples=50880 fps=19.1 loss=0.4043 actor=-0.1102 value=0.5397 entropy=2.5239 mean_return=14.669 mean_len=75.1
[gat-train] update=319 samples=51040 fps=19.1 loss=0.3909 actor=-0.1114 value=0.5265 entropy=2.4189 mean_return=14.824 mean_len=75.9
[gat-train] update=320 samples=51200 fps=19.1 loss=-0.0339 actor=-0.3524 value=0.3437 entropy=2.5281 mean_return=14.824 mean_len=75.9
[gat-train] update=321 samples=51360 fps=19.1 loss=0.4914 actor=0.1968 value=0.3204 entropy=2.5780 mean_return=14.834 mean_len=76.0
[gat-train] update=322 samples=51520 fps=19.1 loss=0.1699 actor=-0.3232 value=0.5169 entropy=2.3768 mean_return=14.745 mean_len=75.1
[gat-train] update=323 samples=51680 fps=19.1 loss=0.9071 actor=0.4344 value=0.4963 entropy=2.3596 mean_return=14.740 mean_len=74.8
[gat-train] update=324 samples=51840 fps=19.1 loss=0.2216 actor=-0.3070 value=0.5518 entropy=2.3120 mean_return=14.699 mean_len=74.7
[gat-train] update=325 samples=52000 fps=19.1 loss=0.1696 actor=-0.1775 value=0.3710 entropy=2.3922 mean_return=14.681 mean_len=74.7
[gat-train] update=326 samples=52160 fps=19.1 loss=0.9188 actor=0.1503 value=0.7920 entropy=2.3489 mean_return=14.674 mean_len=74.9
[gat-train] update=327 samples=52320 fps=19.1 loss=0.6282 actor=0.1733 value=0.4789 entropy=2.3995 mean_return=14.631 mean_len=74.8
[gat-train] update=328 samples=52480 fps=19.1 loss=0.3502 actor=-0.0234 value=0.3977 entropy=2.4026 mean_return=14.648 mean_len=74.7
[gat-train] update=329 samples=52640 fps=19.1 loss=0.1536 actor=-0.2076 value=0.3861 entropy=2.4849 mean_return=14.640 mean_len=74.8
[gat-train] update=330 samples=52800 fps=19.1 loss=0.0335 actor=-0.1913 value=0.2495 entropy=2.4773 mean_return=14.648 mean_len=74.9
[gat-train] update=331 samples=52960 fps=19.1 loss=0.7544 actor=0.3741 value=0.4059 entropy=2.5573 mean_return=14.629 mean_len=74.9
[gat-train] update=332 samples=53120 fps=19.1 loss=0.4214 actor=-0.0816 value=0.5276 entropy=2.4482 mean_return=14.566 mean_len=74.4
[gat-train] update=333 samples=53280 fps=19.1 loss=0.8714 actor=0.2177 value=0.6783 entropy=2.4619 mean_return=14.618 mean_len=74.5
[gat-train] update=334 samples=53440 fps=19.1 loss=0.0547 actor=-0.2071 value=0.2876 entropy=2.5702 mean_return=14.618 mean_len=74.5
[gat-train] update=335 samples=53600 fps=19.2 loss=0.0152 actor=-0.2371 value=0.2785 entropy=2.6214 mean_return=14.618 mean_len=74.5
[gat-train] update=336 samples=53760 fps=19.2 loss=0.2337 actor=-0.1111 value=0.3711 entropy=2.6284 mean_return=14.538 mean_len=73.7
[gat-train] update=337 samples=53920 fps=19.2 loss=1.1081 actor=0.2360 value=0.8960 entropy=2.3947 mean_return=14.534 mean_len=73.6
[gat-train] update=338 samples=54080 fps=19.2 loss=1.1508 actor=0.2536 value=0.9200 entropy=2.2925 mean_return=14.558 mean_len=73.9
[gat-train] update=339 samples=54240 fps=19.2 loss=0.6298 actor=0.0123 value=0.6398 entropy=2.2269 mean_return=14.551 mean_len=73.8
[gat-train] update=340 samples=54400 fps=19.2 loss=0.6367 actor=0.0195 value=0.6395 entropy=2.2268 mean_return=14.546 mean_len=73.7
[gat-train] update=341 samples=54560 fps=19.2 loss=1.2152 actor=0.3473 value=0.8888 entropy=2.0893 mean_return=14.512 mean_len=73.9
[gat-train] update=342 samples=54720 fps=19.2 loss=0.1133 actor=-0.2227 value=0.3579 entropy=2.1856 mean_return=14.512 mean_len=73.9
[gat-train] update=343 samples=54880 fps=19.2 loss=0.4412 actor=0.1184 value=0.3457 entropy=2.2902 mean_return=14.516 mean_len=74.1
[gat-train] update=344 samples=55040 fps=19.2 loss=0.3288 actor=-0.1187 value=0.4699 entropy=2.2412 mean_return=14.522 mean_len=74.1
[gat-train] update=345 samples=55200 fps=19.2 loss=0.0998 actor=-0.0537 value=0.1778 entropy=2.4331 mean_return=14.522 mean_len=74.1
[gat-train] update=346 samples=55360 fps=19.2 loss=0.5864 actor=0.2933 value=0.3173 entropy=2.4240 mean_return=14.511 mean_len=74.0
[gat-train] update=347 samples=55520 fps=19.2 loss=-0.0778 actor=-0.4308 value=0.3769 entropy=2.3880 mean_return=14.512 mean_len=74.0
[gat-train] update=348 samples=55680 fps=19.2 loss=0.4632 actor=0.0335 value=0.4535 entropy=2.3915 mean_return=14.549 mean_len=74.1
[gat-train] update=349 samples=55840 fps=19.2 loss=0.3015 actor=-0.2060 value=0.5302 entropy=2.2657 mean_return=14.591 mean_len=74.7
[gat-train] update=350 samples=56000 fps=19.2 loss=0.6305 actor=0.1039 value=0.5495 entropy=2.3023 mean_return=14.612 mean_len=74.8
[gat-train] eval update=350 comp_score=83.65 best=86.04
[gat-train] update=351 samples=56160 fps=19.1 loss=0.2797 actor=-0.2325 value=0.5342 entropy=2.1959 mean_return=14.619 mean_len=74.4
[gat-train] update=352 samples=56320 fps=19.1 loss=0.6742 actor=0.1593 value=0.5360 entropy=2.1075 mean_return=14.632 mean_len=74.5
[gat-train] update=353 samples=56480 fps=19.1 loss=0.4653 actor=-0.0930 value=0.5788 entropy=2.0565 mean_return=14.663 mean_len=74.6
[gat-train] update=354 samples=56640 fps=19.1 loss=0.0311 actor=-0.1018 value=0.1550 entropy=2.2116 mean_return=14.663 mean_len=74.6
[gat-train] update=355 samples=56800 fps=19.1 loss=0.6215 actor=-0.0068 value=0.6500 entropy=2.1705 mean_return=14.721 mean_len=74.6
[gat-train] update=356 samples=56960 fps=19.1 loss=1.0619 actor=0.4029 value=0.6802 entropy=2.1245 mean_return=14.786 mean_len=75.5
[gat-train] update=357 samples=57120 fps=19.1 loss=0.5303 actor=0.0099 value=0.5413 entropy=2.0813 mean_return=14.793 mean_len=75.7
[gat-train] update=358 samples=57280 fps=19.1 loss=0.0669 actor=-0.0977 value=0.1872 entropy=2.2536 mean_return=14.806 mean_len=75.7
[gat-train] update=359 samples=57440 fps=19.1 loss=1.1789 actor=0.3172 value=0.8840 entropy=2.2416 mean_return=14.867 mean_len=76.5
[gat-train] update=360 samples=57600 fps=19.1 loss=0.2300 actor=-0.1403 value=0.3944 entropy=2.4042 mean_return=14.882 mean_len=76.6
[gat-train] update=361 samples=57760 fps=19.1 loss=0.4991 actor=0.0556 value=0.4684 entropy=2.4885 mean_return=14.863 mean_len=76.6
[gat-train] update=362 samples=57920 fps=19.1 loss=-0.0431 actor=-0.2492 value=0.2312 entropy=2.5153 mean_return=14.863 mean_len=76.6
[gat-train] update=363 samples=58080 fps=19.1 loss=0.5681 actor=0.0350 value=0.5585 entropy=2.5439 mean_return=14.894 mean_len=76.5
[gat-train] update=364 samples=58240 fps=19.1 loss=0.5137 actor=0.0230 value=0.5151 entropy=2.4394 mean_return=14.850 mean_len=76.2
[gat-train] update=365 samples=58400 fps=19.1 loss=0.5179 actor=-0.0828 value=0.6247 entropy=2.4021 mean_return=14.897 mean_len=76.5
[gat-train] update=366 samples=58560 fps=19.1 loss=0.9509 actor=0.4011 value=0.5739 entropy=2.4169 mean_return=14.922 mean_len=76.2
[gat-train] update=367 samples=58720 fps=19.1 loss=0.2302 actor=-0.3328 value=0.5868 entropy=2.3723 mean_return=14.924 mean_len=76.3
[gat-train] update=368 samples=58880 fps=19.1 loss=0.1871 actor=-0.0424 value=0.2555 entropy=2.6019 mean_return=14.893 mean_len=76.0
[gat-train] update=369 samples=59040 fps=19.1 loss=0.2344 actor=0.0164 value=0.2452 entropy=2.7181 mean_return=14.877 mean_len=76.0
[gat-train] update=370 samples=59200 fps=19.1 loss=0.4293 actor=0.0885 value=0.3685 entropy=2.7659 mean_return=14.824 mean_len=75.7
[gat-train] update=371 samples=59360 fps=19.1 loss=1.1548 actor=0.3769 value=0.8045 entropy=2.6669 mean_return=14.699 mean_len=74.8
[gat-train] update=372 samples=59520 fps=19.1 loss=-0.0341 actor=-0.2759 value=0.2678 entropy=2.6089 mean_return=14.715 mean_len=75.0
[gat-train] update=373 samples=59680 fps=19.1 loss=0.0672 actor=-0.1549 value=0.2496 entropy=2.7494 mean_return=14.660 mean_len=74.9
[gat-train] update=374 samples=59840 fps=19.2 loss=0.3158 actor=-0.0082 value=0.3518 entropy=2.7776 mean_return=14.629 mean_len=74.7
[gat-train] update=375 samples=60000 fps=19.2 loss=0.1728 actor=-0.1478 value=0.3497 entropy=2.9135 mean_return=14.643 mean_len=74.8
[gat-train] update=376 samples=60160 fps=19.2 loss=0.5764 actor=0.1376 value=0.4671 entropy=2.8227 mean_return=14.629 mean_len=74.7
[gat-train] update=377 samples=60320 fps=19.2 loss=0.1026 actor=-0.3146 value=0.4455 entropy=2.8237 mean_return=14.629 mean_len=74.7
[gat-train] update=378 samples=60480 fps=19.2 loss=0.2100 actor=-0.1779 value=0.4159 entropy=2.8081 mean_return=14.515 mean_len=74.2
[gat-train] update=379 samples=60640 fps=19.2 loss=0.0470 actor=-0.3159 value=0.3894 entropy=2.6416 mean_return=14.448 mean_len=73.7
[gat-train] update=380 samples=60800 fps=19.2 loss=0.4195 actor=-0.1749 value=0.6208 entropy=2.6395 mean_return=14.367 mean_len=73.3
[gat-train] update=381 samples=60960 fps=19.2 loss=0.4856 actor=0.1067 value=0.4054 entropy=2.6449 mean_return=14.325 mean_len=72.9
[gat-train] update=382 samples=61120 fps=19.2 loss=0.8274 actor=0.0095 value=0.8452 entropy=2.7325 mean_return=14.254 mean_len=72.7
[gat-train] update=383 samples=61280 fps=19.2 loss=0.0746 actor=-0.2883 value=0.3903 entropy=2.7396 mean_return=14.223 mean_len=72.5
[gat-train] update=384 samples=61440 fps=19.2 loss=0.1730 actor=-0.0287 value=0.2301 entropy=2.8348 mean_return=14.223 mean_len=72.5
[gat-train] update=385 samples=61600 fps=19.2 loss=0.2939 actor=-0.0834 value=0.4046 entropy=2.7307 mean_return=14.104 mean_len=72.2
[gat-train] update=386 samples=61760 fps=19.2 loss=0.0162 actor=-0.2630 value=0.3069 entropy=2.7649 mean_return=14.103 mean_len=72.1
[gat-train] update=387 samples=61920 fps=19.2 loss=0.0806 actor=-0.2821 value=0.3900 entropy=2.7340 mean_return=14.053 mean_len=71.8
[gat-train] update=388 samples=62080 fps=19.2 loss=0.9552 actor=-0.2134 value=1.1953 entropy=2.6656 mean_return=13.955 mean_len=71.4
[gat-train] update=389 samples=62240 fps=19.2 loss=0.1895 actor=-0.2728 value=0.4877 entropy=2.5369 mean_return=13.973 mean_len=71.6
[gat-train] update=390 samples=62400 fps=19.2 loss=0.1056 actor=-0.1418 value=0.2738 entropy=2.6385 mean_return=13.957 mean_len=71.4
[gat-train] update=391 samples=62560 fps=19.2 loss=0.2283 actor=0.0168 value=0.2377 entropy=2.6212 mean_return=13.957 mean_len=71.4
[gat-train] update=392 samples=62720 fps=19.2 loss=0.6060 actor=-0.1514 value=0.7802 entropy=2.2880 mean_return=13.866 mean_len=70.9
[gat-train] update=393 samples=62880 fps=19.2 loss=0.5681 actor=0.3013 value=0.2898 entropy=2.3047 mean_return=13.866 mean_len=70.9
[gat-train] update=394 samples=63040 fps=19.2 loss=0.5838 actor=0.1947 value=0.4108 entropy=2.1709 mean_return=13.821 mean_len=70.6
[gat-train] update=395 samples=63200 fps=19.2 loss=-0.1022 actor=-0.3842 value=0.3038 entropy=2.1846 mean_return=13.821 mean_len=70.6
[gat-train] update=396 samples=63360 fps=19.2 loss=0.3479 actor=-0.0542 value=0.4251 entropy=2.2994 mean_return=13.837 mean_len=70.7
[gat-train] update=397 samples=63520 fps=19.2 loss=0.0836 actor=-0.1648 value=0.2700 entropy=2.1528 mean_return=13.803 mean_len=70.7
[gat-train] update=398 samples=63680 fps=19.2 loss=0.5201 actor=0.0458 value=0.4964 entropy=2.2072 mean_return=13.795 mean_len=70.8
[gat-train] update=399 samples=63840 fps=19.2 loss=0.5114 actor=0.1615 value=0.3712 entropy=2.1286 mean_return=13.801 mean_len=70.8
[gat-train] update=400 samples=64000 fps=19.2 loss=0.4254 actor=0.0712 value=0.3749 entropy=2.0762 mean_return=13.855 mean_len=71.0
[gat-train] eval update=400 comp_score=83.96 best=86.04
[gat-train] update=401 samples=64160 fps=19.1 loss=0.4485 actor=0.2674 value=0.2022 entropy=2.1019 mean_return=13.855 mean_len=71.0
[gat-train] update=402 samples=64320 fps=19.1 loss=0.6425 actor=0.0363 value=0.6282 entropy=2.2005 mean_return=13.893 mean_len=71.2
[gat-train] update=403 samples=64480 fps=19.1 loss=0.7299 actor=0.3370 value=0.4145 entropy=2.1588 mean_return=13.895 mean_len=71.1
[gat-train] update=404 samples=64640 fps=19.1 loss=0.0006 actor=-0.3144 value=0.3368 entropy=2.1848 mean_return=13.887 mean_len=71.2
[gat-train] update=405 samples=64800 fps=19.1 loss=0.2629 actor=-0.0740 value=0.3598 entropy=2.2839 mean_return=13.902 mean_len=71.3
[gat-train] update=406 samples=64960 fps=19.1 loss=0.5202 actor=-0.1553 value=0.6971 entropy=2.1595 mean_return=13.916 mean_len=71.4
[gat-train] update=407 samples=65120 fps=19.1 loss=0.8507 actor=0.2837 value=0.5887 entropy=2.1640 mean_return=13.935 mean_len=71.1
[gat-train] update=408 samples=65280 fps=19.1 loss=0.8021 actor=0.1915 value=0.6315 entropy=2.0841 mean_return=14.016 mean_len=71.6
[gat-train] update=409 samples=65440 fps=19.1 loss=2.2641 actor=-0.6599 value=2.9440 entropy=1.9964 mean_return=13.832 mean_len=70.6
[gat-train] update=410 samples=65600 fps=19.1 loss=0.8262 actor=-0.1600 value=1.0055 entropy=1.9336 mean_return=13.980 mean_len=71.7
[gat-train] update=411 samples=65760 fps=19.1 loss=0.1530 actor=-0.1132 value=0.2867 entropy=2.0531 mean_return=13.979 mean_len=71.5
[gat-train] update=412 samples=65920 fps=19.1 loss=0.4699 actor=-0.0354 value=0.5260 entropy=2.0631 mean_return=14.075 mean_len=72.3
[gat-train] update=413 samples=66080 fps=19.1 loss=0.1047 actor=-0.1521 value=0.2770 entropy=2.0229 mean_return=14.054 mean_len=72.2
[gat-train] update=414 samples=66240 fps=19.1 loss=1.0186 actor=0.2039 value=0.8346 entropy=1.9947 mean_return=14.206 mean_len=73.3
[gat-train] update=415 samples=66400 fps=19.1 loss=0.4961 actor=-0.0533 value=0.5694 entropy=1.9995 mean_return=14.278 mean_len=74.1
[gat-train] update=416 samples=66560 fps=19.1 loss=0.5422 actor=0.1549 value=0.4068 entropy=1.9468 mean_return=14.362 mean_len=74.5
[gat-train] update=417 samples=66720 fps=19.1 loss=0.3505 actor=-0.0019 value=0.3730 entropy=2.0555 mean_return=14.388 mean_len=74.5
[gat-train] update=418 samples=66880 fps=19.1 loss=0.2718 actor=-0.1653 value=0.4572 entropy=2.0171 mean_return=14.458 mean_len=74.8
[gat-train] update=419 samples=67040 fps=19.1 loss=0.2997 actor=-0.0053 value=0.3257 entropy=2.0674 mean_return=14.507 mean_len=75.2
[gat-train] update=420 samples=67200 fps=19.1 loss=0.5057 actor=-0.0642 value=0.5903 entropy=2.0501 mean_return=14.631 mean_len=76.0
[gat-train] update=421 samples=67360 fps=19.1 loss=0.3418 actor=-0.2344 value=0.5983 entropy=2.2115 mean_return=14.703 mean_len=76.1
[gat-train] update=422 samples=67520 fps=19.1 loss=0.2227 actor=-0.0426 value=0.2871 entropy=2.1924 mean_return=14.703 mean_len=76.1
[gat-train] update=423 samples=67680 fps=19.1 loss=0.2014 actor=-0.0718 value=0.2959 entropy=2.2610 mean_return=14.703 mean_len=76.1
[gat-train] update=424 samples=67840 fps=19.1 loss=1.2664 actor=0.3282 value=0.9598 entropy=2.1530 mean_return=14.838 mean_len=76.5
[gat-train] update=425 samples=68000 fps=19.1 loss=0.7493 actor=-0.0335 value=0.8026 entropy=1.9767 mean_return=14.936 mean_len=77.0
[gat-train] update=426 samples=68160 fps=19.1 loss=0.6126 actor=0.1851 value=0.4479 entropy=2.0454 mean_return=14.976 mean_len=77.3
[gat-train] update=427 samples=68320 fps=19.2 loss=0.6605 actor=0.1858 value=0.4947 entropy=2.0011 mean_return=14.984 mean_len=77.3
[gat-train] update=428 samples=68480 fps=19.2 loss=0.9696 actor=0.1975 value=0.7926 entropy=2.0406 mean_return=15.089 mean_len=77.8
[gat-train] update=429 samples=68640 fps=19.2 loss=-0.0540 actor=-0.2635 value=0.2310 entropy=2.1601 mean_return=15.089 mean_len=77.8
[gat-train] update=430 samples=68800 fps=19.2 loss=0.5341 actor=0.1410 value=0.4164 entropy=2.3368 mean_return=15.072 mean_len=77.8
[gat-train] update=431 samples=68960 fps=19.2 loss=0.5035 actor=-0.0804 value=0.6069 entropy=2.3068 mean_return=15.119 mean_len=78.2
[gat-train] update=432 samples=69120 fps=19.2 loss=-0.1015 actor=-0.3332 value=0.2532 entropy=2.1444 mean_return=15.144 mean_len=78.4
[gat-train] update=433 samples=69280 fps=19.2 loss=0.0687 actor=-0.1691 value=0.2601 entropy=2.2266 mean_return=15.144 mean_len=78.4
[gat-train] update=434 samples=69440 fps=19.2 loss=0.2195 actor=-0.2500 value=0.4920 entropy=2.2444 mean_return=15.399 mean_len=80.0
[gat-train] update=435 samples=69600 fps=19.2 loss=0.9613 actor=0.2312 value=0.7526 entropy=2.2545 mean_return=15.317 mean_len=79.3
[gat-train] update=436 samples=69760 fps=19.2 loss=-0.0759 actor=-0.4142 value=0.3602 entropy=2.1927 mean_return=15.304 mean_len=79.4
[gat-train] update=437 samples=69920 fps=19.2 loss=0.4782 actor=0.1044 value=0.3974 entropy=2.3563 mean_return=15.341 mean_len=79.5
[gat-train] update=438 samples=70080 fps=19.2 loss=0.5047 actor=0.1465 value=0.3836 entropy=2.5351 mean_return=15.341 mean_len=79.5
[gat-train] update=439 samples=70240 fps=19.1 loss=0.4038 actor=-0.0473 value=0.4758 entropy=2.4690 mean_return=15.336 mean_len=79.7
[gat-train] update=440 samples=70400 fps=19.1 loss=0.6241 actor=-0.0923 value=0.7388 entropy=2.2492 mean_return=15.268 mean_len=79.3
[gat-train] update=441 samples=70560 fps=19.2 loss=1.1323 actor=0.2134 value=0.9390 entropy=2.0038 mean_return=15.271 mean_len=79.3
[gat-train] update=442 samples=70720 fps=19.2 loss=0.0177 actor=-0.1380 value=0.1775 entropy=2.1719 mean_return=15.271 mean_len=79.3
[gat-train] update=443 samples=70880 fps=19.2 loss=0.0474 actor=-0.0857 value=0.1570 entropy=2.4017 mean_return=15.205 mean_len=78.9
[gat-train] update=444 samples=71040 fps=19.2 loss=0.3619 actor=-0.1733 value=0.5580 entropy=2.2895 mean_return=15.190 mean_len=78.9
[gat-train] update=445 samples=71200 fps=19.2 loss=0.6400 actor=-0.1695 value=0.8346 entropy=2.5056 mean_return=15.205 mean_len=79.3
[gat-train] update=446 samples=71360 fps=19.2 loss=0.5274 actor=0.2372 value=0.3155 entropy=2.5237 mean_return=15.153 mean_len=79.1
[gat-train] update=447 samples=71520 fps=19.2 loss=0.4172 actor=0.0682 value=0.3730 entropy=2.3995 mean_return=15.128 mean_len=78.8
[gat-train] update=448 samples=71680 fps=19.2 loss=0.7697 actor=0.0688 value=0.7253 entropy=2.4381 mean_return=15.143 mean_len=79.4
[gat-train] update=449 samples=71840 fps=19.2 loss=0.0241 actor=-0.3028 value=0.3513 entropy=2.4318 mean_return=15.128 mean_len=79.1
[gat-train] update=450 samples=72000 fps=19.2 loss=0.5933 actor=0.0229 value=0.5944 entropy=2.3984 mean_return=15.050 mean_len=78.9
[gat-train] eval update=450 comp_score=83.86 best=86.04
[gat-train] update=451 samples=72160 fps=19.1 loss=0.1971 actor=-0.3282 value=0.5503 entropy=2.5082 mean_return=15.032 mean_len=78.8
[gat-train] update=452 samples=72320 fps=19.1 loss=0.1856 actor=-0.1374 value=0.3485 entropy=2.5517 mean_return=15.022 mean_len=79.0
[gat-train] update=453 samples=72480 fps=19.1 loss=-0.0509 actor=-0.3085 value=0.2840 entropy=2.6353 mean_return=15.022 mean_len=79.0
[gat-train] update=454 samples=72640 fps=19.1 loss=0.2845 actor=-0.0482 value=0.3586 entropy=2.5879 mean_return=14.978 mean_len=78.7
[gat-train] update=455 samples=72800 fps=19.1 loss=0.7847 actor=0.1008 value=0.7064 entropy=2.2499 mean_return=14.859 mean_len=77.8
[gat-train] update=456 samples=72960 fps=19.1 loss=0.1955 actor=-0.1299 value=0.3470 entropy=2.1641 mean_return=14.821 mean_len=77.3
[gat-train] update=457 samples=73120 fps=19.1 loss=0.0231 actor=-0.2346 value=0.2804 entropy=2.2706 mean_return=14.794 mean_len=77.2
[gat-train] update=458 samples=73280 fps=19.1 loss=0.0233 actor=-0.1190 value=0.1672 entropy=2.4937 mean_return=14.794 mean_len=77.2
[gat-train] update=459 samples=73440 fps=19.1 loss=0.1474 actor=-0.1679 value=0.3407 entropy=2.5503 mean_return=14.761 mean_len=77.0
[gat-train] update=460 samples=73600 fps=19.1 loss=0.7032 actor=0.2577 value=0.4700 entropy=2.4524 mean_return=14.717 mean_len=76.9
[gat-train] update=461 samples=73760 fps=19.1 loss=0.3201 actor=-0.1374 value=0.4827 entropy=2.5156 mean_return=14.703 mean_len=76.5
[gat-train] update=462 samples=73920 fps=19.1 loss=0.0284 actor=-0.2990 value=0.3521 entropy=2.4678 mean_return=14.675 mean_len=76.2
[gat-train] update=463 samples=74080 fps=19.1 loss=0.7385 actor=0.1652 value=0.5981 entropy=2.4819 mean_return=14.655 mean_len=76.4
[gat-train] update=464 samples=74240 fps=19.1 loss=0.1798 actor=-0.1327 value=0.3369 entropy=2.4479 mean_return=14.667 mean_len=76.4
[gat-train] update=465 samples=74400 fps=19.1 loss=0.0715 actor=-0.1785 value=0.2749 entropy=2.4787 mean_return=14.628 mean_len=76.1
[gat-train] update=466 samples=74560 fps=19.1 loss=0.4727 actor=-0.1041 value=0.6019 entropy=2.5085 mean_return=14.545 mean_len=75.8
[gat-train] update=467 samples=74720 fps=19.1 loss=0.3105 actor=-0.1183 value=0.4526 entropy=2.3719 mean_return=14.525 mean_len=75.3
[gat-train] update=468 samples=74880 fps=19.1 loss=-0.1464 actor=-0.3660 value=0.2425 entropy=2.2872 mean_return=14.417 mean_len=74.3
[gat-train] update=469 samples=75040 fps=19.1 loss=0.5589 actor=0.2623 value=0.3199 entropy=2.3234 mean_return=14.423 mean_len=74.1
[gat-train] update=470 samples=75200 fps=19.1 loss=0.3557 actor=-0.0067 value=0.3845 entropy=2.2096 mean_return=14.390 mean_len=74.0
[gat-train] update=471 samples=75360 fps=19.1 loss=0.9778 actor=0.2853 value=0.7150 entropy=2.2506 mean_return=14.345 mean_len=73.9
[gat-train] update=472 samples=75520 fps=19.2 loss=-0.0542 actor=-0.3213 value=0.2900 entropy=2.2928 mean_return=14.334 mean_len=73.6
[gat-train] update=473 samples=75680 fps=19.2 loss=0.2384 actor=0.0407 value=0.2224 entropy=2.4752 mean_return=14.334 mean_len=73.6
[gat-train] update=474 samples=75840 fps=19.2 loss=0.1679 actor=0.0046 value=0.1894 entropy=2.6135 mean_return=14.334 mean_len=73.6
[gat-train] update=475 samples=76000 fps=19.2 loss=0.2715 actor=-0.1430 value=0.4398 entropy=2.5292 mean_return=14.277 mean_len=73.2
[gat-train] update=476 samples=76160 fps=19.2 loss=-0.0162 actor=-0.3909 value=0.3993 entropy=2.4608 mean_return=14.257 mean_len=72.9
[gat-train] update=477 samples=76320 fps=19.2 loss=0.5458 actor=-0.0094 value=0.5799 entropy=2.4729 mean_return=14.275 mean_len=73.2
[gat-train] update=478 samples=76480 fps=19.2 loss=0.3773 actor=-0.1801 value=0.5807 entropy=2.3267 mean_return=14.285 mean_len=73.4
[gat-train] update=479 samples=76640 fps=19.2 loss=0.6646 actor=0.3314 value=0.3566 entropy=2.3340 mean_return=14.283 mean_len=73.5
[gat-train] update=480 samples=76800 fps=19.2 loss=0.1471 actor=-0.2660 value=0.4348 entropy=2.1655 mean_return=14.252 mean_len=73.2
[gat-train] update=481 samples=76960 fps=19.2 loss=0.8546 actor=0.0520 value=0.8231 entropy=2.0465 mean_return=14.157 mean_len=72.4
[gat-train] update=482 samples=77120 fps=19.2 loss=0.6780 actor=0.1555 value=0.5414 entropy=1.8892 mean_return=14.113 mean_len=72.3
[gat-train] update=483 samples=77280 fps=19.2 loss=0.3438 actor=0.0098 value=0.3537 entropy=1.9635 mean_return=14.152 mean_len=72.2
[gat-train] update=484 samples=77440 fps=19.2 loss=0.5233 actor=0.1284 value=0.4159 entropy=2.1012 mean_return=14.178 mean_len=72.3
[gat-train] update=485 samples=77600 fps=19.2 loss=0.2715 actor=0.1293 value=0.1634 entropy=2.1148 mean_return=14.173 mean_len=72.1
[gat-train] update=486 samples=77760 fps=19.2 loss=0.2356 actor=-0.0975 value=0.3536 entropy=2.0489 mean_return=14.166 mean_len=72.1
[gat-train] update=487 samples=77920 fps=19.2 loss=0.0238 actor=-0.1540 value=0.1983 entropy=2.0592 mean_return=14.189 mean_len=72.0
[gat-train] update=488 samples=78080 fps=19.2 loss=0.2176 actor=0.0967 value=0.1436 entropy=2.2720 mean_return=14.189 mean_len=72.0
[gat-train] update=489 samples=78240 fps=19.2 loss=-0.0794 actor=-0.2949 value=0.2391 entropy=2.3664 mean_return=14.182 mean_len=71.8
[gat-train] update=490 samples=78400 fps=19.2 loss=0.2622 actor=-0.0679 value=0.3536 entropy=2.3508 mean_return=14.144 mean_len=71.7
[gat-train] update=491 samples=78560 fps=19.2 loss=4.0954 actor=-0.4312 value=4.5499 entropy=2.3305 mean_return=13.891 mean_len=70.3
[gat-train] update=492 samples=78720 fps=19.2 loss=4.2741 actor=-0.8582 value=5.1545 entropy=2.2179 mean_return=13.715 mean_len=70.3
[gat-train] update=493 samples=78880 fps=19.2 loss=0.1301 actor=-0.1501 value=0.3018 entropy=2.1656 mean_return=13.715 mean_len=70.3
[gat-train] update=494 samples=79040 fps=19.2 loss=0.2176 actor=-0.3384 value=0.5754 entropy=1.9441 mean_return=13.787 mean_len=70.8
[gat-train] update=495 samples=79200 fps=19.2 loss=0.3080 actor=0.0790 value=0.2485 entropy=1.9563 mean_return=13.787 mean_len=70.8
[gat-train] update=496 samples=79360 fps=19.2 loss=3.3226 actor=-0.3915 value=3.7319 entropy=1.7785 mean_return=13.376 mean_len=68.6
[gat-train] update=497 samples=79520 fps=19.2 loss=1.0196 actor=0.2324 value=0.8050 entropy=1.7822 mean_return=13.469 mean_len=69.2
[gat-train] update=498 samples=79680 fps=19.2 loss=2.9989 actor=-0.8549 value=3.8714 entropy=1.7553 mean_return=13.228 mean_len=67.7
[gat-train] update=499 samples=79840 fps=19.2 loss=1.1049 actor=0.3308 value=0.7918 entropy=1.7716 mean_return=13.393 mean_len=68.6
[gat-train] update=500 samples=80000 fps=19.2 loss=0.2187 actor=-0.1271 value=0.3622 entropy=1.6500 mean_return=13.387 mean_len=68.4
[gat-train] eval update=500 comp_score=83.11 best=86.04
[gat-train] update=501 samples=80160 fps=19.1 loss=4.2275 actor=-0.7158 value=4.9610 entropy=1.7720 mean_return=13.170 mean_len=67.3
[gat-train] update=502 samples=80320 fps=19.1 loss=1.1794 actor=0.2514 value=0.9451 entropy=1.7139 mean_return=13.352 mean_len=68.4
[gat-train] update=503 samples=80480 fps=19.1 loss=1.8549 actor=-0.5936 value=2.4666 entropy=1.8128 mean_return=13.183 mean_len=67.7
[gat-train] update=504 samples=80640 fps=19.1 loss=0.1021 actor=-0.0515 value=0.1739 entropy=2.0190 mean_return=13.183 mean_len=67.7
[gat-train] update=505 samples=80800 fps=19.1 loss=0.3909 actor=-0.1176 value=0.5276 entropy=1.9057 mean_return=13.225 mean_len=67.9
[gat-train] update=506 samples=80960 fps=19.1 loss=0.3134 actor=-0.0808 value=0.4151 entropy=2.0957 mean_return=13.244 mean_len=68.0
[gat-train] update=507 samples=81120 fps=19.1 loss=0.7205 actor=0.2941 value=0.4483 entropy=2.1890 mean_return=13.283 mean_len=68.5
[gat-train] update=508 samples=81280 fps=19.1 loss=0.5621 actor=-0.0612 value=0.6445 entropy=2.1145 mean_return=13.283 mean_len=68.1
[gat-train] update=509 samples=81440 fps=19.1 loss=0.1055 actor=-0.4829 value=0.6096 entropy=2.1160 mean_return=13.280 mean_len=67.9
[gat-train] update=510 samples=81600 fps=19.1 loss=0.7315 actor=0.2681 value=0.4855 entropy=2.2206 mean_return=13.323 mean_len=68.2
[gat-train] update=511 samples=81760 fps=19.1 loss=0.4249 actor=0.1713 value=0.2752 entropy=2.1587 mean_return=13.315 mean_len=68.2
[gat-train] update=512 samples=81920 fps=19.1 loss=1.1386 actor=0.2884 value=0.8688 entropy=1.8609 mean_return=13.646 mean_len=69.8
[gat-train] update=513 samples=82080 fps=19.1 loss=0.3003 actor=-0.0203 value=0.3390 entropy=1.8379 mean_return=13.951 mean_len=71.4
[gat-train] update=514 samples=82240 fps=19.1 loss=0.3340 actor=-0.0733 value=0.4254 entropy=1.8154 mean_return=14.000 mean_len=71.8
[gat-train] update=515 samples=82400 fps=19.1 loss=0.4751 actor=0.1878 value=0.3074 entropy=2.0087 mean_return=14.236 mean_len=73.4
[gat-train] update=516 samples=82560 fps=19.1 loss=0.1805 actor=-0.1285 value=0.3311 entropy=2.2054 mean_return=14.210 mean_len=73.2
[gat-train] update=517 samples=82720 fps=19.1 loss=0.0802 actor=-0.1208 value=0.2240 entropy=2.3056 mean_return=14.199 mean_len=73.0
[gat-train] update=518 samples=82880 fps=19.1 loss=0.4348 actor=0.0502 value=0.4106 entropy=2.6001 mean_return=14.479 mean_len=74.4
[gat-train] update=519 samples=83040 fps=19.1 loss=0.2932 actor=-0.0995 value=0.4207 entropy=2.7959 mean_return=14.452 mean_len=74.5
[gat-train] update=520 samples=83200 fps=19.1 loss=0.3348 actor=-0.0219 value=0.3851 entropy=2.8365 mean_return=14.431 mean_len=74.2
[gat-train] update=521 samples=83360 fps=19.1 loss=0.1567 actor=-0.1714 value=0.3557 entropy=2.7563 mean_return=14.428 mean_len=74.2
[gat-train] update=522 samples=83520 fps=19.1 loss=0.6810 actor=0.0527 value=0.6560 entropy=2.7606 mean_return=14.435 mean_len=73.9
[gat-train] update=523 samples=83680 fps=19.1 loss=0.1186 actor=-0.1444 value=0.2903 entropy=2.7244 mean_return=14.700 mean_len=75.2
[gat-train] update=524 samples=83840 fps=19.1 loss=0.2570 actor=-0.1893 value=0.4724 entropy=2.6177 mean_return=14.646 mean_len=74.9
[gat-train] update=525 samples=84000 fps=19.1 loss=0.2220 actor=-0.2227 value=0.4698 entropy=2.5079 mean_return=14.679 mean_len=75.3
[gat-train] update=526 samples=84160 fps=19.1 loss=0.6275 actor=0.0343 value=0.6190 entropy=2.5927 mean_return=14.894 mean_len=76.5
[gat-train] update=527 samples=84320 fps=19.1 loss=0.0576 actor=-0.1132 value=0.1984 entropy=2.7631 mean_return=14.856 mean_len=76.2
[gat-train] update=528 samples=84480 fps=19.1 loss=0.4335 actor=-0.0039 value=0.4653 entropy=2.7860 mean_return=14.821 mean_len=75.9
[gat-train] update=529 samples=84640 fps=19.1 loss=0.5086 actor=-0.3166 value=0.8513 entropy=2.6074 mean_return=14.709 mean_len=75.4
[gat-train] update=530 samples=84800 fps=19.1 loss=0.3301 actor=0.1585 value=0.2001 entropy=2.8505 mean_return=14.696 mean_len=75.5
[gat-train] update=531 samples=84960 fps=19.1 loss=0.5248 actor=0.1970 value=0.3566 entropy=2.8815 mean_return=14.647 mean_len=75.5
[gat-train] update=532 samples=85120 fps=19.1 loss=-0.1321 actor=-0.3495 value=0.2471 entropy=2.9687 mean_return=14.647 mean_len=75.5
[gat-train] update=533 samples=85280 fps=19.1 loss=0.4410 actor=0.0046 value=0.4660 entropy=2.9609 mean_return=14.618 mean_len=75.2
[gat-train] update=534 samples=85440 fps=19.1 loss=-0.1792 actor=-0.4940 value=0.3436 entropy=2.8799 mean_return=14.532 mean_len=74.6
[gat-train] update=535 samples=85600 fps=19.1 loss=0.1630 actor=-0.1475 value=0.3411 entropy=3.0566 mean_return=14.532 mean_len=74.6
[gat-train] update=536 samples=85760 fps=19.1 loss=0.0944 actor=-0.1521 value=0.2765 entropy=2.9937 mean_return=14.512 mean_len=74.4
[gat-train] update=537 samples=85920 fps=19.1 loss=0.1930 actor=-0.2807 value=0.5008 entropy=2.7082 mean_return=14.474 mean_len=74.1
[gat-train] update=538 samples=86080 fps=19.1 loss=0.7888 actor=0.1988 value=0.6160 entropy=2.6052 mean_return=14.283 mean_len=73.0
[gat-train] update=539 samples=86240 fps=19.2 loss=0.2686 actor=-0.1675 value=0.4628 entropy=2.6694 mean_return=14.094 mean_len=72.1
[gat-train] update=540 samples=86400 fps=19.2 loss=0.6058 actor=0.2811 value=0.3524 entropy=2.7640 mean_return=14.028 mean_len=71.4
[gat-train] update=541 samples=86560 fps=19.2 loss=0.3327 actor=0.0572 value=0.3027 entropy=2.7266 mean_return=13.917 mean_len=70.7
[gat-train] update=542 samples=86720 fps=19.2 loss=0.1565 actor=-0.1627 value=0.3470 entropy=2.7801 mean_return=13.832 mean_len=70.5
[gat-train] update=543 samples=86880 fps=19.2 loss=0.5131 actor=0.2467 value=0.2946 entropy=2.8175 mean_return=13.757 mean_len=70.3
[gat-train] update=544 samples=87040 fps=19.2 loss=0.7876 actor=0.3929 value=0.4235 entropy=2.8801 mean_return=13.747 mean_len=70.2
[gat-train] update=545 samples=87200 fps=19.2 loss=-0.0373 actor=-0.4341 value=0.4249 entropy=2.8155 mean_return=13.689 mean_len=70.2
[gat-train] update=546 samples=87360 fps=19.2 loss=0.3032 actor=0.0739 value=0.2588 entropy=2.9573 mean_return=13.689 mean_len=70.0
[gat-train] update=547 samples=87520 fps=19.2 loss=0.0621 actor=-0.2295 value=0.3202 entropy=2.8547 mean_return=13.665 mean_len=69.9
[gat-train] update=548 samples=87680 fps=19.2 loss=-0.1873 actor=-0.5265 value=0.3686 entropy=2.9446 mean_return=13.665 mean_len=69.9
[gat-train] update=549 samples=87840 fps=19.2 loss=0.4761 actor=0.1334 value=0.3715 entropy=2.8825 mean_return=13.607 mean_len=69.8
[gat-train] update=550 samples=88000 fps=19.2 loss=0.0205 actor=-0.3652 value=0.4128 entropy=2.7155 mean_return=13.511 mean_len=69.1
[gat-train] eval update=550 comp_score=82.95 best=86.04
[gat-train] update=551 samples=88160 fps=19.1 loss=0.1683 actor=-0.1517 value=0.3464 entropy=2.6479 mean_return=13.465 mean_len=68.8
[gat-train] update=552 samples=88320 fps=19.1 loss=1.1080 actor=0.6029 value=0.5298 entropy=2.4709 mean_return=13.405 mean_len=68.6
[gat-train] update=553 samples=88480 fps=19.1 loss=0.3673 actor=-0.0151 value=0.4060 entropy=2.3712 mean_return=13.423 mean_len=68.5
[gat-train] update=554 samples=88640 fps=19.1 loss=0.3527 actor=-0.0841 value=0.4610 entropy=2.4220 mean_return=13.346 mean_len=68.1
[gat-train] update=555 samples=88800 fps=19.1 loss=0.4904 actor=0.0491 value=0.4663 entropy=2.4912 mean_return=13.409 mean_len=68.6
[gat-train] update=556 samples=88960 fps=19.1 loss=-0.1001 actor=-0.2923 value=0.2170 entropy=2.4839 mean_return=13.409 mean_len=68.6
[gat-train] update=557 samples=89120 fps=19.1 loss=0.5686 actor=0.2479 value=0.3456 entropy=2.4918 mean_return=13.435 mean_len=69.1
[gat-train] update=558 samples=89280 fps=19.1 loss=0.3051 actor=-0.0423 value=0.3726 entropy=2.5170 mean_return=13.464 mean_len=69.0
[gat-train] update=559 samples=89440 fps=19.1 loss=0.1247 actor=-0.1981 value=0.3490 entropy=2.6243 mean_return=13.501 mean_len=69.2
[gat-train] update=560 samples=89600 fps=19.1 loss=0.2623 actor=0.0988 value=0.1897 entropy=2.6234 mean_return=13.501 mean_len=69.2
[gat-train] update=561 samples=89760 fps=19.1 loss=0.1260 actor=-0.0495 value=0.2018 entropy=2.6333 mean_return=13.489 mean_len=69.0
[gat-train] update=562 samples=89920 fps=19.1 loss=0.4335 actor=0.0818 value=0.3779 entropy=2.6200 mean_return=13.552 mean_len=69.8
[gat-train] update=563 samples=90080 fps=19.1 loss=-0.1044 actor=-0.4355 value=0.3571 entropy=2.5940 mean_return=13.519 mean_len=69.5
[gat-train] update=564 samples=90240 fps=19.1 loss=0.0062 actor=-0.2508 value=0.2834 entropy=2.6416 mean_return=13.519 mean_len=69.5
[gat-train] update=565 samples=90400 fps=19.1 loss=0.0699 actor=-0.1428 value=0.2394 entropy=2.6673 mean_return=13.519 mean_len=69.5
[gat-train] update=566 samples=90560 fps=19.1 loss=0.7374 actor=0.0886 value=0.6718 entropy=2.3007 mean_return=13.610 mean_len=70.2
[gat-train] update=567 samples=90720 fps=19.1 loss=0.5969 actor=0.0854 value=0.5318 entropy=2.0394 mean_return=13.664 mean_len=70.0
[gat-train] update=568 samples=90880 fps=19.1 loss=0.0435 actor=-0.2182 value=0.2819 entropy=2.0226 mean_return=13.714 mean_len=70.1
[gat-train] update=569 samples=91040 fps=19.2 loss=0.2808 actor=0.0124 value=0.2897 entropy=2.1292 mean_return=13.748 mean_len=70.0
[gat-train] update=570 samples=91200 fps=19.2 loss=0.3500 actor=-0.1532 value=0.5260 entropy=2.2806 mean_return=13.863 mean_len=70.6
[gat-train] update=571 samples=91360 fps=19.2 loss=0.1871 actor=0.0277 value=0.1830 entropy=2.3603 mean_return=13.863 mean_len=70.6
[gat-train] update=572 samples=91520 fps=19.2 loss=0.2121 actor=-0.0374 value=0.2746 entropy=2.5187 mean_return=13.863 mean_len=70.6
[gat-train] update=573 samples=91680 fps=19.2 loss=1.0801 actor=0.4294 value=0.6754 entropy=2.4681 mean_return=13.933 mean_len=71.0
[gat-train] update=574 samples=91840 fps=19.2 loss=0.2220 actor=-0.1466 value=0.3917 entropy=2.3167 mean_return=13.881 mean_len=70.7
[gat-train] update=575 samples=92000 fps=19.2 loss=0.8172 actor=0.1844 value=0.6560 entropy=2.3131 mean_return=13.982 mean_len=71.2
[gat-train] update=576 samples=92160 fps=19.2 loss=-0.0761 actor=-0.2950 value=0.2425 entropy=2.3619 mean_return=14.001 mean_len=71.4
[gat-train] update=577 samples=92320 fps=19.2 loss=0.5091 actor=-0.0185 value=0.5515 entropy=2.3957 mean_return=14.037 mean_len=71.8
[gat-train] update=578 samples=92480 fps=19.2 loss=0.1511 actor=-0.3309 value=0.5052 entropy=2.3266 mean_return=14.055 mean_len=71.5
[gat-train] update=579 samples=92640 fps=19.2 loss=0.1096 actor=-0.2886 value=0.4227 entropy=2.4512 mean_return=14.079 mean_len=71.6
[gat-train] update=580 samples=92800 fps=19.2 loss=1.0459 actor=0.4745 value=0.5957 entropy=2.4264 mean_return=14.084 mean_len=71.6
[gat-train] update=581 samples=92960 fps=19.2 loss=0.5468 actor=0.1626 value=0.4066 entropy=2.2474 mean_return=14.093 mean_len=71.4
[gat-train] update=582 samples=93120 fps=19.2 loss=1.0451 actor=0.2184 value=0.8472 entropy=2.0618 mean_return=14.142 mean_len=71.9
[gat-train] update=583 samples=93280 fps=19.2 loss=0.7429 actor=0.1347 value=0.6302 entropy=2.2060 mean_return=14.197 mean_len=72.3
[gat-train] update=584 samples=93440 fps=19.2 loss=0.6698 actor=0.1586 value=0.5319 entropy=2.0755 mean_return=14.263 mean_len=72.3
[gat-train] update=585 samples=93600 fps=19.2 loss=0.2914 actor=-0.1818 value=0.4946 entropy=2.1368 mean_return=14.316 mean_len=72.6
[gat-train] update=586 samples=93760 fps=19.2 loss=0.0718 actor=-0.2005 value=0.2956 entropy=2.3339 mean_return=14.376 mean_len=72.9
[gat-train] update=587 samples=93920 fps=19.2 loss=1.2093 actor=0.2549 value=0.9780 entropy=2.3688 mean_return=14.434 mean_len=73.5
[gat-train] update=588 samples=94080 fps=19.2 loss=-0.0803 actor=-0.2920 value=0.2352 entropy=2.3554 mean_return=14.434 mean_len=73.5
[gat-train] update=589 samples=94240 fps=19.2 loss=0.6071 actor=0.1596 value=0.4728 entropy=2.5304 mean_return=14.461 mean_len=73.6
[gat-train] update=590 samples=94400 fps=19.2 loss=0.6222 actor=0.2176 value=0.4302 entropy=2.5696 mean_return=14.516 mean_len=73.9
[gat-train] update=591 samples=94560 fps=19.2 loss=1.2193 actor=0.4726 value=0.7716 entropy=2.4969 mean_return=14.578 mean_len=74.6
[gat-train] update=592 samples=94720 fps=19.2 loss=0.9324 actor=0.3382 value=0.6192 entropy=2.5018 mean_return=14.633 mean_len=74.9
[gat-train] update=593 samples=94880 fps=19.2 loss=0.5083 actor=0.0246 value=0.5073 entropy=2.3565 mean_return=14.681 mean_len=75.2
[gat-train] update=594 samples=95040 fps=19.2 loss=0.0020 actor=-0.4107 value=0.4369 entropy=2.4158 mean_return=14.696 mean_len=75.2
[gat-train] update=595 samples=95200 fps=19.2 loss=0.5542 actor=0.1791 value=0.3993 entropy=2.4232 mean_return=14.637 mean_len=74.9
[gat-train] update=596 samples=95360 fps=19.2 loss=0.6950 actor=0.1961 value=0.5225 entropy=2.3634 mean_return=14.648 mean_len=74.8
[gat-train] update=597 samples=95520 fps=19.2 loss=0.8410 actor=0.1067 value=0.7580 entropy=2.3701 mean_return=14.655 mean_len=74.9
[gat-train] update=598 samples=95680 fps=19.2 loss=0.4274 actor=0.1379 value=0.3152 entropy=2.5737 mean_return=14.655 mean_len=74.9
[gat-train] update=599 samples=95840 fps=19.2 loss=0.2811 actor=-0.1778 value=0.4856 entropy=2.6646 mean_return=14.658 mean_len=74.9
[gat-train] update=600 samples=96000 fps=19.2 loss=-0.1512 actor=-0.4688 value=0.3455 entropy=2.7933 mean_return=14.658 mean_len=74.9
[gat-train] eval update=600 comp_score=85.10 best=86.04
[gat-train] update=601 samples=96160 fps=19.1 loss=0.5236 actor=0.2219 value=0.3303 entropy=2.8578 mean_return=14.646 mean_len=75.0
[gat-train] update=602 samples=96320 fps=19.1 loss=0.9816 actor=0.1389 value=0.8679 entropy=2.5222 mean_return=14.720 mean_len=75.5
[gat-train] update=603 samples=96480 fps=19.1 loss=0.1193 actor=-0.0960 value=0.2428 entropy=2.7473 mean_return=14.720 mean_len=75.5
[gat-train] update=604 samples=96640 fps=19.1 loss=0.2404 actor=-0.0419 value=0.3110 entropy=2.8669 mean_return=14.720 mean_len=75.5
[gat-train] update=605 samples=96800 fps=19.1 loss=0.5287 actor=0.0423 value=0.5147 entropy=2.8357 mean_return=14.717 mean_len=75.6
[gat-train] update=606 samples=96960 fps=19.1 loss=0.2751 actor=0.0390 value=0.2631 entropy=2.6957 mean_return=14.608 mean_len=74.6
[gat-train] update=607 samples=97120 fps=19.1 loss=0.8479 actor=0.3719 value=0.5026 entropy=2.6493 mean_return=14.586 mean_len=74.6
[gat-train] update=608 samples=97280 fps=19.1 loss=0.0872 actor=-0.2228 value=0.3363 entropy=2.6237 mean_return=14.481 mean_len=73.8
[gat-train] update=609 samples=97440 fps=19.1 loss=0.2410 actor=-0.0541 value=0.3233 entropy=2.8225 mean_return=14.466 mean_len=73.5
[gat-train] update=610 samples=97600 fps=19.2 loss=0.8360 actor=0.2902 value=0.5725 entropy=2.6793 mean_return=14.359 mean_len=72.3
[gat-train] update=611 samples=97760 fps=19.2 loss=0.1588 actor=-0.0584 value=0.2441 entropy=2.6911 mean_return=14.315 mean_len=72.1
[gat-train] update=612 samples=97920 fps=19.2 loss=0.2613 actor=-0.0958 value=0.3850 entropy=2.7855 mean_return=14.235 mean_len=71.6
[gat-train] update=613 samples=98080 fps=19.2 loss=0.1862 actor=-0.1424 value=0.3575 entropy=2.8873 mean_return=14.222 mean_len=71.6
[gat-train] update=614 samples=98240 fps=19.2 loss=0.6291 actor=0.1582 value=0.4998 entropy=2.8889 mean_return=14.197 mean_len=71.5
[gat-train] update=615 samples=98400 fps=19.2 loss=0.1436 actor=-0.1986 value=0.3700 entropy=2.7758 mean_return=14.156 mean_len=71.2
[gat-train] update=616 samples=98560 fps=19.2 loss=-0.0738 actor=-0.4892 value=0.4409 entropy=2.5461 mean_return=14.092 mean_len=71.4
[gat-train] update=617 samples=98720 fps=19.2 loss=0.0539 actor=-0.1643 value=0.2451 entropy=2.6872 mean_return=14.053 mean_len=71.0
[gat-train] update=618 samples=98880 fps=19.2 loss=0.2881 actor=-0.2445 value=0.5604 entropy=2.7781 mean_return=14.062 mean_len=71.1
[gat-train] update=619 samples=99040 fps=19.2 loss=0.3312 actor=-0.0127 value=0.3702 entropy=2.6288 mean_return=13.980 mean_len=70.8
[gat-train] update=620 samples=99200 fps=19.2 loss=0.1400 actor=-0.2132 value=0.3779 entropy=2.4733 mean_return=13.912 mean_len=70.1
[gat-train] update=621 samples=99360 fps=19.2 loss=0.3821 actor=-0.1446 value=0.5505 entropy=2.3799 mean_return=13.863 mean_len=70.3
[gat-train] update=622 samples=99520 fps=19.2 loss=0.4041 actor=0.0890 value=0.3397 entropy=2.4573 mean_return=13.815 mean_len=69.9
[gat-train] update=623 samples=99680 fps=19.2 loss=1.4010 actor=0.6077 value=0.8160 entropy=2.2618 mean_return=13.706 mean_len=69.6
[gat-train] update=624 samples=99840 fps=19.2 loss=-0.1220 actor=-0.3850 value=0.2845 entropy=2.1571 mean_return=13.692 mean_len=69.3
[gat-train] update=625 samples=100000 fps=19.2 loss=0.8456 actor=0.3562 value=0.5137 entropy=2.4234 mean_return=13.731 mean_len=69.4
[gat-train] update=626 samples=100160 fps=19.2 loss=0.1942 actor=-0.1000 value=0.3190 entropy=2.4881 mean_return=13.735 mean_len=69.5
[gat-train] update=627 samples=100320 fps=19.2 loss=0.5609 actor=0.1800 value=0.4062 entropy=2.5324 mean_return=13.754 mean_len=69.6
[gat-train] update=628 samples=100480 fps=19.2 loss=-0.1839 actor=-0.4402 value=0.2815 entropy=2.5208 mean_return=13.714 mean_len=69.3
[gat-train] update=629 samples=100640 fps=19.2 loss=0.2686 actor=0.0015 value=0.2923 entropy=2.5267 mean_return=13.688 mean_len=69.2
[gat-train] update=630 samples=100800 fps=19.2 loss=0.4891 actor=-0.1005 value=0.6146 entropy=2.5062 mean_return=13.737 mean_len=69.6
[gat-train] update=631 samples=100960 fps=19.2 loss=0.0914 actor=-0.2219 value=0.3387 entropy=2.5378 mean_return=13.738 mean_len=69.6
[gat-train] update=632 samples=101120 fps=19.2 loss=0.0943 actor=-0.3690 value=0.4889 entropy=2.5622 mean_return=13.764 mean_len=69.8
[gat-train] update=633 samples=101280 fps=19.2 loss=0.3143 actor=-0.2319 value=0.5718 entropy=2.5697 mean_return=13.777 mean_len=70.1
[gat-train] update=634 samples=101440 fps=19.2 loss=0.2276 actor=-0.0337 value=0.2862 entropy=2.4857 mean_return=13.777 mean_len=70.1
[gat-train] update=635 samples=101600 fps=19.2 loss=0.6439 actor=-0.1138 value=0.7802 entropy=2.2610 mean_return=13.813 mean_len=71.0
[gat-train] update=636 samples=101760 fps=19.2 loss=1.3488 actor=0.2513 value=1.1186 entropy=2.1064 mean_return=13.845 mean_len=71.1
[gat-train] update=637 samples=101920 fps=19.2 loss=0.6131 actor=0.2365 value=0.3979 entropy=2.1359 mean_return=13.894 mean_len=71.2
[gat-train] update=638 samples=102080 fps=19.2 loss=1.0291 actor=0.2769 value=0.7727 entropy=2.0448 mean_return=14.014 mean_len=71.7
[gat-train] update=639 samples=102240 fps=19.2 loss=0.4410 actor=0.1801 value=0.2831 entropy=2.2223 mean_return=14.059 mean_len=71.9
[gat-train] update=640 samples=102400 fps=19.2 loss=-0.0896 actor=-0.2941 value=0.2286 entropy=2.4061 mean_return=14.059 mean_len=71.9
[gat-train] update=641 samples=102560 fps=19.2 loss=0.1114 actor=-0.0590 value=0.1959 entropy=2.5458 mean_return=14.078 mean_len=71.9
[gat-train] update=642 samples=102720 fps=19.2 loss=0.3681 actor=-0.0641 value=0.4576 entropy=2.5483 mean_return=14.105 mean_len=72.4
[gat-train] update=643 samples=102880 fps=19.2 loss=0.9393 actor=0.1471 value=0.8167 entropy=2.4540 mean_return=14.186 mean_len=72.6
[gat-train] update=644 samples=103040 fps=19.2 loss=0.4612 actor=0.1236 value=0.3614 entropy=2.3848 mean_return=14.220 mean_len=72.7
[gat-train] update=645 samples=103200 fps=19.2 loss=0.4153 actor=0.1804 value=0.2581 entropy=2.3249 mean_return=14.239 mean_len=72.5
[gat-train] update=646 samples=103360 fps=19.2 loss=-0.0782 actor=-0.3965 value=0.3431 entropy=2.4844 mean_return=14.239 mean_len=72.5
[gat-train] update=647 samples=103520 fps=19.2 loss=0.1461 actor=-0.2054 value=0.3773 entropy=2.5835 mean_return=14.239 mean_len=72.5
[gat-train] update=648 samples=103680 fps=19.2 loss=0.3374 actor=-0.0879 value=0.4506 entropy=2.5327 mean_return=14.253 mean_len=72.4
[gat-train] update=649 samples=103840 fps=19.2 loss=0.3132 actor=0.0010 value=0.3359 entropy=2.3708 mean_return=14.246 mean_len=72.4
[gat-train] update=650 samples=104000 fps=19.2 loss=-0.1910 actor=-0.4724 value=0.3042 entropy=2.2748 mean_return=14.219 mean_len=72.4
[gat-train] eval update=650 comp_score=84.68 best=86.04
[gat-train] update=651 samples=104160 fps=19.2 loss=0.2055 actor=-0.2060 value=0.4345 entropy=2.2973 mean_return=14.236 mean_len=72.7
[gat-train] update=652 samples=104320 fps=19.2 loss=0.6819 actor=-0.0254 value=0.7290 entropy=2.1683 mean_return=14.323 mean_len=73.6
[gat-train] update=653 samples=104480 fps=19.2 loss=0.6126 actor=0.0036 value=0.6294 entropy=2.0411 mean_return=14.328 mean_len=73.7
[gat-train] update=654 samples=104640 fps=19.2 loss=0.6889 actor=-0.0005 value=0.7105 entropy=2.1074 mean_return=14.382 mean_len=73.8
[gat-train] update=655 samples=104800 fps=19.2 loss=0.3905 actor=0.1441 value=0.2690 entropy=2.2713 mean_return=14.382 mean_len=73.8
[gat-train] update=656 samples=104960 fps=19.2 loss=-0.0165 actor=-0.2229 value=0.2297 entropy=2.3257 mean_return=14.408 mean_len=73.3
[gat-train] update=657 samples=105120 fps=19.2 loss=0.7427 actor=0.1733 value=0.5920 entropy=2.2510 mean_return=14.430 mean_len=73.3
[gat-train] update=658 samples=105280 fps=19.2 loss=0.1355 actor=-0.0936 value=0.2525 entropy=2.3415 mean_return=14.423 mean_len=73.3
[gat-train] update=659 samples=105440 fps=19.2 loss=0.6149 actor=0.0682 value=0.5693 entropy=2.2602 mean_return=14.478 mean_len=73.5
[gat-train] update=660 samples=105600 fps=19.2 loss=0.2869 actor=-0.0117 value=0.3225 entropy=2.3888 mean_return=14.475 mean_len=73.3
[gat-train] update=661 samples=105760 fps=19.2 loss=-0.0215 actor=-0.1682 value=0.1696 entropy=2.2868 mean_return=14.466 mean_len=73.2
[gat-train] update=662 samples=105920 fps=19.2 loss=0.5142 actor=-0.0671 value=0.6054 entropy=2.4095 mean_return=14.466 mean_len=73.4
[gat-train] update=663 samples=106080 fps=19.2 loss=0.2254 actor=-0.1194 value=0.3691 entropy=2.4366 mean_return=14.436 mean_len=73.3
[gat-train] update=664 samples=106240 fps=19.2 loss=-0.0922 actor=-0.3460 value=0.2789 entropy=2.5009 mean_return=14.436 mean_len=73.3
[gat-train] update=665 samples=106400 fps=19.2 loss=-0.0082 actor=-0.2319 value=0.2492 entropy=2.5531 mean_return=14.436 mean_len=73.3
[gat-train] update=666 samples=106560 fps=19.2 loss=0.5191 actor=-0.1546 value=0.6969 entropy=2.3258 mean_return=14.502 mean_len=74.0
[gat-train] update=667 samples=106720 fps=19.2 loss=1.4051 actor=0.5254 value=0.9007 entropy=2.0954 mean_return=14.569 mean_len=74.2
[gat-train] update=668 samples=106880 fps=19.2 loss=3.7022 actor=-0.8700 value=4.5901 entropy=1.7968 mean_return=14.275 mean_len=73.5
[gat-train] update=669 samples=107040 fps=19.2 loss=0.8258 actor=0.2421 value=0.6012 entropy=1.7539 mean_return=14.330 mean_len=74.0
[gat-train] update=670 samples=107200 fps=19.2 loss=0.6318 actor=0.0404 value=0.6095 entropy=1.8143 mean_return=14.387 mean_len=74.3
[gat-train] update=671 samples=107360 fps=19.2 loss=0.0497 actor=-0.1974 value=0.2662 entropy=1.9217 mean_return=14.402 mean_len=74.3
[gat-train] update=672 samples=107520 fps=19.2 loss=0.3554 actor=-0.0035 value=0.3801 entropy=2.1216 mean_return=14.375 mean_len=74.0
[gat-train] update=673 samples=107680 fps=19.2 loss=0.4616 actor=-0.0915 value=0.5746 entropy=2.1396 mean_return=14.387 mean_len=73.6
[gat-train] update=674 samples=107840 fps=19.2 loss=0.4518 actor=0.2760 value=0.1979 entropy=2.2119 mean_return=14.395 mean_len=73.6
[gat-train] update=675 samples=108000 fps=19.2 loss=0.4095 actor=0.1437 value=0.2889 entropy=2.3099 mean_return=14.415 mean_len=73.7
[gat-train] update=676 samples=108160 fps=19.2 loss=0.2128 actor=-0.0652 value=0.3027 entropy=2.4610 mean_return=14.415 mean_len=73.7
[gat-train] update=677 samples=108320 fps=19.2 loss=0.6013 actor=0.2321 value=0.3949 entropy=2.5779 mean_return=14.415 mean_len=73.7
[gat-train] update=678 samples=108480 fps=19.2 loss=1.0219 actor=-0.1228 value=1.1691 entropy=2.4431 mean_return=14.504 mean_len=74.2
[gat-train] update=679 samples=108640 fps=19.2 loss=0.0710 actor=-0.1671 value=0.2626 entropy=2.4513 mean_return=14.504 mean_len=74.2
[gat-train] update=680 samples=108800 fps=19.2 loss=0.0863 actor=-0.4241 value=0.5346 entropy=2.4214 mean_return=14.447 mean_len=73.9
[gat-train] update=681 samples=108960 fps=19.2 loss=0.3355 actor=-0.0602 value=0.4183 entropy=2.2584 mean_return=14.386 mean_len=73.9
[gat-train] update=682 samples=109120 fps=19.2 loss=0.4230 actor=0.0030 value=0.4408 entropy=2.0861 mean_return=14.414 mean_len=73.9
[gat-train] update=683 samples=109280 fps=19.2 loss=0.8891 actor=0.3369 value=0.5723 entropy=2.0102 mean_return=14.387 mean_len=73.9
[gat-train] update=684 samples=109440 fps=19.2 loss=3.5662 actor=-0.0347 value=3.6207 entropy=1.9831 mean_return=14.214 mean_len=73.3
[gat-train] update=685 samples=109600 fps=19.2 loss=1.7987 actor=0.5924 value=1.2243 entropy=1.8053 mean_return=14.307 mean_len=73.6
[gat-train] update=686 samples=109760 fps=19.2 loss=0.5153 actor=-0.0489 value=0.5832 entropy=1.9032 mean_return=14.283 mean_len=73.2
[gat-train] update=687 samples=109920 fps=19.2 loss=-0.0660 actor=-0.1620 value=0.1163 entropy=2.0260 mean_return=14.281 mean_len=73.2
[gat-train] update=688 samples=110080 fps=19.2 loss=0.4924 actor=0.1208 value=0.3943 entropy=2.2715 mean_return=14.249 mean_len=73.2
[gat-train] update=689 samples=110240 fps=19.2 loss=0.1517 actor=-0.2178 value=0.3932 entropy=2.3735 mean_return=14.263 mean_len=73.3
[gat-train] update=690 samples=110400 fps=19.2 loss=0.2504 actor=-0.0439 value=0.3200 entropy=2.5684 mean_return=14.249 mean_len=73.2
[gat-train] update=691 samples=110560 fps=19.2 loss=0.0127 actor=-0.2002 value=0.2395 entropy=2.6640 mean_return=14.249 mean_len=73.2
[gat-train] update=692 samples=110720 fps=19.2 loss=0.3619 actor=0.0477 value=0.3422 entropy=2.7958 mean_return=14.272 mean_len=73.2
[gat-train] update=693 samples=110880 fps=19.2 loss=0.5415 actor=0.0304 value=0.5373 entropy=2.6267 mean_return=14.542 mean_len=74.0
[gat-train] update=694 samples=111040 fps=19.2 loss=0.3180 actor=0.0083 value=0.3346 entropy=2.4906 mean_return=14.553 mean_len=73.8
[gat-train] update=695 samples=111200 fps=19.2 loss=0.8955 actor=0.2264 value=0.6945 entropy=2.5373 mean_return=14.580 mean_len=74.1
[gat-train] update=696 samples=111360 fps=19.2 loss=-0.0364 actor=-0.4548 value=0.4423 entropy=2.3902 mean_return=14.538 mean_len=73.8
[gat-train] update=697 samples=111520 fps=19.2 loss=0.7114 actor=0.3003 value=0.4358 entropy=2.4755 mean_return=14.543 mean_len=73.9
[gat-train] update=698 samples=111680 fps=19.2 loss=0.3974 actor=-0.0859 value=0.5062 entropy=2.2908 mean_return=14.552 mean_len=74.2
[gat-train] update=699 samples=111840 fps=19.2 loss=1.0571 actor=0.1987 value=0.8796 entropy=2.1081 mean_return=14.515 mean_len=74.0
[gat-train] update=700 samples=112000 fps=19.2 loss=0.7167 actor=0.1539 value=0.5841 entropy=2.1255 mean_return=14.444 mean_len=73.8
[gat-train] eval update=700 comp_score=84.42 best=86.04
[gat-train] update=701 samples=112160 fps=19.2 loss=0.8572 actor=0.1389 value=0.7368 entropy=1.8538 mean_return=14.511 mean_len=74.5
[gat-train] update=702 samples=112320 fps=19.2 loss=0.7553 actor=0.2338 value=0.5410 entropy=1.9432 mean_return=14.529 mean_len=74.8
[gat-train] update=703 samples=112480 fps=19.2 loss=0.2126 actor=-0.0020 value=0.2348 entropy=2.0225 mean_return=14.527 mean_len=74.8
[gat-train] update=704 samples=112640 fps=19.2 loss=0.0026 actor=-0.2438 value=0.2681 entropy=2.1676 mean_return=14.517 mean_len=74.6
[gat-train] update=705 samples=112800 fps=19.2 loss=-0.0752 actor=-0.3704 value=0.3170 entropy=2.1732 mean_return=14.490 mean_len=74.6
[gat-train] update=706 samples=112960 fps=19.2 loss=0.1489 actor=-0.0183 value=0.1910 entropy=2.3800 mean_return=14.490 mean_len=74.6
[gat-train] update=707 samples=113120 fps=19.2 loss=0.4924 actor=0.1482 value=0.3688 entropy=2.4491 mean_return=14.460 mean_len=74.2
[gat-train] update=708 samples=113280 fps=19.2 loss=0.3873 actor=-0.0631 value=0.4738 entropy=2.3392 mean_return=14.448 mean_len=74.1
[gat-train] update=709 samples=113440 fps=19.2 loss=0.6319 actor=0.0421 value=0.6118 entropy=2.1940 mean_return=14.711 mean_len=75.2
[gat-train] update=710 samples=113600 fps=19.2 loss=0.4844 actor=0.1037 value=0.4031 entropy=2.2431 mean_return=14.676 mean_len=75.3
[gat-train] update=711 samples=113760 fps=19.2 loss=0.5457 actor=0.1700 value=0.3984 entropy=2.2660 mean_return=14.676 mean_len=75.3
[gat-train] update=712 samples=113920 fps=19.2 loss=0.6772 actor=-0.1417 value=0.8405 entropy=2.1654 mean_return=14.679 mean_len=75.3
[gat-train] update=713 samples=114080 fps=19.2 loss=0.5672 actor=0.2125 value=0.3761 entropy=2.1288 mean_return=14.694 mean_len=75.5
[gat-train] update=714 samples=114240 fps=19.2 loss=1.0223 actor=0.1617 value=0.8814 entropy=2.0763 mean_return=14.666 mean_len=75.2
[gat-train] update=715 samples=114400 fps=19.2 loss=1.0042 actor=0.2133 value=0.8115 entropy=2.0536 mean_return=14.681 mean_len=75.4
[gat-train] update=716 samples=114560 fps=19.2 loss=1.6657 actor=0.4070 value=1.2778 entropy=1.9129 mean_return=14.747 mean_len=76.5
[gat-train] update=717 samples=114720 fps=19.2 loss=0.9449 actor=0.4714 value=0.4928 entropy=1.9247 mean_return=14.750 mean_len=76.4
[gat-train] update=718 samples=114880 fps=19.2 loss=0.5814 actor=0.0548 value=0.5457 entropy=1.9083 mean_return=14.810 mean_len=76.9
[gat-train] update=719 samples=115040 fps=19.2 loss=0.5709 actor=0.1056 value=0.4855 entropy=2.0213 mean_return=14.858 mean_len=77.1
[gat-train] update=720 samples=115200 fps=19.2 loss=0.3143 actor=-0.0400 value=0.3749 entropy=2.0680 mean_return=14.840 mean_len=77.3
[gat-train] update=721 samples=115360 fps=19.2 loss=0.2826 actor=-0.0999 value=0.4046 entropy=2.2117 mean_return=14.866 mean_len=77.5
[gat-train] update=722 samples=115520 fps=19.2 loss=-0.0493 actor=-0.2438 value=0.2181 entropy=2.3582 mean_return=14.866 mean_len=77.5
[gat-train] update=723 samples=115680 fps=19.2 loss=1.0113 actor=0.2205 value=0.8128 entropy=2.2008 mean_return=14.880 mean_len=77.6
[gat-train] update=724 samples=115840 fps=19.2 loss=0.3486 actor=0.0194 value=0.3510 entropy=2.1863 mean_return=14.902 mean_len=77.4
[gat-train] update=725 samples=116000 fps=19.2 loss=0.2776 actor=-0.1178 value=0.4182 entropy=2.2732 mean_return=14.950 mean_len=77.4
[gat-train] update=726 samples=116160 fps=19.2 loss=0.5317 actor=-0.0037 value=0.5585 entropy=2.3139 mean_return=14.964 mean_len=77.4
[gat-train] update=727 samples=116320 fps=19.2 loss=0.5279 actor=0.1483 value=0.4019 entropy=2.2187 mean_return=14.930 mean_len=77.2
[gat-train] update=728 samples=116480 fps=19.2 loss=0.4855 actor=-0.1681 value=0.6757 entropy=2.2013 mean_return=14.948 mean_len=76.9
[gat-train] update=729 samples=116640 fps=19.2 loss=-0.0960 actor=-0.3383 value=0.2650 entropy=2.2616 mean_return=14.948 mean_len=76.9
[gat-train] update=730 samples=116800 fps=19.2 loss=0.4954 actor=0.1230 value=0.3942 entropy=2.1742 mean_return=14.917 mean_len=76.8
[gat-train] update=731 samples=116960 fps=19.2 loss=1.1585 actor=0.3152 value=0.8645 entropy=2.1273 mean_return=14.922 mean_len=77.3
[gat-train] update=732 samples=117120 fps=19.2 loss=0.7010 actor=0.0679 value=0.6539 entropy=2.0729 mean_return=14.961 mean_len=77.6
[gat-train] update=733 samples=117280 fps=19.2 loss=0.4647 actor=-0.0363 value=0.5230 entropy=2.1921 mean_return=14.973 mean_len=77.7
[gat-train] update=734 samples=117440 fps=19.2 loss=0.4863 actor=0.1011 value=0.4080 entropy=2.2845 mean_return=14.977 mean_len=77.7
[gat-train] update=735 samples=117600 fps=19.2 loss=0.2606 actor=-0.1561 value=0.4402 entropy=2.3501 mean_return=14.975 mean_len=77.7
[gat-train] update=736 samples=117760 fps=19.2 loss=0.7705 actor=0.0007 value=0.7940 entropy=2.4226 mean_return=15.033 mean_len=78.5
[gat-train] update=737 samples=117920 fps=19.2 loss=0.2799 actor=0.0826 value=0.2225 entropy=2.5209 mean_return=15.033 mean_len=78.5
[gat-train] update=738 samples=118080 fps=19.2 loss=0.5100 actor=0.0860 value=0.4480 entropy=2.4088 mean_return=15.006 mean_len=77.9
[gat-train] update=739 samples=118240 fps=19.2 loss=0.2622 actor=-0.0699 value=0.3563 entropy=2.4323 mean_return=14.970 mean_len=77.8
[gat-train] update=740 samples=118400 fps=19.2 loss=0.3937 actor=-0.0016 value=0.4185 entropy=2.3157 mean_return=14.952 mean_len=77.4
[gat-train] update=741 samples=118560 fps=19.2 loss=-0.0495 actor=-0.3227 value=0.2966 entropy=2.3388 mean_return=14.950 mean_len=77.2
[gat-train] update=742 samples=118720 fps=19.2 loss=0.3328 actor=0.1211 value=0.2347 entropy=2.3051 mean_return=14.846 mean_len=76.5
[gat-train] update=743 samples=118880 fps=19.2 loss=0.1057 actor=-0.1070 value=0.2361 entropy=2.3325 mean_return=14.829 mean_len=76.1
[gat-train] update=744 samples=119040 fps=19.2 loss=0.1280 actor=-0.1860 value=0.3375 entropy=2.3507 mean_return=14.813 mean_len=76.0
[gat-train] update=745 samples=119200 fps=19.2 loss=-0.0135 actor=-0.3291 value=0.3408 entropy=2.5114 mean_return=14.779 mean_len=75.9
[gat-train] update=746 samples=119360 fps=19.2 loss=1.0562 actor=0.3086 value=0.7718 entropy=2.4252 mean_return=14.726 mean_len=75.5
[gat-train] update=747 samples=119520 fps=19.2 loss=1.1357 actor=0.5101 value=0.6482 entropy=2.2580 mean_return=14.738 mean_len=75.7
[gat-train] update=748 samples=119680 fps=19.2 loss=0.3259 actor=0.0821 value=0.2657 entropy=2.1939 mean_return=14.726 mean_len=75.4
[gat-train] update=749 samples=119840 fps=19.2 loss=0.3539 actor=0.0380 value=0.3394 entropy=2.3470 mean_return=14.738 mean_len=75.4
[gat-train] update=750 samples=120000 fps=19.2 loss=0.3882 actor=0.0551 value=0.3559 entropy=2.2821 mean_return=14.758 mean_len=75.8
[gat-train] eval update=750 comp_score=83.32 best=86.04
[gat-train] update=751 samples=120160 fps=19.2 loss=0.5031 actor=0.2632 value=0.2622 entropy=2.2298 mean_return=14.729 mean_len=75.9
[gat-train] update=752 samples=120320 fps=19.2 loss=0.5966 actor=0.1835 value=0.4358 entropy=2.2654 mean_return=14.747 mean_len=76.1
[gat-train] update=753 samples=120480 fps=19.2 loss=0.1202 actor=-0.1025 value=0.2452 entropy=2.2532 mean_return=14.747 mean_len=76.1
[gat-train] update=754 samples=120640 fps=19.2 loss=0.6358 actor=0.1644 value=0.4932 entropy=2.1837 mean_return=14.732 mean_len=75.9
[gat-train] update=755 samples=120800 fps=19.2 loss=0.1872 actor=-0.0822 value=0.2906 entropy=2.1175 mean_return=14.709 mean_len=75.7
[gat-train] update=756 samples=120960 fps=19.2 loss=0.4751 actor=0.2093 value=0.2872 entropy=2.1356 mean_return=14.668 mean_len=75.2
[gat-train] update=757 samples=121120 fps=19.2 loss=0.7545 actor=0.3138 value=0.4631 entropy=2.2456 mean_return=14.665 mean_len=75.3
[gat-train] update=758 samples=121280 fps=19.2 loss=0.2831 actor=-0.0103 value=0.3159 entropy=2.2472 mean_return=14.644 mean_len=75.3
[gat-train] update=759 samples=121440 fps=19.2 loss=0.7939 actor=0.2720 value=0.5440 entropy=2.2071 mean_return=14.642 mean_len=75.3
[gat-train] update=760 samples=121600 fps=19.2 loss=0.0630 actor=-0.1635 value=0.2498 entropy=2.3337 mean_return=14.650 mean_len=75.4
[gat-train] update=761 samples=121760 fps=19.2 loss=0.3301 actor=0.0723 value=0.2814 entropy=2.3548 mean_return=14.623 mean_len=74.9
[gat-train] update=762 samples=121920 fps=19.2 loss=0.2547 actor=-0.0125 value=0.2904 entropy=2.3145 mean_return=14.637 mean_len=75.4
[gat-train] update=763 samples=122080 fps=19.2 loss=1.0643 actor=0.2866 value=0.8004 entropy=2.2730 mean_return=14.629 mean_len=75.5
[gat-train] update=764 samples=122240 fps=19.2 loss=0.0389 actor=-0.5067 value=0.5670 entropy=2.1431 mean_return=14.611 mean_len=75.2
[gat-train] update=765 samples=122400 fps=19.2 loss=-0.1344 actor=-0.3415 value=0.2298 entropy=2.2749 mean_return=14.611 mean_len=75.2
[gat-train] update=766 samples=122560 fps=19.2 loss=0.3059 actor=0.0154 value=0.3147 entropy=2.4220 mean_return=14.651 mean_len=75.5
[gat-train] update=767 samples=122720 fps=19.2 loss=0.1890 actor=-0.0225 value=0.2350 entropy=2.3493 mean_return=14.622 mean_len=75.4
[gat-train] update=768 samples=122880 fps=19.2 loss=0.2691 actor=-0.0168 value=0.3104 entropy=2.4512 mean_return=14.713 mean_len=75.7
[gat-train] update=769 samples=123040 fps=19.2 loss=0.2733 actor=0.0162 value=0.2825 entropy=2.5342 mean_return=14.651 mean_len=75.1
[gat-train] update=770 samples=123200 fps=19.2 loss=0.6011 actor=0.0468 value=0.5793 entropy=2.4899 mean_return=14.636 mean_len=74.9
[gat-train] update=771 samples=123360 fps=19.2 loss=0.0685 actor=-0.1807 value=0.2743 entropy=2.5043 mean_return=14.613 mean_len=74.8
[gat-train] update=772 samples=123520 fps=19.2 loss=0.4930 actor=0.2984 value=0.2217 entropy=2.7106 mean_return=14.613 mean_len=74.8
[gat-train] update=773 samples=123680 fps=19.2 loss=0.4971 actor=0.1709 value=0.3544 entropy=2.8194 mean_return=14.612 mean_len=74.6
[gat-train] update=774 samples=123840 fps=19.2 loss=0.4576 actor=0.1046 value=0.3800 entropy=2.6963 mean_return=14.606 mean_len=74.6
[gat-train] update=775 samples=124000 fps=19.2 loss=0.0172 actor=-0.6204 value=0.6629 entropy=2.5208 mean_return=14.532 mean_len=73.9
[gat-train] update=776 samples=124160 fps=19.2 loss=0.5705 actor=0.2164 value=0.3809 entropy=2.6769 mean_return=14.533 mean_len=73.9
[gat-train] update=777 samples=124320 fps=19.2 loss=0.7160 actor=0.2503 value=0.4915 entropy=2.5790 mean_return=14.567 mean_len=73.7
[gat-train] update=778 samples=124480 fps=19.2 loss=0.2760 actor=0.0096 value=0.2901 entropy=2.3618 mean_return=14.557 mean_len=73.7
[gat-train] update=779 samples=124640 fps=19.2 loss=0.1976 actor=-0.1527 value=0.3729 entropy=2.2534 mean_return=14.444 mean_len=72.9
[gat-train] update=780 samples=124800 fps=19.2 loss=0.3353 actor=0.0986 value=0.2615 entropy=2.4690 mean_return=14.457 mean_len=73.2
[gat-train] update=781 samples=124960 fps=19.2 loss=0.0807 actor=-0.2345 value=0.3410 entropy=2.5789 mean_return=14.452 mean_len=73.1
[gat-train] update=782 samples=125120 fps=19.2 loss=0.2849 actor=0.1012 value=0.2109 entropy=2.7194 mean_return=14.410 mean_len=72.8
[gat-train] update=783 samples=125280 fps=19.2 loss=0.4860 actor=0.0210 value=0.4911 entropy=2.6105 mean_return=14.380 mean_len=72.7
[gat-train] update=784 samples=125440 fps=19.2 loss=0.1159 actor=-0.1183 value=0.2596 entropy=2.5358 mean_return=14.343 mean_len=72.3
[gat-train] update=785 samples=125600 fps=19.2 loss=0.5875 actor=0.2021 value=0.4108 entropy=2.5405 mean_return=14.302 mean_len=72.1
[gat-train] update=786 samples=125760 fps=19.2 loss=-0.1489 actor=-0.4225 value=0.2999 entropy=2.6199 mean_return=14.302 mean_len=72.1
[gat-train] update=787 samples=125920 fps=19.2 loss=0.4721 actor=0.2291 value=0.2686 entropy=2.5520 mean_return=14.273 mean_len=71.7
[gat-train] update=788 samples=126080 fps=19.2 loss=0.0256 actor=-0.3533 value=0.4039 entropy=2.5004 mean_return=14.259 mean_len=71.8
[gat-train] update=789 samples=126240 fps=19.2 loss=0.0747 actor=-0.2623 value=0.3619 entropy=2.4808 mean_return=14.243 mean_len=71.8
[gat-train] update=790 samples=126400 fps=19.2 loss=0.2641 actor=-0.1246 value=0.4123 entropy=2.3660 mean_return=14.208 mean_len=71.8
[gat-train] update=791 samples=126560 fps=19.2 loss=0.2584 actor=0.0178 value=0.2653 entropy=2.4738 mean_return=14.208 mean_len=71.8
[gat-train] update=792 samples=126720 fps=19.2 loss=0.9069 actor=0.4987 value=0.4316 entropy=2.3368 mean_return=14.121 mean_len=71.4
[gat-train] update=793 samples=126880 fps=19.2 loss=0.4674 actor=0.1765 value=0.3131 entropy=2.2245 mean_return=14.094 mean_len=71.3
[gat-train] update=794 samples=127040 fps=19.2 loss=0.6506 actor=0.1721 value=0.5009 entropy=2.2314 mean_return=14.125 mean_len=71.8
[gat-train] update=795 samples=127200 fps=19.2 loss=0.1685 actor=-0.1393 value=0.3301 entropy=2.2253 mean_return=14.146 mean_len=72.3
[gat-train] update=796 samples=127360 fps=19.2 loss=0.5075 actor=-0.1559 value=0.6858 entropy=2.2361 mean_return=14.066 mean_len=71.6
[gat-train] update=797 samples=127520 fps=19.2 loss=0.1206 actor=-0.1488 value=0.2909 entropy=2.1529 mean_return=13.998 mean_len=71.2
[gat-train] update=798 samples=127680 fps=19.2 loss=0.1081 actor=-0.0931 value=0.2232 entropy=2.1982 mean_return=13.980 mean_len=71.1
[gat-train] update=799 samples=127840 fps=19.2 loss=0.3325 actor=0.1476 value=0.2082 entropy=2.3253 mean_return=13.980 mean_len=71.1
[gat-train] update=800 samples=128000 fps=19.2 loss=0.0704 actor=-0.1891 value=0.2841 entropy=2.4555 mean_return=13.961 mean_len=70.9
[gat-train] eval update=800 comp_score=84.49 best=86.04
[gat-train] update=801 samples=128160 fps=19.2 loss=0.0846 actor=-0.1541 value=0.2644 entropy=2.5726 mean_return=13.969 mean_len=71.0
[gat-train] update=802 samples=128320 fps=19.2 loss=0.0387 actor=-0.2613 value=0.3262 entropy=2.6196 mean_return=13.987 mean_len=71.1
[gat-train] update=803 samples=128480 fps=19.2 loss=0.0859 actor=-0.1570 value=0.2693 entropy=2.6313 mean_return=13.987 mean_len=71.1
[gat-train] update=804 samples=128640 fps=19.2 loss=-0.0008 actor=-0.2869 value=0.3122 entropy=2.6097 mean_return=13.991 mean_len=71.1
[gat-train] update=805 samples=128800 fps=19.2 loss=0.5343 actor=0.0336 value=0.5264 entropy=2.5714 mean_return=13.954 mean_len=70.8
[gat-train] update=806 samples=128960 fps=19.2 loss=0.0223 actor=-0.2829 value=0.3299 entropy=2.4732 mean_return=13.983 mean_len=71.0
[gat-train] update=807 samples=129120 fps=19.2 loss=0.2318 actor=-0.0181 value=0.2754 entropy=2.5570 mean_return=13.983 mean_len=71.0
[gat-train] update=808 samples=129280 fps=19.2 loss=0.7879 actor=-0.0123 value=0.8226 entropy=2.2469 mean_return=14.008 mean_len=71.3
[gat-train] update=809 samples=129440 fps=19.2 loss=-0.0038 actor=-0.2286 value=0.2460 entropy=2.1168 mean_return=13.988 mean_len=70.9
[gat-train] update=810 samples=129600 fps=19.2 loss=1.1070 actor=0.5876 value=0.5407 entropy=2.1209 mean_return=14.055 mean_len=71.8
[gat-train] update=811 samples=129760 fps=19.2 loss=-0.0285 actor=-0.3794 value=0.3719 entropy=2.1038 mean_return=14.070 mean_len=71.9
[gat-train] update=812 samples=129920 fps=19.2 loss=0.5397 actor=0.2612 value=0.3012 entropy=2.2768 mean_return=14.061 mean_len=72.0
[gat-train] update=813 samples=130080 fps=19.2 loss=0.6212 actor=0.1702 value=0.4724 entropy=2.1425 mean_return=14.130 mean_len=72.6
[gat-train] update=814 samples=130240 fps=19.2 loss=0.0333 actor=-0.2229 value=0.2776 entropy=2.1371 mean_return=14.120 mean_len=72.6
[gat-train] update=815 samples=130400 fps=19.2 loss=0.0480 actor=-0.0584 value=0.1287 entropy=2.2370 mean_return=14.120 mean_len=72.6
[gat-train] update=816 samples=130560 fps=19.2 loss=0.0440 actor=-0.2869 value=0.3526 entropy=2.1711 mean_return=14.145 mean_len=72.8
[gat-train] update=817 samples=130720 fps=19.2 loss=0.1511 actor=-0.0507 value=0.2239 entropy=2.2075 mean_return=14.135 mean_len=72.9
[gat-train] update=818 samples=130880 fps=19.2 loss=0.2878 actor=-0.0072 value=0.3166 entropy=2.1613 mean_return=14.144 mean_len=72.6
[gat-train] update=819 samples=131040 fps=19.2 loss=0.4642 actor=-0.0062 value=0.4917 entropy=2.1276 mean_return=14.137 mean_len=72.7
[gat-train] update=820 samples=131200 fps=19.2 loss=0.9470 actor=-0.4400 value=1.4081 entropy=2.1091 mean_return=13.970 mean_len=72.0
[gat-train] update=821 samples=131360 fps=19.2 loss=0.1525 actor=-0.0689 value=0.2430 entropy=2.1643 mean_return=13.971 mean_len=71.9
[gat-train] update=822 samples=131520 fps=19.2 loss=0.4255 actor=0.1104 value=0.3356 entropy=2.0464 mean_return=13.987 mean_len=72.1
[gat-train] update=823 samples=131680 fps=19.2 loss=0.0746 actor=-0.1681 value=0.2633 entropy=2.0607 mean_return=13.998 mean_len=72.2
[gat-train] update=824 samples=131840 fps=19.2 loss=3.1479 actor=-0.2098 value=3.3787 entropy=2.1019 mean_return=13.861 mean_len=71.5
[gat-train] update=825 samples=132000 fps=19.2 loss=0.3069 actor=-0.1286 value=0.4557 entropy=2.0301 mean_return=13.911 mean_len=72.1
[gat-train] update=826 samples=132160 fps=19.2 loss=0.1952 actor=-0.0940 value=0.3084 entropy=1.9119 mean_return=13.980 mean_len=72.7
[gat-train] update=827 samples=132320 fps=19.2 loss=0.1375 actor=-0.0454 value=0.2012 entropy=1.8276 mean_return=14.014 mean_len=72.9
[gat-train] update=828 samples=132480 fps=19.2 loss=0.4450 actor=0.0268 value=0.4362 entropy=1.7990 mean_return=14.054 mean_len=73.1
[gat-train] update=829 samples=132640 fps=19.2 loss=0.7028 actor=0.1763 value=0.5448 entropy=1.8263 mean_return=14.101 mean_len=73.4
[gat-train] update=830 samples=132800 fps=19.2 loss=7.0064 actor=-1.2943 value=8.3197 entropy=1.9025 mean_return=13.636 mean_len=70.8
[gat-train] update=831 samples=132960 fps=19.2 loss=4.8974 actor=-1.3140 value=6.2297 entropy=1.8266 mean_return=12.824 mean_len=66.7
[gat-train] update=832 samples=133120 fps=19.2 loss=3.4637 actor=0.0464 value=3.4360 entropy=1.8712 mean_return=12.637 mean_len=65.5
[gat-train] update=833 samples=133280 fps=19.2 loss=0.3174 actor=0.0189 value=0.3169 entropy=1.8348 mean_return=12.689 mean_len=65.7
[gat-train] update=834 samples=133440 fps=19.2 loss=1.1300 actor=-0.4312 value=1.5796 entropy=1.8372 mean_return=12.539 mean_len=64.4
[gat-train] update=835 samples=133600 fps=19.2 loss=0.4569 actor=0.0793 value=0.3975 entropy=1.9920 mean_return=12.600 mean_len=64.8
[gat-train] update=836 samples=133760 fps=19.2 loss=-0.0506 actor=-0.2533 value=0.2232 entropy=2.0521 mean_return=12.600 mean_len=64.8
[gat-train] update=837 samples=133920 fps=19.2 loss=-0.0588 actor=-0.3457 value=0.3074 entropy=2.0449 mean_return=12.650 mean_len=65.0
[gat-train] update=838 samples=134080 fps=19.2 loss=-0.1047 actor=-0.2904 value=0.2079 entropy=2.2181 mean_return=12.631 mean_len=64.8
[gat-train] update=839 samples=134240 fps=19.2 loss=0.3559 actor=0.0254 value=0.3530 entropy=2.2456 mean_return=12.660 mean_len=65.0
[gat-train] update=840 samples=134400 fps=19.2 loss=3.8263 actor=-0.9387 value=4.7872 entropy=2.2222 mean_return=12.735 mean_len=65.6
[gat-train] update=841 samples=134560 fps=19.2 loss=0.2302 actor=-0.1058 value=0.3583 entropy=2.2288 mean_return=12.725 mean_len=65.7
[gat-train] update=842 samples=134720 fps=19.2 loss=0.9030 actor=0.0706 value=0.8553 entropy=2.2976 mean_return=12.834 mean_len=66.6
[gat-train] update=843 samples=134880 fps=19.2 loss=0.6090 actor=-0.0600 value=0.6924 entropy=2.3401 mean_return=12.864 mean_len=66.9
[gat-train] update=844 samples=135040 fps=19.2 loss=0.1703 actor=-0.1521 value=0.3471 entropy=2.4731 mean_return=12.889 mean_len=67.0
[gat-train] update=845 samples=135200 fps=19.2 loss=0.2760 actor=-0.1413 value=0.4428 entropy=2.5465 mean_return=13.207 mean_len=68.7
[gat-train] update=846 samples=135360 fps=19.2 loss=1.1202 actor=0.1497 value=0.9966 entropy=2.6022 mean_return=13.222 mean_len=68.7
[gat-train] update=847 samples=135520 fps=19.2 loss=0.1897 actor=0.0094 value=0.2067 entropy=2.6506 mean_return=13.222 mean_len=68.7
[gat-train] update=848 samples=135680 fps=19.2 loss=0.9807 actor=0.2670 value=0.7401 entropy=2.6379 mean_return=13.195 mean_len=68.3
[gat-train] update=849 samples=135840 fps=19.2 loss=0.4662 actor=-0.0414 value=0.5335 entropy=2.5885 mean_return=13.185 mean_len=68.3
[gat-train] update=850 samples=136000 fps=19.2 loss=0.0707 actor=-0.2383 value=0.3338 entropy=2.4772 mean_return=13.141 mean_len=68.0
[gat-train] eval update=850 comp_score=85.94 best=86.04
[gat-train] update=851 samples=136160 fps=19.2 loss=0.7617 actor=0.1760 value=0.6123 entropy=2.6507 mean_return=13.152 mean_len=68.4
[gat-train] update=852 samples=136320 fps=19.2 loss=0.3061 actor=-0.0574 value=0.3905 entropy=2.6969 mean_return=13.324 mean_len=69.1
[gat-train] update=853 samples=136480 fps=19.2 loss=0.9136 actor=0.2023 value=0.7381 entropy=2.6868 mean_return=14.444 mean_len=74.8
[gat-train] update=854 samples=136640 fps=19.2 loss=1.0553 actor=0.4700 value=0.6134 entropy=2.8068 mean_return=14.675 mean_len=75.7
[gat-train] update=855 samples=136800 fps=19.2 loss=-0.0885 actor=-0.2742 value=0.2135 entropy=2.7800 mean_return=14.675 mean_len=75.7
[gat-train] update=856 samples=136960 fps=19.2 loss=0.7805 actor=0.2266 value=0.5806 entropy=2.6664 mean_return=14.800 mean_len=76.3
[gat-train] update=857 samples=137120 fps=19.2 loss=0.1239 actor=-0.0659 value=0.2180 entropy=2.8185 mean_return=14.800 mean_len=76.3
[gat-train] update=858 samples=137280 fps=19.2 loss=0.3681 actor=-0.2517 value=0.6471 entropy=2.7253 mean_return=14.701 mean_len=76.0
[gat-train] update=859 samples=137440 fps=19.2 loss=0.3860 actor=-0.0852 value=0.4982 entropy=2.7034 mean_return=14.602 mean_len=75.5
[gat-train] update=860 samples=137600 fps=19.2 loss=-0.0138 actor=-0.2775 value=0.2911 entropy=2.7483 mean_return=14.548 mean_len=75.3
[gat-train] update=861 samples=137760 fps=19.2 loss=0.0894 actor=-0.1063 value=0.2234 entropy=2.7721 mean_return=14.477 mean_len=74.6
[gat-train] update=862 samples=137920 fps=19.2 loss=0.2272 actor=-0.0968 value=0.3514 entropy=2.7431 mean_return=14.447 mean_len=74.2
[gat-train] update=863 samples=138080 fps=19.2 loss=0.6363 actor=0.2342 value=0.4292 entropy=2.7175 mean_return=14.648 mean_len=75.2
[gat-train] update=864 samples=138240 fps=19.2 loss=0.2079 actor=-0.1325 value=0.3666 entropy=2.6158 mean_return=14.447 mean_len=73.8
[gat-train] update=865 samples=138400 fps=19.2 loss=-0.0595 actor=-0.2886 value=0.2567 entropy=2.7496 mean_return=14.390 mean_len=73.5
[gat-train] update=866 samples=138560 fps=19.2 loss=-0.1429 actor=-0.3402 value=0.2254 entropy=2.8076 mean_return=14.390 mean_len=73.5
[gat-train] update=867 samples=138720 fps=19.2 loss=0.3559 actor=-0.0705 value=0.4534 entropy=2.7047 mean_return=14.261 mean_len=72.8
[gat-train] update=868 samples=138880 fps=19.2 loss=0.3381 actor=-0.0703 value=0.4357 entropy=2.7299 mean_return=14.062 mean_len=71.4
[gat-train] update=869 samples=139040 fps=19.2 loss=0.3142 actor=0.0757 value=0.2661 entropy=2.7614 mean_return=14.046 mean_len=71.2
[gat-train] update=870 samples=139200 fps=19.2 loss=0.1072 actor=-0.3364 value=0.4711 entropy=2.7580 mean_return=13.938 mean_len=70.9
[gat-train] update=871 samples=139360 fps=19.2 loss=0.3416 actor=-0.1436 value=0.5126 entropy=2.7409 mean_return=13.914 mean_len=70.7
[gat-train] update=872 samples=139520 fps=19.2 loss=0.1692 actor=-0.1940 value=0.3904 entropy=2.7175 mean_return=13.848 mean_len=70.4
[gat-train] update=873 samples=139680 fps=19.2 loss=0.3096 actor=0.0326 value=0.3045 entropy=2.7425 mean_return=13.852 mean_len=70.6
[gat-train] update=874 samples=139840 fps=19.2 loss=0.4802 actor=0.0723 value=0.4345 entropy=2.6586 mean_return=13.808 mean_len=70.4
[gat-train] update=875 samples=140000 fps=19.2 loss=0.6318 actor=0.1890 value=0.4672 entropy=2.4471 mean_return=13.842 mean_len=71.0
[gat-train] update=876 samples=140160 fps=19.2 loss=1.0681 actor=0.3838 value=0.7080 entropy=2.3712 mean_return=13.750 mean_len=70.6
[gat-train] update=877 samples=140320 fps=19.2 loss=0.4227 actor=-0.0808 value=0.5271 entropy=2.3499 mean_return=13.724 mean_len=70.6
[gat-train] update=878 samples=140480 fps=19.2 loss=0.2263 actor=-0.0798 value=0.3306 entropy=2.4519 mean_return=13.663 mean_len=70.4
[gat-train] update=879 samples=140640 fps=19.2 loss=0.4558 actor=0.0879 value=0.3926 entropy=2.4764 mean_return=13.652 mean_len=70.5
[gat-train] update=880 samples=140800 fps=19.2 loss=0.1028 actor=-0.2710 value=0.3982 entropy=2.4321 mean_return=13.616 mean_len=70.3
[gat-train] update=881 samples=140960 fps=19.2 loss=0.3160 actor=0.0834 value=0.2566 entropy=2.3998 mean_return=13.602 mean_len=70.2
[gat-train] update=882 samples=141120 fps=19.2 loss=-0.1325 actor=-0.3014 value=0.1923 entropy=2.3387 mean_return=13.592 mean_len=70.4
[gat-train] update=883 samples=141280 fps=19.2 loss=0.4462 actor=-0.0846 value=0.5552 entropy=2.4440 mean_return=13.637 mean_len=70.7
[gat-train] update=884 samples=141440 fps=19.2 loss=0.5942 actor=0.1656 value=0.4523 entropy=2.3710 mean_return=13.685 mean_len=71.3
[gat-train] update=885 samples=141600 fps=19.2 loss=0.1856 actor=-0.0736 value=0.2826 entropy=2.3317 mean_return=13.678 mean_len=71.0
[gat-train] update=886 samples=141760 fps=19.2 loss=0.6063 actor=0.2367 value=0.3929 entropy=2.3313 mean_return=13.662 mean_len=70.9
[gat-train] update=887 samples=141920 fps=19.2 loss=0.1809 actor=-0.1137 value=0.3180 entropy=2.3397 mean_return=13.701 mean_len=71.4
[gat-train] update=888 samples=142080 fps=19.2 loss=-0.0331 actor=-0.4708 value=0.4614 entropy=2.3694 mean_return=13.712 mean_len=71.5
[gat-train] update=889 samples=142240 fps=19.2 loss=0.4152 actor=0.0497 value=0.3892 entropy=2.3730 mean_return=13.709 mean_len=71.5
[gat-train] update=890 samples=142400 fps=19.2 loss=0.4789 actor=0.0079 value=0.4938 entropy=2.2861 mean_return=13.754 mean_len=71.4
[gat-train] update=891 samples=142560 fps=19.2 loss=0.5767 actor=0.1559 value=0.4419 entropy=2.1069 mean_return=13.885 mean_len=72.2
[gat-train] update=892 samples=142720 fps=19.2 loss=0.1204 actor=-0.1410 value=0.2820 entropy=2.0556 mean_return=13.906 mean_len=72.5
[gat-train] update=893 samples=142880 fps=19.2 loss=0.0267 actor=-0.1470 value=0.1955 entropy=2.1851 mean_return=13.951 mean_len=72.6
[gat-train] update=894 samples=143040 fps=19.2 loss=0.6933 actor=0.0045 value=0.7115 entropy=2.2699 mean_return=14.030 mean_len=72.9
[gat-train] update=895 samples=143200 fps=19.2 loss=0.6252 actor=0.0250 value=0.6209 entropy=2.0775 mean_return=14.083 mean_len=72.7
[gat-train] update=896 samples=143360 fps=19.3 loss=0.4372 actor=0.0379 value=0.4196 entropy=2.0389 mean_return=14.176 mean_len=72.8
[gat-train] update=897 samples=143520 fps=19.3 loss=0.0438 actor=-0.0670 value=0.1334 entropy=2.2625 mean_return=14.176 mean_len=72.8
[gat-train] update=898 samples=143680 fps=19.3 loss=0.0716 actor=-0.1271 value=0.2205 entropy=2.1825 mean_return=14.227 mean_len=72.9
[gat-train] update=899 samples=143840 fps=19.3 loss=0.0368 actor=-0.0871 value=0.1466 entropy=2.2662 mean_return=14.227 mean_len=72.9
[gat-train] update=900 samples=144000 fps=19.3 loss=0.5714 actor=-0.0274 value=0.6213 entropy=2.2409 mean_return=14.303 mean_len=73.5
[gat-train] eval update=900 comp_score=83.10 best=86.04
[gat-train] update=901 samples=144160 fps=19.2 loss=0.2972 actor=-0.0154 value=0.3342 entropy=2.1502 mean_return=14.370 mean_len=73.9
[gat-train] update=902 samples=144320 fps=19.2 loss=0.8505 actor=-0.2232 value=1.0937 entropy=1.9989 mean_return=14.490 mean_len=74.4
[gat-train] update=903 samples=144480 fps=19.2 loss=0.3161 actor=0.1382 value=0.1993 entropy=2.1375 mean_return=14.502 mean_len=74.3
[gat-train] update=904 samples=144640 fps=19.2 loss=0.4325 actor=-0.0670 value=0.5201 entropy=2.0592 mean_return=14.549 mean_len=74.4
[gat-train] update=905 samples=144800 fps=19.2 loss=0.6521 actor=0.2327 value=0.4403 entropy=2.0971 mean_return=14.656 mean_len=74.6
[gat-train] update=906 samples=144960 fps=19.2 loss=0.5827 actor=-0.1502 value=0.7536 entropy=2.0663 mean_return=14.735 mean_len=75.1
[gat-train] update=907 samples=145120 fps=19.2 loss=0.2156 actor=-0.0542 value=0.2911 entropy=2.1330 mean_return=14.733 mean_len=75.0
[gat-train] update=908 samples=145280 fps=19.2 loss=0.2180 actor=-0.2282 value=0.4658 entropy=1.9571 mean_return=14.772 mean_len=75.3
[gat-train] update=909 samples=145440 fps=19.2 loss=1.4203 actor=0.4175 value=1.0226 entropy=1.9871 mean_return=14.874 mean_len=75.8
[gat-train] update=910 samples=145600 fps=19.2 loss=3.0625 actor=-0.0430 value=3.1252 entropy=1.9659 mean_return=14.676 mean_len=74.8
[gat-train] update=911 samples=145760 fps=19.2 loss=0.8325 actor=0.1871 value=0.6649 entropy=1.9483 mean_return=14.720 mean_len=75.1
[gat-train] update=912 samples=145920 fps=19.2 loss=-0.0423 actor=-0.2681 value=0.2460 entropy=2.0172 mean_return=14.720 mean_len=75.1
[gat-train] update=913 samples=146080 fps=19.2 loss=0.6607 actor=0.0803 value=0.5997 entropy=1.9282 mean_return=14.790 mean_len=76.0
[gat-train] update=914 samples=146240 fps=19.2 loss=-0.0993 actor=-0.2533 value=0.1731 entropy=1.9068 mean_return=14.790 mean_len=76.0
[gat-train] update=915 samples=146400 fps=19.2 loss=0.1067 actor=-0.1117 value=0.2378 entropy=1.9429 mean_return=14.801 mean_len=76.0
[gat-train] update=916 samples=146560 fps=19.2 loss=0.8014 actor=-0.0478 value=0.8681 entropy=1.8866 mean_return=14.864 mean_len=76.1
[gat-train] update=917 samples=146720 fps=19.2 loss=2.7912 actor=-0.1758 value=2.9866 entropy=1.9577 mean_return=14.571 mean_len=74.4
[gat-train] update=918 samples=146880 fps=19.2 loss=0.3519 actor=-0.1498 value=0.5211 entropy=1.9364 mean_return=14.575 mean_len=74.8
[gat-train] update=919 samples=147040 fps=19.2 loss=0.5527 actor=0.2847 value=0.2883 entropy=2.0263 mean_return=14.626 mean_len=74.8
[gat-train] update=920 samples=147200 fps=19.2 loss=0.0870 actor=-0.1640 value=0.2721 entropy=2.1082 mean_return=14.626 mean_len=74.8
[gat-train] update=921 samples=147360 fps=19.2 loss=0.2628 actor=-0.1651 value=0.4486 entropy=2.0723 mean_return=14.616 mean_len=74.9
[gat-train] update=922 samples=147520 fps=19.2 loss=0.6105 actor=0.1403 value=0.4916 entropy=2.1393 mean_return=14.619 mean_len=75.1
[gat-train] update=923 samples=147680 fps=19.2 loss=0.4365 actor=-0.0604 value=0.5183 entropy=2.1426 mean_return=14.636 mean_len=75.4
[gat-train] update=924 samples=147840 fps=19.2 loss=0.5878 actor=-0.0020 value=0.6090 entropy=1.9182 mean_return=14.677 mean_len=75.5
[gat-train] update=925 samples=148000 fps=19.2 loss=0.2959 actor=-0.0183 value=0.3336 entropy=1.9388 mean_return=14.652 mean_len=75.5
[gat-train] update=926 samples=148160 fps=19.2 loss=0.7521 actor=0.1382 value=0.6325 entropy=1.8604 mean_return=14.684 mean_len=75.8
[gat-train] update=927 samples=148320 fps=19.2 loss=0.5367 actor=0.1553 value=0.4016 entropy=2.0173 mean_return=14.680 mean_len=75.7
[gat-train] update=928 samples=148480 fps=19.2 loss=0.4027 actor=-0.0635 value=0.4873 entropy=2.1052 mean_return=14.690 mean_len=75.9
[gat-train] update=929 samples=148640 fps=19.2 loss=0.0602 actor=-0.1461 value=0.2280 entropy=2.1637 mean_return=14.686 mean_len=76.2
[gat-train] update=930 samples=148800 fps=19.2 loss=0.2518 actor=-0.2467 value=0.5204 entropy=2.1939 mean_return=14.735 mean_len=76.7
[gat-train] update=931 samples=148960 fps=19.2 loss=0.9625 actor=0.2561 value=0.7277 entropy=2.1257 mean_return=14.744 mean_len=76.4
[gat-train] update=932 samples=149120 fps=19.2 loss=0.0584 actor=-0.2963 value=0.3757 entropy=2.0982 mean_return=14.707 mean_len=76.3
[gat-train] update=933 samples=149280 fps=19.2 loss=0.4864 actor=0.0702 value=0.4375 entropy=2.1309 mean_return=14.983 mean_len=77.6
[gat-train] update=934 samples=149440 fps=19.2 loss=0.0883 actor=-0.2508 value=0.3600 entropy=2.0917 mean_return=15.005 mean_len=77.6
[gat-train] update=935 samples=149600 fps=19.2 loss=0.3058 actor=0.0781 value=0.2496 entropy=2.1935 mean_return=15.014 mean_len=77.8
[gat-train] update=936 samples=149760 fps=19.2 loss=0.2406 actor=-0.1385 value=0.4007 entropy=2.1563 mean_return=15.032 mean_len=77.6
[gat-train] update=937 samples=149920 fps=19.2 loss=0.3356 actor=0.0044 value=0.3535 entropy=2.2330 mean_return=14.980 mean_len=77.1
[gat-train] update=938 samples=150080 fps=19.2 loss=0.5143 actor=0.1602 value=0.3765 entropy=2.2397 mean_return=14.985 mean_len=77.0
[gat-train] update=939 samples=150240 fps=19.2 loss=0.5176 actor=-0.0428 value=0.5836 entropy=2.3199 mean_return=15.019 mean_len=77.1
[gat-train] update=940 samples=150400 fps=19.2 loss=0.7135 actor=0.0413 value=0.6943 entropy=2.2161 mean_return=15.027 mean_len=76.9
[gat-train] update=941 samples=150560 fps=19.2 loss=0.4094 actor=0.0368 value=0.3951 entropy=2.2560 mean_return=15.027 mean_len=76.9
[gat-train] update=942 samples=150720 fps=19.2 loss=0.8014 actor=0.0580 value=0.7667 entropy=2.3265 mean_return=15.344 mean_len=78.6
[gat-train] update=943 samples=150880 fps=19.2 loss=0.4697 actor=0.0372 value=0.4552 entropy=2.2681 mean_return=15.305 mean_len=78.5
[gat-train] update=944 samples=151040 fps=19.2 loss=0.2760 actor=-0.1048 value=0.4041 entropy=2.3280 mean_return=15.267 mean_len=78.5
[gat-train] update=945 samples=151200 fps=19.2 loss=0.4244 actor=0.0298 value=0.4183 entropy=2.3754 mean_return=15.254 mean_len=78.0
[gat-train] update=946 samples=151360 fps=19.2 loss=0.6735 actor=0.2541 value=0.4433 entropy=2.3901 mean_return=15.225 mean_len=77.8
[gat-train] update=947 samples=151520 fps=19.2 loss=0.5246 actor=0.1801 value=0.3677 entropy=2.3295 mean_return=15.163 mean_len=77.2
[gat-train] update=948 samples=151680 fps=19.2 loss=1.0815 actor=0.2666 value=0.8391 entropy=2.4120 mean_return=15.164 mean_len=77.4
[gat-train] update=949 samples=151840 fps=19.2 loss=0.4955 actor=0.0654 value=0.4538 entropy=2.3732 mean_return=15.159 mean_len=77.8
[gat-train] update=950 samples=152000 fps=19.2 loss=0.2541 actor=-0.1794 value=0.4567 entropy=2.3235 mean_return=15.088 mean_len=77.2
[gat-train] eval update=950 comp_score=83.96 best=86.04
[gat-train] update=951 samples=152160 fps=19.2 loss=-0.0358 actor=-0.2709 value=0.2602 entropy=2.5113 mean_return=15.088 mean_len=77.2
[gat-train] update=952 samples=152320 fps=19.2 loss=-0.1425 actor=-0.3360 value=0.2202 entropy=2.6693 mean_return=15.088 mean_len=77.2
[gat-train] update=953 samples=152480 fps=19.2 loss=0.8378 actor=0.2007 value=0.6619 entropy=2.4822 mean_return=14.978 mean_len=76.5
[gat-train] update=954 samples=152640 fps=19.2 loss=0.3978 actor=-0.0293 value=0.4506 entropy=2.3525 mean_return=14.891 mean_len=75.9
[gat-train] update=955 samples=152800 fps=19.2 loss=-0.0042 actor=-0.3109 value=0.3318 entropy=2.5106 mean_return=14.891 mean_len=75.9
[gat-train] update=956 samples=152960 fps=19.2 loss=0.3982 actor=0.0535 value=0.3720 entropy=2.7256 mean_return=14.891 mean_len=75.9
[gat-train] update=957 samples=153120 fps=19.2 loss=0.4634 actor=0.0599 value=0.4298 entropy=2.6307 mean_return=14.851 mean_len=75.8
[gat-train] update=958 samples=153280 fps=19.2 loss=0.1854 actor=-0.0925 value=0.3032 entropy=2.5292 mean_return=14.751 mean_len=75.2
[gat-train] update=959 samples=153440 fps=19.2 loss=0.8909 actor=0.1580 value=0.7570 entropy=2.3996 mean_return=14.696 mean_len=75.2
[gat-train] update=960 samples=153600 fps=19.2 loss=0.5204 actor=0.2172 value=0.3275 entropy=2.4307 mean_return=14.658 mean_len=75.0
[gat-train] update=961 samples=153760 fps=19.2 loss=0.0879 actor=-0.2526 value=0.3660 entropy=2.5452 mean_return=14.618 mean_len=74.9
[gat-train] update=962 samples=153920 fps=19.2 loss=0.4233 actor=0.0176 value=0.4315 entropy=2.5740 mean_return=14.575 mean_len=74.6
[gat-train] update=963 samples=154080 fps=19.2 loss=0.4640 actor=0.1023 value=0.3868 entropy=2.5141 mean_return=14.504 mean_len=74.3
[gat-train] update=964 samples=154240 fps=19.2 loss=0.2060 actor=-0.1881 value=0.4187 entropy=2.4587 mean_return=14.432 mean_len=73.8
[gat-train] update=965 samples=154400 fps=19.2 loss=0.1583 actor=-0.1324 value=0.3171 entropy=2.6341 mean_return=14.432 mean_len=73.8
[gat-train] update=966 samples=154560 fps=19.2 loss=0.9195 actor=0.3836 value=0.5627 entropy=2.6804 mean_return=14.442 mean_len=73.9
[gat-train] update=967 samples=154720 fps=19.2 loss=0.2650 actor=-0.0021 value=0.2919 entropy=2.4822 mean_return=14.420 mean_len=73.6
[gat-train] update=968 samples=154880 fps=19.2 loss=0.6593 actor=0.2257 value=0.4571 entropy=2.3530 mean_return=14.339 mean_len=73.4
[gat-train] update=969 samples=155040 fps=19.2 loss=0.5067 actor=0.1033 value=0.4272 entropy=2.3822 mean_return=14.344 mean_len=73.4
[gat-train] update=970 samples=155200 fps=19.2 loss=0.5642 actor=0.1281 value=0.4599 entropy=2.3813 mean_return=14.205 mean_len=72.6
[gat-train] update=971 samples=155360 fps=19.2 loss=-0.0018 actor=-0.1916 value=0.2139 entropy=2.4004 mean_return=14.145 mean_len=71.8
[gat-train] update=972 samples=155520 fps=19.2 loss=0.2662 actor=-0.0686 value=0.3596 entropy=2.4834 mean_return=14.107 mean_len=71.8
[gat-train] update=973 samples=155680 fps=19.2 loss=0.3193 actor=0.0491 value=0.2952 entropy=2.5070 mean_return=14.075 mean_len=71.5
[gat-train] update=974 samples=155840 fps=19.2 loss=0.7745 actor=0.3262 value=0.4733 entropy=2.5019 mean_return=14.125 mean_len=71.7
[gat-train] update=975 samples=156000 fps=19.2 loss=0.5300 actor=0.2323 value=0.3224 entropy=2.4680 mean_return=14.094 mean_len=71.3
[gat-train] update=976 samples=156160 fps=19.2 loss=-0.0371 actor=-0.2557 value=0.2437 entropy=2.5140 mean_return=14.089 mean_len=71.2
[gat-train] update=977 samples=156320 fps=19.2 loss=0.3938 actor=0.1410 value=0.2782 entropy=2.5384 mean_return=14.055 mean_len=71.3
[gat-train] update=978 samples=156480 fps=19.2 loss=0.6039 actor=0.1559 value=0.4730 entropy=2.4939 mean_return=14.043 mean_len=71.2
[gat-train] update=979 samples=156640 fps=19.2 loss=-0.2435 actor=-0.4783 value=0.2603 entropy=2.5537 mean_return=14.043 mean_len=71.2
[gat-train] update=980 samples=156800 fps=19.2 loss=0.1010 actor=-0.1264 value=0.2536 entropy=2.6291 mean_return=14.021 mean_len=71.1
[gat-train] update=981 samples=156960 fps=19.2 loss=-0.0089 actor=-0.3168 value=0.3332 entropy=2.5385 mean_return=14.074 mean_len=71.5
[gat-train] update=982 samples=157120 fps=19.2 loss=0.2050 actor=-0.1076 value=0.3372 entropy=2.4529 mean_return=14.079 mean_len=71.3
[gat-train] update=983 samples=157280 fps=19.2 loss=0.1424 actor=-0.2419 value=0.4083 entropy=2.3970 mean_return=14.110 mean_len=71.4
[gat-train] update=984 samples=157440 fps=19.2 loss=0.3531 actor=0.0731 value=0.3052 entropy=2.5205 mean_return=14.106 mean_len=71.5
[gat-train] update=985 samples=157600 fps=19.2 loss=0.2439 actor=-0.0478 value=0.3174 entropy=2.5825 mean_return=14.119 mean_len=71.7
[gat-train] update=986 samples=157760 fps=19.2 loss=0.7121 actor=0.1164 value=0.6210 entropy=2.5201 mean_return=14.114 mean_len=72.0
[gat-train] update=987 samples=157920 fps=19.2 loss=0.1495 actor=-0.0311 value=0.2040 entropy=2.3433 mean_return=14.092 mean_len=71.8
[gat-train] update=988 samples=158080 fps=19.2 loss=0.1598 actor=-0.0904 value=0.2747 entropy=2.4508 mean_return=14.020 mean_len=71.4
[gat-train] update=989 samples=158240 fps=19.3 loss=-0.0615 actor=-0.3034 value=0.2667 entropy=2.4879 mean_return=14.052 mean_len=71.5
[gat-train] update=990 samples=158400 fps=19.3 loss=0.0890 actor=-0.0771 value=0.1914 entropy=2.5311 mean_return=14.065 mean_len=71.4
[gat-train] update=991 samples=158560 fps=19.3 loss=0.0774 actor=-0.1159 value=0.2196 entropy=2.6260 mean_return=14.065 mean_len=71.4
[gat-train] update=992 samples=158720 fps=19.3 loss=0.1644 actor=-0.2674 value=0.4581 entropy=2.6327 mean_return=14.077 mean_len=71.4
[gat-train] update=993 samples=158880 fps=19.3 loss=0.8585 actor=0.1348 value=0.7496 entropy=2.5900 mean_return=14.104 mean_len=71.8
[gat-train] update=994 samples=159040 fps=19.3 loss=0.4806 actor=0.0911 value=0.4143 entropy=2.4751 mean_return=14.174 mean_len=72.1
[gat-train] update=995 samples=159200 fps=19.3 loss=0.0094 actor=-0.3867 value=0.4190 entropy=2.2914 mean_return=14.176 mean_len=72.4
[gat-train] update=996 samples=159360 fps=19.3 loss=0.2149 actor=-0.1851 value=0.4234 entropy=2.3300 mean_return=14.162 mean_len=72.4
[gat-train] update=997 samples=159520 fps=19.3 loss=0.6598 actor=0.0393 value=0.6432 entropy=2.2687 mean_return=14.152 mean_len=72.2
[gat-train] update=998 samples=159680 fps=19.3 loss=0.1598 actor=-0.2475 value=0.4295 entropy=2.2258 mean_return=14.196 mean_len=72.4
[gat-train] update=999 samples=159840 fps=19.3 loss=-0.1042 actor=-0.3428 value=0.2630 entropy=2.4444 mean_return=14.196 mean_len=72.4
[gat-train] update=1000 samples=160000 fps=19.3 loss=0.2209 actor=-0.0155 value=0.2614 entropy=2.5042 mean_return=14.146 mean_len=71.9
[gat-train] eval update=1000 comp_score=84.77 best=86.04
[gat-train] update=1001 samples=160160 fps=19.2 loss=0.1362 actor=-0.2153 value=0.3750 entropy=2.3514 mean_return=14.123 mean_len=71.7
[gat-train] update=1002 samples=160320 fps=19.2 loss=0.9527 actor=0.3864 value=0.5897 entropy=2.3408 mean_return=14.165 mean_len=72.3
[gat-train] update=1003 samples=160480 fps=19.2 loss=0.2633 actor=-0.1492 value=0.4360 entropy=2.3491 mean_return=14.106 mean_len=72.2
[gat-train] update=1004 samples=160640 fps=19.2 loss=0.4590 actor=0.0268 value=0.4572 entropy=2.5088 mean_return=14.130 mean_len=72.4
[gat-train] update=1005 samples=160800 fps=19.2 loss=-0.1174 actor=-0.2494 value=0.1592 entropy=2.7179 mean_return=14.130 mean_len=72.4
[gat-train] update=1006 samples=160960 fps=19.2 loss=0.0832 actor=-0.1923 value=0.3037 entropy=2.8306 mean_return=14.109 mean_len=72.4
[gat-train] update=1007 samples=161120 fps=19.2 loss=0.0871 actor=-0.1187 value=0.2341 entropy=2.8353 mean_return=14.109 mean_len=72.4
[gat-train] update=1008 samples=161280 fps=19.2 loss=1.0588 actor=0.2897 value=0.7970 entropy=2.7864 mean_return=14.109 mean_len=72.3
[gat-train] update=1009 samples=161440 fps=19.2 loss=0.2576 actor=-0.1245 value=0.4082 entropy=2.6138 mean_return=14.105 mean_len=72.3
[gat-train] update=1010 samples=161600 fps=19.2 loss=1.3066 actor=0.3573 value=0.9727 entropy=2.3351 mean_return=14.072 mean_len=72.3
[gat-train] update=1011 samples=161760 fps=19.2 loss=0.5762 actor=0.1325 value=0.4673 entropy=2.3654 mean_return=14.163 mean_len=72.8
[gat-train] update=1012 samples=161920 fps=19.2 loss=0.1235 actor=-0.1435 value=0.2924 entropy=2.5409 mean_return=14.165 mean_len=72.8
[gat-train] update=1013 samples=162080 fps=19.2 loss=0.8611 actor=0.2838 value=0.6030 entropy=2.5783 mean_return=14.215 mean_len=73.4
[gat-train] update=1014 samples=162240 fps=19.2 loss=-0.0623 actor=-0.3344 value=0.2979 entropy=2.5843 mean_return=14.196 mean_len=72.9
[gat-train] update=1015 samples=162400 fps=19.2 loss=0.7237 actor=0.2273 value=0.5233 entropy=2.6878 mean_return=14.207 mean_len=72.7
[gat-train] update=1016 samples=162560 fps=19.2 loss=0.2282 actor=-0.1306 value=0.3854 entropy=2.6605 mean_return=14.230 mean_len=72.8
[gat-train] update=1017 samples=162720 fps=19.3 loss=-0.0127 actor=-0.2651 value=0.2804 entropy=2.8005 mean_return=14.292 mean_len=72.7
[gat-train] update=1018 samples=162880 fps=19.3 loss=-0.1808 actor=-0.3714 value=0.2198 entropy=2.9143 mean_return=14.303 mean_len=72.6
[gat-train] update=1019 samples=163040 fps=19.3 loss=0.3572 actor=-0.3156 value=0.7009 entropy=2.8055 mean_return=14.279 mean_len=73.0
[gat-train] update=1020 samples=163200 fps=19.3 loss=0.0447 actor=-0.1411 value=0.2156 entropy=2.9745 mean_return=14.279 mean_len=73.0
[gat-train] update=1021 samples=163360 fps=19.3 loss=0.1403 actor=-0.0510 value=0.2203 entropy=2.9063 mean_return=14.269 mean_len=72.9
[gat-train] update=1022 samples=163520 fps=19.3 loss=0.2249 actor=-0.1936 value=0.4469 entropy=2.8416 mean_return=14.232 mean_len=72.7
[gat-train] update=1023 samples=163680 fps=19.3 loss=0.1219 actor=-0.1222 value=0.2722 entropy=2.8123 mean_return=14.232 mean_len=72.7
[gat-train] update=1024 samples=163840 fps=19.3 loss=0.6458 actor=0.0944 value=0.5780 entropy=2.6648 mean_return=14.269 mean_len=73.1
[gat-train] update=1025 samples=164000 fps=19.3 loss=0.6754 actor=0.0165 value=0.6834 entropy=2.4526 mean_return=14.201 mean_len=72.7
[gat-train] update=1026 samples=164160 fps=19.3 loss=0.3774 actor=-0.1619 value=0.5649 entropy=2.5580 mean_return=14.110 mean_len=71.8
[gat-train] update=1027 samples=164320 fps=19.3 loss=0.2255 actor=-0.0145 value=0.2653 entropy=2.5346 mean_return=14.064 mean_len=71.7
[gat-train] update=1028 samples=164480 fps=19.3 loss=0.7902 actor=0.3699 value=0.4456 entropy=2.5279 mean_return=14.015 mean_len=71.2
[gat-train] update=1029 samples=164640 fps=19.3 loss=0.3841 actor=0.1774 value=0.2315 entropy=2.4773 mean_return=13.965 mean_len=70.7
[gat-train] update=1030 samples=164800 fps=19.3 loss=0.3478 actor=0.0590 value=0.3136 entropy=2.4753 mean_return=13.972 mean_len=70.7
[gat-train] update=1031 samples=164960 fps=19.3 loss=0.8095 actor=0.4319 value=0.4038 entropy=2.6289 mean_return=13.966 mean_len=70.8
[gat-train] update=1032 samples=165120 fps=19.3 loss=-0.0616 actor=-0.4130 value=0.3774 entropy=2.6068 mean_return=13.932 mean_len=70.5
[gat-train] update=1033 samples=165280 fps=19.3 loss=0.0162 actor=-0.2265 value=0.2698 entropy=2.7051 mean_return=13.901 mean_len=70.6
[gat-train] update=1034 samples=165440 fps=19.3 loss=0.3856 actor=0.1998 value=0.2125 entropy=2.6754 mean_return=13.882 mean_len=70.4
[gat-train] update=1035 samples=165600 fps=19.3 loss=0.3182 actor=-0.1027 value=0.4469 entropy=2.5996 mean_return=13.833 mean_len=70.3
[gat-train] update=1036 samples=165760 fps=19.3 loss=0.4900 actor=0.1286 value=0.3865 entropy=2.5168 mean_return=13.746 mean_len=69.5
[gat-train] update=1037 samples=165920 fps=19.3 loss=1.9539 actor=0.4142 value=1.5644 entropy=2.4610 mean_return=13.436 mean_len=69.3
[gat-train] update=1038 samples=166080 fps=19.3 loss=0.0694 actor=-0.1974 value=0.2915 entropy=2.4659 mean_return=13.412 mean_len=69.2
[gat-train] update=1039 samples=166240 fps=19.3 loss=0.6301 actor=0.0634 value=0.5899 entropy=2.3260 mean_return=13.404 mean_len=69.4
[gat-train] update=1040 samples=166400 fps=19.3 loss=0.0173 actor=-0.2277 value=0.2681 entropy=2.3021 mean_return=13.401 mean_len=69.5
[gat-train] update=1041 samples=166560 fps=19.3 loss=1.5020 actor=0.5665 value=0.9564 entropy=2.0956 mean_return=13.359 mean_len=69.1
[gat-train] update=1042 samples=166720 fps=19.3 loss=0.7947 actor=0.2076 value=0.6066 entropy=1.9539 mean_return=13.376 mean_len=69.3
[gat-train] update=1043 samples=166880 fps=19.3 loss=0.9050 actor=0.1815 value=0.7440 entropy=2.0534 mean_return=13.414 mean_len=69.6
[gat-train] update=1044 samples=167040 fps=19.3 loss=0.6384 actor=0.3449 value=0.3149 entropy=2.1439 mean_return=13.432 mean_len=69.7
[gat-train] update=1045 samples=167200 fps=19.3 loss=0.0869 actor=-0.1020 value=0.2111 entropy=2.2089 mean_return=13.452 mean_len=69.6
[gat-train] update=1046 samples=167360 fps=19.3 loss=0.0613 actor=-0.1040 value=0.1893 entropy=2.4086 mean_return=13.447 mean_len=69.6
[gat-train] update=1047 samples=167520 fps=19.3 loss=0.4082 actor=0.0663 value=0.3675 entropy=2.5614 mean_return=13.445 mean_len=69.5
[gat-train] update=1048 samples=167680 fps=19.3 loss=0.7073 actor=0.4092 value=0.3230 entropy=2.4905 mean_return=13.473 mean_len=69.7
[gat-train] update=1049 samples=167840 fps=19.3 loss=0.4011 actor=0.0595 value=0.3669 entropy=2.5326 mean_return=13.488 mean_len=69.8
[gat-train] update=1050 samples=168000 fps=19.3 loss=2.4731 actor=-0.3773 value=2.8762 entropy=2.5861 mean_return=13.334 mean_len=68.9
[gat-train] eval update=1050 comp_score=84.68 best=86.04
[gat-train] update=1051 samples=168160 fps=19.3 loss=0.2483 actor=-0.0641 value=0.3381 entropy=2.5767 mean_return=13.341 mean_len=68.9
[gat-train] update=1052 samples=168320 fps=19.3 loss=0.8575 actor=0.0731 value=0.8089 entropy=2.4528 mean_return=13.409 mean_len=69.3
[gat-train] update=1053 samples=168480 fps=19.3 loss=1.4144 actor=0.6221 value=0.8164 entropy=2.4135 mean_return=13.480 mean_len=70.1
[gat-train] update=1054 samples=168640 fps=19.3 loss=0.1483 actor=-0.3552 value=0.5260 entropy=2.2441 mean_return=13.534 mean_len=70.5
[gat-train] update=1055 samples=168800 fps=19.3 loss=0.6928 actor=0.2512 value=0.4647 entropy=2.3141 mean_return=13.584 mean_len=70.8
[gat-train] update=1056 samples=168960 fps=19.3 loss=0.4412 actor=-0.1704 value=0.6329 entropy=2.1345 mean_return=13.684 mean_len=70.9
[gat-train] update=1057 samples=169120 fps=19.3 loss=0.6508 actor=0.0938 value=0.5781 entropy=2.1214 mean_return=14.032 mean_len=71.8
[gat-train] update=1058 samples=169280 fps=19.3 loss=0.5904 actor=0.2657 value=0.3467 entropy=2.1930 mean_return=14.084 mean_len=72.2
[gat-train] update=1059 samples=169440 fps=19.3 loss=0.5227 actor=0.1120 value=0.4332 entropy=2.2474 mean_return=14.186 mean_len=72.8
[gat-train] update=1060 samples=169600 fps=19.3 loss=0.1471 actor=0.0160 value=0.1560 entropy=2.4919 mean_return=14.167 mean_len=72.7
[gat-train] update=1061 samples=169760 fps=19.3 loss=-0.0516 actor=-0.2657 value=0.2402 entropy=2.6080 mean_return=14.181 mean_len=72.8
[gat-train] update=1062 samples=169920 fps=19.3 loss=0.0858 actor=-0.0920 value=0.2047 entropy=2.6930 mean_return=14.181 mean_len=72.8
[gat-train] update=1063 samples=170080 fps=19.3 loss=0.0291 actor=-0.1939 value=0.2507 entropy=2.7653 mean_return=14.165 mean_len=72.5
[gat-train] update=1064 samples=170240 fps=19.3 loss=0.7764 actor=0.2117 value=0.5911 entropy=2.6444 mean_return=14.233 mean_len=73.1
[gat-train] update=1065 samples=170400 fps=19.3 loss=0.0141 actor=-0.3394 value=0.3794 entropy=2.5875 mean_return=14.220 mean_len=73.0
[gat-train] update=1066 samples=170560 fps=19.3 loss=0.3387 actor=-0.1200 value=0.4848 entropy=2.6095 mean_return=14.229 mean_len=73.1
[gat-train] update=1067 samples=170720 fps=19.3 loss=0.8152 actor=0.0014 value=0.8371 entropy=2.3301 mean_return=14.271 mean_len=73.1
[gat-train] update=1068 samples=170880 fps=19.3 loss=0.4388 actor=-0.0187 value=0.4792 entropy=2.1718 mean_return=14.163 mean_len=72.3
[gat-train] update=1069 samples=171040 fps=19.3 loss=1.2922 actor=0.3313 value=0.9820 entropy=2.1044 mean_return=14.234 mean_len=73.1
[gat-train] update=1070 samples=171200 fps=19.3 loss=0.2912 actor=-0.0895 value=0.4016 entropy=2.0944 mean_return=14.210 mean_len=72.9
[gat-train] update=1071 samples=171360 fps=19.3 loss=0.0680 actor=-0.1435 value=0.2307 entropy=1.9263 mean_return=14.477 mean_len=74.3
[gat-train] update=1072 samples=171520 fps=19.3 loss=0.4430 actor=0.0821 value=0.3805 entropy=1.9646 mean_return=14.414 mean_len=73.8
[gat-train] update=1073 samples=171680 fps=19.3 loss=0.9411 actor=0.2860 value=0.6744 entropy=1.9311 mean_return=14.411 mean_len=73.9
[gat-train] update=1074 samples=171840 fps=19.3 loss=0.1075 actor=-0.0833 value=0.2103 entropy=1.9508 mean_return=14.378 mean_len=73.6
[gat-train] update=1075 samples=172000 fps=19.3 loss=0.1910 actor=0.0487 value=0.1624 entropy=2.0046 mean_return=14.373 mean_len=73.7
[gat-train] update=1076 samples=172160 fps=19.3 loss=0.0978 actor=-0.0726 value=0.1925 entropy=2.2095 mean_return=14.373 mean_len=73.7
[gat-train] update=1077 samples=172320 fps=19.3 loss=0.2115 actor=-0.0135 value=0.2483 entropy=2.3334 mean_return=14.373 mean_len=73.7
[gat-train] update=1078 samples=172480 fps=19.3 loss=-0.2677 actor=-0.5060 value=0.2631 entropy=2.4807 mean_return=14.373 mean_len=73.7
[gat-train] update=1079 samples=172640 fps=19.3 loss=-0.0354 actor=-0.1702 value=0.1614 entropy=2.6568 mean_return=14.373 mean_len=73.7
[gat-train] update=1080 samples=172800 fps=19.3 loss=0.6441 actor=0.1119 value=0.5586 entropy=2.6341 mean_return=14.403 mean_len=74.0
[gat-train] update=1081 samples=172960 fps=19.3 loss=0.2575 actor=-0.0777 value=0.3607 entropy=2.5557 mean_return=14.429 mean_len=74.3
[gat-train] update=1082 samples=173120 fps=19.3 loss=0.6638 actor=-0.0508 value=0.7381 entropy=2.3469 mean_return=14.417 mean_len=74.5
[gat-train] update=1083 samples=173280 fps=19.3 loss=1.2020 actor=0.1914 value=1.0327 entropy=2.2125 mean_return=14.486 mean_len=74.8
[gat-train] update=1084 samples=173440 fps=19.3 loss=0.1344 actor=-0.2538 value=0.4087 entropy=2.0529 mean_return=14.472 mean_len=74.9
[gat-train] update=1085 samples=173600 fps=19.3 loss=0.5207 actor=0.0340 value=0.5065 entropy=1.9894 mean_return=14.454 mean_len=74.8
[gat-train] update=1086 samples=173760 fps=19.3 loss=0.8038 actor=0.1983 value=0.6240 entropy=1.8505 mean_return=14.543 mean_len=75.3
[gat-train] update=1087 samples=173920 fps=19.3 loss=0.5863 actor=0.2321 value=0.3730 entropy=1.8797 mean_return=14.550 mean_len=75.5
[gat-train] update=1088 samples=174080 fps=19.3 loss=0.4395 actor=0.0727 value=0.3854 entropy=1.8571 mean_return=14.581 mean_len=75.7
[gat-train] update=1089 samples=174240 fps=19.3 loss=0.8522 actor=0.2494 value=0.6216 entropy=1.8794 mean_return=14.715 mean_len=76.6
[gat-train] update=1090 samples=174400 fps=19.3 loss=-0.1205 actor=-0.1988 value=0.0984 entropy=2.0078 mean_return=14.715 mean_len=76.6
[gat-train] update=1091 samples=174560 fps=19.3 loss=-0.0393 actor=-0.1224 value=0.1054 entropy=2.2268 mean_return=14.715 mean_len=76.6
[gat-train] update=1092 samples=174720 fps=19.3 loss=0.3390 actor=0.0533 value=0.3096 entropy=2.3875 mean_return=14.729 mean_len=76.7
[gat-train] update=1093 samples=174880 fps=19.3 loss=-0.0728 actor=-0.2614 value=0.2137 entropy=2.5045 mean_return=14.729 mean_len=76.7
[gat-train] update=1094 samples=175040 fps=19.3 loss=0.1278 actor=-0.0579 value=0.2116 entropy=2.5848 mean_return=14.729 mean_len=76.7
[gat-train] update=1095 samples=175200 fps=19.3 loss=-0.0783 actor=-0.4890 value=0.4354 entropy=2.4671 mean_return=14.709 mean_len=76.6
[gat-train] update=1096 samples=175360 fps=19.3 loss=0.9791 actor=0.4284 value=0.5757 entropy=2.5110 mean_return=14.744 mean_len=76.5
[gat-train] update=1097 samples=175520 fps=19.3 loss=0.6919 actor=0.1684 value=0.5475 entropy=2.4004 mean_return=14.782 mean_len=76.7
[gat-train] update=1098 samples=175680 fps=19.3 loss=0.4126 actor=-0.2705 value=0.7047 entropy=2.1615 mean_return=14.803 mean_len=76.5
[gat-train] update=1099 samples=175840 fps=19.3 loss=0.8153 actor=0.1488 value=0.6868 entropy=2.0303 mean_return=14.908 mean_len=77.0
[gat-train] update=1100 samples=176000 fps=19.3 loss=0.2401 actor=-0.1576 value=0.4175 entropy=1.9695 mean_return=14.942 mean_len=77.2
[gat-train] eval update=1100 comp_score=84.98 best=86.04
[gat-train] update=1101 samples=176160 fps=19.3 loss=0.3302 actor=0.1261 value=0.2235 entropy=1.9341 mean_return=14.967 mean_len=77.3
[gat-train] update=1102 samples=176320 fps=19.3 loss=0.9317 actor=-0.1249 value=1.0737 entropy=1.7133 mean_return=14.989 mean_len=77.6
[gat-train] update=1103 samples=176480 fps=19.3 loss=0.5817 actor=0.1554 value=0.4449 entropy=1.8530 mean_return=15.038 mean_len=77.9
[gat-train] update=1104 samples=176640 fps=19.3 loss=0.2706 actor=0.0147 value=0.2745 entropy=1.8609 mean_return=15.047 mean_len=77.9
[gat-train] update=1105 samples=176800 fps=19.3 loss=0.7274 actor=0.2686 value=0.4784 entropy=1.9543 mean_return=15.046 mean_len=78.0
[gat-train] update=1106 samples=176960 fps=19.3 loss=0.5790 actor=0.1105 value=0.4879 entropy=1.9442 mean_return=15.081 mean_len=78.2
[gat-train] update=1107 samples=177120 fps=19.3 loss=0.3031 actor=0.0219 value=0.3021 entropy=2.0911 mean_return=15.065 mean_len=78.3
[gat-train] update=1108 samples=177280 fps=19.3 loss=-0.0930 actor=-0.2785 value=0.2083 entropy=2.2775 mean_return=15.065 mean_len=78.3
[gat-train] update=1109 samples=177440 fps=19.3 loss=-0.0748 actor=-0.2582 value=0.2074 entropy=2.4008 mean_return=15.065 mean_len=78.3
[gat-train] update=1110 samples=177600 fps=19.3 loss=0.2321 actor=-0.0051 value=0.2618 entropy=2.4560 mean_return=15.058 mean_len=78.1
[gat-train] update=1111 samples=177760 fps=19.3 loss=0.2133 actor=-0.0588 value=0.2968 entropy=2.4741 mean_return=15.038 mean_len=78.1
[gat-train] update=1112 samples=177920 fps=19.3 loss=0.0968 actor=-0.1718 value=0.2929 entropy=2.4256 mean_return=15.042 mean_len=78.1
[gat-train] update=1113 samples=178080 fps=19.3 loss=0.4196 actor=-0.1666 value=0.6112 entropy=2.4990 mean_return=15.081 mean_len=78.0
[gat-train] update=1114 samples=178240 fps=19.3 loss=0.3902 actor=-0.1380 value=0.5514 entropy=2.3154 mean_return=15.096 mean_len=78.2
[gat-train] update=1115 samples=178400 fps=19.3 loss=0.5816 actor=0.1964 value=0.4077 entropy=2.2544 mean_return=15.106 mean_len=78.2
[gat-train] update=1116 samples=178560 fps=19.3 loss=0.1264 actor=-0.4060 value=0.5540 entropy=2.1595 mean_return=15.126 mean_len=78.3
[gat-train] update=1117 samples=178720 fps=19.3 loss=0.4520 actor=0.0670 value=0.4081 entropy=2.3103 mean_return=15.116 mean_len=78.4
[gat-train] update=1118 samples=178880 fps=19.3 loss=0.1792 actor=-0.2068 value=0.4081 entropy=2.2125 mean_return=15.104 mean_len=78.1
[gat-train] update=1119 samples=179040 fps=19.3 loss=0.9948 actor=0.3369 value=0.6802 entropy=2.2209 mean_return=15.116 mean_len=78.4
[gat-train] update=1120 samples=179200 fps=19.3 loss=1.4756 actor=0.6840 value=0.8134 entropy=2.1804 mean_return=15.195 mean_len=79.1
[gat-train] update=1121 samples=179360 fps=19.3 loss=0.1929 actor=-0.3480 value=0.5627 entropy=2.1738 mean_return=15.206 mean_len=79.4
[gat-train] update=1122 samples=179520 fps=19.3 loss=0.7370 actor=0.1650 value=0.5963 entropy=2.4321 mean_return=15.215 mean_len=79.3
[gat-train] update=1123 samples=179680 fps=19.3 loss=0.1501 actor=0.0479 value=0.1280 entropy=2.5837 mean_return=15.215 mean_len=79.3
[gat-train] update=1124 samples=179840 fps=19.3 loss=0.4749 actor=0.2828 value=0.2190 entropy=2.6885 mean_return=15.206 mean_len=79.1
[gat-train] update=1125 samples=180000 fps=19.3 loss=-0.0798 actor=-0.3304 value=0.2779 entropy=2.7354 mean_return=15.215 mean_len=79.3
[gat-train] update=1126 samples=180160 fps=19.3 loss=0.2583 actor=-0.0651 value=0.3504 entropy=2.7003 mean_return=15.153 mean_len=78.7
[gat-train] update=1127 samples=180320 fps=19.3 loss=-0.0730 actor=-0.2280 value=0.1815 entropy=2.6483 mean_return=15.165 mean_len=78.2
[gat-train] update=1128 samples=180480 fps=19.3 loss=0.0297 actor=-0.2232 value=0.2806 entropy=2.7649 mean_return=15.165 mean_len=78.0
[gat-train] update=1129 samples=180640 fps=19.3 loss=0.0058 actor=-0.2383 value=0.2721 entropy=2.7923 mean_return=15.145 mean_len=77.7
[gat-train] update=1130 samples=180800 fps=19.3 loss=0.5775 actor=0.0663 value=0.5381 entropy=2.6959 mean_return=15.047 mean_len=77.1
[gat-train] update=1131 samples=180960 fps=19.3 loss=0.6753 actor=0.1620 value=0.5374 entropy=2.4116 mean_return=14.971 mean_len=76.3
[gat-train] update=1132 samples=181120 fps=19.3 loss=1.1864 actor=0.5037 value=0.7064 entropy=2.3741 mean_return=14.996 mean_len=76.4
[gat-train] update=1133 samples=181280 fps=19.3 loss=0.4676 actor=0.2113 value=0.2804 entropy=2.4093 mean_return=14.954 mean_len=75.8
[gat-train] update=1134 samples=181440 fps=19.3 loss=0.1707 actor=-0.1078 value=0.3026 entropy=2.4080 mean_return=14.903 mean_len=75.2
[gat-train] update=1135 samples=181600 fps=19.3 loss=0.4495 actor=0.1886 value=0.2864 entropy=2.5430 mean_return=14.813 mean_len=74.8
[gat-train] update=1136 samples=181760 fps=19.3 loss=-0.1599 actor=-0.4081 value=0.2747 entropy=2.6602 mean_return=14.835 mean_len=75.1
[gat-train] update=1137 samples=181920 fps=19.3 loss=0.1995 actor=0.0355 value=0.1923 entropy=2.8343 mean_return=14.779 mean_len=74.7
[gat-train] update=1138 samples=182080 fps=19.3 loss=0.0728 actor=-0.2232 value=0.3230 entropy=2.7076 mean_return=14.706 mean_len=74.3
[gat-train] update=1139 samples=182240 fps=19.3 loss=0.3471 actor=0.0725 value=0.3024 entropy=2.7846 mean_return=14.672 mean_len=74.0
[gat-train] update=1140 samples=182400 fps=19.3 loss=0.2672 actor=0.0832 value=0.2117 entropy=2.7828 mean_return=14.607 mean_len=73.4
[gat-train] update=1141 samples=182560 fps=19.3 loss=0.1689 actor=-0.0639 value=0.2614 entropy=2.8647 mean_return=14.559 mean_len=73.1
[gat-train] update=1142 samples=182720 fps=19.3 loss=0.2700 actor=-0.0366 value=0.3343 entropy=2.7654 mean_return=14.493 mean_len=72.7
[gat-train] update=1143 samples=182880 fps=19.3 loss=-0.1831 actor=-0.5454 value=0.3894 entropy=2.7120 mean_return=14.427 mean_len=72.3
[gat-train] update=1144 samples=183040 fps=19.3 loss=0.1198 actor=-0.3362 value=0.4817 entropy=2.5836 mean_return=14.264 mean_len=71.0
[gat-train] update=1145 samples=183200 fps=19.3 loss=0.5196 actor=-0.0351 value=0.5790 entropy=2.4312 mean_return=14.240 mean_len=71.0
[gat-train] update=1146 samples=183360 fps=19.3 loss=0.4316 actor=0.0861 value=0.3690 entropy=2.3445 mean_return=14.142 mean_len=70.6
[gat-train] update=1147 samples=183520 fps=19.3 loss=0.5159 actor=0.0791 value=0.4581 entropy=2.1384 mean_return=14.081 mean_len=70.5
[gat-train] update=1148 samples=183680 fps=19.3 loss=0.1075 actor=-0.1349 value=0.2643 entropy=2.1864 mean_return=14.082 mean_len=70.8
[gat-train] update=1149 samples=183840 fps=19.3 loss=0.4148 actor=0.0729 value=0.3641 entropy=2.2215 mean_return=14.086 mean_len=70.9
[gat-train] update=1150 samples=184000 fps=19.3 loss=0.2232 actor=-0.1056 value=0.3509 entropy=2.2102 mean_return=14.098 mean_len=71.0
[gat-train] eval update=1150 comp_score=84.75 best=86.04
[gat-train] update=1151 samples=184160 fps=19.3 loss=0.2209 actor=0.0609 value=0.1831 entropy=2.3058 mean_return=14.003 mean_len=70.5
[gat-train] update=1152 samples=184320 fps=19.3 loss=0.6903 actor=0.2198 value=0.4932 entropy=2.2660 mean_return=13.927 mean_len=70.3
[gat-train] update=1153 samples=184480 fps=19.3 loss=0.2054 actor=0.0783 value=0.1498 entropy=2.2749 mean_return=13.902 mean_len=70.0
[gat-train] update=1154 samples=184640 fps=19.3 loss=0.0909 actor=-0.1969 value=0.3102 entropy=2.2460 mean_return=13.856 mean_len=69.5
[gat-train] update=1155 samples=184800 fps=19.3 loss=-0.0572 actor=-0.1659 value=0.1329 entropy=2.4206 mean_return=13.856 mean_len=69.5
[gat-train] update=1156 samples=184960 fps=19.3 loss=0.5103 actor=0.1741 value=0.3610 entropy=2.4724 mean_return=13.835 mean_len=69.6
[gat-train] update=1157 samples=185120 fps=19.3 loss=-0.1309 actor=-0.3249 value=0.2191 entropy=2.5166 mean_return=13.835 mean_len=69.6
[gat-train] update=1158 samples=185280 fps=19.3 loss=0.0320 actor=-0.1825 value=0.2392 entropy=2.4803 mean_return=13.835 mean_len=69.6
[gat-train] update=1159 samples=185440 fps=19.3 loss=0.5428 actor=0.2463 value=0.3224 entropy=2.5877 mean_return=13.835 mean_len=69.6
[gat-train] update=1160 samples=185600 fps=19.3 loss=0.2428 actor=-0.0892 value=0.3565 entropy=2.4488 mean_return=13.865 mean_len=69.9
[gat-train] update=1161 samples=185760 fps=19.3 loss=0.4768 actor=-0.0794 value=0.5793 entropy=2.3095 mean_return=13.847 mean_len=69.9
[gat-train] update=1162 samples=185920 fps=19.3 loss=0.5701 actor=-0.0709 value=0.6615 entropy=2.0400 mean_return=14.004 mean_len=70.8
[gat-train] update=1163 samples=186080 fps=19.3 loss=1.1119 actor=0.3645 value=0.7672 entropy=1.9910 mean_return=14.059 mean_len=71.6
[gat-train] update=1164 samples=186240 fps=19.3 loss=0.5857 actor=0.0708 value=0.5353 entropy=2.0482 mean_return=14.148 mean_len=72.0
[gat-train] update=1165 samples=186400 fps=19.3 loss=0.2776 actor=-0.0650 value=0.3635 entropy=2.0883 mean_return=14.255 mean_len=72.8
[gat-train] update=1166 samples=186560 fps=19.3 loss=0.2310 actor=-0.1902 value=0.4417 entropy=2.0520 mean_return=14.330 mean_len=73.4
[gat-train] update=1167 samples=186720 fps=19.3 loss=0.8820 actor=0.1694 value=0.7350 entropy=2.2313 mean_return=14.351 mean_len=73.6
[gat-train] update=1168 samples=186880 fps=19.3 loss=0.2816 actor=-0.0024 value=0.3048 entropy=2.0835 mean_return=14.376 mean_len=73.5
[gat-train] update=1169 samples=187040 fps=19.3 loss=0.3550 actor=0.0612 value=0.3156 entropy=2.1802 mean_return=14.418 mean_len=73.7
[gat-train] update=1170 samples=187200 fps=19.3 loss=0.0336 actor=-0.1831 value=0.2395 entropy=2.2803 mean_return=14.423 mean_len=73.8
[gat-train] update=1171 samples=187360 fps=19.3 loss=0.4618 actor=0.2412 value=0.2448 entropy=2.4153 mean_return=14.399 mean_len=73.9
[gat-train] update=1172 samples=187520 fps=19.3 loss=-0.0078 actor=-0.1716 value=0.1900 entropy=2.6262 mean_return=14.399 mean_len=73.9
[gat-train] update=1173 samples=187680 fps=19.3 loss=0.4343 actor=0.2044 value=0.2569 entropy=2.7028 mean_return=14.380 mean_len=73.7
[gat-train] update=1174 samples=187840 fps=19.3 loss=-0.0663 actor=-0.3434 value=0.3036 entropy=2.6568 mean_return=14.365 mean_len=73.5
[gat-train] update=1175 samples=188000 fps=19.3 loss=-0.1350 actor=-0.3694 value=0.2611 entropy=2.6719 mean_return=14.365 mean_len=73.5
[gat-train] update=1176 samples=188160 fps=19.3 loss=0.0723 actor=-0.1822 value=0.2804 entropy=2.5968 mean_return=14.365 mean_len=73.4
[gat-train] update=1177 samples=188320 fps=19.3 loss=0.6700 actor=0.0088 value=0.6848 entropy=2.3695 mean_return=14.545 mean_len=74.5
[gat-train] update=1178 samples=188480 fps=19.3 loss=0.4009 actor=-0.0379 value=0.4612 entropy=2.2419 mean_return=14.613 mean_len=74.7
[gat-train] update=1179 samples=188640 fps=19.3 loss=0.3232 actor=0.0205 value=0.3252 entropy=2.2578 mean_return=14.662 mean_len=75.1
[gat-train] update=1180 samples=188800 fps=19.3 loss=1.5042 actor=0.3666 value=1.1605 entropy=2.3040 mean_return=14.758 mean_len=76.1
[gat-train] update=1181 samples=188960 fps=19.3 loss=0.4251 actor=0.1124 value=0.3355 entropy=2.2847 mean_return=14.779 mean_len=76.2
[gat-train] update=1182 samples=189120 fps=19.3 loss=0.3091 actor=0.0696 value=0.2619 entropy=2.2433 mean_return=14.685 mean_len=75.5
[gat-train] update=1183 samples=189280 fps=19.3 loss=0.5744 actor=0.1630 value=0.4347 entropy=2.3228 mean_return=14.665 mean_len=75.5
[gat-train] update=1184 samples=189440 fps=19.3 loss=0.5007 actor=0.0956 value=0.4292 entropy=2.4016 mean_return=14.673 mean_len=75.5
[gat-train] update=1185 samples=189600 fps=19.3 loss=-0.1051 actor=-0.3219 value=0.2431 entropy=2.6371 mean_return=14.673 mean_len=75.5
[gat-train] update=1186 samples=189760 fps=19.3 loss=0.8189 actor=0.2846 value=0.5612 entropy=2.6915 mean_return=14.647 mean_len=75.1
[gat-train] update=1187 samples=189920 fps=19.3 loss=0.4100 actor=0.2139 value=0.2236 entropy=2.7461 mean_return=14.647 mean_len=75.1
[gat-train] update=1188 samples=190080 fps=19.3 loss=0.1208 actor=-0.1778 value=0.3266 entropy=2.7905 mean_return=14.647 mean_len=75.1
[gat-train] update=1189 samples=190240 fps=19.3 loss=0.3186 actor=-0.1478 value=0.4943 entropy=2.7951 mean_return=14.585 mean_len=74.6
[gat-train] update=1190 samples=190400 fps=19.3 loss=0.1588 actor=-0.2574 value=0.4422 entropy=2.6077 mean_return=14.571 mean_len=74.5
[gat-train] update=1191 samples=190560 fps=19.3 loss=0.1900 actor=-0.2975 value=0.5132 entropy=2.5670 mean_return=14.482 mean_len=73.3
[gat-train] update=1192 samples=190720 fps=19.3 loss=0.2136 actor=-0.0695 value=0.3084 entropy=2.5321 mean_return=14.438 mean_len=72.9
[gat-train] update=1193 samples=190880 fps=19.3 loss=0.7468 actor=0.3081 value=0.4639 entropy=2.5176 mean_return=14.380 mean_len=72.7
[gat-train] update=1194 samples=191040 fps=19.3 loss=0.3005 actor=0.0266 value=0.2978 entropy=2.3897 mean_return=14.355 mean_len=72.6
[gat-train] update=1195 samples=191200 fps=19.3 loss=-0.1046 actor=-0.4519 value=0.3721 entropy=2.4793 mean_return=14.394 mean_len=72.9
[gat-train] update=1196 samples=191360 fps=19.3 loss=0.1117 actor=-0.0574 value=0.1965 entropy=2.7417 mean_return=14.394 mean_len=72.9
[gat-train] update=1197 samples=191520 fps=19.3 loss=-0.1329 actor=-0.2864 value=0.1807 entropy=2.7222 mean_return=14.397 mean_len=72.9
[gat-train] update=1198 samples=191680 fps=19.3 loss=1.8023 actor=0.6519 value=1.1754 entropy=2.4981 mean_return=14.344 mean_len=73.1
[gat-train] update=1199 samples=191840 fps=19.3 loss=0.1940 actor=-0.0334 value=0.2515 entropy=2.4106 mean_return=14.289 mean_len=72.9
[gat-train] update=1200 samples=192000 fps=19.3 loss=0.2049 actor=-0.0508 value=0.2815 entropy=2.5822 mean_return=14.292 mean_len=73.2
[gat-train] eval update=1200 comp_score=85.58 best=86.04
[gat-train] update=1201 samples=192160 fps=19.3 loss=0.2956 actor=-0.0702 value=0.3924 entropy=2.6609 mean_return=14.265 mean_len=73.0
[gat-train] update=1202 samples=192320 fps=19.3 loss=-0.0279 actor=-0.1805 value=0.1797 entropy=2.7043 mean_return=14.265 mean_len=73.0
[gat-train] update=1203 samples=192480 fps=19.3 loss=-0.1415 actor=-0.4188 value=0.3046 entropy=2.7302 mean_return=14.229 mean_len=72.5
[gat-train] update=1204 samples=192640 fps=19.3 loss=-0.1002 actor=-0.3657 value=0.2917 entropy=2.6204 mean_return=14.180 mean_len=72.3
[gat-train] update=1205 samples=192800 fps=19.3 loss=0.2133 actor=-0.1243 value=0.3630 entropy=2.5399 mean_return=14.156 mean_len=72.2
[gat-train] update=1206 samples=192960 fps=19.3 loss=0.8696 actor=0.3956 value=0.4989 entropy=2.4925 mean_return=14.106 mean_len=72.2
[gat-train] update=1207 samples=193120 fps=19.3 loss=0.1799 actor=-0.1872 value=0.3886 entropy=2.1617 mean_return=14.141 mean_len=72.2
[gat-train] update=1208 samples=193280 fps=19.3 loss=0.4959 actor=-0.1137 value=0.6320 entropy=2.2432 mean_return=14.104 mean_len=72.3
[gat-train] update=1209 samples=193440 fps=19.3 loss=0.0480 actor=-0.2131 value=0.2836 entropy=2.2592 mean_return=14.055 mean_len=72.2
[gat-train] update=1210 samples=193600 fps=19.3 loss=0.1872 actor=-0.1199 value=0.3309 entropy=2.3795 mean_return=14.065 mean_len=72.3
[gat-train] update=1211 samples=193760 fps=19.3 loss=0.7133 actor=0.3352 value=0.4027 entropy=2.4548 mean_return=14.075 mean_len=72.3
[gat-train] update=1212 samples=193920 fps=19.3 loss=0.5680 actor=0.1425 value=0.4482 entropy=2.2717 mean_return=14.076 mean_len=72.4
[gat-train] update=1213 samples=194080 fps=19.3 loss=0.7197 actor=0.1533 value=0.5878 entropy=2.1331 mean_return=14.157 mean_len=73.4
[gat-train] update=1214 samples=194240 fps=19.3 loss=0.4202 actor=0.0219 value=0.4188 entropy=2.0521 mean_return=14.210 mean_len=73.6
[gat-train] update=1215 samples=194400 fps=19.3 loss=0.0237 actor=-0.1444 value=0.1894 entropy=2.1292 mean_return=14.184 mean_len=73.7
[gat-train] update=1216 samples=194560 fps=19.3 loss=0.4542 actor=0.2256 value=0.2507 entropy=2.2159 mean_return=14.181 mean_len=73.6
[gat-train] update=1217 samples=194720 fps=19.3 loss=0.0876 actor=-0.1546 value=0.2651 entropy=2.2835 mean_return=14.181 mean_len=73.6
[gat-train] update=1218 samples=194880 fps=19.3 loss=0.3422 actor=-0.2497 value=0.6146 entropy=2.2713 mean_return=14.188 mean_len=73.6
[gat-train] update=1219 samples=195040 fps=19.3 loss=0.0393 actor=-0.1589 value=0.2202 entropy=2.1993 mean_return=14.188 mean_len=73.6
[gat-train] update=1220 samples=195200 fps=19.3 loss=-0.0312 actor=-0.2285 value=0.2197 entropy=2.2418 mean_return=14.173 mean_len=73.6
[gat-train] update=1221 samples=195360 fps=19.3 loss=0.3774 actor=0.0939 value=0.3053 entropy=2.1786 mean_return=14.171 mean_len=73.7
[gat-train] update=1222 samples=195520 fps=19.3 loss=0.4209 actor=0.0944 value=0.3463 entropy=1.9786 mean_return=14.224 mean_len=73.9
[gat-train] update=1223 samples=195680 fps=19.3 loss=0.3415 actor=-0.1085 value=0.4679 entropy=1.7905 mean_return=14.205 mean_len=73.8
[gat-train] update=1224 samples=195840 fps=19.3 loss=1.3031 actor=0.1613 value=1.1604 entropy=1.8592 mean_return=14.298 mean_len=74.4
[gat-train] update=1225 samples=196000 fps=19.3 loss=4.6390 actor=-0.6441 value=5.3016 entropy=1.8476 mean_return=14.068 mean_len=73.7
[gat-train] update=1226 samples=196160 fps=19.3 loss=2.1065 actor=-0.4245 value=2.5496 entropy=1.8588 mean_return=13.829 mean_len=72.3
[gat-train] update=1227 samples=196320 fps=19.3 loss=0.5387 actor=0.1890 value=0.3689 entropy=1.9287 mean_return=13.896 mean_len=72.5
[gat-train] update=1228 samples=196480 fps=19.3 loss=0.4356 actor=-0.0042 value=0.4572 entropy=1.7432 mean_return=13.981 mean_len=72.7
[gat-train] update=1229 samples=196640 fps=19.3 loss=2.0842 actor=-0.3751 value=2.4780 entropy=1.8806 mean_return=13.710 mean_len=71.3
[gat-train] update=1230 samples=196800 fps=19.3 loss=6.2250 actor=-0.6823 value=6.9270 entropy=1.9720 mean_return=13.529 mean_len=71.2
[gat-train] update=1231 samples=196960 fps=19.3 loss=0.1585 actor=-0.1169 value=0.2955 entropy=2.0086 mean_return=13.539 mean_len=71.3
[gat-train] update=1232 samples=197120 fps=19.3 loss=0.0035 actor=-0.2612 value=0.2854 entropy=2.0754 mean_return=13.583 mean_len=71.5
[gat-train] update=1233 samples=197280 fps=19.3 loss=-0.0533 actor=-0.1770 value=0.1459 entropy=2.2238 mean_return=13.583 mean_len=71.5
[gat-train] update=1234 samples=197440 fps=19.3 loss=0.4349 actor=0.0552 value=0.4031 entropy=2.3405 mean_return=13.630 mean_len=71.9
[gat-train] update=1235 samples=197600 fps=19.3 loss=0.1750 actor=-0.1890 value=0.3869 entropy=2.2792 mean_return=13.682 mean_len=72.4
[gat-train] update=1236 samples=197760 fps=19.3 loss=0.4455 actor=0.1299 value=0.3390 entropy=2.3312 mean_return=13.716 mean_len=72.4
[gat-train] update=1237 samples=197920 fps=19.3 loss=0.2548 actor=-0.0745 value=0.3516 entropy=2.2276 mean_return=13.780 mean_len=72.6
[gat-train] update=1238 samples=198080 fps=19.3 loss=2.7977 actor=-0.4423 value=3.2618 entropy=2.1844 mean_return=13.630 mean_len=71.6
[gat-train] update=1239 samples=198240 fps=19.3 loss=0.6704 actor=0.1679 value=0.5234 entropy=2.0884 mean_return=13.686 mean_len=71.7
[gat-train] update=1240 samples=198400 fps=19.3 loss=0.3329 actor=0.1257 value=0.2287 entropy=2.1461 mean_return=13.686 mean_len=71.7
[gat-train] update=1241 samples=198560 fps=19.3 loss=0.1988 actor=-0.2313 value=0.4511 entropy=2.1003 mean_return=13.788 mean_len=72.6
[gat-train] update=1242 samples=198720 fps=19.3 loss=0.8707 actor=0.3597 value=0.5324 entropy=2.1455 mean_return=13.808 mean_len=72.5
[gat-train] update=1243 samples=198880 fps=19.3 loss=0.3621 actor=-0.2142 value=0.5971 entropy=2.0764 mean_return=13.801 mean_len=72.6
[gat-train] update=1244 samples=199040 fps=19.3 loss=0.1795 actor=-0.1156 value=0.3161 entropy=2.1010 mean_return=13.796 mean_len=72.5
[gat-train] update=1245 samples=199200 fps=19.3 loss=1.7663 actor=0.5926 value=1.1950 entropy=2.1302 mean_return=13.819 mean_len=72.7
[gat-train] update=1246 samples=199360 fps=19.3 loss=0.3004 actor=-0.0166 value=0.3375 entropy=2.0530 mean_return=13.824 mean_len=72.7
[gat-train] update=1247 samples=199520 fps=19.3 loss=0.0320 actor=-0.1321 value=0.1858 entropy=2.1704 mean_return=13.824 mean_len=72.7
[gat-train] update=1248 samples=199680 fps=19.3 loss=0.5863 actor=0.1525 value=0.4555 entropy=2.1678 mean_return=13.776 mean_len=72.6
[gat-train] update=1249 samples=199840 fps=19.3 loss=0.2047 actor=0.0427 value=0.1844 entropy=2.2471 mean_return=13.776 mean_len=72.6
[gat-train] update=1250 samples=200000 fps=19.3 loss=0.6082 actor=0.0235 value=0.6065 entropy=2.1881 mean_return=14.274 mean_len=74.8
[gat-train] eval update=1250 comp_score=84.41 best=86.04
[gat-train] update=1251 samples=200160 fps=19.3 loss=1.0238 actor=0.4252 value=0.6205 entropy=2.1907 mean_return=14.315 mean_len=74.7
[gat-train] update=1252 samples=200320 fps=19.3 loss=0.1010 actor=-0.1106 value=0.2333 entropy=2.1714 mean_return=14.278 mean_len=74.6
[gat-train] update=1253 samples=200480 fps=19.3 loss=0.5343 actor=0.2913 value=0.2660 entropy=2.3036 mean_return=14.543 mean_len=75.8
[gat-train] update=1254 samples=200640 fps=19.3 loss=0.7161 actor=0.1421 value=0.5966 entropy=2.2547 mean_return=14.529 mean_len=75.8
[gat-train] update=1255 samples=200800 fps=19.3 loss=0.1366 actor=-0.2495 value=0.4091 entropy=2.3055 mean_return=14.831 mean_len=76.7
[gat-train] update=1256 samples=200960 fps=19.3 loss=0.4980 actor=0.1316 value=0.3905 entropy=2.4158 mean_return=14.794 mean_len=76.6
[gat-train] update=1257 samples=201120 fps=19.3 loss=0.5067 actor=0.1471 value=0.3828 entropy=2.3273 mean_return=14.755 mean_len=75.6
[gat-train] update=1258 samples=201280 fps=19.3 loss=0.1473 actor=-0.1041 value=0.2743 entropy=2.2913 mean_return=14.748 mean_len=75.5
[gat-train] update=1259 samples=201440 fps=19.3 loss=0.7898 actor=0.2950 value=0.5196 entropy=2.4770 mean_return=14.730 mean_len=75.7
[gat-train] update=1260 samples=201600 fps=19.3 loss=0.7899 actor=0.3938 value=0.4210 entropy=2.4944 mean_return=14.737 mean_len=75.6
[gat-train] update=1261 samples=201760 fps=19.3 loss=0.9138 actor=0.4081 value=0.5304 entropy=2.4782 mean_return=14.970 mean_len=77.0
[gat-train] update=1262 samples=201920 fps=19.3 loss=0.5133 actor=0.0729 value=0.4658 entropy=2.5489 mean_return=14.938 mean_len=76.8
[gat-train] update=1263 samples=202080 fps=19.3 loss=0.1183 actor=-0.0828 value=0.2270 entropy=2.5920 mean_return=14.938 mean_len=76.8
[gat-train] update=1264 samples=202240 fps=19.3 loss=0.1335 actor=-0.1898 value=0.3493 entropy=2.6025 mean_return=14.882 mean_len=76.3
[gat-train] update=1265 samples=202400 fps=19.3 loss=0.6151 actor=0.1499 value=0.4912 entropy=2.5980 mean_return=14.842 mean_len=76.1
[gat-train] update=1266 samples=202560 fps=19.3 loss=0.6747 actor=0.1047 value=0.5950 entropy=2.5095 mean_return=14.858 mean_len=76.1
[gat-train] update=1267 samples=202720 fps=19.3 loss=0.5475 actor=0.0819 value=0.4904 entropy=2.4733 mean_return=14.817 mean_len=76.0
[gat-train] update=1268 samples=202880 fps=19.3 loss=0.0163 actor=-0.2563 value=0.2975 entropy=2.4919 mean_return=14.786 mean_len=75.8
[gat-train] update=1269 samples=203040 fps=19.3 loss=-0.1213 actor=-0.3974 value=0.3026 entropy=2.6569 mean_return=14.795 mean_len=75.7
[gat-train] update=1270 samples=203200 fps=19.3 loss=0.2070 actor=-0.5219 value=0.7555 entropy=2.6584 mean_return=14.603 mean_len=73.9
[gat-train] update=1271 samples=203360 fps=19.3 loss=0.1705 actor=-0.2606 value=0.4577 entropy=2.6595 mean_return=14.623 mean_len=74.0
[gat-train] update=1272 samples=203520 fps=19.3 loss=0.0704 actor=-0.0688 value=0.1661 entropy=2.6932 mean_return=14.588 mean_len=73.9
[gat-train] update=1273 samples=203680 fps=19.3 loss=0.5093 actor=0.0348 value=0.4997 entropy=2.5140 mean_return=14.549 mean_len=74.4
[gat-train] update=1274 samples=203840 fps=19.3 loss=0.2476 actor=0.1082 value=0.1653 entropy=2.5890 mean_return=14.448 mean_len=73.9
[gat-train] update=1275 samples=204000 fps=19.3 loss=0.0601 actor=-0.1176 value=0.2040 entropy=2.6317 mean_return=14.433 mean_len=73.7
[gat-train] update=1276 samples=204160 fps=19.3 loss=0.2556 actor=-0.0656 value=0.3491 entropy=2.7946 mean_return=14.342 mean_len=72.9
[gat-train] update=1277 samples=204320 fps=19.3 loss=0.2638 actor=-0.0402 value=0.3326 entropy=2.8609 mean_return=14.291 mean_len=72.5
[gat-train] update=1278 samples=204480 fps=19.3 loss=0.1171 actor=-0.1257 value=0.2694 entropy=2.6689 mean_return=14.235 mean_len=72.1
[gat-train] update=1279 samples=204640 fps=19.3 loss=-0.1297 actor=-0.5872 value=0.4828 entropy=2.5365 mean_return=14.078 mean_len=71.1
[gat-train] update=1280 samples=204800 fps=19.3 loss=0.4539 actor=0.2616 value=0.2177 entropy=2.5437 mean_return=13.992 mean_len=70.7
[gat-train] update=1281 samples=204960 fps=19.3 loss=0.1925 actor=-0.0433 value=0.2618 entropy=2.5968 mean_return=13.951 mean_len=70.6
[gat-train] update=1282 samples=205120 fps=19.3 loss=0.1016 actor=-0.1035 value=0.2321 entropy=2.6961 mean_return=13.919 mean_len=70.4
[gat-train] update=1283 samples=205280 fps=19.3 loss=0.0346 actor=-0.1767 value=0.2385 entropy=2.7218 mean_return=13.919 mean_len=70.4
[gat-train] update=1284 samples=205440 fps=19.3 loss=0.5511 actor=0.0669 value=0.5103 entropy=2.6002 mean_return=13.878 mean_len=70.4
[gat-train] update=1285 samples=205600 fps=19.3 loss=0.2549 actor=0.0548 value=0.2252 entropy=2.5089 mean_return=13.866 mean_len=70.2
[gat-train] update=1286 samples=205760 fps=19.3 loss=0.5107 actor=0.1534 value=0.3804 entropy=2.3028 mean_return=13.792 mean_len=70.2
[gat-train] update=1287 samples=205920 fps=19.3 loss=0.4866 actor=0.2338 value=0.2763 entropy=2.3532 mean_return=13.742 mean_len=69.8
[gat-train] update=1288 samples=206080 fps=19.3 loss=0.3623 actor=0.0488 value=0.3356 entropy=2.2093 mean_return=13.727 mean_len=69.6
[gat-train] update=1289 samples=206240 fps=19.3 loss=0.3289 actor=-0.0413 value=0.3919 entropy=2.1760 mean_return=13.678 mean_len=69.5
[gat-train] update=1290 samples=206400 fps=19.3 loss=0.2208 actor=0.0908 value=0.1515 entropy=2.1520 mean_return=13.643 mean_len=69.3
[gat-train] update=1291 samples=206560 fps=19.3 loss=0.2313 actor=-0.1278 value=0.3812 entropy=2.2129 mean_return=13.650 mean_len=69.6
[gat-train] update=1292 samples=206720 fps=19.3 loss=0.2999 actor=-0.0039 value=0.3268 entropy=2.3042 mean_return=13.691 mean_len=69.9
[gat-train] update=1293 samples=206880 fps=19.3 loss=0.1037 actor=-0.1023 value=0.2270 entropy=2.1101 mean_return=13.759 mean_len=70.5
[gat-train] update=1294 samples=207040 fps=19.3 loss=0.7710 actor=0.3282 value=0.4637 entropy=2.0847 mean_return=13.830 mean_len=70.2
[gat-train] update=1295 samples=207200 fps=19.3 loss=0.0928 actor=-0.1604 value=0.2737 entropy=2.0514 mean_return=13.787 mean_len=69.6
[gat-train] update=1296 samples=207360 fps=19.3 loss=0.0762 actor=-0.1846 value=0.2817 entropy=2.0981 mean_return=13.818 mean_len=69.9
[gat-train] update=1297 samples=207520 fps=19.3 loss=0.2898 actor=0.0717 value=0.2395 entropy=2.1450 mean_return=13.798 mean_len=69.8
[gat-train] update=1298 samples=207680 fps=19.3 loss=0.1728 actor=-0.0850 value=0.2795 entropy=2.1672 mean_return=13.812 mean_len=70.1
[gat-train] update=1299 samples=207840 fps=19.3 loss=0.2057 actor=-0.1901 value=0.4191 entropy=2.3325 mean_return=13.818 mean_len=70.3
[gat-train] update=1300 samples=208000 fps=19.3 loss=0.3789 actor=0.0806 value=0.3219 entropy=2.3558 mean_return=13.825 mean_len=70.3
[gat-train] eval update=1300 comp_score=85.69 best=86.04
[gat-train] update=1301 samples=208160 fps=19.3 loss=0.4134 actor=-0.0119 value=0.4483 entropy=2.3041 mean_return=13.920 mean_len=71.3
[gat-train] update=1302 samples=208320 fps=19.3 loss=0.1629 actor=-0.1681 value=0.3520 entropy=2.0995 mean_return=13.974 mean_len=71.4
[gat-train] update=1303 samples=208480 fps=19.3 loss=0.4202 actor=-0.0607 value=0.5017 entropy=2.0829 mean_return=14.060 mean_len=72.0
[gat-train] update=1304 samples=208640 fps=19.3 loss=0.9187 actor=0.2990 value=0.6415 entropy=2.1752 mean_return=14.132 mean_len=72.6
[gat-train] update=1305 samples=208800 fps=19.3 loss=0.2463 actor=-0.1929 value=0.4591 entropy=1.9875 mean_return=14.139 mean_len=72.3
[gat-train] update=1306 samples=208960 fps=19.3 loss=0.4221 actor=0.1638 value=0.2791 entropy=2.0738 mean_return=14.162 mean_len=72.5
[gat-train] update=1307 samples=209120 fps=19.3 loss=0.0514 actor=-0.1463 value=0.2189 entropy=2.1230 mean_return=14.177 mean_len=72.6
[gat-train] update=1308 samples=209280 fps=19.3 loss=0.4424 actor=-0.0468 value=0.5096 entropy=2.0392 mean_return=14.246 mean_len=72.7
[gat-train] update=1309 samples=209440 fps=19.3 loss=0.6050 actor=0.1719 value=0.4530 entropy=1.9964 mean_return=14.341 mean_len=73.0
[gat-train] update=1310 samples=209600 fps=19.3 loss=0.4644 actor=0.0496 value=0.4333 entropy=1.8527 mean_return=14.385 mean_len=73.4
[gat-train] update=1311 samples=209760 fps=19.3 loss=0.0594 actor=-0.1081 value=0.1878 entropy=2.0262 mean_return=14.385 mean_len=73.4
[gat-train] update=1312 samples=209920 fps=19.3 loss=0.4606 actor=0.3077 value=0.1743 entropy=2.1388 mean_return=14.385 mean_len=73.4
[gat-train] update=1313 samples=210080 fps=19.3 loss=0.0021 actor=-0.1506 value=0.1750 entropy=2.2225 mean_return=14.385 mean_len=73.4
[gat-train] update=1314 samples=210240 fps=19.3 loss=0.2233 actor=-0.1542 value=0.3988 entropy=2.1289 mean_return=14.413 mean_len=73.7
[gat-train] update=1315 samples=210400 fps=19.3 loss=0.4926 actor=0.0328 value=0.4801 entropy=2.0358 mean_return=14.497 mean_len=74.2
[gat-train] update=1316 samples=210560 fps=19.3 loss=0.0348 actor=-0.1437 value=0.1994 entropy=2.0934 mean_return=14.497 mean_len=74.2
[gat-train] update=1317 samples=210720 fps=19.3 loss=0.1825 actor=-0.0844 value=0.2863 entropy=1.9404 mean_return=14.543 mean_len=74.3
[gat-train] update=1318 samples=210880 fps=19.3 loss=0.4746 actor=0.1703 value=0.3233 entropy=1.8982 mean_return=14.594 mean_len=74.7
[gat-train] update=1319 samples=211040 fps=19.3 loss=3.9887 actor=-1.0601 value=5.0683 entropy=1.9445 mean_return=14.116 mean_len=72.2
[gat-train] update=1320 samples=211200 fps=19.3 loss=0.6298 actor=0.0001 value=0.6473 entropy=1.7691 mean_return=14.316 mean_len=73.5
[gat-train] update=1321 samples=211360 fps=19.3 loss=0.3331 actor=0.0264 value=0.3250 entropy=1.8308 mean_return=14.329 mean_len=73.5
[gat-train] update=1322 samples=211520 fps=19.3 loss=0.7534 actor=-0.0071 value=0.7787 entropy=1.8103 mean_return=14.368 mean_len=74.1
[gat-train] update=1323 samples=211680 fps=19.3 loss=0.2333 actor=0.0810 value=0.1727 entropy=2.0384 mean_return=14.368 mean_len=74.1
[gat-train] update=1324 samples=211840 fps=19.3 loss=0.6303 actor=0.0949 value=0.5551 entropy=1.9726 mean_return=14.399 mean_len=74.2
[gat-train] update=1325 samples=212000 fps=19.3 loss=0.8971 actor=0.2907 value=0.6264 entropy=1.9999 mean_return=14.486 mean_len=75.0
[gat-train] update=1326 samples=212160 fps=19.3 loss=0.3984 actor=0.1109 value=0.3078 entropy=2.0311 mean_return=14.564 mean_len=75.8
[gat-train] update=1327 samples=212320 fps=19.3 loss=0.0020 actor=-0.1285 value=0.1524 entropy=2.1797 mean_return=14.579 mean_len=75.7
[gat-train] update=1328 samples=212480 fps=19.3 loss=0.2055 actor=-0.0474 value=0.2765 entropy=2.3631 mean_return=14.579 mean_len=75.7
[gat-train] update=1329 samples=212640 fps=19.3 loss=0.0191 actor=-0.2388 value=0.2825 entropy=2.4582 mean_return=14.568 mean_len=75.5
[gat-train] update=1330 samples=212800 fps=19.3 loss=0.1463 actor=-0.1394 value=0.3105 entropy=2.4674 mean_return=14.617 mean_len=76.0
[gat-train] update=1331 samples=212960 fps=19.3 loss=0.4456 actor=-0.0454 value=0.5144 entropy=2.3413 mean_return=14.652 mean_len=76.2
[gat-train] update=1332 samples=213120 fps=19.3 loss=0.0243 actor=-0.3804 value=0.4271 entropy=2.2402 mean_return=14.655 mean_len=76.2
[gat-train] update=1333 samples=213280 fps=19.3 loss=0.3201 actor=-0.0398 value=0.3828 entropy=2.2857 mean_return=14.656 mean_len=76.1
[gat-train] update=1334 samples=213440 fps=19.3 loss=0.5489 actor=0.0045 value=0.5670 entropy=2.2610 mean_return=14.707 mean_len=76.5
[gat-train] update=1335 samples=213600 fps=19.3 loss=1.1469 actor=0.5231 value=0.6445 entropy=2.0706 mean_return=14.661 mean_len=76.4
[gat-train] update=1336 samples=213760 fps=19.3 loss=0.1142 actor=-0.3236 value=0.4577 entropy=1.9899 mean_return=14.661 mean_len=76.4
[gat-train] update=1337 samples=213920 fps=19.3 loss=0.2362 actor=0.0927 value=0.1645 entropy=2.0921 mean_return=14.670 mean_len=76.5
[gat-train] update=1338 samples=214080 fps=19.3 loss=0.0572 actor=-0.0884 value=0.1667 entropy=2.1021 mean_return=14.670 mean_len=76.5
[gat-train] update=1339 samples=214240 fps=19.3 loss=0.0939 actor=-0.0745 value=0.1905 entropy=2.2078 mean_return=14.673 mean_len=76.4
[gat-train] update=1340 samples=214400 fps=19.3 loss=0.4757 actor=0.0174 value=0.4789 entropy=2.0607 mean_return=14.684 mean_len=76.5
[gat-train] update=1341 samples=214560 fps=19.3 loss=-0.0876 actor=-0.2686 value=0.2012 entropy=2.0236 mean_return=14.659 mean_len=76.6
[gat-train] update=1342 samples=214720 fps=19.3 loss=0.7906 actor=0.2323 value=0.5787 entropy=2.0441 mean_return=15.148 mean_len=79.5
[gat-train] update=1343 samples=214880 fps=19.3 loss=-0.0220 actor=-0.1686 value=0.1684 entropy=2.1874 mean_return=15.148 mean_len=79.5
[gat-train] update=1344 samples=215040 fps=19.3 loss=0.3650 actor=0.2090 value=0.1799 entropy=2.3882 mean_return=15.140 mean_len=79.2
[gat-train] update=1345 samples=215200 fps=19.3 loss=0.2209 actor=-0.0534 value=0.2976 entropy=2.3342 mean_return=15.127 mean_len=79.0
[gat-train] update=1346 samples=215360 fps=19.3 loss=0.0595 actor=-0.1809 value=0.2634 entropy=2.2925 mean_return=15.086 mean_len=78.8
[gat-train] update=1347 samples=215520 fps=19.3 loss=0.4963 actor=0.0915 value=0.4280 entropy=2.3261 mean_return=15.064 mean_len=78.7
[gat-train] update=1348 samples=215680 fps=19.3 loss=0.1190 actor=0.0120 value=0.1294 entropy=2.2499 mean_return=15.045 mean_len=78.2
[gat-train] update=1349 samples=215840 fps=19.3 loss=0.6798 actor=0.3331 value=0.3680 entropy=2.1284 mean_return=14.974 mean_len=77.6
[gat-train] update=1350 samples=216000 fps=19.3 loss=0.3802 actor=-0.0342 value=0.4348 entropy=2.0352 mean_return=14.955 mean_len=77.5
[gat-train] eval update=1350 comp_score=84.46 best=86.04
[gat-train] update=1351 samples=216160 fps=19.3 loss=0.6547 actor=0.0619 value=0.6133 entropy=2.0550 mean_return=14.932 mean_len=77.3
[gat-train] update=1352 samples=216320 fps=19.3 loss=-0.2258 actor=-0.4517 value=0.2468 entropy=2.0964 mean_return=14.906 mean_len=77.2
[gat-train] update=1353 samples=216480 fps=19.3 loss=-0.0123 actor=-0.1685 value=0.1785 entropy=2.2338 mean_return=14.906 mean_len=77.2
[gat-train] update=1354 samples=216640 fps=19.3 loss=0.2035 actor=0.0687 value=0.1573 entropy=2.2426 mean_return=14.892 mean_len=76.8
[gat-train] update=1355 samples=216800 fps=19.3 loss=1.0013 actor=0.4129 value=0.6097 entropy=2.1186 mean_return=14.862 mean_len=76.7
[gat-train] update=1356 samples=216960 fps=19.3 loss=0.4764 actor=0.2943 value=0.2020 entropy=1.9847 mean_return=14.864 mean_len=76.6
[gat-train] update=1357 samples=217120 fps=19.3 loss=0.3116 actor=-0.0385 value=0.3697 entropy=1.9641 mean_return=14.874 mean_len=76.6
[gat-train] update=1358 samples=217280 fps=19.3 loss=0.0323 actor=-0.2579 value=0.3106 entropy=2.0366 mean_return=14.867 mean_len=76.6
[gat-train] update=1359 samples=217440 fps=19.3 loss=0.2823 actor=0.0317 value=0.2715 entropy=2.0907 mean_return=14.893 mean_len=76.9
[gat-train] update=1360 samples=217600 fps=19.3 loss=0.0663 actor=-0.1725 value=0.2599 entropy=2.1100 mean_return=14.897 mean_len=76.9
[gat-train] update=1361 samples=217760 fps=19.3 loss=0.1649 actor=0.0092 value=0.1770 entropy=2.1302 mean_return=14.916 mean_len=76.8
[gat-train] update=1362 samples=217920 fps=19.3 loss=0.9121 actor=0.1693 value=0.7634 entropy=2.0621 mean_return=14.956 mean_len=77.0
[gat-train] update=1363 samples=218080 fps=19.3 loss=0.1501 actor=-0.1286 value=0.2987 entropy=2.0009 mean_return=14.915 mean_len=76.8
[gat-train] update=1364 samples=218240 fps=19.3 loss=-0.0187 actor=-0.2281 value=0.2296 entropy=2.0182 mean_return=14.914 mean_len=76.9
[gat-train] update=1365 samples=218400 fps=19.3 loss=0.2368 actor=-0.1120 value=0.3683 entropy=1.9496 mean_return=14.920 mean_len=76.8
[gat-train] update=1366 samples=218560 fps=19.3 loss=1.2179 actor=0.0659 value=1.1704 entropy=1.8412 mean_return=15.069 mean_len=77.5
[gat-train] update=1367 samples=218720 fps=19.3 loss=4.7717 actor=-0.6216 value=5.4115 entropy=1.8223 mean_return=14.849 mean_len=76.2
[gat-train] update=1368 samples=218880 fps=19.3 loss=0.1227 actor=-0.0514 value=0.1921 entropy=1.8035 mean_return=14.849 mean_len=76.2
[gat-train] update=1369 samples=219040 fps=19.3 loss=3.5858 actor=-0.4885 value=4.0910 entropy=1.6707 mean_return=14.700 mean_len=75.8
[gat-train] update=1370 samples=219200 fps=19.3 loss=-0.0875 actor=-0.2192 value=0.1490 entropy=1.7226 mean_return=14.700 mean_len=75.8
[gat-train] update=1371 samples=219360 fps=19.3 loss=0.6920 actor=0.1963 value=0.5127 entropy=1.6970 mean_return=14.733 mean_len=76.2
[gat-train] update=1372 samples=219520 fps=19.3 loss=0.6754 actor=0.0224 value=0.6694 entropy=1.6430 mean_return=14.816 mean_len=76.6
[gat-train] update=1373 samples=219680 fps=19.3 loss=0.6333 actor=0.2283 value=0.4214 entropy=1.6410 mean_return=14.837 mean_len=76.9
[gat-train] update=1374 samples=219840 fps=19.3 loss=0.2284 actor=-0.0935 value=0.3377 entropy=1.5747 mean_return=14.887 mean_len=77.0
[gat-train] update=1375 samples=220000 fps=19.3 loss=2.4187 actor=-0.4719 value=2.9056 entropy=1.5021 mean_return=14.695 mean_len=75.8
[gat-train] update=1376 samples=220160 fps=19.3 loss=0.6238 actor=-0.1148 value=0.7555 entropy=1.6832 mean_return=14.734 mean_len=76.2
[gat-train] update=1377 samples=220320 fps=19.3 loss=0.1334 actor=-0.2135 value=0.3650 entropy=1.8074 mean_return=14.775 mean_len=76.5
[gat-train] update=1378 samples=220480 fps=19.3 loss=0.1060 actor=-0.0920 value=0.2156 entropy=1.7653 mean_return=14.775 mean_len=76.5
[gat-train] update=1379 samples=220640 fps=19.3 loss=0.3023 actor=-0.0958 value=0.4156 entropy=1.7491 mean_return=14.779 mean_len=76.2
[gat-train] update=1380 samples=220800 fps=19.3 loss=2.2585 actor=-0.4052 value=2.6826 entropy=1.8943 mean_return=14.505 mean_len=75.0
[gat-train] update=1381 samples=220960 fps=19.3 loss=0.1354 actor=-0.2457 value=0.3996 entropy=1.8559 mean_return=14.541 mean_len=75.3
[gat-train] update=1382 samples=221120 fps=19.3 loss=0.1246 actor=-0.3053 value=0.4490 entropy=1.9041 mean_return=14.552 mean_len=75.4
[gat-train] update=1383 samples=221280 fps=19.3 loss=0.5338 actor=-0.0239 value=0.5772 entropy=1.9557 mean_return=14.577 mean_len=75.5
[gat-train] update=1384 samples=221440 fps=19.3 loss=2.6192 actor=-1.3637 value=4.0032 entropy=2.0293 mean_return=14.322 mean_len=74.4
[gat-train] update=1385 samples=221600 fps=19.3 loss=1.2043 actor=0.4517 value=0.7716 entropy=1.8914 mean_return=14.335 mean_len=74.7
[gat-train] update=1386 samples=221760 fps=19.3 loss=0.5609 actor=-0.0862 value=0.6660 entropy=1.8918 mean_return=14.363 mean_len=74.7
[gat-train] update=1387 samples=221920 fps=19.3 loss=0.2760 actor=-0.0066 value=0.3026 entropy=1.9989 mean_return=14.361 mean_len=74.6
[gat-train] update=1388 samples=222080 fps=19.3 loss=1.2804 actor=0.3703 value=0.9306 entropy=2.0585 mean_return=14.331 mean_len=74.6
[gat-train] update=1389 samples=222240 fps=19.3 loss=0.0854 actor=-0.3965 value=0.5025 entropy=2.0618 mean_return=14.317 mean_len=74.7
[gat-train] update=1390 samples=222400 fps=19.3 loss=0.6914 actor=0.2375 value=0.4751 entropy=2.1160 mean_return=14.538 mean_len=75.9
[gat-train] update=1391 samples=222560 fps=19.3 loss=0.4906 actor=0.1390 value=0.3732 entropy=2.1520 mean_return=14.493 mean_len=75.5
[gat-train] update=1392 samples=222720 fps=19.3 loss=0.5848 actor=0.2404 value=0.3653 entropy=2.0889 mean_return=14.486 mean_len=75.5
[gat-train] update=1393 samples=222880 fps=19.3 loss=-0.0862 actor=-0.2706 value=0.2076 entropy=2.3259 mean_return=14.763 mean_len=76.8
[gat-train] update=1394 samples=223040 fps=19.3 loss=0.2565 actor=0.0566 value=0.2249 entropy=2.5042 mean_return=14.720 mean_len=76.7
[gat-train] update=1395 samples=223200 fps=19.3 loss=0.4066 actor=0.2351 value=0.1973 entropy=2.5849 mean_return=14.720 mean_len=76.7
[gat-train] update=1396 samples=223360 fps=19.3 loss=0.5815 actor=-0.0250 value=0.6304 entropy=2.3904 mean_return=14.662 mean_len=76.0
[gat-train] update=1397 samples=223520 fps=19.3 loss=-0.0861 actor=-0.2162 value=0.1554 entropy=2.5259 mean_return=14.525 mean_len=75.2
[gat-train] update=1398 samples=223680 fps=19.3 loss=-0.3615 actor=-0.5630 value=0.2284 entropy=2.6940 mean_return=14.525 mean_len=75.2
[gat-train] update=1399 samples=223840 fps=19.3 loss=0.3577 actor=-0.0534 value=0.4390 entropy=2.7845 mean_return=14.506 mean_len=75.1
[gat-train] update=1400 samples=224000 fps=19.3 loss=0.2880 actor=-0.1823 value=0.4975 entropy=2.7205 mean_return=14.676 mean_len=76.1
[gat-train] eval update=1400 comp_score=84.97 best=86.04
[gat-train] update=1401 samples=224160 fps=19.3 loss=0.0986 actor=-0.2356 value=0.3600 entropy=2.5800 mean_return=14.607 mean_len=75.7
[gat-train] update=1402 samples=224320 fps=19.3 loss=0.6070 actor=0.2263 value=0.4060 entropy=2.5303 mean_return=14.554 mean_len=75.7
[gat-train] update=1403 samples=224480 fps=19.3 loss=0.2362 actor=-0.0742 value=0.3355 entropy=2.5087 mean_return=14.811 mean_len=77.0
[gat-train] update=1404 samples=224640 fps=19.3 loss=0.0995 actor=-0.0801 value=0.2072 entropy=2.7598 mean_return=14.776 mean_len=76.7
[gat-train] update=1405 samples=224800 fps=19.3 loss=0.3245 actor=0.0420 value=0.3098 entropy=2.7298 mean_return=14.702 mean_len=76.0
[gat-train] update=1406 samples=224960 fps=19.3 loss=0.2856 actor=-0.0251 value=0.3380 entropy=2.7316 mean_return=14.910 mean_len=77.0
[gat-train] update=1407 samples=225120 fps=19.3 loss=0.1411 actor=-0.0565 value=0.2255 entropy=2.7834 mean_return=14.877 mean_len=76.8
[gat-train] update=1408 samples=225280 fps=19.3 loss=0.5375 actor=-0.0020 value=0.5677 entropy=2.8201 mean_return=14.856 mean_len=76.4
[gat-train] update=1409 samples=225440 fps=19.3 loss=0.5318 actor=0.1330 value=0.4264 entropy=2.7633 mean_return=14.790 mean_len=76.2
[gat-train] update=1410 samples=225600 fps=19.3 loss=0.1820 actor=-0.0819 value=0.2899 entropy=2.6100 mean_return=14.658 mean_len=75.3
[gat-train] update=1411 samples=225760 fps=19.3 loss=0.3318 actor=-0.1468 value=0.5045 entropy=2.5936 mean_return=14.648 mean_len=74.9
[gat-train] update=1412 samples=225920 fps=19.3 loss=0.3670 actor=0.0987 value=0.2948 entropy=2.6512 mean_return=14.609 mean_len=74.6
[gat-train] update=1413 samples=226080 fps=19.3 loss=-0.1078 actor=-0.3753 value=0.2941 entropy=2.6610 mean_return=14.542 mean_len=74.2
[gat-train] update=1414 samples=226240 fps=19.3 loss=-0.0384 actor=-0.2798 value=0.2673 entropy=2.5908 mean_return=14.472 mean_len=73.7
[gat-train] update=1415 samples=226400 fps=19.3 loss=0.1788 actor=0.0459 value=0.1576 entropy=2.4650 mean_return=14.327 mean_len=72.5
[gat-train] update=1416 samples=226560 fps=19.3 loss=0.1496 actor=-0.0525 value=0.2261 entropy=2.4018 mean_return=14.300 mean_len=72.6
[gat-train] update=1417 samples=226720 fps=19.3 loss=0.1295 actor=-0.1009 value=0.2537 entropy=2.3216 mean_return=14.188 mean_len=72.3
[gat-train] update=1418 samples=226880 fps=19.3 loss=0.4128 actor=0.2061 value=0.2304 entropy=2.3719 mean_return=14.157 mean_len=72.1
[gat-train] update=1419 samples=227040 fps=19.3 loss=0.2312 actor=0.0731 value=0.1806 entropy=2.2519 mean_return=14.132 mean_len=71.9
[gat-train] update=1420 samples=227200 fps=19.3 loss=0.0436 actor=-0.1267 value=0.1927 entropy=2.2419 mean_return=14.104 mean_len=71.5
[gat-train] update=1421 samples=227360 fps=19.3 loss=-0.0760 actor=-0.2129 value=0.1605 entropy=2.3610 mean_return=14.039 mean_len=70.9
[gat-train] update=1422 samples=227520 fps=19.3 loss=0.2312 actor=0.1223 value=0.1327 entropy=2.3787 mean_return=14.059 mean_len=71.0
[gat-train] update=1423 samples=227680 fps=19.3 loss=0.1668 actor=-0.0160 value=0.2071 entropy=2.4266 mean_return=14.059 mean_len=71.0
[gat-train] update=1424 samples=227840 fps=19.3 loss=0.1533 actor=-0.1504 value=0.3277 entropy=2.4012 mean_return=13.982 mean_len=70.2
[gat-train] update=1425 samples=228000 fps=19.3 loss=0.1413 actor=-0.2474 value=0.4104 entropy=2.1615 mean_return=13.908 mean_len=70.2
[gat-train] update=1426 samples=228160 fps=19.3 loss=0.0034 actor=-0.1340 value=0.1597 entropy=2.2295 mean_return=13.899 mean_len=70.1
[gat-train] update=1427 samples=228320 fps=19.3 loss=-0.1419 actor=-0.2672 value=0.1480 entropy=2.2748 mean_return=13.899 mean_len=70.1
[gat-train] update=1428 samples=228480 fps=19.3 loss=0.0949 actor=-0.1167 value=0.2341 entropy=2.2509 mean_return=13.889 mean_len=70.0
[gat-train] update=1429 samples=228640 fps=19.3 loss=0.4882 actor=0.2790 value=0.2312 entropy=2.1970 mean_return=13.849 mean_len=69.5
[gat-train] update=1430 samples=228800 fps=19.3 loss=-0.0645 actor=-0.3944 value=0.3508 entropy=2.0932 mean_return=13.892 mean_len=69.7
[gat-train] update=1431 samples=228960 fps=19.3 loss=0.3355 actor=0.0155 value=0.3407 entropy=2.0701 mean_return=13.890 mean_len=69.7
[gat-train] update=1432 samples=229120 fps=19.3 loss=0.4883 actor=-0.0640 value=0.5724 entropy=2.0194 mean_return=13.924 mean_len=69.8
[gat-train] update=1433 samples=229280 fps=19.3 loss=0.7492 actor=-0.0479 value=0.8173 entropy=2.0190 mean_return=13.965 mean_len=70.2
[gat-train] update=1434 samples=229440 fps=19.3 loss=-0.0094 actor=-0.2133 value=0.2219 entropy=1.8023 mean_return=13.991 mean_len=70.3
[gat-train] update=1435 samples=229600 fps=19.3 loss=0.7546 actor=0.1144 value=0.6579 entropy=1.7658 mean_return=14.046 mean_len=70.8
[gat-train] update=1436 samples=229760 fps=19.3 loss=7.3598 actor=-0.8247 value=8.2023 entropy=1.7768 mean_return=13.817 mean_len=70.3
[gat-train] update=1437 samples=229920 fps=19.3 loss=2.6084 actor=-0.5894 value=3.2168 entropy=1.8955 mean_return=13.610 mean_len=69.1
[gat-train] update=1438 samples=230080 fps=19.3 loss=0.5204 actor=0.0157 value=0.5229 entropy=1.8227 mean_return=13.688 mean_len=69.4
[gat-train] update=1439 samples=230240 fps=19.3 loss=0.6122 actor=0.0098 value=0.6183 entropy=1.5926 mean_return=13.772 mean_len=69.5
[gat-train] update=1440 samples=230400 fps=19.3 loss=0.1004 actor=-0.1553 value=0.2733 entropy=1.7658 mean_return=13.791 mean_len=69.6
[gat-train] update=1441 samples=230560 fps=19.3 loss=0.0785 actor=-0.1926 value=0.2887 entropy=1.7583 mean_return=13.812 mean_len=70.0
[gat-train] update=1442 samples=230720 fps=19.3 loss=1.2678 actor=0.1932 value=1.0917 entropy=1.7163 mean_return=13.947 mean_len=70.9
[gat-train] update=1443 samples=230880 fps=19.3 loss=0.8367 actor=-0.6414 value=1.4947 entropy=1.6616 mean_return=13.739 mean_len=69.9
[gat-train] update=1444 samples=231040 fps=19.3 loss=0.7199 actor=0.2736 value=0.4624 entropy=1.6143 mean_return=13.792 mean_len=70.2
[gat-train] update=1445 samples=231200 fps=19.3 loss=0.1971 actor=0.0274 value=0.1854 entropy=1.5756 mean_return=13.818 mean_len=70.5
[gat-train] update=1446 samples=231360 fps=19.3 loss=3.1266 actor=-0.6212 value=3.7635 entropy=1.5719 mean_return=13.666 mean_len=70.0
[gat-train] update=1447 samples=231520 fps=19.3 loss=0.4918 actor=0.0185 value=0.4894 entropy=1.6190 mean_return=13.725 mean_len=70.6
[gat-train] update=1448 samples=231680 fps=19.3 loss=0.4994 actor=-0.0801 value=0.5972 entropy=1.7666 mean_return=13.793 mean_len=70.7
[gat-train] update=1449 samples=231840 fps=19.3 loss=-0.0381 actor=-0.3502 value=0.3291 entropy=1.7009 mean_return=13.793 mean_len=70.9
[gat-train] update=1450 samples=232000 fps=19.3 loss=0.3943 actor=0.0509 value=0.3620 entropy=1.8556 mean_return=13.894 mean_len=71.5
[gat-train] eval update=1450 comp_score=82.90 best=86.04
[gat-train] update=1451 samples=232160 fps=19.3 loss=0.8749 actor=0.1139 value=0.7795 entropy=1.8570 mean_return=14.012 mean_len=72.2
[gat-train] update=1452 samples=232320 fps=19.3 loss=0.2157 actor=-0.1175 value=0.3526 entropy=1.9369 mean_return=14.066 mean_len=72.6
[gat-train] update=1453 samples=232480 fps=19.3 loss=1.5719 actor=0.2934 value=1.2973 entropy=1.8827 mean_return=14.167 mean_len=73.6
[gat-train] update=1454 samples=232640 fps=19.3 loss=0.4029 actor=0.0359 value=0.3866 entropy=1.9617 mean_return=14.187 mean_len=73.9
[gat-train] update=1455 samples=232800 fps=19.3 loss=0.7437 actor=0.1710 value=0.5918 entropy=1.9173 mean_return=14.231 mean_len=74.1
[gat-train] update=1456 samples=232960 fps=19.3 loss=1.0229 actor=0.2516 value=0.7913 entropy=2.0058 mean_return=14.272 mean_len=74.3
[gat-train] update=1457 samples=233120 fps=19.3 loss=1.7453 actor=0.5118 value=1.2528 entropy=1.9267 mean_return=14.288 mean_len=74.6
[gat-train] update=1458 samples=233280 fps=19.3 loss=1.2545 actor=0.2302 value=1.0432 entropy=1.8917 mean_return=14.326 mean_len=74.5
[gat-train] update=1459 samples=233440 fps=19.3 loss=0.3955 actor=0.0436 value=0.3718 entropy=1.9897 mean_return=14.554 mean_len=75.8
[gat-train] update=1460 samples=233600 fps=19.3 loss=0.1510 actor=-0.1032 value=0.2754 entropy=2.1177 mean_return=14.519 mean_len=75.7
[gat-train] update=1461 samples=233760 fps=19.3 loss=0.2096 actor=0.0518 value=0.1811 entropy=2.3275 mean_return=14.758 mean_len=77.1
[gat-train] update=1462 samples=233920 fps=19.3 loss=0.1150 actor=-0.0562 value=0.1954 entropy=2.4187 mean_return=14.992 mean_len=78.5
[gat-train] update=1463 samples=234080 fps=19.3 loss=-0.0600 actor=-0.2276 value=0.1919 entropy=2.4299 mean_return=14.920 mean_len=77.8
[gat-train] update=1464 samples=234240 fps=19.3 loss=0.3449 actor=-0.0522 value=0.4210 entropy=2.3891 mean_return=14.990 mean_len=78.4
[gat-train] update=1465 samples=234400 fps=19.3 loss=1.0247 actor=0.1954 value=0.8531 entropy=2.3773 mean_return=15.043 mean_len=78.7
[gat-train] update=1466 samples=234560 fps=19.3 loss=-0.0187 actor=-0.2340 value=0.2388 entropy=2.3455 mean_return=15.013 mean_len=78.6
[gat-train] update=1467 samples=234720 fps=19.3 loss=-0.1001 actor=-0.2331 value=0.1577 entropy=2.4637 mean_return=15.013 mean_len=78.6
[gat-train] update=1468 samples=234880 fps=19.3 loss=0.4989 actor=0.0230 value=0.5006 entropy=2.4722 mean_return=15.249 mean_len=79.5
[gat-train] update=1469 samples=235040 fps=19.3 loss=1.5760 actor=0.5063 value=1.0923 entropy=2.2606 mean_return=15.198 mean_len=79.2
[gat-train] update=1470 samples=235200 fps=19.3 loss=-0.0517 actor=-0.2546 value=0.2258 entropy=2.2851 mean_return=15.198 mean_len=79.2
[gat-train] update=1471 samples=235360 fps=19.3 loss=0.2257 actor=0.0045 value=0.2448 entropy=2.3596 mean_return=15.464 mean_len=80.6
[gat-train] update=1472 samples=235520 fps=19.3 loss=0.6376 actor=0.0631 value=0.5975 entropy=2.2954 mean_return=15.376 mean_len=80.4
[gat-train] update=1473 samples=235680 fps=19.3 loss=0.0372 actor=-0.1519 value=0.2109 entropy=2.1871 mean_return=15.347 mean_len=80.0
[gat-train] update=1474 samples=235840 fps=19.3 loss=0.8643 actor=0.1516 value=0.7338 entropy=2.1139 mean_return=15.284 mean_len=79.7
[gat-train] update=1475 samples=236000 fps=19.3 loss=3.2704 actor=-0.5436 value=3.8350 entropy=2.1015 mean_return=14.987 mean_len=78.1
[gat-train] update=1476 samples=236160 fps=19.3 loss=0.4371 actor=0.1077 value=0.3491 entropy=1.9702 mean_return=14.963 mean_len=77.9
[gat-train] update=1477 samples=236320 fps=19.3 loss=0.0039 actor=-0.1092 value=0.1339 entropy=2.0833 mean_return=14.963 mean_len=77.9
[gat-train] update=1478 samples=236480 fps=19.3 loss=0.0595 actor=-0.0349 value=0.1160 entropy=2.1599 mean_return=14.963 mean_len=77.9
[gat-train] update=1479 samples=236640 fps=19.3 loss=0.2109 actor=-0.2288 value=0.4607 entropy=2.0966 mean_return=14.924 mean_len=77.5
[gat-train] update=1480 samples=236800 fps=19.3 loss=0.2317 actor=-0.0369 value=0.2905 entropy=2.1889 mean_return=14.871 mean_len=77.2
[gat-train] update=1481 samples=236960 fps=19.3 loss=0.2883 actor=-0.1910 value=0.5005 entropy=2.1187 mean_return=14.816 mean_len=77.2
[gat-train] update=1482 samples=237120 fps=19.3 loss=1.7309 actor=-0.5666 value=2.3197 entropy=2.2228 mean_return=14.552 mean_len=75.7
[gat-train] update=1483 samples=237280 fps=19.3 loss=-0.0176 actor=-0.1986 value=0.2034 entropy=2.2335 mean_return=14.538 mean_len=75.2
[gat-train] update=1484 samples=237440 fps=19.3 loss=0.7049 actor=0.1672 value=0.5592 entropy=2.1462 mean_return=14.525 mean_len=75.4
[gat-train] update=1485 samples=237600 fps=19.3 loss=0.3859 actor=0.0166 value=0.3908 entropy=2.1574 mean_return=14.532 mean_len=75.5
[gat-train] update=1486 samples=237760 fps=19.3 loss=1.1335 actor=0.2476 value=0.9072 entropy=2.1278 mean_return=14.638 mean_len=76.3
[gat-train] update=1487 samples=237920 fps=19.3 loss=0.5746 actor=0.2762 value=0.3208 entropy=2.2399 mean_return=14.635 mean_len=76.3
[gat-train] update=1488 samples=238080 fps=19.3 loss=0.1084 actor=-0.1489 value=0.2810 entropy=2.3684 mean_return=14.635 mean_len=76.3
[gat-train] update=1489 samples=238240 fps=19.3 loss=0.3026 actor=-0.0064 value=0.3335 entropy=2.4541 mean_return=14.637 mean_len=76.3
[gat-train] update=1490 samples=238400 fps=19.3 loss=0.8413 actor=0.2114 value=0.6516 entropy=2.1712 mean_return=14.587 mean_len=76.3
[gat-train] update=1491 samples=238560 fps=19.3 loss=-0.0916 actor=-0.1952 value=0.1271 entropy=2.3499 mean_return=14.587 mean_len=76.3
[gat-train] update=1492 samples=238720 fps=19.3 loss=0.1486 actor=-0.0922 value=0.2666 entropy=2.5836 mean_return=14.578 mean_len=76.3
[gat-train] update=1493 samples=238880 fps=19.3 loss=0.2168 actor=0.0439 value=0.1990 entropy=2.6099 mean_return=14.542 mean_len=76.0
[gat-train] update=1494 samples=239040 fps=19.3 loss=0.6537 actor=0.0547 value=0.6248 entropy=2.5792 mean_return=14.585 mean_len=75.8
[gat-train] update=1495 samples=239200 fps=19.3 loss=0.0784 actor=-0.0801 value=0.1839 entropy=2.5452 mean_return=14.565 mean_len=75.7
[gat-train] update=1496 samples=239360 fps=19.3 loss=-0.1644 actor=-0.2946 value=0.1560 entropy=2.5792 mean_return=14.570 mean_len=75.4
[gat-train] update=1497 samples=239520 fps=19.3 loss=0.0203 actor=-0.4938 value=0.5411 entropy=2.6918 mean_return=14.586 mean_len=75.5
[gat-train] update=1498 samples=239680 fps=19.3 loss=0.4177 actor=0.1822 value=0.2627 entropy=2.7231 mean_return=14.568 mean_len=75.4
[gat-train] update=1499 samples=239840 fps=19.3 loss=-0.1281 actor=-0.2919 value=0.1902 entropy=2.6447 mean_return=14.560 mean_len=75.2
[gat-train] update=1500 samples=240000 fps=19.3 loss=0.3556 actor=-0.2777 value=0.6587 entropy=2.5413 mean_return=14.792 mean_len=76.5
[gat-train] eval update=1500 comp_score=85.38 best=86.04
[gat-train] update=1501 samples=240160 fps=19.3 loss=0.4248 actor=0.1525 value=0.2963 entropy=2.4003 mean_return=14.767 mean_len=76.2
[gat-train] update=1502 samples=240320 fps=19.3 loss=0.3298 actor=-0.0972 value=0.4493 entropy=2.2340 mean_return=14.692 mean_len=76.2
[gat-train] update=1503 samples=240480 fps=19.3 loss=-0.1028 actor=-0.2725 value=0.1928 entropy=2.3042 mean_return=14.668 mean_len=76.0
[gat-train] update=1504 samples=240640 fps=19.3 loss=0.1407 actor=-0.0575 value=0.2232 entropy=2.4962 mean_return=14.651 mean_len=75.6
[gat-train] update=1505 samples=240800 fps=19.3 loss=0.4998 actor=0.1505 value=0.3733 entropy=2.4000 mean_return=14.869 mean_len=76.6
[gat-train] update=1506 samples=240960 fps=19.3 loss=0.2480 actor=-0.0735 value=0.3458 entropy=2.4303 mean_return=14.861 mean_len=76.5
[gat-train] update=1507 samples=241120 fps=19.3 loss=0.8200 actor=0.2705 value=0.5741 entropy=2.4537 mean_return=14.876 mean_len=76.5
[gat-train] update=1508 samples=241280 fps=19.3 loss=0.1266 actor=-0.1683 value=0.3183 entropy=2.3459 mean_return=14.844 mean_len=76.1
[gat-train] update=1509 samples=241440 fps=19.3 loss=0.0625 actor=-0.0222 value=0.1096 entropy=2.4928 mean_return=14.825 mean_len=76.0
[gat-train] update=1510 samples=241600 fps=19.3 loss=0.2045 actor=-0.1349 value=0.3649 entropy=2.5495 mean_return=14.745 mean_len=75.7
[gat-train] update=1511 samples=241760 fps=19.3 loss=-0.2596 actor=-0.3911 value=0.1585 entropy=2.6994 mean_return=14.745 mean_len=75.7
[gat-train] update=1512 samples=241920 fps=19.3 loss=0.5658 actor=0.1194 value=0.4741 entropy=2.7693 mean_return=14.746 mean_len=75.8
[gat-train] update=1513 samples=242080 fps=19.3 loss=0.0822 actor=-0.1464 value=0.2549 entropy=2.6295 mean_return=14.687 mean_len=75.6
[gat-train] update=1514 samples=242240 fps=19.3 loss=1.2432 actor=0.0064 value=1.2610 entropy=2.4259 mean_return=14.566 mean_len=74.5
[gat-train] update=1515 samples=242400 fps=19.3 loss=0.1326 actor=-0.0591 value=0.2133 entropy=2.1723 mean_return=14.449 mean_len=73.5
[gat-train] update=1516 samples=242560 fps=19.3 loss=0.4711 actor=0.2407 value=0.2539 entropy=2.3473 mean_return=14.447 mean_len=73.6
[gat-train] update=1517 samples=242720 fps=19.3 loss=0.0516 actor=-0.0828 value=0.1581 entropy=2.3648 mean_return=14.426 mean_len=73.8
[gat-train] update=1518 samples=242880 fps=19.3 loss=0.3156 actor=-0.1034 value=0.4425 entropy=2.3535 mean_return=14.429 mean_len=73.9
[gat-train] update=1519 samples=243040 fps=19.3 loss=0.2714 actor=0.0108 value=0.2847 entropy=2.4158 mean_return=14.460 mean_len=74.2
[gat-train] update=1520 samples=243200 fps=19.3 loss=0.5187 actor=0.0874 value=0.4539 entropy=2.2602 mean_return=14.474 mean_len=74.2
[gat-train] update=1521 samples=243360 fps=19.3 loss=0.7485 actor=-0.0282 value=0.7970 entropy=2.0384 mean_return=14.445 mean_len=73.9
[gat-train] update=1522 samples=243520 fps=19.3 loss=-0.1130 actor=-0.2996 value=0.2074 entropy=2.0860 mean_return=14.445 mean_len=73.9
[gat-train] update=1523 samples=243680 fps=19.3 loss=0.5831 actor=0.1853 value=0.4181 entropy=2.0270 mean_return=14.462 mean_len=74.0
[gat-train] update=1524 samples=243840 fps=19.3 loss=0.1847 actor=-0.0845 value=0.2901 entropy=2.0941 mean_return=14.479 mean_len=74.1
[gat-train] update=1525 samples=244000 fps=19.3 loss=0.0373 actor=-0.1429 value=0.2001 entropy=1.9901 mean_return=14.499 mean_len=74.0
[gat-train] update=1526 samples=244160 fps=19.3 loss=0.1844 actor=-0.0502 value=0.2567 entropy=2.2091 mean_return=14.515 mean_len=74.0
[gat-train] update=1527 samples=244320 fps=19.3 loss=0.0103 actor=-0.1950 value=0.2276 entropy=2.2397 mean_return=14.515 mean_len=74.0
[gat-train] update=1528 samples=244480 fps=19.3 loss=0.0006 actor=-0.1758 value=0.1999 entropy=2.3519 mean_return=14.521 mean_len=74.0
[gat-train] update=1529 samples=244640 fps=19.3 loss=1.0277 actor=0.2441 value=0.8057 entropy=2.2024 mean_return=14.585 mean_len=74.4
[gat-train] update=1530 samples=244800 fps=19.3 loss=0.4399 actor=0.0821 value=0.3784 entropy=2.0630 mean_return=14.569 mean_len=74.6
[gat-train] update=1531 samples=244960 fps=19.3 loss=0.2499 actor=-0.1600 value=0.4311 entropy=2.1164 mean_return=14.561 mean_len=74.4
[gat-train] update=1532 samples=245120 fps=19.3 loss=1.0051 actor=0.3636 value=0.6625 entropy=2.1028 mean_return=14.598 mean_len=75.1
[gat-train] update=1533 samples=245280 fps=19.3 loss=0.3941 actor=-0.2145 value=0.6297 entropy=2.1010 mean_return=14.645 mean_len=75.6
[gat-train] update=1534 samples=245440 fps=19.3 loss=0.5758 actor=0.3069 value=0.2905 entropy=2.1590 mean_return=14.647 mean_len=75.5
[gat-train] update=1535 samples=245600 fps=19.3 loss=0.1363 actor=-0.1034 value=0.2606 entropy=2.0970 mean_return=14.659 mean_len=75.1
[gat-train] update=1536 samples=245760 fps=19.3 loss=0.4433 actor=-0.2546 value=0.7189 entropy=2.1054 mean_return=14.698 mean_len=75.5
[gat-train] update=1537 samples=245920 fps=19.3 loss=0.5374 actor=0.1094 value=0.4505 entropy=2.2613 mean_return=14.712 mean_len=75.5
[gat-train] update=1538 samples=246080 fps=19.3 loss=0.5858 actor=0.0637 value=0.5445 entropy=2.2321 mean_return=14.917 mean_len=77.2
[gat-train] update=1539 samples=246240 fps=19.3 loss=0.0369 actor=-0.1335 value=0.1927 entropy=2.2273 mean_return=14.955 mean_len=77.4
[gat-train] update=1540 samples=246400 fps=19.3 loss=-0.0945 actor=-0.3685 value=0.2981 entropy=2.4149 mean_return=14.984 mean_len=77.5
[gat-train] update=1541 samples=246560 fps=19.3 loss=0.1357 actor=-0.1200 value=0.2821 entropy=2.6343 mean_return=15.005 mean_len=77.6
[gat-train] update=1542 samples=246720 fps=19.3 loss=0.3173 actor=-0.1207 value=0.4650 entropy=2.7012 mean_return=15.021 mean_len=77.6
[gat-train] update=1543 samples=246880 fps=19.3 loss=0.3905 actor=0.1280 value=0.2894 entropy=2.6865 mean_return=15.005 mean_len=77.4
[gat-train] update=1544 samples=247040 fps=19.3 loss=0.4709 actor=0.1101 value=0.3875 entropy=2.6717 mean_return=14.998 mean_len=77.3
[gat-train] update=1545 samples=247200 fps=19.3 loss=0.6025 actor=0.0117 value=0.6152 entropy=2.4429 mean_return=15.077 mean_len=77.7
[gat-train] update=1546 samples=247360 fps=19.3 loss=0.6390 actor=-0.0130 value=0.6759 entropy=2.3862 mean_return=15.062 mean_len=77.6
[gat-train] update=1547 samples=247520 fps=19.3 loss=0.4671 actor=0.0864 value=0.4042 entropy=2.3523 mean_return=15.073 mean_len=77.6
[gat-train] update=1548 samples=247680 fps=19.3 loss=0.1326 actor=-0.0489 value=0.2072 entropy=2.5564 mean_return=15.047 mean_len=77.5
[gat-train] update=1549 samples=247840 fps=19.3 loss=0.2357 actor=-0.1430 value=0.4038 entropy=2.5135 mean_return=15.004 mean_len=77.3
[gat-train] update=1550 samples=248000 fps=19.3 loss=0.6405 actor=0.1888 value=0.4768 entropy=2.5155 mean_return=15.009 mean_len=77.5
[gat-train] eval update=1550 comp_score=75.90 best=86.04
[gat-train] update=1551 samples=248160 fps=19.3 loss=0.5463 actor=0.1387 value=0.4326 entropy=2.4975 mean_return=15.002 mean_len=77.6
[gat-train] update=1552 samples=248320 fps=19.3 loss=0.1608 actor=-0.1515 value=0.3369 entropy=2.4609 mean_return=14.972 mean_len=77.3
[gat-train] update=1553 samples=248480 fps=19.3 loss=0.5831 actor=0.1817 value=0.4254 entropy=2.3979 mean_return=14.918 mean_len=76.8
[gat-train] update=1554 samples=248640 fps=19.3 loss=0.2945 actor=0.0214 value=0.2960 entropy=2.2872 mean_return=14.872 mean_len=76.6
[gat-train] update=1555 samples=248800 fps=19.3 loss=0.2790 actor=-0.0145 value=0.3181 entropy=2.4564 mean_return=14.860 mean_len=76.4
[gat-train] update=1556 samples=248960 fps=19.3 loss=0.2325 actor=-0.0098 value=0.2670 entropy=2.4640 mean_return=14.857 mean_len=76.3
[gat-train] update=1557 samples=249120 fps=19.3 loss=0.2130 actor=0.0655 value=0.1727 entropy=2.5128 mean_return=14.857 mean_len=76.3
[gat-train] update=1558 samples=249280 fps=19.3 loss=0.2620 actor=0.0321 value=0.2542 entropy=2.4337 mean_return=14.779 mean_len=75.7
[gat-train] update=1559 samples=249440 fps=19.3 loss=0.6417 actor=0.2131 value=0.4518 entropy=2.3182 mean_return=14.789 mean_len=75.8
[gat-train] update=1560 samples=249600 fps=19.3 loss=0.3751 actor=0.0103 value=0.3867 entropy=2.1825 mean_return=14.731 mean_len=75.4
[gat-train] update=1561 samples=249760 fps=19.3 loss=0.3597 actor=0.0872 value=0.2949 entropy=2.2353 mean_return=14.709 mean_len=75.4
[gat-train] update=1562 samples=249920 fps=19.3 loss=-0.0131 actor=-0.2023 value=0.2113 entropy=2.2036 mean_return=14.686 mean_len=75.2
[gat-train] update=1563 samples=250080 fps=19.3 loss=0.7413 actor=0.1886 value=0.5743 entropy=2.1556 mean_return=14.685 mean_len=75.3
[gat-train] update=1564 samples=250240 fps=19.3 loss=0.0607 actor=-0.1690 value=0.2504 entropy=2.0691 mean_return=14.654 mean_len=75.2
[gat-train] update=1565 samples=250400 fps=19.3 loss=0.2194 actor=-0.0228 value=0.2638 entropy=2.1581 mean_return=14.628 mean_len=75.0
[gat-train] update=1566 samples=250560 fps=19.3 loss=0.2401 actor=0.0862 value=0.1760 entropy=2.2153 mean_return=14.624 mean_len=75.0
[gat-train] update=1567 samples=250720 fps=19.3 loss=0.4847 actor=0.2347 value=0.2719 entropy=2.1936 mean_return=14.625 mean_len=75.1
[gat-train] update=1568 samples=250880 fps=19.3 loss=0.6534 actor=-0.0876 value=0.7619 entropy=2.0911 mean_return=14.590 mean_len=75.2
[gat-train] update=1569 samples=251040 fps=19.3 loss=1.2221 actor=0.3205 value=0.9221 entropy=2.0463 mean_return=14.614 mean_len=75.3
[gat-train] update=1570 samples=251200 fps=19.3 loss=0.1669 actor=-0.0368 value=0.2243 entropy=2.0606 mean_return=14.615 mean_len=75.4
[gat-train] update=1571 samples=251360 fps=19.3 loss=0.0652 actor=-0.1268 value=0.2136 entropy=2.1623 mean_return=14.621 mean_len=75.3
[gat-train] update=1572 samples=251520 fps=19.3 loss=0.1970 actor=-0.0341 value=0.2538 entropy=2.2631 mean_return=14.611 mean_len=75.2
[gat-train] update=1573 samples=251680 fps=19.3 loss=0.4922 actor=0.0796 value=0.4359 entropy=2.3309 mean_return=14.642 mean_len=75.2
[gat-train] update=1574 samples=251840 fps=19.3 loss=0.1969 actor=-0.0971 value=0.3160 entropy=2.2047 mean_return=14.674 mean_len=74.8
[gat-train] update=1575 samples=252000 fps=19.3 loss=0.0726 actor=-0.1158 value=0.2114 entropy=2.2993 mean_return=14.642 mean_len=74.9
[gat-train] update=1576 samples=252160 fps=19.3 loss=0.7617 actor=0.3197 value=0.4655 entropy=2.3434 mean_return=14.689 mean_len=75.0
[gat-train] update=1577 samples=252320 fps=19.3 loss=0.0188 actor=-0.1420 value=0.1836 entropy=2.2860 mean_return=14.639 mean_len=74.6
[gat-train] update=1578 samples=252480 fps=19.3 loss=-0.0635 actor=-0.2476 value=0.2078 entropy=2.3717 mean_return=14.639 mean_len=74.6
[gat-train] update=1579 samples=252640 fps=19.3 loss=0.9388 actor=0.3541 value=0.6074 entropy=2.2670 mean_return=14.681 mean_len=74.7
[gat-train] update=1580 samples=252800 fps=19.3 loss=-0.1707 actor=-0.3604 value=0.2139 entropy=2.4263 mean_return=14.692 mean_len=74.8
[gat-train] update=1581 samples=252960 fps=19.3 loss=0.2276 actor=0.0770 value=0.1751 entropy=2.4470 mean_return=14.692 mean_len=74.8
[gat-train] update=1582 samples=253120 fps=19.3 loss=0.7807 actor=0.0828 value=0.7212 entropy=2.3349 mean_return=14.780 mean_len=75.5
[gat-train] update=1583 samples=253280 fps=19.3 loss=0.5143 actor=0.0741 value=0.4624 entropy=2.2152 mean_return=14.804 mean_len=75.9
[gat-train] update=1584 samples=253440 fps=19.3 loss=-0.1519 actor=-0.4318 value=0.3010 entropy=2.1107 mean_return=14.782 mean_len=75.8
[gat-train] update=1585 samples=253600 fps=19.3 loss=0.0566 actor=-0.0995 value=0.1790 entropy=2.2877 mean_return=14.782 mean_len=75.8
[gat-train] update=1586 samples=253760 fps=19.3 loss=1.0020 actor=0.1631 value=0.8609 entropy=2.1957 mean_return=14.854 mean_len=76.2
[gat-train] update=1587 samples=253920 fps=19.3 loss=0.4165 actor=0.2786 value=0.1598 entropy=2.1890 mean_return=14.833 mean_len=76.0
[gat-train] update=1588 samples=254080 fps=19.3 loss=0.4999 actor=0.0168 value=0.5050 entropy=2.1988 mean_return=14.821 mean_len=75.9
[gat-train] update=1589 samples=254240 fps=19.3 loss=0.4051 actor=0.1438 value=0.2827 entropy=2.1437 mean_return=14.849 mean_len=76.1
[gat-train] update=1590 samples=254400 fps=19.3 loss=0.2521 actor=-0.0660 value=0.3400 entropy=2.1931 mean_return=14.861 mean_len=76.3
[gat-train] update=1591 samples=254560 fps=19.3 loss=0.5298 actor=0.1636 value=0.3883 entropy=2.2203 mean_return=14.857 mean_len=76.5
[gat-train] update=1592 samples=254720 fps=19.3 loss=0.1117 actor=-0.0715 value=0.2038 entropy=2.0558 mean_return=14.833 mean_len=76.2
[gat-train] update=1593 samples=254880 fps=19.3 loss=-0.0034 actor=-0.2133 value=0.2325 entropy=2.2596 mean_return=14.801 mean_len=75.9
[gat-train] update=1594 samples=255040 fps=19.3 loss=-0.1056 actor=-0.2235 value=0.1430 entropy=2.5036 mean_return=14.801 mean_len=75.9
[gat-train] update=1595 samples=255200 fps=19.3 loss=0.3770 actor=-0.2094 value=0.6112 entropy=2.4816 mean_return=14.779 mean_len=75.7
[gat-train] update=1596 samples=255360 fps=19.3 loss=0.1460 actor=-0.0651 value=0.2349 entropy=2.3824 mean_return=14.787 mean_len=75.6
[gat-train] update=1597 samples=255520 fps=19.3 loss=0.1162 actor=-0.0858 value=0.2250 entropy=2.2980 mean_return=14.743 mean_len=75.3
[gat-train] update=1598 samples=255680 fps=19.3 loss=0.2783 actor=0.0375 value=0.2639 entropy=2.3132 mean_return=14.734 mean_len=75.3
[gat-train] update=1599 samples=255840 fps=19.3 loss=0.2281 actor=-0.0463 value=0.2975 entropy=2.3040 mean_return=14.756 mean_len=75.5
[gat-train] update=1600 samples=256000 fps=19.3 loss=0.1096 actor=-0.0706 value=0.2045 entropy=2.4383 mean_return=14.756 mean_len=75.5
[gat-train] eval update=1600 comp_score=85.60 best=86.04
[gat-train] update=1601 samples=256160 fps=19.3 loss=0.4531 actor=-0.0446 value=0.5209 entropy=2.3242 mean_return=14.785 mean_len=75.9
[gat-train] update=1602 samples=256320 fps=19.3 loss=0.3055 actor=-0.0728 value=0.4006 entropy=2.2395 mean_return=14.761 mean_len=75.8
[gat-train] update=1603 samples=256480 fps=19.3 loss=0.2455 actor=0.0583 value=0.2094 entropy=2.2197 mean_return=14.748 mean_len=75.7
[gat-train] update=1604 samples=256640 fps=19.3 loss=-0.1345 actor=-0.2647 value=0.1522 entropy=2.2003 mean_return=14.733 mean_len=75.5
[gat-train] update=1605 samples=256800 fps=19.3 loss=0.6760 actor=0.1814 value=0.5169 entropy=2.2281 mean_return=14.723 mean_len=75.7
[gat-train] update=1606 samples=256960 fps=19.3 loss=0.4742 actor=0.1933 value=0.3025 entropy=2.1583 mean_return=14.687 mean_len=75.5
[gat-train] update=1607 samples=257120 fps=19.3 loss=0.0733 actor=-0.2074 value=0.3020 entropy=2.1221 mean_return=14.710 mean_len=75.3
[gat-train] update=1608 samples=257280 fps=19.3 loss=0.1263 actor=-0.1376 value=0.2860 entropy=2.2086 mean_return=14.649 mean_len=74.6
[gat-train] update=1609 samples=257440 fps=19.3 loss=0.3785 actor=0.1887 value=0.2134 entropy=2.3641 mean_return=14.646 mean_len=74.2
[gat-train] update=1610 samples=257600 fps=19.3 loss=-0.0543 actor=-0.2048 value=0.1757 entropy=2.5182 mean_return=14.646 mean_len=74.2
[gat-train] update=1611 samples=257760 fps=19.3 loss=0.3055 actor=0.0103 value=0.3215 entropy=2.6276 mean_return=14.666 mean_len=74.3
[gat-train] update=1612 samples=257920 fps=19.3 loss=0.5196 actor=0.1302 value=0.4156 entropy=2.6188 mean_return=14.714 mean_len=74.6
[gat-train] update=1613 samples=258080 fps=19.3 loss=0.3749 actor=0.1216 value=0.2775 entropy=2.4130 mean_return=14.720 mean_len=74.7
[gat-train] update=1614 samples=258240 fps=19.3 loss=-0.0040 actor=-0.1282 value=0.1494 entropy=2.5131 mean_return=14.720 mean_len=74.7
[gat-train] update=1615 samples=258400 fps=19.3 loss=0.1902 actor=-0.0629 value=0.2778 entropy=2.4755 mean_return=14.705 mean_len=74.2
[gat-train] update=1616 samples=258560 fps=19.3 loss=0.1950 actor=-0.1013 value=0.3205 entropy=2.4189 mean_return=14.762 mean_len=74.2
[gat-train] update=1617 samples=258720 fps=19.3 loss=0.1344 actor=-0.1377 value=0.2954 entropy=2.3273 mean_return=14.777 mean_len=74.5
[gat-train] update=1618 samples=258880 fps=19.3 loss=0.3637 actor=0.0546 value=0.3321 entropy=2.2989 mean_return=14.820 mean_len=74.8
[gat-train] update=1619 samples=259040 fps=19.3 loss=0.3914 actor=0.1314 value=0.2825 entropy=2.2414 mean_return=14.779 mean_len=74.5
[gat-train] update=1620 samples=259200 fps=19.3 loss=0.2327 actor=0.0267 value=0.2294 entropy=2.3334 mean_return=14.782 mean_len=74.6
[gat-train] update=1621 samples=259360 fps=19.3 loss=0.2045 actor=-0.0621 value=0.2905 entropy=2.3880 mean_return=14.785 mean_len=74.7
[gat-train] update=1622 samples=259520 fps=19.3 loss=0.3628 actor=0.0246 value=0.3612 entropy=2.3076 mean_return=14.788 mean_len=74.5
[gat-train] update=1623 samples=259680 fps=19.3 loss=0.1898 actor=-0.0231 value=0.2371 entropy=2.4208 mean_return=14.772 mean_len=74.5
[gat-train] update=1624 samples=259840 fps=19.3 loss=0.1828 actor=-0.0071 value=0.2162 entropy=2.6286 mean_return=14.765 mean_len=74.6
[gat-train] update=1625 samples=260000 fps=19.3 loss=0.1562 actor=-0.0820 value=0.2659 entropy=2.7701 mean_return=14.769 mean_len=74.5
[gat-train] update=1626 samples=260160 fps=19.3 loss=0.5011 actor=0.2667 value=0.2623 entropy=2.7865 mean_return=14.727 mean_len=74.4
[gat-train] update=1627 samples=260320 fps=19.3 loss=0.0540 actor=-0.1190 value=0.2002 entropy=2.7171 mean_return=14.727 mean_len=74.4
[gat-train] update=1628 samples=260480 fps=19.3 loss=0.2709 actor=-0.2140 value=0.5118 entropy=2.6862 mean_return=14.741 mean_len=74.7
[gat-train] update=1629 samples=260640 fps=19.3 loss=0.4681 actor=0.1108 value=0.3837 entropy=2.6356 mean_return=14.732 mean_len=74.6
[gat-train] update=1630 samples=260800 fps=19.3 loss=-0.0807 actor=-0.3505 value=0.2954 entropy=2.5611 mean_return=14.703 mean_len=74.3
[gat-train] update=1631 samples=260960 fps=19.3 loss=0.6706 actor=0.0019 value=0.6929 entropy=2.4107 mean_return=14.712 mean_len=74.3
[gat-train] update=1632 samples=261120 fps=19.3 loss=0.2120 actor=0.0575 value=0.1793 entropy=2.4796 mean_return=14.689 mean_len=74.3
[gat-train] update=1633 samples=261280 fps=19.3 loss=0.3023 actor=-0.0018 value=0.3287 entropy=2.4528 mean_return=14.682 mean_len=74.6
[gat-train] update=1634 samples=261440 fps=19.3 loss=0.1637 actor=-0.0612 value=0.2502 entropy=2.5310 mean_return=14.667 mean_len=74.7
[gat-train] update=1635 samples=261600 fps=19.3 loss=0.1226 actor=-0.1428 value=0.2916 entropy=2.6121 mean_return=14.622 mean_len=74.6
[gat-train] update=1636 samples=261760 fps=19.3 loss=0.1707 actor=0.0345 value=0.1615 entropy=2.5294 mean_return=14.601 mean_len=74.3
[gat-train] update=1637 samples=261920 fps=19.3 loss=0.6772 actor=0.1280 value=0.5740 entropy=2.4776 mean_return=14.477 mean_len=74.4
[gat-train] update=1638 samples=262080 fps=19.3 loss=-0.0614 actor=-0.1694 value=0.1336 entropy=2.5663 mean_return=14.477 mean_len=74.4
[gat-train] update=1639 samples=262240 fps=19.3 loss=0.1060 actor=-0.0216 value=0.1545 entropy=2.6791 mean_return=14.467 mean_len=74.4
[gat-train] update=1640 samples=262400 fps=19.3 loss=0.1423 actor=-0.0321 value=0.2007 entropy=2.6376 mean_return=14.431 mean_len=74.1
[gat-train] update=1641 samples=262560 fps=19.3 loss=0.2600 actor=0.0385 value=0.2474 entropy=2.5847 mean_return=14.433 mean_len=74.1
[gat-train] update=1642 samples=262720 fps=19.3 loss=-0.0800 actor=-0.2817 value=0.2279 entropy=2.6132 mean_return=14.396 mean_len=73.9
[gat-train] update=1643 samples=262880 fps=19.3 loss=0.3914 actor=0.0646 value=0.3529 entropy=2.6143 mean_return=14.338 mean_len=73.9
[gat-train] update=1644 samples=263040 fps=19.3 loss=-0.0530 actor=-0.2514 value=0.2238 entropy=2.5336 mean_return=14.307 mean_len=73.8
[gat-train] update=1645 samples=263200 fps=19.3 loss=0.2215 actor=-0.0818 value=0.3287 entropy=2.5406 mean_return=14.282 mean_len=73.7
[gat-train] update=1646 samples=263360 fps=19.3 loss=0.3551 actor=-0.0192 value=0.3985 entropy=2.4219 mean_return=14.276 mean_len=73.5
[gat-train] update=1647 samples=263520 fps=19.3 loss=0.3877 actor=0.0586 value=0.3530 entropy=2.3775 mean_return=14.270 mean_len=73.3
[gat-train] update=1648 samples=263680 fps=19.3 loss=0.0475 actor=-0.1884 value=0.2593 entropy=2.3426 mean_return=14.285 mean_len=73.3
[gat-train] update=1649 samples=263840 fps=19.3 loss=0.4330 actor=0.0035 value=0.4535 entropy=2.3928 mean_return=14.269 mean_len=73.1
[gat-train] update=1650 samples=264000 fps=19.3 loss=0.0822 actor=-0.0952 value=0.2006 entropy=2.3219 mean_return=14.241 mean_len=72.9
[gat-train] eval update=1650 comp_score=84.57 best=86.04
[gat-train] update=1651 samples=264160 fps=19.3 loss=0.5882 actor=0.3044 value=0.3070 entropy=2.3221 mean_return=14.238 mean_len=72.8
[gat-train] update=1652 samples=264320 fps=19.3 loss=0.6837 actor=0.2054 value=0.5004 entropy=2.2133 mean_return=14.278 mean_len=73.2
[gat-train] update=1653 samples=264480 fps=19.3 loss=0.3474 actor=0.0294 value=0.3402 entropy=2.2252 mean_return=14.238 mean_len=73.0
[gat-train] update=1654 samples=264640 fps=19.3 loss=0.1041 actor=-0.1628 value=0.2902 entropy=2.3281 mean_return=14.249 mean_len=73.2
[gat-train] update=1655 samples=264800 fps=19.3 loss=-0.0380 actor=-0.2089 value=0.1940 entropy=2.3091 mean_return=14.226 mean_len=73.1
[gat-train] update=1656 samples=264960 fps=19.3 loss=0.0745 actor=-0.0754 value=0.1746 entropy=2.4714 mean_return=14.226 mean_len=73.1
[gat-train] update=1657 samples=265120 fps=19.3 loss=0.3309 actor=0.1048 value=0.2510 entropy=2.4780 mean_return=14.218 mean_len=73.2
[gat-train] update=1658 samples=265280 fps=19.3 loss=0.0321 actor=-0.2070 value=0.2640 entropy=2.4869 mean_return=14.169 mean_len=72.7
[gat-train] update=1659 samples=265440 fps=19.3 loss=0.5587 actor=0.0979 value=0.4857 entropy=2.4941 mean_return=14.196 mean_len=72.8
[gat-train] update=1660 samples=265600 fps=19.3 loss=0.6733 actor=0.1889 value=0.5097 entropy=2.5281 mean_return=14.230 mean_len=73.1
[gat-train] update=1661 samples=265760 fps=19.3 loss=0.8432 actor=0.4603 value=0.4065 entropy=2.3591 mean_return=14.230 mean_len=73.0
[gat-train] update=1662 samples=265920 fps=19.3 loss=0.4549 actor=0.0708 value=0.4064 entropy=2.2319 mean_return=14.249 mean_len=73.1
[gat-train] update=1663 samples=266080 fps=19.3 loss=0.0756 actor=-0.1485 value=0.2465 entropy=2.2434 mean_return=14.243 mean_len=73.1
[gat-train] update=1664 samples=266240 fps=19.3 loss=0.7519 actor=0.2784 value=0.4959 entropy=2.2489 mean_return=14.303 mean_len=73.5
[gat-train] update=1665 samples=266400 fps=19.3 loss=-0.0135 actor=-0.1772 value=0.1866 entropy=2.2811 mean_return=14.313 mean_len=73.5
[gat-train] update=1666 samples=266560 fps=19.3 loss=0.5020 actor=0.0211 value=0.5030 entropy=2.2175 mean_return=14.393 mean_len=74.1
[gat-train] update=1667 samples=266720 fps=19.3 loss=0.1463 actor=-0.0756 value=0.2441 entropy=2.2127 mean_return=14.412 mean_len=74.3
[gat-train] update=1668 samples=266880 fps=19.3 loss=0.0637 actor=-0.1632 value=0.2481 entropy=2.1205 mean_return=14.407 mean_len=74.2
[gat-train] update=1669 samples=267040 fps=19.3 loss=0.3654 actor=0.0358 value=0.3518 entropy=2.2143 mean_return=14.414 mean_len=74.3
[gat-train] update=1670 samples=267200 fps=19.3 loss=3.3125 actor=-0.6507 value=3.9853 entropy=2.2109 mean_return=14.161 mean_len=73.2
[gat-train] update=1671 samples=267360 fps=19.3 loss=0.1811 actor=0.0061 value=0.1969 entropy=2.1856 mean_return=14.175 mean_len=73.0
[gat-train] update=1672 samples=267520 fps=19.3 loss=0.4454 actor=0.1803 value=0.2872 entropy=2.2090 mean_return=14.167 mean_len=72.9
[gat-train] update=1673 samples=267680 fps=19.3 loss=0.2073 actor=-0.0312 value=0.2598 entropy=2.1336 mean_return=14.170 mean_len=72.7
[gat-train] update=1674 samples=267840 fps=19.3 loss=-0.0842 actor=-0.2433 value=0.1811 entropy=2.1968 mean_return=14.172 mean_len=72.6
[gat-train] update=1675 samples=268000 fps=19.3 loss=0.2950 actor=0.0765 value=0.2403 entropy=2.1887 mean_return=14.131 mean_len=72.5
[gat-train] update=1676 samples=268160 fps=19.3 loss=0.0798 actor=-0.2723 value=0.3733 entropy=2.1111 mean_return=14.168 mean_len=72.7
[gat-train] update=1677 samples=268320 fps=19.3 loss=0.7212 actor=0.2619 value=0.4807 entropy=2.1452 mean_return=14.205 mean_len=72.7
[gat-train] update=1678 samples=268480 fps=19.3 loss=0.1317 actor=-0.1412 value=0.2934 entropy=2.0508 mean_return=14.228 mean_len=72.9
[gat-train] update=1679 samples=268640 fps=19.3 loss=0.5229 actor=0.0299 value=0.5135 entropy=2.0525 mean_return=14.283 mean_len=73.1
[gat-train] update=1680 samples=268800 fps=19.3 loss=0.5051 actor=0.1780 value=0.3464 entropy=1.9367 mean_return=14.364 mean_len=73.5
[gat-train] update=1681 samples=268960 fps=19.3 loss=0.4275 actor=0.0911 value=0.3566 entropy=2.0238 mean_return=14.386 mean_len=73.7
[gat-train] update=1682 samples=269120 fps=19.3 loss=0.4561 actor=0.1364 value=0.3397 entropy=2.0033 mean_return=14.397 mean_len=73.7
[gat-train] update=1683 samples=269280 fps=19.3 loss=0.5935 actor=0.0798 value=0.5330 entropy=1.9325 mean_return=14.358 mean_len=74.0
[gat-train] update=1684 samples=269440 fps=19.3 loss=0.0760 actor=-0.1063 value=0.2024 entropy=2.0145 mean_return=14.379 mean_len=74.1
[gat-train] update=1685 samples=269600 fps=19.3 loss=0.4584 actor=0.0367 value=0.4413 entropy=1.9667 mean_return=14.423 mean_len=74.2
[gat-train] update=1686 samples=269760 fps=19.3 loss=2.8814 actor=-0.1093 value=3.0106 entropy=1.9910 mean_return=14.206 mean_len=72.9
[gat-train] update=1687 samples=269920 fps=19.3 loss=-0.0591 actor=-0.2679 value=0.2290 entropy=2.0220 mean_return=14.214 mean_len=73.0
[gat-train] update=1688 samples=270080 fps=19.3 loss=0.4425 actor=0.1434 value=0.3200 entropy=2.0938 mean_return=14.237 mean_len=73.2
[gat-train] update=1689 samples=270240 fps=19.3 loss=0.5119 actor=0.0838 value=0.4505 entropy=2.2452 mean_return=14.282 mean_len=73.4
[gat-train] update=1690 samples=270400 fps=19.3 loss=0.0357 actor=-0.2550 value=0.3125 entropy=2.1836 mean_return=14.310 mean_len=73.3
[gat-train] update=1691 samples=270560 fps=19.3 loss=0.1562 actor=0.0113 value=0.1683 entropy=2.3414 mean_return=14.310 mean_len=73.3
[gat-train] update=1692 samples=270720 fps=19.3 loss=0.5702 actor=0.0865 value=0.5078 entropy=2.4098 mean_return=14.318 mean_len=73.5
[gat-train] update=1693 samples=270880 fps=19.3 loss=0.3757 actor=0.1025 value=0.2960 entropy=2.2878 mean_return=14.347 mean_len=74.0
[gat-train] update=1694 samples=271040 fps=19.3 loss=0.2774 actor=-0.0929 value=0.3931 entropy=2.2832 mean_return=14.584 mean_len=74.9
[gat-train] update=1695 samples=271200 fps=19.3 loss=0.2844 actor=-0.0040 value=0.3107 entropy=2.2322 mean_return=14.582 mean_len=75.1
[gat-train] update=1696 samples=271360 fps=19.3 loss=0.5883 actor=0.2665 value=0.3450 entropy=2.3184 mean_return=14.606 mean_len=75.4
[gat-train] update=1697 samples=271520 fps=19.3 loss=0.2783 actor=-0.0639 value=0.3651 entropy=2.2953 mean_return=14.650 mean_len=75.7
[gat-train] update=1698 samples=271680 fps=19.3 loss=0.0880 actor=-0.0679 value=0.1788 entropy=2.2815 mean_return=14.678 mean_len=75.9
[gat-train] update=1699 samples=271840 fps=19.3 loss=0.0589 actor=-0.0586 value=0.1421 entropy=2.4505 mean_return=14.678 mean_len=75.9
[gat-train] update=1700 samples=272000 fps=19.3 loss=0.1551 actor=-0.0259 value=0.2049 entropy=2.3960 mean_return=14.603 mean_len=75.3
[gat-train] eval update=1700 comp_score=84.52 best=86.04
[gat-train] update=1701 samples=272160 fps=19.3 loss=0.3379 actor=0.0938 value=0.2682 entropy=2.4099 mean_return=14.631 mean_len=75.8
[gat-train] update=1702 samples=272320 fps=19.3 loss=0.0535 actor=-0.1138 value=0.1911 entropy=2.3783 mean_return=14.560 mean_len=75.3
[gat-train] update=1703 samples=272480 fps=19.3 loss=-0.0223 actor=-0.2249 value=0.2268 entropy=2.4219 mean_return=14.531 mean_len=75.1
[gat-train] update=1704 samples=272640 fps=19.3 loss=-0.0645 actor=-0.2146 value=0.1740 entropy=2.3882 mean_return=14.525 mean_len=75.2
[gat-train] update=1705 samples=272800 fps=19.3 loss=-0.0840 actor=-0.2417 value=0.1824 entropy=2.4624 mean_return=14.540 mean_len=75.3
[gat-train] update=1706 samples=272960 fps=19.3 loss=0.1521 actor=-0.0043 value=0.1828 entropy=2.6440 mean_return=14.540 mean_len=75.3
[gat-train] update=1707 samples=273120 fps=19.3 loss=0.0413 actor=-0.1235 value=0.1913 entropy=2.6494 mean_return=14.505 mean_len=74.5
[gat-train] update=1708 samples=273280 fps=19.3 loss=0.4168 actor=-0.1930 value=0.6339 entropy=2.4123 mean_return=14.458 mean_len=74.5
[gat-train] update=1709 samples=273440 fps=19.3 loss=0.1033 actor=-0.0515 value=0.1775 entropy=2.2677 mean_return=14.651 mean_len=75.4
[gat-train] update=1710 samples=273600 fps=19.3 loss=0.1703 actor=0.0296 value=0.1641 entropy=2.3335 mean_return=14.651 mean_len=75.4
[gat-train] update=1711 samples=273760 fps=19.3 loss=0.0934 actor=-0.3029 value=0.4197 entropy=2.3498 mean_return=14.606 mean_len=75.2
[gat-train] update=1712 samples=273920 fps=19.3 loss=0.1840 actor=-0.0754 value=0.2827 entropy=2.3311 mean_return=14.555 mean_len=75.0
[gat-train] update=1713 samples=274080 fps=19.3 loss=-0.2132 actor=-0.3866 value=0.1963 entropy=2.2850 mean_return=14.549 mean_len=74.9
[gat-train] update=1714 samples=274240 fps=19.3 loss=0.3815 actor=0.0643 value=0.3413 entropy=2.4104 mean_return=14.486 mean_len=74.4
[gat-train] update=1715 samples=274400 fps=19.3 loss=0.1451 actor=0.0058 value=0.1619 entropy=2.2588 mean_return=14.420 mean_len=74.3
[gat-train] update=1716 samples=274560 fps=19.3 loss=0.4074 actor=0.1315 value=0.2987 entropy=2.2825 mean_return=14.420 mean_len=74.3
[gat-train] update=1717 samples=274720 fps=19.3 loss=0.3778 actor=0.1638 value=0.2383 entropy=2.4290 mean_return=14.451 mean_len=74.6
[gat-train] update=1718 samples=274880 fps=19.3 loss=-0.0310 actor=-0.1806 value=0.1735 entropy=2.3880 mean_return=14.446 mean_len=74.3
[gat-train] update=1719 samples=275040 fps=19.3 loss=0.2244 actor=-0.0445 value=0.2920 entropy=2.3022 mean_return=14.388 mean_len=73.9
[gat-train] update=1720 samples=275200 fps=19.3 loss=0.1467 actor=-0.1896 value=0.3594 entropy=2.3097 mean_return=14.381 mean_len=74.1
[gat-train] update=1721 samples=275360 fps=19.3 loss=0.2050 actor=0.0423 value=0.1861 entropy=2.3366 mean_return=14.409 mean_len=74.1
[gat-train] update=1722 samples=275520 fps=19.3 loss=-0.0412 actor=-0.2586 value=0.2400 entropy=2.2631 mean_return=14.401 mean_len=73.9
[gat-train] update=1723 samples=275680 fps=19.3 loss=0.3280 actor=0.0369 value=0.3136 entropy=2.2478 mean_return=14.421 mean_len=74.0
[gat-train] update=1724 samples=275840 fps=19.3 loss=0.2192 actor=-0.0860 value=0.3270 entropy=2.1764 mean_return=14.450 mean_len=74.1
[gat-train] update=1725 samples=276000 fps=19.3 loss=0.3419 actor=0.0092 value=0.3535 entropy=2.0721 mean_return=14.464 mean_len=73.9
[gat-train] update=1726 samples=276160 fps=19.3 loss=0.8342 actor=0.0114 value=0.8435 entropy=2.0713 mean_return=14.528 mean_len=74.6
[gat-train] update=1727 samples=276320 fps=19.3 loss=0.5137 actor=0.2494 value=0.2861 entropy=2.1672 mean_return=14.515 mean_len=74.5
[gat-train] update=1728 samples=276480 fps=19.3 loss=0.1285 actor=-0.0989 value=0.2484 entropy=2.1046 mean_return=14.515 mean_len=74.5
[gat-train] update=1729 samples=276640 fps=19.3 loss=0.7141 actor=0.2171 value=0.5184 entropy=2.1493 mean_return=14.535 mean_len=74.6
[gat-train] update=1730 samples=276800 fps=19.3 loss=1.2008 actor=0.3067 value=0.9130 entropy=1.8938 mean_return=14.624 mean_len=75.4
[gat-train] update=1731 samples=276960 fps=19.3 loss=-0.1093 actor=-0.1945 value=0.1050 entropy=1.9781 mean_return=14.624 mean_len=75.4
[gat-train] update=1732 samples=277120 fps=19.3 loss=0.1581 actor=-0.0481 value=0.2262 entropy=1.9939 mean_return=14.663 mean_len=75.5
[gat-train] update=1733 samples=277280 fps=19.3 loss=0.0365 actor=-0.2268 value=0.2836 entropy=2.0296 mean_return=14.698 mean_len=75.7
[gat-train] update=1734 samples=277440 fps=19.3 loss=-0.0420 actor=-0.1525 value=0.1320 entropy=2.1485 mean_return=14.698 mean_len=75.7
[gat-train] update=1735 samples=277600 fps=19.3 loss=0.1272 actor=-0.1520 value=0.3002 entropy=2.0996 mean_return=14.732 mean_len=75.9
[gat-train] update=1736 samples=277760 fps=19.3 loss=0.6536 actor=0.1037 value=0.5714 entropy=2.1520 mean_return=14.790 mean_len=76.7
[gat-train] update=1737 samples=277920 fps=19.3 loss=1.1489 actor=-0.4028 value=1.5728 entropy=2.1104 mean_return=14.517 mean_len=75.3
[gat-train] update=1738 samples=278080 fps=19.3 loss=0.2379 actor=-0.1877 value=0.4454 entropy=1.9735 mean_return=14.611 mean_len=75.7
[gat-train] update=1739 samples=278240 fps=19.3 loss=0.0359 actor=-0.1521 value=0.2070 entropy=1.8984 mean_return=14.613 mean_len=75.7
[gat-train] update=1740 samples=278400 fps=19.3 loss=-0.0004 actor=-0.2091 value=0.2282 entropy=1.9472 mean_return=14.620 mean_len=75.8
[gat-train] update=1741 samples=278560 fps=19.3 loss=2.5209 actor=-0.3671 value=2.9078 entropy=1.9768 mean_return=14.418 mean_len=74.9
[gat-train] update=1742 samples=278720 fps=19.3 loss=0.3396 actor=0.0452 value=0.3148 entropy=2.0432 mean_return=14.436 mean_len=75.4
[gat-train] update=1743 samples=278880 fps=19.3 loss=0.5012 actor=-0.0105 value=0.5322 entropy=2.0617 mean_return=14.512 mean_len=76.0
[gat-train] update=1744 samples=279040 fps=19.3 loss=-0.0595 actor=-0.2314 value=0.1917 entropy=1.9848 mean_return=14.544 mean_len=76.1
[gat-train] update=1745 samples=279200 fps=19.3 loss=0.7851 actor=0.1313 value=0.6732 entropy=1.9333 mean_return=14.577 mean_len=76.6
[gat-train] update=1746 samples=279360 fps=19.3 loss=0.7859 actor=0.2325 value=0.5725 entropy=1.9105 mean_return=14.629 mean_len=76.8
[gat-train] update=1747 samples=279520 fps=19.3 loss=0.1980 actor=-0.2238 value=0.4404 entropy=1.8566 mean_return=14.657 mean_len=77.0
[gat-train] update=1748 samples=279680 fps=19.3 loss=0.2217 actor=0.0317 value=0.2085 entropy=1.8549 mean_return=14.654 mean_len=77.2
[gat-train] update=1749 samples=279840 fps=19.3 loss=0.1562 actor=0.0038 value=0.1724 entropy=1.9988 mean_return=14.654 mean_len=77.2
[gat-train] update=1750 samples=280000 fps=19.3 loss=0.1986 actor=-0.1066 value=0.3251 entropy=1.9833 mean_return=14.676 mean_len=77.5
[gat-train] eval update=1750 comp_score=83.44 best=86.04
[gat-train] update=1751 samples=280160 fps=19.3 loss=0.4151 actor=0.0588 value=0.3773 entropy=2.0997 mean_return=14.681 mean_len=77.7
[gat-train] update=1752 samples=280320 fps=19.3 loss=3.0463 actor=-0.3366 value=3.4030 entropy=2.0066 mean_return=14.399 mean_len=76.0
[gat-train] update=1753 samples=280480 fps=19.3 loss=0.4306 actor=-0.0068 value=0.4566 entropy=1.9150 mean_return=14.444 mean_len=76.1
[gat-train] update=1754 samples=280640 fps=19.3 loss=1.3559 actor=-0.4599 value=1.8351 entropy=1.9326 mean_return=14.157 mean_len=75.1
[gat-train] update=1755 samples=280800 fps=19.3 loss=0.6653 actor=0.0503 value=0.6334 entropy=1.8340 mean_return=14.196 mean_len=75.2
[gat-train] update=1756 samples=280960 fps=19.3 loss=0.0584 actor=-0.0473 value=0.1243 entropy=1.8602 mean_return=14.196 mean_len=75.2
[gat-train] update=1757 samples=281120 fps=19.3 loss=-0.0461 actor=-0.1859 value=0.1597 entropy=1.9996 mean_return=14.196 mean_len=75.2
[gat-train] update=1758 samples=281280 fps=19.3 loss=0.7950 actor=0.2246 value=0.5895 entropy=1.9101 mean_return=14.224 mean_len=75.4
[gat-train] update=1759 samples=281440 fps=19.3 loss=0.3314 actor=-0.1100 value=0.4598 entropy=1.8357 mean_return=14.191 mean_len=74.9
[gat-train] update=1760 samples=281600 fps=19.3 loss=0.5709 actor=0.1071 value=0.4822 entropy=1.8336 mean_return=14.533 mean_len=76.4
[gat-train] update=1761 samples=281760 fps=19.3 loss=0.7461 actor=0.1848 value=0.5795 entropy=1.8163 mean_return=14.545 mean_len=76.8
[gat-train] update=1762 samples=281920 fps=19.3 loss=0.2089 actor=-0.0246 value=0.2525 entropy=1.9050 mean_return=14.558 mean_len=76.8
[gat-train] update=1763 samples=282080 fps=19.3 loss=0.0404 actor=-0.1265 value=0.1863 entropy=1.9368 mean_return=14.591 mean_len=76.8
[gat-train] update=1764 samples=282240 fps=19.3 loss=0.5795 actor=0.3636 value=0.2368 entropy=2.0926 mean_return=14.609 mean_len=76.8
[gat-train] update=1765 samples=282400 fps=19.3 loss=0.1411 actor=-0.0713 value=0.2330 entropy=2.0640 mean_return=14.884 mean_len=78.4
[gat-train] update=1766 samples=282560 fps=19.3 loss=-0.0501 actor=-0.2137 value=0.1852 entropy=2.1597 mean_return=14.872 mean_len=78.1
[gat-train] update=1767 samples=282720 fps=19.3 loss=0.4787 actor=0.0022 value=0.4984 entropy=2.1923 mean_return=14.857 mean_len=77.8
[gat-train] update=1768 samples=282880 fps=19.3 loss=0.0814 actor=-0.0151 value=0.1181 entropy=2.1545 mean_return=14.864 mean_len=77.7
[gat-train] update=1769 samples=283040 fps=19.3 loss=0.1422 actor=-0.0577 value=0.2220 entropy=2.2182 mean_return=14.873 mean_len=77.7
[gat-train] update=1770 samples=283200 fps=19.3 loss=0.1741 actor=-0.0277 value=0.2235 entropy=2.1675 mean_return=14.872 mean_len=77.7
[gat-train] update=1771 samples=283360 fps=19.3 loss=-0.1042 actor=-0.3128 value=0.2284 entropy=1.9862 mean_return=14.805 mean_len=77.5
[gat-train] update=1772 samples=283520 fps=19.3 loss=0.0286 actor=-0.0524 value=0.1028 entropy=2.1730 mean_return=14.805 mean_len=77.5
[gat-train] update=1773 samples=283680 fps=19.3 loss=-0.0974 actor=-0.2762 value=0.2017 entropy=2.2942 mean_return=14.772 mean_len=77.1
[gat-train] update=1774 samples=283840 fps=19.3 loss=0.1460 actor=-0.0431 value=0.2115 entropy=2.2404 mean_return=14.720 mean_len=76.6
[gat-train] update=1775 samples=284000 fps=19.3 loss=0.8851 actor=0.0756 value=0.8304 entropy=2.0908 mean_return=15.022 mean_len=78.2
[gat-train] update=1776 samples=284160 fps=19.3 loss=0.5055 actor=0.2055 value=0.3199 entropy=1.9992 mean_return=14.992 mean_len=78.2
[gat-train] update=1777 samples=284320 fps=19.3 loss=0.1252 actor=-0.0641 value=0.2095 entropy=2.0155 mean_return=15.286 mean_len=79.8
[gat-train] update=1778 samples=284480 fps=19.3 loss=0.0970 actor=-0.1151 value=0.2325 entropy=2.0356 mean_return=15.296 mean_len=79.7
[gat-train] update=1779 samples=284640 fps=19.3 loss=0.2226 actor=0.0080 value=0.2340 entropy=1.9397 mean_return=15.256 mean_len=79.3
[gat-train] update=1780 samples=284800 fps=19.3 loss=0.0773 actor=-0.2595 value=0.3559 entropy=1.9090 mean_return=15.253 mean_len=79.0
[gat-train] update=1781 samples=284960 fps=19.3 loss=0.2923 actor=0.0457 value=0.2658 entropy=1.9215 mean_return=15.194 mean_len=78.6
[gat-train] update=1782 samples=285120 fps=19.3 loss=0.1641 actor=-0.0073 value=0.1908 entropy=1.9384 mean_return=15.194 mean_len=78.6
[gat-train] update=1783 samples=285280 fps=19.3 loss=0.4233 actor=0.0969 value=0.3469 entropy=2.0454 mean_return=15.219 mean_len=78.6
[gat-train] update=1784 samples=285440 fps=19.3 loss=-0.0740 actor=-0.2880 value=0.2349 entropy=2.0934 mean_return=15.219 mean_len=78.6
[gat-train] update=1785 samples=285600 fps=19.3 loss=0.4512 actor=0.2178 value=0.2556 entropy=2.2190 mean_return=15.238 mean_len=78.7
[gat-train] update=1786 samples=285760 fps=19.3 loss=0.3074 actor=-0.0918 value=0.4195 entropy=2.0385 mean_return=15.205 mean_len=78.6
[gat-train] update=1787 samples=285920 fps=19.3 loss=0.5660 actor=0.2130 value=0.3737 entropy=2.0670 mean_return=15.223 mean_len=78.7
[gat-train] update=1788 samples=286080 fps=19.3 loss=0.1547 actor=-0.0275 value=0.2035 entropy=2.1324 mean_return=15.223 mean_len=78.7
[gat-train] update=1789 samples=286240 fps=19.3 loss=-0.0013 actor=-0.2684 value=0.2874 entropy=2.0311 mean_return=15.189 mean_len=78.7
[gat-train] update=1790 samples=286400 fps=19.3 loss=0.0650 actor=-0.2323 value=0.3174 entropy=2.0039 mean_return=15.183 mean_len=78.6
[gat-train] update=1791 samples=286560 fps=19.3 loss=0.3162 actor=-0.0751 value=0.4098 entropy=1.8494 mean_return=15.176 mean_len=79.0
[gat-train] update=1792 samples=286720 fps=19.3 loss=0.1761 actor=-0.1001 value=0.2947 entropy=1.8549 mean_return=15.183 mean_len=79.0
[gat-train] update=1793 samples=286880 fps=19.3 loss=0.7981 actor=0.3383 value=0.4782 entropy=1.8422 mean_return=15.224 mean_len=79.5
[gat-train] update=1794 samples=287040 fps=19.3 loss=0.2767 actor=0.0136 value=0.2810 entropy=1.7847 mean_return=15.218 mean_len=79.3
[gat-train] update=1795 samples=287200 fps=19.3 loss=0.1275 actor=-0.1461 value=0.2914 entropy=1.7730 mean_return=15.223 mean_len=78.9
[gat-train] update=1796 samples=287360 fps=19.3 loss=0.1211 actor=-0.1587 value=0.2976 entropy=1.7789 mean_return=15.281 mean_len=79.2
[gat-train] update=1797 samples=287520 fps=19.3 loss=-0.0417 actor=-0.1636 value=0.1410 entropy=1.9053 mean_return=15.308 mean_len=79.6
[gat-train] update=1798 samples=287680 fps=19.3 loss=0.1152 actor=0.0106 value=0.1246 entropy=2.0034 mean_return=15.308 mean_len=79.6
[gat-train] update=1799 samples=287840 fps=19.3 loss=0.0990 actor=-0.0925 value=0.2125 entropy=2.0966 mean_return=15.290 mean_len=79.8
[gat-train] update=1800 samples=288000 fps=19.3 loss=-0.1036 actor=-0.2526 value=0.1699 entropy=2.0988 mean_return=15.300 mean_len=79.8
[gat-train] eval update=1800 comp_score=85.24 best=86.04
[gat-train] update=1801 samples=288160 fps=19.3 loss=0.3750 actor=-0.0441 value=0.4406 entropy=2.1420 mean_return=15.308 mean_len=79.8
[gat-train] update=1802 samples=288320 fps=19.3 loss=0.0387 actor=-0.1808 value=0.2411 entropy=2.1534 mean_return=15.321 mean_len=79.7
[gat-train] update=1803 samples=288480 fps=19.3 loss=1.1756 actor=0.3585 value=0.8375 entropy=2.0346 mean_return=15.332 mean_len=79.6
[gat-train] update=1804 samples=288640 fps=19.3 loss=-0.0703 actor=-0.3180 value=0.2676 entropy=1.9847 mean_return=15.345 mean_len=79.7
[gat-train] update=1805 samples=288800 fps=19.3 loss=-0.0691 actor=-0.2032 value=0.1546 entropy=2.0521 mean_return=15.338 mean_len=79.6
[gat-train] update=1806 samples=288960 fps=19.3 loss=0.3995 actor=0.0233 value=0.3965 entropy=2.0315 mean_return=15.328 mean_len=79.7
[gat-train] update=1807 samples=289120 fps=19.3 loss=0.3434 actor=0.1373 value=0.2265 entropy=2.0413 mean_return=15.313 mean_len=79.7
[gat-train] update=1808 samples=289280 fps=19.3 loss=0.3220 actor=0.0325 value=0.3094 entropy=1.9898 mean_return=15.316 mean_len=79.8
[gat-train] update=1809 samples=289440 fps=19.3 loss=0.7391 actor=0.1856 value=0.5736 entropy=2.0116 mean_return=15.312 mean_len=79.9
[gat-train] update=1810 samples=289600 fps=19.3 loss=0.0890 actor=-0.0089 value=0.1180 entropy=2.0087 mean_return=15.284 mean_len=79.6
[gat-train] update=1811 samples=289760 fps=19.3 loss=0.3578 actor=0.1541 value=0.2232 entropy=1.9498 mean_return=15.287 mean_len=79.5
[gat-train] update=1812 samples=289920 fps=19.3 loss=0.0400 actor=-0.0945 value=0.1551 entropy=2.0643 mean_return=15.245 mean_len=79.3
[gat-train] update=1813 samples=290080 fps=19.3 loss=0.2714 actor=-0.0433 value=0.3362 entropy=2.1487 mean_return=15.252 mean_len=79.2
[gat-train] update=1814 samples=290240 fps=19.3 loss=0.2257 actor=0.1161 value=0.1327 entropy=2.3065 mean_return=15.252 mean_len=79.2
[gat-train] update=1815 samples=290400 fps=19.3 loss=0.0954 actor=-0.1591 value=0.2787 entropy=2.4207 mean_return=15.257 mean_len=79.3
[gat-train] update=1816 samples=290560 fps=19.3 loss=0.0660 actor=-0.1139 value=0.2043 entropy=2.4422 mean_return=15.257 mean_len=79.3
[gat-train] update=1817 samples=290720 fps=19.3 loss=0.4305 actor=-0.0599 value=0.5136 entropy=2.3244 mean_return=15.200 mean_len=78.5
[gat-train] update=1818 samples=290880 fps=19.3 loss=0.0864 actor=-0.1292 value=0.2382 entropy=2.2651 mean_return=15.171 mean_len=78.2
[gat-train] update=1819 samples=291040 fps=19.3 loss=0.5018 actor=-0.0990 value=0.6218 entropy=2.0981 mean_return=15.125 mean_len=78.7
[gat-train] update=1820 samples=291200 fps=19.3 loss=0.2173 actor=-0.1238 value=0.3620 entropy=2.0847 mean_return=15.072 mean_len=78.3
[gat-train] update=1821 samples=291360 fps=19.3 loss=0.6180 actor=0.0490 value=0.5916 entropy=2.2551 mean_return=15.033 mean_len=78.5
[gat-train] update=1822 samples=291520 fps=19.3 loss=-0.0896 actor=-0.2356 value=0.1692 entropy=2.3273 mean_return=15.033 mean_len=78.5
[gat-train] update=1823 samples=291680 fps=19.3 loss=0.1320 actor=-0.0567 value=0.2110 entropy=2.2253 mean_return=15.012 mean_len=78.2
[gat-train] update=1824 samples=291840 fps=19.3 loss=0.6501 actor=0.1619 value=0.5115 entropy=2.3332 mean_return=15.007 mean_len=78.0
[gat-train] update=1825 samples=292000 fps=19.3 loss=0.4917 actor=0.2509 value=0.2631 entropy=2.2236 mean_return=14.965 mean_len=77.8
[gat-train] update=1826 samples=292160 fps=19.3 loss=0.2231 actor=-0.1036 value=0.3496 entropy=2.2897 mean_return=14.942 mean_len=77.7
[gat-train] update=1827 samples=292320 fps=19.3 loss=-0.0171 actor=-0.1664 value=0.1734 entropy=2.4131 mean_return=14.916 mean_len=77.6
[gat-train] update=1828 samples=292480 fps=19.3 loss=0.4636 actor=0.1649 value=0.3253 entropy=2.6604 mean_return=14.923 mean_len=77.8
[gat-train] update=1829 samples=292640 fps=19.3 loss=0.8107 actor=0.3742 value=0.4628 entropy=2.6285 mean_return=14.945 mean_len=78.0
[gat-train] update=1830 samples=292800 fps=19.3 loss=-0.0124 actor=-0.1765 value=0.1904 entropy=2.6328 mean_return=14.945 mean_len=78.0
[gat-train] update=1831 samples=292960 fps=19.3 loss=0.0618 actor=-0.2652 value=0.3537 entropy=2.6668 mean_return=14.985 mean_len=78.0
[gat-train] update=1832 samples=293120 fps=19.3 loss=0.2110 actor=0.0288 value=0.2090 entropy=2.6857 mean_return=14.964 mean_len=77.8
[gat-train] update=1833 samples=293280 fps=19.3 loss=0.2492 actor=-0.0075 value=0.2815 entropy=2.4828 mean_return=14.886 mean_len=76.9
[gat-train] update=1834 samples=293440 fps=19.3 loss=0.5847 actor=0.2938 value=0.3165 entropy=2.5513 mean_return=14.892 mean_len=76.9
[gat-train] update=1835 samples=293600 fps=19.3 loss=-0.1471 actor=-0.3910 value=0.2693 entropy=2.5425 mean_return=14.897 mean_len=77.2
[gat-train] update=1836 samples=293760 fps=19.3 loss=0.6834 actor=0.0692 value=0.6403 entropy=2.6057 mean_return=14.893 mean_len=77.4
[gat-train] update=1837 samples=293920 fps=19.3 loss=0.3593 actor=0.1136 value=0.2704 entropy=2.4620 mean_return=14.918 mean_len=77.3
[gat-train] update=1838 samples=294080 fps=19.3 loss=0.2472 actor=-0.0740 value=0.3451 entropy=2.3912 mean_return=14.907 mean_len=77.2
[gat-train] update=1839 samples=294240 fps=19.3 loss=-0.1004 actor=-0.2319 value=0.1558 entropy=2.4377 mean_return=14.892 mean_len=77.1
[gat-train] update=1840 samples=294400 fps=19.3 loss=0.2829 actor=-0.0508 value=0.3582 entropy=2.4494 mean_return=14.932 mean_len=77.5
[gat-train] update=1841 samples=294560 fps=19.3 loss=0.2706 actor=0.0123 value=0.2822 entropy=2.3924 mean_return=14.917 mean_len=77.5
[gat-train] update=1842 samples=294720 fps=19.3 loss=0.4093 actor=0.0972 value=0.3365 entropy=2.4351 mean_return=14.920 mean_len=77.3
[gat-train] update=1843 samples=294880 fps=19.3 loss=0.2713 actor=-0.0129 value=0.3085 entropy=2.4415 mean_return=14.984 mean_len=77.8
[gat-train] update=1844 samples=295040 fps=19.3 loss=0.3702 actor=0.1247 value=0.2700 entropy=2.4485 mean_return=14.920 mean_len=77.2
[gat-train] update=1845 samples=295200 fps=19.3 loss=-0.0068 actor=-0.1034 value=0.1213 entropy=2.4703 mean_return=14.891 mean_len=77.1
[gat-train] update=1846 samples=295360 fps=19.3 loss=-0.0298 actor=-0.2117 value=0.2065 entropy=2.4582 mean_return=14.819 mean_len=76.4
[gat-train] update=1847 samples=295520 fps=19.3 loss=0.0197 actor=-0.1816 value=0.2266 entropy=2.5243 mean_return=14.750 mean_len=76.0
[gat-train] update=1848 samples=295680 fps=19.3 loss=0.3370 actor=0.1676 value=0.1950 entropy=2.5636 mean_return=14.690 mean_len=75.6
[gat-train] update=1849 samples=295840 fps=19.3 loss=-0.0323 actor=-0.3326 value=0.3263 entropy=2.5990 mean_return=14.663 mean_len=75.7
[gat-train] update=1850 samples=296000 fps=19.3 loss=0.3438 actor=0.0659 value=0.3041 entropy=2.6176 mean_return=14.658 mean_len=75.5
[gat-train] eval update=1850 comp_score=85.11 best=86.04
[gat-train] update=1851 samples=296160 fps=19.3 loss=0.0493 actor=-0.2148 value=0.2899 entropy=2.5859 mean_return=14.582 mean_len=75.1
[gat-train] update=1852 samples=296320 fps=19.3 loss=0.6634 actor=0.2754 value=0.4127 entropy=2.4706 mean_return=14.492 mean_len=74.4
[gat-train] update=1853 samples=296480 fps=19.3 loss=-0.2301 actor=-0.4305 value=0.2245 entropy=2.4110 mean_return=14.435 mean_len=74.1
[gat-train] update=1854 samples=296640 fps=19.3 loss=0.3985 actor=0.2188 value=0.2037 entropy=2.3963 mean_return=14.403 mean_len=74.0
[gat-train] update=1855 samples=296800 fps=19.3 loss=0.2083 actor=-0.0194 value=0.2526 entropy=2.4850 mean_return=14.384 mean_len=74.1
[gat-train] update=1856 samples=296960 fps=19.3 loss=-0.0300 actor=-0.2253 value=0.2203 entropy=2.5111 mean_return=14.383 mean_len=73.9
[gat-train] update=1857 samples=297120 fps=19.3 loss=0.2460 actor=-0.1668 value=0.4375 entropy=2.4707 mean_return=14.332 mean_len=73.6
[gat-train] update=1858 samples=297280 fps=19.3 loss=0.0424 actor=-0.0889 value=0.1557 entropy=2.4462 mean_return=14.314 mean_len=73.3
[gat-train] update=1859 samples=297440 fps=19.3 loss=0.3009 actor=0.1125 value=0.2124 entropy=2.4017 mean_return=14.277 mean_len=73.1
[gat-train] update=1860 samples=297600 fps=19.3 loss=0.1543 actor=-0.1616 value=0.3390 entropy=2.3063 mean_return=14.258 mean_len=72.9
[gat-train] update=1861 samples=297760 fps=19.3 loss=-0.1676 actor=-0.3676 value=0.2234 entropy=2.3421 mean_return=14.260 mean_len=72.8
[gat-train] update=1862 samples=297920 fps=19.3 loss=0.0691 actor=-0.0414 value=0.1357 entropy=2.5121 mean_return=14.260 mean_len=72.8
[gat-train] update=1863 samples=298080 fps=19.3 loss=0.3645 actor=0.0922 value=0.2977 entropy=2.5454 mean_return=14.266 mean_len=72.8
[gat-train] update=1864 samples=298240 fps=19.3 loss=0.1103 actor=-0.1494 value=0.2838 entropy=2.4040 mean_return=14.236 mean_len=72.8
[gat-train] update=1865 samples=298400 fps=19.3 loss=0.3191 actor=0.0597 value=0.2814 entropy=2.2054 mean_return=14.101 mean_len=71.9
[gat-train] update=1866 samples=298560 fps=19.3 loss=-0.0384 actor=-0.2313 value=0.2135 entropy=2.0620 mean_return=14.068 mean_len=71.8
[gat-train] update=1867 samples=298720 fps=19.3 loss=0.0571 actor=-0.1013 value=0.1796 entropy=2.1217 mean_return=14.086 mean_len=71.9
[gat-train] update=1868 samples=298880 fps=19.3 loss=0.1453 actor=0.0307 value=0.1365 entropy=2.1956 mean_return=14.086 mean_len=71.9
[gat-train] update=1869 samples=299040 fps=19.3 loss=0.0151 actor=-0.2394 value=0.2755 entropy=2.1062 mean_return=14.143 mean_len=72.4
[gat-train] update=1870 samples=299200 fps=19.3 loss=0.6428 actor=0.1325 value=0.5308 entropy=2.0435 mean_return=14.175 mean_len=73.0
[gat-train] update=1871 samples=299360 fps=19.3 loss=-0.0118 actor=-0.1385 value=0.1468 entropy=2.0114 mean_return=14.218 mean_len=73.2
[gat-train] update=1872 samples=299520 fps=19.3 loss=0.2517 actor=0.0039 value=0.2681 entropy=2.0257 mean_return=14.244 mean_len=73.0
[gat-train] update=1873 samples=299680 fps=19.3 loss=0.0305 actor=-0.1466 value=0.1982 entropy=2.1052 mean_return=14.289 mean_len=73.5
[gat-train] update=1874 samples=299840 fps=19.3 loss=0.1824 actor=-0.1427 value=0.3470 entropy=2.1873 mean_return=14.334 mean_len=73.6
[gat-train] update=1875 samples=300000 fps=19.3 loss=0.3040 actor=-0.1867 value=0.5128 entropy=2.2072 mean_return=14.368 mean_len=73.7
[gat-train] update=1876 samples=300160 fps=19.3 loss=0.7070 actor=0.1050 value=0.6231 entropy=2.1112 mean_return=14.482 mean_len=74.7
[gat-train] update=1877 samples=300320 fps=19.3 loss=1.0977 actor=-0.3602 value=1.4789 entropy=2.0919 mean_return=14.232 mean_len=73.5
[gat-train] update=1878 samples=300480 fps=19.3 loss=0.4555 actor=0.0158 value=0.4605 entropy=2.0885 mean_return=14.263 mean_len=73.7
[gat-train] update=1879 samples=300640 fps=19.3 loss=0.5576 actor=-0.0192 value=0.5972 entropy=2.0330 mean_return=14.339 mean_len=74.1
[gat-train] update=1880 samples=300800 fps=19.3 loss=0.1172 actor=-0.1238 value=0.2605 entropy=1.9570 mean_return=14.369 mean_len=74.2
[gat-train] update=1881 samples=300960 fps=19.3 loss=0.6553 actor=0.2267 value=0.4488 entropy=2.0255 mean_return=14.399 mean_len=74.3
[gat-train] update=1882 samples=301120 fps=19.3 loss=1.0338 actor=0.2199 value=0.8331 entropy=1.9267 mean_return=14.525 mean_len=75.4
[gat-train] update=1883 samples=301280 fps=19.3 loss=-0.0953 actor=-0.2551 value=0.1789 entropy=1.9094 mean_return=14.525 mean_len=75.4
[gat-train] update=1884 samples=301440 fps=19.3 loss=0.0976 actor=-0.0642 value=0.1821 entropy=2.0371 mean_return=14.515 mean_len=75.2
[gat-train] update=1885 samples=301600 fps=19.3 loss=0.6248 actor=0.2335 value=0.4112 entropy=1.9982 mean_return=14.579 mean_len=75.6
[gat-train] update=1886 samples=301760 fps=19.3 loss=0.2740 actor=-0.0324 value=0.3267 entropy=2.0301 mean_return=14.569 mean_len=75.6
[gat-train] update=1887 samples=301920 fps=19.3 loss=0.6061 actor=0.0923 value=0.5342 entropy=2.0489 mean_return=14.650 mean_len=75.8
[gat-train] update=1888 samples=302080 fps=19.3 loss=0.6152 actor=0.3209 value=0.3156 entropy=2.1301 mean_return=14.678 mean_len=76.1
[gat-train] update=1889 samples=302240 fps=19.3 loss=0.1387 actor=-0.0557 value=0.2162 entropy=2.1748 mean_return=14.674 mean_len=75.9
[gat-train] update=1890 samples=302400 fps=19.3 loss=0.2339 actor=-0.1052 value=0.3614 entropy=2.2254 mean_return=14.817 mean_len=76.7
[gat-train] update=1891 samples=302560 fps=19.3 loss=0.5526 actor=0.2134 value=0.3615 entropy=2.2417 mean_return=14.856 mean_len=77.0
[gat-train] update=1892 samples=302720 fps=19.3 loss=0.1006 actor=-0.0563 value=0.1798 entropy=2.2890 mean_return=14.879 mean_len=77.2
[gat-train] update=1893 samples=302880 fps=19.3 loss=-0.0349 actor=-0.3476 value=0.3363 entropy=2.3672 mean_return=14.912 mean_len=77.3
[gat-train] update=1894 samples=303040 fps=19.3 loss=0.5074 actor=0.1019 value=0.4286 entropy=2.3023 mean_return=14.933 mean_len=77.3
[gat-train] update=1895 samples=303200 fps=19.3 loss=0.2894 actor=0.0238 value=0.2882 entropy=2.2555 mean_return=14.965 mean_len=77.5
[gat-train] update=1896 samples=303360 fps=19.3 loss=1.0150 actor=0.2341 value=0.8040 entropy=2.3087 mean_return=15.032 mean_len=77.6
[gat-train] update=1897 samples=303520 fps=19.3 loss=0.8363 actor=0.2914 value=0.5679 entropy=2.3006 mean_return=15.048 mean_len=78.0
[gat-train] update=1898 samples=303680 fps=19.3 loss=0.6580 actor=0.1476 value=0.5319 entropy=2.1535 mean_return=15.032 mean_len=78.1
[gat-train] update=1899 samples=303840 fps=19.3 loss=0.0639 actor=-0.0552 value=0.1416 entropy=2.2451 mean_return=14.989 mean_len=77.7
[gat-train] update=1900 samples=304000 fps=19.3 loss=0.0256 actor=-0.1491 value=0.1972 entropy=2.2459 mean_return=15.250 mean_len=78.5
[gat-train] eval update=1900 comp_score=84.51 best=86.04
[gat-train] update=1901 samples=304160 fps=19.3 loss=0.2523 actor=0.0637 value=0.2124 entropy=2.3791 mean_return=15.238 mean_len=78.4
[gat-train] update=1902 samples=304320 fps=19.3 loss=0.0882 actor=-0.2471 value=0.3586 entropy=2.3343 mean_return=15.150 mean_len=78.5
[gat-train] update=1903 samples=304480 fps=19.3 loss=-0.0650 actor=-0.1847 value=0.1448 entropy=2.5075 mean_return=15.150 mean_len=78.5
[gat-train] update=1904 samples=304640 fps=19.3 loss=0.2153 actor=0.1103 value=0.1315 entropy=2.6431 mean_return=15.103 mean_len=78.3
[gat-train] update=1905 samples=304800 fps=19.3 loss=0.1781 actor=-0.0004 value=0.2039 entropy=2.5313 mean_return=15.106 mean_len=77.9
[gat-train] update=1906 samples=304960 fps=19.3 loss=0.0332 actor=-0.1503 value=0.2082 entropy=2.4672 mean_return=15.095 mean_len=78.0
[gat-train] update=1907 samples=305120 fps=19.3 loss=0.2642 actor=0.0590 value=0.2291 entropy=2.3920 mean_return=15.055 mean_len=77.5
[gat-train] update=1908 samples=305280 fps=19.3 loss=0.0445 actor=-0.0962 value=0.1654 entropy=2.4695 mean_return=15.055 mean_len=77.5
[gat-train] update=1909 samples=305440 fps=19.3 loss=0.0609 actor=-0.1553 value=0.2395 entropy=2.3336 mean_return=14.948 mean_len=76.7
[gat-train] update=1910 samples=305600 fps=19.3 loss=0.0479 actor=-0.2130 value=0.2831 entropy=2.2264 mean_return=14.924 mean_len=76.6
[gat-train] update=1911 samples=305760 fps=19.3 loss=0.0447 actor=-0.0896 value=0.1556 entropy=2.1325 mean_return=14.879 mean_len=76.2
[gat-train] update=1912 samples=305920 fps=19.3 loss=0.5077 actor=0.0588 value=0.4708 entropy=2.1864 mean_return=14.846 mean_len=76.3
[gat-train] update=1913 samples=306080 fps=19.3 loss=0.1070 actor=-0.1745 value=0.3021 entropy=2.0665 mean_return=14.805 mean_len=76.1
[gat-train] update=1914 samples=306240 fps=19.3 loss=0.4392 actor=0.0696 value=0.3884 entropy=1.8687 mean_return=14.773 mean_len=75.6
[gat-train] update=1915 samples=306400 fps=19.3 loss=0.1195 actor=-0.0472 value=0.1861 entropy=1.9364 mean_return=14.796 mean_len=75.7
[gat-train] update=1916 samples=306560 fps=19.3 loss=0.5706 actor=0.1269 value=0.4636 entropy=1.9878 mean_return=14.817 mean_len=76.0
[gat-train] update=1917 samples=306720 fps=19.3 loss=0.0990 actor=-0.1865 value=0.3053 entropy=1.9801 mean_return=14.764 mean_len=75.6
[gat-train] update=1918 samples=306880 fps=19.3 loss=0.4497 actor=0.0655 value=0.4025 entropy=1.8238 mean_return=14.695 mean_len=75.3
[gat-train] update=1919 samples=307040 fps=19.3 loss=-0.0232 actor=-0.1287 value=0.1257 entropy=2.0160 mean_return=14.675 mean_len=75.2
[gat-train] update=1920 samples=307200 fps=19.3 loss=0.2915 actor=0.1154 value=0.1963 entropy=2.0266 mean_return=14.676 mean_len=75.0
[gat-train] update=1921 samples=307360 fps=19.3 loss=0.1879 actor=-0.0006 value=0.2091 entropy=2.0627 mean_return=14.658 mean_len=74.9
[gat-train] update=1922 samples=307520 fps=19.3 loss=0.9005 actor=0.2684 value=0.6513 entropy=1.9164 mean_return=14.694 mean_len=74.8
[gat-train] update=1923 samples=307680 fps=19.3 loss=0.0826 actor=-0.0658 value=0.1677 entropy=1.9298 mean_return=14.698 mean_len=75.0
[gat-train] update=1924 samples=307840 fps=19.3 loss=0.2224 actor=0.0384 value=0.2049 entropy=2.0898 mean_return=14.698 mean_len=75.1
[gat-train] update=1925 samples=308000 fps=19.3 loss=0.3379 actor=-0.0548 value=0.4141 entropy=2.1359 mean_return=14.702 mean_len=75.1
[gat-train] update=1926 samples=308160 fps=19.3 loss=-0.0302 actor=-0.1893 value=0.1819 entropy=2.2847 mean_return=14.702 mean_len=75.1
[gat-train] update=1927 samples=308320 fps=19.3 loss=0.2943 actor=0.1030 value=0.2134 entropy=2.2083 mean_return=14.689 mean_len=75.0
[gat-train] update=1928 samples=308480 fps=19.3 loss=0.3288 actor=-0.1514 value=0.5013 entropy=2.1125 mean_return=14.739 mean_len=75.3
[gat-train] update=1929 samples=308640 fps=19.3 loss=1.3668 actor=0.4799 value=0.9076 entropy=2.0609 mean_return=14.851 mean_len=75.9
[gat-train] update=1930 samples=308800 fps=19.3 loss=0.6679 actor=0.1369 value=0.5494 entropy=1.8441 mean_return=14.856 mean_len=76.2
[gat-train] update=1931 samples=308960 fps=19.3 loss=0.1608 actor=0.0768 value=0.1030 entropy=1.9007 mean_return=14.869 mean_len=76.3
[gat-train] update=1932 samples=309120 fps=19.3 loss=0.3323 actor=0.0238 value=0.3262 entropy=1.7656 mean_return=14.892 mean_len=76.5
[gat-train] update=1933 samples=309280 fps=19.3 loss=0.2872 actor=0.0855 value=0.2203 entropy=1.8620 mean_return=14.929 mean_len=76.9
[gat-train] update=1934 samples=309440 fps=19.3 loss=0.5609 actor=-0.0115 value=0.5905 entropy=1.8160 mean_return=15.071 mean_len=77.7
[gat-train] update=1935 samples=309600 fps=19.3 loss=-0.1261 actor=-0.2502 value=0.1442 entropy=2.0121 mean_return=15.071 mean_len=77.7
[gat-train] update=1936 samples=309760 fps=19.3 loss=-0.0444 actor=-0.1264 value=0.1016 entropy=1.9668 mean_return=15.042 mean_len=77.4
[gat-train] update=1937 samples=309920 fps=19.3 loss=0.3300 actor=-0.0164 value=0.3658 entropy=1.9437 mean_return=15.102 mean_len=77.6
[gat-train] update=1938 samples=310080 fps=19.3 loss=0.3039 actor=0.0582 value=0.2655 entropy=1.9804 mean_return=15.102 mean_len=77.8
[gat-train] update=1939 samples=310240 fps=19.3 loss=-0.1710 actor=-0.3606 value=0.2099 entropy=2.0302 mean_return=15.102 mean_len=77.8
[gat-train] update=1940 samples=310400 fps=19.3 loss=0.5849 actor=0.0218 value=0.5842 entropy=2.1076 mean_return=15.121 mean_len=78.2
[gat-train] update=1941 samples=310560 fps=19.3 loss=0.5453 actor=-0.0159 value=0.5817 entropy=2.0536 mean_return=15.143 mean_len=78.0
[gat-train] update=1942 samples=310720 fps=19.3 loss=0.2078 actor=0.0394 value=0.1883 entropy=1.9931 mean_return=15.087 mean_len=77.9
[gat-train] update=1943 samples=310880 fps=19.3 loss=-0.0110 actor=-0.1271 value=0.1372 entropy=2.1019 mean_return=15.087 mean_len=77.9
[gat-train] update=1944 samples=311040 fps=19.3 loss=2.5401 actor=-1.1239 value=3.6850 entropy=2.0857 mean_return=14.899 mean_len=76.7
[gat-train] update=1945 samples=311200 fps=19.3 loss=0.1445 actor=-0.1165 value=0.2804 entropy=1.9360 mean_return=14.939 mean_len=76.8
[gat-train] update=1946 samples=311360 fps=19.3 loss=0.5259 actor=0.2050 value=0.3397 entropy=1.8806 mean_return=14.884 mean_len=76.5
[gat-train] update=1947 samples=311520 fps=19.3 loss=0.1273 actor=-0.1566 value=0.3030 entropy=1.9037 mean_return=14.997 mean_len=77.4
[gat-train] update=1948 samples=311680 fps=19.3 loss=0.1817 actor=-0.0364 value=0.2373 entropy=1.9197 mean_return=14.986 mean_len=77.2
[gat-train] update=1949 samples=311840 fps=19.3 loss=0.9224 actor=0.4301 value=0.5120 entropy=1.9677 mean_return=14.960 mean_len=77.1
[gat-train] update=1950 samples=312000 fps=19.3 loss=-0.0727 actor=-0.1728 value=0.1215 entropy=2.1381 mean_return=14.960 mean_len=77.1
[gat-train] eval update=1950 comp_score=84.56 best=86.04
[gat-train] update=1951 samples=312160 fps=19.3 loss=0.0127 actor=-0.1411 value=0.1774 entropy=2.3588 mean_return=14.918 mean_len=76.9
[gat-train] update=1952 samples=312320 fps=19.3 loss=0.0920 actor=-0.0701 value=0.1855 entropy=2.3396 mean_return=14.890 mean_len=76.7
[gat-train] update=1953 samples=312480 fps=19.3 loss=0.3335 actor=0.0442 value=0.3128 entropy=2.3519 mean_return=14.895 mean_len=76.6
[gat-train] update=1954 samples=312640 fps=19.3 loss=0.0429 actor=-0.1995 value=0.2656 entropy=2.3219 mean_return=14.903 mean_len=76.7
[gat-train] update=1955 samples=312800 fps=19.3 loss=0.3615 actor=0.1153 value=0.2713 entropy=2.5066 mean_return=14.883 mean_len=76.6
[gat-train] update=1956 samples=312960 fps=19.3 loss=0.2551 actor=-0.0781 value=0.3565 entropy=2.3342 mean_return=14.882 mean_len=76.5
[gat-train] update=1957 samples=313120 fps=19.3 loss=0.2135 actor=-0.0346 value=0.2726 entropy=2.4545 mean_return=14.912 mean_len=76.8
[gat-train] update=1958 samples=313280 fps=19.3 loss=-0.0189 actor=-0.2666 value=0.2731 entropy=2.5347 mean_return=14.886 mean_len=76.3
[gat-train] update=1959 samples=313440 fps=19.3 loss=0.1760 actor=-0.0892 value=0.2896 entropy=2.4443 mean_return=14.867 mean_len=76.3
[gat-train] update=1960 samples=313600 fps=19.3 loss=0.4407 actor=-0.0923 value=0.5554 entropy=2.2376 mean_return=14.831 mean_len=76.2
[gat-train] update=1961 samples=313760 fps=19.3 loss=0.1463 actor=-0.0360 value=0.2045 entropy=2.2231 mean_return=14.839 mean_len=75.9
[gat-train] update=1962 samples=313920 fps=19.3 loss=0.2894 actor=-0.0083 value=0.3193 entropy=2.1546 mean_return=14.832 mean_len=75.8
[gat-train] update=1963 samples=314080 fps=19.3 loss=0.5493 actor=0.1498 value=0.4200 entropy=2.0452 mean_return=14.750 mean_len=75.6
[gat-train] update=1964 samples=314240 fps=19.3 loss=0.0306 actor=-0.0657 value=0.1173 entropy=2.1017 mean_return=14.763 mean_len=75.8
[gat-train] update=1965 samples=314400 fps=19.3 loss=0.0227 actor=-0.1979 value=0.2425 entropy=2.1885 mean_return=14.750 mean_len=75.1
[gat-train] update=1966 samples=314560 fps=19.3 loss=0.1878 actor=-0.1048 value=0.3160 entropy=2.3399 mean_return=14.985 mean_len=76.5
[gat-train] update=1967 samples=314720 fps=19.3 loss=0.1368 actor=0.0064 value=0.1530 entropy=2.2638 mean_return=14.940 mean_len=76.2
[gat-train] update=1968 samples=314880 fps=19.3 loss=0.2620 actor=0.0762 value=0.2082 entropy=2.2330 mean_return=14.933 mean_len=76.5
[gat-train] update=1969 samples=315040 fps=19.3 loss=0.0253 actor=-0.1505 value=0.1978 entropy=2.1980 mean_return=14.949 mean_len=76.3
[gat-train] update=1970 samples=315200 fps=19.3 loss=0.1887 actor=-0.0439 value=0.2537 entropy=2.1124 mean_return=14.908 mean_len=75.9
[gat-train] update=1971 samples=315360 fps=19.3 loss=0.0213 actor=-0.0982 value=0.1420 entropy=2.2513 mean_return=14.908 mean_len=75.9
[gat-train] update=1972 samples=315520 fps=19.3 loss=-0.0857 actor=-0.3145 value=0.2505 entropy=2.1642 mean_return=14.889 mean_len=75.9
[gat-train] update=1973 samples=315680 fps=19.3 loss=0.4174 actor=0.1409 value=0.2976 entropy=2.1125 mean_return=14.931 mean_len=76.3
[gat-train] update=1974 samples=315840 fps=19.3 loss=0.0462 actor=-0.3017 value=0.3681 entropy=2.0209 mean_return=14.880 mean_len=76.2
[gat-train] update=1975 samples=316000 fps=19.3 loss=-0.0270 actor=-0.1569 value=0.1500 entropy=2.0095 mean_return=14.870 mean_len=76.2
[gat-train] update=1976 samples=316160 fps=19.3 loss=3.4373 actor=-0.4716 value=3.9285 entropy=1.9613 mean_return=14.586 mean_len=74.7
[gat-train] update=1977 samples=316320 fps=19.3 loss=0.1697 actor=-0.0786 value=0.2674 entropy=1.9148 mean_return=14.603 mean_len=74.8
[gat-train] update=1978 samples=316480 fps=19.3 loss=0.3715 actor=-0.0145 value=0.4056 entropy=1.9614 mean_return=14.605 mean_len=74.8
[gat-train] update=1979 samples=316640 fps=19.3 loss=1.0354 actor=0.2725 value=0.7808 entropy=1.7941 mean_return=14.646 mean_len=75.3
[gat-train] update=1980 samples=316800 fps=19.3 loss=3.8623 actor=-0.5991 value=4.4798 entropy=1.8381 mean_return=14.434 mean_len=74.5
[gat-train] update=1981 samples=316960 fps=19.3 loss=0.0359 actor=-0.2158 value=0.2703 entropy=1.8552 mean_return=14.432 mean_len=74.2
[gat-train] update=1982 samples=317120 fps=19.3 loss=0.5430 actor=0.1252 value=0.4365 entropy=1.8628 mean_return=14.461 mean_len=74.6
[gat-train] update=1983 samples=317280 fps=19.3 loss=0.5190 actor=0.1934 value=0.3448 entropy=1.9242 mean_return=14.505 mean_len=75.1
[gat-train] update=1984 samples=317440 fps=19.3 loss=0.3024 actor=-0.0424 value=0.3635 entropy=1.8802 mean_return=14.481 mean_len=75.4
[gat-train] update=1985 samples=317600 fps=19.3 loss=0.2414 actor=-0.2479 value=0.5085 entropy=1.9167 mean_return=14.546 mean_len=75.6
[gat-train] update=1986 samples=317760 fps=19.3 loss=0.5071 actor=0.1631 value=0.3638 entropy=1.9880 mean_return=14.567 mean_len=75.7
[gat-train] update=1987 samples=317920 fps=19.3 loss=2.1674 actor=-0.4658 value=2.6534 entropy=2.0164 mean_return=14.285 mean_len=74.2
[gat-train] update=1988 samples=318080 fps=19.3 loss=0.0894 actor=-0.1417 value=0.2520 entropy=2.0968 mean_return=14.298 mean_len=74.2
[gat-train] update=1989 samples=318240 fps=19.3 loss=0.3124 actor=0.1001 value=0.2333 entropy=2.0953 mean_return=14.271 mean_len=74.2
[gat-train] update=1990 samples=318400 fps=19.3 loss=0.0109 actor=-0.2775 value=0.3088 entropy=2.0334 mean_return=14.311 mean_len=74.4
[gat-train] update=1991 samples=318560 fps=19.3 loss=0.2733 actor=-0.0768 value=0.3704 entropy=2.0282 mean_return=14.405 mean_len=75.4
[gat-train] update=1992 samples=318720 fps=19.3 loss=0.5970 actor=0.0649 value=0.5529 entropy=2.0847 mean_return=14.431 mean_len=75.7
[gat-train] update=1993 samples=318880 fps=19.3 loss=1.6461 actor=-0.0254 value=1.6918 entropy=2.0198 mean_return=14.259 mean_len=74.7
[gat-train] update=1994 samples=319040 fps=19.3 loss=0.0385 actor=-0.1739 value=0.2311 entropy=1.8686 mean_return=14.278 mean_len=74.9
[gat-train] update=1995 samples=319200 fps=19.3 loss=0.8509 actor=0.3183 value=0.5526 entropy=1.9934 mean_return=14.314 mean_len=75.0
[gat-train] update=1996 samples=319360 fps=19.3 loss=0.5271 actor=0.0772 value=0.4708 entropy=2.0967 mean_return=14.355 mean_len=75.1
[gat-train] update=1997 samples=319520 fps=19.3 loss=0.5386 actor=0.2130 value=0.3464 entropy=2.0808 mean_return=14.367 mean_len=75.4
[gat-train] update=1998 samples=319680 fps=19.3 loss=0.0875 actor=-0.1947 value=0.3038 entropy=2.1651 mean_return=14.694 mean_len=77.0
[gat-train] update=1999 samples=319840 fps=19.3 loss=0.0793 actor=-0.0656 value=0.1676 entropy=2.2704 mean_return=14.681 mean_len=76.8
[gat-train] update=2000 samples=320000 fps=19.3 loss=0.7800 actor=0.2504 value=0.5521 entropy=2.2612 mean_return=14.693 mean_len=77.0
[gat-train] eval update=2000 comp_score=85.40 best=86.04
[gat-train] update=2001 samples=320160 fps=19.3 loss=0.2020 actor=-0.1000 value=0.3252 entropy=2.3229 mean_return=14.688 mean_len=77.0
[gat-train] update=2002 samples=320320 fps=19.3 loss=0.2168 actor=0.0189 value=0.2209 entropy=2.3001 mean_return=14.688 mean_len=77.0
[gat-train] update=2003 samples=320480 fps=19.3 loss=0.3978 actor=0.0028 value=0.4190 entropy=2.4000 mean_return=14.682 mean_len=77.0
[gat-train] update=2004 samples=320640 fps=19.3 loss=-0.1425 actor=-0.3544 value=0.2348 entropy=2.2883 mean_return=14.648 mean_len=76.7
[gat-train] update=2005 samples=320800 fps=19.3 loss=0.2302 actor=-0.0486 value=0.3015 entropy=2.2580 mean_return=14.841 mean_len=77.5
[gat-train] update=2006 samples=320960 fps=19.3 loss=0.0376 actor=-0.1534 value=0.2141 entropy=2.3116 mean_return=14.841 mean_len=77.5
[gat-train] update=2007 samples=321120 fps=19.3 loss=0.5695 actor=0.2585 value=0.3325 entropy=2.1552 mean_return=14.791 mean_len=76.9
[gat-train] update=2008 samples=321280 fps=19.3 loss=0.2542 actor=-0.1224 value=0.3957 entropy=1.9094 mean_return=14.644 mean_len=75.7
[gat-train] update=2009 samples=321440 fps=19.3 loss=0.4944 actor=0.2131 value=0.3016 entropy=2.0292 mean_return=14.611 mean_len=75.4
[gat-train] update=2010 samples=321600 fps=19.3 loss=-0.0675 actor=-0.1703 value=0.1240 entropy=2.1143 mean_return=14.884 mean_len=76.7
[gat-train] update=2011 samples=321760 fps=19.3 loss=0.2826 actor=0.0522 value=0.2518 entropy=2.1460 mean_return=14.904 mean_len=76.9
[gat-train] update=2012 samples=321920 fps=19.3 loss=-0.0464 actor=-0.3874 value=0.3638 entropy=2.2803 mean_return=14.859 mean_len=76.5
[gat-train] update=2013 samples=322080 fps=19.3 loss=0.9461 actor=0.3623 value=0.6073 entropy=2.3507 mean_return=14.829 mean_len=76.0
[gat-train] update=2014 samples=322240 fps=19.3 loss=-0.1375 actor=-0.2592 value=0.1444 entropy=2.2740 mean_return=14.817 mean_len=75.9
[gat-train] update=2015 samples=322400 fps=19.3 loss=0.5956 actor=0.3743 value=0.2442 entropy=2.2926 mean_return=15.073 mean_len=77.3
[gat-train] update=2016 samples=322560 fps=19.3 loss=0.1921 actor=-0.1717 value=0.3862 entropy=2.2498 mean_return=15.057 mean_len=77.0
[gat-train] update=2017 samples=322720 fps=19.3 loss=-0.1778 actor=-0.3258 value=0.1722 entropy=2.4294 mean_return=15.057 mean_len=77.0
[gat-train] update=2018 samples=322880 fps=19.3 loss=0.1250 actor=-0.1177 value=0.2679 entropy=2.5195 mean_return=15.045 mean_len=76.9
[gat-train] update=2019 samples=323040 fps=19.3 loss=0.4230 actor=0.1661 value=0.2817 entropy=2.4817 mean_return=15.015 mean_len=77.0
[gat-train] update=2020 samples=323200 fps=19.3 loss=0.0906 actor=-0.0384 value=0.1521 entropy=2.3074 mean_return=14.909 mean_len=76.2
[gat-train] update=2021 samples=323360 fps=19.3 loss=0.1130 actor=-0.0996 value=0.2356 entropy=2.2979 mean_return=14.902 mean_len=76.2
[gat-train] update=2022 samples=323520 fps=19.3 loss=0.1762 actor=-0.1450 value=0.3441 entropy=2.2874 mean_return=14.888 mean_len=76.1
[gat-train] update=2023 samples=323680 fps=19.3 loss=0.2893 actor=0.0648 value=0.2476 entropy=2.3082 mean_return=14.840 mean_len=75.8
[gat-train] update=2024 samples=323840 fps=19.3 loss=0.5537 actor=0.1362 value=0.4385 entropy=2.0991 mean_return=14.778 mean_len=75.4
[gat-train] update=2025 samples=324000 fps=19.3 loss=0.2657 actor=-0.0915 value=0.3771 entropy=1.9900 mean_return=14.801 mean_len=75.7
[gat-train] update=2026 samples=324160 fps=19.3 loss=0.2610 actor=-0.0026 value=0.2841 entropy=2.0476 mean_return=14.748 mean_len=75.2
[gat-train] update=2027 samples=324320 fps=19.3 loss=0.6015 actor=0.2380 value=0.3857 entropy=2.2196 mean_return=14.799 mean_len=75.4
[gat-train] update=2028 samples=324480 fps=19.3 loss=0.1289 actor=0.0332 value=0.1186 entropy=2.2906 mean_return=14.799 mean_len=75.4
[gat-train] update=2029 samples=324640 fps=19.3 loss=0.4807 actor=0.0002 value=0.5038 entropy=2.3344 mean_return=14.797 mean_len=75.6
[gat-train] update=2030 samples=324800 fps=19.3 loss=0.4360 actor=0.1398 value=0.3204 entropy=2.4152 mean_return=14.785 mean_len=75.4
[gat-train] update=2031 samples=324960 fps=19.3 loss=0.0433 actor=-0.0871 value=0.1558 entropy=2.5389 mean_return=14.785 mean_len=75.4
[gat-train] update=2032 samples=325120 fps=19.3 loss=0.4272 actor=0.0969 value=0.3566 entropy=2.6219 mean_return=14.796 mean_len=75.6
[gat-train] update=2033 samples=325280 fps=19.3 loss=-0.1282 actor=-0.2373 value=0.1354 entropy=2.6361 mean_return=14.796 mean_len=75.6
[gat-train] update=2034 samples=325440 fps=19.3 loss=0.0266 actor=-0.2426 value=0.2951 entropy=2.5907 mean_return=14.784 mean_len=75.8
[gat-train] update=2035 samples=325600 fps=19.3 loss=0.1773 actor=0.0115 value=0.1915 entropy=2.5706 mean_return=14.785 mean_len=76.0
[gat-train] update=2036 samples=325760 fps=19.3 loss=0.1839 actor=-0.0230 value=0.2323 entropy=2.5448 mean_return=14.770 mean_len=75.9
[gat-train] update=2037 samples=325920 fps=19.3 loss=-0.1725 actor=-0.3895 value=0.2417 entropy=2.4701 mean_return=14.764 mean_len=75.8
[gat-train] update=2038 samples=326080 fps=19.3 loss=0.3825 actor=-0.0321 value=0.4374 entropy=2.2800 mean_return=14.688 mean_len=75.4
[gat-train] update=2039 samples=326240 fps=19.3 loss=0.2977 actor=0.0543 value=0.2659 entropy=2.2406 mean_return=14.616 mean_len=75.1
[gat-train] update=2040 samples=326400 fps=19.3 loss=-0.2607 actor=-0.3430 value=0.1056 entropy=2.3414 mean_return=14.616 mean_len=75.1
[gat-train] update=2041 samples=326560 fps=19.3 loss=0.1833 actor=-0.1467 value=0.3526 entropy=2.2575 mean_return=14.627 mean_len=74.9
[gat-train] update=2042 samples=326720 fps=19.3 loss=0.0488 actor=-0.1201 value=0.1920 entropy=2.3110 mean_return=14.662 mean_len=75.1
[gat-train] update=2043 samples=326880 fps=19.3 loss=0.5188 actor=0.0659 value=0.4770 entropy=2.4101 mean_return=14.659 mean_len=75.1
[gat-train] update=2044 samples=327040 fps=19.3 loss=0.1353 actor=-0.0520 value=0.2112 entropy=2.3902 mean_return=14.666 mean_len=75.2
[gat-train] update=2045 samples=327200 fps=19.3 loss=0.1568 actor=-0.0480 value=0.2293 entropy=2.4505 mean_return=14.646 mean_len=75.1
[gat-train] update=2046 samples=327360 fps=19.3 loss=0.2131 actor=0.0269 value=0.2119 entropy=2.5763 mean_return=14.655 mean_len=75.3
[gat-train] update=2047 samples=327520 fps=19.3 loss=0.0465 actor=-0.1654 value=0.2361 entropy=2.4262 mean_return=14.604 mean_len=74.5
[gat-train] update=2048 samples=327680 fps=19.3 loss=-0.2036 actor=-0.2864 value=0.1083 entropy=2.5467 mean_return=14.604 mean_len=74.5
[gat-train] update=2049 samples=327840 fps=19.3 loss=0.3345 actor=0.1217 value=0.2391 entropy=2.6291 mean_return=14.592 mean_len=74.6
[gat-train] update=2050 samples=328000 fps=19.3 loss=0.5889 actor=0.0131 value=0.6004 entropy=2.4531 mean_return=14.602 mean_len=74.7
[gat-train] eval update=2050 comp_score=85.65 best=86.04
[gat-train] update=2051 samples=328160 fps=19.3 loss=0.3615 actor=0.0229 value=0.3618 entropy=2.3231 mean_return=14.590 mean_len=75.0
[gat-train] update=2052 samples=328320 fps=19.3 loss=0.8439 actor=0.3989 value=0.4670 entropy=2.1963 mean_return=14.568 mean_len=75.1
[gat-train] update=2053 samples=328480 fps=19.3 loss=0.3111 actor=0.0080 value=0.3226 entropy=1.9525 mean_return=14.552 mean_len=75.1
[gat-train] update=2054 samples=328640 fps=19.3 loss=0.3119 actor=0.0099 value=0.3213 entropy=1.9370 mean_return=14.556 mean_len=75.1
[gat-train] update=2055 samples=328800 fps=19.3 loss=0.1698 actor=-0.1923 value=0.3820 entropy=1.9874 mean_return=14.582 mean_len=75.6
[gat-train] update=2056 samples=328960 fps=19.3 loss=0.3398 actor=0.0683 value=0.2916 entropy=2.0064 mean_return=14.572 mean_len=75.5
[gat-train] update=2057 samples=329120 fps=19.3 loss=0.2301 actor=-0.1508 value=0.4006 entropy=1.9615 mean_return=14.595 mean_len=75.8
[gat-train] update=2058 samples=329280 fps=19.3 loss=0.0097 actor=-0.1117 value=0.1418 entropy=2.0477 mean_return=14.595 mean_len=75.8
[gat-train] update=2059 samples=329440 fps=19.3 loss=0.6705 actor=0.3676 value=0.3233 entropy=2.0329 mean_return=14.577 mean_len=75.8
[gat-train] update=2060 samples=329600 fps=19.3 loss=0.7065 actor=0.1374 value=0.5890 entropy=1.9860 mean_return=14.636 mean_len=76.6
[gat-train] update=2061 samples=329760 fps=19.3 loss=0.1997 actor=0.0277 value=0.1915 entropy=1.9416 mean_return=14.644 mean_len=76.5
[gat-train] update=2062 samples=329920 fps=19.3 loss=-0.0567 actor=-0.1336 value=0.0987 entropy=2.1775 mean_return=14.644 mean_len=76.5
[gat-train] update=2063 samples=330080 fps=19.3 loss=0.1164 actor=-0.0634 value=0.2017 entropy=2.2002 mean_return=14.658 mean_len=76.5
[gat-train] update=2064 samples=330240 fps=19.3 loss=-0.2655 actor=-0.4005 value=0.1582 entropy=2.3198 mean_return=14.664 mean_len=76.7
[gat-train] update=2065 samples=330400 fps=19.3 loss=-0.0323 actor=-0.1874 value=0.1777 entropy=2.2569 mean_return=14.668 mean_len=76.7
[gat-train] update=2066 samples=330560 fps=19.3 loss=0.1159 actor=-0.0142 value=0.1530 entropy=2.2906 mean_return=14.674 mean_len=76.6
[gat-train] update=2067 samples=330720 fps=19.3 loss=0.6975 actor=0.2307 value=0.4884 entropy=2.1573 mean_return=14.708 mean_len=77.1
[gat-train] update=2068 samples=330880 fps=19.3 loss=0.3388 actor=-0.1361 value=0.4965 entropy=2.1571 mean_return=14.708 mean_len=76.9
[gat-train] update=2069 samples=331040 fps=19.3 loss=0.5148 actor=0.1035 value=0.4324 entropy=2.1087 mean_return=14.758 mean_len=77.2
[gat-train] update=2070 samples=331200 fps=19.3 loss=0.0820 actor=-0.1653 value=0.2686 entropy=2.1271 mean_return=14.771 mean_len=77.4
[gat-train] update=2071 samples=331360 fps=19.3 loss=0.6217 actor=0.1141 value=0.5285 entropy=2.0824 mean_return=14.844 mean_len=77.6
[gat-train] update=2072 samples=331520 fps=19.3 loss=0.3948 actor=0.0878 value=0.3283 entropy=2.1237 mean_return=14.943 mean_len=78.4
[gat-train] update=2073 samples=331680 fps=19.3 loss=1.0995 actor=0.3419 value=0.7777 entropy=2.0080 mean_return=14.947 mean_len=78.2
[gat-train] update=2074 samples=331840 fps=19.3 loss=0.3057 actor=-0.0331 value=0.3582 entropy=1.9405 mean_return=14.973 mean_len=78.4
[gat-train] update=2075 samples=332000 fps=19.3 loss=0.4462 actor=-0.0640 value=0.5299 entropy=1.9743 mean_return=15.036 mean_len=78.6
[gat-train] update=2076 samples=332160 fps=19.3 loss=0.4024 actor=-0.0081 value=0.4290 entropy=1.8568 mean_return=15.043 mean_len=78.9
[gat-train] update=2077 samples=332320 fps=19.3 loss=0.4685 actor=0.0386 value=0.4490 entropy=1.9137 mean_return=15.082 mean_len=79.1
[gat-train] update=2078 samples=332480 fps=19.3 loss=-0.1142 actor=-0.2637 value=0.1701 entropy=2.0640 mean_return=15.082 mean_len=79.1
[gat-train] update=2079 samples=332640 fps=19.3 loss=-0.0247 actor=-0.1989 value=0.1958 entropy=2.1630 mean_return=15.086 mean_len=79.2
[gat-train] update=2080 samples=332800 fps=19.3 loss=-0.2062 actor=-0.3418 value=0.1572 entropy=2.1599 mean_return=15.086 mean_len=79.2
[gat-train] update=2081 samples=332960 fps=19.3 loss=0.1335 actor=-0.0225 value=0.1782 entropy=2.2193 mean_return=15.090 mean_len=79.2
[gat-train] update=2082 samples=333120 fps=19.3 loss=0.4091 actor=0.1053 value=0.3251 entropy=2.1292 mean_return=15.083 mean_len=78.8
[gat-train] update=2083 samples=333280 fps=19.3 loss=0.8469 actor=0.1475 value=0.7199 entropy=2.0453 mean_return=15.160 mean_len=79.3
[gat-train] update=2084 samples=333440 fps=19.3 loss=0.2555 actor=0.0288 value=0.2451 entropy=1.8428 mean_return=15.187 mean_len=79.4
[gat-train] update=2085 samples=333600 fps=19.3 loss=0.0989 actor=0.0027 value=0.1160 entropy=1.9713 mean_return=15.187 mean_len=79.4
[gat-train] update=2086 samples=333760 fps=19.3 loss=0.2493 actor=0.0606 value=0.2089 entropy=2.0234 mean_return=15.207 mean_len=79.6
[gat-train] update=2087 samples=333920 fps=19.3 loss=0.6385 actor=-0.0493 value=0.7071 entropy=1.9316 mean_return=15.194 mean_len=79.8
[gat-train] update=2088 samples=334080 fps=19.3 loss=0.1150 actor=-0.0743 value=0.2095 entropy=2.0221 mean_return=15.194 mean_len=79.8
[gat-train] update=2089 samples=334240 fps=19.3 loss=0.4460 actor=0.1139 value=0.3506 entropy=1.8567 mean_return=15.196 mean_len=80.1
[gat-train] update=2090 samples=334400 fps=19.3 loss=0.3138 actor=-0.0080 value=0.3403 entropy=1.8498 mean_return=15.212 mean_len=80.1
[gat-train] update=2091 samples=334560 fps=19.3 loss=0.4546 actor=-0.0217 value=0.4938 entropy=1.7505 mean_return=15.187 mean_len=80.1
[gat-train] update=2092 samples=334720 fps=19.3 loss=0.1014 actor=-0.0109 value=0.1305 entropy=1.8173 mean_return=15.187 mean_len=80.1
[gat-train] update=2093 samples=334880 fps=19.3 loss=0.2874 actor=0.0680 value=0.2389 entropy=1.9508 mean_return=15.191 mean_len=80.0
[gat-train] update=2094 samples=335040 fps=19.3 loss=0.6508 actor=0.0962 value=0.5743 entropy=1.9677 mean_return=15.225 mean_len=80.3
[gat-train] update=2095 samples=335200 fps=19.3 loss=0.0583 actor=-0.0448 value=0.1237 entropy=2.0607 mean_return=15.225 mean_len=80.3
[gat-train] update=2096 samples=335360 fps=19.3 loss=0.0038 actor=-0.0835 value=0.1081 entropy=2.0759 mean_return=15.225 mean_len=80.3
[gat-train] update=2097 samples=335520 fps=19.3 loss=0.1427 actor=0.0578 value=0.1053 entropy=2.0383 mean_return=15.224 mean_len=80.2
[gat-train] update=2098 samples=335680 fps=19.3 loss=0.4243 actor=0.0309 value=0.4119 entropy=1.8507 mean_return=15.187 mean_len=80.1
[gat-train] update=2099 samples=335840 fps=19.3 loss=0.2143 actor=-0.1354 value=0.3678 entropy=1.8054 mean_return=15.155 mean_len=80.0
[gat-train] update=2100 samples=336000 fps=19.3 loss=0.4925 actor=-0.1576 value=0.6677 entropy=1.7690 mean_return=15.211 mean_len=80.1
[gat-train] eval update=2100 comp_score=83.54 best=86.04
[gat-train] update=2101 samples=336160 fps=19.3 loss=3.2944 actor=-0.5896 value=3.9021 entropy=1.8048 mean_return=15.003 mean_len=78.6
[gat-train] update=2102 samples=336320 fps=19.3 loss=0.0478 actor=-0.1832 value=0.2474 entropy=1.6363 mean_return=15.038 mean_len=78.8
[gat-train] update=2103 samples=336480 fps=19.3 loss=0.1771 actor=-0.3613 value=0.5550 entropy=1.6549 mean_return=15.100 mean_len=78.8
[gat-train] update=2104 samples=336640 fps=19.3 loss=0.5525 actor=0.0100 value=0.5590 entropy=1.6553 mean_return=15.120 mean_len=79.0
[gat-train] update=2105 samples=336800 fps=19.3 loss=4.5827 actor=-0.8666 value=5.4650 entropy=1.5634 mean_return=14.592 mean_len=76.1
[gat-train] update=2106 samples=336960 fps=19.3 loss=0.5596 actor=0.0333 value=0.5411 entropy=1.4777 mean_return=14.640 mean_len=76.6
[gat-train] update=2107 samples=337120 fps=19.3 loss=3.7338 actor=-0.4389 value=4.1872 entropy=1.4543 mean_return=14.389 mean_len=75.0
[gat-train] update=2108 samples=337280 fps=19.3 loss=3.3490 actor=-0.7247 value=4.0892 entropy=1.5479 mean_return=13.830 mean_len=72.1
[gat-train] update=2109 samples=337440 fps=19.3 loss=0.3220 actor=0.0896 value=0.2500 entropy=1.7601 mean_return=13.851 mean_len=72.3
[gat-train] update=2110 samples=337600 fps=19.3 loss=0.0583 actor=-0.1369 value=0.2121 entropy=1.6953 mean_return=13.902 mean_len=72.5
[gat-train] update=2111 samples=337760 fps=19.3 loss=0.5358 actor=0.0525 value=0.4999 entropy=1.6667 mean_return=13.962 mean_len=72.7
[gat-train] update=2112 samples=337920 fps=19.3 loss=-0.0040 actor=-0.2336 value=0.2477 entropy=1.8107 mean_return=13.934 mean_len=72.3
[gat-train] update=2113 samples=338080 fps=19.3 loss=-0.1468 actor=-0.2860 value=0.1574 entropy=1.8088 mean_return=13.934 mean_len=72.3
[gat-train] update=2114 samples=338240 fps=19.3 loss=0.4875 actor=0.2646 value=0.2411 entropy=1.8146 mean_return=13.958 mean_len=72.6
[gat-train] update=2115 samples=338400 fps=19.3 loss=0.0077 actor=-0.3596 value=0.3864 entropy=1.9010 mean_return=14.015 mean_len=73.0
[gat-train] update=2116 samples=338560 fps=19.3 loss=0.1697 actor=-0.0499 value=0.2375 entropy=1.7927 mean_return=14.011 mean_len=72.9
[gat-train] update=2117 samples=338720 fps=19.3 loss=0.5814 actor=0.1335 value=0.4655 entropy=1.7605 mean_return=14.060 mean_len=73.4
[gat-train] update=2118 samples=338880 fps=19.3 loss=0.7326 actor=-0.0225 value=0.7715 entropy=1.6279 mean_return=14.045 mean_len=73.0
[gat-train] update=2119 samples=339040 fps=19.3 loss=0.2333 actor=-0.0440 value=0.2942 entropy=1.6806 mean_return=14.053 mean_len=73.2
[gat-train] update=2120 samples=339200 fps=19.3 loss=0.1355 actor=-0.0638 value=0.2163 entropy=1.6949 mean_return=14.082 mean_len=73.3
[gat-train] update=2121 samples=339360 fps=19.3 loss=0.6418 actor=0.1243 value=0.5342 entropy=1.6720 mean_return=14.117 mean_len=73.8
[gat-train] update=2122 samples=339520 fps=19.3 loss=0.2493 actor=0.0802 value=0.1859 entropy=1.6829 mean_return=14.117 mean_len=73.8
[gat-train] update=2123 samples=339680 fps=19.3 loss=0.5482 actor=-0.1003 value=0.6645 entropy=1.6008 mean_return=14.054 mean_len=73.6
[gat-train] update=2124 samples=339840 fps=19.3 loss=2.6097 actor=-0.2371 value=2.8641 entropy=1.7281 mean_return=14.023 mean_len=73.7
[gat-train] update=2125 samples=340000 fps=19.3 loss=1.1905 actor=0.1471 value=1.0602 entropy=1.6709 mean_return=14.000 mean_len=73.9
[gat-train] update=2126 samples=340160 fps=19.3 loss=0.1814 actor=-0.1159 value=0.3142 entropy=1.6955 mean_return=14.034 mean_len=74.4
[gat-train] update=2127 samples=340320 fps=19.3 loss=0.0424 actor=-0.1365 value=0.1964 entropy=1.7460 mean_return=14.051 mean_len=74.4
[gat-train] update=2128 samples=340480 fps=19.3 loss=0.4757 actor=0.1113 value=0.3830 entropy=1.8602 mean_return=14.039 mean_len=74.4
[gat-train] update=2129 samples=340640 fps=19.3 loss=0.4955 actor=0.0356 value=0.4790 entropy=1.9070 mean_return=14.608 mean_len=77.6
[gat-train] update=2130 samples=340800 fps=19.3 loss=-0.2257 actor=-0.3660 value=0.1602 entropy=1.9877 mean_return=14.608 mean_len=77.6
[gat-train] update=2131 samples=340960 fps=19.3 loss=0.2866 actor=0.0546 value=0.2531 entropy=2.1052 mean_return=14.608 mean_len=77.7
[gat-train] update=2132 samples=341120 fps=19.3 loss=0.5101 actor=0.0527 value=0.4782 entropy=2.0822 mean_return=14.855 mean_len=79.0
[gat-train] update=2133 samples=341280 fps=19.3 loss=0.3362 actor=-0.0510 value=0.4071 entropy=1.9929 mean_return=15.130 mean_len=80.2
[gat-train] update=2134 samples=341440 fps=19.3 loss=0.6532 actor=0.1928 value=0.4818 entropy=2.1382 mean_return=15.410 mean_len=81.5
[gat-train] update=2135 samples=341600 fps=19.3 loss=-0.1478 actor=-0.3557 value=0.2289 entropy=2.1070 mean_return=15.411 mean_len=81.2
[gat-train] update=2136 samples=341760 fps=19.3 loss=0.2409 actor=0.0279 value=0.2353 entropy=2.2374 mean_return=15.392 mean_len=81.0
[gat-train] update=2137 samples=341920 fps=19.3 loss=0.4544 actor=0.1352 value=0.3434 entropy=2.4187 mean_return=15.432 mean_len=81.3
[gat-train] update=2138 samples=342080 fps=19.3 loss=-0.0653 actor=-0.2291 value=0.1898 entropy=2.5895 mean_return=15.432 mean_len=81.3
[gat-train] update=2139 samples=342240 fps=19.3 loss=0.3027 actor=-0.0398 value=0.3695 entropy=2.7096 mean_return=15.425 mean_len=81.1
[gat-train] update=2140 samples=342400 fps=19.3 loss=0.1938 actor=-0.0785 value=0.2982 entropy=2.5925 mean_return=15.367 mean_len=80.7
[gat-train] update=2141 samples=342560 fps=19.3 loss=0.5105 actor=0.1428 value=0.3933 entropy=2.5633 mean_return=15.421 mean_len=81.2
[gat-train] update=2142 samples=342720 fps=19.3 loss=0.3020 actor=0.1152 value=0.2131 entropy=2.6358 mean_return=15.446 mean_len=81.4
[gat-train] update=2143 samples=342880 fps=19.3 loss=0.5938 actor=0.1946 value=0.4256 entropy=2.6438 mean_return=15.467 mean_len=81.4
[gat-train] update=2144 samples=343040 fps=19.3 loss=0.3314 actor=0.1360 value=0.2223 entropy=2.6864 mean_return=15.388 mean_len=80.8
[gat-train] update=2145 samples=343200 fps=19.3 loss=0.1638 actor=-0.1689 value=0.3576 entropy=2.4886 mean_return=15.295 mean_len=79.8
[gat-train] update=2146 samples=343360 fps=19.3 loss=0.1783 actor=-0.1239 value=0.3283 entropy=2.6129 mean_return=15.218 mean_len=79.0
[gat-train] update=2147 samples=343520 fps=19.3 loss=0.0818 actor=-0.0583 value=0.1670 entropy=2.6919 mean_return=15.200 mean_len=78.8
[gat-train] update=2148 samples=343680 fps=19.3 loss=-0.0947 actor=-0.2628 value=0.1940 entropy=2.5933 mean_return=15.380 mean_len=79.5
[gat-train] update=2149 samples=343840 fps=19.3 loss=0.2678 actor=0.0385 value=0.2558 entropy=2.6632 mean_return=15.248 mean_len=78.6
[gat-train] update=2150 samples=344000 fps=19.3 loss=0.0484 actor=-0.0816 value=0.1577 entropy=2.7737 mean_return=15.248 mean_len=78.6
[gat-train] eval update=2150 comp_score=85.75 best=86.04
[gat-train] update=2151 samples=344160 fps=19.3 loss=-0.1660 actor=-0.4206 value=0.2816 entropy=2.7000 mean_return=15.186 mean_len=77.9
[gat-train] update=2152 samples=344320 fps=19.3 loss=0.0464 actor=-0.0904 value=0.1642 entropy=2.7419 mean_return=15.100 mean_len=77.3
[gat-train] update=2153 samples=344480 fps=19.3 loss=0.1424 actor=-0.0325 value=0.2033 entropy=2.8324 mean_return=15.100 mean_len=77.3
[gat-train] update=2154 samples=344640 fps=19.3 loss=0.5674 actor=0.3679 value=0.2275 entropy=2.7981 mean_return=14.941 mean_len=76.2
[gat-train] update=2155 samples=344800 fps=19.3 loss=0.0365 actor=-0.2634 value=0.3280 entropy=2.8188 mean_return=14.959 mean_len=76.3
[gat-train] update=2156 samples=344960 fps=19.3 loss=0.0655 actor=-0.1023 value=0.1960 entropy=2.8212 mean_return=14.958 mean_len=76.5
[gat-train] update=2157 samples=345120 fps=19.3 loss=-0.0764 actor=-0.3184 value=0.2697 entropy=2.7759 mean_return=14.958 mean_len=76.5
[gat-train] update=2158 samples=345280 fps=19.3 loss=0.0767 actor=-0.1442 value=0.2476 entropy=2.6773 mean_return=14.908 mean_len=76.0
[gat-train] update=2159 samples=345440 fps=19.3 loss=0.1118 actor=-0.0943 value=0.2305 entropy=2.4392 mean_return=14.714 mean_len=74.9
[gat-train] update=2160 samples=345600 fps=19.3 loss=0.2125 actor=-0.0366 value=0.2720 entropy=2.2911 mean_return=14.561 mean_len=74.5
[gat-train] update=2161 samples=345760 fps=19.3 loss=-0.0342 actor=-0.1949 value=0.1843 entropy=2.3563 mean_return=14.513 mean_len=74.0
[gat-train] update=2162 samples=345920 fps=19.3 loss=-0.0362 actor=-0.1459 value=0.1340 entropy=2.4283 mean_return=14.461 mean_len=73.6
[gat-train] update=2163 samples=346080 fps=19.3 loss=0.0960 actor=-0.0789 value=0.2001 entropy=2.5166 mean_return=14.406 mean_len=73.2
[gat-train] update=2164 samples=346240 fps=19.3 loss=0.1679 actor=0.0210 value=0.1711 entropy=2.4237 mean_return=14.230 mean_len=72.5
[gat-train] update=2165 samples=346400 fps=19.3 loss=0.0642 actor=-0.0659 value=0.1555 entropy=2.5370 mean_return=14.230 mean_len=72.5
[gat-train] update=2166 samples=346560 fps=19.3 loss=0.2196 actor=0.0540 value=0.1895 entropy=2.3915 mean_return=14.169 mean_len=72.3
[gat-train] update=2167 samples=346720 fps=19.3 loss=0.0377 actor=-0.0501 value=0.1112 entropy=2.3364 mean_return=14.169 mean_len=72.3
[gat-train] update=2168 samples=346880 fps=19.3 loss=0.2285 actor=0.0573 value=0.1947 entropy=2.3422 mean_return=14.121 mean_len=71.8
[gat-train] update=2169 samples=347040 fps=19.3 loss=0.4345 actor=0.1065 value=0.3515 entropy=2.3564 mean_return=14.165 mean_len=72.4
[gat-train] update=2170 samples=347200 fps=19.3 loss=0.1989 actor=-0.1020 value=0.3236 entropy=2.2621 mean_return=14.166 mean_len=72.5
[gat-train] update=2171 samples=347360 fps=19.3 loss=0.1287 actor=-0.0740 value=0.2264 entropy=2.3782 mean_return=14.166 mean_len=72.5
[gat-train] update=2172 samples=347520 fps=19.3 loss=0.0773 actor=-0.1152 value=0.2161 entropy=2.3568 mean_return=14.179 mean_len=72.4
[gat-train] update=2173 samples=347680 fps=19.3 loss=0.0753 actor=-0.0677 value=0.1648 entropy=2.1754 mean_return=14.129 mean_len=72.1
[gat-train] update=2174 samples=347840 fps=19.3 loss=-0.0217 actor=-0.1660 value=0.1671 entropy=2.2837 mean_return=14.132 mean_len=72.2
[gat-train] update=2175 samples=348000 fps=19.3 loss=0.1489 actor=-0.1903 value=0.3603 entropy=2.1090 mean_return=14.127 mean_len=72.4
[gat-train] update=2176 samples=348160 fps=19.3 loss=0.0669 actor=-0.2262 value=0.3138 entropy=2.0644 mean_return=14.130 mean_len=72.5
[gat-train] update=2177 samples=348320 fps=19.3 loss=0.3101 actor=-0.0313 value=0.3608 entropy=1.9365 mean_return=14.169 mean_len=73.1
[gat-train] update=2178 samples=348480 fps=19.3 loss=0.6795 actor=0.1884 value=0.5110 entropy=1.9806 mean_return=14.236 mean_len=74.1
[gat-train] update=2179 samples=348640 fps=19.3 loss=0.2693 actor=0.0423 value=0.2452 entropy=1.8178 mean_return=14.196 mean_len=73.8
[gat-train] update=2180 samples=348800 fps=19.3 loss=0.3415 actor=-0.0185 value=0.3800 entropy=1.9990 mean_return=14.266 mean_len=74.4
[gat-train] update=2181 samples=348960 fps=19.3 loss=-0.1605 actor=-0.2723 value=0.1326 entropy=2.0779 mean_return=14.273 mean_len=74.3
[gat-train] update=2182 samples=349120 fps=19.3 loss=0.3231 actor=0.1688 value=0.1770 entropy=2.2726 mean_return=14.277 mean_len=74.4
[gat-train] update=2183 samples=349280 fps=19.3 loss=0.0321 actor=-0.1301 value=0.1842 entropy=2.2021 mean_return=14.284 mean_len=74.7
[gat-train] update=2184 samples=349440 fps=19.3 loss=0.7488 actor=0.3937 value=0.3781 entropy=2.3003 mean_return=14.348 mean_len=74.8
[gat-train] update=2185 samples=349600 fps=19.3 loss=0.7817 actor=0.0759 value=0.7283 entropy=2.2506 mean_return=14.481 mean_len=75.7
[gat-train] update=2186 samples=349760 fps=19.3 loss=0.1207 actor=0.0186 value=0.1243 entropy=2.2226 mean_return=14.481 mean_len=75.7
[gat-train] update=2187 samples=349920 fps=19.3 loss=-0.0350 actor=-0.2614 value=0.2489 entropy=2.2486 mean_return=14.500 mean_len=76.0
[gat-train] update=2188 samples=350080 fps=19.3 loss=0.0079 actor=-0.1664 value=0.1973 entropy=2.3027 mean_return=14.517 mean_len=76.2
[gat-train] update=2189 samples=350240 fps=19.3 loss=0.3408 actor=-0.0507 value=0.4131 entropy=2.1665 mean_return=14.622 mean_len=76.8
[gat-train] update=2190 samples=350400 fps=19.3 loss=0.1096 actor=-0.2095 value=0.3404 entropy=2.1341 mean_return=14.684 mean_len=76.8
[gat-train] update=2191 samples=350560 fps=19.3 loss=0.1273 actor=-0.1114 value=0.2609 entropy=2.2202 mean_return=14.699 mean_len=76.8
[gat-train] update=2192 samples=350720 fps=19.3 loss=0.5369 actor=0.0641 value=0.4953 entropy=2.2616 mean_return=14.770 mean_len=77.2
[gat-train] update=2193 samples=350880 fps=19.3 loss=0.6625 actor=0.3680 value=0.3153 entropy=2.0730 mean_return=14.859 mean_len=77.2
[gat-train] update=2194 samples=351040 fps=19.3 loss=0.7089 actor=0.1335 value=0.5943 entropy=1.8991 mean_return=14.967 mean_len=78.2
[gat-train] update=2195 samples=351200 fps=19.3 loss=0.3441 actor=0.0745 value=0.2886 entropy=1.9067 mean_return=15.020 mean_len=78.7
[gat-train] update=2196 samples=351360 fps=19.3 loss=0.2502 actor=0.0585 value=0.2133 entropy=2.1559 mean_return=15.020 mean_len=78.7
[gat-train] update=2197 samples=351520 fps=19.3 loss=0.2334 actor=0.1320 value=0.1247 entropy=2.3353 mean_return=14.991 mean_len=78.4
[gat-train] update=2198 samples=351680 fps=19.3 loss=0.2402 actor=-0.0592 value=0.3227 entropy=2.3322 mean_return=15.037 mean_len=78.5
[gat-train] update=2199 samples=351840 fps=19.3 loss=0.1156 actor=-0.0169 value=0.1556 entropy=2.3099 mean_return=15.046 mean_len=78.3
[gat-train] update=2200 samples=352000 fps=19.3 loss=0.2747 actor=0.1362 value=0.1620 entropy=2.3536 mean_return=15.044 mean_len=78.3
[gat-train] eval update=2200 comp_score=84.84 best=86.04
[gat-train] update=2201 samples=352160 fps=19.3 loss=0.2844 actor=-0.0442 value=0.3509 entropy=2.2299 mean_return=15.056 mean_len=77.7
[gat-train] update=2202 samples=352320 fps=19.3 loss=0.0921 actor=-0.1628 value=0.2775 entropy=2.2591 mean_return=15.063 mean_len=77.7
[gat-train] update=2203 samples=352480 fps=19.3 loss=0.2342 actor=-0.1314 value=0.3885 entropy=2.2907 mean_return=15.110 mean_len=77.8
[gat-train] update=2204 samples=352640 fps=19.3 loss=0.6295 actor=0.2313 value=0.4204 entropy=2.2110 mean_return=15.126 mean_len=77.8
[gat-train] update=2205 samples=352800 fps=19.3 loss=-0.2211 actor=-0.3597 value=0.1611 entropy=2.2423 mean_return=15.126 mean_len=77.8
[gat-train] update=2206 samples=352960 fps=19.3 loss=0.7744 actor=0.2636 value=0.5329 entropy=2.2139 mean_return=15.126 mean_len=77.5
[gat-train] update=2207 samples=353120 fps=19.3 loss=0.0302 actor=-0.0920 value=0.1439 entropy=2.1692 mean_return=15.126 mean_len=77.5
[gat-train] update=2208 samples=353280 fps=19.3 loss=0.0009 actor=-0.1924 value=0.2139 entropy=2.0563 mean_return=15.085 mean_len=77.1
[gat-train] update=2209 samples=353440 fps=19.3 loss=0.5073 actor=0.0307 value=0.4967 entropy=2.0145 mean_return=15.006 mean_len=76.7
[gat-train] update=2210 samples=353600 fps=19.3 loss=0.0207 actor=-0.1106 value=0.1505 entropy=1.9099 mean_return=14.978 mean_len=76.6
[gat-train] update=2211 samples=353760 fps=19.3 loss=0.1017 actor=-0.1442 value=0.2655 entropy=1.9573 mean_return=15.002 mean_len=77.0
[gat-train] update=2212 samples=353920 fps=19.3 loss=0.2427 actor=-0.0811 value=0.3441 entropy=2.0298 mean_return=14.973 mean_len=76.9
[gat-train] update=2213 samples=354080 fps=19.3 loss=0.0916 actor=-0.0622 value=0.1738 entropy=2.0007 mean_return=15.001 mean_len=77.0
[gat-train] update=2214 samples=354240 fps=19.3 loss=0.3410 actor=-0.1202 value=0.4805 entropy=1.9277 mean_return=14.996 mean_len=77.3
[gat-train] update=2215 samples=354400 fps=19.3 loss=-0.0653 actor=-0.2046 value=0.1585 entropy=1.9252 mean_return=14.996 mean_len=77.3
[gat-train] update=2216 samples=354560 fps=19.3 loss=0.3679 actor=0.1780 value=0.2085 entropy=1.8641 mean_return=14.969 mean_len=77.4
[gat-train] update=2217 samples=354720 fps=19.3 loss=2.4970 actor=-0.3571 value=2.8730 entropy=1.8898 mean_return=14.684 mean_len=76.2
[gat-train] update=2218 samples=354880 fps=19.3 loss=0.3514 actor=-0.0194 value=0.3898 entropy=1.8996 mean_return=14.738 mean_len=76.4
[gat-train] update=2219 samples=355040 fps=19.3 loss=2.3954 actor=-0.4692 value=2.8825 entropy=1.7864 mean_return=14.404 mean_len=74.9
[gat-train] update=2220 samples=355200 fps=19.3 loss=0.6258 actor=0.2147 value=0.4294 entropy=1.8295 mean_return=14.385 mean_len=75.0
[gat-train] update=2221 samples=355360 fps=19.3 loss=0.2277 actor=-0.0687 value=0.3144 entropy=1.8066 mean_return=14.422 mean_len=75.2
[gat-train] update=2222 samples=355520 fps=19.3 loss=0.2264 actor=0.1121 value=0.1341 entropy=1.9821 mean_return=14.422 mean_len=75.2
[gat-train] update=2223 samples=355680 fps=19.3 loss=0.0501 actor=-0.2103 value=0.2801 entropy=1.9653 mean_return=14.440 mean_len=75.3
[gat-train] update=2224 samples=355840 fps=19.3 loss=0.2949 actor=0.0204 value=0.2936 entropy=1.9064 mean_return=14.440 mean_len=75.5
[gat-train] update=2225 samples=356000 fps=19.3 loss=0.4135 actor=0.2700 value=0.1650 entropy=2.1458 mean_return=14.440 mean_len=75.5
[gat-train] update=2226 samples=356160 fps=19.3 loss=0.2992 actor=-0.0160 value=0.3366 entropy=2.1427 mean_return=14.495 mean_len=75.5
[gat-train] update=2227 samples=356320 fps=19.3 loss=0.1409 actor=-0.0239 value=0.1867 entropy=2.1836 mean_return=14.524 mean_len=75.8
[gat-train] update=2228 samples=356480 fps=19.3 loss=-0.0024 actor=-0.1269 value=0.1475 entropy=2.2947 mean_return=14.518 mean_len=75.8
[gat-train] update=2229 samples=356640 fps=19.3 loss=0.6942 actor=0.2116 value=0.5065 entropy=2.3830 mean_return=14.544 mean_len=75.9
[gat-train] update=2230 samples=356800 fps=19.3 loss=-0.1358 actor=-0.3502 value=0.2388 entropy=2.4371 mean_return=14.544 mean_len=75.9
[gat-train] update=2231 samples=356960 fps=19.3 loss=-0.2907 actor=-0.4789 value=0.2131 entropy=2.4907 mean_return=14.553 mean_len=75.9
[gat-train] update=2232 samples=357120 fps=19.3 loss=0.3213 actor=0.0062 value=0.3396 entropy=2.4546 mean_return=14.586 mean_len=75.9
[gat-train] update=2233 samples=357280 fps=19.3 loss=-0.0166 actor=-0.1584 value=0.1679 entropy=2.6048 mean_return=14.586 mean_len=75.9
[gat-train] update=2234 samples=357440 fps=19.3 loss=0.1831 actor=0.0621 value=0.1473 entropy=2.6349 mean_return=14.586 mean_len=75.9
[gat-train] update=2235 samples=357600 fps=19.3 loss=0.1563 actor=-0.0384 value=0.2191 entropy=2.4409 mean_return=14.496 mean_len=75.0
[gat-train] update=2236 samples=357760 fps=19.3 loss=0.0179 actor=-0.1214 value=0.1656 entropy=2.6335 mean_return=14.470 mean_len=74.6
[gat-train] update=2237 samples=357920 fps=19.3 loss=0.0214 actor=-0.1599 value=0.2085 entropy=2.7176 mean_return=14.456 mean_len=74.6
[gat-train] update=2238 samples=358080 fps=19.3 loss=-0.1014 actor=-0.2779 value=0.2040 entropy=2.7561 mean_return=14.452 mean_len=74.4
[gat-train] update=2239 samples=358240 fps=19.3 loss=0.5009 actor=0.0918 value=0.4357 entropy=2.6608 mean_return=14.414 mean_len=73.9
[gat-train] update=2240 samples=358400 fps=19.3 loss=0.2083 actor=0.0715 value=0.1620 entropy=2.5292 mean_return=14.626 mean_len=74.9
[gat-train] update=2241 samples=358560 fps=19.3 loss=0.0665 actor=-0.2197 value=0.3124 entropy=2.6275 mean_return=14.888 mean_len=76.3
[gat-train] update=2242 samples=358720 fps=19.3 loss=-0.1008 actor=-0.3626 value=0.2888 entropy=2.7008 mean_return=14.799 mean_len=75.3
[gat-train] update=2243 samples=358880 fps=19.3 loss=0.1949 actor=0.0307 value=0.1909 entropy=2.6678 mean_return=14.767 mean_len=75.2
[gat-train] update=2244 samples=359040 fps=19.3 loss=-0.0811 actor=-0.2077 value=0.1536 entropy=2.7001 mean_return=14.767 mean_len=75.2
[gat-train] update=2245 samples=359200 fps=19.3 loss=0.0626 actor=-0.2022 value=0.2918 entropy=2.6963 mean_return=14.732 mean_len=74.9
[gat-train] update=2246 samples=359360 fps=19.3 loss=0.2216 actor=-0.1458 value=0.3932 entropy=2.5882 mean_return=14.687 mean_len=74.8
[gat-train] update=2247 samples=359520 fps=19.3 loss=0.3750 actor=0.1281 value=0.2725 entropy=2.5608 mean_return=14.668 mean_len=75.0
[gat-train] update=2248 samples=359680 fps=19.3 loss=-0.0239 actor=-0.1688 value=0.1712 entropy=2.6304 mean_return=14.608 mean_len=74.4
[gat-train] update=2249 samples=359840 fps=19.3 loss=0.1846 actor=-0.0299 value=0.2403 entropy=2.5887 mean_return=14.528 mean_len=74.1
[gat-train] update=2250 samples=360000 fps=19.3 loss=0.0935 actor=-0.2069 value=0.3247 entropy=2.4280 mean_return=14.474 mean_len=73.8
[gat-train] eval update=2250 comp_score=85.95 best=86.04
[gat-train] update=2251 samples=360160 fps=19.3 loss=0.0999 actor=-0.0743 value=0.1988 entropy=2.4618 mean_return=14.377 mean_len=73.3
[gat-train] update=2252 samples=360320 fps=19.3 loss=0.0520 actor=-0.0048 value=0.0818 entropy=2.5017 mean_return=14.302 mean_len=72.7
[gat-train] update=2253 samples=360480 fps=19.3 loss=0.2433 actor=0.0694 value=0.1985 entropy=2.4563 mean_return=14.241 mean_len=72.7
[gat-train] update=2254 samples=360640 fps=19.3 loss=0.2171 actor=-0.0688 value=0.3106 entropy=2.4699 mean_return=14.112 mean_len=71.9
[gat-train] update=2255 samples=360800 fps=19.3 loss=0.2811 actor=0.1269 value=0.1795 entropy=2.5353 mean_return=14.095 mean_len=71.7
[gat-train] update=2256 samples=360960 fps=19.3 loss=0.0654 actor=-0.0502 value=0.1420 entropy=2.6360 mean_return=14.083 mean_len=71.7
[gat-train] update=2257 samples=361120 fps=19.3 loss=0.1743 actor=-0.0098 value=0.2108 entropy=2.6711 mean_return=14.072 mean_len=71.7
[gat-train] update=2258 samples=361280 fps=19.3 loss=0.0633 actor=-0.1758 value=0.2667 entropy=2.7590 mean_return=14.052 mean_len=71.7
[gat-train] update=2259 samples=361440 fps=19.3 loss=-0.0918 actor=-0.2909 value=0.2275 entropy=2.8367 mean_return=14.038 mean_len=71.6
[gat-train] update=2260 samples=361600 fps=19.3 loss=0.0660 actor=-0.2432 value=0.3369 entropy=2.7675 mean_return=13.999 mean_len=71.2
[gat-train] update=2261 samples=361760 fps=19.3 loss=0.1204 actor=-0.0202 value=0.1661 entropy=2.5494 mean_return=13.964 mean_len=70.9
[gat-train] update=2262 samples=361920 fps=19.3 loss=0.6889 actor=0.1390 value=0.5751 entropy=2.5213 mean_return=13.924 mean_len=71.0
[gat-train] update=2263 samples=362080 fps=19.3 loss=0.1464 actor=-0.0157 value=0.1877 entropy=2.5560 mean_return=13.862 mean_len=70.6
[gat-train] update=2264 samples=362240 fps=19.3 loss=-0.0961 actor=-0.2363 value=0.1674 entropy=2.7252 mean_return=13.861 mean_len=70.6
[gat-train] update=2265 samples=362400 fps=19.3 loss=0.2436 actor=0.0242 value=0.2479 entropy=2.8486 mean_return=13.875 mean_len=70.8
[gat-train] update=2266 samples=362560 fps=19.3 loss=-0.1376 actor=-0.2979 value=0.1870 entropy=2.6657 mean_return=13.820 mean_len=70.5
[gat-train] update=2267 samples=362720 fps=19.3 loss=0.0582 actor=-0.1344 value=0.2200 entropy=2.7421 mean_return=13.777 mean_len=70.2
[gat-train] update=2268 samples=362880 fps=19.3 loss=0.6775 actor=0.2621 value=0.4429 entropy=2.7505 mean_return=13.768 mean_len=70.3
[gat-train] update=2269 samples=363040 fps=19.3 loss=0.3247 actor=0.0205 value=0.3308 entropy=2.6672 mean_return=13.765 mean_len=70.3
[gat-train] update=2270 samples=363200 fps=19.3 loss=0.1451 actor=-0.0908 value=0.2627 entropy=2.6890 mean_return=13.747 mean_len=70.4
[gat-train] update=2271 samples=363360 fps=19.3 loss=0.4104 actor=0.1439 value=0.2957 entropy=2.9160 mean_return=13.739 mean_len=70.5
[gat-train] update=2272 samples=363520 fps=19.3 loss=0.1110 actor=-0.0702 value=0.2107 entropy=2.9483 mean_return=13.739 mean_len=70.5
[gat-train] update=2273 samples=363680 fps=19.3 loss=-0.0723 actor=-0.2730 value=0.2285 entropy=2.7833 mean_return=13.662 mean_len=69.8
[gat-train] update=2274 samples=363840 fps=19.3 loss=0.0149 actor=-0.2558 value=0.2988 entropy=2.8036 mean_return=13.695 mean_len=70.1
[gat-train] update=2275 samples=364000 fps=19.3 loss=0.0802 actor=-0.1290 value=0.2373 entropy=2.7963 mean_return=13.695 mean_len=70.1
[gat-train] update=2276 samples=364160 fps=19.3 loss=0.3541 actor=-0.0751 value=0.4554 entropy=2.6130 mean_return=13.749 mean_len=70.3
[gat-train] update=2277 samples=364320 fps=19.3 loss=0.4400 actor=0.0697 value=0.3968 entropy=2.6516 mean_return=13.690 mean_len=70.4
[gat-train] update=2278 samples=364480 fps=19.3 loss=-0.1710 actor=-0.3254 value=0.1815 entropy=2.7095 mean_return=13.666 mean_len=70.2
[gat-train] update=2279 samples=364640 fps=19.3 loss=0.2096 actor=-0.0949 value=0.3323 entropy=2.7787 mean_return=13.624 mean_len=69.7
[gat-train] update=2280 samples=364800 fps=19.3 loss=0.2577 actor=0.0206 value=0.2644 entropy=2.7364 mean_return=13.639 mean_len=69.7
[gat-train] update=2281 samples=364960 fps=19.3 loss=0.3933 actor=0.1328 value=0.2872 entropy=2.6606 mean_return=13.619 mean_len=70.1
[gat-train] update=2282 samples=365120 fps=19.3 loss=-0.0087 actor=-0.1606 value=0.1780 entropy=2.6073 mean_return=13.635 mean_len=70.2
[gat-train] update=2283 samples=365280 fps=19.3 loss=0.0670 actor=-0.0887 value=0.1823 entropy=2.6601 mean_return=13.635 mean_len=70.2
[gat-train] update=2284 samples=365440 fps=19.3 loss=0.2315 actor=-0.1204 value=0.3773 entropy=2.5398 mean_return=13.583 mean_len=69.9
[gat-train] update=2285 samples=365600 fps=19.3 loss=0.4039 actor=-0.0318 value=0.4602 entropy=2.4461 mean_return=13.638 mean_len=70.2
[gat-train] update=2286 samples=365760 fps=19.3 loss=0.2701 actor=0.0554 value=0.2391 entropy=2.4437 mean_return=13.617 mean_len=70.3
[gat-train] update=2287 samples=365920 fps=19.3 loss=-0.0910 actor=-0.2620 value=0.1959 entropy=2.4808 mean_return=13.610 mean_len=70.1
[gat-train] update=2288 samples=366080 fps=19.3 loss=0.3509 actor=0.1791 value=0.1968 entropy=2.4985 mean_return=13.610 mean_len=70.1
[gat-train] update=2289 samples=366240 fps=19.3 loss=0.1484 actor=-0.2909 value=0.4621 entropy=2.2718 mean_return=13.677 mean_len=71.1
[gat-train] update=2290 samples=366400 fps=19.3 loss=0.4541 actor=0.1252 value=0.3511 entropy=2.2179 mean_return=13.689 mean_len=70.8
[gat-train] update=2291 samples=366560 fps=19.3 loss=0.4247 actor=0.0067 value=0.4384 entropy=2.0359 mean_return=13.750 mean_len=71.0
[gat-train] update=2292 samples=366720 fps=19.3 loss=0.2959 actor=-0.0318 value=0.3484 entropy=2.0696 mean_return=13.756 mean_len=71.0
[gat-train] update=2293 samples=366880 fps=19.3 loss=0.8368 actor=0.2786 value=0.5790 entropy=2.0882 mean_return=13.727 mean_len=70.7
[gat-train] update=2294 samples=367040 fps=19.3 loss=0.2077 actor=0.0150 value=0.2141 entropy=2.1433 mean_return=13.744 mean_len=70.7
[gat-train] update=2295 samples=367200 fps=19.3 loss=0.1803 actor=0.0324 value=0.1701 entropy=2.2301 mean_return=13.744 mean_len=70.7
[gat-train] update=2296 samples=367360 fps=19.3 loss=0.5507 actor=0.0038 value=0.5699 entropy=2.2992 mean_return=13.805 mean_len=71.0
[gat-train] update=2297 samples=367520 fps=19.3 loss=0.7994 actor=0.1119 value=0.7093 entropy=2.1805 mean_return=13.885 mean_len=72.1
[gat-train] update=2298 samples=367680 fps=19.3 loss=0.1628 actor=-0.0403 value=0.2251 entropy=2.2025 mean_return=13.906 mean_len=72.0
[gat-train] update=2299 samples=367840 fps=19.3 loss=-0.0817 actor=-0.1742 value=0.1156 entropy=2.3063 mean_return=13.906 mean_len=72.0
[gat-train] update=2300 samples=368000 fps=19.3 loss=0.6528 actor=0.1064 value=0.5688 entropy=2.2467 mean_return=13.955 mean_len=72.1
[gat-train] eval update=2300 comp_score=85.43 best=86.04
[gat-train] update=2301 samples=368160 fps=19.3 loss=0.3257 actor=-0.0685 value=0.4167 entropy=2.2576 mean_return=14.002 mean_len=72.3
[gat-train] update=2302 samples=368320 fps=19.3 loss=-0.0948 actor=-0.3002 value=0.2282 entropy=2.2810 mean_return=14.002 mean_len=72.3
[gat-train] update=2303 samples=368480 fps=19.3 loss=0.2719 actor=-0.0372 value=0.3312 entropy=2.1996 mean_return=14.035 mean_len=72.5
[gat-train] update=2304 samples=368640 fps=19.3 loss=0.9882 actor=0.1974 value=0.8122 entropy=2.1343 mean_return=14.233 mean_len=73.6
[gat-train] update=2305 samples=368800 fps=19.3 loss=0.3062 actor=-0.0162 value=0.3422 entropy=1.9831 mean_return=14.293 mean_len=74.0
[gat-train] update=2306 samples=368960 fps=19.3 loss=0.5208 actor=0.1140 value=0.4261 entropy=1.9356 mean_return=14.335 mean_len=74.0
[gat-train] update=2307 samples=369120 fps=19.3 loss=0.1274 actor=-0.2553 value=0.4011 entropy=1.8393 mean_return=14.460 mean_len=74.9
[gat-train] update=2308 samples=369280 fps=19.3 loss=0.8275 actor=0.1708 value=0.6752 entropy=1.8520 mean_return=14.540 mean_len=75.1
[gat-train] update=2309 samples=369440 fps=19.3 loss=0.0508 actor=-0.1160 value=0.1865 entropy=1.9687 mean_return=14.540 mean_len=75.1
[gat-train] update=2310 samples=369600 fps=19.3 loss=0.4969 actor=0.1417 value=0.3745 entropy=1.9277 mean_return=14.629 mean_len=76.0
[gat-train] update=2311 samples=369760 fps=19.3 loss=-0.0579 actor=-0.1713 value=0.1339 entropy=2.0531 mean_return=14.629 mean_len=76.0
[gat-train] update=2312 samples=369920 fps=19.3 loss=0.0466 actor=-0.0859 value=0.1531 entropy=2.0648 mean_return=14.637 mean_len=75.8
[gat-train] update=2313 samples=370080 fps=19.3 loss=1.2014 actor=0.1979 value=1.0238 entropy=2.0249 mean_return=14.822 mean_len=76.8
[gat-train] update=2314 samples=370240 fps=19.3 loss=0.0849 actor=-0.3139 value=0.4194 entropy=2.0685 mean_return=14.866 mean_len=77.2
[gat-train] update=2315 samples=370400 fps=19.3 loss=0.4025 actor=0.1467 value=0.2772 entropy=2.1363 mean_return=14.869 mean_len=77.5
[gat-train] update=2316 samples=370560 fps=19.3 loss=0.0568 actor=-0.1052 value=0.1833 entropy=2.1286 mean_return=14.903 mean_len=77.5
[gat-train] update=2317 samples=370720 fps=19.3 loss=0.5082 actor=-0.0230 value=0.5537 entropy=2.2480 mean_return=14.923 mean_len=77.8
[gat-train] update=2318 samples=370880 fps=19.3 loss=0.3227 actor=-0.0126 value=0.3577 entropy=2.2425 mean_return=14.993 mean_len=78.0
[gat-train] update=2319 samples=371040 fps=19.3 loss=-0.1463 actor=-0.4338 value=0.3098 entropy=2.2286 mean_return=15.037 mean_len=78.3
[gat-train] update=2320 samples=371200 fps=19.3 loss=0.1136 actor=-0.1620 value=0.2989 entropy=2.3271 mean_return=15.067 mean_len=78.2
[gat-train] update=2321 samples=371360 fps=19.3 loss=0.2071 actor=0.0261 value=0.2045 entropy=2.3489 mean_return=15.106 mean_len=78.4
[gat-train] update=2322 samples=371520 fps=19.3 loss=1.3609 actor=0.3024 value=1.0802 entropy=2.1694 mean_return=15.162 mean_len=79.0
[gat-train] update=2323 samples=371680 fps=19.3 loss=0.4183 actor=0.0106 value=0.4278 entropy=2.0068 mean_return=15.227 mean_len=79.3
[gat-train] update=2324 samples=371840 fps=19.3 loss=0.3696 actor=0.0314 value=0.3596 entropy=2.1341 mean_return=15.239 mean_len=79.4
[gat-train] update=2325 samples=372000 fps=19.3 loss=1.0175 actor=0.0994 value=0.9398 entropy=2.1662 mean_return=15.244 mean_len=79.5
[gat-train] update=2326 samples=372160 fps=19.3 loss=0.0408 actor=-0.1392 value=0.2025 entropy=2.2427 mean_return=15.236 mean_len=79.6
[gat-train] update=2327 samples=372320 fps=19.3 loss=0.0557 actor=-0.0540 value=0.1328 entropy=2.3170 mean_return=15.157 mean_len=79.1
[gat-train] update=2328 samples=372480 fps=19.3 loss=0.6635 actor=0.2738 value=0.4133 entropy=2.3579 mean_return=15.094 mean_len=78.9
[gat-train] update=2329 samples=372640 fps=19.3 loss=0.0395 actor=-0.1100 value=0.1743 entropy=2.4772 mean_return=15.073 mean_len=78.6
[gat-train] update=2330 samples=372800 fps=19.3 loss=-0.0970 actor=-0.2115 value=0.1407 entropy=2.6296 mean_return=15.076 mean_len=78.3
[gat-train] update=2331 samples=372960 fps=19.3 loss=0.7319 actor=0.4148 value=0.3441 entropy=2.7007 mean_return=15.071 mean_len=78.5
[gat-train] update=2332 samples=373120 fps=19.3 loss=0.1414 actor=-0.1759 value=0.3449 entropy=2.7498 mean_return=15.050 mean_len=78.3
[gat-train] update=2333 samples=373280 fps=19.3 loss=-0.0233 actor=-0.2149 value=0.2197 entropy=2.8139 mean_return=15.018 mean_len=77.9
[gat-train] update=2334 samples=373440 fps=19.3 loss=0.3830 actor=0.0844 value=0.3259 entropy=2.7241 mean_return=15.009 mean_len=77.5
[gat-train] update=2335 samples=373600 fps=19.3 loss=0.4949 actor=-0.1553 value=0.6778 entropy=2.7540 mean_return=15.005 mean_len=77.5
[gat-train] update=2336 samples=373760 fps=19.3 loss=-0.1011 actor=-0.2877 value=0.2140 entropy=2.7381 mean_return=14.960 mean_len=76.9
[gat-train] update=2337 samples=373920 fps=19.3 loss=0.6061 actor=0.3179 value=0.3160 entropy=2.7719 mean_return=14.963 mean_len=76.9
[gat-train] update=2338 samples=374080 fps=19.3 loss=1.2006 actor=0.4426 value=0.7830 entropy=2.5030 mean_return=14.801 mean_len=76.3
[gat-train] update=2339 samples=374240 fps=19.3 loss=0.0614 actor=-0.2035 value=0.2906 entropy=2.5698 mean_return=14.768 mean_len=76.1
[gat-train] update=2340 samples=374400 fps=19.3 loss=0.0984 actor=-0.1301 value=0.2559 entropy=2.7349 mean_return=14.730 mean_len=75.8
[gat-train] update=2341 samples=374560 fps=19.3 loss=0.8682 actor=0.2507 value=0.6447 entropy=2.7180 mean_return=14.702 mean_len=75.8
[gat-train] update=2342 samples=374720 fps=19.3 loss=0.3550 actor=0.1866 value=0.1947 entropy=2.6379 mean_return=14.580 mean_len=75.0
[gat-train] update=2343 samples=374880 fps=19.3 loss=0.2170 actor=-0.1649 value=0.4099 entropy=2.7958 mean_return=14.423 mean_len=73.8
[gat-train] update=2344 samples=375040 fps=19.3 loss=-0.0126 actor=-0.1040 value=0.1207 entropy=2.9337 mean_return=14.423 mean_len=73.8
[gat-train] update=2345 samples=375200 fps=19.3 loss=0.1416 actor=-0.0645 value=0.2360 entropy=2.9890 mean_return=14.402 mean_len=73.5
[gat-train] update=2346 samples=375360 fps=19.3 loss=0.2811 actor=-0.0560 value=0.3662 entropy=2.9141 mean_return=14.373 mean_len=73.7
[gat-train] update=2347 samples=375520 fps=19.3 loss=-0.0386 actor=-0.1984 value=0.1887 entropy=2.8876 mean_return=14.238 mean_len=72.8
[gat-train] update=2348 samples=375680 fps=19.3 loss=0.1637 actor=-0.1295 value=0.3223 entropy=2.9128 mean_return=14.187 mean_len=72.6
[gat-train] update=2349 samples=375840 fps=19.3 loss=-0.0823 actor=-0.3290 value=0.2754 entropy=2.8647 mean_return=14.187 mean_len=72.6
[gat-train] update=2350 samples=376000 fps=19.3 loss=0.5900 actor=0.2895 value=0.3288 entropy=2.8357 mean_return=14.149 mean_len=72.0
[gat-train] eval update=2350 comp_score=82.96 best=86.04
[gat-train] update=2351 samples=376160 fps=19.3 loss=-0.0546 actor=-0.2873 value=0.2596 entropy=2.6946 mean_return=14.083 mean_len=71.6
[gat-train] update=2352 samples=376320 fps=19.3 loss=0.2793 actor=0.0588 value=0.2481 entropy=2.7601 mean_return=14.040 mean_len=71.4
[gat-train] update=2353 samples=376480 fps=19.3 loss=0.2868 actor=-0.1580 value=0.4712 entropy=2.6457 mean_return=14.001 mean_len=71.7
[gat-train] update=2354 samples=376640 fps=19.3 loss=1.3048 actor=-0.0823 value=1.4118 entropy=2.4634 mean_return=13.834 mean_len=70.8
[gat-train] update=2355 samples=376800 fps=19.3 loss=0.2521 actor=0.0469 value=0.2294 entropy=2.4166 mean_return=13.674 mean_len=70.1
[gat-train] update=2356 samples=376960 fps=19.3 loss=0.5019 actor=0.0870 value=0.4408 entropy=2.5977 mean_return=13.596 mean_len=69.3
[gat-train] update=2357 samples=377120 fps=19.3 loss=0.2019 actor=0.0536 value=0.1763 entropy=2.8012 mean_return=13.571 mean_len=68.9
[gat-train] update=2358 samples=377280 fps=19.3 loss=-0.0016 actor=-0.0978 value=0.1256 entropy=2.9445 mean_return=13.571 mean_len=68.9
[gat-train] update=2359 samples=377440 fps=19.3 loss=0.1552 actor=-0.0343 value=0.2189 entropy=2.9418 mean_return=13.571 mean_len=68.9
[gat-train] update=2360 samples=377600 fps=19.3 loss=0.0209 actor=-0.4383 value=0.4871 entropy=2.7893 mean_return=13.431 mean_len=67.9
[gat-train] update=2361 samples=377760 fps=19.3 loss=0.2899 actor=0.0069 value=0.3092 entropy=2.6097 mean_return=13.462 mean_len=68.1
[gat-train] update=2362 samples=377920 fps=19.3 loss=0.4431 actor=-0.0846 value=0.5534 entropy=2.5586 mean_return=13.469 mean_len=68.2
[gat-train] update=2363 samples=378080 fps=19.3 loss=0.2234 actor=0.0396 value=0.2104 entropy=2.6576 mean_return=13.432 mean_len=68.1
[gat-train] update=2364 samples=378240 fps=19.3 loss=0.2479 actor=0.0168 value=0.2578 entropy=2.6688 mean_return=13.416 mean_len=67.9
[gat-train] update=2365 samples=378400 fps=19.3 loss=-0.0606 actor=-0.3937 value=0.3589 entropy=2.5693 mean_return=13.430 mean_len=68.0
[gat-train] update=2366 samples=378560 fps=19.3 loss=0.1045 actor=-0.2066 value=0.3352 entropy=2.4141 mean_return=13.464 mean_len=68.2
[gat-train] update=2367 samples=378720 fps=19.3 loss=0.1859 actor=-0.0295 value=0.2392 entropy=2.3866 mean_return=13.478 mean_len=68.6
[gat-train] update=2368 samples=378880 fps=19.3 loss=0.6536 actor=0.2152 value=0.4588 entropy=2.0462 mean_return=13.408 mean_len=68.3
[gat-train] update=2369 samples=379040 fps=19.3 loss=0.5949 actor=0.2551 value=0.3592 entropy=1.9411 mean_return=13.435 mean_len=68.6
[gat-train] update=2370 samples=379200 fps=19.3 loss=0.0051 actor=-0.1203 value=0.1466 entropy=2.1182 mean_return=13.469 mean_len=68.8
[gat-train] update=2371 samples=379360 fps=19.3 loss=-0.1972 actor=-0.3220 value=0.1490 entropy=2.4107 mean_return=13.470 mean_len=68.9
[gat-train] update=2372 samples=379520 fps=19.3 loss=0.1599 actor=-0.0728 value=0.2575 entropy=2.4816 mean_return=13.525 mean_len=69.2
[gat-train] update=2373 samples=379680 fps=19.3 loss=0.3489 actor=-0.1451 value=0.5204 entropy=2.6406 mean_return=13.549 mean_len=69.5
[gat-train] update=2374 samples=379840 fps=19.3 loss=0.0648 actor=-0.0624 value=0.1545 entropy=2.7318 mean_return=13.549 mean_len=69.5
[gat-train] update=2375 samples=380000 fps=19.3 loss=0.1891 actor=-0.0101 value=0.2265 entropy=2.7318 mean_return=13.549 mean_len=69.5
[gat-train] update=2376 samples=380160 fps=19.3 loss=1.1132 actor=0.3524 value=0.7866 entropy=2.5826 mean_return=13.621 mean_len=69.8
[gat-train] update=2377 samples=380320 fps=19.3 loss=0.4097 actor=0.0191 value=0.4149 entropy=2.4274 mean_return=13.631 mean_len=69.8
[gat-train] update=2378 samples=380480 fps=19.3 loss=0.0534 actor=-0.1810 value=0.2583 entropy=2.3953 mean_return=13.716 mean_len=70.6
[gat-train] update=2379 samples=380640 fps=19.3 loss=0.4292 actor=0.0365 value=0.4163 entropy=2.3535 mean_return=13.855 mean_len=71.5
[gat-train] update=2380 samples=380800 fps=19.3 loss=0.0914 actor=-0.0823 value=0.1960 entropy=2.2268 mean_return=13.871 mean_len=71.3
[gat-train] update=2381 samples=380960 fps=19.3 loss=0.3345 actor=-0.1165 value=0.4724 entropy=2.1446 mean_return=13.945 mean_len=71.8
[gat-train] update=2382 samples=381120 fps=19.3 loss=0.1934 actor=0.0044 value=0.2118 entropy=2.2762 mean_return=13.946 mean_len=71.6
[gat-train] update=2383 samples=381280 fps=19.3 loss=0.1724 actor=-0.0498 value=0.2453 entropy=2.3196 mean_return=13.933 mean_len=71.6
[gat-train] update=2384 samples=381440 fps=19.3 loss=0.6444 actor=0.0508 value=0.6166 entropy=2.3071 mean_return=14.015 mean_len=72.6
[gat-train] update=2385 samples=381600 fps=19.3 loss=0.4519 actor=-0.0911 value=0.5657 entropy=2.2623 mean_return=14.111 mean_len=73.2
[gat-train] update=2386 samples=381760 fps=19.3 loss=0.2986 actor=-0.0631 value=0.3858 entropy=2.4134 mean_return=14.136 mean_len=73.1
[gat-train] update=2387 samples=381920 fps=19.3 loss=0.3339 actor=0.1107 value=0.2486 entropy=2.5432 mean_return=14.186 mean_len=73.7
[gat-train] update=2388 samples=382080 fps=19.3 loss=-0.0863 actor=-0.1927 value=0.1328 entropy=2.6421 mean_return=14.207 mean_len=73.7
[gat-train] update=2389 samples=382240 fps=19.3 loss=0.0922 actor=-0.0738 value=0.1933 entropy=2.7358 mean_return=14.207 mean_len=73.7
[gat-train] update=2390 samples=382400 fps=19.3 loss=0.2186 actor=-0.0375 value=0.2834 entropy=2.7303 mean_return=14.205 mean_len=73.6
[gat-train] update=2391 samples=382560 fps=19.3 loss=0.2912 actor=-0.0671 value=0.3841 entropy=2.5893 mean_return=14.224 mean_len=73.4
[gat-train] update=2392 samples=382720 fps=19.3 loss=1.0061 actor=0.1462 value=0.8843 entropy=2.4476 mean_return=14.426 mean_len=74.2
[gat-train] update=2393 samples=382880 fps=19.3 loss=-0.0939 actor=-0.3458 value=0.2755 entropy=2.3539 mean_return=14.436 mean_len=74.2
[gat-train] update=2394 samples=383040 fps=19.3 loss=0.1192 actor=-0.0792 value=0.2220 entropy=2.3621 mean_return=14.420 mean_len=74.1
[gat-train] update=2395 samples=383200 fps=19.3 loss=1.2333 actor=0.1121 value=1.1440 entropy=2.2816 mean_return=14.523 mean_len=75.0
[gat-train] update=2396 samples=383360 fps=19.3 loss=0.7071 actor=0.2962 value=0.4333 entropy=2.2438 mean_return=14.494 mean_len=74.6
[gat-train] update=2397 samples=383520 fps=19.3 loss=0.5561 actor=0.0585 value=0.5187 entropy=2.1053 mean_return=14.496 mean_len=74.4
[gat-train] update=2398 samples=383680 fps=19.3 loss=0.6756 actor=0.1902 value=0.5067 entropy=2.1311 mean_return=14.463 mean_len=74.0
[gat-train] update=2399 samples=383840 fps=19.3 loss=0.0571 actor=-0.0488 value=0.1287 entropy=2.2768 mean_return=14.454 mean_len=73.7
[gat-train] update=2400 samples=384000 fps=19.3 loss=0.8352 actor=0.3068 value=0.5513 entropy=2.2880 mean_return=14.464 mean_len=73.9
[gat-train] eval update=2400 comp_score=85.91 best=86.04
[gat-train] update=2401 samples=384160 fps=19.3 loss=-0.0813 actor=-0.2562 value=0.1973 entropy=2.2448 mean_return=14.469 mean_len=74.1
[gat-train] update=2402 samples=384320 fps=19.3 loss=0.3462 actor=0.0279 value=0.3420 entropy=2.3740 mean_return=14.531 mean_len=74.6
[gat-train] update=2403 samples=384480 fps=19.3 loss=-0.0569 actor=-0.1301 value=0.0984 entropy=2.5267 mean_return=14.531 mean_len=74.6
[gat-train] update=2404 samples=384640 fps=19.3 loss=0.2591 actor=0.0914 value=0.1937 entropy=2.6002 mean_return=14.508 mean_len=74.4
[gat-train] update=2405 samples=384800 fps=19.3 loss=0.0721 actor=-0.1678 value=0.2657 entropy=2.5798 mean_return=14.526 mean_len=74.5
[gat-train] update=2406 samples=384960 fps=19.3 loss=0.4269 actor=-0.0418 value=0.4935 entropy=2.4803 mean_return=14.553 mean_len=74.9
[gat-train] update=2407 samples=385120 fps=19.3 loss=0.2464 actor=-0.0550 value=0.3254 entropy=2.3955 mean_return=14.533 mean_len=74.6
[gat-train] update=2408 samples=385280 fps=19.3 loss=0.1133 actor=-0.0981 value=0.2347 entropy=2.3310 mean_return=14.525 mean_len=74.3
[gat-train] update=2409 samples=385440 fps=19.3 loss=0.5990 actor=0.0267 value=0.5952 entropy=2.2928 mean_return=14.500 mean_len=73.8
[gat-train] update=2410 samples=385600 fps=19.3 loss=0.3502 actor=-0.2356 value=0.6065 entropy=2.0622 mean_return=14.496 mean_len=73.7
[gat-train] update=2411 samples=385760 fps=19.3 loss=0.7139 actor=0.1104 value=0.6242 entropy=2.0693 mean_return=14.497 mean_len=73.4
[gat-train] update=2412 samples=385920 fps=19.3 loss=0.0995 actor=-0.1337 value=0.2538 entropy=2.0612 mean_return=14.505 mean_len=73.5
[gat-train] update=2413 samples=386080 fps=19.3 loss=0.7098 actor=0.2373 value=0.4937 entropy=2.1220 mean_return=14.533 mean_len=73.7
[gat-train] update=2414 samples=386240 fps=19.3 loss=0.1388 actor=-0.0833 value=0.2428 entropy=2.0720 mean_return=14.504 mean_len=73.7
[gat-train] update=2415 samples=386400 fps=19.3 loss=0.0394 actor=-0.0725 value=0.1340 entropy=2.2168 mean_return=14.504 mean_len=73.7
[gat-train] update=2416 samples=386560 fps=19.3 loss=0.5423 actor=-0.0396 value=0.6028 entropy=2.0896 mean_return=14.540 mean_len=74.3
[gat-train] update=2417 samples=386720 fps=19.3 loss=0.4263 actor=0.1593 value=0.2889 entropy=2.1933 mean_return=14.442 mean_len=73.6
[gat-train] update=2418 samples=386880 fps=19.3 loss=0.3421 actor=0.0740 value=0.2897 entropy=2.1582 mean_return=14.487 mean_len=74.1
[gat-train] update=2419 samples=387040 fps=19.3 loss=-0.0619 actor=-0.2135 value=0.1747 entropy=2.3099 mean_return=14.487 mean_len=74.1
[gat-train] update=2420 samples=387200 fps=19.3 loss=0.6443 actor=-0.1485 value=0.8162 entropy=2.3434 mean_return=14.513 mean_len=74.3
[gat-train] update=2421 samples=387360 fps=19.3 loss=0.0791 actor=-0.0955 value=0.1985 entropy=2.3927 mean_return=14.510 mean_len=74.1
[gat-train] update=2422 samples=387520 fps=19.3 loss=0.5185 actor=0.1755 value=0.3670 entropy=2.4011 mean_return=14.490 mean_len=74.1
[gat-train] update=2423 samples=387680 fps=19.3 loss=0.6570 actor=-0.0513 value=0.7310 entropy=2.2706 mean_return=14.542 mean_len=74.7
[gat-train] update=2424 samples=387840 fps=19.3 loss=0.7250 actor=0.1157 value=0.6310 entropy=2.1625 mean_return=14.627 mean_len=74.9
[gat-train] update=2425 samples=388000 fps=19.3 loss=0.1749 actor=-0.0191 value=0.2154 entropy=2.1357 mean_return=14.627 mean_len=74.9
[gat-train] update=2426 samples=388160 fps=19.3 loss=0.5292 actor=-0.0099 value=0.5591 entropy=1.9973 mean_return=14.676 mean_len=74.9
[gat-train] update=2427 samples=388320 fps=19.3 loss=0.2534 actor=0.0063 value=0.2675 entropy=2.0344 mean_return=14.693 mean_len=74.9
[gat-train] update=2428 samples=388480 fps=19.3 loss=0.4289 actor=0.0492 value=0.3991 entropy=1.9389 mean_return=14.711 mean_len=75.1
[gat-train] update=2429 samples=388640 fps=19.3 loss=0.6388 actor=0.0524 value=0.6070 entropy=2.0497 mean_return=14.744 mean_len=75.6
[gat-train] update=2430 samples=388800 fps=19.3 loss=0.3310 actor=0.0644 value=0.2875 entropy=2.0854 mean_return=14.781 mean_len=75.8
[gat-train] update=2431 samples=388960 fps=19.3 loss=0.7236 actor=0.1780 value=0.5672 entropy=2.1517 mean_return=14.794 mean_len=75.9
[gat-train] update=2432 samples=389120 fps=19.3 loss=1.3840 actor=-0.6616 value=2.0676 entropy=2.2038 mean_return=14.541 mean_len=74.8
[gat-train] update=2433 samples=389280 fps=19.3 loss=0.5366 actor=0.0884 value=0.4698 entropy=2.1585 mean_return=14.479 mean_len=74.5
[gat-train] update=2434 samples=389440 fps=19.3 loss=0.2950 actor=0.1177 value=0.1997 entropy=2.2421 mean_return=14.484 mean_len=74.6
[gat-train] update=2435 samples=389600 fps=19.3 loss=0.1638 actor=-0.1133 value=0.2997 entropy=2.2615 mean_return=14.531 mean_len=75.1
[gat-train] update=2436 samples=389760 fps=19.3 loss=0.0889 actor=-0.0923 value=0.2055 entropy=2.4321 mean_return=14.560 mean_len=75.1
[gat-train] update=2437 samples=389920 fps=19.3 loss=-0.0154 actor=-0.1695 value=0.1786 entropy=2.4515 mean_return=14.560 mean_len=75.1
[gat-train] update=2438 samples=390080 fps=19.3 loss=0.4558 actor=0.2295 value=0.2506 entropy=2.4336 mean_return=14.552 mean_len=75.0
[gat-train] update=2439 samples=390240 fps=19.3 loss=0.0669 actor=-0.2087 value=0.2980 entropy=2.2418 mean_return=14.544 mean_len=75.0
[gat-train] update=2440 samples=390400 fps=19.3 loss=0.6603 actor=0.0362 value=0.6456 entropy=2.1450 mean_return=14.589 mean_len=75.4
[gat-train] update=2441 samples=390560 fps=19.3 loss=0.5748 actor=0.1349 value=0.4600 entropy=2.0099 mean_return=14.634 mean_len=75.2
[gat-train] update=2442 samples=390720 fps=19.3 loss=0.2439 actor=-0.0007 value=0.2636 entropy=1.8963 mean_return=14.665 mean_len=75.6
[gat-train] update=2443 samples=390880 fps=19.3 loss=0.4455 actor=0.1563 value=0.3074 entropy=1.8230 mean_return=14.665 mean_len=75.3
[gat-train] update=2444 samples=391040 fps=19.3 loss=1.1141 actor=0.2409 value=0.8902 entropy=1.7077 mean_return=14.717 mean_len=75.7
[gat-train] update=2445 samples=391200 fps=19.3 loss=0.5641 actor=0.0160 value=0.5657 entropy=1.7564 mean_return=14.721 mean_len=75.8
[gat-train] update=2446 samples=391360 fps=19.3 loss=0.0345 actor=-0.1099 value=0.1630 entropy=1.8608 mean_return=14.721 mean_len=75.8
[gat-train] update=2447 samples=391520 fps=19.3 loss=0.2041 actor=0.0810 value=0.1425 entropy=1.9401 mean_return=14.682 mean_len=75.7
[gat-train] update=2448 samples=391680 fps=19.3 loss=0.5915 actor=0.0986 value=0.5124 entropy=1.9565 mean_return=14.683 mean_len=76.1
[gat-train] update=2449 samples=391840 fps=19.3 loss=0.3403 actor=0.1172 value=0.2421 entropy=1.9026 mean_return=14.687 mean_len=76.2
[gat-train] update=2450 samples=392000 fps=19.3 loss=0.4683 actor=-0.0003 value=0.4885 entropy=1.9978 mean_return=14.711 mean_len=76.4
[gat-train] eval update=2450 comp_score=85.72 best=86.04
[gat-train] update=2451 samples=392160 fps=19.3 loss=0.4720 actor=0.1295 value=0.3622 entropy=1.9726 mean_return=14.728 mean_len=76.7
[gat-train] update=2452 samples=392320 fps=19.3 loss=0.7949 actor=0.2414 value=0.5735 entropy=1.9984 mean_return=14.750 mean_len=76.9
[gat-train] update=2453 samples=392480 fps=19.3 loss=-0.0245 actor=-0.3063 value=0.3021 entropy=2.0311 mean_return=14.742 mean_len=76.6
[gat-train] update=2454 samples=392640 fps=19.3 loss=-0.1061 actor=-0.2424 value=0.1574 entropy=2.1168 mean_return=14.742 mean_len=76.6
[gat-train] update=2455 samples=392800 fps=19.3 loss=0.0608 actor=-0.0365 value=0.1193 entropy=2.2005 mean_return=14.742 mean_len=76.6
[gat-train] update=2456 samples=392960 fps=19.3 loss=0.2678 actor=0.0070 value=0.2834 entropy=2.2571 mean_return=14.746 mean_len=76.7
[gat-train] update=2457 samples=393120 fps=19.3 loss=0.9552 actor=0.0760 value=0.9013 entropy=2.2060 mean_return=14.844 mean_len=77.2
[gat-train] update=2458 samples=393280 fps=19.3 loss=0.2203 actor=-0.1332 value=0.3750 entropy=2.1538 mean_return=15.139 mean_len=78.8
[gat-train] update=2459 samples=393440 fps=19.3 loss=0.0644 actor=-0.2254 value=0.3106 entropy=2.0801 mean_return=15.200 mean_len=79.2
[gat-train] update=2460 samples=393600 fps=19.3 loss=0.7259 actor=0.1596 value=0.5865 entropy=2.0232 mean_return=15.272 mean_len=79.4
[gat-train] update=2461 samples=393760 fps=19.3 loss=0.7824 actor=0.2175 value=0.5847 entropy=1.9806 mean_return=15.274 mean_len=79.9
[gat-train] update=2462 samples=393920 fps=19.3 loss=0.0501 actor=-0.1837 value=0.2538 entropy=2.0056 mean_return=15.282 mean_len=79.9
[gat-train] update=2463 samples=394080 fps=19.3 loss=0.5195 actor=0.1577 value=0.3835 entropy=2.1658 mean_return=15.271 mean_len=79.6
[gat-train] update=2464 samples=394240 fps=19.3 loss=-0.0173 actor=-0.1215 value=0.1269 entropy=2.2753 mean_return=15.271 mean_len=79.6
[gat-train] update=2465 samples=394400 fps=19.3 loss=-0.1229 actor=-0.3068 value=0.2068 entropy=2.2954 mean_return=15.278 mean_len=79.6
[gat-train] update=2466 samples=394560 fps=19.3 loss=0.6855 actor=0.0280 value=0.6808 entropy=2.3337 mean_return=15.341 mean_len=80.0
[gat-train] update=2467 samples=394720 fps=19.3 loss=0.0675 actor=-0.0569 value=0.1482 entropy=2.3793 mean_return=15.341 mean_len=80.0
[gat-train] update=2468 samples=394880 fps=19.3 loss=0.2494 actor=-0.0799 value=0.3529 entropy=2.3643 mean_return=15.337 mean_len=80.1
[gat-train] update=2469 samples=395040 fps=19.3 loss=0.1602 actor=0.0173 value=0.1657 entropy=2.2812 mean_return=15.337 mean_len=80.1
[gat-train] update=2470 samples=395200 fps=19.3 loss=0.5420 actor=0.0018 value=0.5618 entropy=2.1527 mean_return=15.358 mean_len=80.3
[gat-train] update=2471 samples=395360 fps=19.3 loss=0.6653 actor=0.1322 value=0.5549 entropy=2.1790 mean_return=15.334 mean_len=80.2
[gat-train] update=2472 samples=395520 fps=19.3 loss=0.0492 actor=-0.1180 value=0.1879 entropy=2.0697 mean_return=15.347 mean_len=79.9
[gat-train] update=2473 samples=395680 fps=19.3 loss=0.5901 actor=0.2562 value=0.3541 entropy=2.0175 mean_return=15.354 mean_len=79.8
[gat-train] update=2474 samples=395840 fps=19.3 loss=0.2217 actor=-0.1679 value=0.4088 entropy=1.9187 mean_return=15.274 mean_len=79.3
[gat-train] update=2475 samples=396000 fps=19.3 loss=0.0370 actor=-0.0473 value=0.1047 entropy=2.0341 mean_return=15.274 mean_len=79.3
[gat-train] update=2476 samples=396160 fps=19.3 loss=0.1924 actor=0.0420 value=0.1712 entropy=2.0758 mean_return=15.225 mean_len=79.0
[gat-train] update=2477 samples=396320 fps=19.3 loss=0.2572 actor=-0.1921 value=0.4702 entropy=2.0820 mean_return=15.245 mean_len=79.4
[gat-train] update=2478 samples=396480 fps=19.3 loss=0.1970 actor=-0.0595 value=0.2772 entropy=2.0769 mean_return=15.329 mean_len=80.1
[gat-train] update=2479 samples=396640 fps=19.3 loss=0.0373 actor=-0.1339 value=0.1928 entropy=2.1567 mean_return=15.309 mean_len=80.0
[gat-train] update=2480 samples=396800 fps=19.3 loss=0.5961 actor=0.2365 value=0.3820 entropy=2.2321 mean_return=15.250 mean_len=79.7
[gat-train] update=2481 samples=396960 fps=19.3 loss=0.3299 actor=-0.0735 value=0.4256 entropy=2.2233 mean_return=15.224 mean_len=79.6
[gat-train] update=2482 samples=397120 fps=19.3 loss=0.0326 actor=-0.1019 value=0.1580 entropy=2.3429 mean_return=15.217 mean_len=79.4
[gat-train] update=2483 samples=397280 fps=19.3 loss=-0.1369 actor=-0.3248 value=0.2125 entropy=2.4582 mean_return=15.226 mean_len=79.5
[gat-train] update=2484 samples=397440 fps=19.3 loss=0.1128 actor=-0.0266 value=0.1645 entropy=2.5156 mean_return=15.193 mean_len=79.5
[gat-train] update=2485 samples=397600 fps=19.3 loss=0.3186 actor=0.0613 value=0.2804 entropy=2.3079 mean_return=15.108 mean_len=79.1
[gat-train] update=2486 samples=397760 fps=19.3 loss=0.2692 actor=0.0844 value=0.2081 entropy=2.3248 mean_return=15.092 mean_len=78.9
[gat-train] update=2487 samples=397920 fps=19.3 loss=0.4389 actor=-0.0272 value=0.4892 entropy=2.3151 mean_return=15.129 mean_len=79.1
[gat-train] update=2488 samples=398080 fps=19.3 loss=0.1620 actor=-0.0584 value=0.2434 entropy=2.3061 mean_return=15.122 mean_len=79.0
[gat-train] update=2489 samples=398240 fps=19.3 loss=0.6453 actor=0.0403 value=0.6269 entropy=2.1833 mean_return=15.106 mean_len=79.0
[gat-train] update=2490 samples=398400 fps=19.3 loss=0.0622 actor=-0.1448 value=0.2288 entropy=2.1671 mean_return=15.107 mean_len=78.9
[gat-train] update=2491 samples=398560 fps=19.3 loss=0.0580 actor=-0.1143 value=0.1952 entropy=2.2960 mean_return=15.099 mean_len=79.0
[gat-train] update=2492 samples=398720 fps=19.3 loss=0.2970 actor=0.0031 value=0.3177 entropy=2.3743 mean_return=15.083 mean_len=78.9
[gat-train] update=2493 samples=398880 fps=19.3 loss=0.5476 actor=0.1258 value=0.4439 entropy=2.2202 mean_return=15.053 mean_len=78.5
[gat-train] update=2494 samples=399040 fps=19.3 loss=-0.0460 actor=-0.1939 value=0.1706 entropy=2.2729 mean_return=15.059 mean_len=78.7
[gat-train] update=2495 samples=399200 fps=19.3 loss=0.4475 actor=0.0952 value=0.3762 entropy=2.3896 mean_return=15.072 mean_len=78.4
[gat-train] update=2496 samples=399360 fps=19.3 loss=0.0446 actor=-0.0639 value=0.1321 entropy=2.3626 mean_return=15.061 mean_len=78.7
[gat-train] update=2497 samples=399520 fps=19.3 loss=0.1821 actor=-0.0223 value=0.2285 entropy=2.3967 mean_return=15.040 mean_len=78.8
[gat-train] update=2498 samples=399680 fps=19.3 loss=0.7567 actor=0.3226 value=0.4599 entropy=2.5765 mean_return=15.027 mean_len=78.6
[gat-train] update=2499 samples=399840 fps=19.3 loss=-0.1340 actor=-0.3727 value=0.2636 entropy=2.4801 mean_return=15.053 mean_len=78.9
[gat-train] update=2500 samples=400000 fps=19.3 loss=0.2664 actor=0.0758 value=0.2154 entropy=2.4784 mean_return=15.047 mean_len=78.6
[gat-train] eval update=2500 comp_score=84.62 best=86.04
Loading user config located at: '/home/user/isaacsim/kit/data/Kit/Isaac-Sim/5.1/user.config.json'
[Info] [carb] Logging to file: /home/user/isaacsim/kit/logs/Kit/Isaac-Sim/5.1/kit_20260709_075834.log
2026-07-08T22:58:34Z [165ms] [Warning] [omni.platforminfo.plugin] failed to open the default display.  Can't verify X Server version.
2026-07-08T22:58:34Z [167ms] [Warning] [omni.usd_config.extension] Enable omni.materialx.libs extension to use MaterialX
2026-07-08T22:58:35Z [411ms] [Warning] [carb] Acquiring non optional plugin interface which is not listed as dependency: [omni::physx::IPhysxBenchmarks v1.0] (plugin: <default plugin>), by client: omni.physics.physx.plugin. Add it to CARB_PLUGIN_IMPL_DEPS() macro of a client.
2026-07-08T22:58:35Z [508ms] [Warning] [omni.isaac.dynamic_control] omni.isaac.dynamic_control is deprecated as of Isaac Sim 4.5. No action is needed from end-users.
2026-07-08T22:58:36Z [2,153ms] [Warning] [gpu.foundation.plugin] Skipping unsupported non-NVIDIA GPU: AMD Unknown (RADV RAPHAEL_MENDOCINO)
2026-07-08T22:58:36Z [2,153ms] [Warning] [gpu.foundation.plugin] Skipping unsupported non-NVIDIA GPU: AMD Unknown (RADV RAPHAEL_MENDOCINO)

|---------------------------------------------------------------------------------------------|
| Driver Version: 580.159.03    | Graphics API: Vulkan
|=============================================================================================|
| GPU | Name                             | Active | LDA | GPU Memory | Vendor-ID | LUID       |
|     |                                  |        |     |            | Device-ID | UUID       |
|     |                                  |        |     |            | Bus-ID    |            |
|---------------------------------------------------------------------------------------------|
| 0   | NVIDIA RTX PRO 6000 Blackwell .. | Yes: 0 |     | 97887   MB | 10de      | 0          |
|     |                                  |        |     |            | 2bb1      | 25b334fd.. |
|     |                                  |        |     |            | 1         |            |
|---------------------------------------------------------------------------------------------|
| 1   | AMD Unknown (RADV RAPHAEL_MEND.. |        |     | 43508   MB | 1002      | 0          |
|     |                                  |        |     |            | 13c0      | 00000000.. |
|     |                                  |        |     |            | 79        |            |
|=============================================================================================|
| OS: 22.04.5 LTS (Jammy Jellyfish) ubuntu, Version: 22.04.5, Kernel: 6.8.0-124-generic
| Processor: AMD Ryzen 9 9950X3D 16-Core Processor
| Cores: 16 | Logical Cores: 32
|---------------------------------------------------------------------------------------------|
| Total Memory (MB): 126429 | Free Memory: 119123
| Total Page/Swap (MB): 2047 | Free Page/Swap: 1847
|---------------------------------------------------------------------------------------------|
2026-07-08T22:58:37Z [2,609ms] [Warning] [isaaclab.envs.direct_rl_env] Seed not set for the environment. The environment creation may not be deterministic.
[terminal18-finish15] profile=finish_ratio_t15 exited code=0 Thu Jul  9 01:44:24 PM KST 2026
