[c1400-workers16] start profile=sun_gap_fill_v2 run=sun_c1400_env128_workers16_rand52official_gap_fill_v2_lr5e7_cont start=isaaclab_pallet/runs/sun_terminal18_env128_workers4_rand52official_sun_gap_guard_v1_deploybest/deploy_eval/candidate-001400.pt envs=128 workers=16 updates=1500 eval_dir=artifacts/random_spec_eval_50_plus_official/box_sequence eval=random_spec_000 random_spec_001 random_spec_002 random_spec_003 random_spec_004 random_spec_005 random_spec_006 random_spec_007 random_spec_008 random_spec_009 random_spec_010 random_spec_011 random_spec_012 random_spec_013 random_spec_014 random_spec_015 random_spec_016 random_spec_017 random_spec_018 random_spec_019 random_spec_020 random_spec_021 random_spec_022 random_spec_023 random_spec_024 random_spec_025 random_spec_026 random_spec_027 random_spec_028 random_spec_029 random_spec_030 random_spec_031 random_spec_032 random_spec_033 random_spec_034 random_spec_035 random_spec_036 random_spec_037 random_spec_038 random_spec_039 random_spec_040 random_spec_041 random_spec_042 random_spec_043 random_spec_044 random_spec_045 random_spec_046 random_spec_047 random_spec_048 random_spec_049 box_sequence_0 box_sequence_1 Thu Jul 16 05:28:54 AM KST 2026
Gym has been unmaintained since 2022 and does not support NumPy 2.0 amongst other critical functionality.
Please upgrade to Gymnasium, the maintained drop-in replacement of Gym, or contact the authors of your software and request that they upgrade.
See the migration guide at https://gymnasium.farama.org/introduction/migration_guide/ for additional information.
[INFO][AppLauncher]: Using device: cuda:0
[INFO][AppLauncher]: Loading experience file: /home/user/IsaacLab/apps/isaaclab.python.headless.kit

[36m======================================================================================[0m
[36m[1m[INFO][IsaacLab]: Logging to file: /tmp/isaaclab/logs/isaaclab_2026-07-16_05-29-01.log[0m
[36m======================================================================================[0m

[33m05:29:01 [simulation_context.py] WARNING: The `enable_external_forces_every_iteration` parameter in the PhysxCfg is set to False. If you are experiencing noisy velocities, consider enabling this flag. You may need to slightly increase the number of velocity iterations (setting it to 1 or 2 rather than 0), together with this flag, to improve the accuracy of velocity updates.[0m
[INFO]: Base environment:
	Environment device    : cuda:0
	Environment seed      : None
	Physics step-size     : 0.008333333333333333
	Rendering step-size   : 0.16666666666666666
	Environment step-size : 0.16666666666666666
[33m05:29:22 [interactive_scene.py] WARNING: Collision filtering can only be automatically enabled when replicate_physics=True and using GPU simulation. Please call scene.filter_collisions(global_prim_paths) to filter collisions across environments.[0m
Gym has been unmaintained since 2022 and does not support NumPy 2.0 amongst other critical functionality.
Please upgrade to Gymnasium, the maintained drop-in replacement of Gym, or contact the authors of your software and request that they upgrade.
See the migration guide at https://gymnasium.farama.org/introduction/migration_guide/ for additional information.
Gym has been unmaintained since 2022 and does not support NumPy 2.0 amongst other critical functionality.
Please upgrade to Gymnasium, the maintained drop-in replacement of Gym, or contact the authors of your software and request that they upgrade.
See the migration guide at https://gymnasium.farama.org/introduction/migration_guide/ for additional information.
Gym has been unmaintained since 2022 and does not support NumPy 2.0 amongst other critical functionality.
Please upgrade to Gymnasium, the maintained drop-in replacement of Gym, or contact the authors of your software and request that they upgrade.
See the migration guide at https://gymnasium.farama.org/introduction/migration_guide/ for additional information.
Gym has been unmaintained since 2022 and does not support NumPy 2.0 amongst other critical functionality.
Please upgrade to Gymnasium, the maintained drop-in replacement of Gym, or contact the authors of your software and request that they upgrade.
See the migration guide at https://gymnasium.farama.org/introduction/migration_guide/ for additional information.
Gym has been unmaintained since 2022 and does not support NumPy 2.0 amongst other critical functionality.
Please upgrade to Gymnasium, the maintained drop-in replacement of Gym, or contact the authors of your software and request that they upgrade.
See the migration guide at https://gymnasium.farama.org/introduction/migration_guide/ for additional information.
Gym has been unmaintained since 2022 and does not support NumPy 2.0 amongst other critical functionality.
Please upgrade to Gymnasium, the maintained drop-in replacement of Gym, or contact the authors of your software and request that they upgrade.
See the migration guide at https://gymnasium.farama.org/introduction/migration_guide/ for additional information.
Gym has been unmaintained since 2022 and does not support NumPy 2.0 amongst other critical functionality.
Please upgrade to Gymnasium, the maintained drop-in replacement of Gym, or contact the authors of your software and request that they upgrade.
See the migration guide at https://gymnasium.farama.org/introduction/migration_guide/ for additional information.
Gym has been unmaintained since 2022 and does not support NumPy 2.0 amongst other critical functionality.
Please upgrade to Gymnasium, the maintained drop-in replacement of Gym, or contact the authors of your software and request that they upgrade.
See the migration guide at https://gymnasium.farama.org/introduction/migration_guide/ for additional information.
Gym has been unmaintained since 2022 and does not support NumPy 2.0 amongst other critical functionality.
Please upgrade to Gymnasium, the maintained drop-in replacement of Gym, or contact the authors of your software and request that they upgrade.
See the migration guide at https://gymnasium.farama.org/introduction/migration_guide/ for additional information.
Gym has been unmaintained since 2022 and does not support NumPy 2.0 amongst other critical functionality.
Please upgrade to Gymnasium, the maintained drop-in replacement of Gym, or contact the authors of your software and request that they upgrade.
See the migration guide at https://gymnasium.farama.org/introduction/migration_guide/ for additional information.
Gym has been unmaintained since 2022 and does not support NumPy 2.0 amongst other critical functionality.
Please upgrade to Gymnasium, the maintained drop-in replacement of Gym, or contact the authors of your software and request that they upgrade.
See the migration guide at https://gymnasium.farama.org/introduction/migration_guide/ for additional information.
Gym has been unmaintained since 2022 and does not support NumPy 2.0 amongst other critical functionality.
Please upgrade to Gymnasium, the maintained drop-in replacement of Gym, or contact the authors of your software and request that they upgrade.
See the migration guide at https://gymnasium.farama.org/introduction/migration_guide/ for additional information.
Gym has been unmaintained since 2022 and does not support NumPy 2.0 amongst other critical functionality.
Please upgrade to Gymnasium, the maintained drop-in replacement of Gym, or contact the authors of your software and request that they upgrade.
See the migration guide at https://gymnasium.farama.org/introduction/migration_guide/ for additional information.
Gym has been unmaintained since 2022 and does not support NumPy 2.0 amongst other critical functionality.
Please upgrade to Gymnasium, the maintained drop-in replacement of Gym, or contact the authors of your software and request that they upgrade.
See the migration guide at https://gymnasium.farama.org/introduction/migration_guide/ for additional information.
Gym has been unmaintained since 2022 and does not support NumPy 2.0 amongst other critical functionality.
Please upgrade to Gymnasium, the maintained drop-in replacement of Gym, or contact the authors of your software and request that they upgrade.
See the migration guide at https://gymnasium.farama.org/introduction/migration_guide/ for additional information.
Gym has been unmaintained since 2022 and does not support NumPy 2.0 amongst other critical functionality.
Please upgrade to Gymnasium, the maintained drop-in replacement of Gym, or contact the authors of your software and request that they upgrade.
See the migration guide at https://gymnasium.farama.org/introduction/migration_guide/ for additional information.
[INFO]: Time taken for scene creation : 21.345129 seconds
[INFO]: Scene manager:  <class InteractiveScene>
	Number of environments: 128
	Environment spacing   : 3.0
	Source prim name      : /World/envs/env_0
	Global prim paths     : []
	Replicate physics     : False
[INFO]: Starting the simulation. This may take a few seconds. Please wait...
[INFO]: Time taken for simulation start : 7.094405 seconds
[INFO]: Completed setting up the environment...
[gat-train] loaded GAT checkpoint: isaaclab_pallet/runs/sun_terminal18_env128_workers4_rand52official_sun_gap_guard_v1_deploybest/deploy_eval/candidate-001400.pt
wandb: [wandb.login()] Loaded credentials for https://api.wandb.ai from /home/user/.netrc.
/home/user/miniconda3/envs/env_isaaclab/lib/python3.11/site-packages/wandb/analytics/sentry.py:269: DeprecationWarning: Read the `app_url` setting from the appropriate Settings object.
  app_url = wandb.util.app_url(tags["base_url"])  # type: ignore[index]
wandb: Currently logged in as: nkyeonjae1009 (nkyeonjae1009-university-of-seoul) to https://api.wandb.ai. Use `wandb login --relogin` to force relogin
/home/user/miniconda3/envs/env_isaaclab/lib/python3.11/site-packages/wandb/analytics/sentry.py:269: DeprecationWarning: Read the `app_url` setting from the appropriate Settings object.
  app_url = wandb.util.app_url(tags["base_url"])  # type: ignore[index]
/home/user/miniconda3/envs/env_isaaclab/lib/python3.11/site-packages/wandb/analytics/sentry.py:280: DeprecationWarning: The `Scope.user` setter is deprecated in favor of `Scope.set_user()`.
  self.scope.user = {"email": email}
wandb: setting up run wlc4di4c
/home/user/miniconda3/envs/env_isaaclab/lib/python3.11/site-packages/wandb/analytics/sentry.py:269: DeprecationWarning: Read the `app_url` setting from the appropriate Settings object.
  app_url = wandb.util.app_url(tags["base_url"])  # type: ignore[index]
/home/user/miniconda3/envs/env_isaaclab/lib/python3.11/site-packages/wandb/analytics/sentry.py:280: DeprecationWarning: The `Scope.user` setter is deprecated in favor of `Scope.set_user()`.
  self.scope.user = {"email": email}
wandb: Tracking run with wandb version 0.28.0
wandb: Run data is saved locally in isaaclab_pallet/runs/sun_c1400_env128_workers16_rand52official_gap_fill_v2_lr5e7_cont/wandb/wandb/run-20260716_052954-wlc4di4c
wandb: Run `wandb offline` to turn off syncing.
wandb: Syncing run sun_c1400_env128_workers16_rand52official_gap_fill_v2_lr5e7_cont
wandb: ⭐️ View project at https://wandb.ai/nkyeonjae1009-university-of-seoul/assignment2-pallet
wandb: 🚀 View run at https://wandb.ai/nkyeonjae1009-university-of-seoul/assignment2-pallet/runs/wlc4di4c
[gat-train] wandb run url: https://wandb.ai/nkyeonjae1009-university-of-seoul/assignment2-pallet/runs/wlc4di4c
[gat-train] run_dir=isaaclab_pallet/runs/sun_c1400_env128_workers16_rand52official_gap_fill_v2_lr5e7_cont device=cuda:0 num_envs=128 num_packer_workers=16 obs_shape=(128, 301, 9) leaf_shape=(128, 100, 9) num_steps=5 normFactor=0.8 drift_fail_threshold=0.4 box_source=random box_seed=1 train_box_seq_dir=submit_buffer3_search/box_sequence train_type_sequences=box_sequence_0,box_sequence_1 reward_profile=sun_gap_fill_v2 learn_finish_action=False action_space=100 candidate_generator=ems candidate_rerank_k=0 candidate_diversity_center_m=0.05
[gat-train] eval_seq_count=52 box_seq_dir=artifacts/random_spec_eval_50_plus_official/box_sequence eval_sequences=random_spec_000,random_spec_001,random_spec_002,random_spec_003,random_spec_004,random_spec_005,random_spec_006,random_spec_007,random_spec_008,random_spec_009,random_spec_010,random_spec_011,random_spec_012,random_spec_013,random_spec_014,random_spec_015,random_spec_016,random_spec_017,random_spec_018,random_spec_019,random_spec_020,random_spec_021,random_spec_022,random_spec_023,random_spec_024,random_spec_025,random_spec_026,random_spec_027,random_spec_028,random_spec_029,random_spec_030,random_spec_031,random_spec_032,random_spec_033,random_spec_034,random_spec_035,random_spec_036,random_spec_037,random_spec_038,random_spec_039,random_spec_040,random_spec_041,random_spec_042,random_spec_043,random_spec_044,random_spec_045,random_spec_046,random_spec_047,random_spec_048,random_spec_049,box_sequence_0,box_sequence_1
/home/user/Documents/assignment2_project/templete code/src/pct/convex_hull.py:104: DeprecationWarning: Arrays of 2-dimensional vectors are deprecated. Use arrays of 3-dimensional vectors instead. (deprecated in NumPy 2.0)
  if np.sum(np.cross(coords[i] - point, point - coords[j])) == 0:
[gat-train] initial deployment score = 86.58 min=77.08 bottom10=79.47 (torch_eval=86.14)  -> PCT-best.pt
/home/user/Documents/assignment2_project/templete code/src/pct/convex_hull.py:104: DeprecationWarning: Arrays of 2-dimensional vectors are deprecated. Use arrays of 3-dimensional vectors instead. (deprecated in NumPy 2.0)
  if np.sum(np.cross(coords[i] - point, point - coords[j])) == 0:
/home/user/Documents/assignment2_project/templete code/src/pct/convex_hull.py:104: DeprecationWarning: Arrays of 2-dimensional vectors are deprecated. Use arrays of 3-dimensional vectors instead. (deprecated in NumPy 2.0)
  if np.sum(np.cross(coords[i] - point, point - coords[j])) == 0:
/home/user/Documents/assignment2_project/templete code/src/pct/convex_hull.py:104: DeprecationWarning: Arrays of 2-dimensional vectors are deprecated. Use arrays of 3-dimensional vectors instead. (deprecated in NumPy 2.0)
  if np.sum(np.cross(coords[i] - point, point - coords[j])) == 0:
/home/user/Documents/assignment2_project/templete code/src/pct/convex_hull.py:104: DeprecationWarning: Arrays of 2-dimensional vectors are deprecated. Use arrays of 3-dimensional vectors instead. (deprecated in NumPy 2.0)
  if np.sum(np.cross(coords[i] - point, point - coords[j])) == 0:
/home/user/Documents/assignment2_project/templete code/src/pct/convex_hull.py:104: DeprecationWarning: Arrays of 2-dimensional vectors are deprecated. Use arrays of 3-dimensional vectors instead. (deprecated in NumPy 2.0)
  if np.sum(np.cross(coords[i] - point, point - coords[j])) == 0:
/home/user/Documents/assignment2_project/templete code/src/pct/convex_hull.py:104: DeprecationWarning: Arrays of 2-dimensional vectors are deprecated. Use arrays of 3-dimensional vectors instead. (deprecated in NumPy 2.0)
  if np.sum(np.cross(coords[i] - point, point - coords[j])) == 0:
/home/user/Documents/assignment2_project/templete code/src/pct/convex_hull.py:104: DeprecationWarning: Arrays of 2-dimensional vectors are deprecated. Use arrays of 3-dimensional vectors instead. (deprecated in NumPy 2.0)
  if np.sum(np.cross(coords[i] - point, point - coords[j])) == 0:
/home/user/Documents/assignment2_project/templete code/src/pct/convex_hull.py:104: DeprecationWarning: Arrays of 2-dimensional vectors are deprecated. Use arrays of 3-dimensional vectors instead. (deprecated in NumPy 2.0)
  if np.sum(np.cross(coords[i] - point, point - coords[j])) == 0:
/home/user/Documents/assignment2_project/templete code/src/pct/convex_hull.py:104: DeprecationWarning: Arrays of 2-dimensional vectors are deprecated. Use arrays of 3-dimensional vectors instead. (deprecated in NumPy 2.0)
  if np.sum(np.cross(coords[i] - point, point - coords[j])) == 0:
/home/user/Documents/assignment2_project/templete code/src/pct/convex_hull.py:104: DeprecationWarning: Arrays of 2-dimensional vectors are deprecated. Use arrays of 3-dimensional vectors instead. (deprecated in NumPy 2.0)
  if np.sum(np.cross(coords[i] - point, point - coords[j])) == 0:
/home/user/Documents/assignment2_project/templete code/src/pct/convex_hull.py:104: DeprecationWarning: Arrays of 2-dimensional vectors are deprecated. Use arrays of 3-dimensional vectors instead. (deprecated in NumPy 2.0)
  if np.sum(np.cross(coords[i] - point, point - coords[j])) == 0:
/home/user/Documents/assignment2_project/templete code/src/pct/convex_hull.py:104: DeprecationWarning: Arrays of 2-dimensional vectors are deprecated. Use arrays of 3-dimensional vectors instead. (deprecated in NumPy 2.0)
  if np.sum(np.cross(coords[i] - point, point - coords[j])) == 0:
/home/user/Documents/assignment2_project/templete code/src/pct/convex_hull.py:104: DeprecationWarning: Arrays of 2-dimensional vectors are deprecated. Use arrays of 3-dimensional vectors instead. (deprecated in NumPy 2.0)
  if np.sum(np.cross(coords[i] - point, point - coords[j])) == 0:
/home/user/Documents/assignment2_project/templete code/src/pct/convex_hull.py:104: DeprecationWarning: Arrays of 2-dimensional vectors are deprecated. Use arrays of 3-dimensional vectors instead. (deprecated in NumPy 2.0)
  if np.sum(np.cross(coords[i] - point, point - coords[j])) == 0:
/home/user/Documents/assignment2_project/templete code/src/pct/convex_hull.py:104: DeprecationWarning: Arrays of 2-dimensional vectors are deprecated. Use arrays of 3-dimensional vectors instead. (deprecated in NumPy 2.0)
  if np.sum(np.cross(coords[i] - point, point - coords[j])) == 0:
/home/user/Documents/assignment2_project/templete code/src/pct/convex_hull.py:104: DeprecationWarning: Arrays of 2-dimensional vectors are deprecated. Use arrays of 3-dimensional vectors instead. (deprecated in NumPy 2.0)
  if np.sum(np.cross(coords[i] - point, point - coords[j])) == 0:
[gat-train] update=1 samples=640 fps=2.9 loss=-0.2630 actor=-0.6195 value=0.3726 entropy=1.6015 mean_return=0.000 mean_len=0.0
[gat-train] update=2 samples=1280 fps=5.8 loss=-0.1758 actor=-0.4414 value=0.2922 entropy=2.6586 mean_return=0.000 mean_len=0.0
[gat-train] update=3 samples=1920 fps=8.6 loss=0.9084 actor=0.5038 value=0.4243 entropy=1.9715 mean_return=0.000 mean_len=0.0
[gat-train] update=4 samples=2560 fps=11.3 loss=1.4632 actor=0.7096 value=0.7694 entropy=1.5779 mean_return=0.000 mean_len=0.0
[gat-train] update=5 samples=3200 fps=13.9 loss=1.3255 actor=0.6478 value=0.6941 entropy=1.6327 mean_return=0.000 mean_len=0.0
[gat-train] update=6 samples=3840 fps=16.3 loss=1.1475 actor=0.5199 value=0.6415 entropy=1.3979 mean_return=0.000 mean_len=0.0
[gat-train] update=7 samples=4480 fps=18.7 loss=1.2477 actor=0.6091 value=0.6519 entropy=1.3314 mean_return=0.000 mean_len=0.0
[gat-train] update=8 samples=5120 fps=21.0 loss=1.0961 actor=0.5093 value=0.5995 entropy=1.2691 mean_return=0.000 mean_len=0.0
[gat-train] update=9 samples=5760 fps=23.1 loss=1.0731 actor=0.5309 value=0.5552 entropy=1.2913 mean_return=0.000 mean_len=0.0
[gat-train] update=10 samples=6400 fps=25.2 loss=0.9183 actor=0.4334 value=0.4980 entropy=1.3092 mean_return=0.000 mean_len=0.0
[gat-train] update=11 samples=7040 fps=27.1 loss=0.7648 actor=0.3388 value=0.4392 entropy=1.3234 mean_return=0.000 mean_len=0.0
[gat-train] update=12 samples=7680 fps=29.0 loss=0.8401 actor=0.4087 value=0.4446 entropy=1.3116 mean_return=0.000 mean_len=0.0
[gat-train] update=13 samples=8320 fps=30.8 loss=0.6679 actor=0.2128 value=0.4680 entropy=1.2837 mean_return=31.188 mean_len=62.0
[gat-train] update=14 samples=8960 fps=32.4 loss=0.5984 actor=0.1902 value=0.4216 entropy=1.3424 mean_return=28.613 mean_len=67.2
[gat-train] update=15 samples=9600 fps=34.0 loss=0.6224 actor=0.2155 value=0.4206 entropy=1.3697 mean_return=31.605 mean_len=71.2
[gat-train] update=16 samples=10240 fps=35.6 loss=0.9274 actor=0.3497 value=0.5915 entropy=1.3815 mean_return=32.949 mean_len=75.5
[gat-train] update=17 samples=10880 fps=37.3 loss=2.1284 actor=0.8023 value=1.3420 entropy=1.5937 mean_return=35.319 mean_len=82.0
[gat-train] update=18 samples=11520 fps=38.9 loss=2.9255 actor=0.9799 value=1.9630 entropy=1.7415 mean_return=38.152 mean_len=87.0
[gat-train] update=19 samples=12160 fps=40.6 loss=1.9256 actor=0.5868 value=1.3578 entropy=1.9029 mean_return=39.484 mean_len=89.3
[gat-train] update=20 samples=12800 fps=42.2 loss=1.2514 actor=0.5045 value=0.7642 entropy=1.7295 mean_return=39.860 mean_len=90.0
[gat-train] update=21 samples=13440 fps=43.7 loss=0.8428 actor=0.3013 value=0.5565 entropy=1.4956 mean_return=39.860 mean_len=90.0
[gat-train] update=22 samples=14080 fps=45.2 loss=1.2093 actor=0.5547 value=0.6683 entropy=1.3632 mean_return=39.860 mean_len=90.0
[gat-train] update=23 samples=14720 fps=46.6 loss=1.1231 actor=0.5582 value=0.5780 entropy=1.3134 mean_return=39.860 mean_len=90.0
[gat-train] update=24 samples=15360 fps=47.9 loss=0.9570 actor=0.4454 value=0.5242 entropy=1.2585 mean_return=39.860 mean_len=90.0
[gat-train] update=25 samples=16000 fps=49.1 loss=0.9806 actor=0.4851 value=0.5080 entropy=1.2550 mean_return=39.860 mean_len=90.0
[gat-train] update=26 samples=16640 fps=50.2 loss=1.1464 actor=0.6053 value=0.5541 entropy=1.3047 mean_return=39.860 mean_len=90.0
[gat-train] update=27 samples=17280 fps=51.4 loss=0.8913 actor=0.4278 value=0.4764 entropy=1.2881 mean_return=39.860 mean_len=90.0
[gat-train] update=28 samples=17920 fps=52.4 loss=0.9105 actor=0.4150 value=0.5085 entropy=1.2990 mean_return=39.860 mean_len=90.0
[gat-train] update=29 samples=18560 fps=53.5 loss=0.6081 actor=0.2207 value=0.4001 entropy=1.2732 mean_return=39.860 mean_len=90.0
[gat-train] update=30 samples=19200 fps=54.5 loss=0.8068 actor=0.3024 value=0.5172 entropy=1.2834 mean_return=39.674 mean_len=89.6
[gat-train] update=31 samples=19840 fps=55.4 loss=0.9157 actor=0.4198 value=0.5089 entropy=1.2920 mean_return=39.303 mean_len=88.9
[gat-train] update=32 samples=20480 fps=56.2 loss=0.7634 actor=0.2381 value=0.5384 entropy=1.3116 mean_return=37.703 mean_len=86.3
[gat-train] update=33 samples=21120 fps=57.1 loss=1.5845 actor=0.5856 value=1.0128 entropy=1.3937 mean_return=36.329 mean_len=83.9
[gat-train] update=34 samples=21760 fps=58.1 loss=1.8905 actor=0.7685 value=1.1369 entropy=1.4988 mean_return=36.821 mean_len=84.8
[gat-train] update=35 samples=22400 fps=59.2 loss=1.3604 actor=0.4449 value=0.9311 entropy=1.5610 mean_return=37.477 mean_len=85.6
[gat-train] update=36 samples=23040 fps=60.2 loss=1.2718 actor=0.4885 value=0.8005 entropy=1.7221 mean_return=38.214 mean_len=86.5
[gat-train] update=37 samples=23680 fps=61.3 loss=1.0384 actor=0.4336 value=0.6210 entropy=1.6282 mean_return=38.768 mean_len=87.3
[gat-train] update=38 samples=24320 fps=62.3 loss=1.0257 actor=0.4568 value=0.5835 entropy=1.4566 mean_return=38.883 mean_len=87.5
[gat-train] update=39 samples=24960 fps=63.3 loss=0.9407 actor=0.4481 value=0.5065 entropy=1.3908 mean_return=38.883 mean_len=87.5
[gat-train] update=40 samples=25600 fps=64.2 loss=1.2575 actor=0.6220 value=0.6492 entropy=1.3663 mean_return=38.883 mean_len=87.5
[gat-train] update=41 samples=26240 fps=65.1 loss=1.1715 actor=0.5313 value=0.6529 entropy=1.2659 mean_return=38.883 mean_len=87.5
[gat-train] update=42 samples=26880 fps=65.8 loss=1.2636 actor=0.6518 value=0.6243 entropy=1.2498 mean_return=38.883 mean_len=87.5
[gat-train] update=43 samples=27520 fps=66.6 loss=1.0357 actor=0.4978 value=0.5506 entropy=1.2692 mean_return=38.883 mean_len=87.5
[gat-train] update=44 samples=28160 fps=67.2 loss=0.8833 actor=0.4125 value=0.4835 entropy=1.2760 mean_return=38.883 mean_len=87.5
[gat-train] update=45 samples=28800 fps=67.9 loss=0.8057 actor=0.3563 value=0.4622 entropy=1.2870 mean_return=38.883 mean_len=87.5
[gat-train] update=46 samples=29440 fps=68.4 loss=0.8879 actor=0.2779 value=0.6230 entropy=1.2888 mean_return=38.289 mean_len=86.1
[gat-train] update=47 samples=30080 fps=69.0 loss=0.5990 actor=0.1163 value=0.4969 entropy=1.4199 mean_return=37.777 mean_len=85.1
[gat-train] update=48 samples=30720 fps=69.5 loss=0.7142 actor=0.2265 value=0.5016 entropy=1.3821 mean_return=37.241 mean_len=83.7
[gat-train] update=49 samples=31360 fps=70.1 loss=0.7662 actor=0.2861 value=0.4945 entropy=1.4416 mean_return=35.886 mean_len=82.0
[gat-train] update=50 samples=32000 fps=70.7 loss=0.9884 actor=0.3816 value=0.6219 entropy=1.5136 mean_return=34.818 mean_len=80.0
[gat-train] eval update=50 torch_score=85.30 deploy_score=86.58 min=77.08 bottom10=79.47 max_regression=0.00 regressions=0 guard_rejected=0 best=86.58
[gat-train] update=51 samples=32640 fps=48.6 loss=1.3877 actor=0.4629 value=0.9410 entropy=1.6106 mean_return=36.827 mean_len=83.9
[gat-train] update=52 samples=33280 fps=49.2 loss=1.5010 actor=0.5599 value=0.9581 entropy=1.6974 mean_return=37.637 mean_len=85.7
[gat-train] update=53 samples=33920 fps=49.8 loss=1.4835 actor=0.5696 value=0.9312 entropy=1.7295 mean_return=38.194 mean_len=87.0
[gat-train] update=54 samples=34560 fps=50.5 loss=1.2287 actor=0.3960 value=0.8494 entropy=1.6623 mean_return=38.582 mean_len=88.2
[gat-train] update=55 samples=35200 fps=51.1 loss=1.1453 actor=0.4681 value=0.6928 entropy=1.5582 mean_return=38.694 mean_len=88.5
[gat-train] update=56 samples=35840 fps=51.7 loss=1.0069 actor=0.4408 value=0.5807 entropy=1.4590 mean_return=38.857 mean_len=88.7
[gat-train] update=57 samples=36480 fps=52.3 loss=1.3001 actor=0.6640 value=0.6505 entropy=1.4375 mean_return=38.857 mean_len=88.7
[gat-train] update=58 samples=37120 fps=52.8 loss=1.0369 actor=0.5526 value=0.4980 entropy=1.3590 mean_return=38.857 mean_len=88.7
[gat-train] update=59 samples=37760 fps=53.4 loss=1.1841 actor=0.4174 value=0.7802 entropy=1.3530 mean_return=38.705 mean_len=88.2
[gat-train] update=60 samples=38400 fps=53.9 loss=1.1272 actor=0.5299 value=0.6103 entropy=1.2935 mean_return=38.705 mean_len=88.2
[gat-train] update=61 samples=39040 fps=54.4 loss=0.9265 actor=0.4457 value=0.4938 entropy=1.3111 mean_return=38.626 mean_len=87.8
[gat-train] update=62 samples=39680 fps=54.9 loss=0.6500 actor=0.2992 value=0.3637 entropy=1.2874 mean_return=38.626 mean_len=87.8
[gat-train] update=63 samples=40320 fps=55.3 loss=0.6180 actor=0.2217 value=0.4098 entropy=1.3460 mean_return=38.079 mean_len=86.6
[gat-train] update=64 samples=40960 fps=55.7 loss=0.7054 actor=0.2438 value=0.4747 entropy=1.3161 mean_return=38.142 mean_len=86.5
[gat-train] update=65 samples=41600 fps=56.1 loss=0.7747 actor=0.2189 value=0.5699 entropy=1.4039 mean_return=36.516 mean_len=84.1
[gat-train] update=66 samples=42240 fps=56.6 loss=0.7673 actor=0.2213 value=0.5602 entropy=1.4201 mean_return=35.771 mean_len=82.2
[gat-train] update=67 samples=42880 fps=57.0 loss=0.7516 actor=0.2007 value=0.5659 entropy=1.5086 mean_return=35.398 mean_len=81.6
[gat-train] update=68 samples=43520 fps=57.5 loss=1.1562 actor=0.4453 value=0.7272 entropy=1.6287 mean_return=36.398 mean_len=82.9
[gat-train] update=69 samples=44160 fps=58.0 loss=1.1675 actor=0.4461 value=0.7370 entropy=1.5641 mean_return=36.772 mean_len=83.9
[gat-train] update=70 samples=44800 fps=58.5 loss=1.3163 actor=0.5398 value=0.7923 entropy=1.5821 mean_return=37.781 mean_len=85.9
[gat-train] update=71 samples=45440 fps=59.0 loss=1.0386 actor=0.3987 value=0.6563 entropy=1.6277 mean_return=38.173 mean_len=86.7
[gat-train] update=72 samples=46080 fps=59.4 loss=1.3389 actor=0.5460 value=0.8084 entropy=1.5404 mean_return=38.430 mean_len=87.6
[gat-train] update=73 samples=46720 fps=59.9 loss=0.8999 actor=0.3593 value=0.5555 entropy=1.4975 mean_return=38.446 mean_len=87.5
[gat-train] update=74 samples=47360 fps=60.4 loss=0.9822 actor=0.5168 value=0.4799 entropy=1.4520 mean_return=38.612 mean_len=87.7
[gat-train] update=75 samples=48000 fps=60.8 loss=1.0363 actor=0.4821 value=0.5678 entropy=1.3551 mean_return=38.480 mean_len=87.3
[gat-train] update=76 samples=48640 fps=61.3 loss=0.8376 actor=0.3909 value=0.4600 entropy=1.3357 mean_return=38.480 mean_len=87.3
[gat-train] update=77 samples=49280 fps=61.7 loss=0.9164 actor=0.3989 value=0.5310 entropy=1.3494 mean_return=38.480 mean_len=87.3
[gat-train] update=78 samples=49920 fps=62.1 loss=0.9461 actor=0.4758 value=0.4835 entropy=1.3189 mean_return=38.480 mean_len=87.3
[gat-train] update=79 samples=50560 fps=62.4 loss=0.7365 actor=0.3306 value=0.4185 entropy=1.2631 mean_return=38.276 mean_len=86.7
[gat-train] update=80 samples=51200 fps=62.8 loss=0.7944 actor=0.2253 value=0.5821 entropy=1.2955 mean_return=37.880 mean_len=86.0
[gat-train] update=81 samples=51840 fps=63.1 loss=0.7401 actor=0.2509 value=0.5030 entropy=1.3814 mean_return=37.192 mean_len=84.4
[gat-train] update=82 samples=52480 fps=63.5 loss=0.6728 actor=0.2079 value=0.4788 entropy=1.3849 mean_return=36.613 mean_len=83.7
[gat-train] update=83 samples=53120 fps=63.8 loss=0.6933 actor=0.2411 value=0.4664 entropy=1.4277 mean_return=35.976 mean_len=82.5
[gat-train] update=84 samples=53760 fps=64.1 loss=0.7735 actor=0.1724 value=0.6168 entropy=1.5638 mean_return=35.683 mean_len=82.9
[gat-train] update=85 samples=54400 fps=64.5 loss=1.0618 actor=0.3793 value=0.6981 entropy=1.5696 mean_return=36.224 mean_len=84.2
[gat-train] update=86 samples=55040 fps=64.9 loss=0.8374 actor=0.2602 value=0.5934 entropy=1.6119 mean_return=36.302 mean_len=84.2
[gat-train] update=87 samples=55680 fps=65.3 loss=1.2647 actor=0.5323 value=0.7485 entropy=1.6121 mean_return=37.326 mean_len=85.8
[gat-train] update=88 samples=56320 fps=65.7 loss=1.5130 actor=0.6033 value=0.9248 entropy=1.5137 mean_return=37.537 mean_len=86.0
[gat-train] update=89 samples=56960 fps=66.1 loss=0.9120 actor=0.3654 value=0.5619 entropy=1.5236 mean_return=37.971 mean_len=86.9
[gat-train] update=90 samples=57600 fps=66.5 loss=0.9124 actor=0.3672 value=0.5599 entropy=1.4663 mean_return=38.141 mean_len=87.1
[gat-train] update=91 samples=58240 fps=66.9 loss=1.2472 actor=0.6266 value=0.6348 entropy=1.4194 mean_return=38.080 mean_len=87.1
[gat-train] update=92 samples=58880 fps=67.2 loss=1.2115 actor=0.5152 value=0.7099 entropy=1.3638 mean_return=38.180 mean_len=87.3
[gat-train] update=93 samples=59520 fps=67.6 loss=1.1237 actor=0.5133 value=0.6235 entropy=1.3135 mean_return=38.242 mean_len=87.4
[gat-train] update=94 samples=60160 fps=67.9 loss=1.2357 actor=0.2798 value=0.9684 entropy=1.2528 mean_return=37.986 mean_len=86.9
[gat-train] update=95 samples=60800 fps=68.3 loss=0.7861 actor=0.2896 value=0.5090 entropy=1.2559 mean_return=37.801 mean_len=86.6
[gat-train] update=96 samples=61440 fps=68.5 loss=0.7829 actor=0.3046 value=0.4910 entropy=1.2627 mean_return=37.733 mean_len=86.3
[gat-train] update=97 samples=62080 fps=68.8 loss=0.6811 actor=0.2286 value=0.4653 entropy=1.2775 mean_return=37.600 mean_len=85.7
[gat-train] update=98 samples=62720 fps=69.1 loss=0.7516 actor=0.1820 value=0.5830 entropy=1.3397 mean_return=37.123 mean_len=84.4
[gat-train] update=99 samples=63360 fps=69.3 loss=0.7484 actor=0.2510 value=0.5112 entropy=1.3834 mean_return=36.939 mean_len=83.2
[gat-train] update=100 samples=64000 fps=69.6 loss=1.2342 actor=0.2444 value=1.0035 entropy=1.3637 mean_return=36.189 mean_len=81.4
[gat-train] eval update=100 torch_score=85.03 deploy_score=86.58 min=77.08 bottom10=79.47 max_regression=0.00 regressions=0 guard_rejected=0 best=86.58
[gat-train] update=101 samples=64640 fps=56.8 loss=0.9410 actor=0.3012 value=0.6545 entropy=1.4650 mean_return=36.460 mean_len=82.9
[gat-train] update=102 samples=65280 fps=57.1 loss=0.6324 actor=0.1961 value=0.4509 entropy=1.4553 mean_return=36.529 mean_len=83.5
[gat-train] update=103 samples=65920 fps=57.4 loss=0.7578 actor=0.3019 value=0.4716 entropy=1.5669 mean_return=37.034 mean_len=84.6
[gat-train] update=104 samples=66560 fps=57.7 loss=1.0287 actor=0.4844 value=0.5598 entropy=1.5504 mean_return=37.270 mean_len=84.7
[gat-train] update=105 samples=67200 fps=58.0 loss=1.0590 actor=0.3974 value=0.6764 entropy=1.4809 mean_return=37.544 mean_len=85.7
[gat-train] update=106 samples=67840 fps=58.4 loss=1.0840 actor=0.4901 value=0.6083 entropy=1.4301 mean_return=37.707 mean_len=85.8
[gat-train] update=107 samples=68480 fps=58.7 loss=1.2877 actor=0.5664 value=0.7358 entropy=1.4465 mean_return=38.046 mean_len=86.8
[gat-train] update=108 samples=69120 fps=59.0 loss=0.8729 actor=0.3675 value=0.5198 entropy=1.4367 mean_return=38.266 mean_len=87.1
[gat-train] update=109 samples=69760 fps=59.3 loss=1.0568 actor=0.4782 value=0.5923 entropy=1.3705 mean_return=38.350 mean_len=87.2
[gat-train] update=110 samples=70400 fps=59.5 loss=0.9410 actor=0.4028 value=0.5516 entropy=1.3446 mean_return=38.443 mean_len=87.2
[gat-train] update=111 samples=71040 fps=59.8 loss=1.1622 actor=0.5031 value=0.6724 entropy=1.3334 mean_return=38.361 mean_len=86.9
[gat-train] update=112 samples=71680 fps=60.1 loss=0.9934 actor=0.4560 value=0.5509 entropy=1.3527 mean_return=38.077 mean_len=86.4
[gat-train] update=113 samples=72320 fps=60.4 loss=0.7362 actor=0.2691 value=0.4803 entropy=1.3187 mean_return=38.105 mean_len=86.3
[gat-train] update=114 samples=72960 fps=60.6 loss=0.7705 actor=0.2854 value=0.4982 entropy=1.3106 mean_return=38.247 mean_len=86.3
[gat-train] update=115 samples=73600 fps=60.8 loss=0.8216 actor=0.1714 value=0.6638 entropy=1.3629 mean_return=37.639 mean_len=85.4
[gat-train] update=116 samples=74240 fps=61.1 loss=0.7451 actor=0.2342 value=0.5247 entropy=1.3822 mean_return=37.525 mean_len=84.6
[gat-train] update=117 samples=74880 fps=61.4 loss=0.7362 actor=0.2524 value=0.4981 entropy=1.4277 mean_return=37.104 mean_len=83.9
[gat-train] update=118 samples=75520 fps=61.6 loss=0.7892 actor=0.1840 value=0.6195 entropy=1.4331 mean_return=37.069 mean_len=84.1
[gat-train] update=119 samples=76160 fps=61.9 loss=0.7261 actor=0.1781 value=0.5625 entropy=1.4468 mean_return=37.029 mean_len=84.7
[gat-train] update=120 samples=76800 fps=62.2 loss=0.7692 actor=0.1860 value=0.5970 entropy=1.3745 mean_return=36.633 mean_len=84.2
[gat-train] update=121 samples=77440 fps=62.4 loss=0.7907 actor=0.1448 value=0.6597 entropy=1.3794 mean_return=36.522 mean_len=83.9
[gat-train] update=122 samples=78080 fps=62.7 loss=1.1055 actor=0.4722 value=0.6468 entropy=1.3512 mean_return=36.991 mean_len=84.7
[gat-train] update=123 samples=78720 fps=63.0 loss=1.0166 actor=0.3894 value=0.6402 entropy=1.3037 mean_return=37.144 mean_len=84.8
[gat-train] update=124 samples=79360 fps=63.2 loss=1.0457 actor=0.4161 value=0.6428 entropy=1.3194 mean_return=37.535 mean_len=85.6
[gat-train] update=125 samples=80000 fps=63.5 loss=0.9626 actor=0.2716 value=0.7039 entropy=1.2915 mean_return=37.495 mean_len=85.3
[gat-train] update=126 samples=80640 fps=63.7 loss=1.0192 actor=0.4611 value=0.5714 entropy=1.3385 mean_return=37.474 mean_len=85.5
[gat-train] update=127 samples=81280 fps=64.0 loss=0.9865 actor=0.4657 value=0.5341 entropy=1.3246 mean_return=37.474 mean_len=85.5
[gat-train] update=128 samples=81920 fps=64.2 loss=0.9580 actor=0.4399 value=0.5313 entropy=1.3205 mean_return=37.374 mean_len=85.0
[gat-train] update=129 samples=82560 fps=64.5 loss=0.7724 actor=0.3166 value=0.4689 entropy=1.3092 mean_return=37.374 mean_len=85.0
[gat-train] update=130 samples=83200 fps=64.7 loss=0.7716 actor=0.2549 value=0.5296 entropy=1.2908 mean_return=37.278 mean_len=84.3
[gat-train] update=131 samples=83840 fps=64.9 loss=0.7171 actor=0.2639 value=0.4658 entropy=1.2596 mean_return=37.457 mean_len=84.7
[gat-train] update=132 samples=84480 fps=65.1 loss=0.6848 actor=0.1841 value=0.5140 entropy=1.3310 mean_return=37.393 mean_len=84.4
[gat-train] update=133 samples=85120 fps=65.3 loss=0.5872 actor=0.0917 value=0.5087 entropy=1.3114 mean_return=36.679 mean_len=83.1
[gat-train] update=134 samples=85760 fps=65.5 loss=0.8359 actor=0.2437 value=0.6057 entropy=1.3458 mean_return=36.585 mean_len=83.0
[gat-train] update=135 samples=86400 fps=65.8 loss=0.6817 actor=0.1169 value=0.5782 entropy=1.3442 mean_return=36.726 mean_len=83.6
[gat-train] update=136 samples=87040 fps=66.0 loss=0.7731 actor=0.2541 value=0.5326 entropy=1.3569 mean_return=36.787 mean_len=84.2
[gat-train] update=137 samples=87680 fps=66.2 loss=0.7867 actor=0.2733 value=0.5268 entropy=1.3421 mean_return=37.191 mean_len=85.1
[gat-train] update=138 samples=88320 fps=66.5 loss=0.9847 actor=0.3611 value=0.6370 entropy=1.3351 mean_return=37.176 mean_len=85.2
[gat-train] update=139 samples=88960 fps=66.7 loss=0.8916 actor=0.3776 value=0.5269 entropy=1.2777 mean_return=37.284 mean_len=85.1
[gat-train] update=140 samples=89600 fps=67.0 loss=1.0706 actor=0.4613 value=0.6221 entropy=1.2682 mean_return=37.062 mean_len=85.4
[gat-train] update=141 samples=90240 fps=67.2 loss=0.9808 actor=0.4552 value=0.5393 entropy=1.3610 mean_return=37.365 mean_len=86.0
[gat-train] update=142 samples=90880 fps=67.4 loss=1.1219 actor=0.4702 value=0.6649 entropy=1.3213 mean_return=37.634 mean_len=86.4
[gat-train] update=143 samples=91520 fps=67.6 loss=0.9180 actor=0.3922 value=0.5395 entropy=1.3660 mean_return=37.735 mean_len=86.4
[gat-train] update=144 samples=92160 fps=67.8 loss=1.0016 actor=0.4082 value=0.6067 entropy=1.3386 mean_return=37.904 mean_len=86.5
[gat-train] update=145 samples=92800 fps=68.0 loss=0.8786 actor=0.3792 value=0.5126 entropy=1.3218 mean_return=37.813 mean_len=86.5
[gat-train] update=146 samples=93440 fps=68.3 loss=0.8130 actor=0.2873 value=0.5387 entropy=1.3054 mean_return=37.813 mean_len=86.5
[gat-train] update=147 samples=94080 fps=68.5 loss=1.0234 actor=0.3535 value=0.6832 entropy=1.3301 mean_return=37.356 mean_len=85.5
[gat-train] update=148 samples=94720 fps=68.6 loss=0.8586 actor=0.2190 value=0.6528 entropy=1.3140 mean_return=37.433 mean_len=85.3
[gat-train] update=149 samples=95360 fps=68.8 loss=0.7520 actor=0.2770 value=0.4890 entropy=1.3995 mean_return=37.806 mean_len=85.2
[gat-train] update=150 samples=96000 fps=69.0 loss=0.8447 actor=0.2880 value=0.5707 entropy=1.3974 mean_return=37.696 mean_len=84.7
[gat-train] eval update=150 torch_score=83.72 deploy_score=86.58 min=77.08 bottom10=79.47 max_regression=0.00 regressions=0 guard_rejected=0 best=86.58
[gat-train] update=151 samples=96640 fps=60.0 loss=0.4917 actor=-0.0583 value=0.5652 entropy=1.5233 mean_return=37.079 mean_len=83.7
[gat-train] update=152 samples=97280 fps=60.2 loss=0.4724 actor=0.0006 value=0.4874 entropy=1.5625 mean_return=37.583 mean_len=84.4
[gat-train] update=153 samples=97920 fps=60.4 loss=0.7799 actor=0.2230 value=0.5716 entropy=1.4813 mean_return=37.748 mean_len=85.2
[gat-train] update=154 samples=98560 fps=60.6 loss=0.8379 actor=0.2497 value=0.6040 entropy=1.5921 mean_return=38.139 mean_len=85.9
[gat-train] update=155 samples=99200 fps=60.8 loss=0.7764 actor=0.1961 value=0.5954 entropy=1.5089 mean_return=38.051 mean_len=86.4
[gat-train] update=156 samples=99840 fps=61.0 loss=0.9511 actor=0.3338 value=0.6321 entropy=1.4774 mean_return=38.629 mean_len=87.1
[gat-train] update=157 samples=100480 fps=61.2 loss=1.2221 actor=0.4124 value=0.8238 entropy=1.4097 mean_return=38.467 mean_len=86.8
[gat-train] update=158 samples=101120 fps=61.4 loss=0.8851 actor=0.3133 value=0.5857 entropy=1.3935 mean_return=37.970 mean_len=86.8
[gat-train] update=159 samples=101760 fps=61.6 loss=0.7595 actor=0.2783 value=0.4954 entropy=1.4258 mean_return=37.888 mean_len=86.5
[gat-train] update=160 samples=102400 fps=61.8 loss=0.9384 actor=0.3742 value=0.5781 entropy=1.3869 mean_return=37.739 mean_len=86.7
[gat-train] update=161 samples=103040 fps=62.0 loss=1.0515 actor=0.4515 value=0.6130 entropy=1.3034 mean_return=37.994 mean_len=87.0
[gat-train] update=162 samples=103680 fps=62.2 loss=0.9468 actor=0.4164 value=0.5436 entropy=1.3208 mean_return=37.859 mean_len=86.7
[gat-train] update=163 samples=104320 fps=62.4 loss=0.8081 actor=0.2536 value=0.5675 entropy=1.2997 mean_return=37.657 mean_len=86.4
[gat-train] update=164 samples=104960 fps=62.6 loss=0.9648 actor=0.2373 value=0.7404 entropy=1.3001 mean_return=37.811 mean_len=85.6
[gat-train] update=165 samples=105600 fps=62.7 loss=0.6314 actor=0.1504 value=0.4943 entropy=1.3273 mean_return=37.946 mean_len=85.1
[gat-train] update=166 samples=106240 fps=62.9 loss=0.6522 actor=0.0341 value=0.6317 entropy=1.3619 mean_return=37.314 mean_len=83.8
[gat-train] update=167 samples=106880 fps=63.1 loss=0.7456 actor=0.1999 value=0.5589 entropy=1.3221 mean_return=37.471 mean_len=84.1
[gat-train] update=168 samples=107520 fps=63.2 loss=0.6540 actor=0.0672 value=0.6009 entropy=1.4059 mean_return=37.063 mean_len=82.8
[gat-train] update=169 samples=108160 fps=63.4 loss=0.7466 actor=0.2278 value=0.5332 entropy=1.4394 mean_return=36.947 mean_len=83.6
[gat-train] update=170 samples=108800 fps=63.6 loss=0.5592 actor=0.0999 value=0.4734 entropy=1.4108 mean_return=37.194 mean_len=84.2
[gat-train] update=171 samples=109440 fps=63.8 loss=0.7810 actor=0.2795 value=0.5149 entropy=1.3466 mean_return=37.309 mean_len=84.7
[gat-train] update=172 samples=110080 fps=64.0 loss=0.7605 actor=0.2190 value=0.5546 entropy=1.3095 mean_return=37.780 mean_len=85.5
[gat-train] update=173 samples=110720 fps=64.2 loss=0.7145 actor=0.1637 value=0.5643 entropy=1.3515 mean_return=37.670 mean_len=85.9
[gat-train] update=174 samples=111360 fps=64.4 loss=0.7180 actor=0.2202 value=0.5114 entropy=1.3678 mean_return=38.106 mean_len=86.7
[gat-train] update=175 samples=112000 fps=64.6 loss=0.8238 actor=0.2403 value=0.5972 entropy=1.3628 mean_return=38.138 mean_len=86.5
[gat-train] update=176 samples=112640 fps=64.7 loss=0.8091 actor=0.3138 value=0.5088 entropy=1.3467 mean_return=38.011 mean_len=86.6
[gat-train] update=177 samples=113280 fps=64.9 loss=0.8517 actor=0.2720 value=0.5933 entropy=1.3631 mean_return=38.024 mean_len=86.2
[gat-train] update=178 samples=113920 fps=65.1 loss=0.7732 actor=0.2823 value=0.5041 entropy=1.3220 mean_return=37.967 mean_len=85.9
[gat-train] update=179 samples=114560 fps=65.3 loss=0.9975 actor=0.2879 value=0.7228 entropy=1.3173 mean_return=37.495 mean_len=85.4
[gat-train] update=180 samples=115200 fps=65.4 loss=0.7599 actor=0.2655 value=0.5075 entropy=1.3100 mean_return=37.433 mean_len=84.9
[gat-train] update=181 samples=115840 fps=65.6 loss=1.0272 actor=0.3598 value=0.6808 entropy=1.3454 mean_return=36.707 mean_len=83.8
[gat-train] update=182 samples=116480 fps=65.8 loss=0.8416 actor=0.0227 value=0.8318 entropy=1.2919 mean_return=36.408 mean_len=82.8
[gat-train] update=183 samples=117120 fps=65.9 loss=0.6485 actor=0.0736 value=0.5885 entropy=1.3604 mean_return=36.162 mean_len=82.5
[gat-train] update=184 samples=117760 fps=66.1 loss=0.6761 actor=0.1165 value=0.5733 entropy=1.3728 mean_return=35.671 mean_len=82.5
[gat-train] update=185 samples=118400 fps=66.2 loss=0.8618 actor=0.1530 value=0.7228 entropy=1.3951 mean_return=35.563 mean_len=82.4
[gat-train] update=186 samples=119040 fps=66.4 loss=0.6726 actor=0.0815 value=0.6046 entropy=1.3501 mean_return=36.326 mean_len=83.8
[gat-train] update=187 samples=119680 fps=66.5 loss=0.8830 actor=0.1387 value=0.7583 entropy=1.3892 mean_return=37.031 mean_len=85.4
[gat-train] update=188 samples=120320 fps=66.7 loss=0.7610 actor=0.1470 value=0.6274 entropy=1.3381 mean_return=37.302 mean_len=85.8
[gat-train] update=189 samples=120960 fps=66.9 loss=0.8027 actor=0.1735 value=0.6429 entropy=1.3733 mean_return=37.766 mean_len=85.9
[gat-train] update=190 samples=121600 fps=67.1 loss=0.9239 actor=0.2345 value=0.7033 entropy=1.3784 mean_return=37.679 mean_len=85.7
[gat-train] update=191 samples=122240 fps=67.2 loss=0.8805 actor=0.1245 value=0.7695 entropy=1.3450 mean_return=37.457 mean_len=85.1
[gat-train] update=192 samples=122880 fps=67.4 loss=0.7631 actor=0.2433 value=0.5332 entropy=1.3456 mean_return=37.720 mean_len=85.2
[gat-train] update=193 samples=123520 fps=67.5 loss=0.9622 actor=0.3806 value=0.5947 entropy=1.3115 mean_return=37.748 mean_len=85.2
[gat-train] update=194 samples=124160 fps=67.7 loss=0.8382 actor=0.2734 value=0.5781 entropy=1.3245 mean_return=37.684 mean_len=85.5
[gat-train] update=195 samples=124800 fps=67.8 loss=0.8565 actor=0.3363 value=0.5337 entropy=1.3501 mean_return=38.063 mean_len=86.0
[gat-train] update=196 samples=125440 fps=68.0 loss=0.8215 actor=0.2936 value=0.5407 entropy=1.2873 mean_return=37.969 mean_len=85.8
[gat-train] update=197 samples=126080 fps=68.1 loss=1.0018 actor=0.1812 value=0.8344 entropy=1.3807 mean_return=37.493 mean_len=85.1
[gat-train] update=198 samples=126720 fps=68.3 loss=0.8566 actor=0.0389 value=0.8319 entropy=1.4162 mean_return=37.386 mean_len=84.8
[gat-train] update=199 samples=127360 fps=68.4 loss=0.9807 actor=0.2362 value=0.7586 entropy=1.4094 mean_return=37.728 mean_len=84.7
[gat-train] update=200 samples=128000 fps=68.6 loss=0.9696 actor=-0.1420 value=1.1260 entropy=1.4334 mean_return=37.346 mean_len=83.7
[gat-train] eval update=200 torch_score=84.33 deploy_score=86.58 min=77.08 bottom10=79.47 max_regression=0.00 regressions=0 guard_rejected=0 best=86.58
[gat-train] update=201 samples=128640 fps=61.6 loss=0.7916 actor=0.0812 value=0.7248 entropy=1.4441 mean_return=36.940 mean_len=82.5
[gat-train] update=202 samples=129280 fps=61.8 loss=0.8328 actor=0.1815 value=0.6658 entropy=1.4471 mean_return=36.594 mean_len=82.2
[gat-train] update=203 samples=129920 fps=61.9 loss=0.9880 actor=0.3172 value=0.6848 entropy=1.3983 mean_return=36.978 mean_len=82.5
[gat-train] update=204 samples=130560 fps=62.1 loss=0.9027 actor=0.2084 value=0.7088 entropy=1.4544 mean_return=37.536 mean_len=83.9
[gat-train] update=205 samples=131200 fps=62.2 loss=0.9237 actor=0.2468 value=0.6916 entropy=1.4707 mean_return=37.495 mean_len=84.3
[gat-train] update=206 samples=131840 fps=62.4 loss=0.7359 actor=0.0170 value=0.7331 entropy=1.4188 mean_return=37.900 mean_len=85.4
[gat-train] update=207 samples=132480 fps=62.5 loss=0.8618 actor=0.2624 value=0.6138 entropy=1.4332 mean_return=37.944 mean_len=85.9
[gat-train] update=208 samples=133120 fps=62.7 loss=0.9420 actor=0.2825 value=0.6742 entropy=1.4648 mean_return=37.809 mean_len=86.5
[gat-train] update=209 samples=133760 fps=62.8 loss=0.7571 actor=0.2129 value=0.5589 entropy=1.4644 mean_return=38.183 mean_len=86.8
[gat-train] update=210 samples=134400 fps=63.0 loss=0.9656 actor=0.3593 value=0.6206 entropy=1.4420 mean_return=37.778 mean_len=86.6
[gat-train] update=211 samples=135040 fps=63.2 loss=1.3224 actor=0.4149 value=0.9218 entropy=1.4226 mean_return=37.803 mean_len=86.5
[gat-train] update=212 samples=135680 fps=63.3 loss=0.9932 actor=0.1971 value=0.8107 entropy=1.4659 mean_return=37.830 mean_len=86.5
[gat-train] update=213 samples=136320 fps=63.4 loss=0.8410 actor=0.0697 value=0.7864 entropy=1.5008 mean_return=37.519 mean_len=86.3
[gat-train] update=214 samples=136960 fps=63.6 loss=0.8685 actor=-0.0306 value=0.9139 entropy=1.4678 mean_return=37.233 mean_len=86.0
[gat-train] update=215 samples=137600 fps=63.7 loss=0.8091 actor=-0.0109 value=0.8356 entropy=1.5657 mean_return=37.143 mean_len=85.1
[gat-train] update=216 samples=138240 fps=63.9 loss=0.7996 actor=0.0388 value=0.7762 entropy=1.5380 mean_return=36.906 mean_len=84.2
[gat-train] update=217 samples=138880 fps=64.0 loss=0.9307 actor=0.1058 value=0.8402 entropy=1.5285 mean_return=36.497 mean_len=83.4
[gat-train] update=218 samples=139520 fps=64.2 loss=0.8760 actor=0.2269 value=0.6646 entropy=1.5572 mean_return=36.864 mean_len=84.4
[gat-train] update=219 samples=140160 fps=64.3 loss=0.8327 actor=-0.0514 value=0.9009 entropy=1.6801 mean_return=36.755 mean_len=84.0
[gat-train] update=220 samples=140800 fps=64.4 loss=0.8307 actor=0.1835 value=0.6622 entropy=1.5021 mean_return=36.866 mean_len=83.6
[gat-train] update=221 samples=141440 fps=64.6 loss=0.9219 actor=0.0923 value=0.8460 entropy=1.6374 mean_return=36.894 mean_len=84.6
[gat-train] update=222 samples=142080 fps=64.7 loss=0.8048 actor=-0.0110 value=0.8313 entropy=1.5506 mean_return=36.771 mean_len=84.4
[gat-train] update=223 samples=142720 fps=64.8 loss=0.9338 actor=0.1660 value=0.7839 entropy=1.6042 mean_return=36.707 mean_len=84.2
[gat-train] update=224 samples=143360 fps=65.0 loss=0.8107 actor=0.0291 value=0.7972 entropy=1.5645 mean_return=36.896 mean_len=83.9
[gat-train] update=225 samples=144000 fps=65.1 loss=1.0093 actor=0.1367 value=0.8882 entropy=1.5518 mean_return=36.601 mean_len=83.6
[gat-train] update=226 samples=144640 fps=65.2 loss=0.8844 actor=0.1328 value=0.7664 entropy=1.4801 mean_return=37.088 mean_len=83.6
[gat-train] update=227 samples=145280 fps=65.4 loss=1.0358 actor=0.3402 value=0.7104 entropy=1.4928 mean_return=37.244 mean_len=83.7
[gat-train] update=228 samples=145920 fps=65.5 loss=0.8229 actor=0.2799 value=0.5567 entropy=1.3605 mean_return=37.343 mean_len=83.5
[gat-train] update=229 samples=146560 fps=65.7 loss=0.9520 actor=0.2333 value=0.7320 entropy=1.3345 mean_return=37.440 mean_len=83.5
[gat-train] update=230 samples=147200 fps=65.8 loss=1.0435 actor=0.0136 value=1.0429 entropy=1.2985 mean_return=37.732 mean_len=83.1
[gat-train] update=231 samples=147840 fps=65.9 loss=0.8429 actor=0.1197 value=0.7370 entropy=1.3838 mean_return=37.514 mean_len=83.2
[gat-train] update=232 samples=148480 fps=66.0 loss=0.7765 actor=0.1480 value=0.6428 entropy=1.4278 mean_return=37.390 mean_len=83.4
[gat-train] update=233 samples=149120 fps=66.2 loss=0.8804 actor=0.1888 value=0.7058 entropy=1.4167 mean_return=37.500 mean_len=84.1
[gat-train] update=234 samples=149760 fps=66.3 loss=0.8689 actor=0.2685 value=0.6137 entropy=1.3315 mean_return=37.539 mean_len=84.2
[gat-train] update=235 samples=150400 fps=66.4 loss=0.8743 actor=0.0015 value=0.8872 entropy=1.4283 mean_return=37.126 mean_len=83.8
[gat-train] update=236 samples=151040 fps=66.5 loss=0.7955 actor=-0.0302 value=0.8402 entropy=1.4487 mean_return=37.167 mean_len=84.1
[gat-train] update=237 samples=151680 fps=66.7 loss=0.6786 actor=0.1604 value=0.5325 entropy=1.4242 mean_return=37.635 mean_len=84.6
[gat-train] update=238 samples=152320 fps=66.8 loss=0.9714 actor=-0.1587 value=1.1437 entropy=1.3663 mean_return=37.086 mean_len=83.3
[gat-train] update=239 samples=152960 fps=66.9 loss=0.7417 actor=0.0142 value=0.7412 entropy=1.3719 mean_return=37.036 mean_len=83.8
[gat-train] update=240 samples=153600 fps=67.0 loss=1.0148 actor=0.1946 value=0.8344 entropy=1.4224 mean_return=37.216 mean_len=84.2
[gat-train] update=241 samples=154240 fps=67.1 loss=0.9750 actor=0.1579 value=0.8313 entropy=1.4202 mean_return=37.349 mean_len=85.0
[gat-train] update=242 samples=154880 fps=67.3 loss=0.8146 actor=0.2080 value=0.6204 entropy=1.3708 mean_return=37.273 mean_len=84.7
[gat-train] update=243 samples=155520 fps=67.4 loss=0.9254 actor=0.2354 value=0.7039 entropy=1.3913 mean_return=37.353 mean_len=85.1
[gat-train] update=244 samples=156160 fps=67.5 loss=0.7329 actor=0.1508 value=0.5957 entropy=1.3505 mean_return=37.379 mean_len=85.4
[gat-train] update=245 samples=156800 fps=67.7 loss=2.0431 actor=0.2422 value=1.8143 entropy=1.3349 mean_return=37.106 mean_len=85.1
[gat-train] update=246 samples=157440 fps=67.8 loss=0.8481 actor=0.0838 value=0.7776 entropy=1.3354 mean_return=36.766 mean_len=84.8
[gat-train] update=247 samples=158080 fps=67.9 loss=0.9643 actor=0.3585 value=0.6191 entropy=1.3216 mean_return=36.777 mean_len=84.5
[gat-train] update=248 samples=158720 fps=68.0 loss=0.8478 actor=0.0014 value=0.8601 entropy=1.3631 mean_return=36.808 mean_len=83.8
[gat-train] update=249 samples=159360 fps=68.1 loss=0.7648 actor=-0.1020 value=0.8805 entropy=1.3713 mean_return=36.799 mean_len=83.9
[gat-train] update=250 samples=160000 fps=68.2 loss=1.2079 actor=-0.0823 value=1.3039 entropy=1.3698 mean_return=36.625 mean_len=83.0
[gat-train] eval update=250 torch_score=83.96 deploy_score=86.58 min=77.08 bottom10=79.47 max_regression=0.00 regressions=0 guard_rejected=0 best=86.58
[gat-train] update=251 samples=160640 fps=62.7 loss=1.0076 actor=0.2128 value=0.8086 entropy=1.3789 mean_return=36.494 mean_len=82.8
[gat-train] update=252 samples=161280 fps=62.8 loss=0.9987 actor=0.1319 value=0.8797 entropy=1.2883 mean_return=37.419 mean_len=84.0
[gat-train] update=253 samples=161920 fps=62.9 loss=1.2153 actor=0.1024 value=1.1265 entropy=1.3600 mean_return=36.789 mean_len=83.1
[gat-train] update=254 samples=162560 fps=63.0 loss=0.9622 actor=0.0585 value=0.9163 entropy=1.2668 mean_return=37.092 mean_len=83.7
[gat-train] update=255 samples=163200 fps=63.1 loss=1.1515 actor=0.2381 value=0.9269 entropy=1.3471 mean_return=37.515 mean_len=83.7
[gat-train] update=256 samples=163840 fps=63.3 loss=0.8186 actor=0.0153 value=0.8172 entropy=1.3839 mean_return=37.501 mean_len=84.4
[gat-train] update=257 samples=164480 fps=63.4 loss=1.0265 actor=0.1078 value=0.9321 entropy=1.3404 mean_return=37.393 mean_len=84.3
[gat-train] update=258 samples=165120 fps=63.5 loss=0.9088 actor=0.2024 value=0.7203 entropy=1.3916 mean_return=37.544 mean_len=84.7
[gat-train] update=259 samples=165760 fps=63.6 loss=0.9510 actor=0.2755 value=0.6889 entropy=1.3371 mean_return=37.783 mean_len=85.5
[gat-train] update=260 samples=166400 fps=63.7 loss=1.0109 actor=0.3490 value=0.6757 entropy=1.3768 mean_return=38.266 mean_len=85.8
[gat-train] update=261 samples=167040 fps=63.9 loss=0.8925 actor=0.1482 value=0.7582 entropy=1.3843 mean_return=37.926 mean_len=85.8
[gat-train] update=262 samples=167680 fps=64.0 loss=1.0526 actor=0.2490 value=0.8178 entropy=1.4232 mean_return=37.568 mean_len=85.5
[gat-train] update=263 samples=168320 fps=64.1 loss=1.0212 actor=0.1421 value=0.8932 entropy=1.4080 mean_return=37.695 mean_len=85.7
[gat-train] update=264 samples=168960 fps=64.2 loss=1.2108 actor=0.1994 value=1.0256 entropy=1.4233 mean_return=37.532 mean_len=85.4
[gat-train] update=265 samples=169600 fps=64.3 loss=1.1749 actor=-0.0316 value=1.2209 entropy=1.4409 mean_return=37.131 mean_len=84.9
[gat-train] update=266 samples=170240 fps=64.4 loss=1.2443 actor=0.1344 value=1.1242 entropy=1.4318 mean_return=36.625 mean_len=84.2
[gat-train] update=267 samples=170880 fps=64.5 loss=0.9682 actor=0.0516 value=0.9310 entropy=1.4378 mean_return=36.513 mean_len=84.0
[gat-train] update=268 samples=171520 fps=64.7 loss=0.8285 actor=0.2517 value=0.5912 entropy=1.4352 mean_return=36.231 mean_len=83.6
[gat-train] update=269 samples=172160 fps=64.8 loss=1.0051 actor=0.0660 value=0.9545 entropy=1.5432 mean_return=36.172 mean_len=83.1
[gat-train] update=270 samples=172800 fps=64.9 loss=1.0237 actor=0.0750 value=0.9633 entropy=1.4677 mean_return=36.848 mean_len=83.8
[gat-train] update=271 samples=173440 fps=65.0 loss=0.7687 actor=0.1316 value=0.6521 entropy=1.5109 mean_return=36.888 mean_len=83.9
[gat-train] update=272 samples=174080 fps=65.1 loss=1.0248 actor=0.2496 value=0.7901 entropy=1.4914 mean_return=37.200 mean_len=84.5
[gat-train] update=273 samples=174720 fps=65.2 loss=1.1720 actor=0.3654 value=0.8219 entropy=1.5274 mean_return=37.370 mean_len=84.9
[gat-train] update=274 samples=175360 fps=65.4 loss=0.9704 actor=0.1135 value=0.8725 entropy=1.5497 mean_return=37.698 mean_len=85.2
[gat-train] update=275 samples=176000 fps=65.5 loss=0.9462 actor=0.1341 value=0.8273 entropy=1.5209 mean_return=38.007 mean_len=85.9
[gat-train] update=276 samples=176640 fps=65.6 loss=1.0577 actor=-0.0379 value=1.1115 entropy=1.5879 mean_return=37.713 mean_len=85.7
[gat-train] update=277 samples=177280 fps=65.7 loss=1.0190 actor=0.1447 value=0.8890 entropy=1.4766 mean_return=37.331 mean_len=85.3
[gat-train] update=278 samples=177920 fps=65.8 loss=1.0539 actor=0.1501 value=0.9193 entropy=1.5466 mean_return=37.228 mean_len=84.7
[gat-train] update=279 samples=178560 fps=65.9 loss=0.9005 actor=0.1277 value=0.7887 entropy=1.5878 mean_return=37.257 mean_len=84.8
[gat-train] update=280 samples=179200 fps=66.0 loss=1.2095 actor=0.3236 value=0.9015 entropy=1.5574 mean_return=37.274 mean_len=84.3
[gat-train] update=281 samples=179840 fps=66.1 loss=0.8316 actor=0.0292 value=0.8181 entropy=1.5598 mean_return=37.058 mean_len=84.2
[gat-train] update=282 samples=180480 fps=66.2 loss=0.8880 actor=-0.0784 value=0.9822 entropy=1.5761 mean_return=36.981 mean_len=84.0
[gat-train] update=283 samples=181120 fps=66.3 loss=0.9308 actor=-0.0642 value=1.0106 entropy=1.5669 mean_return=37.258 mean_len=84.2
[gat-train] update=284 samples=181760 fps=66.4 loss=0.9790 actor=0.0999 value=0.8938 entropy=1.4760 mean_return=36.989 mean_len=84.0
[gat-train] update=285 samples=182400 fps=66.6 loss=1.0655 actor=0.2096 value=0.8704 entropy=1.4527 mean_return=36.708 mean_len=84.1
[gat-train] update=286 samples=183040 fps=66.7 loss=1.1277 actor=0.0066 value=1.1352 entropy=1.4085 mean_return=36.730 mean_len=84.4
[gat-train] update=287 samples=183680 fps=66.8 loss=1.0270 actor=0.0525 value=0.9885 entropy=1.3997 mean_return=36.685 mean_len=84.3
[gat-train] update=288 samples=184320 fps=66.9 loss=1.1048 actor=0.3013 value=0.8172 entropy=1.3639 mean_return=37.023 mean_len=84.6
[gat-train] update=289 samples=184960 fps=67.0 loss=0.9047 actor=0.0834 value=0.8349 entropy=1.3549 mean_return=36.884 mean_len=84.7
[gat-train] update=290 samples=185600 fps=67.1 loss=1.2481 actor=0.1044 value=1.1570 entropy=1.3250 mean_return=36.923 mean_len=85.0
[gat-train] update=291 samples=186240 fps=67.2 loss=0.9737 actor=-0.1649 value=1.1517 entropy=1.3031 mean_return=37.323 mean_len=85.6
[gat-train] update=292 samples=186880 fps=67.3 loss=1.0467 actor=0.0702 value=0.9900 entropy=1.3391 mean_return=37.151 mean_len=85.3
[gat-train] update=293 samples=187520 fps=67.4 loss=1.0708 actor=-0.0948 value=1.1796 entropy=1.3967 mean_return=37.168 mean_len=85.5
[gat-train] update=294 samples=188160 fps=67.5 loss=1.1901 actor=0.1676 value=1.0360 entropy=1.3441 mean_return=36.826 mean_len=85.1
[gat-train] update=295 samples=188800 fps=67.6 loss=0.8151 actor=0.0905 value=0.7380 entropy=1.3344 mean_return=37.314 mean_len=85.9
[gat-train] update=296 samples=189440 fps=67.7 loss=0.9098 actor=0.1501 value=0.7743 entropy=1.4575 mean_return=37.531 mean_len=85.7
[gat-train] update=297 samples=190080 fps=67.8 loss=0.8906 actor=0.0553 value=0.8486 entropy=1.3304 mean_return=37.232 mean_len=85.4
[gat-train] update=298 samples=190720 fps=67.9 loss=1.1847 actor=0.0434 value=1.1551 entropy=1.3750 mean_return=36.883 mean_len=85.1
[gat-train] update=299 samples=191360 fps=68.0 loss=0.8499 actor=0.0437 value=0.8200 entropy=1.3889 mean_return=37.448 mean_len=85.3
[gat-train] update=300 samples=192000 fps=68.1 loss=1.1191 actor=-0.0647 value=1.1987 entropy=1.4908 mean_return=37.519 mean_len=85.1
[gat-train] eval update=300 torch_score=85.66 deploy_score=86.58 min=77.08 bottom10=79.47 max_regression=0.00 regressions=0 guard_rejected=0 best=86.58
[gat-train] update=301 samples=192640 fps=63.4 loss=0.6111 actor=-0.0947 value=0.7207 entropy=1.4924 mean_return=38.125 mean_len=85.8
[gat-train] update=302 samples=193280 fps=63.5 loss=0.9334 actor=0.1122 value=0.8364 entropy=1.5201 mean_return=38.168 mean_len=85.7
[gat-train] update=303 samples=193920 fps=63.6 loss=0.9543 actor=-0.1811 value=1.1511 entropy=1.5738 mean_return=38.452 mean_len=86.0
[gat-train] update=304 samples=194560 fps=63.7 loss=0.9359 actor=0.0150 value=0.9356 entropy=1.4682 mean_return=38.958 mean_len=86.2
[gat-train] update=305 samples=195200 fps=63.8 loss=1.2845 actor=0.0845 value=1.2165 entropy=1.6529 mean_return=38.676 mean_len=86.4
[gat-train] update=306 samples=195840 fps=63.9 loss=0.8877 actor=0.0203 value=0.8845 entropy=1.7052 mean_return=38.537 mean_len=86.5
[gat-train] update=307 samples=196480 fps=64.0 loss=1.0889 actor=0.0062 value=1.1002 entropy=1.7551 mean_return=38.191 mean_len=85.8
[gat-train] update=308 samples=197120 fps=64.1 loss=1.1299 actor=-0.0659 value=1.2133 entropy=1.7437 mean_return=37.080 mean_len=84.6
[gat-train] update=309 samples=197760 fps=64.2 loss=0.8426 actor=-0.2590 value=1.1196 entropy=1.7995 mean_return=36.886 mean_len=84.5
[gat-train] update=310 samples=198400 fps=64.3 loss=1.0301 actor=-0.0888 value=1.1377 entropy=1.8735 mean_return=36.348 mean_len=83.7
[gat-train] update=311 samples=199040 fps=64.4 loss=1.0974 actor=0.1078 value=1.0093 entropy=1.9655 mean_return=36.201 mean_len=83.5
[gat-train] update=312 samples=199680 fps=64.5 loss=1.0737 actor=0.0788 value=1.0147 entropy=1.9753 mean_return=35.990 mean_len=83.5
[gat-train] update=313 samples=200320 fps=64.6 loss=1.1312 actor=-0.0184 value=1.1696 entropy=1.9939 mean_return=35.704 mean_len=82.9
[gat-train] update=314 samples=200960 fps=64.7 loss=1.0788 actor=-0.0838 value=1.1816 entropy=1.9051 mean_return=35.846 mean_len=82.6
[gat-train] update=315 samples=201600 fps=64.7 loss=1.3025 actor=-0.2981 value=1.6199 entropy=1.9333 mean_return=35.925 mean_len=82.3
[gat-train] update=316 samples=202240 fps=64.8 loss=0.8229 actor=-0.1986 value=1.0412 entropy=1.9658 mean_return=35.560 mean_len=82.1
[gat-train] update=317 samples=202880 fps=64.9 loss=1.1086 actor=-0.6295 value=1.7582 entropy=2.0127 mean_return=35.430 mean_len=81.7
[gat-train] update=318 samples=203520 fps=65.0 loss=1.1789 actor=0.1538 value=1.0443 entropy=1.9171 mean_return=35.434 mean_len=81.5
[gat-train] update=319 samples=204160 fps=65.1 loss=1.0752 actor=-0.1744 value=1.2700 entropy=2.0450 mean_return=35.674 mean_len=81.9
[gat-train] update=320 samples=204800 fps=65.2 loss=1.0858 actor=-0.4937 value=1.5986 entropy=1.9022 mean_return=35.420 mean_len=81.4
[gat-train] update=321 samples=205440 fps=65.3 loss=1.0550 actor=-0.0551 value=1.1290 entropy=1.8840 mean_return=35.669 mean_len=81.6
[gat-train] update=322 samples=206080 fps=65.4 loss=1.7444 actor=-0.3633 value=2.1261 entropy=1.8483 mean_return=34.705 mean_len=79.6
[gat-train] update=323 samples=206720 fps=65.5 loss=1.1231 actor=-0.3257 value=1.4665 entropy=1.7735 mean_return=34.867 mean_len=79.9
[gat-train] update=324 samples=207360 fps=65.6 loss=1.1159 actor=-0.3069 value=1.4410 entropy=1.8238 mean_return=34.424 mean_len=79.7
[gat-train] update=325 samples=208000 fps=65.7 loss=1.2461 actor=-0.1384 value=1.4029 entropy=1.8418 mean_return=34.070 mean_len=79.0
[gat-train] update=326 samples=208640 fps=65.8 loss=1.0820 actor=-0.1587 value=1.2581 entropy=1.7421 mean_return=34.102 mean_len=79.8
[gat-train] update=327 samples=209280 fps=65.9 loss=1.0344 actor=-0.0355 value=1.0872 entropy=1.7323 mean_return=34.512 mean_len=80.6
[gat-train] update=328 samples=209920 fps=66.0 loss=0.9451 actor=0.1366 value=0.8252 entropy=1.6721 mean_return=34.367 mean_len=81.1
[gat-train] update=329 samples=210560 fps=66.1 loss=1.2639 actor=-0.0654 value=1.3456 entropy=1.6288 mean_return=34.064 mean_len=80.8
[gat-train] update=330 samples=211200 fps=66.2 loss=1.0538 actor=0.1631 value=0.9061 entropy=1.5436 mean_return=34.666 mean_len=81.4
[gat-train] update=331 samples=211840 fps=66.3 loss=1.2536 actor=0.0368 value=1.2312 entropy=1.4435 mean_return=34.662 mean_len=81.4
[gat-train] update=332 samples=212480 fps=66.3 loss=1.3345 actor=-0.1967 value=1.5459 entropy=1.4657 mean_return=35.047 mean_len=81.6
[gat-train] update=333 samples=213120 fps=66.4 loss=0.9478 actor=-0.0800 value=1.0427 entropy=1.4867 mean_return=35.685 mean_len=82.2
[gat-train] update=334 samples=213760 fps=66.5 loss=1.5238 actor=-0.3879 value=1.9259 entropy=1.4207 mean_return=35.381 mean_len=81.6
[gat-train] update=335 samples=214400 fps=66.6 loss=1.1396 actor=-0.2821 value=1.4356 entropy=1.3972 mean_return=35.874 mean_len=82.0
[gat-train] update=336 samples=215040 fps=66.7 loss=1.8672 actor=-0.2523 value=2.1325 entropy=1.3024 mean_return=35.464 mean_len=80.7
[gat-train] update=337 samples=215680 fps=66.8 loss=1.2893 actor=-0.0634 value=1.3663 entropy=1.3600 mean_return=35.608 mean_len=80.9
[gat-train] update=338 samples=216320 fps=66.9 loss=3.0988 actor=-0.2204 value=3.3323 entropy=1.3102 mean_return=34.811 mean_len=80.4
[gat-train] update=339 samples=216960 fps=67.0 loss=1.2061 actor=0.0405 value=1.1788 entropy=1.3138 mean_return=34.597 mean_len=80.3
[gat-train] update=340 samples=217600 fps=67.0 loss=0.9701 actor=0.0430 value=0.9406 entropy=1.3526 mean_return=34.850 mean_len=80.9
[gat-train] update=341 samples=218240 fps=67.1 loss=1.0284 actor=-0.0313 value=1.0732 entropy=1.3455 mean_return=34.885 mean_len=81.3
[gat-train] update=342 samples=218880 fps=67.2 loss=1.5846 actor=0.0723 value=1.5254 entropy=1.3108 mean_return=35.285 mean_len=82.3
[gat-train] update=343 samples=219520 fps=67.3 loss=1.2822 actor=0.1410 value=1.1550 entropy=1.3770 mean_return=35.201 mean_len=82.7
[gat-train] update=344 samples=220160 fps=67.4 loss=1.1372 actor=-0.2187 value=1.3693 entropy=1.3368 mean_return=36.045 mean_len=83.2
[gat-train] update=345 samples=220800 fps=67.5 loss=1.0901 actor=0.0240 value=1.0797 entropy=1.3691 mean_return=36.137 mean_len=83.3
[gat-train] update=346 samples=221440 fps=67.6 loss=1.1761 actor=0.1078 value=1.0821 entropy=1.3708 mean_return=36.407 mean_len=83.7
[gat-train] update=347 samples=222080 fps=67.7 loss=1.4104 actor=-0.0123 value=1.4368 entropy=1.4134 mean_return=36.479 mean_len=83.0
[gat-train] update=348 samples=222720 fps=67.8 loss=1.1653 actor=0.0064 value=1.1725 entropy=1.3634 mean_return=36.380 mean_len=82.5
[gat-train] update=349 samples=223360 fps=67.8 loss=1.3959 actor=-0.1638 value=1.5744 entropy=1.4665 mean_return=36.230 mean_len=81.7
[gat-train] update=350 samples=224000 fps=67.9 loss=1.1146 actor=-0.1262 value=1.2557 entropy=1.4880 mean_return=36.609 mean_len=81.5
[gat-train] eval update=350 torch_score=86.13 deploy_score=86.58 min=77.08 bottom10=79.47 max_regression=0.00 regressions=0 guard_rejected=0 best=86.58
[gat-train] update=351 samples=224640 fps=63.8 loss=0.9211 actor=0.1002 value=0.8351 entropy=1.4219 mean_return=36.517 mean_len=81.8
[gat-train] update=352 samples=225280 fps=63.9 loss=0.9900 actor=-0.0366 value=1.0411 entropy=1.4541 mean_return=36.456 mean_len=82.0
[gat-train] update=353 samples=225920 fps=64.0 loss=1.6023 actor=-0.1376 value=1.7538 entropy=1.3986 mean_return=36.803 mean_len=82.6
[gat-train] update=354 samples=226560 fps=64.1 loss=1.0513 actor=0.1644 value=0.9009 entropy=1.4033 mean_return=36.882 mean_len=82.9
[gat-train] update=355 samples=227200 fps=64.2 loss=1.0002 actor=-0.0237 value=1.0379 entropy=1.4031 mean_return=36.914 mean_len=84.0
[gat-train] update=356 samples=227840 fps=64.3 loss=0.8863 actor=0.0344 value=0.8656 entropy=1.3688 mean_return=36.989 mean_len=84.2
[gat-train] update=357 samples=228480 fps=64.3 loss=1.0795 actor=0.1228 value=0.9705 entropy=1.3770 mean_return=36.930 mean_len=84.3
[gat-train] update=358 samples=229120 fps=64.4 loss=1.8496 actor=-0.0796 value=1.9432 entropy=1.4024 mean_return=36.722 mean_len=83.6
[gat-train] update=359 samples=229760 fps=64.5 loss=1.1614 actor=0.0775 value=1.0974 entropy=1.3521 mean_return=36.388 mean_len=83.5
[gat-train] update=360 samples=230400 fps=64.6 loss=1.1279 actor=0.2421 value=0.8996 entropy=1.3714 mean_return=36.750 mean_len=84.3
[gat-train] update=361 samples=231040 fps=64.7 loss=1.0589 actor=0.1172 value=0.9556 entropy=1.3871 mean_return=36.634 mean_len=84.3
[gat-train] update=362 samples=231680 fps=64.8 loss=1.5695 actor=0.0558 value=1.5275 entropy=1.3894 mean_return=37.057 mean_len=84.1
[gat-train] update=363 samples=232320 fps=64.9 loss=1.1576 actor=-0.0199 value=1.1909 entropy=1.3323 mean_return=36.680 mean_len=84.0
[gat-train] update=364 samples=232960 fps=64.9 loss=1.3204 actor=-0.1615 value=1.4958 entropy=1.3895 mean_return=36.645 mean_len=83.6
[gat-train] update=365 samples=233600 fps=65.0 loss=1.1973 actor=-0.1735 value=1.3837 entropy=1.2855 mean_return=36.912 mean_len=84.2
[gat-train] update=366 samples=234240 fps=65.1 loss=1.1616 actor=0.0046 value=1.1699 entropy=1.2919 mean_return=36.728 mean_len=84.5
[gat-train] update=367 samples=234880 fps=65.2 loss=1.1859 actor=0.0487 value=1.1506 entropy=1.3413 mean_return=36.781 mean_len=84.8
[gat-train] update=368 samples=235520 fps=65.3 loss=1.1411 actor=0.0592 value=1.0946 entropy=1.2759 mean_return=36.687 mean_len=84.5
[gat-train] update=369 samples=236160 fps=65.4 loss=1.3095 actor=-0.1982 value=1.5209 entropy=1.3232 mean_return=36.670 mean_len=85.1
[gat-train] update=370 samples=236800 fps=65.4 loss=1.3039 actor=-0.3782 value=1.6953 entropy=1.3184 mean_return=37.011 mean_len=85.0
[gat-train] update=371 samples=237440 fps=65.5 loss=1.4365 actor=-0.0214 value=1.4713 entropy=1.3520 mean_return=37.309 mean_len=85.7
[gat-train] update=372 samples=238080 fps=65.6 loss=0.8578 actor=-0.1464 value=1.0180 entropy=1.3756 mean_return=37.825 mean_len=85.7
[gat-train] update=373 samples=238720 fps=65.7 loss=0.8477 actor=0.1151 value=0.7463 entropy=1.3681 mean_return=37.623 mean_len=85.1
[gat-train] update=374 samples=239360 fps=65.8 loss=1.7585 actor=-0.0025 value=1.7746 entropy=1.3613 mean_return=37.497 mean_len=84.3
[gat-train] update=375 samples=240000 fps=65.8 loss=1.0525 actor=-0.1849 value=1.2510 entropy=1.3645 mean_return=37.676 mean_len=84.5
[gat-train] update=376 samples=240640 fps=65.9 loss=0.9874 actor=-0.0033 value=1.0042 entropy=1.3545 mean_return=37.607 mean_len=85.2
[gat-train] update=377 samples=241280 fps=66.0 loss=1.3328 actor=-0.0567 value=1.4032 entropy=1.3714 mean_return=36.996 mean_len=84.3
[gat-train] update=378 samples=241920 fps=66.1 loss=0.9641 actor=-0.0187 value=0.9974 entropy=1.4618 mean_return=36.674 mean_len=83.9
[gat-train] update=379 samples=242560 fps=66.2 loss=1.0781 actor=0.0645 value=1.0280 entropy=1.4328 mean_return=36.483 mean_len=83.7
[gat-train] update=380 samples=243200 fps=66.2 loss=1.1959 actor=0.0945 value=1.1144 entropy=1.2972 mean_return=36.741 mean_len=83.9
[gat-train] update=381 samples=243840 fps=66.3 loss=1.2751 actor=-0.0580 value=1.3467 entropy=1.3689 mean_return=36.707 mean_len=84.2
[gat-train] update=382 samples=244480 fps=66.4 loss=1.2276 actor=-0.1820 value=1.4232 entropy=1.3621 mean_return=36.649 mean_len=84.1
[gat-train] update=383 samples=245120 fps=66.5 loss=1.4228 actor=-0.0201 value=1.4568 entropy=1.3831 mean_return=36.506 mean_len=83.2
[gat-train] update=384 samples=245760 fps=66.6 loss=2.6205 actor=-0.4158 value=3.0507 entropy=1.4429 mean_return=36.358 mean_len=82.6
[gat-train] update=385 samples=246400 fps=66.7 loss=0.9043 actor=0.1343 value=0.7836 entropy=1.3625 mean_return=36.478 mean_len=82.7
[gat-train] update=386 samples=247040 fps=66.7 loss=0.9928 actor=-0.0067 value=1.0124 entropy=1.2963 mean_return=36.507 mean_len=82.6
[gat-train] update=387 samples=247680 fps=66.8 loss=1.2785 actor=-0.0936 value=1.3856 entropy=1.3529 mean_return=36.528 mean_len=83.5
[gat-train] update=388 samples=248320 fps=66.9 loss=1.4091 actor=-0.1067 value=1.5295 entropy=1.3586 mean_return=36.639 mean_len=83.8
[gat-train] update=389 samples=248960 fps=67.0 loss=1.0683 actor=0.0071 value=1.0756 entropy=1.4426 mean_return=37.436 mean_len=84.9
[gat-train] update=390 samples=249600 fps=67.0 loss=1.0642 actor=-0.0200 value=1.0983 entropy=1.4102 mean_return=37.771 mean_len=85.3
[gat-train] update=391 samples=250240 fps=67.1 loss=1.2018 actor=-0.2266 value=1.4423 entropy=1.3852 mean_return=37.776 mean_len=85.7
[gat-train] update=392 samples=250880 fps=67.2 loss=1.4587 actor=-0.0409 value=1.5138 entropy=1.4184 mean_return=37.618 mean_len=85.7
[gat-train] update=393 samples=251520 fps=67.3 loss=0.9022 actor=-0.0423 value=0.9581 entropy=1.3680 mean_return=38.094 mean_len=86.0
[gat-train] update=394 samples=252160 fps=67.3 loss=0.8358 actor=-0.0449 value=0.8943 entropy=1.3589 mean_return=37.968 mean_len=86.0
[gat-train] update=395 samples=252800 fps=67.4 loss=1.1655 actor=-0.0339 value=1.2133 entropy=1.3860 mean_return=37.924 mean_len=85.6
[gat-train] update=396 samples=253440 fps=67.5 loss=1.2228 actor=0.1313 value=1.1046 entropy=1.3121 mean_return=37.421 mean_len=85.1
[gat-train] update=397 samples=254080 fps=67.6 loss=2.5311 actor=-0.3709 value=2.9155 entropy=1.3556 mean_return=37.319 mean_len=84.7
[gat-train] update=398 samples=254720 fps=67.6 loss=1.3362 actor=-0.0602 value=1.4097 entropy=1.3290 mean_return=37.392 mean_len=84.7
[gat-train] update=399 samples=255360 fps=67.7 loss=1.1786 actor=-0.0725 value=1.2641 entropy=1.2922 mean_return=37.202 mean_len=83.9
[gat-train] update=400 samples=256000 fps=67.8 loss=1.1917 actor=-0.0631 value=1.2677 entropy=1.2913 mean_return=37.340 mean_len=84.2
[gat-train] eval update=400 torch_score=83.38 deploy_score=86.58 min=77.08 bottom10=79.47 max_regression=0.00 regressions=0 guard_rejected=0 best=86.58
[gat-train] update=401 samples=256640 fps=64.3 loss=0.9516 actor=0.0234 value=0.9417 entropy=1.3486 mean_return=37.359 mean_len=84.8
[gat-train] update=402 samples=257280 fps=64.3 loss=1.0385 actor=0.0747 value=0.9774 entropy=1.3570 mean_return=37.270 mean_len=84.6
[gat-train] update=403 samples=257920 fps=64.4 loss=1.2911 actor=0.0665 value=1.2375 entropy=1.2924 mean_return=37.096 mean_len=84.4
[gat-train] update=404 samples=258560 fps=64.5 loss=1.6775 actor=-0.2391 value=1.9299 entropy=1.3233 mean_return=37.277 mean_len=84.9
[gat-train] update=405 samples=259200 fps=64.6 loss=1.3376 actor=0.0168 value=1.3341 entropy=1.3281 mean_return=37.527 mean_len=85.6
[gat-train] update=406 samples=259840 fps=64.6 loss=1.3767 actor=-0.1564 value=1.5471 entropy=1.3908 mean_return=37.472 mean_len=86.0
[gat-train] update=407 samples=260480 fps=64.7 loss=1.0279 actor=0.0760 value=0.9652 entropy=1.3262 mean_return=37.330 mean_len=85.7
[gat-train] update=408 samples=261120 fps=64.8 loss=1.6535 actor=-0.0732 value=1.7399 entropy=1.3170 mean_return=37.164 mean_len=85.0
[gat-train] update=409 samples=261760 fps=64.9 loss=1.2447 actor=-0.0644 value=1.3227 entropy=1.3573 mean_return=37.327 mean_len=85.1
[gat-train] update=410 samples=262400 fps=64.9 loss=1.2173 actor=-0.1765 value=1.4071 entropy=1.3341 mean_return=37.364 mean_len=85.7
[gat-train] update=411 samples=263040 fps=65.0 loss=1.7070 actor=-0.0016 value=1.7220 entropy=1.3386 mean_return=37.167 mean_len=85.1
[gat-train] update=412 samples=263680 fps=65.1 loss=1.0958 actor=0.0214 value=1.0882 entropy=1.3806 mean_return=37.269 mean_len=85.3
[gat-train] update=413 samples=264320 fps=65.2 loss=1.0162 actor=0.0196 value=1.0100 entropy=1.3442 mean_return=37.368 mean_len=85.4
[gat-train] update=414 samples=264960 fps=65.2 loss=1.3000 actor=-0.0254 value=1.3382 entropy=1.2840 mean_return=37.442 mean_len=85.1
[gat-train] update=415 samples=265600 fps=65.3 loss=1.0251 actor=-0.1869 value=1.2248 entropy=1.2757 mean_return=37.464 mean_len=85.7
[gat-train] update=416 samples=266240 fps=65.4 loss=1.2655 actor=0.1228 value=1.1560 entropy=1.3351 mean_return=37.285 mean_len=85.7
[gat-train] update=417 samples=266880 fps=65.4 loss=1.4485 actor=-0.0634 value=1.5250 entropy=1.3177 mean_return=37.607 mean_len=85.7
[gat-train] update=418 samples=267520 fps=65.5 loss=1.1693 actor=-0.0973 value=1.2800 entropy=1.3417 mean_return=37.754 mean_len=86.1
[gat-train] update=419 samples=268160 fps=65.6 loss=1.2232 actor=-0.0928 value=1.3290 entropy=1.2911 mean_return=37.577 mean_len=85.6
[gat-train] update=420 samples=268800 fps=65.7 loss=1.4925 actor=-0.2525 value=1.7585 entropy=1.3520 mean_return=37.212 mean_len=84.9
[gat-train] update=421 samples=269440 fps=65.7 loss=1.7452 actor=-0.1342 value=1.8930 entropy=1.3505 mean_return=36.915 mean_len=84.3
[gat-train] update=422 samples=270080 fps=65.8 loss=1.3303 actor=-0.0951 value=1.4392 entropy=1.3820 mean_return=36.809 mean_len=84.1
[gat-train] update=423 samples=270720 fps=65.9 loss=1.1193 actor=0.0348 value=1.0983 entropy=1.3822 mean_return=37.222 mean_len=84.6
[gat-train] update=424 samples=271360 fps=66.0 loss=1.1466 actor=0.1463 value=1.0139 entropy=1.3665 mean_return=37.220 mean_len=84.5
[gat-train] update=425 samples=272000 fps=66.0 loss=1.3906 actor=0.1005 value=1.3045 entropy=1.4409 mean_return=37.452 mean_len=85.2
[gat-train] update=426 samples=272640 fps=66.1 loss=1.0088 actor=-0.1211 value=1.1440 entropy=1.4127 mean_return=37.447 mean_len=85.5
[gat-train] update=427 samples=273280 fps=66.2 loss=1.7467 actor=-0.2439 value=2.0053 entropy=1.4631 mean_return=37.588 mean_len=85.8
[gat-train] update=428 samples=273920 fps=66.2 loss=1.0603 actor=-0.0917 value=1.1667 entropy=1.4784 mean_return=38.316 mean_len=87.0
[gat-train] update=429 samples=274560 fps=66.3 loss=1.0671 actor=0.0269 value=1.0552 entropy=1.5038 mean_return=38.671 mean_len=87.1
[gat-train] update=430 samples=275200 fps=66.4 loss=1.5645 actor=-0.3334 value=1.9126 entropy=1.4637 mean_return=38.251 mean_len=86.4
[gat-train] update=431 samples=275840 fps=66.4 loss=1.2196 actor=0.1032 value=1.1314 entropy=1.4973 mean_return=38.418 mean_len=86.3
[gat-train] update=432 samples=276480 fps=66.5 loss=1.1970 actor=-0.0347 value=1.2459 entropy=1.4272 mean_return=38.296 mean_len=86.3
[gat-train] update=433 samples=277120 fps=66.6 loss=1.3889 actor=-0.1114 value=1.5149 entropy=1.4629 mean_return=38.580 mean_len=86.1
[gat-train] update=434 samples=277760 fps=66.7 loss=1.1949 actor=-0.0495 value=1.2593 entropy=1.4916 mean_return=38.852 mean_len=86.5
[gat-train] update=435 samples=278400 fps=66.7 loss=1.3302 actor=-0.1942 value=1.5388 entropy=1.4405 mean_return=38.734 mean_len=86.4
[gat-train] update=436 samples=279040 fps=66.8 loss=1.6481 actor=-0.2854 value=1.9473 entropy=1.3724 mean_return=38.226 mean_len=85.5
[gat-train] update=437 samples=279680 fps=66.9 loss=1.2015 actor=-0.0175 value=1.2333 entropy=1.4317 mean_return=38.083 mean_len=85.9
[gat-train] update=438 samples=280320 fps=66.9 loss=1.1671 actor=-0.2545 value=1.4353 entropy=1.3732 mean_return=38.016 mean_len=85.4
[gat-train] update=439 samples=280960 fps=67.0 loss=1.4631 actor=-0.0916 value=1.5688 entropy=1.4092 mean_return=37.734 mean_len=84.7
[gat-train] update=440 samples=281600 fps=67.1 loss=1.3060 actor=-0.2427 value=1.5629 entropy=1.4294 mean_return=37.809 mean_len=84.9
[gat-train] update=441 samples=282240 fps=67.1 loss=1.4084 actor=-0.2048 value=1.6264 entropy=1.3216 mean_return=37.859 mean_len=84.3
[gat-train] update=442 samples=282880 fps=67.2 loss=1.3471 actor=-0.0875 value=1.4471 entropy=1.2508 mean_return=38.132 mean_len=84.3
[gat-train] update=443 samples=283520 fps=67.3 loss=1.5407 actor=0.1609 value=1.3928 entropy=1.2988 mean_return=37.727 mean_len=84.3
[gat-train] update=444 samples=284160 fps=67.3 loss=1.5539 actor=-0.2166 value=1.7840 entropy=1.3519 mean_return=37.304 mean_len=83.5
[gat-train] update=445 samples=284800 fps=67.4 loss=1.3677 actor=0.0252 value=1.3558 entropy=1.3314 mean_return=37.400 mean_len=84.0
[gat-train] update=446 samples=285440 fps=67.5 loss=1.1384 actor=0.0239 value=1.1280 entropy=1.3509 mean_return=36.991 mean_len=83.6
[gat-train] update=447 samples=286080 fps=67.6 loss=1.7287 actor=-0.1257 value=1.8686 entropy=1.4097 mean_return=36.670 mean_len=83.3
[gat-train] update=448 samples=286720 fps=67.6 loss=1.6216 actor=0.0395 value=1.5953 entropy=1.3264 mean_return=36.835 mean_len=84.1
[gat-train] update=449 samples=287360 fps=67.7 loss=0.9970 actor=-0.0932 value=1.1038 entropy=1.3601 mean_return=36.668 mean_len=84.5
[gat-train] update=450 samples=288000 fps=67.8 loss=1.2194 actor=-0.1015 value=1.3349 entropy=1.3995 mean_return=37.302 mean_len=84.9
[gat-train] eval update=450 torch_score=83.90 deploy_score=86.58 min=77.08 bottom10=79.47 max_regression=0.00 regressions=0 guard_rejected=0 best=86.58
[gat-train] update=451 samples=288640 fps=64.6 loss=1.1677 actor=-0.0121 value=1.1936 entropy=1.3737 mean_return=37.501 mean_len=85.4
[gat-train] update=452 samples=289280 fps=64.6 loss=1.2844 actor=0.1116 value=1.1863 entropy=1.3474 mean_return=37.446 mean_len=85.1
[gat-train] update=453 samples=289920 fps=64.7 loss=1.4444 actor=0.0985 value=1.3602 entropy=1.4224 mean_return=37.283 mean_len=85.1
[gat-train] update=454 samples=290560 fps=64.8 loss=1.5823 actor=-0.1949 value=1.7917 entropy=1.4481 mean_return=38.041 mean_len=86.3
[gat-train] update=455 samples=291200 fps=64.8 loss=1.5657 actor=-0.2550 value=1.8348 entropy=1.4032 mean_return=38.386 mean_len=86.2
[gat-train] update=456 samples=291840 fps=64.9 loss=1.9232 actor=-0.2416 value=2.1791 entropy=1.4295 mean_return=38.003 mean_len=85.7
[gat-train] update=457 samples=292480 fps=65.0 loss=1.0749 actor=-0.1261 value=1.2154 entropy=1.4358 mean_return=38.282 mean_len=85.9
[gat-train] update=458 samples=293120 fps=65.0 loss=1.4934 actor=-0.1606 value=1.6685 entropy=1.4430 mean_return=38.135 mean_len=85.8
[gat-train] update=459 samples=293760 fps=65.1 loss=1.4923 actor=-0.0554 value=1.5627 entropy=1.4970 mean_return=37.877 mean_len=85.4
[gat-train] update=460 samples=294400 fps=65.2 loss=1.6006 actor=-0.1226 value=1.7382 entropy=1.4954 mean_return=37.724 mean_len=85.0
[gat-train] update=461 samples=295040 fps=65.2 loss=1.7534 actor=-0.0552 value=1.8237 entropy=1.5141 mean_return=37.176 mean_len=84.8
[gat-train] update=462 samples=295680 fps=65.3 loss=1.7238 actor=0.0133 value=1.7259 entropy=1.5399 mean_return=36.902 mean_len=84.5
[gat-train] update=463 samples=296320 fps=65.4 loss=1.3903 actor=0.0958 value=1.3100 entropy=1.5572 mean_return=36.408 mean_len=84.3
[gat-train] update=464 samples=296960 fps=65.4 loss=1.0905 actor=0.0815 value=1.0253 entropy=1.6334 mean_return=36.389 mean_len=84.3
[gat-train] update=465 samples=297600 fps=65.5 loss=1.0067 actor=-0.0197 value=1.0426 entropy=1.6161 mean_return=36.318 mean_len=83.9
[gat-train] update=466 samples=298240 fps=65.6 loss=1.5159 actor=-0.4154 value=1.9475 entropy=1.6115 mean_return=36.685 mean_len=83.9
[gat-train] update=467 samples=298880 fps=65.6 loss=2.1805 actor=-0.2999 value=2.4963 entropy=1.5930 mean_return=36.634 mean_len=83.9
[gat-train] update=468 samples=299520 fps=65.7 loss=1.4455 actor=-0.0227 value=1.4840 entropy=1.5734 mean_return=36.517 mean_len=83.4
[gat-train] update=469 samples=300160 fps=65.8 loss=1.1867 actor=-0.0340 value=1.2370 entropy=1.6218 mean_return=36.496 mean_len=82.9
[gat-train] update=470 samples=300800 fps=65.8 loss=1.5580 actor=0.0900 value=1.4848 entropy=1.6727 mean_return=36.678 mean_len=83.0
[gat-train] update=471 samples=301440 fps=65.9 loss=1.3087 actor=0.1259 value=1.1992 entropy=1.6425 mean_return=36.798 mean_len=83.1
[gat-train] update=472 samples=302080 fps=65.9 loss=1.5269 actor=-0.3053 value=1.8487 entropy=1.6487 mean_return=36.815 mean_len=83.7
[gat-train] update=473 samples=302720 fps=66.0 loss=1.1844 actor=-0.1402 value=1.3412 entropy=1.6497 mean_return=36.815 mean_len=83.7
[gat-train] update=474 samples=303360 fps=66.1 loss=0.9533 actor=0.1063 value=0.8636 entropy=1.6606 mean_return=37.090 mean_len=84.4
[gat-train] update=475 samples=304000 fps=66.1 loss=2.1526 actor=-0.3210 value=2.4908 entropy=1.7191 mean_return=36.951 mean_len=84.8
[gat-train] update=476 samples=304640 fps=66.2 loss=1.9140 actor=0.0535 value=1.8771 entropy=1.6599 mean_return=37.392 mean_len=85.4
[gat-train] update=477 samples=305280 fps=66.3 loss=1.3743 actor=-0.3008 value=1.6917 entropy=1.6590 mean_return=37.218 mean_len=85.5
[gat-train] update=478 samples=305920 fps=66.3 loss=1.2925 actor=-0.0334 value=1.3418 entropy=1.5970 mean_return=37.276 mean_len=85.2
[gat-train] update=479 samples=306560 fps=66.4 loss=2.2336 actor=-0.2760 value=2.5266 entropy=1.7053 mean_return=36.661 mean_len=84.5
[gat-train] update=480 samples=307200 fps=66.5 loss=1.4169 actor=-0.2252 value=1.6588 entropy=1.6760 mean_return=36.582 mean_len=84.3
[gat-train] update=481 samples=307840 fps=66.5 loss=1.4096 actor=-0.1736 value=1.6003 entropy=1.7054 mean_return=36.531 mean_len=83.9
[gat-train] update=482 samples=308480 fps=66.6 loss=1.4128 actor=-0.1090 value=1.5383 entropy=1.6546 mean_return=36.681 mean_len=83.6
[gat-train] update=483 samples=309120 fps=66.7 loss=1.4718 actor=0.0148 value=1.4735 entropy=1.6538 mean_return=36.334 mean_len=83.0
[gat-train] update=484 samples=309760 fps=66.7 loss=1.2981 actor=-0.1254 value=1.4398 entropy=1.6292 mean_return=36.278 mean_len=82.6
[gat-train] update=485 samples=310400 fps=66.8 loss=1.1862 actor=-0.0056 value=1.2075 entropy=1.5630 mean_return=36.557 mean_len=83.8
[gat-train] update=486 samples=311040 fps=66.9 loss=1.6501 actor=-0.1055 value=1.7707 entropy=1.5114 mean_return=36.391 mean_len=83.6
[gat-train] update=487 samples=311680 fps=66.9 loss=1.5286 actor=0.1039 value=1.4402 entropy=1.5444 mean_return=36.316 mean_len=83.1
[gat-train] update=488 samples=312320 fps=67.0 loss=1.7117 actor=-0.2353 value=1.9621 entropy=1.5024 mean_return=36.322 mean_len=83.6
[gat-train] update=489 samples=312960 fps=67.0 loss=1.5765 actor=0.1529 value=1.4385 entropy=1.4956 mean_return=35.880 mean_len=83.8
[gat-train] update=490 samples=313600 fps=67.1 loss=2.0541 actor=-0.3329 value=2.4019 entropy=1.4945 mean_return=36.132 mean_len=84.1
[gat-train] update=491 samples=314240 fps=67.2 loss=1.6288 actor=-0.1460 value=1.7889 entropy=1.4082 mean_return=35.474 mean_len=83.5
[gat-train] update=492 samples=314880 fps=67.2 loss=1.4549 actor=-0.1941 value=1.6630 entropy=1.3943 mean_return=35.340 mean_len=82.7
[gat-train] update=493 samples=315520 fps=67.3 loss=1.8517 actor=-0.2783 value=2.1443 entropy=1.4250 mean_return=35.973 mean_len=83.6
[gat-train] update=494 samples=316160 fps=67.3 loss=1.6778 actor=-0.0434 value=1.7352 entropy=1.3992 mean_return=35.946 mean_len=83.8
[gat-train] update=495 samples=316800 fps=67.4 loss=1.2434 actor=-0.0243 value=1.2820 entropy=1.4285 mean_return=36.341 mean_len=84.0
[gat-train] update=496 samples=317440 fps=67.5 loss=1.3114 actor=-0.0561 value=1.3817 entropy=1.4226 mean_return=36.522 mean_len=84.0
[gat-train] update=497 samples=318080 fps=67.5 loss=1.4840 actor=-0.0884 value=1.5864 entropy=1.4101 mean_return=36.703 mean_len=84.5
[gat-train] update=498 samples=318720 fps=67.6 loss=1.3136 actor=-0.0024 value=1.3302 entropy=1.4208 mean_return=37.705 mean_len=86.1
[gat-train] update=499 samples=319360 fps=67.6 loss=1.7665 actor=-0.0506 value=1.8309 entropy=1.3854 mean_return=37.489 mean_len=85.7
[gat-train] update=500 samples=320000 fps=67.7 loss=1.4931 actor=-0.0303 value=1.5376 entropy=1.4234 mean_return=37.792 mean_len=86.0
[gat-train] eval update=500 torch_score=84.80 deploy_score=86.58 min=77.08 bottom10=79.47 max_regression=0.00 regressions=0 guard_rejected=0 best=86.58
[gat-train] update=501 samples=320640 fps=64.8 loss=0.9542 actor=0.0380 value=0.9307 entropy=1.4439 mean_return=37.900 mean_len=86.2
[gat-train] update=502 samples=321280 fps=64.9 loss=2.0078 actor=0.0113 value=2.0108 entropy=1.4344 mean_return=38.018 mean_len=86.6
[gat-train] update=503 samples=321920 fps=64.9 loss=1.8152 actor=-0.4826 value=2.3122 entropy=1.4387 mean_return=37.612 mean_len=85.5
[gat-train] update=504 samples=322560 fps=65.0 loss=1.4774 actor=-0.1070 value=1.5987 entropy=1.4255 mean_return=37.425 mean_len=85.3
[gat-train] update=505 samples=323200 fps=65.1 loss=1.4511 actor=-0.1114 value=1.5762 entropy=1.3747 mean_return=37.117 mean_len=84.3
[gat-train] update=506 samples=323840 fps=65.1 loss=1.4467 actor=-0.2075 value=1.6684 entropy=1.4261 mean_return=37.208 mean_len=85.0
[gat-train] update=507 samples=324480 fps=65.2 loss=1.5451 actor=-0.1130 value=1.6723 entropy=1.4249 mean_return=36.842 mean_len=84.0
[gat-train] update=508 samples=325120 fps=65.2 loss=1.3754 actor=0.0132 value=1.3766 entropy=1.4386 mean_return=37.005 mean_len=84.0
[gat-train] update=509 samples=325760 fps=65.3 loss=1.6661 actor=-0.2530 value=1.9331 entropy=1.3971 mean_return=36.940 mean_len=84.5
[gat-train] update=510 samples=326400 fps=65.4 loss=1.1927 actor=-0.0277 value=1.2338 entropy=1.3408 mean_return=36.879 mean_len=84.7
[gat-train] update=511 samples=327040 fps=65.4 loss=1.6875 actor=-0.0989 value=1.8000 entropy=1.3568 mean_return=37.094 mean_len=84.6
[gat-train] update=512 samples=327680 fps=65.5 loss=1.3092 actor=-0.0566 value=1.3798 entropy=1.3916 mean_return=37.455 mean_len=85.2
[gat-train] update=513 samples=328320 fps=65.5 loss=1.0701 actor=0.0753 value=1.0081 entropy=1.3270 mean_return=37.310 mean_len=84.9
[gat-train] update=514 samples=328960 fps=65.6 loss=1.5056 actor=0.0293 value=1.4898 entropy=1.3539 mean_return=37.781 mean_len=85.5
[gat-train] update=515 samples=329600 fps=65.7 loss=1.5932 actor=-0.0022 value=1.6091 entropy=1.3746 mean_return=37.626 mean_len=85.6
[gat-train] update=516 samples=330240 fps=65.7 loss=1.9344 actor=-0.0980 value=2.0462 entropy=1.3844 mean_return=37.913 mean_len=85.9
[gat-train] update=517 samples=330880 fps=65.8 loss=1.1818 actor=-0.2155 value=1.4111 entropy=1.3792 mean_return=38.253 mean_len=86.0
[gat-train] update=518 samples=331520 fps=65.8 loss=1.2349 actor=0.1663 value=1.0826 entropy=1.4023 mean_return=38.097 mean_len=85.9
[gat-train] update=519 samples=332160 fps=65.9 loss=1.2274 actor=-0.2017 value=1.4427 entropy=1.3640 mean_return=37.923 mean_len=86.0
[gat-train] update=520 samples=332800 fps=66.0 loss=1.7687 actor=-0.0578 value=1.8401 entropy=1.3624 mean_return=37.668 mean_len=85.8
[gat-train] update=521 samples=333440 fps=66.0 loss=1.6662 actor=-0.3020 value=1.9824 entropy=1.4201 mean_return=37.878 mean_len=86.1
[gat-train] update=522 samples=334080 fps=66.1 loss=1.4807 actor=-0.0143 value=1.5090 entropy=1.3976 mean_return=37.547 mean_len=85.8
[gat-train] update=523 samples=334720 fps=66.1 loss=1.4144 actor=-0.1367 value=1.5650 entropy=1.3847 mean_return=37.555 mean_len=85.8
[gat-train] update=524 samples=335360 fps=66.2 loss=1.5281 actor=-0.3426 value=1.8844 entropy=1.3674 mean_return=37.583 mean_len=85.8
[gat-train] update=525 samples=336000 fps=66.2 loss=1.4992 actor=-0.1346 value=1.6472 entropy=1.3430 mean_return=37.631 mean_len=86.0
[gat-train] update=526 samples=336640 fps=66.3 loss=1.5973 actor=-0.2698 value=1.8813 entropy=1.4182 mean_return=37.488 mean_len=85.9
[gat-train] update=527 samples=337280 fps=66.4 loss=1.1948 actor=-0.2383 value=1.4466 entropy=1.3471 mean_return=37.420 mean_len=85.5
[gat-train] update=528 samples=337920 fps=66.4 loss=1.3862 actor=-0.1646 value=1.5641 entropy=1.3266 mean_return=37.464 mean_len=85.1
[gat-train] update=529 samples=338560 fps=66.5 loss=1.8355 actor=-0.4281 value=2.2776 entropy=1.3975 mean_return=37.576 mean_len=85.0
[gat-train] update=530 samples=339200 fps=66.5 loss=1.4301 actor=0.0182 value=1.4252 entropy=1.3401 mean_return=37.434 mean_len=84.9
[gat-train] update=531 samples=339840 fps=66.6 loss=0.9755 actor=-0.1109 value=1.1000 entropy=1.3570 mean_return=37.162 mean_len=84.6
[gat-train] update=532 samples=340480 fps=66.6 loss=1.5498 actor=-0.1493 value=1.7124 entropy=1.3268 mean_return=37.165 mean_len=84.4
[gat-train] update=533 samples=341120 fps=66.7 loss=2.0396 actor=0.0163 value=2.0365 entropy=1.3226 mean_return=37.413 mean_len=84.8
[gat-train] update=534 samples=341760 fps=66.8 loss=1.4171 actor=-0.0312 value=1.4618 entropy=1.3474 mean_return=37.348 mean_len=84.7
[gat-train] update=535 samples=342400 fps=66.8 loss=1.4644 actor=-0.2281 value=1.7063 entropy=1.3858 mean_return=37.246 mean_len=85.0
[gat-train] update=536 samples=343040 fps=66.9 loss=2.3000 actor=-0.3394 value=2.6537 entropy=1.4194 mean_return=36.836 mean_len=84.5
[gat-train] update=537 samples=343680 fps=66.9 loss=4.1109 actor=-0.1527 value=4.2774 entropy=1.3773 mean_return=36.497 mean_len=83.8
[gat-train] update=538 samples=344320 fps=67.0 loss=1.3927 actor=-0.2153 value=1.6221 entropy=1.4103 mean_return=36.790 mean_len=84.6
[gat-train] update=539 samples=344960 fps=67.0 loss=1.6123 actor=-0.1980 value=1.8244 entropy=1.4183 mean_return=36.674 mean_len=84.2
[gat-train] update=540 samples=345600 fps=67.1 loss=1.5348 actor=-0.3588 value=1.9083 entropy=1.4659 mean_return=36.656 mean_len=84.8
[gat-train] update=541 samples=346240 fps=67.1 loss=1.3242 actor=-0.1391 value=1.4774 entropy=1.4001 mean_return=37.174 mean_len=85.3
[gat-train] update=542 samples=346880 fps=67.2 loss=1.8741 actor=-0.3029 value=2.1912 entropy=1.4260 mean_return=37.053 mean_len=85.0
[gat-train] update=543 samples=347520 fps=67.3 loss=1.1820 actor=-0.1104 value=1.3069 entropy=1.4483 mean_return=37.758 mean_len=86.0
[gat-train] update=544 samples=348160 fps=67.3 loss=1.5535 actor=-0.1790 value=1.7469 entropy=1.4321 mean_return=37.437 mean_len=85.3
[gat-train] update=545 samples=348800 fps=67.4 loss=1.7754 actor=-0.1510 value=1.9408 entropy=1.4336 mean_return=37.464 mean_len=85.2
[gat-train] update=546 samples=349440 fps=67.4 loss=1.7311 actor=-0.3545 value=2.1006 entropy=1.5036 mean_return=36.972 mean_len=84.4
[gat-train] update=547 samples=350080 fps=67.5 loss=1.6940 actor=-0.2195 value=1.9284 entropy=1.4901 mean_return=36.740 mean_len=84.0
[gat-train] update=548 samples=350720 fps=67.5 loss=1.5355 actor=-0.3779 value=1.9272 entropy=1.3819 mean_return=37.424 mean_len=85.1
[gat-train] update=549 samples=351360 fps=67.6 loss=1.1890 actor=0.0370 value=1.1660 entropy=1.3935 mean_return=37.631 mean_len=85.2
[gat-train] update=550 samples=352000 fps=67.6 loss=1.4472 actor=0.0537 value=1.4072 entropy=1.3678 mean_return=37.283 mean_len=84.8
[gat-train] eval update=550 torch_score=83.49 deploy_score=86.58 min=77.08 bottom10=79.47 max_regression=0.00 regressions=0 guard_rejected=0 best=86.58
[gat-train] update=551 samples=352640 fps=65.0 loss=1.8673 actor=-0.2090 value=2.0901 entropy=1.3744 mean_return=37.262 mean_len=84.5
[gat-train] update=552 samples=353280 fps=65.1 loss=1.2252 actor=-0.0400 value=1.2791 entropy=1.3955 mean_return=37.322 mean_len=85.0
[gat-train] update=553 samples=353920 fps=65.2 loss=1.1594 actor=-0.3008 value=1.4736 entropy=1.3352 mean_return=37.525 mean_len=85.0
[gat-train] update=554 samples=354560 fps=65.2 loss=1.8667 actor=-0.2668 value=2.1473 entropy=1.3881 mean_return=37.599 mean_len=85.1
[gat-train] update=555 samples=355200 fps=65.3 loss=1.6653 actor=-0.1418 value=1.8200 entropy=1.2894 mean_return=37.270 mean_len=84.5
[gat-train] update=556 samples=355840 fps=65.3 loss=1.7181 actor=-0.4604 value=2.1927 entropy=1.4218 mean_return=37.430 mean_len=84.5
[gat-train] update=557 samples=356480 fps=65.4 loss=1.3970 actor=-0.2946 value=1.7047 entropy=1.3152 mean_return=37.239 mean_len=84.3
[gat-train] update=558 samples=357120 fps=65.4 loss=1.7006 actor=-0.2653 value=1.9791 entropy=1.3174 mean_return=36.980 mean_len=83.8
[gat-train] update=559 samples=357760 fps=65.5 loss=1.8558 actor=-0.3863 value=2.2559 entropy=1.3874 mean_return=37.026 mean_len=83.7
[gat-train] update=560 samples=358400 fps=65.5 loss=1.4835 actor=-0.3599 value=1.8568 entropy=1.3428 mean_return=37.281 mean_len=84.4
[gat-train] update=561 samples=359040 fps=65.6 loss=1.4264 actor=-0.0533 value=1.4925 entropy=1.2788 mean_return=37.105 mean_len=84.2
[gat-train] update=562 samples=359680 fps=65.6 loss=1.8784 actor=-0.2288 value=2.1207 entropy=1.3530 mean_return=36.971 mean_len=84.2
[gat-train] update=563 samples=360320 fps=65.7 loss=1.7407 actor=-0.0784 value=1.8325 entropy=1.3439 mean_return=36.953 mean_len=84.0
[gat-train] update=564 samples=360960 fps=65.8 loss=1.2250 actor=0.0077 value=1.2305 entropy=1.3114 mean_return=37.023 mean_len=84.0
[gat-train] update=565 samples=361600 fps=65.8 loss=4.0736 actor=-0.6371 value=4.7235 entropy=1.2854 mean_return=36.635 mean_len=83.6
[gat-train] update=566 samples=362240 fps=65.9 loss=1.2025 actor=0.1141 value=1.1014 entropy=1.2977 mean_return=36.637 mean_len=83.9
[gat-train] update=567 samples=362880 fps=65.9 loss=1.4560 actor=-0.2225 value=1.6914 entropy=1.2909 mean_return=36.776 mean_len=83.7
[gat-train] update=568 samples=363520 fps=66.0 loss=1.7839 actor=0.0061 value=1.7906 entropy=1.2748 mean_return=36.741 mean_len=83.5
[gat-train] update=569 samples=364160 fps=66.0 loss=1.9498 actor=0.0017 value=1.9614 entropy=1.3265 mean_return=37.305 mean_len=83.8
[gat-train] update=570 samples=364800 fps=66.1 loss=1.2243 actor=-0.0998 value=1.3374 entropy=1.3254 mean_return=37.109 mean_len=83.9
[gat-train] update=571 samples=365440 fps=66.1 loss=1.4486 actor=-0.2085 value=1.6708 entropy=1.3689 mean_return=37.055 mean_len=84.0
[gat-train] update=572 samples=366080 fps=66.2 loss=1.4402 actor=-0.0183 value=1.4719 entropy=1.3366 mean_return=37.407 mean_len=84.0
[gat-train] update=573 samples=366720 fps=66.2 loss=2.9038 actor=-0.4276 value=3.3455 entropy=1.4060 mean_return=37.492 mean_len=84.3
[gat-train] update=574 samples=367360 fps=66.3 loss=1.7528 actor=-0.3195 value=2.0860 entropy=1.3696 mean_return=37.590 mean_len=84.3
[gat-train] update=575 samples=368000 fps=66.4 loss=1.4833 actor=-0.0920 value=1.5887 entropy=1.3343 mean_return=37.199 mean_len=84.2
[gat-train] update=576 samples=368640 fps=66.4 loss=2.6724 actor=-0.4054 value=3.0917 entropy=1.3937 mean_return=37.087 mean_len=83.6
[gat-train] update=577 samples=369280 fps=66.5 loss=1.6322 actor=-0.4759 value=2.1223 entropy=1.4137 mean_return=36.642 mean_len=83.9
[gat-train] update=578 samples=369920 fps=66.5 loss=2.0051 actor=-0.3906 value=2.4094 entropy=1.3686 mean_return=35.981 mean_len=82.9
[gat-train] update=579 samples=370560 fps=66.6 loss=1.0554 actor=-0.1040 value=1.1737 entropy=1.4255 mean_return=35.638 mean_len=82.8
[gat-train] update=580 samples=371200 fps=66.6 loss=2.4013 actor=-0.3497 value=2.7655 entropy=1.4570 mean_return=35.653 mean_len=82.2
[gat-train] update=581 samples=371840 fps=66.7 loss=1.5724 actor=0.0796 value=1.5070 entropy=1.4233 mean_return=35.556 mean_len=82.6
[gat-train] update=582 samples=372480 fps=66.7 loss=1.5117 actor=0.1934 value=1.3328 entropy=1.4577 mean_return=35.834 mean_len=82.6
[gat-train] update=583 samples=373120 fps=66.8 loss=1.5212 actor=0.0388 value=1.4970 entropy=1.4593 mean_return=36.084 mean_len=83.0
[gat-train] update=584 samples=373760 fps=66.8 loss=1.5530 actor=-0.0888 value=1.6560 entropy=1.4217 mean_return=36.243 mean_len=83.0
[gat-train] update=585 samples=374400 fps=66.9 loss=1.6228 actor=0.0819 value=1.5556 entropy=1.4729 mean_return=36.288 mean_len=83.0
[gat-train] update=586 samples=375040 fps=66.9 loss=1.8427 actor=-0.1834 value=2.0407 entropy=1.4639 mean_return=36.658 mean_len=83.3
[gat-train] update=587 samples=375680 fps=67.0 loss=1.3769 actor=0.1969 value=1.1944 entropy=1.4336 mean_return=36.996 mean_len=84.1
[gat-train] update=588 samples=376320 fps=67.0 loss=1.2744 actor=0.0191 value=1.2703 entropy=1.4955 mean_return=37.357 mean_len=84.8
[gat-train] update=589 samples=376960 fps=67.1 loss=2.1135 actor=-0.4042 value=2.5330 entropy=1.5338 mean_return=37.209 mean_len=85.3
[gat-train] update=590 samples=377600 fps=67.1 loss=1.5077 actor=-0.1019 value=1.6249 entropy=1.5346 mean_return=36.941 mean_len=85.0
[gat-train] update=591 samples=378240 fps=67.2 loss=1.5034 actor=-0.2772 value=1.7959 entropy=1.5297 mean_return=37.125 mean_len=85.3
[gat-train] update=592 samples=378880 fps=67.2 loss=1.5112 actor=-0.2761 value=1.8026 entropy=1.5272 mean_return=37.449 mean_len=86.2
[gat-train] update=593 samples=379520 fps=67.3 loss=1.8026 actor=-0.1897 value=2.0081 entropy=1.5777 mean_return=37.646 mean_len=86.2
[gat-train] update=594 samples=380160 fps=67.3 loss=1.1509 actor=-0.1553 value=1.3221 entropy=1.5932 mean_return=37.768 mean_len=86.2
[gat-train] update=595 samples=380800 fps=67.4 loss=1.0598 actor=-0.2322 value=1.3073 entropy=1.5248 mean_return=38.032 mean_len=86.3
[gat-train] update=596 samples=381440 fps=67.5 loss=1.3535 actor=-0.2000 value=1.5687 entropy=1.5205 mean_return=38.506 mean_len=87.0
[gat-train] update=597 samples=382080 fps=67.5 loss=1.5076 actor=-0.6054 value=2.1285 entropy=1.5558 mean_return=38.889 mean_len=87.8
[gat-train] update=598 samples=382720 fps=67.6 loss=1.7485 actor=-0.1094 value=1.8724 entropy=1.4436 mean_return=38.599 mean_len=86.8
[gat-train] update=599 samples=383360 fps=67.6 loss=1.4181 actor=-0.2731 value=1.7060 entropy=1.4810 mean_return=38.518 mean_len=86.7
[gat-train] update=600 samples=384000 fps=67.7 loss=2.4925 actor=-0.2675 value=2.7754 entropy=1.5431 mean_return=37.890 mean_len=85.7
[gat-train] eval update=600 torch_score=84.04 deploy_score=86.58 min=77.08 bottom10=79.47 max_regression=0.00 regressions=0 guard_rejected=0 best=86.58
[gat-train] update=601 samples=384640 fps=65.2 loss=1.1429 actor=0.1222 value=1.0357 entropy=1.4949 mean_return=37.655 mean_len=85.3
[gat-train] update=602 samples=385280 fps=65.3 loss=1.7804 actor=-0.2715 value=2.0667 entropy=1.4767 mean_return=37.240 mean_len=84.7
[gat-train] update=603 samples=385920 fps=65.3 loss=1.5502 actor=-0.3795 value=1.9446 entropy=1.4846 mean_return=36.697 mean_len=83.7
[gat-train] update=604 samples=386560 fps=65.4 loss=1.5773 actor=0.1258 value=1.4661 entropy=1.4677 mean_return=36.719 mean_len=83.7
[gat-train] update=605 samples=387200 fps=65.4 loss=1.8398 actor=-0.4614 value=2.3160 entropy=1.4817 mean_return=36.459 mean_len=83.0
[gat-train] update=606 samples=387840 fps=65.5 loss=1.4368 actor=-0.5033 value=1.9544 entropy=1.4354 mean_return=36.337 mean_len=82.5
[gat-train] update=607 samples=388480 fps=65.5 loss=1.1674 actor=-0.2180 value=1.3998 entropy=1.4376 mean_return=36.293 mean_len=83.3
[gat-train] update=608 samples=389120 fps=65.6 loss=4.2979 actor=-0.6437 value=4.9560 entropy=1.4490 mean_return=35.993 mean_len=82.6
[gat-train] update=609 samples=389760 fps=65.6 loss=1.7963 actor=-0.1911 value=2.0016 entropy=1.4165 mean_return=35.449 mean_len=82.6
[gat-train] update=610 samples=390400 fps=65.7 loss=1.2890 actor=-0.2095 value=1.5126 entropy=1.4150 mean_return=35.273 mean_len=82.6
[gat-train] update=611 samples=391040 fps=65.7 loss=3.2950 actor=-0.0652 value=3.3746 entropy=1.4306 mean_return=34.508 mean_len=81.8
[gat-train] update=612 samples=391680 fps=65.8 loss=1.6650 actor=-0.3114 value=1.9905 entropy=1.4091 mean_return=34.604 mean_len=82.0
[gat-train] update=613 samples=392320 fps=65.8 loss=1.4712 actor=-0.0666 value=1.5522 entropy=1.4379 mean_return=34.677 mean_len=81.8
[gat-train] update=614 samples=392960 fps=65.9 loss=1.3461 actor=-0.0405 value=1.4008 entropy=1.4180 mean_return=34.838 mean_len=81.8
[gat-train] update=615 samples=393600 fps=65.9 loss=1.3542 actor=-0.1073 value=1.4759 entropy=1.4456 mean_return=35.725 mean_len=83.7
[gat-train] update=616 samples=394240 fps=66.0 loss=1.9907 actor=-0.4793 value=2.4846 entropy=1.4599 mean_return=36.259 mean_len=83.8
[gat-train] update=617 samples=394880 fps=66.0 loss=1.3384 actor=0.1401 value=1.2118 entropy=1.3491 mean_return=37.042 mean_len=85.1
[gat-train] update=618 samples=395520 fps=66.1 loss=1.3133 actor=-0.1221 value=1.4492 entropy=1.3786 mean_return=37.057 mean_len=85.1
[gat-train] update=619 samples=396160 fps=66.1 loss=1.5892 actor=-0.0310 value=1.6342 entropy=1.3944 mean_return=36.943 mean_len=85.3
[gat-train] update=620 samples=396800 fps=66.2 loss=1.1369 actor=-0.1787 value=1.3297 entropy=1.4018 mean_return=37.241 mean_len=85.5
[gat-train] update=621 samples=397440 fps=66.2 loss=1.8171 actor=0.1417 value=1.6893 entropy=1.3867 mean_return=37.242 mean_len=85.6
[gat-train] update=622 samples=398080 fps=66.3 loss=1.5924 actor=-0.1883 value=1.7948 entropy=1.4108 mean_return=36.901 mean_len=85.1
[gat-train] update=623 samples=398720 fps=66.3 loss=1.7825 actor=-0.2626 value=2.0590 entropy=1.3885 mean_return=37.138 mean_len=84.7
[gat-train] update=624 samples=399360 fps=66.4 loss=1.3867 actor=-0.1961 value=1.5965 entropy=1.3687 mean_return=37.161 mean_len=84.6
[gat-train] update=625 samples=400000 fps=66.4 loss=1.1918 actor=-0.2093 value=1.4149 entropy=1.3847 mean_return=37.069 mean_len=84.3
[gat-train] update=626 samples=400640 fps=66.5 loss=1.4013 actor=-0.0204 value=1.4354 entropy=1.3611 mean_return=37.648 mean_len=84.9
[gat-train] update=627 samples=401280 fps=66.5 loss=1.2526 actor=-0.1895 value=1.4559 entropy=1.3766 mean_return=37.819 mean_len=85.7
[gat-train] update=628 samples=401920 fps=66.6 loss=0.9500 actor=0.0430 value=0.9204 entropy=1.3383 mean_return=38.150 mean_len=86.0
[gat-train] update=629 samples=402560 fps=66.6 loss=1.7741 actor=-0.3272 value=2.1143 entropy=1.3039 mean_return=38.016 mean_len=85.9
[gat-train] update=630 samples=403200 fps=66.7 loss=1.5863 actor=-0.4074 value=2.0070 entropy=1.3232 mean_return=38.110 mean_len=86.2
[gat-train] update=631 samples=403840 fps=66.7 loss=1.5482 actor=-0.0962 value=1.6582 entropy=1.3731 mean_return=38.479 mean_len=86.5
[gat-train] update=632 samples=404480 fps=66.8 loss=1.9186 actor=-0.2624 value=2.1946 entropy=1.3510 mean_return=37.836 mean_len=85.7
[gat-train] update=633 samples=405120 fps=66.8 loss=1.3232 actor=-0.1262 value=1.4632 entropy=1.3771 mean_return=37.879 mean_len=85.5
[gat-train] update=634 samples=405760 fps=66.8 loss=1.8128 actor=-0.0667 value=1.8924 entropy=1.3010 mean_return=37.285 mean_len=84.9
[gat-train] update=635 samples=406400 fps=66.9 loss=1.1554 actor=-0.0705 value=1.2394 entropy=1.3557 mean_return=37.187 mean_len=85.0
[gat-train] update=636 samples=407040 fps=66.9 loss=1.3499 actor=-0.0150 value=1.3786 entropy=1.3685 mean_return=37.089 mean_len=84.9
[gat-train] update=637 samples=407680 fps=67.0 loss=2.0093 actor=-0.0247 value=2.0477 entropy=1.3766 mean_return=36.600 mean_len=84.4
[gat-train] update=638 samples=408320 fps=67.0 loss=1.3679 actor=-0.0273 value=1.4088 entropy=1.3624 mean_return=36.821 mean_len=84.7
[gat-train] update=639 samples=408960 fps=67.1 loss=1.2992 actor=-0.0370 value=1.3500 entropy=1.3708 mean_return=36.794 mean_len=84.9
[gat-train] update=640 samples=409600 fps=67.1 loss=1.6879 actor=-0.2852 value=1.9871 entropy=1.4041 mean_return=36.338 mean_len=84.9
[gat-train] update=641 samples=410240 fps=67.2 loss=1.3371 actor=-0.1633 value=1.5137 entropy=1.3338 mean_return=36.386 mean_len=84.5
[gat-train] update=642 samples=410880 fps=67.2 loss=1.7631 actor=-0.3125 value=2.0894 entropy=1.3737 mean_return=36.666 mean_len=84.4
[gat-train] update=643 samples=411520 fps=67.3 loss=1.4013 actor=-0.2854 value=1.7003 entropy=1.3608 mean_return=36.945 mean_len=85.3
[gat-train] update=644 samples=412160 fps=67.3 loss=1.9558 actor=-0.2193 value=2.1891 entropy=1.4015 mean_return=36.797 mean_len=84.9
[gat-train] update=645 samples=412800 fps=67.4 loss=1.8855 actor=-0.3430 value=2.2423 entropy=1.3775 mean_return=36.794 mean_len=84.6
[gat-train] update=646 samples=413440 fps=67.4 loss=1.5590 actor=-0.1723 value=1.7452 entropy=1.3839 mean_return=36.623 mean_len=84.0
[gat-train] update=647 samples=414080 fps=67.5 loss=1.7486 actor=-0.0238 value=1.7858 entropy=1.3412 mean_return=36.756 mean_len=84.9
[gat-train] update=648 samples=414720 fps=67.5 loss=1.2503 actor=-0.2103 value=1.4747 entropy=1.4047 mean_return=36.836 mean_len=84.8
[gat-train] update=649 samples=415360 fps=67.6 loss=1.5731 actor=-0.2840 value=1.8715 entropy=1.4320 mean_return=36.671 mean_len=84.2
[gat-train] update=650 samples=416000 fps=67.6 loss=1.4890 actor=0.1455 value=1.3574 entropy=1.3981 mean_return=36.674 mean_len=84.0
[gat-train] eval update=650 torch_score=85.20 deploy_score=86.58 min=77.08 bottom10=79.47 max_regression=0.00 regressions=0 guard_rejected=0 best=86.58
[gat-train] update=651 samples=416640 fps=65.4 loss=1.5355 actor=0.0366 value=1.5132 entropy=1.4303 mean_return=37.252 mean_len=84.5
[gat-train] update=652 samples=417280 fps=65.4 loss=2.2303 actor=-0.2864 value=2.5312 entropy=1.4478 mean_return=37.834 mean_len=85.0
[gat-train] update=653 samples=417920 fps=65.5 loss=1.2802 actor=0.1015 value=1.1928 entropy=1.4084 mean_return=37.753 mean_len=85.0
[gat-train] update=654 samples=418560 fps=65.5 loss=1.2394 actor=0.0724 value=1.1820 entropy=1.5044 mean_return=37.544 mean_len=84.5
[gat-train] update=655 samples=419200 fps=65.6 loss=1.2102 actor=0.1259 value=1.0987 entropy=1.4409 mean_return=37.701 mean_len=84.4
[gat-train] update=656 samples=419840 fps=65.6 loss=1.2939 actor=-0.3349 value=1.6435 entropy=1.4614 mean_return=37.967 mean_len=85.0
[gat-train] update=657 samples=420480 fps=65.7 loss=1.6463 actor=-0.2594 value=1.9194 entropy=1.3709 mean_return=38.039 mean_len=84.7
[gat-train] update=658 samples=421120 fps=65.7 loss=1.4645 actor=-0.1849 value=1.6634 entropy=1.4024 mean_return=37.662 mean_len=84.9
[gat-train] update=659 samples=421760 fps=65.8 loss=1.5805 actor=-0.3056 value=1.8998 entropy=1.3681 mean_return=37.517 mean_len=84.9
[gat-train] update=660 samples=422400 fps=65.8 loss=1.3894 actor=-0.0309 value=1.4344 entropy=1.4147 mean_return=38.000 mean_len=85.1
[gat-train] update=661 samples=423040 fps=65.8 loss=1.5156 actor=-0.4268 value=1.9566 entropy=1.4260 mean_return=37.866 mean_len=84.9
[gat-train] update=662 samples=423680 fps=65.9 loss=1.0527 actor=-0.0885 value=1.1545 entropy=1.3303 mean_return=37.926 mean_len=85.1
[gat-train] update=663 samples=424320 fps=65.9 loss=1.4289 actor=-0.1772 value=1.6195 entropy=1.3475 mean_return=38.170 mean_len=85.6
[gat-train] update=664 samples=424960 fps=66.0 loss=1.4405 actor=-0.0846 value=1.5389 entropy=1.3838 mean_return=37.945 mean_len=85.1
[gat-train] update=665 samples=425600 fps=66.0 loss=1.4093 actor=-0.1496 value=1.5726 entropy=1.3656 mean_return=37.932 mean_len=85.1
[gat-train] update=666 samples=426240 fps=66.1 loss=1.1105 actor=-0.0722 value=1.1961 entropy=1.3486 mean_return=37.778 mean_len=85.4
[gat-train] update=667 samples=426880 fps=66.1 loss=1.6569 actor=-0.2385 value=1.9093 entropy=1.3900 mean_return=37.283 mean_len=85.2
[gat-train] update=668 samples=427520 fps=66.2 loss=1.5360 actor=-0.2420 value=1.7915 entropy=1.3553 mean_return=37.308 mean_len=85.3
[gat-train] update=669 samples=428160 fps=66.2 loss=1.3490 actor=-0.0255 value=1.3878 entropy=1.3323 mean_return=37.029 mean_len=85.0
[gat-train] update=670 samples=428800 fps=66.2 loss=1.6672 actor=-0.2066 value=1.8871 entropy=1.3408 mean_return=37.204 mean_len=85.3
[gat-train] update=671 samples=429440 fps=66.3 loss=1.0823 actor=0.1205 value=0.9754 entropy=1.3501 mean_return=37.308 mean_len=85.6
[gat-train] update=672 samples=430080 fps=66.3 loss=1.4600 actor=-0.2197 value=1.6932 entropy=1.3450 mean_return=37.110 mean_len=85.2
[gat-train] update=673 samples=430720 fps=66.4 loss=1.8769 actor=-0.1997 value=2.0900 entropy=1.3435 mean_return=36.791 mean_len=84.5
[gat-train] update=674 samples=431360 fps=66.4 loss=1.7865 actor=-0.2336 value=2.0332 entropy=1.3206 mean_return=36.744 mean_len=84.1
[gat-train] update=675 samples=432000 fps=66.5 loss=2.0346 actor=-0.6212 value=2.6700 entropy=1.4189 mean_return=36.877 mean_len=84.3
[gat-train] update=676 samples=432640 fps=66.5 loss=1.5969 actor=-0.1383 value=1.7486 entropy=1.3393 mean_return=36.741 mean_len=83.6
[gat-train] update=677 samples=433280 fps=66.6 loss=1.4089 actor=-0.4286 value=1.8517 entropy=1.4186 mean_return=36.457 mean_len=83.1
[gat-train] update=678 samples=433920 fps=66.6 loss=1.9070 actor=-0.1740 value=2.0945 entropy=1.3427 mean_return=36.406 mean_len=83.2
[gat-train] update=679 samples=434560 fps=66.6 loss=1.8836 actor=-0.4165 value=2.3144 entropy=1.4358 mean_return=36.593 mean_len=83.6
[gat-train] update=680 samples=435200 fps=66.7 loss=1.4179 actor=0.0590 value=1.3729 entropy=1.3948 mean_return=36.557 mean_len=83.6
[gat-train] update=681 samples=435840 fps=66.7 loss=1.5783 actor=-0.3361 value=1.9287 entropy=1.4284 mean_return=37.211 mean_len=84.8
[gat-train] update=682 samples=436480 fps=66.8 loss=1.4568 actor=-0.0233 value=1.4934 entropy=1.3226 mean_return=37.143 mean_len=84.7
[gat-train] update=683 samples=437120 fps=66.8 loss=1.5156 actor=-0.2478 value=1.7769 entropy=1.3495 mean_return=36.826 mean_len=84.4
[gat-train] update=684 samples=437760 fps=66.9 loss=1.8279 actor=-0.1510 value=1.9928 entropy=1.3856 mean_return=36.770 mean_len=84.8
[gat-train] update=685 samples=438400 fps=66.9 loss=2.2200 actor=-0.1999 value=2.4334 entropy=1.3563 mean_return=37.082 mean_len=84.9
[gat-train] update=686 samples=439040 fps=67.0 loss=1.2806 actor=-0.1018 value=1.3962 entropy=1.3815 mean_return=37.154 mean_len=84.9
[gat-train] update=687 samples=439680 fps=67.0 loss=1.1515 actor=-0.1300 value=1.2954 entropy=1.3965 mean_return=37.502 mean_len=85.4
[gat-train] update=688 samples=440320 fps=67.0 loss=1.6588 actor=0.1097 value=1.5625 entropy=1.3431 mean_return=37.080 mean_len=84.8
[gat-train] update=689 samples=440960 fps=67.1 loss=1.6860 actor=-0.1225 value=1.8225 entropy=1.3963 mean_return=37.013 mean_len=84.5
[gat-train] update=690 samples=441600 fps=67.1 loss=1.2173 actor=-0.2361 value=1.4671 entropy=1.3690 mean_return=37.204 mean_len=84.7
[gat-train] update=691 samples=442240 fps=67.2 loss=1.1425 actor=-0.2800 value=1.4360 entropy=1.3448 mean_return=37.399 mean_len=85.1
[gat-train] update=692 samples=442880 fps=67.2 loss=1.7524 actor=-0.1780 value=1.9439 entropy=1.3539 mean_return=37.563 mean_len=85.3
[gat-train] update=693 samples=443520 fps=67.3 loss=1.6322 actor=-0.4319 value=2.0781 entropy=1.4023 mean_return=37.733 mean_len=85.1
[gat-train] update=694 samples=444160 fps=67.3 loss=1.2702 actor=-0.2847 value=1.5680 entropy=1.3117 mean_return=37.999 mean_len=85.5
[gat-train] update=695 samples=444800 fps=67.3 loss=1.5512 actor=-0.3469 value=1.9117 entropy=1.3630 mean_return=38.215 mean_len=86.1
[gat-train] update=696 samples=445440 fps=67.4 loss=1.3619 actor=0.0367 value=1.3386 entropy=1.3492 mean_return=38.077 mean_len=85.8
[gat-train] update=697 samples=446080 fps=67.4 loss=1.3840 actor=-0.4388 value=1.8367 entropy=1.3853 mean_return=37.739 mean_len=85.0
[gat-train] update=698 samples=446720 fps=67.5 loss=1.5214 actor=-0.2223 value=1.7572 entropy=1.3553 mean_return=37.451 mean_len=84.8
[gat-train] update=699 samples=447360 fps=67.5 loss=1.6423 actor=0.0305 value=1.6251 entropy=1.3405 mean_return=36.932 mean_len=84.3
[gat-train] update=700 samples=448000 fps=67.6 loss=1.4033 actor=-0.0138 value=1.4310 entropy=1.3935 mean_return=36.753 mean_len=84.0
[gat-train] eval update=700 torch_score=85.46 deploy_score=86.58 min=77.08 bottom10=79.47 max_regression=0.00 regressions=0 guard_rejected=0 best=86.58
[gat-train] update=701 samples=448640 fps=65.5 loss=1.9395 actor=-0.3171 value=2.2705 entropy=1.3918 mean_return=36.679 mean_len=84.2
[gat-train] update=702 samples=449280 fps=65.5 loss=1.4889 actor=-0.2048 value=1.7077 entropy=1.4002 mean_return=36.514 mean_len=83.7
[gat-train] update=703 samples=449920 fps=65.6 loss=0.9803 actor=-0.1009 value=1.0954 entropy=1.4177 mean_return=36.452 mean_len=83.9
[gat-train] update=704 samples=450560 fps=65.6 loss=1.2267 actor=-0.0984 value=1.3398 entropy=1.4645 mean_return=36.754 mean_len=84.4
[gat-train] update=705 samples=451200 fps=65.7 loss=2.1481 actor=-0.2991 value=2.4625 entropy=1.5359 mean_return=37.153 mean_len=85.0
[gat-train] update=706 samples=451840 fps=65.7 loss=1.4596 actor=-0.3166 value=1.7906 entropy=1.4407 mean_return=37.012 mean_len=84.7
[gat-train] update=707 samples=452480 fps=65.7 loss=1.6376 actor=-0.2404 value=1.8931 entropy=1.5199 mean_return=37.196 mean_len=85.0
[gat-train] update=708 samples=453120 fps=65.8 loss=1.1012 actor=-0.0635 value=1.1790 entropy=1.4283 mean_return=37.082 mean_len=84.8
[gat-train] update=709 samples=453760 fps=65.8 loss=1.8281 actor=-0.2931 value=2.1357 entropy=1.4539 mean_return=37.426 mean_len=84.3
[gat-train] update=710 samples=454400 fps=65.9 loss=1.3798 actor=-0.2375 value=1.6315 entropy=1.4223 mean_return=37.342 mean_len=84.6
[gat-train] update=711 samples=455040 fps=65.9 loss=1.6465 actor=-0.1664 value=1.8271 entropy=1.4230 mean_return=37.059 mean_len=84.2
[gat-train] update=712 samples=455680 fps=66.0 loss=1.9744 actor=-0.1965 value=2.1850 entropy=1.4209 mean_return=37.232 mean_len=84.1
[gat-train] update=713 samples=456320 fps=66.0 loss=1.7832 actor=-0.4325 value=2.2300 entropy=1.4308 mean_return=37.598 mean_len=84.8
[gat-train] update=714 samples=456960 fps=66.0 loss=1.1682 actor=-0.0837 value=1.2658 entropy=1.3862 mean_return=37.285 mean_len=84.9
[gat-train] update=715 samples=457600 fps=66.1 loss=1.5401 actor=-0.0567 value=1.6116 entropy=1.4808 mean_return=37.530 mean_len=85.9
[gat-train] update=716 samples=458240 fps=66.1 loss=1.4248 actor=-0.2055 value=1.6453 entropy=1.4989 mean_return=37.454 mean_len=85.5
[gat-train] update=717 samples=458880 fps=66.2 loss=1.9061 actor=-0.4198 value=2.3408 entropy=1.4947 mean_return=37.066 mean_len=84.3
[gat-train] update=718 samples=459520 fps=66.2 loss=1.0746 actor=-0.0324 value=1.1214 entropy=1.4318 mean_return=37.158 mean_len=84.5
[gat-train] update=719 samples=460160 fps=66.3 loss=2.9056 actor=-0.4125 value=3.3334 entropy=1.5220 mean_return=36.753 mean_len=83.8
[gat-train] update=720 samples=460800 fps=66.3 loss=1.4013 actor=0.1108 value=1.3057 entropy=1.5149 mean_return=36.458 mean_len=83.6
[gat-train] update=721 samples=461440 fps=66.3 loss=1.1451 actor=-0.3553 value=1.5159 entropy=1.5483 mean_return=36.637 mean_len=83.5
[gat-train] update=722 samples=462080 fps=66.4 loss=1.2823 actor=-0.1715 value=1.4697 entropy=1.5800 mean_return=36.706 mean_len=83.4
[gat-train] update=723 samples=462720 fps=66.4 loss=1.2845 actor=-0.0362 value=1.3360 entropy=1.5244 mean_return=36.656 mean_len=83.6
[gat-train] update=724 samples=463360 fps=66.5 loss=1.6921 actor=-0.1353 value=1.8422 entropy=1.4849 mean_return=36.612 mean_len=83.7
[gat-train] update=725 samples=464000 fps=66.5 loss=1.6316 actor=-0.2323 value=1.8796 entropy=1.5647 mean_return=36.517 mean_len=84.1
[gat-train] update=726 samples=464640 fps=66.5 loss=1.7794 actor=-0.4306 value=2.2257 entropy=1.5603 mean_return=36.516 mean_len=83.6
[gat-train] update=727 samples=465280 fps=66.6 loss=1.5083 actor=-0.0801 value=1.6037 entropy=1.5320 mean_return=37.760 mean_len=85.7
[gat-train] update=728 samples=465920 fps=66.6 loss=1.8214 actor=-0.5647 value=2.4010 entropy=1.4930 mean_return=37.189 mean_len=85.0
[gat-train] update=729 samples=466560 fps=66.7 loss=2.2950 actor=-0.5044 value=2.8145 entropy=1.5056 mean_return=37.027 mean_len=84.1
[gat-train] update=730 samples=467200 fps=66.7 loss=1.6766 actor=-0.2288 value=1.9195 entropy=1.4046 mean_return=37.172 mean_len=84.3
[gat-train] update=731 samples=467840 fps=66.8 loss=1.0589 actor=-0.0625 value=1.1351 entropy=1.3755 mean_return=36.961 mean_len=84.2
[gat-train] update=732 samples=468480 fps=66.8 loss=1.4803 actor=-0.2916 value=1.7860 entropy=1.4051 mean_return=36.426 mean_len=83.5
[gat-train] update=733 samples=469120 fps=66.8 loss=1.2080 actor=-0.0912 value=1.3125 entropy=1.3237 mean_return=36.255 mean_len=83.2
[gat-train] update=734 samples=469760 fps=66.9 loss=1.6798 actor=-0.1045 value=1.7980 entropy=1.3618 mean_return=36.692 mean_len=83.6
[gat-train] update=735 samples=470400 fps=66.9 loss=2.0424 actor=-0.0921 value=2.1483 entropy=1.3775 mean_return=36.412 mean_len=84.2
[gat-train] update=736 samples=471040 fps=67.0 loss=1.2810 actor=0.1406 value=1.1536 entropy=1.3200 mean_return=36.509 mean_len=84.0
[gat-train] update=737 samples=471680 fps=67.0 loss=1.3132 actor=0.0044 value=1.3225 entropy=1.3732 mean_return=36.488 mean_len=84.1
[gat-train] update=738 samples=472320 fps=67.1 loss=1.4353 actor=0.0925 value=1.3566 entropy=1.3841 mean_return=36.894 mean_len=84.5
[gat-train] update=739 samples=472960 fps=67.1 loss=1.1536 actor=-0.0071 value=1.1738 entropy=1.3139 mean_return=36.988 mean_len=84.6
[gat-train] update=740 samples=473600 fps=67.1 loss=1.7851 actor=-0.2418 value=2.0404 entropy=1.3508 mean_return=37.368 mean_len=85.0
[gat-train] update=741 samples=474240 fps=67.2 loss=1.5448 actor=-0.0337 value=1.5924 entropy=1.3864 mean_return=37.283 mean_len=84.6
[gat-train] update=742 samples=474880 fps=67.2 loss=1.4024 actor=-0.1923 value=1.6086 entropy=1.3975 mean_return=37.317 mean_len=84.6
[gat-train] update=743 samples=475520 fps=67.2 loss=1.3607 actor=-0.2299 value=1.6044 entropy=1.3763 mean_return=37.558 mean_len=85.1
[gat-train] update=744 samples=476160 fps=67.3 loss=1.6876 actor=-0.3606 value=2.0619 entropy=1.3734 mean_return=37.906 mean_len=85.9
[gat-train] update=745 samples=476800 fps=67.3 loss=1.9341 actor=-0.5330 value=2.4811 entropy=1.4045 mean_return=37.984 mean_len=85.8
[gat-train] update=746 samples=477440 fps=67.4 loss=1.4111 actor=-0.3539 value=1.7789 entropy=1.3912 mean_return=38.039 mean_len=86.4
[gat-train] update=747 samples=478080 fps=67.4 loss=1.6098 actor=-0.1168 value=1.7402 entropy=1.3668 mean_return=38.340 mean_len=87.1
[gat-train] update=748 samples=478720 fps=67.5 loss=1.6115 actor=-0.3255 value=1.9504 entropy=1.3453 mean_return=38.353 mean_len=86.8
[gat-train] update=749 samples=479360 fps=67.5 loss=1.7110 actor=0.0851 value=1.6390 entropy=1.3210 mean_return=38.282 mean_len=86.8
[gat-train] update=750 samples=480000 fps=67.5 loss=1.5911 actor=-0.1076 value=1.7124 entropy=1.3642 mean_return=38.192 mean_len=86.3
[gat-train] eval update=750 torch_score=86.45 deploy_score=86.58 min=77.08 bottom10=79.47 max_regression=0.00 regressions=0 guard_rejected=0 best=86.58
[gat-train] update=751 samples=480640 fps=65.6 loss=2.0939 actor=-0.1946 value=2.3012 entropy=1.2689 mean_return=37.988 mean_len=86.0
[gat-train] update=752 samples=481280 fps=65.6 loss=1.4888 actor=-0.0281 value=1.5302 entropy=1.3235 mean_return=38.462 mean_len=86.4
[gat-train] update=753 samples=481920 fps=65.7 loss=1.5612 actor=-0.1439 value=1.7187 entropy=1.3625 mean_return=38.353 mean_len=86.0
[gat-train] update=754 samples=482560 fps=65.7 loss=1.2601 actor=0.0929 value=1.1806 entropy=1.3465 mean_return=38.022 mean_len=85.5
[gat-train] update=755 samples=483200 fps=65.8 loss=1.2848 actor=-0.1131 value=1.4121 entropy=1.4209 mean_return=37.822 mean_len=84.9
[gat-train] update=756 samples=483840 fps=65.8 loss=1.2069 actor=0.2267 value=0.9937 entropy=1.3622 mean_return=38.116 mean_len=85.5
[gat-train] update=757 samples=484480 fps=65.8 loss=1.6601 actor=-0.0637 value=1.7373 entropy=1.3590 mean_return=37.868 mean_len=85.1
[gat-train] update=758 samples=485120 fps=65.9 loss=1.2868 actor=-0.2386 value=1.5392 entropy=1.3806 mean_return=38.025 mean_len=85.4
[gat-train] update=759 samples=485760 fps=65.9 loss=1.2894 actor=-0.0078 value=1.3111 entropy=1.3940 mean_return=38.079 mean_len=85.4
[gat-train] update=760 samples=486400 fps=66.0 loss=1.4654 actor=-0.2203 value=1.6997 entropy=1.4014 mean_return=37.944 mean_len=85.2
[gat-train] update=761 samples=487040 fps=66.0 loss=2.4154 actor=-0.5733 value=3.0030 entropy=1.4326 mean_return=37.617 mean_len=85.3
[gat-train] update=762 samples=487680 fps=66.0 loss=1.7653 actor=-0.2330 value=2.0118 entropy=1.3525 mean_return=37.510 mean_len=85.1
[gat-train] update=763 samples=488320 fps=66.1 loss=1.6895 actor=-0.2945 value=1.9981 entropy=1.4137 mean_return=37.492 mean_len=84.3
[gat-train] update=764 samples=488960 fps=66.1 loss=1.3495 actor=-0.3142 value=1.6776 entropy=1.3957 mean_return=37.599 mean_len=85.0
[gat-train] update=765 samples=489600 fps=66.2 loss=1.2730 actor=-0.2034 value=1.4897 entropy=1.3275 mean_return=37.857 mean_len=85.3
[gat-train] update=766 samples=490240 fps=66.2 loss=1.4612 actor=-0.2449 value=1.7200 entropy=1.3829 mean_return=37.708 mean_len=84.9
[gat-train] update=767 samples=490880 fps=66.2 loss=1.0902 actor=0.0206 value=1.0832 entropy=1.3588 mean_return=38.073 mean_len=85.3
[gat-train] update=768 samples=491520 fps=66.3 loss=2.1837 actor=-0.2425 value=2.4395 entropy=1.3305 mean_return=38.172 mean_len=85.3
[gat-train] update=769 samples=492160 fps=66.3 loss=1.3646 actor=-0.0988 value=1.4765 entropy=1.3103 mean_return=38.301 mean_len=85.8
[gat-train] update=770 samples=492800 fps=66.4 loss=1.4100 actor=-0.0920 value=1.5161 entropy=1.4100 mean_return=38.600 mean_len=86.2
[gat-train] update=771 samples=493440 fps=66.4 loss=1.0490 actor=0.0038 value=1.0588 entropy=1.3559 mean_return=38.716 mean_len=86.7
[gat-train] update=772 samples=494080 fps=66.4 loss=1.3759 actor=-0.0624 value=1.4516 entropy=1.3385 mean_return=38.586 mean_len=86.6
[gat-train] update=773 samples=494720 fps=66.5 loss=1.2211 actor=-0.1905 value=1.4254 entropy=1.3809 mean_return=38.384 mean_len=86.7
[gat-train] update=774 samples=495360 fps=66.5 loss=1.4221 actor=-0.0994 value=1.5353 entropy=1.3819 mean_return=38.420 mean_len=86.8
[gat-train] update=775 samples=496000 fps=66.6 loss=1.3815 actor=-0.1328 value=1.5283 entropy=1.3964 mean_return=37.977 mean_len=86.4
[gat-train] update=776 samples=496640 fps=66.6 loss=1.8706 actor=-0.5166 value=2.4013 entropy=1.4095 mean_return=37.663 mean_len=86.4
[gat-train] update=777 samples=497280 fps=66.6 loss=1.0169 actor=-0.3027 value=1.3342 entropy=1.4592 mean_return=37.838 mean_len=86.3
[gat-train] update=778 samples=497920 fps=66.7 loss=1.3935 actor=-0.1982 value=1.6064 entropy=1.4720 mean_return=37.804 mean_len=86.1
[gat-train] update=779 samples=498560 fps=66.7 loss=2.1132 actor=-0.6610 value=2.7898 entropy=1.5605 mean_return=37.635 mean_len=85.4
[gat-train] update=780 samples=499200 fps=66.7 loss=1.2452 actor=-0.7010 value=1.9625 entropy=1.6228 mean_return=37.666 mean_len=85.0
[gat-train] update=781 samples=499840 fps=66.8 loss=2.2776 actor=-0.4098 value=2.7039 entropy=1.6409 mean_return=37.734 mean_len=84.7
[gat-train] update=782 samples=500480 fps=66.8 loss=1.3063 actor=-0.3313 value=1.6546 entropy=1.6942 mean_return=37.546 mean_len=85.0
[gat-train] update=783 samples=501120 fps=66.9 loss=1.1970 actor=0.0646 value=1.1490 entropy=1.6612 mean_return=37.522 mean_len=85.0
[gat-train] update=784 samples=501760 fps=66.9 loss=0.9621 actor=-0.1582 value=1.1364 entropy=1.6088 mean_return=37.838 mean_len=85.3
[gat-train] update=785 samples=502400 fps=66.9 loss=1.7499 actor=-0.2456 value=2.0113 entropy=1.5795 mean_return=37.560 mean_len=84.8
[gat-train] update=786 samples=503040 fps=67.0 loss=1.5789 actor=-0.3557 value=1.9505 entropy=1.5844 mean_return=37.649 mean_len=84.9
[gat-train] update=787 samples=503680 fps=67.0 loss=1.6102 actor=-0.1011 value=1.7287 entropy=1.7455 mean_return=37.423 mean_len=85.2
[gat-train] update=788 samples=504320 fps=67.1 loss=3.0337 actor=-0.3554 value=3.4045 entropy=1.5317 mean_return=37.121 mean_len=84.5
[gat-train] update=789 samples=504960 fps=67.1 loss=1.9925 actor=-0.4871 value=2.4958 entropy=1.6246 mean_return=36.968 mean_len=84.0
[gat-train] update=790 samples=505600 fps=67.1 loss=1.5202 actor=-0.1559 value=1.6917 entropy=1.5499 mean_return=36.735 mean_len=83.4
[gat-train] update=791 samples=506240 fps=67.2 loss=1.8651 actor=-0.0607 value=1.9417 entropy=1.5972 mean_return=36.600 mean_len=83.4
[gat-train] update=792 samples=506880 fps=67.2 loss=1.4771 actor=-0.2171 value=1.7081 entropy=1.3847 mean_return=36.100 mean_len=83.2
[gat-train] update=793 samples=507520 fps=67.2 loss=1.8179 actor=-0.1714 value=2.0053 entropy=1.5987 mean_return=36.077 mean_len=83.2
[gat-train] update=794 samples=508160 fps=67.3 loss=1.7285 actor=-0.3124 value=2.0566 entropy=1.5700 mean_return=35.883 mean_len=82.8
[gat-train] update=795 samples=508800 fps=67.3 loss=1.9919 actor=-0.3750 value=2.3822 entropy=1.5372 mean_return=36.271 mean_len=83.5
[gat-train] update=796 samples=509440 fps=67.4 loss=1.6555 actor=-0.7268 value=2.3989 entropy=1.6674 mean_return=36.424 mean_len=83.7
[gat-train] update=797 samples=510080 fps=67.4 loss=1.9582 actor=-0.5056 value=2.4802 entropy=1.6441 mean_return=37.061 mean_len=84.8
[gat-train] update=798 samples=510720 fps=67.4 loss=2.1273 actor=-0.4327 value=2.5765 entropy=1.6511 mean_return=36.978 mean_len=84.2
[gat-train] update=799 samples=511360 fps=67.5 loss=1.3915 actor=-0.4321 value=1.8404 entropy=1.6810 mean_return=37.473 mean_len=84.9
[gat-train] update=800 samples=512000 fps=67.5 loss=1.0316 actor=-0.4656 value=1.5137 entropy=1.6469 mean_return=37.652 mean_len=84.7
[gat-train] eval update=800 torch_score=85.72 deploy_score=86.58 min=77.08 bottom10=79.47 max_regression=0.00 regressions=0 guard_rejected=0 best=86.58
[gat-train] update=801 samples=512640 fps=65.7 loss=1.5593 actor=-0.1218 value=1.6973 entropy=1.6276 mean_return=37.405 mean_len=84.0
[gat-train] update=802 samples=513280 fps=65.7 loss=1.9637 actor=-0.3399 value=2.3194 entropy=1.5795 mean_return=37.362 mean_len=84.2
[gat-train] update=803 samples=513920 fps=65.8 loss=2.5698 actor=-0.3444 value=2.9295 entropy=1.5314 mean_return=36.760 mean_len=83.1
[gat-train] update=804 samples=514560 fps=65.8 loss=1.7731 actor=-0.3337 value=2.1226 entropy=1.5716 mean_return=36.790 mean_len=83.0
[gat-train] update=805 samples=515200 fps=65.8 loss=1.6377 actor=-0.1132 value=1.7660 entropy=1.5153 mean_return=37.083 mean_len=83.5
[gat-train] update=806 samples=515840 fps=65.9 loss=1.4197 actor=-0.0301 value=1.4640 entropy=1.4300 mean_return=36.872 mean_len=83.3
[gat-train] update=807 samples=516480 fps=65.9 loss=0.9983 actor=-0.1806 value=1.1936 entropy=1.4648 mean_return=36.884 mean_len=83.6
[gat-train] update=808 samples=517120 fps=65.9 loss=1.4259 actor=-0.1823 value=1.6231 entropy=1.4863 mean_return=36.696 mean_len=83.6
[gat-train] update=809 samples=517760 fps=66.0 loss=1.3547 actor=-0.1782 value=1.5469 entropy=1.3968 mean_return=37.090 mean_len=84.1
[gat-train] update=810 samples=518400 fps=66.0 loss=1.8891 actor=-0.4412 value=2.3443 entropy=1.3938 mean_return=36.739 mean_len=83.3
[gat-train] update=811 samples=519040 fps=66.1 loss=1.5086 actor=-0.1972 value=1.7196 entropy=1.3826 mean_return=36.474 mean_len=82.9
[gat-train] update=812 samples=519680 fps=66.1 loss=1.4544 actor=-0.5947 value=2.0636 entropy=1.4425 mean_return=36.541 mean_len=83.6
[gat-train] update=813 samples=520320 fps=66.1 loss=1.7710 actor=-0.3343 value=2.1202 entropy=1.4901 mean_return=36.104 mean_len=83.0
[gat-train] update=814 samples=520960 fps=66.2 loss=2.5040 actor=-0.4109 value=2.9292 entropy=1.4278 mean_return=36.112 mean_len=83.0
[gat-train] update=815 samples=521600 fps=66.2 loss=1.2699 actor=-0.2263 value=1.5105 entropy=1.4212 mean_return=36.115 mean_len=83.2
[gat-train] update=816 samples=522240 fps=66.2 loss=1.6324 actor=-0.4589 value=2.1055 entropy=1.4195 mean_return=36.918 mean_len=84.8
[gat-train] update=817 samples=522880 fps=66.3 loss=1.6797 actor=-0.2536 value=1.9470 entropy=1.3664 mean_return=37.086 mean_len=84.6
[gat-train] update=818 samples=523520 fps=66.3 loss=1.2047 actor=-0.1588 value=1.3772 entropy=1.3754 mean_return=37.269 mean_len=84.7
[gat-train] update=819 samples=524160 fps=66.4 loss=1.4695 actor=-0.2438 value=1.7270 entropy=1.3755 mean_return=37.357 mean_len=84.6
[gat-train] update=820 samples=524800 fps=66.4 loss=1.6425 actor=-0.1785 value=1.8345 entropy=1.3487 mean_return=37.322 mean_len=84.5
[gat-train] update=821 samples=525440 fps=66.4 loss=1.3593 actor=-0.1460 value=1.5192 entropy=1.3892 mean_return=37.971 mean_len=85.8
[gat-train] update=822 samples=526080 fps=66.5 loss=1.3181 actor=-0.1117 value=1.4429 entropy=1.3063 mean_return=37.442 mean_len=85.2
[gat-train] update=823 samples=526720 fps=66.5 loss=0.9684 actor=-0.2090 value=1.1908 entropy=1.3475 mean_return=37.511 mean_len=85.5
[gat-train] update=824 samples=527360 fps=66.5 loss=1.3659 actor=-0.2794 value=1.6588 entropy=1.3587 mean_return=37.210 mean_len=84.9
[gat-train] update=825 samples=528000 fps=66.6 loss=1.3458 actor=0.0860 value=1.2737 entropy=1.3883 mean_return=37.215 mean_len=85.0
[gat-train] update=826 samples=528640 fps=66.6 loss=1.3981 actor=-0.2169 value=1.6294 entropy=1.4375 mean_return=37.356 mean_len=85.3
[gat-train] update=827 samples=529280 fps=66.7 loss=1.2229 actor=-0.2145 value=1.4510 entropy=1.3619 mean_return=37.012 mean_len=85.0
[gat-train] update=828 samples=529920 fps=66.7 loss=2.0446 actor=-0.2777 value=2.3367 entropy=1.4340 mean_return=36.554 mean_len=84.4
[gat-train] update=829 samples=530560 fps=66.7 loss=1.3015 actor=-0.1164 value=1.4319 entropy=1.3995 mean_return=36.711 mean_len=84.1
[gat-train] update=830 samples=531200 fps=66.8 loss=1.5484 actor=-0.4890 value=2.0512 entropy=1.3855 mean_return=36.823 mean_len=84.0
[gat-train] update=831 samples=531840 fps=66.8 loss=1.4976 actor=-0.3020 value=1.8139 entropy=1.4350 mean_return=37.171 mean_len=84.8
[gat-train] update=832 samples=532480 fps=66.8 loss=1.8731 actor=-0.3819 value=2.2690 entropy=1.4087 mean_return=37.101 mean_len=84.2
[gat-train] update=833 samples=533120 fps=66.9 loss=1.6033 actor=-0.1740 value=1.7915 entropy=1.4124 mean_return=37.291 mean_len=84.9
[gat-train] update=834 samples=533760 fps=66.9 loss=1.2857 actor=-0.3321 value=1.6321 entropy=1.4396 mean_return=37.084 mean_len=84.8
[gat-train] update=835 samples=534400 fps=66.9 loss=1.2717 actor=-0.0107 value=1.2965 entropy=1.4159 mean_return=36.851 mean_len=84.7
[gat-train] update=836 samples=535040 fps=67.0 loss=1.2237 actor=-0.2847 value=1.5227 entropy=1.4288 mean_return=37.041 mean_len=85.0
[gat-train] update=837 samples=535680 fps=67.0 loss=1.2146 actor=-0.1347 value=1.3634 entropy=1.4059 mean_return=36.983 mean_len=85.3
[gat-train] update=838 samples=536320 fps=67.1 loss=1.4737 actor=-0.2014 value=1.6895 entropy=1.4449 mean_return=36.918 mean_len=85.1
[gat-train] update=839 samples=536960 fps=67.1 loss=1.8666 actor=-0.1187 value=2.0003 entropy=1.5024 mean_return=36.822 mean_len=85.1
[gat-train] update=840 samples=537600 fps=67.1 loss=1.3954 actor=-0.0273 value=1.4371 entropy=1.4405 mean_return=37.187 mean_len=85.4
[gat-train] update=841 samples=538240 fps=67.2 loss=1.2497 actor=-0.0704 value=1.3344 entropy=1.4188 mean_return=37.416 mean_len=85.3
[gat-train] update=842 samples=538880 fps=67.2 loss=1.4515 actor=-0.4135 value=1.8795 entropy=1.4459 mean_return=37.419 mean_len=85.2
[gat-train] update=843 samples=539520 fps=67.2 loss=1.3396 actor=-0.0756 value=1.4293 entropy=1.4133 mean_return=36.827 mean_len=84.6
[gat-train] update=844 samples=540160 fps=67.3 loss=1.3609 actor=0.0292 value=1.3460 entropy=1.4342 mean_return=37.318 mean_len=85.0
[gat-train] update=845 samples=540800 fps=67.3 loss=1.4960 actor=-0.4417 value=1.9518 entropy=1.4220 mean_return=36.893 mean_len=84.4
[gat-train] update=846 samples=541440 fps=67.3 loss=1.8728 actor=-0.4096 value=2.2968 entropy=1.4423 mean_return=36.883 mean_len=84.5
[gat-train] update=847 samples=542080 fps=67.4 loss=1.3351 actor=-0.4579 value=1.8074 entropy=1.4405 mean_return=36.530 mean_len=84.4
[gat-train] update=848 samples=542720 fps=67.4 loss=2.1115 actor=-0.2413 value=2.3669 entropy=1.4112 mean_return=36.527 mean_len=84.3
[gat-train] update=849 samples=543360 fps=67.4 loss=1.3840 actor=-0.2507 value=1.6487 entropy=1.3949 mean_return=36.531 mean_len=84.0
[gat-train] update=850 samples=544000 fps=67.5 loss=1.4214 actor=-0.4414 value=1.8758 entropy=1.3024 mean_return=36.308 mean_len=83.6
[gat-train] eval update=850 torch_score=87.03 deploy_score=86.58 min=77.08 bottom10=79.47 max_regression=0.00 regressions=0 guard_rejected=0 best=86.58
[gat-train] update=851 samples=544640 fps=65.7 loss=1.3458 actor=-0.0512 value=1.4112 entropy=1.4180 mean_return=36.989 mean_len=84.6
[gat-train] update=852 samples=545280 fps=65.8 loss=1.6829 actor=-0.2575 value=1.9542 entropy=1.3758 mean_return=37.455 mean_len=85.3
[gat-train] update=853 samples=545920 fps=65.8 loss=1.7071 actor=-0.0108 value=1.7319 entropy=1.3984 mean_return=37.303 mean_len=84.8
[gat-train] update=854 samples=546560 fps=65.8 loss=1.8120 actor=-0.3544 value=2.1798 entropy=1.3385 mean_return=36.713 mean_len=84.3
[gat-train] update=855 samples=547200 fps=65.9 loss=0.9771 actor=-0.0943 value=1.0851 entropy=1.3711 mean_return=36.910 mean_len=84.8
[gat-train] update=856 samples=547840 fps=65.9 loss=1.4391 actor=-0.2873 value=1.7400 entropy=1.3613 mean_return=37.219 mean_len=84.9
[gat-train] update=857 samples=548480 fps=66.0 loss=1.4243 actor=-0.2099 value=1.6479 entropy=1.3715 mean_return=37.595 mean_len=86.2
[gat-train] update=858 samples=549120 fps=66.0 loss=1.2852 actor=-0.3029 value=1.6013 entropy=1.3156 mean_return=37.237 mean_len=85.4
[gat-train] update=859 samples=549760 fps=66.0 loss=1.1735 actor=-0.2776 value=1.4648 entropy=1.3645 mean_return=36.818 mean_len=85.1
[gat-train] update=860 samples=550400 fps=66.1 loss=1.4161 actor=-0.3568 value=1.7875 entropy=1.4535 mean_return=37.227 mean_len=85.3
[gat-train] update=861 samples=551040 fps=66.1 loss=1.3271 actor=-0.1529 value=1.4937 entropy=1.3650 mean_return=37.676 mean_len=85.7
[gat-train] update=862 samples=551680 fps=66.1 loss=1.4173 actor=-0.0340 value=1.4646 entropy=1.3388 mean_return=37.475 mean_len=85.4
[gat-train] update=863 samples=552320 fps=66.2 loss=1.8503 actor=-0.1399 value=2.0041 entropy=1.3893 mean_return=36.813 mean_len=84.8
[gat-train] update=864 samples=552960 fps=66.2 loss=1.2603 actor=-0.1951 value=1.4681 entropy=1.2642 mean_return=36.925 mean_len=83.9
[gat-train] update=865 samples=553600 fps=66.2 loss=1.7060 actor=-0.4056 value=2.1257 entropy=1.4162 mean_return=37.149 mean_len=84.7
[gat-train] update=866 samples=554240 fps=66.3 loss=1.3537 actor=-0.2845 value=1.6522 entropy=1.3963 mean_return=36.764 mean_len=84.8
[gat-train] update=867 samples=554880 fps=66.3 loss=1.5123 actor=-0.1959 value=1.7218 entropy=1.3516 mean_return=36.736 mean_len=84.8
[gat-train] update=868 samples=555520 fps=66.3 loss=1.2979 actor=-0.1348 value=1.4463 entropy=1.3548 mean_return=37.028 mean_len=85.9
[gat-train] update=869 samples=556160 fps=66.4 loss=1.2631 actor=-0.2787 value=1.5552 entropy=1.3348 mean_return=37.103 mean_len=85.4
[gat-train] update=870 samples=556800 fps=66.4 loss=1.5905 actor=-0.4192 value=2.0229 entropy=1.3302 mean_return=37.600 mean_len=85.7
[gat-train] update=871 samples=557440 fps=66.4 loss=1.4817 actor=-0.0373 value=1.5323 entropy=1.3282 mean_return=37.467 mean_len=85.2
[gat-train] update=872 samples=558080 fps=66.5 loss=1.8610 actor=-0.2045 value=2.0796 entropy=1.4088 mean_return=37.007 mean_len=83.6
[gat-train] update=873 samples=558720 fps=66.5 loss=1.6121 actor=-0.2084 value=1.8343 entropy=1.3818 mean_return=37.059 mean_len=83.3
[gat-train] update=874 samples=559360 fps=66.5 loss=1.4896 actor=-0.2711 value=1.7751 entropy=1.4417 mean_return=37.136 mean_len=83.1
[gat-train] update=875 samples=560000 fps=66.6 loss=1.6905 actor=-0.3481 value=2.0523 entropy=1.3754 mean_return=36.909 mean_len=82.4
[gat-train] update=876 samples=560640 fps=66.6 loss=1.7782 actor=-0.2563 value=2.0489 entropy=1.4429 mean_return=36.946 mean_len=82.5
[gat-train] update=877 samples=561280 fps=66.6 loss=2.0381 actor=-0.2110 value=2.2632 entropy=1.4091 mean_return=36.500 mean_len=81.5
[gat-train] update=878 samples=561920 fps=66.7 loss=1.3574 actor=0.0563 value=1.3157 entropy=1.4659 mean_return=36.819 mean_len=82.1
[gat-train] update=879 samples=562560 fps=66.7 loss=0.9324 actor=-0.1690 value=1.1154 entropy=1.4075 mean_return=37.103 mean_len=83.0
[gat-train] update=880 samples=563200 fps=66.8 loss=1.6058 actor=-0.4811 value=2.1014 entropy=1.4572 mean_return=36.774 mean_len=82.9
[gat-train] update=881 samples=563840 fps=66.8 loss=1.4361 actor=-0.2122 value=1.6625 entropy=1.4134 mean_return=36.371 mean_len=83.2
[gat-train] update=882 samples=564480 fps=66.8 loss=1.1243 actor=-0.1653 value=1.3037 entropy=1.4138 mean_return=36.417 mean_len=83.9
[gat-train] update=883 samples=565120 fps=66.9 loss=1.2878 actor=-0.4728 value=1.7745 entropy=1.3867 mean_return=36.753 mean_len=84.1
[gat-train] update=884 samples=565760 fps=66.9 loss=1.0324 actor=-0.1550 value=1.2012 entropy=1.3815 mean_return=36.596 mean_len=84.3
[gat-train] update=885 samples=566400 fps=66.9 loss=2.2669 actor=-0.3447 value=2.6255 entropy=1.3973 mean_return=36.200 mean_len=83.8
[gat-train] update=886 samples=567040 fps=67.0 loss=1.6633 actor=-0.2175 value=1.8942 entropy=1.3420 mean_return=36.646 mean_len=84.4
[gat-train] update=887 samples=567680 fps=67.0 loss=1.2269 actor=-0.1238 value=1.3646 entropy=1.3950 mean_return=36.876 mean_len=84.9
[gat-train] update=888 samples=568320 fps=67.0 loss=1.3743 actor=-0.2190 value=1.6069 entropy=1.3548 mean_return=36.980 mean_len=85.0
[gat-train] update=889 samples=568960 fps=67.1 loss=2.8708 actor=-0.0683 value=2.9529 entropy=1.3768 mean_return=36.680 mean_len=84.7
[gat-train] update=890 samples=569600 fps=67.1 loss=1.5289 actor=-0.2905 value=1.8329 entropy=1.3474 mean_return=36.662 mean_len=84.5
[gat-train] update=891 samples=570240 fps=67.1 loss=1.6278 actor=-0.1476 value=1.7887 entropy=1.3196 mean_return=36.551 mean_len=84.6
[gat-train] update=892 samples=570880 fps=67.2 loss=1.1972 actor=0.0685 value=1.1421 entropy=1.3287 mean_return=36.445 mean_len=84.6
[gat-train] update=893 samples=571520 fps=67.2 loss=1.3280 actor=-0.0311 value=1.3729 entropy=1.3841 mean_return=36.776 mean_len=84.9
[gat-train] update=894 samples=572160 fps=67.2 loss=1.5282 actor=-0.1242 value=1.6660 entropy=1.3642 mean_return=36.521 mean_len=84.4
[gat-train] update=895 samples=572800 fps=67.3 loss=1.4052 actor=-0.1989 value=1.6176 entropy=1.3526 mean_return=36.310 mean_len=83.9
[gat-train] update=896 samples=573440 fps=67.3 loss=1.2220 actor=-0.2522 value=1.4877 entropy=1.3496 mean_return=36.817 mean_len=84.1
[gat-train] update=897 samples=574080 fps=67.3 loss=1.6715 actor=-0.1903 value=1.8759 entropy=1.4071 mean_return=37.378 mean_len=85.0
[gat-train] update=898 samples=574720 fps=67.4 loss=1.7839 actor=-0.2535 value=2.0516 entropy=1.4185 mean_return=37.595 mean_len=85.0
[gat-train] update=899 samples=575360 fps=67.4 loss=1.3824 actor=-0.2335 value=1.6300 entropy=1.4037 mean_return=37.472 mean_len=84.9
[gat-train] update=900 samples=576000 fps=67.4 loss=1.5094 actor=-0.1766 value=1.6995 entropy=1.3477 mean_return=37.559 mean_len=85.1
[gat-train] eval update=900 torch_score=86.18 deploy_score=86.58 min=77.08 bottom10=79.47 max_regression=0.00 regressions=0 guard_rejected=0 best=86.58
[gat-train] update=901 samples=576640 fps=65.8 loss=1.6132 actor=-0.1557 value=1.7829 entropy=1.4011 mean_return=37.961 mean_len=85.4
[gat-train] update=902 samples=577280 fps=65.8 loss=1.2615 actor=-0.2126 value=1.4881 entropy=1.4030 mean_return=37.384 mean_len=85.2
[gat-train] update=903 samples=577920 fps=65.9 loss=1.0440 actor=-0.0942 value=1.1521 entropy=1.3925 mean_return=37.769 mean_len=85.4
[gat-train] update=904 samples=578560 fps=65.9 loss=1.5298 actor=-0.2061 value=1.7493 entropy=1.3434 mean_return=37.577 mean_len=84.7
[gat-train] update=905 samples=579200 fps=65.9 loss=1.4608 actor=-0.2635 value=1.7385 entropy=1.4169 mean_return=38.093 mean_len=85.8
[gat-train] update=906 samples=579840 fps=66.0 loss=1.1573 actor=-0.0515 value=1.2228 entropy=1.4007 mean_return=38.287 mean_len=85.7
[gat-train] update=907 samples=580480 fps=66.0 loss=2.0146 actor=-0.5574 value=2.5861 entropy=1.4219 mean_return=37.848 mean_len=85.3
[gat-train] update=908 samples=581120 fps=66.0 loss=1.3343 actor=-0.2569 value=1.6051 entropy=1.3889 mean_return=37.985 mean_len=85.3
[gat-train] update=909 samples=581760 fps=66.1 loss=1.1773 actor=0.0199 value=1.1709 entropy=1.3536 mean_return=38.211 mean_len=85.8
[gat-train] update=910 samples=582400 fps=66.1 loss=1.2796 actor=-0.0821 value=1.3752 entropy=1.3446 mean_return=38.256 mean_len=85.6
[gat-train] update=911 samples=583040 fps=66.1 loss=1.1195 actor=0.0356 value=1.0969 entropy=1.3052 mean_return=38.113 mean_len=85.9
[gat-train] update=912 samples=583680 fps=66.2 loss=1.4295 actor=-0.1838 value=1.6268 entropy=1.3536 mean_return=38.266 mean_len=85.7
[gat-train] update=913 samples=584320 fps=66.2 loss=1.2925 actor=-0.0953 value=1.4018 entropy=1.3954 mean_return=38.188 mean_len=85.6
[gat-train] update=914 samples=584960 fps=66.2 loss=1.3084 actor=-0.2717 value=1.5942 entropy=1.4093 mean_return=37.996 mean_len=85.4
[gat-train] update=915 samples=585600 fps=66.3 loss=1.5713 actor=-0.2219 value=1.8071 entropy=1.3885 mean_return=38.123 mean_len=85.9
[gat-train] update=916 samples=586240 fps=66.3 loss=1.5551 actor=-0.1377 value=1.7059 entropy=1.3135 mean_return=38.090 mean_len=85.4
[gat-train] update=917 samples=586880 fps=66.3 loss=1.5937 actor=-0.1761 value=1.7842 entropy=1.4456 mean_return=38.398 mean_len=86.1
[gat-train] update=918 samples=587520 fps=66.4 loss=1.2284 actor=-0.2172 value=1.4590 entropy=1.3306 mean_return=37.914 mean_len=85.4
[gat-train] update=919 samples=588160 fps=66.4 loss=1.2181 actor=-0.2763 value=1.5084 entropy=1.3989 mean_return=37.532 mean_len=85.6
[gat-train] update=920 samples=588800 fps=66.4 loss=1.5245 actor=-0.2370 value=1.7757 entropy=1.4156 mean_return=37.412 mean_len=85.2
[gat-train] update=921 samples=589440 fps=66.5 loss=1.3876 actor=-0.1477 value=1.5485 entropy=1.3157 mean_return=37.525 mean_len=85.0
[gat-train] update=922 samples=590080 fps=66.5 loss=1.5569 actor=-0.1505 value=1.7208 entropy=1.3388 mean_return=37.365 mean_len=84.7
[gat-train] update=923 samples=590720 fps=66.5 loss=1.5327 actor=0.0577 value=1.4885 entropy=1.3494 mean_return=37.353 mean_len=84.8
[gat-train] update=924 samples=591360 fps=66.6 loss=1.4985 actor=-0.1008 value=1.6131 entropy=1.3887 mean_return=37.483 mean_len=85.0
[gat-train] update=925 samples=592000 fps=66.6 loss=1.4078 actor=-0.2429 value=1.6644 entropy=1.3648 mean_return=37.424 mean_len=84.6
[gat-train] update=926 samples=592640 fps=66.6 loss=2.0052 actor=-0.1903 value=2.2093 entropy=1.3710 mean_return=37.236 mean_len=84.2
[gat-train] update=927 samples=593280 fps=66.6 loss=1.0847 actor=-0.0005 value=1.0997 entropy=1.4486 mean_return=37.438 mean_len=84.4
[gat-train] update=928 samples=593920 fps=66.7 loss=1.1249 actor=-0.1376 value=1.2765 entropy=1.4104 mean_return=37.910 mean_len=85.4
[gat-train] update=929 samples=594560 fps=66.7 loss=1.1884 actor=-0.2022 value=1.4042 entropy=1.3617 mean_return=37.643 mean_len=85.2
[gat-train] update=930 samples=595200 fps=66.7 loss=1.5315 actor=-0.0560 value=1.6011 entropy=1.3675 mean_return=37.491 mean_len=84.6
[gat-train] update=931 samples=595840 fps=66.8 loss=1.3835 actor=-0.2520 value=1.6494 entropy=1.3860 mean_return=37.116 mean_len=83.9
[gat-train] update=932 samples=596480 fps=66.8 loss=1.2842 actor=-0.0597 value=1.3578 entropy=1.3929 mean_return=37.129 mean_len=84.2
[gat-train] update=933 samples=597120 fps=66.8 loss=1.8000 actor=-0.1250 value=1.9392 entropy=1.4244 mean_return=37.470 mean_len=84.6
[gat-train] update=934 samples=597760 fps=66.9 loss=1.3294 actor=-0.2399 value=1.5835 entropy=1.4232 mean_return=37.532 mean_len=85.0
[gat-train] update=935 samples=598400 fps=66.9 loss=1.2122 actor=-0.3330 value=1.5594 entropy=1.4146 mean_return=37.645 mean_len=84.7
[gat-train] update=936 samples=599040 fps=66.9 loss=1.5766 actor=-0.2201 value=1.8106 entropy=1.3865 mean_return=37.441 mean_len=84.5
[gat-train] update=937 samples=599680 fps=67.0 loss=1.4602 actor=-0.3820 value=1.8559 entropy=1.3727 mean_return=38.083 mean_len=85.9
[gat-train] update=938 samples=600320 fps=67.0 loss=1.0618 actor=-0.0862 value=1.1618 entropy=1.3739 mean_return=38.154 mean_len=85.6
[gat-train] update=939 samples=600960 fps=67.0 loss=1.4613 actor=-0.3111 value=1.7861 entropy=1.3688 mean_return=37.939 mean_len=85.6
[gat-train] update=940 samples=601600 fps=67.1 loss=1.3565 actor=-0.2396 value=1.6102 entropy=1.4040 mean_return=37.894 mean_len=85.2
[gat-train] update=941 samples=602240 fps=67.1 loss=1.7694 actor=-0.2821 value=2.0655 entropy=1.4057 mean_return=37.292 mean_len=84.8
[gat-train] update=942 samples=602880 fps=67.1 loss=1.2479 actor=-0.1549 value=1.4169 entropy=1.4104 mean_return=37.124 mean_len=85.1
[gat-train] update=943 samples=603520 fps=67.2 loss=6.3494 actor=-0.3091 value=6.6723 entropy=1.3868 mean_return=36.567 mean_len=84.1
[gat-train] update=944 samples=604160 fps=67.2 loss=1.4479 actor=-0.1874 value=1.6491 entropy=1.3831 mean_return=36.550 mean_len=84.0
[gat-train] update=945 samples=604800 fps=67.2 loss=1.4483 actor=-0.0493 value=1.5115 entropy=1.3872 mean_return=36.493 mean_len=84.0
[gat-train] update=946 samples=605440 fps=67.3 loss=1.2935 actor=-0.1386 value=1.4463 entropy=1.4303 mean_return=36.518 mean_len=84.1
[gat-train] update=947 samples=606080 fps=67.3 loss=1.2696 actor=-0.0390 value=1.3228 entropy=1.4261 mean_return=36.753 mean_len=84.4
[gat-train] update=948 samples=606720 fps=67.3 loss=2.5558 actor=-0.3048 value=2.8745 entropy=1.3885 mean_return=36.657 mean_len=83.6
[gat-train] update=949 samples=607360 fps=67.3 loss=1.5870 actor=-0.2168 value=1.8176 entropy=1.3783 mean_return=36.938 mean_len=84.1
[gat-train] update=950 samples=608000 fps=67.4 loss=1.1405 actor=-0.0816 value=1.2356 entropy=1.3446 mean_return=36.951 mean_len=84.3
[gat-train] eval update=950 torch_score=85.79 deploy_score=86.58 min=77.08 bottom10=79.47 max_regression=0.00 regressions=0 guard_rejected=0 best=86.58
[gat-train] update=951 samples=608640 fps=65.8 loss=0.9854 actor=-0.2516 value=1.2506 entropy=1.3611 mean_return=37.556 mean_len=85.7
[gat-train] update=952 samples=609280 fps=65.9 loss=1.6132 actor=-0.1092 value=1.7354 entropy=1.3056 mean_return=37.223 mean_len=85.0
[gat-train] update=953 samples=609920 fps=65.9 loss=1.9499 actor=-0.3537 value=2.3172 entropy=1.3643 mean_return=37.045 mean_len=84.3
[gat-train] update=954 samples=610560 fps=65.9 loss=1.1658 actor=-0.2799 value=1.4594 entropy=1.3707 mean_return=37.131 mean_len=85.2
[gat-train] update=955 samples=611200 fps=66.0 loss=1.4745 actor=-0.1411 value=1.6292 entropy=1.3547 mean_return=36.835 mean_len=85.1
[gat-train] update=956 samples=611840 fps=66.0 loss=1.3115 actor=-0.3002 value=1.6253 entropy=1.3493 mean_return=36.482 mean_len=84.2
[gat-train] update=957 samples=612480 fps=66.0 loss=1.2277 actor=-0.0915 value=1.3327 entropy=1.3500 mean_return=36.972 mean_len=84.3
[gat-train] update=958 samples=613120 fps=66.1 loss=1.7918 actor=-0.2017 value=2.0073 entropy=1.3791 mean_return=37.210 mean_len=84.6
[gat-train] update=959 samples=613760 fps=66.1 loss=1.3647 actor=-0.0056 value=1.3839 entropy=1.3632 mean_return=37.423 mean_len=85.2
[gat-train] update=960 samples=614400 fps=66.1 loss=1.3496 actor=-0.0030 value=1.3665 entropy=1.3907 mean_return=37.356 mean_len=84.8
[gat-train] update=961 samples=615040 fps=66.2 loss=1.1486 actor=-0.1107 value=1.2729 entropy=1.3646 mean_return=37.423 mean_len=85.0
[gat-train] update=962 samples=615680 fps=66.2 loss=1.1236 actor=-0.2807 value=1.4181 entropy=1.3823 mean_return=37.994 mean_len=85.5
[gat-train] update=963 samples=616320 fps=66.2 loss=1.3284 actor=0.1989 value=1.1433 entropy=1.3849 mean_return=38.040 mean_len=85.5
[gat-train] update=964 samples=616960 fps=66.3 loss=1.0132 actor=-0.3787 value=1.4062 entropy=1.4340 mean_return=37.692 mean_len=85.2
[gat-train] update=965 samples=617600 fps=66.3 loss=1.8152 actor=-0.0791 value=1.9092 entropy=1.4814 mean_return=37.930 mean_len=85.5
[gat-train] update=966 samples=618240 fps=66.3 loss=1.1893 actor=-0.1861 value=1.3901 entropy=1.4763 mean_return=38.085 mean_len=85.7
[gat-train] update=967 samples=618880 fps=66.4 loss=1.4191 actor=-0.2219 value=1.6556 entropy=1.4553 mean_return=38.395 mean_len=85.8
[gat-train] update=968 samples=619520 fps=66.4 loss=1.5703 actor=-0.1504 value=1.7352 entropy=1.4471 mean_return=38.080 mean_len=85.1
[gat-train] update=969 samples=620160 fps=66.4 loss=1.4480 actor=0.0036 value=1.4595 entropy=1.5141 mean_return=38.058 mean_len=85.6
[gat-train] update=970 samples=620800 fps=66.4 loss=1.2333 actor=-0.2026 value=1.4509 entropy=1.4963 mean_return=38.253 mean_len=85.4
[gat-train] update=971 samples=621440 fps=66.5 loss=1.6434 actor=-0.4557 value=2.1141 entropy=1.5017 mean_return=37.771 mean_len=84.4
[gat-train] update=972 samples=622080 fps=66.5 loss=1.6733 actor=-0.2965 value=1.9848 entropy=1.4965 mean_return=37.900 mean_len=84.8
[gat-train] update=973 samples=622720 fps=66.5 loss=1.4509 actor=-0.2649 value=1.7306 entropy=1.4722 mean_return=37.415 mean_len=84.4
[gat-train] update=974 samples=623360 fps=66.6 loss=0.9077 actor=-0.3340 value=1.2565 entropy=1.4802 mean_return=37.436 mean_len=84.6
[gat-train] update=975 samples=624000 fps=66.6 loss=1.5788 actor=-0.2142 value=1.8083 entropy=1.5226 mean_return=37.328 mean_len=84.3
[gat-train] update=976 samples=624640 fps=66.6 loss=1.8290 actor=-0.4047 value=2.2487 entropy=1.4942 mean_return=37.118 mean_len=84.5
[gat-train] update=977 samples=625280 fps=66.7 loss=1.6664 actor=-0.3313 value=2.0129 entropy=1.5160 mean_return=36.921 mean_len=84.5
[gat-train] update=978 samples=625920 fps=66.7 loss=1.6339 actor=-0.3630 value=2.0112 entropy=1.4243 mean_return=36.311 mean_len=83.2
[gat-train] update=979 samples=626560 fps=66.7 loss=1.2386 actor=0.0483 value=1.2043 entropy=1.4007 mean_return=36.423 mean_len=83.0
[gat-train] update=980 samples=627200 fps=66.8 loss=1.7667 actor=-0.4796 value=2.2607 entropy=1.4382 mean_return=36.357 mean_len=82.8
[gat-train] update=981 samples=627840 fps=66.8 loss=1.3264 actor=0.0025 value=1.3382 entropy=1.4391 mean_return=36.384 mean_len=82.7
[gat-train] update=982 samples=628480 fps=66.8 loss=1.6586 actor=-0.3720 value=2.0451 entropy=1.4461 mean_return=36.286 mean_len=82.5
[gat-train] update=983 samples=629120 fps=66.9 loss=2.7312 actor=-0.3198 value=3.0651 entropy=1.4058 mean_return=35.867 mean_len=82.1
[gat-train] update=984 samples=629760 fps=66.9 loss=1.4454 actor=-0.3539 value=1.8134 entropy=1.4126 mean_return=35.521 mean_len=81.4
[gat-train] update=985 samples=630400 fps=66.9 loss=1.3629 actor=-0.0669 value=1.4438 entropy=1.4017 mean_return=35.914 mean_len=82.1
[gat-train] update=986 samples=631040 fps=66.9 loss=1.2302 actor=-0.1342 value=1.3783 entropy=1.3919 mean_return=35.825 mean_len=82.5
[gat-train] update=987 samples=631680 fps=67.0 loss=2.1046 actor=-0.6368 value=2.7555 entropy=1.4072 mean_return=35.712 mean_len=82.2
[gat-train] update=988 samples=632320 fps=67.0 loss=1.5140 actor=-0.2166 value=1.7441 entropy=1.3526 mean_return=35.347 mean_len=82.3
[gat-train] update=989 samples=632960 fps=67.0 loss=1.2273 actor=-0.3465 value=1.5878 entropy=1.4037 mean_return=35.967 mean_len=82.7
[gat-train] update=990 samples=633600 fps=67.1 loss=1.1039 actor=-0.1476 value=1.2650 entropy=1.3507 mean_return=36.346 mean_len=83.8
[gat-train] update=991 samples=634240 fps=67.1 loss=1.3279 actor=-0.0241 value=1.3657 entropy=1.3633 mean_return=36.741 mean_len=84.5
[gat-train] update=992 samples=634880 fps=67.1 loss=1.1517 actor=-0.0986 value=1.2631 entropy=1.2787 mean_return=37.159 mean_len=85.0
[gat-train] update=993 samples=635520 fps=67.2 loss=1.4574 actor=-0.1895 value=1.6610 entropy=1.4005 mean_return=37.253 mean_len=85.4
[gat-train] update=994 samples=636160 fps=67.2 loss=1.3407 actor=-0.1888 value=1.5430 entropy=1.3440 mean_return=37.147 mean_len=85.5
[gat-train] update=995 samples=636800 fps=67.2 loss=1.5575 actor=-0.0880 value=1.6597 entropy=1.4193 mean_return=37.487 mean_len=85.5
[gat-train] update=996 samples=637440 fps=67.2 loss=1.4182 actor=-0.1857 value=1.6176 entropy=1.3641 mean_return=37.288 mean_len=85.3
[gat-train] update=997 samples=638080 fps=67.3 loss=1.2985 actor=-0.2254 value=1.5373 entropy=1.3396 mean_return=37.368 mean_len=85.7
[gat-train] update=998 samples=638720 fps=67.3 loss=2.0997 actor=-0.2604 value=2.3740 entropy=1.3923 mean_return=37.009 mean_len=84.6
[gat-train] update=999 samples=639360 fps=67.3 loss=1.3382 actor=0.1098 value=1.2424 entropy=1.4017 mean_return=36.927 mean_len=84.5
[gat-train] update=1000 samples=640000 fps=67.4 loss=1.2454 actor=-0.2647 value=1.5239 entropy=1.3846 mean_return=36.789 mean_len=84.4
[gat-train] eval update=1000 torch_score=85.42 deploy_score=86.58 min=77.08 bottom10=79.47 max_regression=0.00 regressions=0 guard_rejected=0 best=86.58
[gat-train] update=1001 samples=640640 fps=65.9 loss=1.6574 actor=-0.4566 value=2.1277 entropy=1.3785 mean_return=37.694 mean_len=85.3
[gat-train] update=1002 samples=641280 fps=65.9 loss=1.5570 actor=-0.0763 value=1.6465 entropy=1.3167 mean_return=37.452 mean_len=84.3
[gat-train] update=1003 samples=641920 fps=66.0 loss=1.7886 actor=-0.3132 value=2.1160 entropy=1.4190 mean_return=37.023 mean_len=83.0
[gat-train] update=1004 samples=642560 fps=66.0 loss=0.9899 actor=-0.1314 value=1.1349 entropy=1.3656 mean_return=37.058 mean_len=83.5
[gat-train] update=1005 samples=643200 fps=66.0 loss=1.3734 actor=-0.1073 value=1.4940 entropy=1.3339 mean_return=37.445 mean_len=84.2
[gat-train] update=1006 samples=643840 fps=66.1 loss=1.5401 actor=-0.1039 value=1.6577 entropy=1.3676 mean_return=37.120 mean_len=83.7
[gat-train] update=1007 samples=644480 fps=66.1 loss=1.8989 actor=-0.1216 value=2.0340 entropy=1.3499 mean_return=37.324 mean_len=84.2
[gat-train] update=1008 samples=645120 fps=66.1 loss=0.9467 actor=-0.1895 value=1.1496 entropy=1.3332 mean_return=37.265 mean_len=84.0
[gat-train] update=1009 samples=645760 fps=66.2 loss=1.3304 actor=-0.1266 value=1.4707 entropy=1.3658 mean_return=37.462 mean_len=84.6
[gat-train] update=1010 samples=646400 fps=66.2 loss=1.4732 actor=-0.0184 value=1.5053 entropy=1.3726 mean_return=38.132 mean_len=85.7
[gat-train] update=1011 samples=647040 fps=66.2 loss=5.4379 actor=-0.2522 value=5.7035 entropy=1.3381 mean_return=37.241 mean_len=84.6
[gat-train] update=1012 samples=647680 fps=66.2 loss=1.6053 actor=-0.1679 value=1.7872 entropy=1.4025 mean_return=37.174 mean_len=84.4
[gat-train] update=1013 samples=648320 fps=66.3 loss=1.0748 actor=-0.2069 value=1.2958 entropy=1.4130 mean_return=37.097 mean_len=84.5
[gat-train] update=1014 samples=648960 fps=66.3 loss=1.1715 actor=0.0234 value=1.1620 entropy=1.3946 mean_return=37.085 mean_len=84.4
[gat-train] update=1015 samples=649600 fps=66.3 loss=1.6153 actor=-0.5834 value=2.2125 entropy=1.3811 mean_return=36.854 mean_len=84.0
[gat-train] update=1016 samples=650240 fps=66.4 loss=1.3927 actor=-0.0712 value=1.4782 entropy=1.4216 mean_return=37.196 mean_len=84.3
[gat-train] update=1017 samples=650880 fps=66.4 loss=1.4037 actor=-0.3556 value=1.7736 entropy=1.4202 mean_return=36.875 mean_len=84.1
[gat-train] update=1018 samples=651520 fps=66.4 loss=1.3977 actor=-0.2675 value=1.6798 entropy=1.4632 mean_return=37.698 mean_len=85.0
[gat-train] update=1019 samples=652160 fps=66.5 loss=1.4748 actor=-0.1745 value=1.6637 entropy=1.4427 mean_return=37.957 mean_len=85.9
[gat-train] update=1020 samples=652800 fps=66.5 loss=1.4615 actor=-0.4332 value=1.9092 entropy=1.4462 mean_return=37.658 mean_len=85.3
[gat-train] update=1021 samples=653440 fps=66.5 loss=1.4264 actor=-0.1253 value=1.5659 entropy=1.4276 mean_return=38.088 mean_len=86.1
[gat-train] update=1022 samples=654080 fps=66.5 loss=1.2565 actor=-0.1886 value=1.4598 entropy=1.4669 mean_return=38.002 mean_len=86.4
[gat-train] update=1023 samples=654720 fps=66.6 loss=0.9608 actor=-0.0459 value=1.0214 entropy=1.4742 mean_return=37.888 mean_len=86.4
[gat-train] update=1024 samples=655360 fps=66.6 loss=1.3491 actor=-0.4703 value=1.8343 entropy=1.4866 mean_return=38.109 mean_len=86.3
[gat-train] update=1025 samples=656000 fps=66.6 loss=1.2169 actor=-0.1962 value=1.4275 entropy=1.4380 mean_return=38.014 mean_len=86.1
[gat-train] update=1026 samples=656640 fps=66.7 loss=1.3245 actor=-0.4000 value=1.7395 entropy=1.4942 mean_return=37.636 mean_len=85.6
[gat-train] update=1027 samples=657280 fps=66.7 loss=0.9505 actor=-0.1533 value=1.1181 entropy=1.4244 mean_return=37.591 mean_len=85.4
[gat-train] update=1028 samples=657920 fps=66.7 loss=1.3209 actor=-0.2118 value=1.5478 entropy=1.5081 mean_return=37.237 mean_len=85.0
[gat-train] update=1029 samples=658560 fps=66.7 loss=1.4465 actor=-0.0748 value=1.5354 entropy=1.4126 mean_return=37.566 mean_len=84.8
[gat-train] update=1030 samples=659200 fps=66.8 loss=1.4935 actor=-0.3168 value=1.8246 entropy=1.4352 mean_return=37.328 mean_len=85.3
[gat-train] update=1031 samples=659840 fps=66.8 loss=1.7192 actor=-0.1434 value=1.8766 entropy=1.3941 mean_return=37.149 mean_len=84.6
[gat-train] update=1032 samples=660480 fps=66.8 loss=2.4045 actor=-0.6578 value=3.0763 entropy=1.3949 mean_return=36.844 mean_len=83.9
[gat-train] update=1033 samples=661120 fps=66.9 loss=1.4252 actor=-0.0972 value=1.5360 entropy=1.3500 mean_return=37.193 mean_len=84.5
[gat-train] update=1034 samples=661760 fps=66.9 loss=1.6295 actor=-0.1463 value=1.7898 entropy=1.3950 mean_return=37.070 mean_len=83.6
[gat-train] update=1035 samples=662400 fps=66.9 loss=1.5954 actor=-0.2663 value=1.8760 entropy=1.4311 mean_return=36.801 mean_len=83.6
[gat-train] update=1036 samples=663040 fps=66.9 loss=1.5248 actor=-0.1856 value=1.7238 entropy=1.3354 mean_return=36.724 mean_len=83.4
[gat-train] update=1037 samples=663680 fps=67.0 loss=1.2156 actor=0.0978 value=1.1314 entropy=1.3635 mean_return=36.837 mean_len=83.4
[gat-train] update=1038 samples=664320 fps=67.0 loss=1.3169 actor=-0.1802 value=1.5107 entropy=1.3595 mean_return=37.464 mean_len=84.9
[gat-train] update=1039 samples=664960 fps=67.0 loss=1.5770 actor=-0.1443 value=1.7349 entropy=1.3604 mean_return=37.549 mean_len=85.1
[gat-train] update=1040 samples=665600 fps=67.1 loss=1.1829 actor=-0.2456 value=1.4428 entropy=1.4248 mean_return=37.219 mean_len=84.7
[gat-train] update=1041 samples=666240 fps=67.1 loss=1.3707 actor=-0.2417 value=1.6261 entropy=1.3752 mean_return=37.275 mean_len=85.4
[gat-train] update=1042 samples=666880 fps=67.1 loss=1.3192 actor=-0.2589 value=1.5914 entropy=1.3292 mean_return=36.933 mean_len=84.1
[gat-train] update=1043 samples=667520 fps=67.1 loss=1.3789 actor=-0.0789 value=1.4717 entropy=1.3846 mean_return=37.161 mean_len=84.0
[gat-train] update=1044 samples=668160 fps=67.2 loss=1.2929 actor=-0.1871 value=1.4940 entropy=1.4004 mean_return=37.308 mean_len=84.2
[gat-train] update=1045 samples=668800 fps=67.2 loss=1.3741 actor=-0.3143 value=1.7019 entropy=1.3466 mean_return=36.959 mean_len=83.3
[gat-train] update=1046 samples=669440 fps=67.2 loss=1.2923 actor=0.0047 value=1.3016 entropy=1.4067 mean_return=36.937 mean_len=83.2
[gat-train] update=1047 samples=670080 fps=67.3 loss=1.2393 actor=-0.0558 value=1.3087 entropy=1.3627 mean_return=37.200 mean_len=83.6
[gat-train] update=1048 samples=670720 fps=67.3 loss=1.5195 actor=-0.1096 value=1.6427 entropy=1.3680 mean_return=37.479 mean_len=83.9
[gat-train] update=1049 samples=671360 fps=67.3 loss=1.4822 actor=-0.2304 value=1.7266 entropy=1.3999 mean_return=37.593 mean_len=84.4
[gat-train] update=1050 samples=672000 fps=67.3 loss=1.5651 actor=-0.2652 value=1.8441 entropy=1.3710 mean_return=37.097 mean_len=83.6
[gat-train] eval update=1050 torch_score=85.63 deploy_score=86.58 min=77.08 bottom10=79.47 max_regression=0.00 regressions=0 guard_rejected=0 best=86.58
[gat-train] update=1051 samples=672640 fps=65.9 loss=1.2072 actor=-0.0999 value=1.3212 entropy=1.4175 mean_return=37.015 mean_len=83.2
[gat-train] update=1052 samples=673280 fps=66.0 loss=1.2560 actor=-0.2713 value=1.5418 entropy=1.4461 mean_return=37.054 mean_len=83.9
[gat-train] update=1053 samples=673920 fps=66.0 loss=1.3215 actor=-0.0912 value=1.4264 entropy=1.3757 mean_return=37.046 mean_len=83.8
[gat-train] update=1054 samples=674560 fps=66.0 loss=1.5178 actor=-0.0801 value=1.6117 entropy=1.3773 mean_return=37.668 mean_len=85.0
[gat-train] update=1055 samples=675200 fps=66.1 loss=1.2109 actor=-0.2166 value=1.4415 entropy=1.4084 mean_return=37.363 mean_len=84.5
[gat-train] update=1056 samples=675840 fps=66.1 loss=1.1401 actor=-0.2965 value=1.4509 entropy=1.4241 mean_return=37.575 mean_len=84.9
[gat-train] update=1057 samples=676480 fps=66.1 loss=1.4913 actor=-0.2286 value=1.7331 entropy=1.3184 mean_return=38.088 mean_len=85.7
[gat-train] update=1058 samples=677120 fps=66.1 loss=1.0007 actor=-0.4260 value=1.4404 entropy=1.3702 mean_return=38.186 mean_len=85.3
[gat-train] update=1059 samples=677760 fps=66.2 loss=1.3612 actor=-0.1894 value=1.5646 entropy=1.3916 mean_return=38.610 mean_len=86.3
[gat-train] update=1060 samples=678400 fps=66.2 loss=1.5526 actor=-0.2807 value=1.8470 entropy=1.3628 mean_return=37.833 mean_len=84.9
[gat-train] update=1061 samples=679040 fps=66.2 loss=1.1581 actor=-0.2800 value=1.4518 entropy=1.3707 mean_return=38.127 mean_len=85.0
[gat-train] update=1062 samples=679680 fps=66.3 loss=1.1487 actor=-0.2215 value=1.3845 entropy=1.4353 mean_return=37.703 mean_len=84.8
[gat-train] update=1063 samples=680320 fps=66.3 loss=1.4960 actor=-0.0050 value=1.5148 entropy=1.3819 mean_return=37.479 mean_len=84.2
[gat-train] update=1064 samples=680960 fps=66.3 loss=1.1335 actor=-0.1015 value=1.2484 entropy=1.3402 mean_return=37.334 mean_len=84.1
[gat-train] update=1065 samples=681600 fps=66.3 loss=1.5569 actor=-0.0594 value=1.6293 entropy=1.3090 mean_return=37.320 mean_len=84.6
[gat-train] update=1066 samples=682240 fps=66.4 loss=1.3529 actor=-0.3425 value=1.7093 entropy=1.3985 mean_return=37.002 mean_len=84.2
[gat-train] update=1067 samples=682880 fps=66.4 loss=1.0334 actor=-0.2383 value=1.2854 entropy=1.3600 mean_return=37.200 mean_len=84.6
[gat-train] update=1068 samples=683520 fps=66.4 loss=1.1290 actor=-0.1196 value=1.2624 entropy=1.3759 mean_return=37.128 mean_len=84.6
[gat-train] update=1069 samples=684160 fps=66.5 loss=1.4777 actor=-0.0414 value=1.5327 entropy=1.3578 mean_return=37.306 mean_len=84.9
[gat-train] update=1070 samples=684800 fps=66.5 loss=1.4711 actor=-0.1336 value=1.6184 entropy=1.3705 mean_return=37.430 mean_len=84.8
[gat-train] update=1071 samples=685440 fps=66.5 loss=1.4218 actor=-0.1882 value=1.6238 entropy=1.3879 mean_return=37.826 mean_len=85.4
[gat-train] update=1072 samples=686080 fps=66.5 loss=1.5807 actor=0.0050 value=1.5890 entropy=1.3216 mean_return=37.982 mean_len=85.4
[gat-train] update=1073 samples=686720 fps=66.6 loss=0.9839 actor=-0.2379 value=1.2357 entropy=1.3887 mean_return=38.220 mean_len=85.4
[gat-train] update=1074 samples=687360 fps=66.6 loss=1.3842 actor=-0.1644 value=1.5623 entropy=1.3666 mean_return=37.990 mean_len=85.2
[gat-train] update=1075 samples=688000 fps=66.6 loss=1.5494 actor=-0.2943 value=1.8573 entropy=1.3486 mean_return=38.141 mean_len=85.3
[gat-train] update=1076 samples=688640 fps=66.6 loss=1.6319 actor=-0.3119 value=1.9577 entropy=1.3839 mean_return=38.038 mean_len=85.5
[gat-train] update=1077 samples=689280 fps=66.7 loss=1.1295 actor=-0.4767 value=1.6200 entropy=1.3770 mean_return=37.890 mean_len=85.1
[gat-train] update=1078 samples=689920 fps=66.7 loss=1.3126 actor=-0.3937 value=1.7204 entropy=1.4122 mean_return=38.227 mean_len=85.7
[gat-train] update=1079 samples=690560 fps=66.7 loss=0.9753 actor=-0.0849 value=1.0735 entropy=1.3287 mean_return=37.839 mean_len=85.2
[gat-train] update=1080 samples=691200 fps=66.8 loss=1.3714 actor=-0.0008 value=1.3860 entropy=1.3757 mean_return=38.227 mean_len=85.8
[gat-train] update=1081 samples=691840 fps=66.8 loss=0.9180 actor=-0.3300 value=1.2613 entropy=1.3273 mean_return=38.278 mean_len=85.9
[gat-train] update=1082 samples=692480 fps=66.8 loss=8.0181 actor=-0.2686 value=8.2997 entropy=1.2954 mean_return=36.996 mean_len=84.4
[gat-train] update=1083 samples=693120 fps=66.8 loss=1.7777 actor=-0.1598 value=1.9512 entropy=1.3729 mean_return=36.504 mean_len=83.3
[gat-train] update=1084 samples=693760 fps=66.9 loss=1.2583 actor=-0.0478 value=1.3196 entropy=1.3365 mean_return=36.074 mean_len=82.9
[gat-train] update=1085 samples=694400 fps=66.9 loss=1.8695 actor=-0.3358 value=2.2192 entropy=1.3781 mean_return=35.705 mean_len=82.5
[gat-train] update=1086 samples=695040 fps=66.9 loss=1.1723 actor=0.2398 value=0.9458 entropy=1.3196 mean_return=35.914 mean_len=83.0
[gat-train] update=1087 samples=695680 fps=67.0 loss=1.5111 actor=-0.2449 value=1.7697 entropy=1.3685 mean_return=35.553 mean_len=82.1
[gat-train] update=1088 samples=696320 fps=67.0 loss=1.0860 actor=-0.1188 value=1.2184 entropy=1.3634 mean_return=35.559 mean_len=82.4
[gat-train] update=1089 samples=696960 fps=67.0 loss=0.9322 actor=-0.1414 value=1.0870 entropy=1.3412 mean_return=36.366 mean_len=83.5
[gat-train] update=1090 samples=697600 fps=67.0 loss=1.2276 actor=-0.3462 value=1.5875 entropy=1.3659 mean_return=36.497 mean_len=83.6
[gat-train] update=1091 samples=698240 fps=67.1 loss=1.3203 actor=-0.4180 value=1.7520 entropy=1.3692 mean_return=36.887 mean_len=84.4
[gat-train] update=1092 samples=698880 fps=67.1 loss=1.7551 actor=-0.1279 value=1.8964 entropy=1.3402 mean_return=37.035 mean_len=84.2
[gat-train] update=1093 samples=699520 fps=67.1 loss=1.5192 actor=-0.1480 value=1.6807 entropy=1.3509 mean_return=37.051 mean_len=84.6
[gat-train] update=1094 samples=700160 fps=67.1 loss=1.3342 actor=-0.4345 value=1.7825 entropy=1.3821 mean_return=36.978 mean_len=83.9
[gat-train] update=1095 samples=700800 fps=67.2 loss=1.0404 actor=-0.1428 value=1.1969 entropy=1.3776 mean_return=36.959 mean_len=84.2
[gat-train] update=1096 samples=701440 fps=67.2 loss=1.1178 actor=-0.2156 value=1.3472 entropy=1.3786 mean_return=37.046 mean_len=84.4
[gat-train] update=1097 samples=702080 fps=67.2 loss=1.1749 actor=-0.0612 value=1.2495 entropy=1.3358 mean_return=37.246 mean_len=84.7
[gat-train] update=1098 samples=702720 fps=67.3 loss=1.8949 actor=-0.0212 value=1.9294 entropy=1.3380 mean_return=37.382 mean_len=85.2
[gat-train] update=1099 samples=703360 fps=67.3 loss=1.7763 actor=-0.3113 value=2.1005 entropy=1.2998 mean_return=37.488 mean_len=84.4
[gat-train] update=1100 samples=704000 fps=67.3 loss=1.5325 actor=-0.1647 value=1.7103 entropy=1.3104 mean_return=37.510 mean_len=84.6
[gat-train] eval update=1100 torch_score=85.78 deploy_score=86.58 min=77.08 bottom10=79.47 max_regression=0.00 regressions=0 guard_rejected=0 best=86.58
[gat-train] update=1101 samples=704640 fps=66.0 loss=1.5462 actor=-0.3467 value=1.9067 entropy=1.3783 mean_return=37.574 mean_len=84.8
[gat-train] update=1102 samples=705280 fps=66.0 loss=1.0831 actor=-0.0327 value=1.1295 entropy=1.3727 mean_return=37.764 mean_len=84.8
[gat-train] update=1103 samples=705920 fps=66.0 loss=0.8658 actor=-0.2449 value=1.1242 entropy=1.3437 mean_return=37.733 mean_len=84.9
[gat-train] update=1104 samples=706560 fps=66.1 loss=1.0718 actor=-0.0710 value=1.1563 entropy=1.3535 mean_return=37.870 mean_len=85.1
[gat-train] update=1105 samples=707200 fps=66.1 loss=0.9765 actor=-0.3490 value=1.3393 entropy=1.3726 mean_return=38.036 mean_len=86.1
[gat-train] update=1106 samples=707840 fps=66.1 loss=1.3626 actor=-0.1808 value=1.5570 entropy=1.3580 mean_return=37.562 mean_len=86.1
[gat-train] update=1107 samples=708480 fps=66.1 loss=1.9293 actor=-0.4506 value=2.3939 entropy=1.3942 mean_return=37.173 mean_len=85.3
[gat-train] update=1108 samples=709120 fps=66.2 loss=1.1988 actor=-0.1364 value=1.3484 entropy=1.3140 mean_return=37.023 mean_len=85.2
[gat-train] update=1109 samples=709760 fps=66.2 loss=2.3169 actor=-0.3617 value=2.6926 entropy=1.4009 mean_return=36.410 mean_len=83.7
[gat-train] update=1110 samples=710400 fps=66.2 loss=1.3330 actor=-0.1712 value=1.5176 entropy=1.3494 mean_return=36.525 mean_len=83.5
[gat-train] update=1111 samples=711040 fps=66.2 loss=1.2026 actor=-0.1382 value=1.3547 entropy=1.3873 mean_return=36.709 mean_len=84.0
[gat-train] update=1112 samples=711680 fps=66.3 loss=1.2107 actor=-0.1958 value=1.4203 entropy=1.3814 mean_return=36.781 mean_len=84.3
[gat-train] update=1113 samples=712320 fps=66.3 loss=1.4436 actor=0.1011 value=1.3562 entropy=1.3647 mean_return=37.393 mean_len=85.1
[gat-train] update=1114 samples=712960 fps=66.3 loss=1.4223 actor=0.0024 value=1.4334 entropy=1.3485 mean_return=37.924 mean_len=86.1
[gat-train] update=1115 samples=713600 fps=66.4 loss=1.3303 actor=-0.1886 value=1.5325 entropy=1.3594 mean_return=38.028 mean_len=86.2
[gat-train] update=1116 samples=714240 fps=66.4 loss=1.3566 actor=-0.3772 value=1.7479 entropy=1.4068 mean_return=37.940 mean_len=86.8
[gat-train] update=1117 samples=714880 fps=66.4 loss=1.1269 actor=-0.1557 value=1.2961 entropy=1.3503 mean_return=37.915 mean_len=86.5
[gat-train] update=1118 samples=715520 fps=66.4 loss=2.0866 actor=-0.1005 value=2.2008 entropy=1.3652 mean_return=37.587 mean_len=86.0
[gat-train] update=1119 samples=716160 fps=66.5 loss=1.0640 actor=-0.0920 value=1.1699 entropy=1.3842 mean_return=37.058 mean_len=85.4
[gat-train] update=1120 samples=716800 fps=66.5 loss=1.1604 actor=-0.0500 value=1.2233 entropy=1.2877 mean_return=36.915 mean_len=85.1
[gat-train] update=1121 samples=717440 fps=66.5 loss=2.9350 actor=-0.4465 value=3.3947 entropy=1.3285 mean_return=36.480 mean_len=83.7
[gat-train] update=1122 samples=718080 fps=66.6 loss=1.1608 actor=-0.1780 value=1.3523 entropy=1.3412 mean_return=36.630 mean_len=83.5
[gat-train] update=1123 samples=718720 fps=66.6 loss=1.3379 actor=-0.1811 value=1.5323 entropy=1.3203 mean_return=36.779 mean_len=84.1
[gat-train] update=1124 samples=719360 fps=66.6 loss=1.1633 actor=-0.2482 value=1.4251 entropy=1.3575 mean_return=37.044 mean_len=84.0
[gat-train] update=1125 samples=720000 fps=66.6 loss=1.5910 actor=-0.3207 value=1.9254 entropy=1.3689 mean_return=36.955 mean_len=83.7
[gat-train] update=1126 samples=720640 fps=66.7 loss=0.9520 actor=-0.0977 value=1.0632 entropy=1.3574 mean_return=37.270 mean_len=84.0
[gat-train] update=1127 samples=721280 fps=66.7 loss=1.0205 actor=-0.4197 value=1.4544 entropy=1.4174 mean_return=37.743 mean_len=84.2
[gat-train] update=1128 samples=721920 fps=66.7 loss=1.5685 actor=-0.1643 value=1.7465 entropy=1.3680 mean_return=37.711 mean_len=84.8
[gat-train] update=1129 samples=722560 fps=66.7 loss=1.2125 actor=0.0412 value=1.1851 entropy=1.3839 mean_return=37.829 mean_len=85.0
[gat-train] update=1130 samples=723200 fps=66.8 loss=1.0063 actor=-0.1802 value=1.2002 entropy=1.3704 mean_return=38.007 mean_len=85.5
[gat-train] update=1131 samples=723840 fps=66.8 loss=1.9219 actor=-0.1432 value=2.0789 entropy=1.3829 mean_return=37.500 mean_len=84.4
[gat-train] update=1132 samples=724480 fps=66.8 loss=1.4248 actor=-0.1757 value=1.6148 entropy=1.4319 mean_return=37.539 mean_len=84.9
[gat-train] update=1133 samples=725120 fps=66.8 loss=1.4361 actor=-0.5137 value=1.9639 entropy=1.4192 mean_return=36.788 mean_len=84.4
[gat-train] update=1134 samples=725760 fps=66.9 loss=1.1037 actor=-0.1484 value=1.2658 entropy=1.3633 mean_return=36.548 mean_len=83.7
[gat-train] update=1135 samples=726400 fps=66.9 loss=1.3664 actor=-0.0789 value=1.4595 entropy=1.4249 mean_return=36.650 mean_len=83.6
[gat-train] update=1136 samples=727040 fps=66.9 loss=1.1777 actor=-0.1648 value=1.3575 entropy=1.5097 mean_return=36.478 mean_len=83.6
[gat-train] update=1137 samples=727680 fps=67.0 loss=1.2623 actor=0.1189 value=1.1578 entropy=1.4437 mean_return=36.218 mean_len=83.5
[gat-train] update=1138 samples=728320 fps=67.0 loss=1.5667 actor=-0.1212 value=1.7020 entropy=1.4169 mean_return=36.287 mean_len=83.6
[gat-train] update=1139 samples=728960 fps=67.0 loss=1.7731 actor=-0.2997 value=2.0874 entropy=1.4553 mean_return=36.285 mean_len=83.6
[gat-train] update=1140 samples=729600 fps=67.0 loss=1.2152 actor=-0.3093 value=1.5391 entropy=1.4595 mean_return=36.376 mean_len=83.6
[gat-train] update=1141 samples=730240 fps=67.1 loss=1.2737 actor=-0.1622 value=1.4499 entropy=1.4022 mean_return=36.691 mean_len=84.3
[gat-train] update=1142 samples=730880 fps=67.1 loss=1.2669 actor=-0.2898 value=1.5713 entropy=1.4634 mean_return=36.743 mean_len=84.5
[gat-train] update=1143 samples=731520 fps=67.1 loss=1.5506 actor=-0.1836 value=1.7487 entropy=1.4458 mean_return=37.287 mean_len=84.5
[gat-train] update=1144 samples=732160 fps=67.1 loss=1.1620 actor=-0.0636 value=1.2398 entropy=1.4161 mean_return=37.650 mean_len=84.8
[gat-train] update=1145 samples=732800 fps=67.2 loss=1.1757 actor=0.0418 value=1.1485 entropy=1.4537 mean_return=38.186 mean_len=85.0
[gat-train] update=1146 samples=733440 fps=67.2 loss=1.3057 actor=-0.1559 value=1.4765 entropy=1.4877 mean_return=38.301 mean_len=85.5
[gat-train] update=1147 samples=734080 fps=67.2 loss=5.7130 actor=-0.7242 value=6.4520 entropy=1.4838 mean_return=37.737 mean_len=84.6
[gat-train] update=1148 samples=734720 fps=67.2 loss=1.3117 actor=-0.2680 value=1.5946 entropy=1.4903 mean_return=37.327 mean_len=84.2
[gat-train] update=1149 samples=735360 fps=67.3 loss=1.3388 actor=-0.2641 value=1.6179 entropy=1.4985 mean_return=37.015 mean_len=83.7
[gat-train] update=1150 samples=736000 fps=67.3 loss=1.8885 actor=-0.4361 value=2.3396 entropy=1.4926 mean_return=36.384 mean_len=83.6
[gat-train] eval update=1150 torch_score=85.95 deploy_score=86.58 min=77.08 bottom10=79.47 max_regression=0.00 regressions=0 guard_rejected=0 best=86.58
[gat-train] update=1151 samples=736640 fps=66.0 loss=2.3100 actor=-0.3612 value=2.6860 entropy=1.4754 mean_return=36.057 mean_len=82.8
[gat-train] update=1152 samples=737280 fps=66.0 loss=0.7540 actor=-0.1395 value=0.9079 entropy=1.4486 mean_return=36.164 mean_len=83.0
[gat-train] update=1153 samples=737920 fps=66.1 loss=1.0796 actor=0.0125 value=1.0820 entropy=1.4945 mean_return=36.801 mean_len=84.3
[gat-train] update=1154 samples=738560 fps=66.1 loss=1.3858 actor=-0.0082 value=1.4090 entropy=1.5046 mean_return=36.734 mean_len=84.7
[gat-train] update=1155 samples=739200 fps=66.1 loss=1.1098 actor=-0.1293 value=1.2538 entropy=1.4697 mean_return=36.587 mean_len=84.1
[gat-train] update=1156 samples=739840 fps=66.1 loss=1.5082 actor=-0.1208 value=1.6442 entropy=1.5194 mean_return=36.782 mean_len=84.2
[gat-train] update=1157 samples=740480 fps=66.2 loss=1.3117 actor=-0.0043 value=1.3305 entropy=1.4463 mean_return=37.032 mean_len=84.8
[gat-train] update=1158 samples=741120 fps=66.2 loss=1.3263 actor=0.0024 value=1.3387 entropy=1.4811 mean_return=37.305 mean_len=85.2
[gat-train] update=1159 samples=741760 fps=66.2 loss=1.3427 actor=-0.2546 value=1.6121 entropy=1.4783 mean_return=37.565 mean_len=85.8
[gat-train] update=1160 samples=742400 fps=66.3 loss=1.6007 actor=-0.0916 value=1.7073 entropy=1.5014 mean_return=37.841 mean_len=85.2
[gat-train] update=1161 samples=743040 fps=66.3 loss=1.0167 actor=-0.0236 value=1.0548 entropy=1.4534 mean_return=38.095 mean_len=85.8
[gat-train] update=1162 samples=743680 fps=66.3 loss=1.2470 actor=-0.0811 value=1.3429 entropy=1.4823 mean_return=38.325 mean_len=86.4
[gat-train] update=1163 samples=744320 fps=66.3 loss=1.2728 actor=-0.2779 value=1.5659 entropy=1.5253 mean_return=38.266 mean_len=85.8
[gat-train] update=1164 samples=744960 fps=66.4 loss=1.1988 actor=-0.4756 value=1.6890 entropy=1.4615 mean_return=38.145 mean_len=85.4
[gat-train] update=1165 samples=745600 fps=66.4 loss=1.2477 actor=-0.3216 value=1.5842 entropy=1.4950 mean_return=37.836 mean_len=84.9
[gat-train] update=1166 samples=746240 fps=66.4 loss=1.1095 actor=-0.2361 value=1.3596 entropy=1.4079 mean_return=37.755 mean_len=85.1
[gat-train] update=1167 samples=746880 fps=66.4 loss=1.3341 actor=-0.0567 value=1.4055 entropy=1.4707 mean_return=37.821 mean_len=85.2
[gat-train] update=1168 samples=747520 fps=66.5 loss=1.1156 actor=-0.1558 value=1.2860 entropy=1.4595 mean_return=37.709 mean_len=85.0
[gat-train] update=1169 samples=748160 fps=66.5 loss=0.7687 actor=-0.0875 value=0.8703 entropy=1.4113 mean_return=37.759 mean_len=85.7
[gat-train] update=1170 samples=748800 fps=66.5 loss=1.1947 actor=-0.1009 value=1.3105 entropy=1.4859 mean_return=37.988 mean_len=85.8
[gat-train] update=1171 samples=749440 fps=66.5 loss=1.0008 actor=0.0469 value=0.9682 entropy=1.4295 mean_return=38.047 mean_len=86.1
[gat-train] update=1172 samples=750080 fps=66.6 loss=1.5750 actor=-0.2866 value=1.8763 entropy=1.4690 mean_return=37.583 mean_len=85.1
[gat-train] update=1173 samples=750720 fps=66.6 loss=1.4407 actor=-0.1847 value=1.6408 entropy=1.5472 mean_return=37.405 mean_len=85.3
[gat-train] update=1174 samples=751360 fps=66.6 loss=1.2695 actor=-0.0987 value=1.3828 entropy=1.4488 mean_return=37.446 mean_len=85.3
[gat-train] update=1175 samples=752000 fps=66.6 loss=1.2346 actor=-0.1992 value=1.4484 entropy=1.4624 mean_return=37.515 mean_len=85.1
[gat-train] update=1176 samples=752640 fps=66.7 loss=1.3430 actor=-0.1875 value=1.5455 entropy=1.5013 mean_return=36.943 mean_len=84.5
[gat-train] update=1177 samples=753280 fps=66.7 loss=0.8504 actor=-0.0359 value=0.9013 entropy=1.4957 mean_return=37.393 mean_len=84.8
[gat-train] update=1178 samples=753920 fps=66.7 loss=1.2113 actor=-0.1358 value=1.3615 entropy=1.4492 mean_return=37.365 mean_len=85.4
[gat-train] update=1179 samples=754560 fps=66.7 loss=1.6118 actor=-0.2432 value=1.8689 entropy=1.3905 mean_return=37.253 mean_len=85.6
[gat-train] update=1180 samples=755200 fps=66.8 loss=1.0358 actor=-0.0989 value=1.1484 entropy=1.3741 mean_return=37.222 mean_len=85.4
[gat-train] update=1181 samples=755840 fps=66.8 loss=1.0312 actor=-0.3041 value=1.3496 entropy=1.4283 mean_return=37.116 mean_len=85.4
[gat-train] update=1182 samples=756480 fps=66.8 loss=1.2691 actor=-0.0880 value=1.3710 entropy=1.3891 mean_return=37.356 mean_len=85.7
[gat-train] update=1183 samples=757120 fps=66.8 loss=1.4547 actor=-0.3139 value=1.7824 entropy=1.3797 mean_return=36.895 mean_len=85.5
[gat-train] update=1184 samples=757760 fps=66.9 loss=1.1218 actor=-0.0672 value=1.2028 entropy=1.3795 mean_return=36.966 mean_len=85.1
[gat-train] update=1185 samples=758400 fps=66.9 loss=1.1692 actor=-0.2655 value=1.4484 entropy=1.3788 mean_return=37.301 mean_len=85.6
[gat-train] update=1186 samples=759040 fps=66.9 loss=1.0931 actor=-0.2229 value=1.3302 entropy=1.4214 mean_return=37.304 mean_len=85.7
[gat-train] update=1187 samples=759680 fps=67.0 loss=0.9302 actor=-0.0589 value=1.0029 entropy=1.3778 mean_return=37.429 mean_len=85.9
[gat-train] update=1188 samples=760320 fps=67.0 loss=1.1468 actor=-0.0143 value=1.1753 entropy=1.4159 mean_return=37.169 mean_len=85.5
[gat-train] update=1189 samples=760960 fps=67.0 loss=5.0893 actor=-0.3455 value=5.4488 entropy=1.3948 mean_return=36.905 mean_len=84.6
[gat-train] update=1190 samples=761600 fps=67.0 loss=1.2125 actor=-0.1984 value=1.4242 entropy=1.3293 mean_return=37.041 mean_len=84.7
[gat-train] update=1191 samples=762240 fps=67.1 loss=1.1754 actor=-0.2485 value=1.4383 entropy=1.4440 mean_return=36.738 mean_len=84.3
[gat-train] update=1192 samples=762880 fps=67.1 loss=1.1499 actor=-0.1454 value=1.3087 entropy=1.3440 mean_return=36.678 mean_len=84.4
[gat-train] update=1193 samples=763520 fps=67.1 loss=1.0361 actor=-0.1236 value=1.1736 entropy=1.3841 mean_return=36.753 mean_len=84.1
[gat-train] update=1194 samples=764160 fps=67.1 loss=1.1445 actor=-0.2016 value=1.3602 entropy=1.4030 mean_return=37.135 mean_len=84.6
[gat-train] update=1195 samples=764800 fps=67.1 loss=2.1294 actor=-0.5690 value=2.7127 entropy=1.4244 mean_return=37.165 mean_len=84.6
[gat-train] update=1196 samples=765440 fps=67.2 loss=1.0341 actor=-0.4009 value=1.4487 entropy=1.3671 mean_return=37.260 mean_len=84.8
[gat-train] update=1197 samples=766080 fps=67.2 loss=0.9940 actor=-0.2366 value=1.2446 entropy=1.3977 mean_return=37.111 mean_len=84.8
[gat-train] update=1198 samples=766720 fps=67.2 loss=1.0127 actor=0.0216 value=1.0052 entropy=1.4112 mean_return=37.254 mean_len=85.1
[gat-train] update=1199 samples=767360 fps=67.2 loss=0.9210 actor=-0.4428 value=1.3779 entropy=1.4087 mean_return=37.022 mean_len=84.7
[gat-train] update=1200 samples=768000 fps=67.3 loss=1.5821 actor=-0.0832 value=1.6789 entropy=1.3630 mean_return=36.706 mean_len=84.2
[gat-train] eval update=1200 torch_score=86.44 deploy_score=86.58 min=77.08 bottom10=79.47 max_regression=0.00 regressions=0 guard_rejected=0 best=86.58
[gat-train] update=1201 samples=768640 fps=66.0 loss=1.1587 actor=-0.3773 value=1.5506 entropy=1.4581 mean_return=36.883 mean_len=84.6
[gat-train] update=1202 samples=769280 fps=66.1 loss=0.8577 actor=-0.2418 value=1.1139 entropy=1.4344 mean_return=37.022 mean_len=85.3
[gat-train] update=1203 samples=769920 fps=66.1 loss=1.2319 actor=-0.1830 value=1.4289 entropy=1.4036 mean_return=37.133 mean_len=86.0
[gat-train] update=1204 samples=770560 fps=66.1 loss=1.4753 actor=-0.1906 value=1.6798 entropy=1.3909 mean_return=37.287 mean_len=86.0
[gat-train] update=1205 samples=771200 fps=66.1 loss=1.2480 actor=-0.2241 value=1.4863 entropy=1.4156 mean_return=37.264 mean_len=86.1
[gat-train] update=1206 samples=771840 fps=66.2 loss=1.6212 actor=-0.2655 value=1.9007 entropy=1.3928 mean_return=37.013 mean_len=86.0
[gat-train] update=1207 samples=772480 fps=66.2 loss=1.0095 actor=-0.1826 value=1.2056 entropy=1.3531 mean_return=37.281 mean_len=86.1
[gat-train] update=1208 samples=773120 fps=66.2 loss=1.3096 actor=-0.4248 value=1.7479 entropy=1.3513 mean_return=36.334 mean_len=84.5
[gat-train] update=1209 samples=773760 fps=66.2 loss=1.1159 actor=0.0998 value=1.0298 entropy=1.3715 mean_return=36.323 mean_len=84.4
[gat-train] update=1210 samples=774400 fps=66.3 loss=1.2817 actor=-0.1823 value=1.4775 entropy=1.3581 mean_return=36.261 mean_len=83.8
[gat-train] update=1211 samples=775040 fps=66.3 loss=1.7341 actor=-0.2368 value=1.9843 entropy=1.3322 mean_return=36.214 mean_len=83.5
[gat-train] update=1212 samples=775680 fps=66.3 loss=1.4050 actor=-0.0915 value=1.5106 entropy=1.4132 mean_return=36.366 mean_len=83.9
[gat-train] update=1213 samples=776320 fps=66.3 loss=1.6628 actor=-0.3729 value=2.0495 entropy=1.3738 mean_return=36.281 mean_len=83.4
[gat-train] update=1214 samples=776960 fps=66.4 loss=1.2690 actor=0.0197 value=1.2628 entropy=1.3545 mean_return=36.598 mean_len=83.9
[gat-train] update=1215 samples=777600 fps=66.4 loss=1.0752 actor=-0.0543 value=1.1436 entropy=1.4053 mean_return=36.895 mean_len=84.1
[gat-train] update=1216 samples=778240 fps=66.4 loss=1.1578 actor=-0.1983 value=1.3700 entropy=1.3932 mean_return=36.825 mean_len=84.2
[gat-train] update=1217 samples=778880 fps=66.4 loss=1.1054 actor=-0.2230 value=1.3419 entropy=1.3529 mean_return=36.958 mean_len=84.3
[gat-train] update=1218 samples=779520 fps=66.5 loss=1.1779 actor=-0.1978 value=1.3896 entropy=1.3829 mean_return=37.000 mean_len=85.0
[gat-train] update=1219 samples=780160 fps=66.5 loss=1.4935 actor=-0.0116 value=1.5182 entropy=1.3102 mean_return=37.301 mean_len=85.3
[gat-train] update=1220 samples=780800 fps=66.5 loss=1.3598 actor=-0.2389 value=1.6126 entropy=1.3848 mean_return=37.602 mean_len=86.1
[gat-train] update=1221 samples=781440 fps=66.5 loss=1.3251 actor=-0.0803 value=1.4192 entropy=1.3784 mean_return=37.367 mean_len=85.9
[gat-train] update=1222 samples=782080 fps=66.6 loss=1.2400 actor=-0.1500 value=1.4042 entropy=1.4203 mean_return=37.403 mean_len=85.7
[gat-train] update=1223 samples=782720 fps=66.6 loss=1.4702 actor=-0.3013 value=1.7856 entropy=1.4158 mean_return=37.727 mean_len=85.9
[gat-train] update=1224 samples=783360 fps=66.6 loss=1.1569 actor=-0.2848 value=1.4554 entropy=1.3643 mean_return=37.716 mean_len=85.6
[gat-train] update=1225 samples=784000 fps=66.6 loss=1.2558 actor=-0.0357 value=1.3055 entropy=1.4036 mean_return=38.092 mean_len=85.9
[gat-train] update=1226 samples=784640 fps=66.7 loss=1.2070 actor=-0.0266 value=1.2475 entropy=1.3939 mean_return=38.513 mean_len=86.8
[gat-train] update=1227 samples=785280 fps=66.7 loss=1.2700 actor=-0.2034 value=1.4873 entropy=1.3887 mean_return=38.479 mean_len=86.5
[gat-train] update=1228 samples=785920 fps=66.7 loss=1.1431 actor=-0.1782 value=1.3359 entropy=1.4534 mean_return=38.409 mean_len=86.5
[gat-train] update=1229 samples=786560 fps=66.7 loss=1.2371 actor=-0.1379 value=1.3897 entropy=1.4660 mean_return=38.202 mean_len=86.6
[gat-train] update=1230 samples=787200 fps=66.8 loss=0.9320 actor=-0.2165 value=1.1634 entropy=1.4933 mean_return=38.097 mean_len=86.9
[gat-train] update=1231 samples=787840 fps=66.8 loss=1.3465 actor=-0.0726 value=1.4332 entropy=1.4086 mean_return=37.791 mean_len=86.3
[gat-train] update=1232 samples=788480 fps=66.8 loss=1.2855 actor=-0.1922 value=1.4923 entropy=1.4577 mean_return=37.440 mean_len=85.7
[gat-train] update=1233 samples=789120 fps=66.8 loss=1.1435 actor=0.0080 value=1.1497 entropy=1.4121 mean_return=37.134 mean_len=85.1
[gat-train] update=1234 samples=789760 fps=66.9 loss=1.3065 actor=-0.0353 value=1.3559 entropy=1.4140 mean_return=37.274 mean_len=85.6
[gat-train] update=1235 samples=790400 fps=66.9 loss=1.4882 actor=-0.1424 value=1.6448 entropy=1.4189 mean_return=37.329 mean_len=85.7
[gat-train] update=1236 samples=791040 fps=66.9 loss=1.1017 actor=-0.1911 value=1.3072 entropy=1.4432 mean_return=37.506 mean_len=86.0
[gat-train] update=1237 samples=791680 fps=66.9 loss=1.1149 actor=-0.2399 value=1.3692 entropy=1.4374 mean_return=37.410 mean_len=86.2
[gat-train] update=1238 samples=792320 fps=67.0 loss=1.3881 actor=-0.4044 value=1.8071 entropy=1.4691 mean_return=37.306 mean_len=86.0
[gat-train] update=1239 samples=792960 fps=67.0 loss=1.5625 actor=-0.4067 value=1.9841 entropy=1.4811 mean_return=36.716 mean_len=84.9
[gat-train] update=1240 samples=793600 fps=67.0 loss=1.3771 actor=-0.2210 value=1.6139 entropy=1.5761 mean_return=36.562 mean_len=84.1
[gat-train] update=1241 samples=794240 fps=67.0 loss=0.9647 actor=-0.2679 value=1.2470 entropy=1.4460 mean_return=36.617 mean_len=84.3
[gat-train] update=1242 samples=794880 fps=67.1 loss=1.2339 actor=-0.2596 value=1.5083 entropy=1.4714 mean_return=36.584 mean_len=83.9
[gat-train] update=1243 samples=795520 fps=67.1 loss=1.4433 actor=0.0747 value=1.3836 entropy=1.4954 mean_return=36.443 mean_len=83.5
[gat-train] update=1244 samples=796160 fps=67.1 loss=1.0153 actor=-0.0568 value=1.0864 entropy=1.4315 mean_return=36.582 mean_len=83.6
[gat-train] update=1245 samples=796800 fps=67.1 loss=2.1074 actor=-0.2675 value=2.3885 entropy=1.3631 mean_return=36.753 mean_len=83.5
[gat-train] update=1246 samples=797440 fps=67.1 loss=0.9564 actor=-0.2280 value=1.1982 entropy=1.3807 mean_return=37.258 mean_len=84.3
[gat-train] update=1247 samples=798080 fps=67.2 loss=1.1503 actor=-0.3181 value=1.4830 entropy=1.4665 mean_return=37.476 mean_len=84.5
[gat-train] update=1248 samples=798720 fps=67.2 loss=1.0122 actor=-0.2379 value=1.2640 entropy=1.3885 mean_return=37.241 mean_len=84.2
[gat-train] update=1249 samples=799360 fps=67.2 loss=1.3439 actor=-0.1148 value=1.4726 entropy=1.3928 mean_return=37.381 mean_len=84.6
[gat-train] update=1250 samples=800000 fps=67.2 loss=1.5254 actor=-0.2732 value=1.8118 entropy=1.3200 mean_return=37.178 mean_len=84.2
[gat-train] eval update=1250 torch_score=86.16 deploy_score=86.58 min=77.08 bottom10=79.47 max_regression=0.00 regressions=0 guard_rejected=0 best=86.58
[gat-train] update=1251 samples=800640 fps=66.1 loss=1.4331 actor=-0.2755 value=1.7225 entropy=1.3817 mean_return=37.219 mean_len=84.0
[gat-train] update=1252 samples=801280 fps=66.1 loss=1.3820 actor=-0.0828 value=1.4781 entropy=1.3350 mean_return=37.038 mean_len=83.8
[gat-train] update=1253 samples=801920 fps=66.1 loss=1.1566 actor=-0.1316 value=1.3022 entropy=1.3980 mean_return=37.141 mean_len=84.6
[gat-train] update=1254 samples=802560 fps=66.1 loss=1.3113 actor=-0.3271 value=1.6526 entropy=1.4273 mean_return=37.090 mean_len=84.2
[gat-train] update=1255 samples=803200 fps=66.2 loss=1.5217 actor=-0.2223 value=1.7574 entropy=1.3421 mean_return=37.365 mean_len=84.6
[gat-train] update=1256 samples=803840 fps=66.2 loss=1.5263 actor=-0.6287 value=2.1699 entropy=1.4875 mean_return=36.877 mean_len=84.0
[gat-train] update=1257 samples=804480 fps=66.2 loss=1.4646 actor=-0.2124 value=1.6916 entropy=1.4618 mean_return=36.833 mean_len=83.4
[gat-train] update=1258 samples=805120 fps=66.2 loss=1.1525 actor=-0.3856 value=1.5530 entropy=1.4875 mean_return=36.720 mean_len=83.5
[gat-train] update=1259 samples=805760 fps=66.3 loss=1.1139 actor=-0.0291 value=1.1570 entropy=1.3906 mean_return=36.544 mean_len=83.5
[gat-train] update=1260 samples=806400 fps=66.3 loss=1.0478 actor=-0.2717 value=1.3333 entropy=1.3746 mean_return=36.649 mean_len=83.7
[gat-train] update=1261 samples=807040 fps=66.3 loss=1.0346 actor=-0.1381 value=1.1871 entropy=1.4337 mean_return=36.504 mean_len=83.4
[gat-train] update=1262 samples=807680 fps=66.3 loss=0.9265 actor=-0.4283 value=1.3687 entropy=1.3878 mean_return=36.341 mean_len=83.2
[gat-train] update=1263 samples=808320 fps=66.4 loss=1.1430 actor=-0.1837 value=1.3407 entropy=1.3915 mean_return=36.866 mean_len=84.2
[gat-train] update=1264 samples=808960 fps=66.4 loss=1.1085 actor=-0.1742 value=1.2970 entropy=1.4237 mean_return=36.785 mean_len=84.6
[gat-train] update=1265 samples=809600 fps=66.4 loss=1.0551 actor=-0.1380 value=1.2076 entropy=1.4472 mean_return=37.118 mean_len=84.6
[gat-train] update=1266 samples=810240 fps=66.4 loss=1.0596 actor=-0.1573 value=1.2310 entropy=1.4084 mean_return=37.322 mean_len=84.6
[gat-train] update=1267 samples=810880 fps=66.5 loss=1.3300 actor=-0.1729 value=1.5176 entropy=1.4729 mean_return=37.126 mean_len=84.3
[gat-train] update=1268 samples=811520 fps=66.5 loss=1.3119 actor=-0.2241 value=1.5502 entropy=1.4189 mean_return=36.940 mean_len=84.1
[gat-train] update=1269 samples=812160 fps=66.5 loss=1.3993 actor=-0.1534 value=1.5670 entropy=1.4301 mean_return=37.224 mean_len=83.9
[gat-train] update=1270 samples=812800 fps=66.5 loss=1.2193 actor=-0.4151 value=1.6495 entropy=1.5084 mean_return=36.980 mean_len=83.5
[gat-train] update=1271 samples=813440 fps=66.5 loss=1.1149 actor=-0.0992 value=1.2292 entropy=1.4967 mean_return=37.241 mean_len=84.1
[gat-train] update=1272 samples=814080 fps=66.6 loss=0.9604 actor=-0.3410 value=1.3161 entropy=1.4678 mean_return=37.412 mean_len=84.4
[gat-train] update=1273 samples=814720 fps=66.6 loss=1.1587 actor=-0.1967 value=1.3701 entropy=1.4758 mean_return=37.033 mean_len=84.2
[gat-train] update=1274 samples=815360 fps=66.6 loss=1.0230 actor=-0.2757 value=1.3149 entropy=1.6172 mean_return=37.633 mean_len=85.4
[gat-train] update=1275 samples=816000 fps=66.6 loss=1.1595 actor=-0.0624 value=1.2380 entropy=1.6132 mean_return=37.922 mean_len=86.0
[gat-train] update=1276 samples=816640 fps=66.7 loss=0.8142 actor=-0.2353 value=1.0651 entropy=1.5642 mean_return=38.035 mean_len=86.6
[gat-train] update=1277 samples=817280 fps=66.7 loss=1.2892 actor=-0.2081 value=1.5125 entropy=1.5183 mean_return=37.836 mean_len=86.1
[gat-train] update=1278 samples=817920 fps=66.7 loss=1.5193 actor=-0.0372 value=1.5716 entropy=1.5152 mean_return=37.538 mean_len=85.8
[gat-train] update=1279 samples=818560 fps=66.7 loss=3.6565 actor=-0.6386 value=4.3107 entropy=1.5606 mean_return=36.926 mean_len=84.4
[gat-train] update=1280 samples=819200 fps=66.8 loss=1.0929 actor=-0.2627 value=1.3703 entropy=1.4645 mean_return=36.563 mean_len=84.1
[gat-train] update=1281 samples=819840 fps=66.8 loss=1.2758 actor=-0.2678 value=1.5590 entropy=1.5414 mean_return=35.897 mean_len=83.2
[gat-train] update=1282 samples=820480 fps=66.8 loss=1.0648 actor=-0.0730 value=1.1524 entropy=1.4575 mean_return=35.887 mean_len=83.4
[gat-train] update=1283 samples=821120 fps=66.8 loss=1.9402 actor=-0.4348 value=2.3901 entropy=1.5055 mean_return=35.702 mean_len=82.8
[gat-train] update=1284 samples=821760 fps=66.8 loss=1.2232 actor=-0.1198 value=1.3571 entropy=1.4134 mean_return=35.741 mean_len=83.3
[gat-train] update=1285 samples=822400 fps=66.9 loss=2.0981 actor=-0.0951 value=2.2081 entropy=1.4867 mean_return=35.851 mean_len=83.7
[gat-train] update=1286 samples=823040 fps=66.9 loss=1.2913 actor=-0.1257 value=1.4326 entropy=1.5639 mean_return=36.337 mean_len=83.8
[gat-train] update=1287 samples=823680 fps=66.9 loss=0.9693 actor=-0.6533 value=1.6381 entropy=1.5361 mean_return=36.476 mean_len=84.2
[gat-train] update=1288 samples=824320 fps=66.9 loss=2.0057 actor=-0.2661 value=2.2869 entropy=1.5076 mean_return=36.030 mean_len=83.0
[gat-train] update=1289 samples=824960 fps=67.0 loss=1.4084 actor=-0.4592 value=1.8829 entropy=1.5312 mean_return=35.924 mean_len=82.6
[gat-train] update=1290 samples=825600 fps=67.0 loss=1.2384 actor=-0.0995 value=1.3540 entropy=1.6053 mean_return=36.390 mean_len=82.4
[gat-train] update=1291 samples=826240 fps=67.0 loss=1.2767 actor=-0.3809 value=1.6735 entropy=1.5864 mean_return=36.617 mean_len=82.7
[gat-train] update=1292 samples=826880 fps=67.0 loss=1.1681 actor=-0.2782 value=1.4621 entropy=1.5701 mean_return=36.681 mean_len=83.0
[gat-train] update=1293 samples=827520 fps=67.1 loss=1.2923 actor=-0.0122 value=1.3202 entropy=1.5732 mean_return=36.823 mean_len=83.2
[gat-train] update=1294 samples=828160 fps=67.1 loss=1.0568 actor=-0.2402 value=1.3129 entropy=1.5910 mean_return=36.955 mean_len=83.4
[gat-train] update=1295 samples=828800 fps=67.1 loss=0.9774 actor=-0.4590 value=1.4521 entropy=1.5686 mean_return=37.313 mean_len=84.1
[gat-train] update=1296 samples=829440 fps=67.1 loss=1.0982 actor=-0.3933 value=1.5074 entropy=1.5828 mean_return=37.556 mean_len=84.8
[gat-train] update=1297 samples=830080 fps=67.2 loss=1.1423 actor=-0.3667 value=1.5243 entropy=1.5333 mean_return=37.415 mean_len=84.5
[gat-train] update=1298 samples=830720 fps=67.2 loss=1.2083 actor=-0.3555 value=1.5799 entropy=1.5987 mean_return=37.580 mean_len=84.6
[gat-train] update=1299 samples=831360 fps=67.2 loss=1.2845 actor=-0.4978 value=1.7979 entropy=1.5577 mean_return=37.257 mean_len=84.3
[gat-train] update=1300 samples=832000 fps=67.2 loss=1.3655 actor=-0.2569 value=1.6372 entropy=1.4719 mean_return=36.881 mean_len=83.8
[gat-train] eval update=1300 torch_score=86.16 deploy_score=86.58 min=77.08 bottom10=79.47 max_regression=0.00 regressions=0 guard_rejected=0 best=86.58
[gat-train] update=1301 samples=832640 fps=66.1 loss=0.9041 actor=-0.1898 value=1.1093 entropy=1.5437 mean_return=36.798 mean_len=83.7
[gat-train] update=1302 samples=833280 fps=66.1 loss=1.3307 actor=-0.2875 value=1.6334 entropy=1.5200 mean_return=36.643 mean_len=83.2
[gat-train] update=1303 samples=833920 fps=66.1 loss=0.8923 actor=-0.2064 value=1.1129 entropy=1.4192 mean_return=36.559 mean_len=83.6
[gat-train] update=1304 samples=834560 fps=66.2 loss=0.7781 actor=-0.2702 value=1.0629 entropy=1.4555 mean_return=36.565 mean_len=83.5
[gat-train] update=1305 samples=835200 fps=66.2 loss=1.2355 actor=-0.4099 value=1.6595 entropy=1.4073 mean_return=36.448 mean_len=83.8
[gat-train] update=1306 samples=835840 fps=66.2 loss=0.7525 actor=-0.2457 value=1.0115 entropy=1.3288 mean_return=36.447 mean_len=83.7
[gat-train] update=1307 samples=836480 fps=66.2 loss=1.1513 actor=-0.1630 value=1.3280 entropy=1.3679 mean_return=36.349 mean_len=84.1
[gat-train] update=1308 samples=837120 fps=66.3 loss=1.4366 actor=-0.4214 value=1.8720 entropy=1.4035 mean_return=36.445 mean_len=84.4
[gat-train] update=1309 samples=837760 fps=66.3 loss=1.0469 actor=-0.1682 value=1.2286 entropy=1.3529 mean_return=36.245 mean_len=83.7
[gat-train] update=1310 samples=838400 fps=66.3 loss=1.2568 actor=-0.1527 value=1.4230 entropy=1.3584 mean_return=36.200 mean_len=83.8
[gat-train] update=1311 samples=839040 fps=66.3 loss=1.6140 actor=-0.2318 value=1.8592 entropy=1.3339 mean_return=35.918 mean_len=82.7
[gat-train] update=1312 samples=839680 fps=66.3 loss=1.2759 actor=-0.2722 value=1.5622 entropy=1.4026 mean_return=35.937 mean_len=82.1
[gat-train] update=1313 samples=840320 fps=66.4 loss=1.3281 actor=-0.1261 value=1.4677 entropy=1.3555 mean_return=35.783 mean_len=82.1
[gat-train] update=1314 samples=840960 fps=66.4 loss=8.7362 actor=-0.4091 value=9.1590 entropy=1.3644 mean_return=35.248 mean_len=81.2
[gat-train] update=1315 samples=841600 fps=66.4 loss=1.0979 actor=-0.1649 value=1.2763 entropy=1.3526 mean_return=35.730 mean_len=81.9
[gat-train] update=1316 samples=842240 fps=66.4 loss=1.4088 actor=-0.2276 value=1.6499 entropy=1.3509 mean_return=35.725 mean_len=82.2
[gat-train] update=1317 samples=842880 fps=66.5 loss=1.4005 actor=-0.0652 value=1.4794 entropy=1.3671 mean_return=36.068 mean_len=82.5
[gat-train] update=1318 samples=843520 fps=66.5 loss=1.0281 actor=-0.1424 value=1.1842 entropy=1.3660 mean_return=35.850 mean_len=83.0
[gat-train] update=1319 samples=844160 fps=66.5 loss=1.6375 actor=-0.2025 value=1.8534 entropy=1.3449 mean_return=35.494 mean_len=82.5
[gat-train] update=1320 samples=844800 fps=66.5 loss=1.2149 actor=-0.1991 value=1.4275 entropy=1.3506 mean_return=35.865 mean_len=82.8
[gat-train] update=1321 samples=845440 fps=66.5 loss=1.3786 actor=-0.1424 value=1.5344 entropy=1.3472 mean_return=36.146 mean_len=83.5
[gat-train] update=1322 samples=846080 fps=66.6 loss=1.1437 actor=-0.1045 value=1.2623 entropy=1.4058 mean_return=36.237 mean_len=83.6
[gat-train] update=1323 samples=846720 fps=66.6 loss=1.1895 actor=-0.1498 value=1.3529 entropy=1.3531 mean_return=35.859 mean_len=82.7
[gat-train] update=1324 samples=847360 fps=66.6 loss=1.0318 actor=-0.2170 value=1.2622 entropy=1.3483 mean_return=35.950 mean_len=83.0
[gat-train] update=1325 samples=848000 fps=66.6 loss=1.1936 actor=0.0202 value=1.1870 entropy=1.3617 mean_return=36.138 mean_len=82.9
[gat-train] update=1326 samples=848640 fps=66.7 loss=1.0406 actor=-0.0151 value=1.0695 entropy=1.3795 mean_return=36.994 mean_len=84.4
[gat-train] update=1327 samples=849280 fps=66.7 loss=1.0704 actor=-0.1830 value=1.2677 entropy=1.4324 mean_return=37.370 mean_len=84.7
[gat-train] update=1328 samples=849920 fps=66.7 loss=1.1670 actor=-0.2565 value=1.4373 entropy=1.3851 mean_return=37.608 mean_len=84.7
[gat-train] update=1329 samples=850560 fps=66.7 loss=1.2453 actor=0.2670 value=0.9920 entropy=1.3687 mean_return=37.754 mean_len=84.7
[gat-train] update=1330 samples=851200 fps=66.8 loss=0.8421 actor=-0.0871 value=0.9429 entropy=1.3642 mean_return=37.918 mean_len=85.1
[gat-train] update=1331 samples=851840 fps=66.8 loss=1.0963 actor=-0.0263 value=1.1366 entropy=1.4016 mean_return=38.324 mean_len=85.6
[gat-train] update=1332 samples=852480 fps=66.8 loss=1.1411 actor=0.1307 value=1.0236 entropy=1.3248 mean_return=38.384 mean_len=85.9
[gat-train] update=1333 samples=853120 fps=66.8 loss=1.1632 actor=-0.2854 value=1.4626 entropy=1.3972 mean_return=37.971 mean_len=85.6
[gat-train] update=1334 samples=853760 fps=66.8 loss=1.2500 actor=-0.1384 value=1.4026 entropy=1.4207 mean_return=37.713 mean_len=85.3
[gat-train] update=1335 samples=854400 fps=66.9 loss=0.9669 actor=-0.1136 value=1.0945 entropy=1.3991 mean_return=38.060 mean_len=85.9
[gat-train] update=1336 samples=855040 fps=66.9 loss=1.1216 actor=-0.0754 value=1.2113 entropy=1.4363 mean_return=38.305 mean_len=86.3
[gat-train] update=1337 samples=855680 fps=66.9 loss=0.9937 actor=-0.2967 value=1.3047 entropy=1.4254 mean_return=38.150 mean_len=85.7
[gat-train] update=1338 samples=856320 fps=66.9 loss=1.0030 actor=-0.2517 value=1.2690 entropy=1.4271 mean_return=37.893 mean_len=85.2
[gat-train] update=1339 samples=856960 fps=67.0 loss=0.8168 actor=-0.2310 value=1.0615 entropy=1.3756 mean_return=38.011 mean_len=85.6
[gat-train] update=1340 samples=857600 fps=67.0 loss=1.0014 actor=-0.0709 value=1.0866 entropy=1.4328 mean_return=38.191 mean_len=85.9
[gat-train] update=1341 samples=858240 fps=67.0 loss=1.1372 actor=-0.1893 value=1.3408 entropy=1.4361 mean_return=38.307 mean_len=86.1
[gat-train] update=1342 samples=858880 fps=67.0 loss=0.8983 actor=-0.1783 value=1.0903 entropy=1.3698 mean_return=38.300 mean_len=85.9
[gat-train] update=1343 samples=859520 fps=67.1 loss=1.4069 actor=-0.2157 value=1.6362 entropy=1.3602 mean_return=37.833 mean_len=85.1
[gat-train] update=1344 samples=860160 fps=67.1 loss=1.1479 actor=-0.4202 value=1.5821 entropy=1.4019 mean_return=37.994 mean_len=85.3
[gat-train] update=1345 samples=860800 fps=67.1 loss=1.4351 actor=-0.3606 value=1.8107 entropy=1.4969 mean_return=37.393 mean_len=84.3
[gat-train] update=1346 samples=861440 fps=67.1 loss=0.9645 actor=-0.1872 value=1.1664 entropy=1.4691 mean_return=37.302 mean_len=83.7
[gat-train] update=1347 samples=862080 fps=67.1 loss=0.9476 actor=-0.1948 value=1.1571 entropy=1.4724 mean_return=37.125 mean_len=83.7
[gat-train] update=1348 samples=862720 fps=67.2 loss=1.0510 actor=0.0356 value=1.0309 entropy=1.5496 mean_return=36.927 mean_len=83.4
[gat-train] update=1349 samples=863360 fps=67.2 loss=0.9246 actor=-0.1987 value=1.1380 entropy=1.4727 mean_return=36.396 mean_len=83.0
[gat-train] update=1350 samples=864000 fps=67.2 loss=1.1269 actor=-0.0893 value=1.2312 entropy=1.5032 mean_return=36.902 mean_len=83.5
[gat-train] eval update=1350 torch_score=84.11 deploy_score=86.58 min=77.08 bottom10=79.47 max_regression=0.00 regressions=0 guard_rejected=0 best=86.58
[gat-train] update=1351 samples=864640 fps=66.1 loss=1.1668 actor=-0.1496 value=1.3313 entropy=1.4880 mean_return=36.927 mean_len=83.7
[gat-train] update=1352 samples=865280 fps=66.1 loss=1.0111 actor=-0.1787 value=1.2045 entropy=1.4681 mean_return=37.393 mean_len=85.0
[gat-train] update=1353 samples=865920 fps=66.2 loss=1.0569 actor=-0.2561 value=1.3274 entropy=1.4355 mean_return=37.282 mean_len=85.3
[gat-train] update=1354 samples=866560 fps=66.2 loss=1.7326 actor=-0.4228 value=2.1711 entropy=1.5754 mean_return=37.063 mean_len=84.8
[gat-train] update=1355 samples=867200 fps=66.2 loss=1.3365 actor=-0.1435 value=1.4954 entropy=1.5399 mean_return=37.510 mean_len=85.1
[gat-train] update=1356 samples=867840 fps=66.2 loss=1.0514 actor=-0.2449 value=1.3116 entropy=1.5265 mean_return=37.186 mean_len=84.8
[gat-train] update=1357 samples=868480 fps=66.3 loss=0.9488 actor=-0.3105 value=1.2746 entropy=1.5322 mean_return=37.200 mean_len=84.9
[gat-train] update=1358 samples=869120 fps=66.3 loss=1.4174 actor=-0.1686 value=1.6008 entropy=1.4787 mean_return=36.503 mean_len=83.5
[gat-train] update=1359 samples=869760 fps=66.3 loss=1.3047 actor=-0.3829 value=1.7024 entropy=1.4807 mean_return=36.254 mean_len=82.7
[gat-train] update=1360 samples=870400 fps=66.3 loss=1.0627 actor=-0.0781 value=1.1552 entropy=1.4342 mean_return=36.657 mean_len=83.7
[gat-train] update=1361 samples=871040 fps=66.3 loss=0.9795 actor=-0.2885 value=1.2824 entropy=1.4378 mean_return=36.318 mean_len=83.2
[gat-train] update=1362 samples=871680 fps=66.4 loss=1.0495 actor=-0.1119 value=1.1752 entropy=1.3835 mean_return=36.228 mean_len=82.9
[gat-train] update=1363 samples=872320 fps=66.4 loss=1.0670 actor=-0.0549 value=1.1362 entropy=1.4376 mean_return=36.365 mean_len=83.0
[gat-train] update=1364 samples=872960 fps=66.4 loss=1.2593 actor=-0.1405 value=1.4139 entropy=1.4116 mean_return=36.439 mean_len=82.8
[gat-train] update=1365 samples=873600 fps=66.4 loss=1.7031 actor=0.0764 value=1.6406 entropy=1.3898 mean_return=36.887 mean_len=83.1
[gat-train] update=1366 samples=874240 fps=66.4 loss=0.9064 actor=-0.0148 value=0.9348 entropy=1.3610 mean_return=36.934 mean_len=83.4
[gat-train] update=1367 samples=874880 fps=66.5 loss=1.0803 actor=-0.3523 value=1.4465 entropy=1.3829 mean_return=37.571 mean_len=84.0
[gat-train] update=1368 samples=875520 fps=66.5 loss=1.1833 actor=-0.1900 value=1.3873 entropy=1.3977 mean_return=37.485 mean_len=83.5
[gat-train] update=1369 samples=876160 fps=66.5 loss=1.6033 actor=-0.1860 value=1.8039 entropy=1.4564 mean_return=37.985 mean_len=84.0
[gat-train] update=1370 samples=876800 fps=66.5 loss=0.8219 actor=-0.1567 value=0.9929 entropy=1.4314 mean_return=37.606 mean_len=83.9
[gat-train] update=1371 samples=877440 fps=66.6 loss=1.7300 actor=-0.5112 value=2.2560 entropy=1.4829 mean_return=37.114 mean_len=83.6
[gat-train] update=1372 samples=878080 fps=66.6 loss=1.2531 actor=-0.1703 value=1.4390 entropy=1.5541 mean_return=37.295 mean_len=84.4
[gat-train] update=1373 samples=878720 fps=66.6 loss=1.1972 actor=-0.3684 value=1.5803 entropy=1.4742 mean_return=37.133 mean_len=84.4
[gat-train] update=1374 samples=879360 fps=66.6 loss=1.1785 actor=-0.0951 value=1.2888 entropy=1.5249 mean_return=36.694 mean_len=84.2
[gat-train] update=1375 samples=880000 fps=66.6 loss=1.0238 actor=-0.3136 value=1.3530 entropy=1.5591 mean_return=36.494 mean_len=84.2
[gat-train] update=1376 samples=880640 fps=66.7 loss=1.1021 actor=-0.2221 value=1.3396 entropy=1.5473 mean_return=36.875 mean_len=84.1
[gat-train] update=1377 samples=881280 fps=66.7 loss=0.9987 actor=-0.0306 value=1.0445 entropy=1.5207 mean_return=37.144 mean_len=84.4
[gat-train] update=1378 samples=881920 fps=66.7 loss=1.1461 actor=-0.0855 value=1.2458 entropy=1.4210 mean_return=37.379 mean_len=85.1
[gat-train] update=1379 samples=882560 fps=66.7 loss=0.9999 actor=-0.1559 value=1.1700 entropy=1.4155 mean_return=37.531 mean_len=85.2
[gat-train] update=1380 samples=883200 fps=66.7 loss=1.1963 actor=-0.0028 value=1.2132 entropy=1.4193 mean_return=37.636 mean_len=85.6
[gat-train] update=1381 samples=883840 fps=66.8 loss=1.0745 actor=0.0054 value=1.0827 entropy=1.3628 mean_return=37.891 mean_len=85.9
[gat-train] update=1382 samples=884480 fps=66.8 loss=1.0856 actor=-0.0278 value=1.1269 entropy=1.3470 mean_return=37.608 mean_len=85.6
[gat-train] update=1383 samples=885120 fps=66.8 loss=1.3622 actor=-0.2705 value=1.6461 entropy=1.3395 mean_return=37.523 mean_len=84.9
[gat-train] update=1384 samples=885760 fps=66.8 loss=1.2741 actor=-0.1431 value=1.4308 entropy=1.3731 mean_return=36.865 mean_len=84.5
[gat-train] update=1385 samples=886400 fps=66.9 loss=1.2517 actor=-0.1998 value=1.4652 entropy=1.3616 mean_return=36.695 mean_len=84.0
[gat-train] update=1386 samples=887040 fps=66.9 loss=1.5604 actor=-0.3709 value=1.9450 entropy=1.3640 mean_return=36.164 mean_len=82.9
[gat-train] update=1387 samples=887680 fps=66.9 loss=1.2975 actor=-0.3648 value=1.6762 entropy=1.3904 mean_return=36.203 mean_len=82.5
[gat-train] update=1388 samples=888320 fps=66.9 loss=0.9570 actor=-0.3545 value=1.3257 entropy=1.4140 mean_return=36.314 mean_len=83.0
[gat-train] update=1389 samples=888960 fps=66.9 loss=1.0300 actor=-0.1652 value=1.2093 entropy=1.4077 mean_return=36.134 mean_len=83.2
[gat-train] update=1390 samples=889600 fps=67.0 loss=1.1475 actor=0.1818 value=0.9794 entropy=1.3746 mean_return=36.822 mean_len=83.6
[gat-train] update=1391 samples=890240 fps=67.0 loss=1.3217 actor=-0.0549 value=1.3903 entropy=1.3633 mean_return=37.148 mean_len=84.0
[gat-train] update=1392 samples=890880 fps=67.0 loss=1.0021 actor=-0.0429 value=1.0587 entropy=1.3582 mean_return=37.304 mean_len=84.3
[gat-train] update=1393 samples=891520 fps=67.0 loss=1.0018 actor=-0.2446 value=1.2602 entropy=1.3771 mean_return=37.901 mean_len=85.4
[gat-train] update=1394 samples=892160 fps=67.1 loss=1.1121 actor=-0.0200 value=1.1450 entropy=1.2946 mean_return=37.841 mean_len=85.3
[gat-train] update=1395 samples=892800 fps=67.1 loss=1.1647 actor=-0.2606 value=1.4392 entropy=1.3851 mean_return=38.049 mean_len=85.9
[gat-train] update=1396 samples=893440 fps=67.1 loss=1.0128 actor=-0.1306 value=1.1569 entropy=1.3531 mean_return=38.512 mean_len=86.1
[gat-train] update=1397 samples=894080 fps=67.1 loss=0.9700 actor=-0.2049 value=1.1890 entropy=1.4063 mean_return=38.027 mean_len=85.6
[gat-train] update=1398 samples=894720 fps=67.1 loss=0.8310 actor=-0.0848 value=0.9292 entropy=1.3415 mean_return=37.976 mean_len=85.7
[gat-train] update=1399 samples=895360 fps=67.2 loss=1.0417 actor=-0.2812 value=1.3367 entropy=1.3817 mean_return=38.059 mean_len=85.6
[gat-train] update=1400 samples=896000 fps=67.2 loss=1.3198 actor=-0.0758 value=1.4090 entropy=1.3426 mean_return=38.092 mean_len=85.6
[gat-train] eval update=1400 torch_score=85.95 deploy_score=86.58 min=77.08 bottom10=79.47 max_regression=0.00 regressions=0 guard_rejected=0 best=86.58
[gat-train] update=1401 samples=896640 fps=66.1 loss=1.0427 actor=-0.2243 value=1.2810 entropy=1.3996 mean_return=37.684 mean_len=85.1
[gat-train] update=1402 samples=897280 fps=66.2 loss=1.1540 actor=-0.1620 value=1.3296 entropy=1.3554 mean_return=37.553 mean_len=84.9
[gat-train] update=1403 samples=897920 fps=66.2 loss=1.1761 actor=-0.2540 value=1.4434 entropy=1.3369 mean_return=37.549 mean_len=84.7
[gat-train] update=1404 samples=898560 fps=66.2 loss=0.9727 actor=-0.3634 value=1.3502 entropy=1.4092 mean_return=37.090 mean_len=84.6
[gat-train] update=1405 samples=899200 fps=66.2 loss=2.9469 actor=-0.3715 value=3.3329 entropy=1.4428 mean_return=36.609 mean_len=84.0
[gat-train] update=1406 samples=899840 fps=66.2 loss=1.0020 actor=-0.1683 value=1.1843 entropy=1.4028 mean_return=37.110 mean_len=84.7
[gat-train] update=1407 samples=900480 fps=66.3 loss=1.1653 actor=-0.1124 value=1.2914 entropy=1.3771 mean_return=36.802 mean_len=84.1
[gat-train] update=1408 samples=901120 fps=66.3 loss=1.6712 actor=-0.2961 value=1.9815 entropy=1.4290 mean_return=36.323 mean_len=83.1
[gat-train] update=1409 samples=901760 fps=66.3 loss=1.2306 actor=-0.0237 value=1.2682 entropy=1.3842 mean_return=36.360 mean_len=83.0
[gat-train] update=1410 samples=902400 fps=66.3 loss=1.3976 actor=-0.0589 value=1.4704 entropy=1.3926 mean_return=36.611 mean_len=82.9
[gat-train] update=1411 samples=903040 fps=66.4 loss=0.9463 actor=-0.0601 value=1.0200 entropy=1.3587 mean_return=36.687 mean_len=82.9
[gat-train] update=1412 samples=903680 fps=66.4 loss=1.0644 actor=-0.0023 value=1.0800 entropy=1.3274 mean_return=36.799 mean_len=83.1
[gat-train] update=1413 samples=904320 fps=66.4 loss=0.9938 actor=0.0060 value=1.0018 entropy=1.4047 mean_return=37.117 mean_len=83.8
[gat-train] update=1414 samples=904960 fps=66.4 loss=1.3252 actor=-0.1169 value=1.4556 entropy=1.3445 mean_return=36.677 mean_len=83.3
[gat-train] update=1415 samples=905600 fps=66.4 loss=1.1328 actor=0.1086 value=1.0376 entropy=1.3367 mean_return=37.486 mean_len=84.6
[gat-train] update=1416 samples=906240 fps=66.5 loss=1.2010 actor=-0.0016 value=1.2167 entropy=1.4124 mean_return=38.081 mean_len=85.6
[gat-train] update=1417 samples=906880 fps=66.5 loss=0.8737 actor=-0.0884 value=0.9749 entropy=1.2803 mean_return=38.301 mean_len=85.8
[gat-train] update=1418 samples=907520 fps=66.5 loss=1.2213 actor=-0.0977 value=1.3324 entropy=1.3406 mean_return=37.903 mean_len=86.1
[gat-train] update=1419 samples=908160 fps=66.5 loss=1.0138 actor=-0.1167 value=1.1447 entropy=1.4259 mean_return=37.690 mean_len=86.1
[gat-train] update=1420 samples=908800 fps=66.5 loss=1.2188 actor=-0.1712 value=1.4035 entropy=1.3513 mean_return=37.715 mean_len=85.8
[gat-train] update=1421 samples=909440 fps=66.6 loss=0.8842 actor=-0.3147 value=1.2121 entropy=1.3289 mean_return=37.546 mean_len=85.5
[gat-train] update=1422 samples=910080 fps=66.6 loss=1.1172 actor=-0.3773 value=1.5081 entropy=1.3608 mean_return=37.008 mean_len=84.5
[gat-train] update=1423 samples=910720 fps=66.6 loss=1.0873 actor=-0.0390 value=1.1403 entropy=1.3935 mean_return=37.263 mean_len=85.1
[gat-train] update=1424 samples=911360 fps=66.6 loss=1.0080 actor=-0.0208 value=1.0428 entropy=1.4016 mean_return=37.913 mean_len=86.2
[gat-train] update=1425 samples=912000 fps=66.6 loss=1.1564 actor=0.0708 value=1.0990 entropy=1.3344 mean_return=38.156 mean_len=86.2
[gat-train] update=1426 samples=912640 fps=66.7 loss=0.8737 actor=-0.3149 value=1.2027 entropy=1.4158 mean_return=38.335 mean_len=86.3
[gat-train] update=1427 samples=913280 fps=66.7 loss=3.6842 actor=-0.2425 value=3.9406 entropy=1.3838 mean_return=38.035 mean_len=85.8
[gat-train] update=1428 samples=913920 fps=66.7 loss=0.8132 actor=-0.1170 value=0.9427 entropy=1.2515 mean_return=37.969 mean_len=85.6
[gat-train] update=1429 samples=914560 fps=66.7 loss=1.4972 actor=-0.0964 value=1.6070 entropy=1.3427 mean_return=37.690 mean_len=85.2
[gat-train] update=1430 samples=915200 fps=66.8 loss=1.1470 actor=0.0051 value=1.1555 entropy=1.3660 mean_return=37.635 mean_len=84.8
[gat-train] update=1431 samples=915840 fps=66.8 loss=1.0468 actor=-0.0844 value=1.1452 entropy=1.4018 mean_return=37.746 mean_len=84.5
[gat-train] update=1432 samples=916480 fps=66.8 loss=1.3640 actor=0.1709 value=1.2066 entropy=1.3436 mean_return=37.551 mean_len=84.0
[gat-train] update=1433 samples=917120 fps=66.8 loss=1.0686 actor=-0.0689 value=1.1513 entropy=1.3826 mean_return=37.648 mean_len=84.1
[gat-train] update=1434 samples=917760 fps=66.8 loss=1.3204 actor=-0.1492 value=1.4838 entropy=1.4078 mean_return=37.687 mean_len=84.4
[gat-train] update=1435 samples=918400 fps=66.9 loss=1.0133 actor=-0.3831 value=1.4105 entropy=1.4041 mean_return=37.598 mean_len=84.9
[gat-train] update=1436 samples=919040 fps=66.9 loss=0.9175 actor=-0.3241 value=1.2558 entropy=1.4146 mean_return=37.522 mean_len=84.7
[gat-train] update=1437 samples=919680 fps=66.9 loss=1.1304 actor=-0.2650 value=1.4103 entropy=1.5005 mean_return=37.855 mean_len=85.4
[gat-train] update=1438 samples=920320 fps=66.9 loss=1.0729 actor=-0.2489 value=1.3363 entropy=1.4463 mean_return=38.008 mean_len=85.6
[gat-train] update=1439 samples=920960 fps=66.9 loss=1.1777 actor=-0.0330 value=1.2253 entropy=1.4472 mean_return=38.037 mean_len=85.3
[gat-train] update=1440 samples=921600 fps=67.0 loss=0.8728 actor=-0.4002 value=1.2881 entropy=1.5078 mean_return=37.739 mean_len=85.3
[gat-train] update=1441 samples=922240 fps=67.0 loss=1.2936 actor=-0.5301 value=1.8394 entropy=1.5760 mean_return=37.805 mean_len=85.0
[gat-train] update=1442 samples=922880 fps=67.0 loss=1.3914 actor=-0.0908 value=1.4982 entropy=1.6004 mean_return=37.896 mean_len=85.1
[gat-train] update=1443 samples=923520 fps=67.0 loss=0.9592 actor=-0.3768 value=1.3523 entropy=1.6256 mean_return=37.635 mean_len=85.1
[gat-train] update=1444 samples=924160 fps=67.1 loss=0.9688 actor=-0.1458 value=1.1314 entropy=1.6842 mean_return=37.914 mean_len=85.5
[gat-train] update=1445 samples=924800 fps=67.1 loss=0.9486 actor=-0.2520 value=1.2167 entropy=1.6103 mean_return=37.746 mean_len=85.1
[gat-train] update=1446 samples=925440 fps=67.1 loss=0.8969 actor=-0.3050 value=1.2174 entropy=1.5578 mean_return=37.790 mean_len=85.3
[gat-train] update=1447 samples=926080 fps=67.1 loss=1.3994 actor=-0.2442 value=1.6602 entropy=1.6569 mean_return=37.331 mean_len=84.3
[gat-train] update=1448 samples=926720 fps=67.1 loss=1.2033 actor=-0.0158 value=1.2356 entropy=1.6490 mean_return=37.495 mean_len=84.8
[gat-train] update=1449 samples=927360 fps=67.2 loss=0.9525 actor=-0.3211 value=1.2900 entropy=1.6400 mean_return=37.810 mean_len=84.9
[gat-train] update=1450 samples=928000 fps=67.2 loss=1.8085 actor=-0.6176 value=2.4425 entropy=1.6303 mean_return=37.415 mean_len=83.9
[gat-train] eval update=1450 torch_score=85.94 deploy_score=86.58 min=77.08 bottom10=79.47 max_regression=0.00 regressions=0 guard_rejected=0 best=86.58
[gat-train] update=1451 samples=928640 fps=66.2 loss=1.3355 actor=-0.1831 value=1.5348 entropy=1.6215 mean_return=36.764 mean_len=83.5
[gat-train] update=1452 samples=929280 fps=66.2 loss=1.4706 actor=-0.7002 value=2.1881 entropy=1.7252 mean_return=36.162 mean_len=82.6
[gat-train] update=1453 samples=929920 fps=66.2 loss=1.1522 actor=-0.3788 value=1.5486 entropy=1.7552 mean_return=35.893 mean_len=82.4
[gat-train] update=1454 samples=930560 fps=66.2 loss=1.3870 actor=-0.1940 value=1.5983 entropy=1.7345 mean_return=35.786 mean_len=82.4
[gat-train] update=1455 samples=931200 fps=66.2 loss=1.5813 actor=-0.3787 value=1.9773 entropy=1.7286 mean_return=35.498 mean_len=81.9
[gat-train] update=1456 samples=931840 fps=66.3 loss=1.3125 actor=-0.5718 value=1.9017 entropy=1.7435 mean_return=35.096 mean_len=81.7
[gat-train] update=1457 samples=932480 fps=66.3 loss=0.9950 actor=-0.5490 value=1.5608 entropy=1.6790 mean_return=35.765 mean_len=82.6
[gat-train] update=1458 samples=933120 fps=66.3 loss=0.8100 actor=-0.5285 value=1.3555 entropy=1.7100 mean_return=37.108 mean_len=84.0
[gat-train] update=1459 samples=933760 fps=66.3 loss=0.8679 actor=-0.2549 value=1.1398 entropy=1.6939 mean_return=36.665 mean_len=84.1
[gat-train] update=1460 samples=934400 fps=66.4 loss=1.3170 actor=-0.0703 value=1.4042 entropy=1.6889 mean_return=36.844 mean_len=84.1
[gat-train] update=1461 samples=935040 fps=66.4 loss=0.8578 actor=-0.3860 value=1.2609 entropy=1.7112 mean_return=36.749 mean_len=84.4
[gat-train] update=1462 samples=935680 fps=66.4 loss=1.3537 actor=-0.4735 value=1.8439 entropy=1.6726 mean_return=36.361 mean_len=83.6
[gat-train] update=1463 samples=936320 fps=66.4 loss=1.1626 actor=-0.0820 value=1.2609 entropy=1.6255 mean_return=36.242 mean_len=83.8
[gat-train] update=1464 samples=936960 fps=66.4 loss=1.0665 actor=-0.4720 value=1.5546 entropy=1.6115 mean_return=35.946 mean_len=83.4
[gat-train] update=1465 samples=937600 fps=66.5 loss=0.9382 actor=-0.2332 value=1.1869 entropy=1.5628 mean_return=35.678 mean_len=83.7
[gat-train] update=1466 samples=938240 fps=66.5 loss=1.3532 actor=-0.2862 value=1.6549 entropy=1.5527 mean_return=35.248 mean_len=82.6
[gat-train] update=1467 samples=938880 fps=66.5 loss=1.5516 actor=-0.6244 value=2.1909 entropy=1.4888 mean_return=35.381 mean_len=82.1
[gat-train] update=1468 samples=939520 fps=66.5 loss=1.0382 actor=-0.2576 value=1.3112 entropy=1.5451 mean_return=35.632 mean_len=82.3
[gat-train] update=1469 samples=940160 fps=66.5 loss=1.3453 actor=-0.1050 value=1.4658 entropy=1.5549 mean_return=36.123 mean_len=83.0
[gat-train] update=1470 samples=940800 fps=66.6 loss=0.8030 actor=-0.1622 value=0.9802 entropy=1.5038 mean_return=36.227 mean_len=83.5
[gat-train] update=1471 samples=941440 fps=66.6 loss=1.0490 actor=-0.0917 value=1.1551 entropy=1.4392 mean_return=35.973 mean_len=82.8
[gat-train] update=1472 samples=942080 fps=66.6 loss=0.9144 actor=-0.2152 value=1.1438 entropy=1.4250 mean_return=36.601 mean_len=83.7
[gat-train] update=1473 samples=942720 fps=66.6 loss=1.4073 actor=-0.2922 value=1.7137 entropy=1.4178 mean_return=36.295 mean_len=83.9
[gat-train] update=1474 samples=943360 fps=66.6 loss=1.0969 actor=-0.2688 value=1.3788 entropy=1.3123 mean_return=36.356 mean_len=84.2
[gat-train] update=1475 samples=944000 fps=66.7 loss=1.0639 actor=-0.4234 value=1.5018 entropy=1.4474 mean_return=36.804 mean_len=83.7
[gat-train] update=1476 samples=944640 fps=66.7 loss=0.8831 actor=-0.2433 value=1.1403 entropy=1.3847 mean_return=36.972 mean_len=84.1
[gat-train] update=1477 samples=945280 fps=66.7 loss=1.2765 actor=-0.1432 value=1.4325 entropy=1.2724 mean_return=36.154 mean_len=83.6
[gat-train] update=1478 samples=945920 fps=66.7 loss=1.0456 actor=-0.0218 value=1.0807 entropy=1.3284 mean_return=36.000 mean_len=83.2
[gat-train] update=1479 samples=946560 fps=66.7 loss=2.6789 actor=-0.0323 value=2.7245 entropy=1.3246 mean_return=36.108 mean_len=83.5
[gat-train] update=1480 samples=947200 fps=66.8 loss=0.8475 actor=-0.1495 value=1.0102 entropy=1.3186 mean_return=36.361 mean_len=84.1
[gat-train] update=1481 samples=947840 fps=66.8 loss=1.1967 actor=-0.0755 value=1.2857 entropy=1.3490 mean_return=36.339 mean_len=83.9
[gat-train] update=1482 samples=948480 fps=66.8 loss=8.9872 actor=-0.4963 value=9.4971 entropy=1.3594 mean_return=35.268 mean_len=83.5
[gat-train] update=1483 samples=949120 fps=66.8 loss=1.1401 actor=-0.2256 value=1.3793 entropy=1.3559 mean_return=35.154 mean_len=83.6
[gat-train] update=1484 samples=949760 fps=66.8 loss=7.3735 actor=-0.3647 value=7.7516 entropy=1.3455 mean_return=35.092 mean_len=83.7
[gat-train] update=1485 samples=950400 fps=66.9 loss=1.0396 actor=-0.1030 value=1.1560 entropy=1.3441 mean_return=35.251 mean_len=83.6
[gat-train] update=1486 samples=951040 fps=66.9 loss=1.0558 actor=-0.3101 value=1.3798 entropy=1.3938 mean_return=35.252 mean_len=83.0
[gat-train] update=1487 samples=951680 fps=66.9 loss=0.9078 actor=-0.0614 value=0.9829 entropy=1.3628 mean_return=35.257 mean_len=83.0
[gat-train] update=1488 samples=952320 fps=66.9 loss=0.9421 actor=-0.1402 value=1.0962 entropy=1.3869 mean_return=35.732 mean_len=82.9
[gat-train] update=1489 samples=952960 fps=66.9 loss=1.2682 actor=0.1000 value=1.1821 entropy=1.3869 mean_return=36.023 mean_len=83.5
[gat-train] update=1490 samples=953600 fps=67.0 loss=1.0515 actor=-0.2722 value=1.3381 entropy=1.4437 mean_return=35.998 mean_len=82.8
[gat-train] update=1491 samples=954240 fps=67.0 loss=1.1899 actor=-0.2221 value=1.4259 entropy=1.3922 mean_return=36.397 mean_len=83.4
[gat-train] update=1492 samples=954880 fps=67.0 loss=1.5855 actor=-0.3573 value=1.9557 entropy=1.2883 mean_return=36.480 mean_len=83.4
[gat-train] update=1493 samples=955520 fps=67.0 loss=1.0626 actor=-0.0322 value=1.1082 entropy=1.3392 mean_return=36.823 mean_len=83.5
[gat-train] update=1494 samples=956160 fps=67.1 loss=0.7904 actor=-0.1296 value=0.9334 entropy=1.3426 mean_return=36.845 mean_len=83.4
[gat-train] update=1495 samples=956800 fps=67.1 loss=1.2114 actor=0.1105 value=1.1138 entropy=1.3004 mean_return=36.823 mean_len=84.0
[gat-train] update=1496 samples=957440 fps=67.1 loss=0.8800 actor=0.0320 value=0.8613 entropy=1.3311 mean_return=36.825 mean_len=83.9
[gat-train] update=1497 samples=958080 fps=67.1 loss=1.0081 actor=0.1513 value=0.8705 entropy=1.3626 mean_return=37.106 mean_len=84.0
[gat-train] update=1498 samples=958720 fps=67.1 loss=1.3114 actor=-0.0516 value=1.3768 entropy=1.3776 mean_return=37.167 mean_len=83.6
[gat-train] update=1499 samples=959360 fps=67.1 loss=1.4256 actor=-0.2374 value=1.6763 entropy=1.3314 mean_return=36.995 mean_len=83.3
[gat-train] update=1500 samples=960000 fps=67.2 loss=0.9569 actor=-0.0592 value=1.0300 entropy=1.3915 mean_return=36.937 mean_len=84.3
[gat-train] eval update=1500 torch_score=85.42 deploy_score=86.58 min=77.08 bottom10=79.47 max_regression=0.00 regressions=0 guard_rejected=0 best=86.58
[INFO][AppLauncher]: Using device: cuda:0
[INFO][AppLauncher]: Loading experience file: /home/user/IsaacLab/apps/isaaclab.python.headless.kit
Loading user config located at: '/home/user/isaacsim/kit/data/Kit/Isaac-Sim/5.1/user.config.json'
[Info] [carb] Logging to file: /home/user/isaacsim/kit/logs/Kit/Isaac-Sim/5.1/kit_20260716_052901.log
2026-07-15T20:29:01Z [198ms] [Warning] [omni.usd_config.extension] Enable omni.materialx.libs extension to use MaterialX
2026-07-15T20:29:01Z [719ms] [Warning] [carb] Acquiring non optional plugin interface which is not listed as dependency: [omni::physx::IPhysxBenchmarks v1.0] (plugin: <default plugin>), by client: omni.physics.physx.plugin. Add it to CARB_PLUGIN_IMPL_DEPS() macro of a client.
2026-07-15T20:29:01Z [829ms] [Warning] [omni.isaac.dynamic_control] omni.isaac.dynamic_control is deprecated as of Isaac Sim 4.5. No action is needed from end-users.
2026-07-15T20:29:29Z [28,310ms] [Warning] [gpu.foundation.plugin] Skipping unsupported non-NVIDIA GPU: AMD Unknown (RADV RAPHAEL_MENDOCINO)
2026-07-15T20:29:29Z [28,310ms] [Warning] [gpu.foundation.plugin] Skipping unsupported non-NVIDIA GPU: AMD Unknown (RADV RAPHAEL_MENDOCINO)

|---------------------------------------------------------------------------------------------|
| Driver Version: 580.159.03    | Graphics API: Vulkan
|=============================================================================================|
| GPU | Name                             | Active | LDA | GPU Memory | Vendor-ID | LUID       |
|     |                                  |        |     |            | Device-ID | UUID       |
|     |                                  |        |     |            | Bus-ID    |            |
|---------------------------------------------------------------------------------------------|
| 0   | NVIDIA RTX PRO 6000 Blackwell .. | Yes: 0 |     | 97887   MB | 10de      | 0          |
|     |                                  |        |     |            | 2bb1      | 25b334fd.. |
|     |                                  |        |     |            | 1         |            |
|---------------------------------------------------------------------------------------------|
| 1   | AMD Unknown (RADV RAPHAEL_MEND.. |        |     | 43508   MB | 1002      | 0          |
|     |                                  |        |     |            | 13c0      | 00000000.. |
|     |                                  |        |     |            | 79        |            |
|=============================================================================================|
| OS: 22.04.5 LTS (Jammy Jellyfish) ubuntu, Version: 22.04.5, Kernel: 6.8.0-124-generic
| XServer Vendor: The X.Org Foundation, XServer Version: 12101004 (1.21.1.4)
| Processor: AMD Ryzen 9 9950X3D 16-Core Processor
| Cores: 16 | Logical Cores: 32
|---------------------------------------------------------------------------------------------|
| Total Memory (MB): 126428 | Free Memory: 105542
| Total Page/Swap (MB): 2047 | Free Page/Swap: 2047
|---------------------------------------------------------------------------------------------|
2026-07-15T20:29:50Z [49,058ms] [Warning] [omni.kvdb.plugin] Disabling key-value database because another kit process is locking it
[INFO][AppLauncher]: Using device: cuda:0
[INFO][AppLauncher]: Loading experience file: /home/user/IsaacLab/apps/isaaclab.python.headless.kit
[INFO][AppLauncher]: Using device: cuda:0
[INFO][AppLauncher]: Loading experience file: /home/user/IsaacLab/apps/isaaclab.python.headless.kit
Loading user config located at: '/home/user/isaacsim/kit/data/Kit/Isaac-Sim/5.1/user.config.json'
[Info] [carb] Logging to file: /home/user/isaacsim/kit/logs/Kit/Isaac-Sim/5.1/kit_20260716_052901.log
2026-07-15T20:29:01Z [191ms] [Warning] [omni.usd_config.extension] Enable omni.materialx.libs extension to use MaterialX
2026-07-15T20:29:01Z [566ms] [Warning] [carb] Acquiring non optional plugin interface which is not listed as dependency: [omni::physx::IPhysxBenchmarks v1.0] (plugin: <default plugin>), by client: omni.physics.physx.plugin. Add it to CARB_PLUGIN_IMPL_DEPS() macro of a client.
2026-07-15T20:29:01Z [683ms] [Warning] [omni.isaac.dynamic_control] omni.isaac.dynamic_control is deprecated as of Isaac Sim 4.5. No action is needed from end-users.
2026-07-15T20:29:29Z [28,007ms] [Warning] [gpu.foundation.plugin] Skipping unsupported non-NVIDIA GPU: AMD Unknown (RADV RAPHAEL_MENDOCINO)
2026-07-15T20:29:29Z [28,007ms] [Warning] [gpu.foundation.plugin] Skipping unsupported non-NVIDIA GPU: AMD Unknown (RADV RAPHAEL_MENDOCINO)

|---------------------------------------------------------------------------------------------|
| Driver Version: 580.159.03    | Graphics API: Vulkan
|=============================================================================================|
| GPU | Name                             | Active | LDA | GPU Memory | Vendor-ID | LUID       |
|     |                                  |        |     |            | Device-ID | UUID       |
|     |                                  |        |     |            | Bus-ID    |            |
|---------------------------------------------------------------------------------------------|
| 0   | NVIDIA RTX PRO 6000 Blackwell .. | Yes: 0 |     | 97887   MB | 10de      | 0          |
|     |                                  |        |     |            | 2bb1      | 25b334fd.. |
|     |                                  |        |     |            | 1         |            |
|---------------------------------------------------------------------------------------------|
| 1   | AMD Unknown (RADV RAPHAEL_MEND.. |        |     | 43508   MB | 1002      | 0          |
|     |                                  |        |     |            | 13c0      | 00000000.. |
|     |                                  |        |     |            | 79        |            |
|=============================================================================================|
| OS: 22.04.5 LTS (Jammy Jellyfish) ubuntu, Version: 22.04.5, Kernel: 6.8.0-124-generic
| XServer Vendor: The X.Org Foundation, XServer Version: 12101004 (1.21.1.4)
| Processor: AMD Ryzen 9 9950X3D 16-Core Processor
| Cores: 16 | Logical Cores: 32
|---------------------------------------------------------------------------------------------|
| Total Memory (MB): 126428 | Free Memory: 105582
| Total Page/Swap (MB): 2047 | Free Page/Swap: 2047
|---------------------------------------------------------------------------------------------|
2026-07-15T20:29:50Z [49,714ms] [Warning] [omni.kvdb.plugin] Disabling key-value database because another kit process is locking it
[INFO][AppLauncher]: Using device: cuda:0
[INFO][AppLauncher]: Loading experience file: /home/user/IsaacLab/apps/isaaclab.python.headless.kit
Loading user config located at: '/home/user/isaacsim/kit/data/Kit/Isaac-Sim/5.1/user.config.json'
[Info] [carb] Logging to file: /home/user/isaacsim/kit/logs/Kit/Isaac-Sim/5.1/kit_20260716_052901.log
2026-07-15T20:29:01Z [226ms] [Warning] [omni.usd_config.extension] Enable omni.materialx.libs extension to use MaterialX
2026-07-15T20:29:01Z [582ms] [Warning] [carb] Acquiring non optional plugin interface which is not listed as dependency: [omni::physx::IPhysxBenchmarks v1.0] (plugin: <default plugin>), by client: omni.physics.physx.plugin. Add it to CARB_PLUGIN_IMPL_DEPS() macro of a client.
2026-07-15T20:29:01Z [695ms] [Warning] [omni.isaac.dynamic_control] omni.isaac.dynamic_control is deprecated as of Isaac Sim 4.5. No action is needed from end-users.
2026-07-15T20:29:29Z [28,172ms] [Warning] [gpu.foundation.plugin] Skipping unsupported non-NVIDIA GPU: AMD Unknown (RADV RAPHAEL_MENDOCINO)
2026-07-15T20:29:29Z [28,172ms] [Warning] [gpu.foundation.plugin] Skipping unsupported non-NVIDIA GPU: AMD Unknown (RADV RAPHAEL_MENDOCINO)

|---------------------------------------------------------------------------------------------|
| Driver Version: 580.159.03    | Graphics API: Vulkan
|=============================================================================================|
| GPU | Name                             | Active | LDA | GPU Memory | Vendor-ID | LUID       |
|     |                                  |        |     |            | Device-ID | UUID       |
|     |                                  |        |     |            | Bus-ID    |            |
|---------------------------------------------------------------------------------------------|
| 0   | NVIDIA RTX PRO 6000 Blackwell .. | Yes: 0 |     | 97887   MB | 10de      | 0          |
|     |                                  |        |     |            | 2bb1      | 25b334fd.. |
|     |                                  |        |     |            | 1         |            |
|---------------------------------------------------------------------------------------------|
| 1   | AMD Unknown (RADV RAPHAEL_MEND.. |        |     | 43508   MB | 1002      | 0          |
|     |                                  |        |     |            | 13c0      | 00000000.. |
|     |                                  |        |     |            | 79        |            |
|=============================================================================================|
| OS: 22.04.5 LTS (Jammy Jellyfish) ubuntu, Version: 22.04.5, Kernel: 6.8.0-124-generic
| XServer Vendor: The X.Org Foundation, XServer Version: 12101004 (1.21.1.4)
| Processor: AMD Ryzen 9 9950X3D 16-Core Processor
| Cores: 16 | Logical Cores: 32
|---------------------------------------------------------------------------------------------|
| Total Memory (MB): 126428 | Free Memory: 105577
| Total Page/Swap (MB): 2047 | Free Page/Swap: 2047
|---------------------------------------------------------------------------------------------|
2026-07-15T20:29:50Z [49,487ms] [Warning] [omni.kvdb.plugin] Disabling key-value database because another kit process is locking it
[INFO][AppLauncher]: Using device: cuda:0
[INFO][AppLauncher]: Loading experience file: /home/user/IsaacLab/apps/isaaclab.python.headless.kit
Loading user config located at: '/home/user/isaacsim/kit/data/Kit/Isaac-Sim/5.1/user.config.json'
[Info] [carb] Logging to file: /home/user/isaacsim/kit/logs/Kit/Isaac-Sim/5.1/kit_20260716_052901.log
2026-07-15T20:29:01Z [199ms] [Warning] [omni.usd_config.extension] Enable omni.materialx.libs extension to use MaterialX
2026-07-15T20:29:01Z [683ms] [Warning] [carb] Acquiring non optional plugin interface which is not listed as dependency: [omni::physx::IPhysxBenchmarks v1.0] (plugin: <default plugin>), by client: omni.physics.physx.plugin. Add it to CARB_PLUGIN_IMPL_DEPS() macro of a client.
2026-07-15T20:29:01Z [793ms] [Warning] [omni.isaac.dynamic_control] omni.isaac.dynamic_control is deprecated as of Isaac Sim 4.5. No action is needed from end-users.
2026-07-15T20:29:29Z [28,293ms] [Warning] [gpu.foundation.plugin] Skipping unsupported non-NVIDIA GPU: AMD Unknown (RADV RAPHAEL_MENDOCINO)
2026-07-15T20:29:29Z [28,293ms] [Warning] [gpu.foundation.plugin] Skipping unsupported non-NVIDIA GPU: AMD Unknown (RADV RAPHAEL_MENDOCINO)

|---------------------------------------------------------------------------------------------|
| Driver Version: 580.159.03    | Graphics API: Vulkan
|=============================================================================================|
| GPU | Name                             | Active | LDA | GPU Memory | Vendor-ID | LUID       |
|     |                                  |        |     |            | Device-ID | UUID       |
|     |                                  |        |     |            | Bus-ID    |            |
|---------------------------------------------------------------------------------------------|
| 0   | NVIDIA RTX PRO 6000 Blackwell .. | Yes: 0 |     | 97887   MB | 10de      | 0          |
|     |                                  |        |     |            | 2bb1      | 25b334fd.. |
|     |                                  |        |     |            | 1         |            |
|---------------------------------------------------------------------------------------------|
| 1   | AMD Unknown (RADV RAPHAEL_MEND.. |        |     | 43508   MB | 1002      | 0          |
|     |                                  |        |     |            | 13c0      | 00000000.. |
|     |                                  |        |     |            | 79        |            |
|=============================================================================================|
| OS: 22.04.5 LTS (Jammy Jellyfish) ubuntu, Version: 22.04.5, Kernel: 6.8.0-124-generic
| XServer Vendor: The X.Org Foundation, XServer Version: 12101004 (1.21.1.4)
| Processor: AMD Ryzen 9 9950X3D 16-Core Processor
| Cores: 16 | Logical Cores: 32
|---------------------------------------------------------------------------------------------|
| Total Memory (MB): 126428 | Free Memory: 105542
| Total Page/Swap (MB): 2047 | Free Page/Swap: 2047
|---------------------------------------------------------------------------------------------|
2026-07-15T20:29:50Z [49,508ms] [Warning] [omni.kvdb.plugin] Disabling key-value database because another kit process is locking it
[INFO][AppLauncher]: Using device: cuda:0
[INFO][AppLauncher]: Loading experience file: /home/user/IsaacLab/apps/isaaclab.python.headless.kit
[INFO][AppLauncher]: Using device: cuda:0
[INFO][AppLauncher]: Loading experience file: /home/user/IsaacLab/apps/isaaclab.python.headless.kit
[INFO][AppLauncher]: Using device: cuda:0
[INFO][AppLauncher]: Loading experience file: /home/user/IsaacLab/apps/isaaclab.python.headless.kit
Loading user config located at: '/home/user/isaacsim/kit/data/Kit/Isaac-Sim/5.1/user.config.json'
[Info] [carb] Logging to file: /home/user/isaacsim/kit/logs/Kit/Isaac-Sim/5.1/kit_20260716_052901.log
2026-07-15T20:29:01Z [200ms] [Warning] [omni.usd_config.extension] Enable omni.materialx.libs extension to use MaterialX
2026-07-15T20:29:01Z [592ms] [Warning] [carb] Acquiring non optional plugin interface which is not listed as dependency: [omni::physx::IPhysxBenchmarks v1.0] (plugin: <default plugin>), by client: omni.physics.physx.plugin. Add it to CARB_PLUGIN_IMPL_DEPS() macro of a client.
2026-07-15T20:29:01Z [705ms] [Warning] [omni.isaac.dynamic_control] omni.isaac.dynamic_control is deprecated as of Isaac Sim 4.5. No action is needed from end-users.
2026-07-15T20:29:29Z [28,285ms] [Warning] [gpu.foundation.plugin] Skipping unsupported non-NVIDIA GPU: AMD Unknown (RADV RAPHAEL_MENDOCINO)
2026-07-15T20:29:29Z [28,285ms] [Warning] [gpu.foundation.plugin] Skipping unsupported non-NVIDIA GPU: AMD Unknown (RADV RAPHAEL_MENDOCINO)

|---------------------------------------------------------------------------------------------|
| Driver Version: 580.159.03    | Graphics API: Vulkan
|=============================================================================================|
| GPU | Name                             | Active | LDA | GPU Memory | Vendor-ID | LUID       |
|     |                                  |        |     |            | Device-ID | UUID       |
|     |                                  |        |     |            | Bus-ID    |            |
|---------------------------------------------------------------------------------------------|
| 0   | NVIDIA RTX PRO 6000 Blackwell .. | Yes: 0 |     | 97887   MB | 10de      | 0          |
|     |                                  |        |     |            | 2bb1      | 25b334fd.. |
|     |                                  |        |     |            | 1         |            |
|---------------------------------------------------------------------------------------------|
| 1   | AMD Unknown (RADV RAPHAEL_MEND.. |        |     | 43508   MB | 1002      | 0          |
|     |                                  |        |     |            | 13c0      | 00000000.. |
|     |                                  |        |     |            | 79        |            |
|=============================================================================================|
| OS: 22.04.5 LTS (Jammy Jellyfish) ubuntu, Version: 22.04.5, Kernel: 6.8.0-124-generic
| XServer Vendor: The X.Org Foundation, XServer Version: 12101004 (1.21.1.4)
| Processor: AMD Ryzen 9 9950X3D 16-Core Processor
| Cores: 16 | Logical Cores: 32
|---------------------------------------------------------------------------------------------|
| Total Memory (MB): 126428 | Free Memory: 105542
| Total Page/Swap (MB): 2047 | Free Page/Swap: 2047
|---------------------------------------------------------------------------------------------|
2026-07-15T20:29:51Z [50,831ms] [Warning] [omni.kvdb.plugin] Disabling key-value database because another kit process is locking it
Loading user config located at: '/home/user/isaacsim/kit/data/Kit/Isaac-Sim/5.1/user.config.json'
[Info] [carb] Logging to file: /home/user/isaacsim/kit/logs/Kit/Isaac-Sim/5.1/kit_20260716_052901.log
2026-07-15T20:29:01Z [217ms] [Warning] [omni.usd_config.extension] Enable omni.materialx.libs extension to use MaterialX
2026-07-15T20:29:01Z [684ms] [Warning] [carb] Acquiring non optional plugin interface which is not listed as dependency: [omni::physx::IPhysxBenchmarks v1.0] (plugin: <default plugin>), by client: omni.physics.physx.plugin. Add it to CARB_PLUGIN_IMPL_DEPS() macro of a client.
2026-07-15T20:29:01Z [793ms] [Warning] [omni.isaac.dynamic_control] omni.isaac.dynamic_control is deprecated as of Isaac Sim 4.5. No action is needed from end-users.
2026-07-15T20:29:29Z [27,949ms] [Warning] [gpu.foundation.plugin] Skipping unsupported non-NVIDIA GPU: AMD Unknown (RADV RAPHAEL_MENDOCINO)
2026-07-15T20:29:29Z [27,949ms] [Warning] [gpu.foundation.plugin] Skipping unsupported non-NVIDIA GPU: AMD Unknown (RADV RAPHAEL_MENDOCINO)

|---------------------------------------------------------------------------------------------|
| Driver Version: 580.159.03    | Graphics API: Vulkan
|=============================================================================================|
| GPU | Name                             | Active | LDA | GPU Memory | Vendor-ID | LUID       |
|     |                                  |        |     |            | Device-ID | UUID       |
|     |                                  |        |     |            | Bus-ID    |            |
|---------------------------------------------------------------------------------------------|
| 0   | NVIDIA RTX PRO 6000 Blackwell .. | Yes: 0 |     | 97887   MB | 10de      | 0          |
|     |                                  |        |     |            | 2bb1      | 25b334fd.. |
|     |                                  |        |     |            | 1         |            |
|---------------------------------------------------------------------------------------------|
| 1   | AMD Unknown (RADV RAPHAEL_MEND.. |        |     | 43508   MB | 1002      | 0          |
|     |                                  |        |     |            | 13c0      | 00000000.. |
|     |                                  |        |     |            | 79        |            |
|=============================================================================================|
| OS: 22.04.5 LTS (Jammy Jellyfish) ubuntu, Version: 22.04.5, Kernel: 6.8.0-124-generic
| XServer Vendor: The X.Org Foundation, XServer Version: 12101004 (1.21.1.4)
| Processor: AMD Ryzen 9 9950X3D 16-Core Processor
| Cores: 16 | Logical Cores: 32
|---------------------------------------------------------------------------------------------|
| Total Memory (MB): 126428 | Free Memory: 105582
| Total Page/Swap (MB): 2047 | Free Page/Swap: 2047
|---------------------------------------------------------------------------------------------|
2026-07-15T20:29:50Z [48,985ms] [Warning] [omni.kvdb.plugin] Disabling key-value database because another kit process is locking it
Loading user config located at: '/home/user/isaacsim/kit/data/Kit/Isaac-Sim/5.1/user.config.json'
[Info] [carb] Logging to file: /home/user/isaacsim/kit/logs/Kit/Isaac-Sim/5.1/kit_20260716_052901.log
2026-07-15T20:29:01Z [211ms] [Warning] [omni.usd_config.extension] Enable omni.materialx.libs extension to use MaterialX
2026-07-15T20:29:01Z [722ms] [Warning] [carb] Acquiring non optional plugin interface which is not listed as dependency: [omni::physx::IPhysxBenchmarks v1.0] (plugin: <default plugin>), by client: omni.physics.physx.plugin. Add it to CARB_PLUGIN_IMPL_DEPS() macro of a client.
2026-07-15T20:29:01Z [832ms] [Warning] [omni.isaac.dynamic_control] omni.isaac.dynamic_control is deprecated as of Isaac Sim 4.5. No action is needed from end-users.
2026-07-15T20:29:29Z [28,320ms] [Warning] [gpu.foundation.plugin] Skipping unsupported non-NVIDIA GPU: AMD Unknown (RADV RAPHAEL_MENDOCINO)
2026-07-15T20:29:29Z [28,320ms] [Warning] [gpu.foundation.plugin] Skipping unsupported non-NVIDIA GPU: AMD Unknown (RADV RAPHAEL_MENDOCINO)

|---------------------------------------------------------------------------------------------|
| Driver Version: 580.159.03    | Graphics API: Vulkan
|=============================================================================================|
| GPU | Name                             | Active | LDA | GPU Memory | Vendor-ID | LUID       |
|     |                                  |        |     |            | Device-ID | UUID       |
|     |                                  |        |     |            | Bus-ID    |            |
|---------------------------------------------------------------------------------------------|
| 0   | NVIDIA RTX PRO 6000 Blackwell .. | Yes: 0 |     | 97887   MB | 10de      | 0          |
|     |                                  |        |     |            | 2bb1      | 25b334fd.. |
|     |                                  |        |     |            | 1         |            |
|---------------------------------------------------------------------------------------------|
| 1   | AMD Unknown (RADV RAPHAEL_MEND.. |        |     | 43508   MB | 1002      | 0          |
|     |                                  |        |     |            | 13c0      | 00000000.. |
|     |                                  |        |     |            | 79        |            |
|=============================================================================================|
| OS: 22.04.5 LTS (Jammy Jellyfish) ubuntu, Version: 22.04.5, Kernel: 6.8.0-124-generic
| XServer Vendor: The X.Org Foundation, XServer Version: 12101004 (1.21.1.4)
| Processor: AMD Ryzen 9 9950X3D 16-Core Processor
| Cores: 16 | Logical Cores: 32
|---------------------------------------------------------------------------------------------|
| Total Memory (MB): 126428 | Free Memory: 105542
| Total Page/Swap (MB): 2047 | Free Page/Swap: 2047
|---------------------------------------------------------------------------------------------|
2026-07-15T20:29:50Z [49,214ms] [Warning] [omni.kvdb.plugin] Disabling key-value database because another kit process is locking it
Loading user config located at: '/home/user/isaacsim/kit/data/Kit/Isaac-Sim/5.1/user.config.json'
[Info] [carb] Logging to file: /home/user/isaacsim/kit/logs/Kit/Isaac-Sim/5.1/kit_20260716_052901.log
2026-07-15T20:29:01Z [215ms] [Warning] [omni.usd_config.extension] Enable omni.materialx.libs extension to use MaterialX
2026-07-15T20:29:01Z [716ms] [Warning] [carb] Acquiring non optional plugin interface which is not listed as dependency: [omni::physx::IPhysxBenchmarks v1.0] (plugin: <default plugin>), by client: omni.physics.physx.plugin. Add it to CARB_PLUGIN_IMPL_DEPS() macro of a client.
2026-07-15T20:29:01Z [827ms] [Warning] [omni.isaac.dynamic_control] omni.isaac.dynamic_control is deprecated as of Isaac Sim 4.5. No action is needed from end-users.
2026-07-15T20:29:29Z [28,028ms] [Warning] [gpu.foundation.plugin] Skipping unsupported non-NVIDIA GPU: AMD Unknown (RADV RAPHAEL_MENDOCINO)
2026-07-15T20:29:29Z [28,028ms] [Warning] [gpu.foundation.plugin] Skipping unsupported non-NVIDIA GPU: AMD Unknown (RADV RAPHAEL_MENDOCINO)

|---------------------------------------------------------------------------------------------|
| Driver Version: 580.159.03    | Graphics API: Vulkan
|=============================================================================================|
| GPU | Name                             | Active | LDA | GPU Memory | Vendor-ID | LUID       |
|     |                                  |        |     |            | Device-ID | UUID       |
|     |                                  |        |     |            | Bus-ID    |            |
|---------------------------------------------------------------------------------------------|
| 0   | NVIDIA RTX PRO 6000 Blackwell .. | Yes: 0 |     | 97887   MB | 10de      | 0          |
|     |                                  |        |     |            | 2bb1      | 25b334fd.. |
|     |                                  |        |     |            | 1         |            |
|---------------------------------------------------------------------------------------------|
| 1   | AMD Unknown (RADV RAPHAEL_MEND.. |        |     | 43508   MB | 1002      | 0          |
|     |                                  |        |     |            | 13c0      | 00000000.. |
|     |                                  |        |     |            | 79        |            |
|=============================================================================================|
| OS: 22.04.5 LTS (Jammy Jellyfish) ubuntu, Version: 22.04.5, Kernel: 6.8.0-124-generic
| XServer Vendor: The X.Org Foundation, XServer Version: 12101004 (1.21.1.4)
| Processor: AMD Ryzen 9 9950X3D 16-Core Processor
| Cores: 16 | Logical Cores: 32
|---------------------------------------------------------------------------------------------|
| Total Memory (MB): 126428 | Free Memory: 105582
| Total Page/Swap (MB): 2047 | Free Page/Swap: 2047
|---------------------------------------------------------------------------------------------|
2026-07-15T20:29:51Z [50,585ms] [Warning] [omni.kvdb.plugin] Disabling key-value database because another kit process is locking it
[INFO][AppLauncher]: Using device: cuda:0
[INFO][AppLauncher]: Loading experience file: /home/user/IsaacLab/apps/isaaclab.python.headless.kit
[INFO][AppLauncher]: Using device: cuda:0
[INFO][AppLauncher]: Loading experience file: /home/user/IsaacLab/apps/isaaclab.python.headless.kit
Loading user config located at: '/home/user/isaacsim/kit/data/Kit/Isaac-Sim/5.1/user.config.json'
[Info] [carb] Logging to file: /home/user/isaacsim/kit/logs/Kit/Isaac-Sim/5.1/kit_20260716_052901.log
2026-07-15T20:29:01Z [207ms] [Warning] [omni.usd_config.extension] Enable omni.materialx.libs extension to use MaterialX
2026-07-15T20:29:01Z [558ms] [Warning] [carb] Acquiring non optional plugin interface which is not listed as dependency: [omni::physx::IPhysxBenchmarks v1.0] (plugin: <default plugin>), by client: omni.physics.physx.plugin. Add it to CARB_PLUGIN_IMPL_DEPS() macro of a client.
2026-07-15T20:29:01Z [672ms] [Warning] [omni.isaac.dynamic_control] omni.isaac.dynamic_control is deprecated as of Isaac Sim 4.5. No action is needed from end-users.
2026-07-15T20:29:29Z [28,148ms] [Warning] [gpu.foundation.plugin] Skipping unsupported non-NVIDIA GPU: AMD Unknown (RADV RAPHAEL_MENDOCINO)
2026-07-15T20:29:29Z [28,149ms] [Warning] [gpu.foundation.plugin] Skipping unsupported non-NVIDIA GPU: AMD Unknown (RADV RAPHAEL_MENDOCINO)

|---------------------------------------------------------------------------------------------|
| Driver Version: 580.159.03    | Graphics API: Vulkan
|=============================================================================================|
| GPU | Name                             | Active | LDA | GPU Memory | Vendor-ID | LUID       |
|     |                                  |        |     |            | Device-ID | UUID       |
|     |                                  |        |     |            | Bus-ID    |            |
|---------------------------------------------------------------------------------------------|
| 0   | NVIDIA RTX PRO 6000 Blackwell .. | Yes: 0 |     | 97887   MB | 10de      | 0          |
|     |                                  |        |     |            | 2bb1      | 25b334fd.. |
|     |                                  |        |     |            | 1         |            |
|---------------------------------------------------------------------------------------------|
| 1   | AMD Unknown (RADV RAPHAEL_MEND.. |        |     | 43508   MB | 1002      | 0          |
|     |                                  |        |     |            | 13c0      | 00000000.. |
|     |                                  |        |     |            | 79        |            |
|=============================================================================================|
| OS: 22.04.5 LTS (Jammy Jellyfish) ubuntu, Version: 22.04.5, Kernel: 6.8.0-124-generic
| XServer Vendor: The X.Org Foundation, XServer Version: 12101004 (1.21.1.4)
| Processor: AMD Ryzen 9 9950X3D 16-Core Processor
| Cores: 16 | Logical Cores: 32
|---------------------------------------------------------------------------------------------|
| Total Memory (MB): 126428 | Free Memory: 105577
| Total Page/Swap (MB): 2047 | Free Page/Swap: 2047
|---------------------------------------------------------------------------------------------|
2026-07-15T20:29:50Z [49,360ms] [Warning] [omni.kvdb.plugin] Disabling key-value database because another kit process is locking it
Loading user config located at: '/home/user/isaacsim/kit/data/Kit/Isaac-Sim/5.1/user.config.json'
[Info] [carb] Logging to file: /home/user/isaacsim/kit/logs/Kit/Isaac-Sim/5.1/kit_20260716_052901.log
2026-07-15T20:29:01Z [185ms] [Warning] [omni.usd_config.extension] Enable omni.materialx.libs extension to use MaterialX
2026-07-15T20:29:01Z [564ms] [Warning] [carb] Acquiring non optional plugin interface which is not listed as dependency: [omni::physx::IPhysxBenchmarks v1.0] (plugin: <default plugin>), by client: omni.physics.physx.plugin. Add it to CARB_PLUGIN_IMPL_DEPS() macro of a client.
2026-07-15T20:29:01Z [704ms] [Warning] [omni.isaac.dynamic_control] omni.isaac.dynamic_control is deprecated as of Isaac Sim 4.5. No action is needed from end-users.
2026-07-15T20:29:29Z [27,909ms] [Warning] [gpu.foundation.plugin] Skipping unsupported non-NVIDIA GPU: AMD Unknown (RADV RAPHAEL_MENDOCINO)
2026-07-15T20:29:29Z [27,909ms] [Warning] [gpu.foundation.plugin] Skipping unsupported non-NVIDIA GPU: AMD Unknown (RADV RAPHAEL_MENDOCINO)

|---------------------------------------------------------------------------------------------|
| Driver Version: 580.159.03    | Graphics API: Vulkan
|=============================================================================================|
| GPU | Name                             | Active | LDA | GPU Memory | Vendor-ID | LUID       |
|     |                                  |        |     |            | Device-ID | UUID       |
|     |                                  |        |     |            | Bus-ID    |            |
|---------------------------------------------------------------------------------------------|
| 0   | NVIDIA RTX PRO 6000 Blackwell .. | Yes: 0 |     | 97887   MB | 10de      | 0          |
|     |                                  |        |     |            | 2bb1      | 25b334fd.. |
|     |                                  |        |     |            | 1         |            |
|---------------------------------------------------------------------------------------------|
| 1   | AMD Unknown (RADV RAPHAEL_MEND.. |        |     | 43508   MB | 1002      | 0          |
|     |                                  |        |     |            | 13c0      | 00000000.. |
|     |                                  |        |     |            | 79        |            |
|=============================================================================================|
| OS: 22.04.5 LTS (Jammy Jellyfish) ubuntu, Version: 22.04.5, Kernel: 6.8.0-124-generic
| XServer Vendor: The X.Org Foundation, XServer Version: 12101004 (1.21.1.4)
| Processor: AMD Ryzen 9 9950X3D 16-Core Processor
| Cores: 16 | Logical Cores: 32
|---------------------------------------------------------------------------------------------|
| Total Memory (MB): 126428 | Free Memory: 105582
| Total Page/Swap (MB): 2047 | Free Page/Swap: 2047
|---------------------------------------------------------------------------------------------|
2026-07-15T20:29:50Z [49,619ms] [Warning] [omni.kvdb.plugin] Disabling key-value database because another kit process is locking it
[INFO][AppLauncher]: Using device: cuda:0
[INFO][AppLauncher]: Loading experience file: /home/user/IsaacLab/apps/isaaclab.python.headless.kit
[INFO][AppLauncher]: Using device: cuda:0
[INFO][AppLauncher]: Loading experience file: /home/user/IsaacLab/apps/isaaclab.python.headless.kit
[INFO][AppLauncher]: Using device: cuda:0
[INFO][AppLauncher]: Loading experience file: /home/user/IsaacLab/apps/isaaclab.python.headless.kit
Loading user config located at: '/home/user/isaacsim/kit/data/Kit/Isaac-Sim/5.1/user.config.json'
[Info] [carb] Logging to file: /home/user/isaacsim/kit/logs/Kit/Isaac-Sim/5.1/kit_20260716_052901.log
2026-07-15T20:29:01Z [240ms] [Warning] [omni.usd_config.extension] Enable omni.materialx.libs extension to use MaterialX
2026-07-15T20:29:01Z [770ms] [Warning] [carb] Acquiring non optional plugin interface which is not listed as dependency: [omni::physx::IPhysxBenchmarks v1.0] (plugin: <default plugin>), by client: omni.physics.physx.plugin. Add it to CARB_PLUGIN_IMPL_DEPS() macro of a client.
2026-07-15T20:29:02Z [876ms] [Warning] [omni.isaac.dynamic_control] omni.isaac.dynamic_control is deprecated as of Isaac Sim 4.5. No action is needed from end-users.
2026-07-15T20:29:29Z [28,305ms] [Warning] [gpu.foundation.plugin] Skipping unsupported non-NVIDIA GPU: AMD Unknown (RADV RAPHAEL_MENDOCINO)
2026-07-15T20:29:29Z [28,305ms] [Warning] [gpu.foundation.plugin] Skipping unsupported non-NVIDIA GPU: AMD Unknown (RADV RAPHAEL_MENDOCINO)

|---------------------------------------------------------------------------------------------|
| Driver Version: 580.159.03    | Graphics API: Vulkan
|=============================================================================================|
| GPU | Name                             | Active | LDA | GPU Memory | Vendor-ID | LUID       |
|     |                                  |        |     |            | Device-ID | UUID       |
|     |                                  |        |     |            | Bus-ID    |            |
|---------------------------------------------------------------------------------------------|
| 0   | NVIDIA RTX PRO 6000 Blackwell .. | Yes: 0 |     | 97887   MB | 10de      | 0          |
|     |                                  |        |     |            | 2bb1      | 25b334fd.. |
|     |                                  |        |     |            | 1         |            |
|---------------------------------------------------------------------------------------------|
| 1   | AMD Unknown (RADV RAPHAEL_MEND.. |        |     | 43508   MB | 1002      | 0          |
|     |                                  |        |     |            | 13c0      | 00000000.. |
|     |                                  |        |     |            | 79        |            |
|=============================================================================================|
| OS: 22.04.5 LTS (Jammy Jellyfish) ubuntu, Version: 22.04.5, Kernel: 6.8.0-124-generic
| XServer Vendor: The X.Org Foundation, XServer Version: 12101004 (1.21.1.4)
| Processor: AMD Ryzen 9 9950X3D 16-Core Processor
| Cores: 16 | Logical Cores: 32
|---------------------------------------------------------------------------------------------|
| Total Memory (MB): 126428 | Free Memory: 105542
| Total Page/Swap (MB): 2047 | Free Page/Swap: 2047
|---------------------------------------------------------------------------------------------|
2026-07-15T20:29:50Z [49,100ms] [Warning] [omni.kvdb.plugin] Disabling key-value database because another kit process is locking it
Loading user config located at: '/home/user/isaacsim/kit/data/Kit/Isaac-Sim/5.1/user.config.json'
[Info] [carb] Logging to file: /home/user/isaacsim/kit/logs/Kit/Isaac-Sim/5.1/kit_20260716_052901.log
2026-07-15T20:29:01Z [230ms] [Warning] [omni.usd_config.extension] Enable omni.materialx.libs extension to use MaterialX
2026-07-15T20:29:01Z [676ms] [Warning] [carb] Acquiring non optional plugin interface which is not listed as dependency: [omni::physx::IPhysxBenchmarks v1.0] (plugin: <default plugin>), by client: omni.physics.physx.plugin. Add it to CARB_PLUGIN_IMPL_DEPS() macro of a client.
2026-07-15T20:29:01Z [786ms] [Warning] [omni.isaac.dynamic_control] omni.isaac.dynamic_control is deprecated as of Isaac Sim 4.5. No action is needed from end-users.
2026-07-15T20:29:29Z [28,288ms] [Warning] [gpu.foundation.plugin] Skipping unsupported non-NVIDIA GPU: AMD Unknown (RADV RAPHAEL_MENDOCINO)
2026-07-15T20:29:29Z [28,288ms] [Warning] [gpu.foundation.plugin] Skipping unsupported non-NVIDIA GPU: AMD Unknown (RADV RAPHAEL_MENDOCINO)

|---------------------------------------------------------------------------------------------|
| Driver Version: 580.159.03    | Graphics API: Vulkan
|=============================================================================================|
| GPU | Name                             | Active | LDA | GPU Memory | Vendor-ID | LUID       |
|     |                                  |        |     |            | Device-ID | UUID       |
|     |                                  |        |     |            | Bus-ID    |            |
|---------------------------------------------------------------------------------------------|
| 0   | NVIDIA RTX PRO 6000 Blackwell .. | Yes: 0 |     | 97887   MB | 10de      | 0          |
|     |                                  |        |     |            | 2bb1      | 25b334fd.. |
|     |                                  |        |     |            | 1         |            |
|---------------------------------------------------------------------------------------------|
| 1   | AMD Unknown (RADV RAPHAEL_MEND.. |        |     | 43508   MB | 1002      | 0          |
|     |                                  |        |     |            | 13c0      | 00000000.. |
|     |                                  |        |     |            | 79        |            |
|=============================================================================================|
| OS: 22.04.5 LTS (Jammy Jellyfish) ubuntu, Version: 22.04.5, Kernel: 6.8.0-124-generic
| XServer Vendor: The X.Org Foundation, XServer Version: 12101004 (1.21.1.4)
| Processor: AMD Ryzen 9 9950X3D 16-Core Processor
| Cores: 16 | Logical Cores: 32
|---------------------------------------------------------------------------------------------|
| Total Memory (MB): 126428 | Free Memory: 105542
| Total Page/Swap (MB): 2047 | Free Page/Swap: 2047
|---------------------------------------------------------------------------------------------|
2026-07-15T20:29:50Z [49,399ms] [Warning] [omni.kvdb.plugin] Disabling key-value database because another kit process is locking it
Loading user config located at: '/home/user/isaacsim/kit/data/Kit/Isaac-Sim/5.1/user.config.json'
[Info] [carb] Logging to file: /home/user/isaacsim/kit/logs/Kit/Isaac-Sim/5.1/kit_20260716_052901.log
2026-07-15T20:29:01Z [187ms] [Warning] [omni.usd_config.extension] Enable omni.materialx.libs extension to use MaterialX
2026-07-15T20:29:01Z [742ms] [Warning] [carb] Acquiring non optional plugin interface which is not listed as dependency: [omni::physx::IPhysxBenchmarks v1.0] (plugin: <default plugin>), by client: omni.physics.physx.plugin. Add it to CARB_PLUGIN_IMPL_DEPS() macro of a client.
2026-07-15T20:29:02Z [849ms] [Warning] [omni.isaac.dynamic_control] omni.isaac.dynamic_control is deprecated as of Isaac Sim 4.5. No action is needed from end-users.
2026-07-15T20:29:29Z [28,263ms] [Warning] [gpu.foundation.plugin] Skipping unsupported non-NVIDIA GPU: AMD Unknown (RADV RAPHAEL_MENDOCINO)
2026-07-15T20:29:29Z [28,264ms] [Warning] [gpu.foundation.plugin] Skipping unsupported non-NVIDIA GPU: AMD Unknown (RADV RAPHAEL_MENDOCINO)

|---------------------------------------------------------------------------------------------|
| Driver Version: 580.159.03    | Graphics API: Vulkan
|=============================================================================================|
| GPU | Name                             | Active | LDA | GPU Memory | Vendor-ID | LUID       |
|     |                                  |        |     |            | Device-ID | UUID       |
|     |                                  |        |     |            | Bus-ID    |            |
|---------------------------------------------------------------------------------------------|
| 0   | NVIDIA RTX PRO 6000 Blackwell .. | Yes: 0 |     | 97887   MB | 10de      | 0          |
|     |                                  |        |     |            | 2bb1      | 25b334fd.. |
|     |                                  |        |     |            | 1         |            |
|---------------------------------------------------------------------------------------------|
| 1   | AMD Unknown (RADV RAPHAEL_MEND.. |        |     | 43508   MB | 1002      | 0          |
|     |                                  |        |     |            | 13c0      | 00000000.. |
|     |                                  |        |     |            | 79        |            |
|=============================================================================================|
| OS: 22.04.5 LTS (Jammy Jellyfish) ubuntu, Version: 22.04.5, Kernel: 6.8.0-124-generic
| XServer Vendor: The X.Org Foundation, XServer Version: 12101004 (1.21.1.4)
| Processor: AMD Ryzen 9 9950X3D 16-Core Processor
| Cores: 16 | Logical Cores: 32
|---------------------------------------------------------------------------------------------|
| Total Memory (MB): 126428 | Free Memory: 105542
| Total Page/Swap (MB): 2047 | Free Page/Swap: 2047
|---------------------------------------------------------------------------------------------|
2026-07-15T20:29:50Z [49,775ms] [Warning] [omni.kvdb.plugin] Disabling key-value database because another kit process is locking it
[INFO][AppLauncher]: Using device: cuda:0
[INFO][AppLauncher]: Loading experience file: /home/user/IsaacLab/apps/isaaclab.python.headless.kit
Loading user config located at: '/home/user/isaacsim/kit/data/Kit/Isaac-Sim/5.1/user.config.json'
[Info] [carb] Logging to file: /home/user/isaacsim/kit/logs/Kit/Isaac-Sim/5.1/kit_20260716_052901.log
2026-07-15T20:29:01Z [186ms] [Warning] [omni.usd_config.extension] Enable omni.materialx.libs extension to use MaterialX
2026-07-15T20:29:01Z [705ms] [Warning] [carb] Acquiring non optional plugin interface which is not listed as dependency: [omni::physx::IPhysxBenchmarks v1.0] (plugin: <default plugin>), by client: omni.physics.physx.plugin. Add it to CARB_PLUGIN_IMPL_DEPS() macro of a client.
2026-07-15T20:29:01Z [818ms] [Warning] [omni.isaac.dynamic_control] omni.isaac.dynamic_control is deprecated as of Isaac Sim 4.5. No action is needed from end-users.
2026-07-15T20:29:29Z [28,129ms] [Warning] [gpu.foundation.plugin] Skipping unsupported non-NVIDIA GPU: AMD Unknown (RADV RAPHAEL_MENDOCINO)
2026-07-15T20:29:29Z [28,129ms] [Warning] [gpu.foundation.plugin] Skipping unsupported non-NVIDIA GPU: AMD Unknown (RADV RAPHAEL_MENDOCINO)

|---------------------------------------------------------------------------------------------|
| Driver Version: 580.159.03    | Graphics API: Vulkan
|=============================================================================================|
| GPU | Name                             | Active | LDA | GPU Memory | Vendor-ID | LUID       |
|     |                                  |        |     |            | Device-ID | UUID       |
|     |                                  |        |     |            | Bus-ID    |            |
|---------------------------------------------------------------------------------------------|
| 0   | NVIDIA RTX PRO 6000 Blackwell .. | Yes: 0 |     | 97887   MB | 10de      | 0          |
|     |                                  |        |     |            | 2bb1      | 25b334fd.. |
|     |                                  |        |     |            | 1         |            |
|---------------------------------------------------------------------------------------------|
| 1   | AMD Unknown (RADV RAPHAEL_MEND.. |        |     | 43508   MB | 1002      | 0          |
|     |                                  |        |     |            | 13c0      | 00000000.. |
|     |                                  |        |     |            | 79        |            |
|=============================================================================================|
| OS: 22.04.5 LTS (Jammy Jellyfish) ubuntu, Version: 22.04.5, Kernel: 6.8.0-124-generic
| XServer Vendor: The X.Org Foundation, XServer Version: 12101004 (1.21.1.4)
| Processor: AMD Ryzen 9 9950X3D 16-Core Processor
| Cores: 16 | Logical Cores: 32
|---------------------------------------------------------------------------------------------|
| Total Memory (MB): 126428 | Free Memory: 105577
| Total Page/Swap (MB): 2047 | Free Page/Swap: 2047
|---------------------------------------------------------------------------------------------|
2026-07-15T20:29:50Z [49,493ms] [Warning] [omni.kvdb.plugin] Disabling key-value database because another kit process is locking it
[INFO][AppLauncher]: Using device: cuda:0
[INFO][AppLauncher]: Loading experience file: /home/user/IsaacLab/apps/isaaclab.python.headless.kit
Loading user config located at: '/home/user/isaacsim/kit/data/Kit/Isaac-Sim/5.1/user.config.json'
[Info] [carb] Logging to file: /home/user/isaacsim/kit/logs/Kit/Isaac-Sim/5.1/kit_20260716_052901.log
2026-07-15T20:29:01Z [211ms] [Warning] [omni.usd_config.extension] Enable omni.materialx.libs extension to use MaterialX
2026-07-15T20:29:01Z [585ms] [Warning] [carb] Acquiring non optional plugin interface which is not listed as dependency: [omni::physx::IPhysxBenchmarks v1.0] (plugin: <default plugin>), by client: omni.physics.physx.plugin. Add it to CARB_PLUGIN_IMPL_DEPS() macro of a client.
2026-07-15T20:29:01Z [702ms] [Warning] [omni.isaac.dynamic_control] omni.isaac.dynamic_control is deprecated as of Isaac Sim 4.5. No action is needed from end-users.
2026-07-15T20:29:29Z [28,170ms] [Warning] [gpu.foundation.plugin] Skipping unsupported non-NVIDIA GPU: AMD Unknown (RADV RAPHAEL_MENDOCINO)
2026-07-15T20:29:29Z [28,170ms] [Warning] [gpu.foundation.plugin] Skipping unsupported non-NVIDIA GPU: AMD Unknown (RADV RAPHAEL_MENDOCINO)

|---------------------------------------------------------------------------------------------|
| Driver Version: 580.159.03    | Graphics API: Vulkan
|=============================================================================================|
| GPU | Name                             | Active | LDA | GPU Memory | Vendor-ID | LUID       |
|     |                                  |        |     |            | Device-ID | UUID       |
|     |                                  |        |     |            | Bus-ID    |            |
|---------------------------------------------------------------------------------------------|
| 0   | NVIDIA RTX PRO 6000 Blackwell .. | Yes: 0 |     | 97887   MB | 10de      | 0          |
|     |                                  |        |     |            | 2bb1      | 25b334fd.. |
|     |                                  |        |     |            | 1         |            |
|---------------------------------------------------------------------------------------------|
| 1   | AMD Unknown (RADV RAPHAEL_MEND.. |        |     | 43508   MB | 1002      | 0          |
|     |                                  |        |     |            | 13c0      | 00000000.. |
|     |                                  |        |     |            | 79        |            |
|=============================================================================================|
| OS: 22.04.5 LTS (Jammy Jellyfish) ubuntu, Version: 22.04.5, Kernel: 6.8.0-124-generic
| XServer Vendor: The X.Org Foundation, XServer Version: 12101004 (1.21.1.4)
| Processor: AMD Ryzen 9 9950X3D 16-Core Processor
| Cores: 16 | Logical Cores: 32
|---------------------------------------------------------------------------------------------|
| Total Memory (MB): 126428 | Free Memory: 105577
| Total Page/Swap (MB): 2047 | Free Page/Swap: 2047
|---------------------------------------------------------------------------------------------|
2026-07-15T20:29:50Z [49,063ms] [Warning] [omni.kvdb.plugin] Disabling key-value database because another kit process is locking it
[INFO][AppLauncher]: Using device: cuda:0
[INFO][AppLauncher]: Loading experience file: /home/user/IsaacLab/apps/isaaclab.python.headless.kit
Loading user config located at: '/home/user/isaacsim/kit/data/Kit/Isaac-Sim/5.1/user.config.json'
[Info] [carb] Logging to file: /home/user/isaacsim/kit/logs/Kit/Isaac-Sim/5.1/kit_20260716_052901.log
2026-07-15T20:29:01Z [241ms] [Warning] [omni.usd_config.extension] Enable omni.materialx.libs extension to use MaterialX
2026-07-15T20:29:01Z [660ms] [Warning] [carb] Acquiring non optional plugin interface which is not listed as dependency: [omni::physx::IPhysxBenchmarks v1.0] (plugin: <default plugin>), by client: omni.physics.physx.plugin. Add it to CARB_PLUGIN_IMPL_DEPS() macro of a client.
2026-07-15T20:29:01Z [779ms] [Warning] [omni.isaac.dynamic_control] omni.isaac.dynamic_control is deprecated as of Isaac Sim 4.5. No action is needed from end-users.
2026-07-15T20:29:29Z [28,301ms] [Warning] [gpu.foundation.plugin] Skipping unsupported non-NVIDIA GPU: AMD Unknown (RADV RAPHAEL_MENDOCINO)
2026-07-15T20:29:29Z [28,302ms] [Warning] [gpu.foundation.plugin] Skipping unsupported non-NVIDIA GPU: AMD Unknown (RADV RAPHAEL_MENDOCINO)

|---------------------------------------------------------------------------------------------|
| Driver Version: 580.159.03    | Graphics API: Vulkan
|=============================================================================================|
| GPU | Name                             | Active | LDA | GPU Memory | Vendor-ID | LUID       |
|     |                                  |        |     |            | Device-ID | UUID       |
|     |                                  |        |     |            | Bus-ID    |            |
|---------------------------------------------------------------------------------------------|
| 0   | NVIDIA RTX PRO 6000 Blackwell .. | Yes: 0 |     | 97887   MB | 10de      | 0          |
|     |                                  |        |     |            | 2bb1      | 25b334fd.. |
|     |                                  |        |     |            | 1         |            |
|---------------------------------------------------------------------------------------------|
| 1   | AMD Unknown (RADV RAPHAEL_MEND.. |        |     | 43508   MB | 1002      | 0          |
|     |                                  |        |     |            | 13c0      | 00000000.. |
|     |                                  |        |     |            | 79        |            |
|=============================================================================================|
| OS: 22.04.5 LTS (Jammy Jellyfish) ubuntu, Version: 22.04.5, Kernel: 6.8.0-124-generic
| XServer Vendor: The X.Org Foundation, XServer Version: 12101004 (1.21.1.4)
| Processor: AMD Ryzen 9 9950X3D 16-Core Processor
| Cores: 16 | Logical Cores: 32
|---------------------------------------------------------------------------------------------|
| Total Memory (MB): 126428 | Free Memory: 105542
| Total Page/Swap (MB): 2047 | Free Page/Swap: 2047
|---------------------------------------------------------------------------------------------|
2026-07-15T20:29:51Z [49,863ms] [Warning] [omni.kvdb.plugin] Disabling key-value database because another kit process is locking it
2026-07-16T00:31:42Z [14,561,141ms] [Warning] [omni.physx.plugin] USD stage detach not called, holding a loose ptr to a stage!
2026-07-16T00:31:43Z [14,562,192ms] [Warning] [carb] Recursive unloadAllPlugins() detected!
2026-07-16T00:31:42Z [14,561,127ms] [Warning] [omni.physx.plugin] USD stage detach not called, holding a loose ptr to a stage!
2026-07-16T00:31:43Z [14,562,197ms] [Warning] [carb] Recursive unloadAllPlugins() detected!
2026-07-16T00:31:42Z [14,561,077ms] [Warning] [omni.physx.plugin] USD stage detach not called, holding a loose ptr to a stage!
2026-07-16T00:31:43Z [14,562,195ms] [Warning] [carb] Recursive unloadAllPlugins() detected!
2026-07-16T00:31:42Z [14,561,151ms] [Warning] [omni.physx.plugin] USD stage detach not called, holding a loose ptr to a stage!
2026-07-16T00:31:43Z [14,562,276ms] [Warning] [carb] Recursive unloadAllPlugins() detected!
2026-07-16T00:31:42Z [14,561,147ms] [Warning] [omni.physx.plugin] USD stage detach not called, holding a loose ptr to a stage!
2026-07-16T00:31:43Z [14,562,273ms] [Warning] [carb] Recursive unloadAllPlugins() detected!
2026-07-16T00:31:42Z [14,561,123ms] [Warning] [omni.physx.plugin] USD stage detach not called, holding a loose ptr to a stage!
2026-07-16T00:31:43Z [14,562,257ms] [Warning] [carb] Recursive unloadAllPlugins() detected!
2026-07-16T00:31:42Z [14,561,121ms] [Warning] [omni.physx.plugin] USD stage detach not called, holding a loose ptr to a stage!
2026-07-16T00:31:43Z [14,562,246ms] [Warning] [carb] Recursive unloadAllPlugins() detected!
2026-07-16T00:31:42Z [14,561,154ms] [Warning] [omni.physx.plugin] USD stage detach not called, holding a loose ptr to a stage!
2026-07-16T00:31:43Z [14,562,278ms] [Warning] [carb] Recursive unloadAllPlugins() detected!
2026-07-16T00:31:42Z [14,561,088ms] [Warning] [omni.physx.plugin] USD stage detach not called, holding a loose ptr to a stage!
2026-07-16T00:31:43Z [14,562,224ms] [Warning] [carb] Recursive unloadAllPlugins() detected!
2026-07-16T00:31:42Z [14,561,123ms] [Warning] [omni.physx.plugin] USD stage detach not called, holding a loose ptr to a stage!
2026-07-16T00:31:43Z [14,562,267ms] [Warning] [carb] Recursive unloadAllPlugins() detected!
2026-07-16T00:31:42Z [14,561,110ms] [Warning] [omni.physx.plugin] USD stage detach not called, holding a loose ptr to a stage!
2026-07-16T00:31:43Z [14,562,266ms] [Warning] [carb] Recursive unloadAllPlugins() detected!
2026-07-16T00:31:42Z [14,561,100ms] [Warning] [omni.physx.plugin] USD stage detach not called, holding a loose ptr to a stage!
2026-07-16T00:31:43Z [14,562,262ms] [Warning] [carb] Recursive unloadAllPlugins() detected!
2026-07-16T00:31:42Z [14,561,115ms] [Warning] [omni.physx.plugin] USD stage detach not called, holding a loose ptr to a stage!
2026-07-16T00:31:43Z [14,562,281ms] [Warning] [carb] Recursive unloadAllPlugins() detected!
2026-07-16T00:31:42Z [14,561,128ms] [Warning] [omni.physx.plugin] USD stage detach not called, holding a loose ptr to a stage!
2026-07-16T00:31:43Z [14,562,290ms] [Warning] [carb] Recursive unloadAllPlugins() detected!
2026-07-16T00:31:42Z [14,561,127ms] [Warning] [omni.physx.plugin] USD stage detach not called, holding a loose ptr to a stage!
2026-07-16T00:31:43Z [14,562,293ms] [Warning] [carb] Recursive unloadAllPlugins() detected!
2026-07-16T00:31:42Z [14,561,130ms] [Warning] [omni.physx.plugin] USD stage detach not called, holding a loose ptr to a stage!
2026-07-16T00:31:43Z [14,562,338ms] [Warning] [carb] Recursive unloadAllPlugins() detected!
wandb: updating run metadata
wandb: uploading output.log
wandb: uploading history steps 1500-1500, summary, console lines 1535-1535
wandb: 
wandb: Run history:
wandb:               checkpoint/latest_update ▁▂▄▅▇█
wandb:                       checkpoint/saved ▁▁▁▁▁▁
wandb:                        eval/best_score ▁▁▁▁▁▁▁▁▁▁▁▁▁▁▁▁▁▁▁▁▁▁▁▁▁▁▁▁▁▁▁
wandb:                 eval/competition_score ▆▅▄▂▃▂▅▆▁▂▄▁▂▄▅▇▅█▆▆▅▅▆▆▇▆▆▂▆▆▅
wandb:         eval/deployment_bottom10_score ▁▁▁▁▁▁▁▁▁▁▁▁▁▁▁▁▁▁▁▁▁▁▁▁▁▁▁▁▁▁▁
wandb: eval/deployment_confirm_bottom10_score ▁▁▁▁▁▁▁▁▁▁▁▁▁▁▁▁▁▁▁▁▁▁▁▁▁▁▁▁▁▁▁
wandb:      eval/deployment_confirm_min_score ▁▁▁▁▁▁▁▁▁▁▁▁▁▁▁▁▁▁▁▁▁▁▁▁▁▁▁▁▁▁▁
wandb:          eval/deployment_confirm_score ▁▁▁▁▁▁▁▁▁▁▁▁▁▁▁▁▁▁▁▁▁▁▁▁▁▁▁▁▁▁▁
wandb:         eval/deployment_guard_rejected ▁▁▁▁▁▁▁▁▁▁▁▁▁▁▁▁▁▁▁▁▁▁▁▁▁▁▁▁▁▁▁
wandb:         eval/deployment_max_regression ▁▁▁▁▁▁▁▁▁▁▁▁▁▁▁▁▁▁▁▁▁▁▁▁▁▁▁▁▁▁▁
wandb:                                    +17 ...
wandb: 
wandb: Run summary:
wandb:               checkpoint/latest_update 1500
wandb:                       checkpoint/saved 1
wandb:                        eval/best_score 86.57982
wandb:                 eval/competition_score 85.41802
wandb:         eval/deployment_bottom10_score 79.473
wandb: eval/deployment_confirm_bottom10_score -1
wandb:      eval/deployment_confirm_min_score -1
wandb:          eval/deployment_confirm_score -1
wandb:         eval/deployment_guard_rejected 0
wandb:         eval/deployment_max_regression 0
wandb:                                    +17 ...
wandb: 
wandb: 🚀 View run sun_c1400_env128_workers16_rand52official_gap_fill_v2_lr5e7_cont at: https://wandb.ai/nkyeonjae1009-university-of-seoul/assignment2-pallet/runs/wlc4di4c
wandb: ⭐️ View project at: https://wandb.ai/nkyeonjae1009-university-of-seoul/assignment2-pallet
wandb: Synced 5 W&B file(s), 0 media file(s), 0 artifact file(s) and 0 other file(s)
wandb: Find logs at: isaaclab_pallet/runs/sun_c1400_env128_workers16_rand52official_gap_fill_v2_lr5e7_cont/wandb/wandb/run-20260716_052954-wlc4di4c/logs
Loading user config located at: '/home/user/isaacsim/kit/data/Kit/Isaac-Sim/5.1/user.config.json'
[Info] [carb] Logging to file: /home/user/isaacsim/kit/logs/Kit/Isaac-Sim/5.1/kit_20260716_052854.log
2026-07-15T20:28:54Z [164ms] [Warning] [omni.usd_config.extension] Enable omni.materialx.libs extension to use MaterialX
2026-07-15T20:28:54Z [423ms] [Warning] [carb] Acquiring non optional plugin interface which is not listed as dependency: [omni::physx::IPhysxBenchmarks v1.0] (plugin: <default plugin>), by client: omni.physics.physx.plugin. Add it to CARB_PLUGIN_IMPL_DEPS() macro of a client.
2026-07-15T20:28:54Z [521ms] [Warning] [omni.isaac.dynamic_control] omni.isaac.dynamic_control is deprecated as of Isaac Sim 4.5. No action is needed from end-users.
2026-07-15T20:29:00Z [6,311ms] [Warning] [gpu.foundation.plugin] Skipping unsupported non-NVIDIA GPU: AMD Unknown (RADV RAPHAEL_MENDOCINO)
2026-07-15T20:29:00Z [6,311ms] [Warning] [gpu.foundation.plugin] Skipping unsupported non-NVIDIA GPU: AMD Unknown (RADV RAPHAEL_MENDOCINO)

|---------------------------------------------------------------------------------------------|
| Driver Version: 580.159.03    | Graphics API: Vulkan
|=============================================================================================|
| GPU | Name                             | Active | LDA | GPU Memory | Vendor-ID | LUID       |
|     |                                  |        |     |            | Device-ID | UUID       |
|     |                                  |        |     |            | Bus-ID    |            |
|---------------------------------------------------------------------------------------------|
| 0   | NVIDIA RTX PRO 6000 Blackwell .. | Yes: 0 |     | 97887   MB | 10de      | 0          |
|     |                                  |        |     |            | 2bb1      | 25b334fd.. |
|     |                                  |        |     |            | 1         |            |
|---------------------------------------------------------------------------------------------|
| 1   | AMD Unknown (RADV RAPHAEL_MEND.. |        |     | 43508   MB | 1002      | 0          |
|     |                                  |        |     |            | 13c0      | 00000000.. |
|     |                                  |        |     |            | 79        |            |
|=============================================================================================|
| OS: 22.04.5 LTS (Jammy Jellyfish) ubuntu, Version: 22.04.5, Kernel: 6.8.0-124-generic
| XServer Vendor: The X.Org Foundation, XServer Version: 12101004 (1.21.1.4)
| Processor: AMD Ryzen 9 9950X3D 16-Core Processor
| Cores: 16 | Logical Cores: 32
|---------------------------------------------------------------------------------------------|
| Total Memory (MB): 126428 | Free Memory: 118750
| Total Page/Swap (MB): 2047 | Free Page/Swap: 2047
|---------------------------------------------------------------------------------------------|
2026-07-15T20:29:01Z [6,771ms] [Warning] [isaaclab.envs.direct_rl_env] Seed not set for the environment. The environment creation may not be deterministic.
[c1400-workers16] profile=sun_gap_fill_v2 exited code=0 Thu Jul 16 09:31:47 AM KST 2026
