[reward-sweep] warm-start profile=floor_low run=reward_sweep_small_floor_low seed=0 Tue Jun 30 01:43:22 PM KST 2026
Gym has been unmaintained since 2022 and does not support NumPy 2.0 amongst other critical functionality.
Please upgrade to Gymnasium, the maintained drop-in replacement of Gym, or contact the authors of your software and request that they upgrade.
See the migration guide at https://gymnasium.farama.org/introduction/migration_guide/ for additional information.
[INFO][AppLauncher]: Using device: cuda:0
[INFO][AppLauncher]: Loading experience file: /home/user/IsaacLab/apps/isaaclab.python.headless.kit

[36m======================================================================================[0m
[36m[1m[INFO][IsaacLab]: Logging to file: /tmp/isaaclab/logs/isaaclab_2026-06-30_13-43-25.log[0m
[36m======================================================================================[0m

[33m13:43:25 [simulation_context.py] WARNING: The `enable_external_forces_every_iteration` parameter in the PhysxCfg is set to False. If you are experiencing noisy velocities, consider enabling this flag. You may need to slightly increase the number of velocity iterations (setting it to 1 or 2 rather than 0), together with this flag, to improve the accuracy of velocity updates.[0m
[INFO]: Base environment:
	Environment device    : cuda:0
	Environment seed      : None
	Physics step-size     : 0.008333333333333333
	Rendering step-size   : 0.16666666666666666
	Environment step-size : 0.16666666666666666
[33m13:43:26 [interactive_scene.py] WARNING: Collision filtering can only be automatically enabled when replicate_physics=True and using GPU simulation. Please call scene.filter_collisions(global_prim_paths) to filter collisions across environments.[0m
[INFO]: Time taken for scene creation : 1.234926 seconds
[INFO]: Scene manager:  <class InteractiveScene>
	Number of environments: 4
	Environment spacing   : 3.0
	Source prim name      : /World/envs/env_0
	Global prim paths     : []
	Replicate physics     : False
[INFO]: Starting the simulation. This may take a few seconds. Please wait...
[INFO]: Time taken for simulation start : 0.369694 seconds
[INFO]: Completed setting up the environment...
[gat-train] loaded GAT checkpoint: isaaclab_pallet/runs/overnight_full/PCT-latest.pt
[gat-train] run_dir=isaaclab_pallet/runs/reward_sweep_small_floor_low device=cuda:0 num_envs=4 obs_shape=(4, 301, 9) leaf_shape=(4, 100, 9) num_steps=5 normFactor=0.8 drift_fail_threshold=0.4 reward_profile=floor_low
[gat-train] initial competition score = 89.26  -> PCT-best.pt
[gat-train] update=1 samples=20 fps=5.0 loss=0.0566 actor=0.0026 value=0.0603 entropy=0.6277 mean_return=0.000 mean_len=0.0
[gat-train] update=2 samples=40 fps=8.2 loss=0.2139 actor=0.1179 value=0.1055 entropy=0.9486 mean_return=0.000 mean_len=0.0
[gat-train] update=3 samples=60 fps=10.1 loss=0.2541 actor=0.1519 value=0.1133 entropy=1.1031 mean_return=0.000 mean_len=0.0
[gat-train] update=4 samples=80 fps=11.2 loss=-0.0947 actor=-0.1147 value=0.0309 entropy=1.0877 mean_return=0.000 mean_len=0.0
[gat-train] update=5 samples=100 fps=11.7 loss=-0.1377 actor=-0.1656 value=0.0432 entropy=1.5295 mean_return=0.000 mean_len=0.0
[gat-train] update=6 samples=120 fps=12.0 loss=-0.2741 actor=-0.3273 value=0.0666 entropy=1.3370 mean_return=0.000 mean_len=0.0
[gat-train] update=7 samples=140 fps=12.2 loss=-0.3386 actor=-0.4469 value=0.1222 entropy=1.3920 mean_return=0.000 mean_len=0.0
[gat-train] update=8 samples=160 fps=12.2 loss=-0.3105 actor=-0.4612 value=0.1639 entropy=1.3141 mean_return=0.000 mean_len=0.0
[gat-train] update=9 samples=180 fps=12.0 loss=-0.4382 actor=-0.6938 value=0.2718 entropy=1.6289 mean_return=0.000 mean_len=0.0
[gat-train] update=10 samples=200 fps=12.0 loss=-0.4533 actor=-0.8170 value=0.3771 entropy=1.3391 mean_return=0.000 mean_len=0.0
[gat-train] update=11 samples=220 fps=11.8 loss=-0.5451 actor=-0.9914 value=0.4596 entropy=1.3302 mean_return=0.000 mean_len=0.0
[gat-train] update=12 samples=240 fps=11.7 loss=-0.5347 actor=-1.0215 value=0.5018 entropy=1.5002 mean_return=0.000 mean_len=0.0
[gat-train] update=13 samples=260 fps=11.7 loss=-0.8017 actor=-1.6173 value=0.8354 entropy=1.9742 mean_return=0.000 mean_len=0.0
[gat-train] update=14 samples=280 fps=11.6 loss=-0.4953 actor=-1.5595 value=1.0819 entropy=1.7645 mean_return=0.000 mean_len=0.0
[gat-train] update=15 samples=300 fps=11.5 loss=-0.3226 actor=-1.2891 value=0.9822 entropy=1.5644 mean_return=0.000 mean_len=0.0
[gat-train] update=16 samples=320 fps=11.6 loss=-0.3871 actor=-1.3724 value=1.0032 entropy=1.7928 mean_return=1.302 mean_len=79.0
[gat-train] update=17 samples=340 fps=11.8 loss=-0.1046 actor=-0.7423 value=0.6524 entropy=1.4743 mean_return=1.013 mean_len=80.5
[gat-train] update=18 samples=360 fps=12.0 loss=-0.0949 actor=-0.5846 value=0.5029 entropy=1.3271 mean_return=0.821 mean_len=82.3
[gat-train] update=19 samples=380 fps=12.3 loss=0.3730 actor=0.2642 value=0.1213 entropy=1.2458 mean_return=0.548 mean_len=84.5
[gat-train] update=20 samples=400 fps=12.5 loss=0.4384 actor=0.3194 value=0.1302 entropy=1.1177 mean_return=0.548 mean_len=84.5
[gat-train] update=21 samples=420 fps=12.7 loss=-0.0790 actor=-0.1453 value=0.0771 entropy=1.0826 mean_return=0.548 mean_len=84.5
[gat-train] update=22 samples=440 fps=12.8 loss=-0.1007 actor=-0.1565 value=0.0702 entropy=1.4356 mean_return=0.548 mean_len=84.5
[gat-train] update=23 samples=460 fps=12.8 loss=-0.3716 actor=-0.4741 value=0.1187 entropy=1.6180 mean_return=0.548 mean_len=84.5
[gat-train] update=24 samples=480 fps=12.8 loss=-0.2130 actor=-0.2866 value=0.0880 entropy=1.4370 mean_return=0.548 mean_len=84.5
[gat-train] update=25 samples=500 fps=12.8 loss=-0.1905 actor=-0.3529 value=0.1762 entropy=1.3774 mean_return=0.548 mean_len=84.5
[gat-train] update=26 samples=520 fps=12.8 loss=-0.4628 actor=-0.7829 value=0.3367 entropy=1.6665 mean_return=0.548 mean_len=84.5
[gat-train] update=27 samples=540 fps=12.7 loss=-0.3814 actor=-0.6568 value=0.2911 entropy=1.5682 mean_return=0.548 mean_len=84.5
[gat-train] update=28 samples=560 fps=12.7 loss=-0.4443 actor=-0.8840 value=0.4539 entropy=1.4205 mean_return=0.548 mean_len=84.5
[gat-train] update=29 samples=580 fps=12.7 loss=-0.7627 actor=-1.4017 value=0.6545 entropy=1.5568 mean_return=0.548 mean_len=84.5
[gat-train] update=30 samples=600 fps=12.6 loss=-0.7000 actor=-1.3323 value=0.6474 entropy=1.4995 mean_return=0.548 mean_len=84.5
[gat-train] update=31 samples=620 fps=12.5 loss=-0.3512 actor=-1.2826 value=0.9470 entropy=1.5518 mean_return=0.548 mean_len=84.5
[gat-train] update=32 samples=640 fps=12.5 loss=-0.0299 actor=-1.2449 value=1.2299 entropy=1.4933 mean_return=0.548 mean_len=84.5
[gat-train] update=33 samples=660 fps=12.5 loss=-0.0046 actor=-0.8686 value=0.8790 entropy=1.4992 mean_return=0.440 mean_len=84.6
[gat-train] update=34 samples=680 fps=12.6 loss=0.1456 actor=-0.5738 value=0.7325 entropy=1.3173 mean_return=0.362 mean_len=84.5
[gat-train] update=35 samples=700 fps=12.7 loss=0.4830 actor=0.0498 value=0.4472 entropy=1.3941 mean_return=0.307 mean_len=85.3
[gat-train] update=36 samples=720 fps=12.8 loss=0.5328 actor=-0.0050 value=0.5487 entropy=1.0862 mean_return=0.307 mean_len=85.3
[gat-train] update=37 samples=740 fps=13.0 loss=0.6864 actor=0.5412 value=0.1625 entropy=1.7268 mean_return=0.148 mean_len=85.9
[gat-train] update=38 samples=760 fps=13.0 loss=-0.0871 actor=-0.1479 value=0.0760 entropy=1.5151 mean_return=0.148 mean_len=85.9
[gat-train] update=39 samples=780 fps=13.1 loss=-0.0344 actor=-0.0798 value=0.0600 entropy=1.4577 mean_return=0.148 mean_len=85.9
[gat-train] update=40 samples=800 fps=13.1 loss=-0.3166 actor=-0.4173 value=0.1164 entropy=1.5699 mean_return=0.148 mean_len=85.9
[gat-train] update=41 samples=820 fps=13.1 loss=-0.4018 actor=-0.5121 value=0.1273 entropy=1.7019 mean_return=0.148 mean_len=85.9
[gat-train] update=42 samples=840 fps=13.1 loss=-0.4353 actor=-0.6713 value=0.2494 entropy=1.3419 mean_return=0.148 mean_len=85.9
[gat-train] update=43 samples=860 fps=13.1 loss=-0.5014 actor=-0.8220 value=0.3378 entropy=1.7190 mean_return=0.148 mean_len=85.9
[gat-train] update=44 samples=880 fps=13.1 loss=-0.5484 actor=-1.0563 value=0.5251 entropy=1.7212 mean_return=0.148 mean_len=85.9
[gat-train] update=45 samples=900 fps=13.1 loss=-0.6979 actor=-1.2956 value=0.6180 entropy=2.0226 mean_return=0.148 mean_len=85.9
[gat-train] update=46 samples=920 fps=13.0 loss=-0.7043 actor=-1.5591 value=0.8736 entropy=1.8851 mean_return=0.148 mean_len=85.9
[gat-train] update=47 samples=940 fps=13.0 loss=0.0995 actor=-0.7825 value=0.8956 entropy=1.3697 mean_return=0.148 mean_len=85.9
[gat-train] update=48 samples=960 fps=13.0 loss=-0.9472 actor=-1.6545 value=0.7336 entropy=2.6292 mean_return=0.272 mean_len=84.3
[gat-train] update=49 samples=980 fps=13.0 loss=-0.9271 actor=-1.7630 value=0.8647 entropy=2.8885 mean_return=0.272 mean_len=84.3
[gat-train] update=50 samples=1000 fps=13.1 loss=-0.4498 actor=-1.4725 value=1.0444 entropy=2.1758 mean_return=0.272 mean_len=84.3
[gat-train] eval update=50 comp_score=89.99 best=89.99  *NEW BEST -> PCT-best.pt*
[gat-train] update=51 samples=1020 fps=12.6 loss=0.2464 actor=-0.1845 value=0.4557 entropy=2.4784 mean_return=0.301 mean_len=83.9
[gat-train] update=52 samples=1040 fps=12.7 loss=-0.0804 actor=-0.3986 value=0.3379 entropy=1.9744 mean_return=0.301 mean_len=83.9
[gat-train] update=53 samples=1060 fps=12.7 loss=-0.3215 actor=-0.6318 value=0.3316 entropy=2.1263 mean_return=0.301 mean_len=83.9
[gat-train] update=54 samples=1080 fps=12.8 loss=0.3573 actor=0.1342 value=0.2469 entropy=2.3853 mean_return=0.298 mean_len=84.0
[gat-train] update=55 samples=1100 fps=12.8 loss=0.0799 actor=0.0359 value=0.0677 entropy=2.3684 mean_return=0.298 mean_len=84.0
[gat-train] update=56 samples=1120 fps=12.8 loss=-0.5722 actor=-0.7201 value=0.1768 entropy=2.8916 mean_return=0.298 mean_len=84.0
[gat-train] update=57 samples=1140 fps=12.8 loss=-1.0091 actor=-1.2109 value=0.2267 entropy=2.4900 mean_return=0.298 mean_len=84.0
[gat-train] update=58 samples=1160 fps=12.9 loss=-0.6265 actor=-0.7933 value=0.1927 entropy=2.5900 mean_return=0.298 mean_len=84.0
[gat-train] update=59 samples=1180 fps=12.9 loss=-0.8212 actor=-1.1937 value=0.4011 entropy=2.8607 mean_return=0.298 mean_len=84.0
[gat-train] update=60 samples=1200 fps=12.8 loss=-1.5448 actor=-2.0608 value=0.5457 entropy=2.9610 mean_return=0.298 mean_len=84.0
[gat-train] update=61 samples=1220 fps=12.8 loss=-1.4103 actor=-2.0393 value=0.6588 entropy=2.9741 mean_return=0.298 mean_len=84.0
[gat-train] update=62 samples=1240 fps=12.8 loss=-1.1843 actor=-1.6541 value=0.4995 entropy=2.9676 mean_return=0.391 mean_len=83.2
[gat-train] update=63 samples=1260 fps=12.7 loss=-0.8957 actor=-1.4209 value=0.5490 entropy=2.3764 mean_return=0.391 mean_len=83.2
[gat-train] update=64 samples=1280 fps=12.7 loss=-1.0037 actor=-1.8091 value=0.8334 entropy=2.7970 mean_return=0.391 mean_len=83.2
[gat-train] update=65 samples=1300 fps=12.7 loss=-1.0499 actor=-1.7920 value=0.7668 entropy=2.4752 mean_return=0.391 mean_len=83.2
[gat-train] update=66 samples=1320 fps=12.7 loss=-1.4226 actor=-2.0283 value=0.6280 entropy=2.2351 mean_return=0.391 mean_len=83.2
[gat-train] update=67 samples=1340 fps=12.7 loss=-0.4627 actor=-1.3535 value=0.9108 entropy=2.0022 mean_return=0.391 mean_len=83.2
[gat-train] update=68 samples=1360 fps=12.8 loss=0.2492 actor=-0.6307 value=0.9092 entropy=2.9275 mean_return=0.311 mean_len=83.3
[gat-train] update=69 samples=1380 fps=12.8 loss=-0.1187 actor=-0.5829 value=0.4841 entropy=1.9834 mean_return=0.311 mean_len=83.3
[gat-train] update=70 samples=1400 fps=12.8 loss=0.2394 actor=-0.2743 value=0.5374 entropy=2.3772 mean_return=0.311 mean_len=83.3
[gat-train] update=71 samples=1420 fps=12.9 loss=0.4349 actor=0.0248 value=0.4369 entropy=2.6844 mean_return=0.265 mean_len=83.4
[gat-train] update=72 samples=1440 fps=12.9 loss=-0.2670 actor=-0.4207 value=0.1844 entropy=3.0746 mean_return=0.265 mean_len=83.4
[gat-train] update=73 samples=1460 fps=12.9 loss=-0.7449 actor=-0.9690 value=0.2500 entropy=2.5883 mean_return=0.265 mean_len=83.4
[gat-train] update=74 samples=1480 fps=12.9 loss=-0.6058 actor=-0.9252 value=0.3402 entropy=2.0729 mean_return=0.265 mean_len=83.4
[gat-train] update=75 samples=1500 fps=12.9 loss=-0.7936 actor=-1.2249 value=0.4539 entropy=2.2550 mean_return=0.265 mean_len=83.4
[gat-train] update=76 samples=1520 fps=12.9 loss=-1.0875 actor=-1.5424 value=0.4834 entropy=2.8571 mean_return=0.265 mean_len=83.4
[gat-train] update=77 samples=1540 fps=12.9 loss=0.1024 actor=-0.3706 value=0.4923 entropy=1.9256 mean_return=0.312 mean_len=82.9
[gat-train] update=78 samples=1560 fps=12.9 loss=-1.4737 actor=-1.9561 value=0.5137 entropy=3.1273 mean_return=0.312 mean_len=82.9
[gat-train] update=79 samples=1580 fps=12.9 loss=-0.9787 actor=-1.4223 value=0.4683 entropy=2.4681 mean_return=0.312 mean_len=82.9
[gat-train] update=80 samples=1600 fps=12.9 loss=-0.7238 actor=-1.3149 value=0.6089 entropy=1.7810 mean_return=0.312 mean_len=82.9
[gat-train] update=81 samples=1620 fps=12.9 loss=-1.2175 actor=-1.9245 value=0.7236 entropy=1.6552 mean_return=0.312 mean_len=82.9
[gat-train] update=82 samples=1640 fps=12.9 loss=-0.2515 actor=-0.8955 value=0.6591 entropy=1.5011 mean_return=0.312 mean_len=82.9
[gat-train] update=83 samples=1660 fps=12.9 loss=0.2300 actor=-0.6249 value=0.8725 entropy=1.7645 mean_return=0.385 mean_len=82.4
[gat-train] update=84 samples=1680 fps=12.9 loss=1.0694 actor=0.3593 value=0.7260 entropy=1.5962 mean_return=0.394 mean_len=82.4
[gat-train] update=85 samples=1700 fps=13.0 loss=0.1986 actor=-0.2000 value=0.4103 entropy=1.1686 mean_return=0.394 mean_len=82.4
[gat-train] update=86 samples=1720 fps=13.0 loss=0.2286 actor=-0.2768 value=0.5151 entropy=0.9748 mean_return=0.394 mean_len=82.4
[gat-train] update=87 samples=1740 fps=13.0 loss=0.7382 actor=0.1709 value=0.5821 entropy=1.4830 mean_return=0.369 mean_len=82.3
[gat-train] update=88 samples=1760 fps=13.0 loss=-0.0364 actor=-0.2274 value=0.2058 entropy=1.4838 mean_return=0.369 mean_len=82.3
[gat-train] update=89 samples=1780 fps=13.1 loss=-0.0625 actor=-0.2845 value=0.2363 entropy=1.4274 mean_return=0.369 mean_len=82.3
[gat-train] update=90 samples=1800 fps=13.1 loss=-0.3184 actor=-0.6495 value=0.3487 entropy=1.7630 mean_return=0.369 mean_len=82.3
[gat-train] update=91 samples=1820 fps=13.0 loss=-0.2758 actor=-0.7013 value=0.4392 entropy=1.3648 mean_return=0.369 mean_len=82.3
[gat-train] update=92 samples=1840 fps=13.0 loss=-0.8652 actor=-1.2659 value=0.4172 entropy=1.6497 mean_return=0.369 mean_len=82.3
[gat-train] update=93 samples=1860 fps=13.0 loss=-0.3539 actor=-0.9196 value=0.5804 entropy=1.4692 mean_return=0.369 mean_len=82.3
[gat-train] update=94 samples=1880 fps=13.0 loss=1.5484 actor=0.3855 value=1.1781 entropy=1.5267 mean_return=0.303 mean_len=82.4
[gat-train] update=95 samples=1900 fps=13.0 loss=-0.1652 actor=-0.7041 value=0.5519 entropy=1.2990 mean_return=0.303 mean_len=82.4
[gat-train] update=96 samples=1920 fps=13.0 loss=0.0285 actor=-0.5448 value=0.5869 entropy=1.3560 mean_return=0.303 mean_len=82.4
[gat-train] update=97 samples=1940 fps=13.0 loss=-0.0458 actor=-0.5787 value=0.5491 entropy=1.6249 mean_return=0.303 mean_len=82.4
[gat-train] update=98 samples=1960 fps=13.0 loss=-0.2202 actor=-1.0836 value=0.8804 entropy=1.7041 mean_return=0.303 mean_len=82.4
[gat-train] update=99 samples=1980 fps=13.0 loss=-0.7655 actor=-1.5333 value=0.7844 entropy=1.6609 mean_return=0.303 mean_len=82.4
[gat-train] update=100 samples=2000 fps=13.0 loss=0.8772 actor=-0.1039 value=0.9976 entropy=1.6464 mean_return=0.298 mean_len=82.6
[gat-train] eval update=100 comp_score=92.32 best=92.32  *NEW BEST -> PCT-best.pt*
[gat-train] update=101 samples=2020 fps=12.8 loss=0.0932 actor=-0.5568 value=0.6632 entropy=1.3150 mean_return=0.298 mean_len=82.6
[gat-train] update=102 samples=2040 fps=12.8 loss=0.8204 actor=0.1436 value=0.6909 entropy=1.4058 mean_return=0.265 mean_len=82.8
[gat-train] update=103 samples=2060 fps=12.8 loss=-0.0105 actor=-0.3897 value=0.3934 entropy=1.4162 mean_return=0.265 mean_len=82.8
[gat-train] update=104 samples=2080 fps=12.8 loss=1.3239 actor=0.4517 value=0.8870 entropy=1.4810 mean_return=0.238 mean_len=82.9
[gat-train] update=105 samples=2100 fps=12.9 loss=-0.1461 actor=-0.3228 value=0.1878 entropy=1.1086 mean_return=0.238 mean_len=82.9
[gat-train] update=106 samples=2120 fps=12.9 loss=0.0508 actor=-0.2591 value=0.3234 entropy=1.3478 mean_return=0.238 mean_len=82.9
[gat-train] update=107 samples=2140 fps=12.9 loss=-0.2136 actor=-0.4814 value=0.2811 entropy=1.3321 mean_return=0.238 mean_len=82.9
[gat-train] update=108 samples=2160 fps=12.9 loss=-0.2385 actor=-0.4671 value=0.2418 entropy=1.3181 mean_return=0.238 mean_len=82.9
[gat-train] update=109 samples=2180 fps=12.9 loss=-0.2302 actor=-0.6721 value=0.4550 entropy=1.3138 mean_return=0.238 mean_len=82.9
[gat-train] update=110 samples=2200 fps=12.9 loss=-0.4863 actor=-1.0715 value=0.6008 entropy=1.5583 mean_return=0.238 mean_len=82.9
[gat-train] update=111 samples=2220 fps=12.9 loss=-0.4510 actor=-0.8290 value=0.3932 entropy=1.5119 mean_return=0.238 mean_len=82.9
[gat-train] update=112 samples=2240 fps=12.9 loss=0.6247 actor=-0.0796 value=0.7201 entropy=1.5799 mean_return=0.253 mean_len=83.1
[gat-train] update=113 samples=2260 fps=12.9 loss=-0.4306 actor=-1.0670 value=0.6521 entropy=1.5758 mean_return=0.253 mean_len=83.1
[gat-train] update=114 samples=2280 fps=12.9 loss=-0.4013 actor=-0.8768 value=0.4910 entropy=1.5441 mean_return=0.253 mean_len=83.1
[gat-train] update=115 samples=2300 fps=12.9 loss=-0.2570 actor=-0.9023 value=0.6608 entropy=1.5474 mean_return=0.253 mean_len=83.1
[gat-train] update=116 samples=2320 fps=12.9 loss=-0.0353 actor=-1.0182 value=0.9978 entropy=1.4848 mean_return=0.253 mean_len=83.1
[gat-train] update=117 samples=2340 fps=12.9 loss=2.1998 actor=0.6461 value=1.5676 entropy=1.3881 mean_return=0.250 mean_len=83.2
[gat-train] update=118 samples=2360 fps=12.9 loss=-0.5060 actor=-1.1363 value=0.6435 entropy=1.3197 mean_return=0.250 mean_len=83.2
[gat-train] update=119 samples=2380 fps=12.9 loss=2.4758 actor=1.0820 value=1.4092 entropy=1.5388 mean_return=0.251 mean_len=83.4
[gat-train] update=120 samples=2400 fps=12.9 loss=0.2743 actor=-0.2316 value=0.5173 entropy=1.1418 mean_return=0.251 mean_len=83.4
[gat-train] update=121 samples=2420 fps=12.9 loss=2.0830 actor=0.9098 value=1.1933 entropy=2.0113 mean_return=0.270 mean_len=83.5
[gat-train] update=122 samples=2440 fps=13.0 loss=-0.0576 actor=-0.2485 value=0.2027 entropy=1.1853 mean_return=0.270 mean_len=83.5
[gat-train] update=123 samples=2460 fps=13.0 loss=-0.1205 actor=-0.3407 value=0.2329 entropy=1.2714 mean_return=0.270 mean_len=83.5
[gat-train] update=124 samples=2480 fps=13.0 loss=-0.3796 actor=-0.7394 value=0.3804 entropy=2.0656 mean_return=0.270 mean_len=83.5
[gat-train] update=125 samples=2500 fps=13.0 loss=-0.2269 actor=-0.5337 value=0.3223 entropy=1.5566 mean_return=0.270 mean_len=83.5
[gat-train] update=126 samples=2520 fps=13.0 loss=-0.4127 actor=-0.7433 value=0.3481 entropy=1.7531 mean_return=0.270 mean_len=83.5
[gat-train] update=127 samples=2540 fps=13.0 loss=-0.2679 actor=-0.9105 value=0.6593 entropy=1.6663 mean_return=0.270 mean_len=83.5
[gat-train] update=128 samples=2560 fps=13.0 loss=2.4754 actor=0.5378 value=1.9535 entropy=1.5876 mean_return=0.252 mean_len=83.5
[gat-train] update=129 samples=2580 fps=13.0 loss=-0.6139 actor=-1.0365 value=0.4379 entropy=1.5341 mean_return=0.252 mean_len=83.5
[gat-train] update=130 samples=2600 fps=13.0 loss=-0.3669 actor=-0.9964 value=0.6471 entropy=1.7597 mean_return=0.252 mean_len=83.5
[gat-train] update=131 samples=2620 fps=13.0 loss=-0.4365 actor=-0.9648 value=0.5443 entropy=1.5989 mean_return=0.252 mean_len=83.5
[gat-train] update=132 samples=2640 fps=12.9 loss=-0.6141 actor=-1.2323 value=0.6425 entropy=2.4324 mean_return=0.252 mean_len=83.5
[gat-train] update=133 samples=2660 fps=13.0 loss=-0.5612 actor=-1.4787 value=0.9316 entropy=1.4182 mean_return=0.252 mean_len=83.5
[gat-train] update=134 samples=2680 fps=13.0 loss=1.8130 actor=0.1924 value=1.6403 entropy=1.9759 mean_return=0.257 mean_len=83.5
[gat-train] update=135 samples=2700 fps=13.0 loss=1.0052 actor=-0.2435 value=1.2710 entropy=2.2275 mean_return=0.283 mean_len=83.3
[gat-train] update=136 samples=2720 fps=13.0 loss=2.5453 actor=1.3448 value=1.2152 entropy=1.4649 mean_return=0.323 mean_len=83.1
[gat-train] update=137 samples=2740 fps=13.0 loss=-0.1780 actor=-0.4795 value=0.3168 entropy=1.5248 mean_return=0.323 mean_len=83.1
[gat-train] update=138 samples=2760 fps=13.1 loss=0.2351 actor=0.0520 value=0.1993 entropy=1.6202 mean_return=0.323 mean_len=83.1
[gat-train] update=139 samples=2780 fps=13.1 loss=-0.1763 actor=-0.3204 value=0.1662 entropy=2.2085 mean_return=0.323 mean_len=83.1
[gat-train] update=140 samples=2800 fps=13.1 loss=-0.8278 actor=-1.1703 value=0.3691 entropy=2.6621 mean_return=0.323 mean_len=83.1
[gat-train] update=141 samples=2820 fps=13.1 loss=-0.5795 actor=-0.8044 value=0.2454 entropy=2.0492 mean_return=0.323 mean_len=83.1
[gat-train] update=142 samples=2840 fps=13.0 loss=-0.9041 actor=-1.2585 value=0.3793 entropy=2.4918 mean_return=0.323 mean_len=83.1
[gat-train] update=143 samples=2860 fps=13.0 loss=-0.6063 actor=-1.3559 value=0.7721 entropy=2.2467 mean_return=0.323 mean_len=83.1
[gat-train] update=144 samples=2880 fps=13.0 loss=-1.0989 actor=-1.8276 value=0.7509 entropy=2.2197 mean_return=0.323 mean_len=83.1
[gat-train] update=145 samples=2900 fps=13.0 loss=-0.9906 actor=-1.6038 value=0.6393 entropy=2.6078 mean_return=0.323 mean_len=83.1
[gat-train] update=146 samples=2920 fps=13.0 loss=0.3721 actor=-1.2426 value=1.6432 entropy=2.8454 mean_return=0.283 mean_len=83.2
[gat-train] update=147 samples=2940 fps=13.0 loss=-1.3840 actor=-2.1719 value=0.8161 entropy=2.8081 mean_return=0.283 mean_len=83.2
[gat-train] update=148 samples=2960 fps=13.0 loss=-0.6690 actor=-1.2562 value=0.6112 entropy=2.4010 mean_return=0.283 mean_len=83.2
[gat-train] update=149 samples=2980 fps=13.0 loss=0.2536 actor=-1.1335 value=1.4086 entropy=2.1513 mean_return=0.302 mean_len=82.8
[gat-train] update=150 samples=3000 fps=13.1 loss=2.6950 actor=0.6825 value=2.0364 entropy=2.3839 mean_return=0.318 mean_len=82.7
[gat-train] eval update=150 comp_score=86.19 best=92.32
[gat-train] update=151 samples=3020 fps=12.9 loss=0.1645 actor=-0.3726 value=0.5572 entropy=2.0107 mean_return=0.318 mean_len=82.7
[gat-train] update=152 samples=3040 fps=12.9 loss=2.7046 actor=1.1488 value=1.5734 entropy=1.7632 mean_return=0.323 mean_len=82.6
[gat-train] update=153 samples=3060 fps=12.9 loss=0.0452 actor=-0.1410 value=0.2049 entropy=1.8784 mean_return=0.323 mean_len=82.6
[gat-train] update=154 samples=3080 fps=13.0 loss=-0.1985 actor=-0.2996 value=0.1241 entropy=2.2978 mean_return=0.323 mean_len=82.6
[gat-train] update=155 samples=3100 fps=13.0 loss=-0.7410 actor=-1.0132 value=0.2981 entropy=2.5887 mean_return=0.323 mean_len=82.6
[gat-train] update=156 samples=3120 fps=13.0 loss=-0.4611 actor=-0.6604 value=0.2180 entropy=1.8697 mean_return=0.323 mean_len=82.6
[gat-train] update=157 samples=3140 fps=13.0 loss=-0.7413 actor=-0.8971 value=0.1775 entropy=2.1667 mean_return=0.323 mean_len=82.6
[gat-train] update=158 samples=3160 fps=13.0 loss=-0.8217 actor=-1.3000 value=0.5008 entropy=2.2502 mean_return=0.323 mean_len=82.6
[gat-train] update=159 samples=3180 fps=13.0 loss=-0.6121 actor=-1.0006 value=0.4103 entropy=2.1863 mean_return=0.323 mean_len=82.6
[gat-train] update=160 samples=3200 fps=13.0 loss=1.2518 actor=-0.4122 value=1.6883 entropy=2.4295 mean_return=0.367 mean_len=82.4
[gat-train] update=161 samples=3220 fps=13.0 loss=-0.9177 actor=-1.3772 value=0.4816 entropy=2.2152 mean_return=0.367 mean_len=82.4
[gat-train] update=162 samples=3240 fps=13.0 loss=-0.5145 actor=-1.1597 value=0.6710 entropy=2.5784 mean_return=0.367 mean_len=82.4
[gat-train] update=163 samples=3260 fps=13.0 loss=-1.6291 actor=-2.6841 value=1.0808 entropy=2.5727 mean_return=0.367 mean_len=82.4
[gat-train] update=164 samples=3280 fps=13.0 loss=-0.6693 actor=-1.2521 value=0.6031 entropy=2.0332 mean_return=0.367 mean_len=82.4
[gat-train] update=165 samples=3300 fps=13.0 loss=3.6127 actor=0.4454 value=3.1891 entropy=2.1878 mean_return=0.348 mean_len=82.4
[gat-train] update=166 samples=3320 fps=13.0 loss=-0.3165 actor=-0.7289 value=0.4336 entropy=2.1205 mean_return=0.348 mean_len=82.4
[gat-train] update=167 samples=3340 fps=13.0 loss=1.8165 actor=0.6865 value=1.1515 entropy=2.1477 mean_return=0.350 mean_len=82.4
[gat-train] update=168 samples=3360 fps=13.0 loss=3.8777 actor=1.3453 value=2.5548 entropy=2.2423 mean_return=0.364 mean_len=82.4
[gat-train] update=169 samples=3380 fps=13.0 loss=0.1077 actor=-0.2707 value=0.4016 entropy=2.3176 mean_return=0.364 mean_len=82.4
[gat-train] update=170 samples=3400 fps=13.0 loss=-0.3085 actor=-0.4836 value=0.1922 entropy=1.7106 mean_return=0.364 mean_len=82.4
[gat-train] update=171 samples=3420 fps=13.0 loss=0.0408 actor=-0.2388 value=0.2982 entropy=1.8577 mean_return=0.364 mean_len=82.4
[gat-train] update=172 samples=3440 fps=13.0 loss=-0.9354 actor=-1.2182 value=0.3070 entropy=2.4197 mean_return=0.364 mean_len=82.4
[gat-train] update=173 samples=3460 fps=13.0 loss=-0.6045 actor=-0.8527 value=0.2681 entropy=1.9890 mean_return=0.364 mean_len=82.4
[gat-train] update=174 samples=3480 fps=13.0 loss=-1.2244 actor=-1.6773 value=0.4734 entropy=2.0463 mean_return=0.364 mean_len=82.4
[gat-train] update=175 samples=3500 fps=13.0 loss=-0.6426 actor=-1.1830 value=0.5608 entropy=2.0379 mean_return=0.364 mean_len=82.4
[gat-train] update=176 samples=3520 fps=13.0 loss=-0.7515 actor=-1.3499 value=0.6215 entropy=2.3122 mean_return=0.364 mean_len=82.4
[gat-train] update=177 samples=3540 fps=13.0 loss=1.1385 actor=-0.4181 value=1.5811 entropy=2.4528 mean_return=0.341 mean_len=82.4
[gat-train] update=178 samples=3560 fps=13.0 loss=-0.8045 actor=-1.5121 value=0.7315 entropy=2.3841 mean_return=0.341 mean_len=82.4
[gat-train] update=179 samples=3580 fps=13.0 loss=-0.2737 actor=-0.7389 value=0.4850 entropy=1.9775 mean_return=0.341 mean_len=82.4
[gat-train] update=180 samples=3600 fps=13.0 loss=-0.6588 actor=-1.3516 value=0.7079 entropy=1.5137 mean_return=0.341 mean_len=82.4
[gat-train] update=181 samples=3620 fps=13.0 loss=-0.4287 actor=-1.2062 value=0.7963 entropy=1.8883 mean_return=0.341 mean_len=82.4
[gat-train] update=182 samples=3640 fps=13.0 loss=10.2529 actor=3.6704 value=6.6029 entropy=2.0443 mean_return=0.302 mean_len=82.3
[gat-train] update=183 samples=3660 fps=13.0 loss=0.2579 actor=-0.3779 value=0.6468 entropy=1.0927 mean_return=0.302 mean_len=82.3
[gat-train] update=184 samples=3680 fps=13.0 loss=-0.0641 actor=-0.3892 value=0.3395 entropy=1.4417 mean_return=0.302 mean_len=82.3
[gat-train] update=185 samples=3700 fps=13.1 loss=2.0717 actor=0.9918 value=1.0919 entropy=1.1951 mean_return=0.310 mean_len=82.3
[gat-train] update=186 samples=3720 fps=13.1 loss=-0.1324 actor=-0.2772 value=0.1561 entropy=1.1305 mean_return=0.310 mean_len=82.3
[gat-train] update=187 samples=3740 fps=13.1 loss=-0.0242 actor=-0.2203 value=0.2096 entropy=1.3482 mean_return=0.310 mean_len=82.3
[gat-train] update=188 samples=3760 fps=13.1 loss=-0.3281 actor=-0.6057 value=0.2925 entropy=1.4885 mean_return=0.310 mean_len=82.3
[gat-train] update=189 samples=3780 fps=13.1 loss=-0.2808 actor=-0.5800 value=0.3168 entropy=1.7642 mean_return=0.310 mean_len=82.3
[gat-train] update=190 samples=3800 fps=13.1 loss=-0.2056 actor=-0.5087 value=0.3184 entropy=1.5316 mean_return=0.310 mean_len=82.3
[gat-train] update=191 samples=3820 fps=13.1 loss=-0.0945 actor=-0.5071 value=0.4242 entropy=1.1657 mean_return=0.310 mean_len=82.3
[gat-train] update=192 samples=3840 fps=13.1 loss=-0.2733 actor=-0.5890 value=0.3308 entropy=1.5206 mean_return=0.310 mean_len=82.3
[gat-train] update=193 samples=3860 fps=13.1 loss=4.4341 actor=0.9021 value=3.5484 entropy=1.6383 mean_return=0.304 mean_len=82.3
[gat-train] update=194 samples=3880 fps=13.1 loss=0.0005 actor=-0.5217 value=0.5355 entropy=1.3298 mean_return=0.304 mean_len=82.3
[gat-train] update=195 samples=3900 fps=13.1 loss=-0.4726 actor=-1.1249 value=0.6685 entropy=1.6222 mean_return=0.304 mean_len=82.3
[gat-train] update=196 samples=3920 fps=13.1 loss=-0.3822 actor=-1.0847 value=0.7183 entropy=1.5788 mean_return=0.304 mean_len=82.3
[gat-train] update=197 samples=3940 fps=13.1 loss=-0.2575 actor=-0.8158 value=0.5727 entropy=1.4310 mean_return=0.304 mean_len=82.3
[gat-train] update=198 samples=3960 fps=13.0 loss=-0.2436 actor=-0.8062 value=0.5765 entropy=1.3807 mean_return=0.304 mean_len=82.3
[gat-train] update=199 samples=3980 fps=13.0 loss=6.0449 actor=1.5300 value=4.5318 entropy=1.6869 mean_return=0.289 mean_len=82.4
[gat-train] update=200 samples=4000 fps=13.1 loss=5.5547 actor=1.5679 value=4.0023 entropy=1.5536 mean_return=0.289 mean_len=82.5
[gat-train] eval update=200 comp_score=92.32 best=92.32
[gat-train] update=201 samples=4020 fps=12.9 loss=3.0798 actor=1.0377 value=2.0556 entropy=1.3577 mean_return=0.293 mean_len=82.5
[gat-train] update=202 samples=4040 fps=13.0 loss=0.8300 actor=0.5305 value=0.3151 entropy=1.5475 mean_return=0.293 mean_len=82.5
[gat-train] update=203 samples=4060 fps=13.0 loss=-0.0742 actor=-0.3361 value=0.2750 entropy=1.3099 mean_return=0.293 mean_len=82.5
[gat-train] update=204 samples=4080 fps=13.0 loss=-0.2001 actor=-0.4216 value=0.2376 entropy=1.6116 mean_return=0.293 mean_len=82.5
[gat-train] update=205 samples=4100 fps=13.0 loss=-0.2571 actor=-0.4094 value=0.1680 entropy=1.5665 mean_return=0.293 mean_len=82.5
[gat-train] update=206 samples=4120 fps=13.0 loss=-0.2888 actor=-0.5083 value=0.2350 entropy=1.5471 mean_return=0.293 mean_len=82.5
[gat-train] update=207 samples=4140 fps=13.0 loss=-0.3795 actor=-0.6277 value=0.2650 entropy=1.6762 mean_return=0.293 mean_len=82.5
[gat-train] update=208 samples=4160 fps=13.0 loss=-0.3087 actor=-0.9049 value=0.6119 entropy=1.5673 mean_return=0.293 mean_len=82.5
[gat-train] update=209 samples=4180 fps=13.0 loss=-0.4407 actor=-0.8306 value=0.4067 entropy=1.6850 mean_return=0.293 mean_len=82.5
[gat-train] update=210 samples=4200 fps=12.9 loss=3.9268 actor=0.8050 value=3.1392 entropy=1.7389 mean_return=0.307 mean_len=82.5
[gat-train] update=211 samples=4220 fps=12.9 loss=-0.4870 actor=-1.0803 value=0.6137 entropy=2.0376 mean_return=0.307 mean_len=82.5
[gat-train] update=212 samples=4240 fps=12.9 loss=-0.3951 actor=-1.0939 value=0.7169 entropy=1.8168 mean_return=0.307 mean_len=82.5
[gat-train] update=213 samples=4260 fps=12.9 loss=-0.6874 actor=-1.1624 value=0.4961 entropy=2.1170 mean_return=0.307 mean_len=82.5
[gat-train] update=214 samples=4280 fps=12.9 loss=-1.3479 actor=-2.1497 value=0.8274 entropy=2.5630 mean_return=0.307 mean_len=82.5
[gat-train] update=215 samples=4300 fps=12.9 loss=-0.8172 actor=-1.3990 value=0.6074 entropy=2.5602 mean_return=0.307 mean_len=82.5
[gat-train] update=216 samples=4320 fps=12.9 loss=6.4118 actor=1.7511 value=4.6825 entropy=2.1908 mean_return=0.305 mean_len=82.6
[gat-train] update=217 samples=4340 fps=12.9 loss=7.2500 actor=2.1262 value=5.1446 entropy=2.0794 mean_return=0.266 mean_len=82.6
[gat-train] update=218 samples=4360 fps=13.0 loss=4.5839 actor=1.7394 value=2.8668 entropy=2.2356 mean_return=0.247 mean_len=82.7
[gat-train] update=219 samples=4380 fps=13.0 loss=0.4115 actor=0.2863 value=0.1525 entropy=2.7311 mean_return=0.247 mean_len=82.7
[gat-train] update=220 samples=4400 fps=13.0 loss=-0.0925 actor=-0.3135 value=0.2481 entropy=2.7142 mean_return=0.247 mean_len=82.7
[gat-train] update=221 samples=4420 fps=13.0 loss=-0.7358 actor=-0.9715 value=0.2650 entropy=2.9258 mean_return=0.247 mean_len=82.7
[gat-train] update=222 samples=4440 fps=13.0 loss=-1.0835 actor=-1.3585 value=0.3064 entropy=3.1330 mean_return=0.247 mean_len=82.7
[gat-train] update=223 samples=4460 fps=13.0 loss=-1.1984 actor=-1.6746 value=0.5079 entropy=3.1675 mean_return=0.247 mean_len=82.7
[gat-train] update=224 samples=4480 fps=13.0 loss=-1.9349 actor=-2.4585 value=0.5578 entropy=3.4182 mean_return=0.247 mean_len=82.7
[gat-train] update=225 samples=4500 fps=13.0 loss=-1.3927 actor=-1.9169 value=0.5588 entropy=3.4671 mean_return=0.247 mean_len=82.7
[gat-train] update=226 samples=4520 fps=13.0 loss=2.3861 actor=-0.3310 value=2.7489 entropy=3.1823 mean_return=0.252 mean_len=82.6
[gat-train] update=227 samples=4540 fps=13.0 loss=-1.2234 actor=-1.7868 value=0.5992 entropy=3.5750 mean_return=0.252 mean_len=82.6
[gat-train] update=228 samples=4560 fps=13.0 loss=-1.6972 actor=-2.5929 value=0.9326 entropy=3.6805 mean_return=0.252 mean_len=82.6
[gat-train] update=229 samples=4580 fps=13.0 loss=-1.7871 actor=-2.3411 value=0.5884 entropy=3.4324 mean_return=0.252 mean_len=82.6
[gat-train] update=230 samples=4600 fps=13.0 loss=2.5088 actor=-0.1051 value=2.6478 entropy=3.3900 mean_return=0.290 mean_len=82.1
[gat-train] update=231 samples=4620 fps=13.0 loss=-0.4390 actor=-0.8404 value=0.4365 entropy=3.5032 mean_return=0.290 mean_len=82.1
[gat-train] update=232 samples=4640 fps=13.0 loss=-1.3488 actor=-1.9358 value=0.6208 entropy=3.3761 mean_return=0.290 mean_len=82.1
[gat-train] update=233 samples=4660 fps=13.0 loss=12.3873 actor=4.5777 value=7.8431 entropy=3.3532 mean_return=0.289 mean_len=81.9
[gat-train] update=234 samples=4680 fps=13.0 loss=0.0864 actor=-0.4486 value=0.5705 entropy=3.5461 mean_return=0.289 mean_len=81.9
[gat-train] update=235 samples=4700 fps=13.0 loss=-0.1966 actor=-0.6766 value=0.5178 entropy=3.7891 mean_return=0.289 mean_len=81.9
[gat-train] update=236 samples=4720 fps=13.0 loss=-1.5456 actor=-2.0037 value=0.4971 entropy=3.9050 mean_return=0.289 mean_len=81.9
[gat-train] update=237 samples=4740 fps=13.0 loss=-0.9813 actor=-1.1883 value=0.2470 entropy=3.9981 mean_return=0.289 mean_len=81.9
[gat-train] update=238 samples=4760 fps=13.0 loss=-1.5635 actor=-1.8622 value=0.3380 entropy=3.9337 mean_return=0.289 mean_len=81.9
[gat-train] update=239 samples=4780 fps=13.0 loss=-2.1331 actor=-3.0336 value=0.9378 entropy=3.7345 mean_return=0.289 mean_len=81.9
[gat-train] update=240 samples=4800 fps=13.0 loss=-1.6151 actor=-2.0182 value=0.4396 entropy=3.6430 mean_return=0.289 mean_len=81.9
[gat-train] update=241 samples=4820 fps=13.0 loss=1.4672 actor=-1.1904 value=2.6933 entropy=3.5650 mean_return=0.290 mean_len=81.5
[gat-train] update=242 samples=4840 fps=13.0 loss=-0.8051 actor=-1.4204 value=0.6516 entropy=3.6236 mean_return=0.290 mean_len=81.5
[gat-train] update=243 samples=4860 fps=13.0 loss=-0.8256 actor=-1.1547 value=0.3639 entropy=3.4743 mean_return=0.290 mean_len=81.5
[gat-train] update=244 samples=4880 fps=13.0 loss=1.4914 actor=-0.6716 value=2.1966 entropy=3.3527 mean_return=0.344 mean_len=81.1
[gat-train] update=245 samples=4900 fps=13.0 loss=-1.0310 actor=-1.3945 value=0.3987 entropy=3.5237 mean_return=0.344 mean_len=81.1
[gat-train] update=246 samples=4920 fps=13.1 loss=-1.3875 actor=-1.9716 value=0.6162 entropy=3.2164 mean_return=0.344 mean_len=81.1
[gat-train] update=247 samples=4940 fps=13.1 loss=4.1670 actor=0.2163 value=3.9826 entropy=3.1803 mean_return=0.332 mean_len=81.0
[gat-train] update=248 samples=4960 fps=13.1 loss=6.2964 actor=2.0737 value=4.2571 entropy=3.4395 mean_return=0.276 mean_len=81.0
[gat-train] update=249 samples=4980 fps=13.1 loss=-0.1355 actor=-0.5278 value=0.4291 entropy=3.6797 mean_return=0.276 mean_len=81.0
[gat-train] update=250 samples=5000 fps=13.1 loss=-1.5478 actor=-2.2688 value=0.7586 entropy=3.7668 mean_return=0.276 mean_len=81.0
[gat-train] eval update=250 comp_score=89.99 best=92.32
[gat-train] update=251 samples=5020 fps=13.0 loss=-1.5712 actor=-1.8898 value=0.3569 entropy=3.8316 mean_return=0.276 mean_len=81.0
[gat-train] update=252 samples=5040 fps=13.0 loss=-1.2053 actor=-1.6797 value=0.5133 entropy=3.8861 mean_return=0.276 mean_len=81.0
[gat-train] update=253 samples=5060 fps=13.0 loss=-1.5873 actor=-2.0902 value=0.5394 entropy=3.6475 mean_return=0.276 mean_len=81.0
[gat-train] update=254 samples=5080 fps=13.0 loss=-1.8406 actor=-2.4553 value=0.6518 entropy=3.7112 mean_return=0.276 mean_len=81.0
[gat-train] update=255 samples=5100 fps=13.0 loss=-1.5968 actor=-2.4324 value=0.8684 entropy=3.2817 mean_return=0.276 mean_len=81.0
[gat-train] update=256 samples=5120 fps=13.0 loss=8.2587 actor=1.3567 value=6.9343 entropy=3.2285 mean_return=0.259 mean_len=80.8
[gat-train] update=257 samples=5140 fps=13.0 loss=10.2246 actor=2.5148 value=7.7450 entropy=3.5139 mean_return=0.263 mean_len=80.5
[gat-train] update=258 samples=5160 fps=13.0 loss=0.2247 actor=-1.3234 value=1.5830 entropy=3.4932 mean_return=0.263 mean_len=80.5
[gat-train] update=259 samples=5180 fps=13.0 loss=0.0763 actor=-0.2743 value=0.3879 entropy=3.7373 mean_return=0.263 mean_len=80.5
[gat-train] update=260 samples=5200 fps=13.0 loss=11.7738 actor=3.9541 value=7.8552 entropy=3.5533 mean_return=0.228 mean_len=80.4
[gat-train] update=261 samples=5220 fps=13.0 loss=0.5247 actor=-0.1318 value=0.6860 entropy=2.9547 mean_return=0.228 mean_len=80.4
[gat-train] update=262 samples=5240 fps=13.0 loss=10.0595 actor=2.8333 value=7.2603 entropy=3.4088 mean_return=0.212 mean_len=80.2
[gat-train] update=263 samples=5260 fps=13.0 loss=-0.6519 actor=-0.9326 value=0.3153 entropy=3.4686 mean_return=0.212 mean_len=80.2
[gat-train] update=264 samples=5280 fps=13.0 loss=-0.8756 actor=-1.2443 value=0.4063 entropy=3.7674 mean_return=0.212 mean_len=80.2
[gat-train] update=265 samples=5300 fps=13.0 loss=-0.1190 actor=-0.5264 value=0.4453 entropy=3.7907 mean_return=0.212 mean_len=80.2
[gat-train] update=266 samples=5320 fps=13.0 loss=-2.0464 actor=-2.7269 value=0.7201 entropy=3.9563 mean_return=0.212 mean_len=80.2
[gat-train] update=267 samples=5340 fps=13.0 loss=-2.1269 actor=-2.7222 value=0.6352 entropy=3.9900 mean_return=0.212 mean_len=80.2
[gat-train] update=268 samples=5360 fps=13.0 loss=-1.9103 actor=-2.6295 value=0.7562 entropy=3.6998 mean_return=0.212 mean_len=80.2
[gat-train] update=269 samples=5380 fps=13.0 loss=9.9644 actor=1.6684 value=8.3328 entropy=3.6802 mean_return=0.237 mean_len=79.8
[gat-train] update=270 samples=5400 fps=13.0 loss=-0.8203 actor=-2.0167 value=1.2311 entropy=3.4651 mean_return=0.237 mean_len=79.8
[gat-train] update=271 samples=5420 fps=13.0 loss=4.3357 actor=0.7241 value=3.6480 entropy=3.6410 mean_return=0.274 mean_len=79.4
[gat-train] update=272 samples=5440 fps=13.0 loss=-1.2806 actor=-2.3898 value=1.1476 entropy=3.8309 mean_return=0.274 mean_len=79.4
[gat-train] update=273 samples=5460 fps=13.0 loss=0.0068 actor=-0.4108 value=0.4554 entropy=3.7790 mean_return=0.274 mean_len=79.4
[gat-train] update=274 samples=5480 fps=13.0 loss=-1.6630 actor=-3.0109 value=1.3838 entropy=3.5878 mean_return=0.274 mean_len=79.4
[gat-train] update=275 samples=5500 fps=13.0 loss=9.7958 actor=1.5423 value=8.2882 entropy=3.4772 mean_return=0.239 mean_len=79.4
[gat-train] update=276 samples=5520 fps=13.1 loss=-1.1229 actor=-1.6094 value=0.5209 entropy=3.4462 mean_return=0.239 mean_len=79.4
[gat-train] update=277 samples=5540 fps=13.1 loss=6.4954 actor=1.4787 value=5.0509 entropy=3.4144 mean_return=0.190 mean_len=79.4
[gat-train] update=278 samples=5560 fps=13.1 loss=-0.5532 actor=-0.8346 value=0.3173 entropy=3.5848 mean_return=0.190 mean_len=79.4
[gat-train] update=279 samples=5580 fps=13.1 loss=-0.1165 actor=-0.7394 value=0.6603 entropy=3.7436 mean_return=0.190 mean_len=79.4
[gat-train] update=280 samples=5600 fps=13.1 loss=-1.2546 actor=-1.9105 value=0.6942 entropy=3.8370 mean_return=0.190 mean_len=79.4
[gat-train] update=281 samples=5620 fps=13.1 loss=9.7795 actor=3.1922 value=6.6244 entropy=3.7093 mean_return=0.231 mean_len=78.9
[gat-train] update=282 samples=5640 fps=13.1 loss=-0.4178 actor=-2.0016 value=1.6171 entropy=3.3334 mean_return=0.231 mean_len=78.9
[gat-train] update=283 samples=5660 fps=13.1 loss=9.8638 actor=2.4901 value=7.4083 entropy=3.4702 mean_return=0.249 mean_len=78.6
[gat-train] update=284 samples=5680 fps=13.1 loss=-0.5478 actor=-1.1802 value=0.6691 entropy=3.6739 mean_return=0.249 mean_len=78.6
[gat-train] update=285 samples=5700 fps=13.1 loss=-0.6111 actor=-1.2891 value=0.7168 entropy=3.8844 mean_return=0.249 mean_len=78.6
[gat-train] update=286 samples=5720 fps=13.1 loss=-1.1308 actor=-1.7084 value=0.6164 entropy=3.8857 mean_return=0.249 mean_len=78.6
[gat-train] update=287 samples=5740 fps=13.1 loss=-0.6383 actor=-1.3144 value=0.7104 entropy=3.4365 mean_return=0.249 mean_len=78.6
[gat-train] update=288 samples=5760 fps=13.1 loss=3.9859 actor=-0.7408 value=4.7620 entropy=3.5327 mean_return=0.296 mean_len=78.1
[gat-train] update=289 samples=5780 fps=13.1 loss=11.3764 actor=2.8016 value=8.6113 entropy=3.6535 mean_return=0.293 mean_len=77.7
[gat-train] update=290 samples=5800 fps=13.2 loss=-0.4930 actor=-0.7060 value=0.2526 entropy=3.9679 mean_return=0.293 mean_len=77.7
[gat-train] update=291 samples=5820 fps=13.2 loss=-0.7655 actor=-1.4617 value=0.7366 entropy=4.0359 mean_return=0.293 mean_len=77.7
[gat-train] update=292 samples=5840 fps=13.2 loss=-2.1869 actor=-3.1218 value=0.9756 entropy=4.0743 mean_return=0.293 mean_len=77.7
[gat-train] update=293 samples=5860 fps=13.2 loss=0.0739 actor=-0.1009 value=0.2127 entropy=3.7919 mean_return=0.293 mean_len=77.7
[gat-train] update=294 samples=5880 fps=13.2 loss=-1.1562 actor=-1.9008 value=0.7781 entropy=3.3548 mean_return=0.293 mean_len=77.7
[gat-train] update=295 samples=5900 fps=13.2 loss=-1.4800 actor=-2.2237 value=0.7748 entropy=3.1119 mean_return=0.293 mean_len=77.7
[gat-train] update=296 samples=5920 fps=13.2 loss=9.6594 actor=1.6477 value=8.0411 entropy=2.9377 mean_return=0.325 mean_len=77.4
[gat-train] update=297 samples=5940 fps=13.2 loss=-1.6261 actor=-2.7921 value=1.1949 entropy=2.8922 mean_return=0.325 mean_len=77.4
[gat-train] update=298 samples=5960 fps=13.2 loss=5.4734 actor=0.7682 value=4.7400 entropy=3.4755 mean_return=0.314 mean_len=77.1
[gat-train] update=299 samples=5980 fps=13.2 loss=7.2116 actor=2.4402 value=4.8079 entropy=3.6511 mean_return=0.384 mean_len=76.4
[gat-train] update=300 samples=6000 fps=13.2 loss=-0.4708 actor=-1.1259 value=0.6904 entropy=3.5311 mean_return=0.384 mean_len=76.4
[gat-train] eval update=300 comp_score=88.52 best=92.32
[gat-train] update=301 samples=6020 fps=13.1 loss=2.7376 actor=0.5640 value=2.2106 entropy=3.7085 mean_return=0.405 mean_len=75.9
[gat-train] update=302 samples=6040 fps=13.1 loss=-0.9667 actor=-1.1633 value=0.2355 entropy=3.8896 mean_return=0.405 mean_len=75.9
[gat-train] update=303 samples=6060 fps=13.1 loss=-1.3879 actor=-1.7286 value=0.3824 entropy=4.1683 mean_return=0.405 mean_len=75.9
[gat-train] update=304 samples=6080 fps=13.1 loss=0.0893 actor=-0.2030 value=0.3338 entropy=4.1492 mean_return=0.405 mean_len=75.9
[gat-train] update=305 samples=6100 fps=13.1 loss=-2.4457 actor=-3.2054 value=0.7999 entropy=4.0180 mean_return=0.405 mean_len=75.9
[gat-train] update=306 samples=6120 fps=13.1 loss=-2.2223 actor=-3.1178 value=0.9351 entropy=3.9561 mean_return=0.405 mean_len=75.9
[gat-train] update=307 samples=6140 fps=13.1 loss=-1.5952 actor=-1.9899 value=0.4332 entropy=3.8560 mean_return=0.405 mean_len=75.9
[gat-train] update=308 samples=6160 fps=13.1 loss=-1.9823 actor=-3.5079 value=1.5604 entropy=3.4816 mean_return=0.405 mean_len=75.9
[gat-train] update=309 samples=6180 fps=13.1 loss=9.9590 actor=1.0888 value=8.9022 entropy=3.2060 mean_return=0.394 mean_len=75.5
[gat-train] update=310 samples=6200 fps=13.1 loss=-0.2846 actor=-1.0296 value=0.7772 entropy=3.2254 mean_return=0.394 mean_len=75.5
[gat-train] update=311 samples=6220 fps=13.2 loss=8.4438 actor=0.8990 value=7.5796 entropy=3.4769 mean_return=0.402 mean_len=75.1
[gat-train] update=312 samples=6240 fps=13.2 loss=0.1490 actor=0.0212 value=0.1651 entropy=3.7298 mean_return=0.402 mean_len=75.1
[gat-train] update=313 samples=6260 fps=13.2 loss=13.2906 actor=3.8676 value=9.4567 entropy=3.3647 mean_return=0.402 mean_len=74.8
[gat-train] update=314 samples=6280 fps=13.2 loss=10.7627 actor=2.3124 value=8.4824 entropy=3.2118 mean_return=0.407 mean_len=74.5
[gat-train] update=315 samples=6300 fps=13.2 loss=-0.8962 actor=-1.1409 value=0.2814 entropy=3.6780 mean_return=0.407 mean_len=74.5
[gat-train] update=316 samples=6320 fps=13.2 loss=-0.6723 actor=-0.9181 value=0.2858 entropy=4.0034 mean_return=0.407 mean_len=74.5
[gat-train] update=317 samples=6340 fps=13.2 loss=-1.4405 actor=-1.7825 value=0.3811 entropy=3.9088 mean_return=0.407 mean_len=74.5
[gat-train] update=318 samples=6360 fps=13.2 loss=-2.7380 actor=-3.5214 value=0.8239 entropy=4.0458 mean_return=0.407 mean_len=74.5
[gat-train] update=319 samples=6380 fps=13.2 loss=-1.1873 actor=-1.8400 value=0.6906 entropy=3.7934 mean_return=0.407 mean_len=74.5
[gat-train] update=320 samples=6400 fps=13.2 loss=-0.8891 actor=-1.4197 value=0.5705 entropy=3.9877 mean_return=0.407 mean_len=74.5
[gat-train] update=321 samples=6420 fps=13.2 loss=-1.7415 actor=-2.7657 value=1.0614 entropy=3.7131 mean_return=0.407 mean_len=74.5
[gat-train] update=322 samples=6440 fps=13.2 loss=7.1466 actor=-0.7047 value=7.8836 entropy=3.2311 mean_return=0.399 mean_len=74.2
[gat-train] update=323 samples=6460 fps=13.2 loss=-0.7393 actor=-0.9175 value=0.2129 entropy=3.4814 mean_return=0.399 mean_len=74.2
[gat-train] update=324 samples=6480 fps=13.2 loss=8.2758 actor=0.7895 value=7.5181 entropy=3.1757 mean_return=0.390 mean_len=74.0
[gat-train] update=325 samples=6500 fps=13.2 loss=-0.1051 actor=-0.9465 value=0.8764 entropy=3.4966 mean_return=0.390 mean_len=74.0
[gat-train] update=326 samples=6520 fps=13.2 loss=0.7865 actor=-0.6189 value=1.4391 entropy=3.3700 mean_return=0.390 mean_len=74.0
[gat-train] update=327 samples=6540 fps=13.2 loss=18.8783 actor=4.7594 value=14.1520 entropy=3.3179 mean_return=0.392 mean_len=73.7
[gat-train] update=328 samples=6560 fps=13.2 loss=5.4087 actor=0.1299 value=5.3144 entropy=3.5573 mean_return=0.362 mean_len=73.7
[gat-train] update=329 samples=6580 fps=13.2 loss=0.0053 actor=-0.2361 value=0.2822 entropy=4.0786 mean_return=0.362 mean_len=73.7
[gat-train] update=330 samples=6600 fps=13.3 loss=-0.1280 actor=-0.3922 value=0.3057 entropy=4.1504 mean_return=0.362 mean_len=73.7
[gat-train] update=331 samples=6620 fps=13.3 loss=-1.6191 actor=-2.4502 value=0.8704 entropy=3.9424 mean_return=0.362 mean_len=73.7
[gat-train] update=332 samples=6640 fps=13.3 loss=-1.5236 actor=-2.0754 value=0.5934 entropy=4.1602 mean_return=0.362 mean_len=73.7
[gat-train] update=333 samples=6660 fps=13.2 loss=-1.9595 actor=-3.0602 value=1.1400 entropy=3.9335 mean_return=0.362 mean_len=73.7
[gat-train] update=334 samples=6680 fps=13.3 loss=-0.4030 actor=-0.8660 value=0.5002 entropy=3.7230 mean_return=0.362 mean_len=73.7
[gat-train] update=335 samples=6700 fps=13.3 loss=-1.0516 actor=-1.7474 value=0.7304 entropy=3.4599 mean_return=0.362 mean_len=73.7
[gat-train] update=336 samples=6720 fps=13.3 loss=4.3366 actor=0.6954 value=3.6781 entropy=3.6924 mean_return=0.337 mean_len=73.4
[gat-train] update=337 samples=6740 fps=13.3 loss=-0.2377 actor=-1.0700 value=0.8669 entropy=3.4591 mean_return=0.337 mean_len=73.4
[gat-train] update=338 samples=6760 fps=13.3 loss=-1.0340 actor=-2.1173 value=1.1194 entropy=3.6089 mean_return=0.337 mean_len=73.4
[gat-train] update=339 samples=6780 fps=13.3 loss=4.0054 actor=-0.0046 value=4.0463 entropy=3.6324 mean_return=0.336 mean_len=73.3
[gat-train] update=340 samples=6800 fps=13.3 loss=0.2192 actor=-0.0596 value=0.3147 entropy=3.5885 mean_return=0.336 mean_len=73.3
[gat-train] update=341 samples=6820 fps=13.3 loss=4.8638 actor=1.1624 value=3.7393 entropy=3.7921 mean_return=0.311 mean_len=73.1
[gat-train] update=342 samples=6840 fps=13.3 loss=-0.8395 actor=-1.0545 value=0.2519 entropy=3.6798 mean_return=0.311 mean_len=73.1
[gat-train] update=343 samples=6860 fps=13.3 loss=6.9883 actor=0.2621 value=6.7629 entropy=3.6696 mean_return=0.312 mean_len=73.0
[gat-train] update=344 samples=6880 fps=13.3 loss=-1.4568 actor=-1.8563 value=0.4398 entropy=4.0362 mean_return=0.312 mean_len=73.0
[gat-train] update=345 samples=6900 fps=13.3 loss=0.1657 actor=-0.6379 value=0.8440 entropy=4.0334 mean_return=0.312 mean_len=73.0
[gat-train] update=346 samples=6920 fps=13.3 loss=1.3362 actor=0.4393 value=0.9380 entropy=4.1063 mean_return=0.312 mean_len=73.0
[gat-train] update=347 samples=6940 fps=13.3 loss=8.6842 actor=1.0589 value=7.6623 entropy=3.7099 mean_return=0.354 mean_len=72.5
[gat-train] update=348 samples=6960 fps=13.3 loss=-0.9069 actor=-1.3199 value=0.4515 entropy=3.8534 mean_return=0.354 mean_len=72.5
[gat-train] update=349 samples=6980 fps=13.3 loss=-2.2483 actor=-3.3124 value=1.1041 entropy=4.0048 mean_return=0.354 mean_len=72.5
[gat-train] update=350 samples=7000 fps=13.3 loss=-0.1861 actor=-0.3804 value=0.2323 entropy=3.7937 mean_return=0.354 mean_len=72.5
[gat-train] eval update=350 comp_score=85.46 best=92.32
[gat-train] update=351 samples=7020 fps=13.2 loss=10.9854 actor=1.0771 value=9.9446 entropy=3.6309 mean_return=0.345 mean_len=72.1
[gat-train] update=352 samples=7040 fps=13.2 loss=-0.7946 actor=-1.3501 value=0.5937 entropy=3.8274 mean_return=0.345 mean_len=72.1
[gat-train] update=353 samples=7060 fps=13.2 loss=-1.3034 actor=-2.6375 value=1.3712 entropy=3.7073 mean_return=0.345 mean_len=72.1
[gat-train] update=354 samples=7080 fps=13.2 loss=9.5639 actor=0.2319 value=9.3681 entropy=3.6143 mean_return=0.344 mean_len=71.8
[gat-train] update=355 samples=7100 fps=13.2 loss=-0.6709 actor=-1.0436 value=0.4100 entropy=3.7398 mean_return=0.344 mean_len=71.8
[gat-train] update=356 samples=7120 fps=13.3 loss=-0.5778 actor=-0.9404 value=0.3994 entropy=3.6776 mean_return=0.344 mean_len=71.8
[gat-train] update=357 samples=7140 fps=13.3 loss=11.8587 actor=1.8425 value=10.0532 entropy=3.6885 mean_return=0.317 mean_len=71.6
[gat-train] update=358 samples=7160 fps=13.3 loss=-1.7011 actor=-2.4386 value=0.7759 entropy=3.8386 mean_return=0.317 mean_len=71.6
[gat-train] update=359 samples=7180 fps=13.3 loss=-1.6328 actor=-2.1975 value=0.6033 entropy=3.8593 mean_return=0.317 mean_len=71.6
[gat-train] update=360 samples=7200 fps=13.3 loss=0.0376 actor=-0.4522 value=0.5275 entropy=3.7680 mean_return=0.317 mean_len=71.6
[gat-train] update=361 samples=7220 fps=13.3 loss=16.2646 actor=2.6504 value=13.6497 entropy=3.5560 mean_return=0.311 mean_len=71.3
[gat-train] update=362 samples=7240 fps=13.3 loss=-1.2168 actor=-2.6585 value=1.4790 entropy=3.7264 mean_return=0.311 mean_len=71.3
[gat-train] update=363 samples=7260 fps=13.3 loss=0.0416 actor=-1.3788 value=1.4594 entropy=3.9016 mean_return=0.311 mean_len=71.3
[gat-train] update=364 samples=7280 fps=13.3 loss=-1.5724 actor=-2.7555 value=1.2193 entropy=3.6154 mean_return=0.311 mean_len=71.3
[gat-train] update=365 samples=7300 fps=13.3 loss=7.5317 actor=0.3476 value=7.2186 entropy=3.4569 mean_return=0.316 mean_len=71.1
[gat-train] update=366 samples=7320 fps=13.3 loss=0.0060 actor=-0.1075 value=0.1515 entropy=3.8055 mean_return=0.316 mean_len=71.1
[gat-train] update=367 samples=7340 fps=13.3 loss=7.5320 actor=1.0174 value=6.5509 entropy=3.6262 mean_return=0.322 mean_len=70.7
[gat-train] update=368 samples=7360 fps=13.3 loss=-0.2880 actor=-0.6288 value=0.3816 entropy=4.0824 mean_return=0.322 mean_len=70.7
[gat-train] update=369 samples=7380 fps=13.3 loss=0.0628 actor=-0.5895 value=0.6911 entropy=3.8831 mean_return=0.322 mean_len=70.7
[gat-train] update=370 samples=7400 fps=13.3 loss=-0.8533 actor=-1.5227 value=0.7060 entropy=3.6566 mean_return=0.322 mean_len=70.7
[gat-train] update=371 samples=7420 fps=13.3 loss=15.7841 actor=2.7996 value=13.0233 entropy=3.8739 mean_return=0.326 mean_len=70.5
[gat-train] update=372 samples=7440 fps=13.3 loss=-0.1348 actor=-0.6794 value=0.5827 entropy=3.8064 mean_return=0.326 mean_len=70.5
[gat-train] update=373 samples=7460 fps=13.3 loss=0.6271 actor=0.3210 value=0.3436 entropy=3.7461 mean_return=0.326 mean_len=70.5
[gat-train] update=374 samples=7480 fps=13.3 loss=-1.3645 actor=-2.3196 value=0.9912 entropy=3.6082 mean_return=0.326 mean_len=70.5
[gat-train] update=375 samples=7500 fps=13.3 loss=-0.3254 actor=-1.1319 value=0.8431 entropy=3.6664 mean_return=0.326 mean_len=70.5
[gat-train] update=376 samples=7520 fps=13.3 loss=11.2426 actor=0.0013 value=11.2745 entropy=3.3317 mean_return=0.295 mean_len=70.2
[gat-train] update=377 samples=7540 fps=13.3 loss=20.4400 actor=5.7693 value=14.7101 entropy=3.9480 mean_return=0.312 mean_len=69.8
[gat-train] update=378 samples=7560 fps=13.3 loss=0.5904 actor=-0.8445 value=1.4736 entropy=3.8745 mean_return=0.312 mean_len=69.8
[gat-train] update=379 samples=7580 fps=13.3 loss=-0.1837 actor=-0.7952 value=0.6501 entropy=3.8570 mean_return=0.312 mean_len=69.8
[gat-train] update=380 samples=7600 fps=13.3 loss=3.5057 actor=-0.5143 value=4.0586 entropy=3.8681 mean_return=0.327 mean_len=69.4
[gat-train] update=381 samples=7620 fps=13.3 loss=-0.3002 actor=-0.9764 value=0.7169 entropy=4.0697 mean_return=0.327 mean_len=69.4
[gat-train] update=382 samples=7640 fps=13.3 loss=-0.2134 actor=-0.8162 value=0.6449 entropy=4.2119 mean_return=0.327 mean_len=69.4
[gat-train] update=383 samples=7660 fps=13.3 loss=-1.6574 actor=-2.8490 value=1.2267 entropy=3.5096 mean_return=0.327 mean_len=69.4
[gat-train] update=384 samples=7680 fps=13.3 loss=-1.3598 actor=-1.8311 value=0.5049 entropy=3.3646 mean_return=0.327 mean_len=69.4
[gat-train] update=385 samples=7700 fps=13.3 loss=8.2497 actor=-0.9093 value=9.1954 entropy=3.6362 mean_return=0.311 mean_len=69.1
[gat-train] update=386 samples=7720 fps=13.3 loss=-0.0442 actor=-0.4057 value=0.4017 entropy=4.0257 mean_return=0.311 mean_len=69.1
[gat-train] update=387 samples=7740 fps=13.3 loss=-1.3345 actor=-2.3641 value=1.0689 entropy=3.9400 mean_return=0.311 mean_len=69.1
[gat-train] update=388 samples=7760 fps=13.3 loss=-0.6517 actor=-0.9784 value=0.3632 entropy=3.6514 mean_return=0.311 mean_len=69.1
[gat-train] update=389 samples=7780 fps=13.3 loss=-0.2404 actor=-1.2176 value=1.0086 entropy=3.1431 mean_return=0.311 mean_len=69.1
[gat-train] update=390 samples=7800 fps=13.4 loss=23.4374 actor=4.8968 value=18.5728 entropy=3.2236 mean_return=0.326 mean_len=68.3
[gat-train] update=391 samples=7820 fps=13.4 loss=1.6505 actor=-1.8301 value=3.5149 entropy=3.4338 mean_return=0.326 mean_len=68.3
[gat-train] update=392 samples=7840 fps=13.4 loss=18.0639 actor=4.9259 value=13.1763 entropy=3.8270 mean_return=0.353 mean_len=68.0
[gat-train] update=393 samples=7860 fps=13.4 loss=0.9797 actor=-0.2236 value=1.2413 entropy=3.7974 mean_return=0.353 mean_len=68.0
[gat-train] update=394 samples=7880 fps=13.4 loss=-0.7075 actor=-0.9849 value=0.3168 entropy=3.9397 mean_return=0.353 mean_len=68.0
[gat-train] update=395 samples=7900 fps=13.4 loss=-1.5481 actor=-2.0657 value=0.5544 entropy=3.6852 mean_return=0.353 mean_len=68.0
[gat-train] update=396 samples=7920 fps=13.4 loss=-1.8955 actor=-2.8661 value=1.0073 entropy=3.6691 mean_return=0.353 mean_len=68.0
[gat-train] update=397 samples=7940 fps=13.4 loss=12.0243 actor=1.4251 value=10.6354 entropy=3.6176 mean_return=0.311 mean_len=67.9
[gat-train] update=398 samples=7960 fps=13.4 loss=-2.3086 actor=-3.3350 value=1.0673 entropy=4.0946 mean_return=0.311 mean_len=67.9
[gat-train] update=399 samples=7980 fps=13.4 loss=0.4568 actor=-0.0472 value=0.5460 entropy=4.2095 mean_return=0.311 mean_len=67.9
[gat-train] update=400 samples=8000 fps=13.4 loss=-0.8614 actor=-1.2092 value=0.3869 entropy=3.9124 mean_return=0.311 mean_len=67.9
[gat-train] eval update=400 comp_score=89.26 best=92.32
[gat-train] update=401 samples=8020 fps=13.3 loss=0.2454 actor=-0.2425 value=0.5246 entropy=3.6760 mean_return=0.311 mean_len=67.9
[gat-train] update=402 samples=8040 fps=13.3 loss=16.6987 actor=1.5592 value=15.1741 entropy=3.4542 mean_return=0.304 mean_len=67.6
[gat-train] update=403 samples=8060 fps=13.3 loss=-0.0589 actor=-2.1420 value=2.1165 entropy=3.3388 mean_return=0.304 mean_len=67.6
[gat-train] update=404 samples=8080 fps=13.3 loss=0.2488 actor=-0.4778 value=0.7610 entropy=3.4356 mean_return=0.304 mean_len=67.6
[gat-train] update=405 samples=8100 fps=13.4 loss=8.7501 actor=0.5836 value=8.1989 entropy=3.2465 mean_return=0.316 mean_len=67.5
[gat-train] update=406 samples=8120 fps=13.4 loss=8.7123 actor=0.0652 value=8.6847 entropy=3.7478 mean_return=0.306 mean_len=67.4
[gat-train] update=407 samples=8140 fps=13.4 loss=-0.2983 actor=-1.1776 value=0.9200 entropy=4.0729 mean_return=0.306 mean_len=67.4
[gat-train] update=408 samples=8160 fps=13.4 loss=-1.2959 actor=-2.0586 value=0.8005 entropy=3.7885 mean_return=0.306 mean_len=67.4
[gat-train] update=409 samples=8180 fps=13.4 loss=-0.5171 actor=-1.2106 value=0.7306 entropy=3.7065 mean_return=0.306 mean_len=67.4
[gat-train] update=410 samples=8200 fps=13.4 loss=16.9280 actor=2.5306 value=14.4329 entropy=3.5546 mean_return=0.279 mean_len=67.3
[gat-train] update=411 samples=8220 fps=13.4 loss=-1.4424 actor=-2.6911 value=1.2867 entropy=3.8046 mean_return=0.279 mean_len=67.3
[gat-train] update=412 samples=8240 fps=13.4 loss=-0.9731 actor=-1.6135 value=0.6801 entropy=3.9758 mean_return=0.279 mean_len=67.3
[gat-train] update=413 samples=8260 fps=13.4 loss=-2.3005 actor=-4.1080 value=1.8456 entropy=3.8100 mean_return=0.279 mean_len=67.3
[gat-train] update=414 samples=8280 fps=13.4 loss=-1.5976 actor=-2.4789 value=0.9189 entropy=3.7601 mean_return=0.279 mean_len=67.3
[gat-train] update=415 samples=8300 fps=13.4 loss=-1.3786 actor=-1.8964 value=0.5530 entropy=3.5204 mean_return=0.279 mean_len=67.3
[gat-train] update=416 samples=8320 fps=13.4 loss=0.0512 actor=-0.3274 value=0.4123 entropy=3.3702 mean_return=0.279 mean_len=67.3
[gat-train] update=417 samples=8340 fps=13.4 loss=31.7778 actor=6.7370 value=25.0702 entropy=2.9338 mean_return=0.321 mean_len=67.1
[gat-train] update=418 samples=8360 fps=13.4 loss=0.5120 actor=-2.1131 value=2.6571 entropy=3.2049 mean_return=0.321 mean_len=67.1
[gat-train] update=419 samples=8380 fps=13.4 loss=13.3654 actor=3.8875 value=9.5150 entropy=3.7100 mean_return=0.350 mean_len=66.9
[gat-train] update=420 samples=8400 fps=13.4 loss=0.0471 actor=-0.5812 value=0.6674 entropy=3.9144 mean_return=0.350 mean_len=66.9
[gat-train] update=421 samples=8420 fps=13.4 loss=-1.4527 actor=-1.9680 value=0.5559 entropy=4.0641 mean_return=0.350 mean_len=66.9
[gat-train] update=422 samples=8440 fps=13.4 loss=-1.0983 actor=-1.2680 value=0.2105 entropy=4.0876 mean_return=0.350 mean_len=66.9
[gat-train] update=423 samples=8460 fps=13.4 loss=0.2278 actor=0.0965 value=0.1692 entropy=3.7924 mean_return=0.350 mean_len=66.9
[gat-train] update=424 samples=8480 fps=13.4 loss=4.1517 actor=-0.7070 value=4.8950 entropy=3.6224 mean_return=0.369 mean_len=66.9
[gat-train] update=425 samples=8500 fps=13.4 loss=-1.2843 actor=-2.4907 value=1.2452 entropy=3.8835 mean_return=0.369 mean_len=66.9
[gat-train] update=426 samples=8520 fps=13.4 loss=-1.1458 actor=-1.7303 value=0.6243 entropy=3.9794 mean_return=0.369 mean_len=66.9
[gat-train] update=427 samples=8540 fps=13.4 loss=-2.2459 actor=-3.3148 value=1.1085 entropy=3.9632 mean_return=0.369 mean_len=66.9
[gat-train] update=428 samples=8560 fps=13.4 loss=-0.0350 actor=-0.4232 value=0.4256 entropy=3.7294 mean_return=0.369 mean_len=66.9
[gat-train] update=429 samples=8580 fps=13.4 loss=35.0463 actor=8.4063 value=26.6747 entropy=3.4597 mean_return=0.462 mean_len=66.5
[gat-train] update=430 samples=8600 fps=13.4 loss=0.8473 actor=-0.5678 value=1.4503 entropy=3.5249 mean_return=0.462 mean_len=66.5
[gat-train] update=431 samples=8620 fps=13.4 loss=0.2571 actor=-0.8681 value=1.1588 entropy=3.3645 mean_return=0.462 mean_len=66.5
[gat-train] update=432 samples=8640 fps=13.4 loss=18.9468 actor=3.6567 value=15.3262 entropy=3.6094 mean_return=0.474 mean_len=66.5
[gat-train] update=433 samples=8660 fps=13.4 loss=0.8613 actor=-1.2229 value=2.1222 entropy=3.7913 mean_return=0.474 mean_len=66.5
[gat-train] update=434 samples=8680 fps=13.4 loss=-0.8687 actor=-1.1165 value=0.2864 entropy=3.8597 mean_return=0.474 mean_len=66.5
[gat-train] update=435 samples=8700 fps=13.4 loss=-0.4035 actor=-0.9059 value=0.5395 entropy=3.7112 mean_return=0.474 mean_len=66.5
[gat-train] update=436 samples=8720 fps=13.4 loss=-0.8839 actor=-1.3039 value=0.4577 entropy=3.7677 mean_return=0.474 mean_len=66.5
[gat-train] update=437 samples=8740 fps=13.4 loss=15.1736 actor=1.7210 value=13.4886 entropy=3.6047 mean_return=0.467 mean_len=66.5
[gat-train] update=438 samples=8760 fps=13.4 loss=-1.3860 actor=-2.0063 value=0.6574 entropy=3.7094 mean_return=0.467 mean_len=66.5
[gat-train] update=439 samples=8780 fps=13.4 loss=0.1475 actor=-0.5464 value=0.7322 entropy=3.8346 mean_return=0.467 mean_len=66.5
[gat-train] update=440 samples=8800 fps=13.4 loss=-1.2405 actor=-2.3508 value=1.1474 entropy=3.7149 mean_return=0.467 mean_len=66.5
[gat-train] update=441 samples=8820 fps=13.4 loss=-0.9536 actor=-1.5479 value=0.6298 entropy=3.5444 mean_return=0.467 mean_len=66.5
[gat-train] update=442 samples=8840 fps=13.4 loss=7.9840 actor=-1.1113 value=9.1307 entropy=3.5371 mean_return=0.488 mean_len=66.3
[gat-train] update=443 samples=8860 fps=13.4 loss=-1.2337 actor=-1.8497 value=0.6544 entropy=3.8384 mean_return=0.488 mean_len=66.3
[gat-train] update=444 samples=8880 fps=13.4 loss=11.2663 actor=2.1487 value=9.1539 entropy=3.6254 mean_return=0.518 mean_len=66.3
[gat-train] update=445 samples=8900 fps=13.4 loss=-1.0883 actor=-1.6689 value=0.6164 entropy=3.5830 mean_return=0.518 mean_len=66.3
[gat-train] update=446 samples=8920 fps=13.4 loss=-0.1303 actor=-0.7967 value=0.7002 entropy=3.3794 mean_return=0.518 mean_len=66.3
[gat-train] update=447 samples=8940 fps=13.5 loss=6.5885 actor=0.7213 value=5.9035 entropy=3.6299 mean_return=0.461 mean_len=66.5
[gat-train] update=448 samples=8960 fps=13.5 loss=-0.2816 actor=-0.9181 value=0.6758 entropy=3.9376 mean_return=0.461 mean_len=66.5
[gat-train] update=449 samples=8980 fps=13.5 loss=-0.9816 actor=-1.3159 value=0.3717 entropy=3.7425 mean_return=0.461 mean_len=66.5
[gat-train] update=450 samples=9000 fps=13.5 loss=-1.3330 actor=-2.1922 value=0.8955 entropy=3.6319 mean_return=0.461 mean_len=66.5
[gat-train] eval update=450 comp_score=90.72 best=92.32
[gat-train] update=451 samples=9020 fps=13.4 loss=17.9144 actor=3.6043 value=14.3434 entropy=3.3380 mean_return=0.441 mean_len=66.7
[gat-train] update=452 samples=9040 fps=13.4 loss=-0.5417 actor=-1.0299 value=0.5228 entropy=3.4658 mean_return=0.441 mean_len=66.7
[gat-train] update=453 samples=9060 fps=13.4 loss=-0.2629 actor=-0.5971 value=0.3666 entropy=3.2384 mean_return=0.441 mean_len=66.7
[gat-train] update=454 samples=9080 fps=13.4 loss=5.8529 actor=0.6458 value=5.2397 entropy=3.2721 mean_return=0.433 mean_len=66.6
[gat-train] update=455 samples=9100 fps=13.4 loss=-0.4171 actor=-1.3984 value=1.0135 entropy=3.2128 mean_return=0.433 mean_len=66.6
[gat-train] update=456 samples=9120 fps=13.4 loss=-0.0544 actor=-0.2669 value=0.2484 entropy=3.5910 mean_return=0.433 mean_len=66.6
[gat-train] update=457 samples=9140 fps=13.4 loss=-0.9300 actor=-1.2390 value=0.3416 entropy=3.2643 mean_return=0.433 mean_len=66.6
[gat-train] update=458 samples=9160 fps=13.4 loss=30.6637 actor=6.1967 value=24.4993 entropy=3.2371 mean_return=0.458 mean_len=66.4
[gat-train] update=459 samples=9180 fps=13.4 loss=-0.4446 actor=-0.8741 value=0.4646 entropy=3.5055 mean_return=0.458 mean_len=66.4
[gat-train] update=460 samples=9200 fps=13.4 loss=-0.8275 actor=-1.3449 value=0.5544 entropy=3.6961 mean_return=0.458 mean_len=66.4
[gat-train] update=461 samples=9220 fps=13.4 loss=-0.8564 actor=-1.0378 value=0.2181 entropy=3.6654 mean_return=0.458 mean_len=66.4
[gat-train] update=462 samples=9240 fps=13.4 loss=-1.1165 actor=-1.9615 value=0.8808 entropy=3.5887 mean_return=0.458 mean_len=66.4
[gat-train] update=463 samples=9260 fps=13.4 loss=-1.4227 actor=-1.8942 value=0.5074 entropy=3.5934 mean_return=0.458 mean_len=66.4
[gat-train] update=464 samples=9280 fps=13.4 loss=-1.8157 actor=-2.8268 value=1.0428 entropy=3.1702 mean_return=0.458 mean_len=66.4
[gat-train] update=465 samples=9300 fps=13.4 loss=4.8105 actor=-1.3366 value=6.1819 entropy=3.4738 mean_return=0.501 mean_len=66.3
[gat-train] update=466 samples=9320 fps=13.4 loss=-0.0447 actor=-0.2574 value=0.2492 entropy=3.6493 mean_return=0.501 mean_len=66.3
[gat-train] update=467 samples=9340 fps=13.4 loss=-0.5134 actor=-1.1041 value=0.6238 entropy=3.3035 mean_return=0.501 mean_len=66.3
[gat-train] update=468 samples=9360 fps=13.4 loss=15.6729 actor=2.1004 value=13.6027 entropy=3.0149 mean_return=0.415 mean_len=66.8
[gat-train] update=469 samples=9380 fps=13.4 loss=0.2394 actor=-0.6105 value=0.8825 entropy=3.2610 mean_return=0.415 mean_len=66.8
[gat-train] update=470 samples=9400 fps=13.4 loss=28.0415 actor=7.6025 value=20.4722 entropy=3.3178 mean_return=0.394 mean_len=66.7
[gat-train] update=471 samples=9420 fps=13.4 loss=2.1437 actor=-1.5549 value=3.7266 entropy=2.8002 mean_return=0.394 mean_len=66.7
[gat-train] update=472 samples=9440 fps=13.4 loss=20.7548 actor=4.0743 value=16.7142 entropy=3.3621 mean_return=0.414 mean_len=66.8
[gat-train] update=473 samples=9460 fps=13.4 loss=1.5596 actor=1.1360 value=0.4564 entropy=3.2810 mean_return=0.414 mean_len=66.8
[gat-train] update=474 samples=9480 fps=13.4 loss=0.4155 actor=-1.2726 value=1.7204 entropy=3.2315 mean_return=0.414 mean_len=66.8
[gat-train] update=475 samples=9500 fps=13.5 loss=-0.8073 actor=-1.3091 value=0.5365 entropy=3.4775 mean_return=0.414 mean_len=66.8
[gat-train] update=476 samples=9520 fps=13.4 loss=-1.0700 actor=-1.4175 value=0.3825 entropy=3.5078 mean_return=0.414 mean_len=66.8
[gat-train] update=477 samples=9540 fps=13.4 loss=-0.6671 actor=-1.0110 value=0.3793 entropy=3.5443 mean_return=0.414 mean_len=66.8
[gat-train] update=478 samples=9560 fps=13.4 loss=-1.8923 actor=-3.0272 value=1.1693 entropy=3.4408 mean_return=0.414 mean_len=66.8
[gat-train] update=479 samples=9580 fps=13.4 loss=-1.2499 actor=-2.8240 value=1.6053 entropy=3.1209 mean_return=0.414 mean_len=66.8
[gat-train] update=480 samples=9600 fps=13.4 loss=13.3172 actor=1.5772 value=11.7719 entropy=3.1933 mean_return=0.379 mean_len=67.0
[gat-train] update=481 samples=9620 fps=13.4 loss=-1.2993 actor=-2.5224 value=1.2548 entropy=3.1650 mean_return=0.379 mean_len=67.0
[gat-train] update=482 samples=9640 fps=13.4 loss=0.7740 actor=0.3074 value=0.4955 entropy=2.8953 mean_return=0.379 mean_len=67.0
[gat-train] update=483 samples=9660 fps=13.5 loss=22.9149 actor=5.0930 value=17.8503 entropy=2.8369 mean_return=0.394 mean_len=66.9
[gat-train] update=484 samples=9680 fps=13.5 loss=1.4693 actor=0.9452 value=0.5555 entropy=3.1396 mean_return=0.394 mean_len=66.9
[gat-train] update=485 samples=9700 fps=13.5 loss=14.1329 actor=3.2727 value=10.8913 entropy=3.1094 mean_return=0.392 mean_len=66.9
[gat-train] update=486 samples=9720 fps=13.5 loss=0.1459 actor=-0.6039 value=0.7820 entropy=3.2179 mean_return=0.392 mean_len=66.9
[gat-train] update=487 samples=9740 fps=13.5 loss=-0.5848 actor=-1.2852 value=0.7353 entropy=3.4904 mean_return=0.392 mean_len=66.9
[gat-train] update=488 samples=9760 fps=13.5 loss=-1.2207 actor=-1.8032 value=0.6181 entropy=3.5540 mean_return=0.392 mean_len=66.9
[gat-train] update=489 samples=9780 fps=13.5 loss=-1.2617 actor=-1.6438 value=0.4194 entropy=3.7337 mean_return=0.392 mean_len=66.9
[gat-train] update=490 samples=9800 fps=13.5 loss=-1.3661 actor=-1.7425 value=0.4127 entropy=3.6283 mean_return=0.392 mean_len=66.9
[gat-train] update=491 samples=9820 fps=13.5 loss=-1.8745 actor=-2.5893 value=0.7497 entropy=3.4944 mean_return=0.392 mean_len=66.9
[gat-train] update=492 samples=9840 fps=13.5 loss=-1.9899 actor=-3.0864 value=1.1307 entropy=3.4166 mean_return=0.392 mean_len=66.9
[gat-train] update=493 samples=9860 fps=13.5 loss=-1.2211 actor=-1.8354 value=0.6481 entropy=3.3758 mean_return=0.392 mean_len=66.9
[gat-train] update=494 samples=9880 fps=13.5 loss=26.2192 actor=4.4145 value=21.8375 entropy=3.2805 mean_return=0.370 mean_len=67.1
[gat-train] update=495 samples=9900 fps=13.5 loss=1.0418 actor=-1.1298 value=2.1986 entropy=2.7094 mean_return=0.370 mean_len=67.1
[gat-train] update=496 samples=9920 fps=13.5 loss=37.1983 actor=7.8574 value=29.3690 entropy=2.8093 mean_return=0.411 mean_len=67.0
[gat-train] update=497 samples=9940 fps=13.5 loss=1.7828 actor=-0.0265 value=1.8388 entropy=2.9465 mean_return=0.411 mean_len=67.0
[gat-train] update=498 samples=9960 fps=13.5 loss=23.1708 actor=4.2040 value=18.9988 entropy=3.1973 mean_return=0.451 mean_len=67.0
[gat-train] update=499 samples=9980 fps=13.5 loss=0.1022 actor=-0.0086 value=0.1432 entropy=3.2420 mean_return=0.451 mean_len=67.0
[gat-train] update=500 samples=10000 fps=13.5 loss=0.2086 actor=-0.0189 value=0.2615 entropy=3.3984 mean_return=0.451 mean_len=67.0
[gat-train] eval update=500 comp_score=87.79 best=92.32
[gat-train] update=501 samples=10020 fps=13.4 loss=-0.3068 actor=-0.5082 value=0.2365 entropy=3.5038 mean_return=0.451 mean_len=67.0
[gat-train] update=502 samples=10040 fps=13.4 loss=-0.9873 actor=-1.1253 value=0.1735 entropy=3.5528 mean_return=0.451 mean_len=67.0
[gat-train] update=503 samples=10060 fps=13.4 loss=-0.9543 actor=-1.2746 value=0.3564 entropy=3.6040 mean_return=0.451 mean_len=67.0
[gat-train] update=504 samples=10080 fps=13.4 loss=-1.3195 actor=-1.6355 value=0.3518 entropy=3.5784 mean_return=0.451 mean_len=67.0
[gat-train] update=505 samples=10100 fps=13.4 loss=-2.2958 actor=-3.9227 value=1.6633 entropy=3.6343 mean_return=0.451 mean_len=67.0
[gat-train] update=506 samples=10120 fps=13.4 loss=-1.1148 actor=-1.6315 value=0.5539 entropy=3.7200 mean_return=0.451 mean_len=67.0
[gat-train] update=507 samples=10140 fps=13.4 loss=-1.1610 actor=-1.8586 value=0.7342 entropy=3.6625 mean_return=0.451 mean_len=67.0
[gat-train] update=508 samples=10160 fps=13.4 loss=27.1434 actor=6.4251 value=20.7518 entropy=3.3500 mean_return=0.459 mean_len=66.9
[gat-train] update=509 samples=10180 fps=13.4 loss=14.8680 actor=3.2917 value=11.6060 entropy=2.9708 mean_return=0.486 mean_len=66.9
[gat-train] update=510 samples=10200 fps=13.4 loss=1.3006 actor=-1.1272 value=2.4583 entropy=3.0541 mean_return=0.486 mean_len=66.9
[gat-train] update=511 samples=10220 fps=13.4 loss=25.7888 actor=4.3005 value=21.5190 entropy=3.0692 mean_return=0.511 mean_len=66.9
[gat-train] update=512 samples=10240 fps=13.5 loss=0.2666 actor=0.0262 value=0.2709 entropy=3.0442 mean_return=0.511 mean_len=66.9
[gat-train] update=513 samples=10260 fps=13.5 loss=13.5257 actor=1.9237 value=11.6342 entropy=3.2219 mean_return=0.471 mean_len=67.2
[gat-train] update=514 samples=10280 fps=13.5 loss=-0.2792 actor=-0.4354 value=0.1904 entropy=3.4174 mean_return=0.471 mean_len=67.2
[gat-train] update=515 samples=10300 fps=13.5 loss=-0.3824 actor=-0.5218 value=0.1746 entropy=3.5294 mean_return=0.471 mean_len=67.2
[gat-train] update=516 samples=10320 fps=13.5 loss=0.0046 actor=-0.3756 value=0.4139 entropy=3.3768 mean_return=0.471 mean_len=67.2
[gat-train] update=517 samples=10340 fps=13.5 loss=-1.2070 actor=-2.1595 value=0.9869 entropy=3.4408 mean_return=0.471 mean_len=67.2
[gat-train] update=518 samples=10360 fps=13.5 loss=0.1816 actor=-0.0318 value=0.2480 entropy=3.4576 mean_return=0.471 mean_len=67.2
[gat-train] update=519 samples=10380 fps=13.5 loss=-0.9786 actor=-1.8879 value=0.9418 entropy=3.2407 mean_return=0.471 mean_len=67.2
[gat-train] update=520 samples=10400 fps=13.5 loss=-1.3052 actor=-2.7706 value=1.4989 entropy=3.3539 mean_return=0.471 mean_len=67.2
[gat-train] update=521 samples=10420 fps=13.5 loss=-0.4159 actor=-1.2726 value=0.8891 entropy=3.2431 mean_return=0.471 mean_len=67.2
[gat-train] update=522 samples=10440 fps=13.4 loss=-0.5032 actor=-1.3951 value=0.9195 entropy=2.7661 mean_return=0.471 mean_len=67.2
[gat-train] update=523 samples=10460 fps=13.5 loss=29.6541 actor=4.7234 value=24.9578 entropy=2.7057 mean_return=0.486 mean_len=67.5
[gat-train] update=524 samples=10480 fps=13.5 loss=0.5975 actor=0.2098 value=0.4154 entropy=2.7660 mean_return=0.486 mean_len=67.5
[gat-train] update=525 samples=10500 fps=13.5 loss=0.6058 actor=-0.0176 value=0.6489 entropy=2.5557 mean_return=0.486 mean_len=67.5
[gat-train] update=526 samples=10520 fps=13.5 loss=20.1358 actor=3.4680 value=16.6911 entropy=2.3358 mean_return=0.521 mean_len=67.6
[gat-train] update=527 samples=10540 fps=13.5 loss=9.5914 actor=2.1138 value=7.5053 entropy=2.7718 mean_return=0.550 mean_len=67.5
[gat-train] update=528 samples=10560 fps=13.5 loss=1.5621 actor=0.8732 value=0.7178 entropy=2.8858 mean_return=0.550 mean_len=67.5
[gat-train] update=529 samples=10580 fps=13.5 loss=-0.2215 actor=-0.6382 value=0.4455 entropy=2.8823 mean_return=0.550 mean_len=67.5
[gat-train] update=530 samples=10600 fps=13.5 loss=-0.4358 actor=-0.6378 value=0.2319 entropy=2.9866 mean_return=0.550 mean_len=67.5
[gat-train] update=531 samples=10620 fps=13.5 loss=-1.2287 actor=-1.5504 value=0.3548 entropy=3.3138 mean_return=0.550 mean_len=67.5
[gat-train] update=532 samples=10640 fps=13.5 loss=-0.6276 actor=-1.0114 value=0.4165 entropy=3.2625 mean_return=0.550 mean_len=67.5
[gat-train] update=533 samples=10660 fps=13.5 loss=-0.9598 actor=-1.7255 value=0.7988 entropy=3.3099 mean_return=0.550 mean_len=67.5
[gat-train] update=534 samples=10680 fps=13.5 loss=-1.1970 actor=-2.0261 value=0.8629 entropy=3.3751 mean_return=0.550 mean_len=67.5
[gat-train] update=535 samples=10700 fps=13.5 loss=-1.4901 actor=-2.5907 value=1.1326 entropy=3.2075 mean_return=0.550 mean_len=67.5
[gat-train] update=536 samples=10720 fps=13.5 loss=-0.3432 actor=-1.4973 value=1.1834 entropy=2.9289 mean_return=0.550 mean_len=67.5
[gat-train] update=537 samples=10740 fps=13.5 loss=7.9661 actor=-1.0996 value=9.0941 entropy=2.8380 mean_return=0.530 mean_len=67.5
[gat-train] update=538 samples=10760 fps=13.5 loss=19.9330 actor=3.5721 value=16.3905 entropy=2.9615 mean_return=0.519 mean_len=67.7
[gat-train] update=539 samples=10780 fps=13.5 loss=-0.0089 actor=-0.4915 value=0.5098 entropy=2.7302 mean_return=0.519 mean_len=67.7
[gat-train] update=540 samples=10800 fps=13.5 loss=7.6628 actor=0.7373 value=6.9551 entropy=2.9725 mean_return=0.530 mean_len=67.7
[gat-train] update=541 samples=10820 fps=13.5 loss=29.8618 actor=6.0980 value=23.7956 entropy=3.1768 mean_return=0.550 mean_len=67.7
[gat-train] update=542 samples=10840 fps=13.5 loss=2.6263 actor=0.5875 value=2.0706 entropy=3.1887 mean_return=0.550 mean_len=67.7
[gat-train] update=543 samples=10860 fps=13.5 loss=0.2995 actor=-0.1450 value=0.4808 entropy=3.6240 mean_return=0.550 mean_len=67.7
[gat-train] update=544 samples=10880 fps=13.5 loss=-1.1011 actor=-1.3939 value=0.3282 entropy=3.5319 mean_return=0.550 mean_len=67.7
[gat-train] update=545 samples=10900 fps=13.5 loss=-1.4193 actor=-1.9995 value=0.6166 entropy=3.6341 mean_return=0.550 mean_len=67.7
[gat-train] update=546 samples=10920 fps=13.5 loss=-1.3575 actor=-2.2097 value=0.8887 entropy=3.6519 mean_return=0.550 mean_len=67.7
[gat-train] update=547 samples=10940 fps=13.5 loss=-1.1588 actor=-1.8194 value=0.6974 entropy=3.6819 mean_return=0.550 mean_len=67.7
[gat-train] update=548 samples=10960 fps=13.5 loss=-1.5934 actor=-2.1687 value=0.6098 entropy=3.4457 mean_return=0.550 mean_len=67.7
[gat-train] update=549 samples=10980 fps=13.5 loss=20.9170 actor=3.7447 value=17.2058 entropy=3.3556 mean_return=0.553 mean_len=67.7
[gat-train] update=550 samples=11000 fps=13.5 loss=0.1735 actor=-0.9714 value=1.1788 entropy=3.3934 mean_return=0.553 mean_len=67.7
[gat-train] eval update=550 comp_score=87.79 best=92.32
[gat-train] update=551 samples=11020 fps=13.5 loss=0.6943 actor=0.0863 value=0.6402 entropy=3.2144 mean_return=0.553 mean_len=67.7
[gat-train] update=552 samples=11040 fps=13.5 loss=24.2200 actor=5.0375 value=19.2148 entropy=3.2279 mean_return=0.542 mean_len=67.6
[gat-train] update=553 samples=11060 fps=13.5 loss=-0.1465 actor=-0.5441 value=0.4341 entropy=3.6564 mean_return=0.542 mean_len=67.6
[gat-train] update=554 samples=11080 fps=13.5 loss=0.2805 actor=-0.2802 value=0.5947 entropy=3.4040 mean_return=0.542 mean_len=67.6
[gat-train] update=555 samples=11100 fps=13.5 loss=28.3310 actor=5.0102 value=23.3566 entropy=3.5739 mean_return=0.563 mean_len=67.6
[gat-train] update=556 samples=11120 fps=13.5 loss=1.5375 actor=-0.6211 value=2.1956 entropy=3.6920 mean_return=0.563 mean_len=67.6
[gat-train] update=557 samples=11140 fps=13.5 loss=-0.4375 actor=-0.8920 value=0.4926 entropy=3.8110 mean_return=0.563 mean_len=67.6
[gat-train] update=558 samples=11160 fps=13.5 loss=-1.3051 actor=-2.1646 value=0.8987 entropy=3.9208 mean_return=0.563 mean_len=67.6
[gat-train] update=559 samples=11180 fps=13.5 loss=0.1864 actor=-0.1364 value=0.3612 entropy=3.8324 mean_return=0.563 mean_len=67.6
[gat-train] update=560 samples=11200 fps=13.5 loss=-0.6251 actor=-3.1951 value=2.6083 entropy=3.8370 mean_return=0.563 mean_len=67.6
[gat-train] update=561 samples=11220 fps=13.5 loss=-1.4250 actor=-3.0226 value=1.6366 entropy=3.8981 mean_return=0.563 mean_len=67.6
[gat-train] update=562 samples=11240 fps=13.5 loss=30.5286 actor=5.9841 value=24.5809 entropy=3.6421 mean_return=0.567 mean_len=67.7
[gat-train] update=563 samples=11260 fps=13.5 loss=1.5661 actor=-1.0498 value=2.6496 entropy=3.3664 mean_return=0.567 mean_len=67.7
[gat-train] update=564 samples=11280 fps=13.5 loss=-0.5387 actor=-1.5604 value=1.0552 entropy=3.3459 mean_return=0.567 mean_len=67.7
[gat-train] update=565 samples=11300 fps=13.5 loss=29.5951 actor=5.6393 value=23.9896 entropy=3.3770 mean_return=0.538 mean_len=67.8
[gat-train] update=566 samples=11320 fps=13.5 loss=15.1182 actor=0.2654 value=14.8858 entropy=3.3030 mean_return=0.560 mean_len=68.0
[gat-train] update=567 samples=11340 fps=13.5 loss=0.5311 actor=-0.0105 value=0.5800 entropy=3.8468 mean_return=0.560 mean_len=68.0
[gat-train] update=568 samples=11360 fps=13.5 loss=0.3738 actor=0.2853 value=0.1261 entropy=3.7542 mean_return=0.560 mean_len=68.0
[gat-train] update=569 samples=11380 fps=13.5 loss=-0.9298 actor=-1.7316 value=0.8379 entropy=3.6081 mean_return=0.560 mean_len=68.0
[gat-train] update=570 samples=11400 fps=13.5 loss=26.3566 actor=3.6659 value=22.7253 entropy=3.4649 mean_return=0.556 mean_len=68.2
[gat-train] update=571 samples=11420 fps=13.5 loss=0.4437 actor=-0.2938 value=0.7748 entropy=3.7284 mean_return=0.556 mean_len=68.2
[gat-train] update=572 samples=11440 fps=13.5 loss=-0.6390 actor=-0.8702 value=0.2697 entropy=3.8445 mean_return=0.556 mean_len=68.2
[gat-train] update=573 samples=11460 fps=13.5 loss=-1.2768 actor=-1.6499 value=0.4116 entropy=3.8424 mean_return=0.556 mean_len=68.2
[gat-train] update=574 samples=11480 fps=13.5 loss=-1.9136 actor=-2.5150 value=0.6409 entropy=3.9452 mean_return=0.556 mean_len=68.2
[gat-train] update=575 samples=11500 fps=13.5 loss=-0.9770 actor=-1.7521 value=0.8121 entropy=3.6962 mean_return=0.556 mean_len=68.2
[gat-train] update=576 samples=11520 fps=13.5 loss=-1.1498 actor=-1.8865 value=0.7704 entropy=3.3751 mean_return=0.556 mean_len=68.2
[gat-train] update=577 samples=11540 fps=13.5 loss=-0.6325 actor=-1.2264 value=0.6232 entropy=2.9217 mean_return=0.556 mean_len=68.2
[gat-train] update=578 samples=11560 fps=13.5 loss=7.3298 actor=0.0529 value=7.3071 entropy=3.0191 mean_return=0.548 mean_len=68.2
[gat-train] update=579 samples=11580 fps=13.5 loss=46.5629 actor=7.6119 value=38.9801 entropy=2.9093 mean_return=0.560 mean_len=68.3
[gat-train] update=580 samples=11600 fps=13.5 loss=1.3801 actor=-2.5166 value=3.9290 entropy=3.2248 mean_return=0.560 mean_len=68.3
[gat-train] update=581 samples=11620 fps=13.5 loss=1.2900 actor=0.7678 value=0.5591 entropy=3.6947 mean_return=0.560 mean_len=68.3
[gat-train] update=582 samples=11640 fps=13.5 loss=0.9365 actor=0.3438 value=0.6277 entropy=3.4974 mean_return=0.560 mean_len=68.3
[gat-train] update=583 samples=11660 fps=13.5 loss=0.7716 actor=0.5295 value=0.2787 entropy=3.6566 mean_return=0.560 mean_len=68.3
[gat-train] update=584 samples=11680 fps=13.5 loss=-1.5462 actor=-2.4562 value=0.9418 entropy=3.1801 mean_return=0.560 mean_len=68.3
[gat-train] update=585 samples=11700 fps=13.5 loss=23.0229 actor=3.3481 value=19.7076 entropy=3.2800 mean_return=0.547 mean_len=68.3
[gat-train] update=586 samples=11720 fps=13.5 loss=-1.0015 actor=-1.5279 value=0.5612 entropy=3.4826 mean_return=0.547 mean_len=68.3
[gat-train] update=587 samples=11740 fps=13.5 loss=-1.3242 actor=-2.5103 value=1.2230 entropy=3.6909 mean_return=0.547 mean_len=68.3
[gat-train] update=588 samples=11760 fps=13.5 loss=-1.0028 actor=-1.4059 value=0.4416 entropy=3.8576 mean_return=0.547 mean_len=68.3
[gat-train] update=589 samples=11780 fps=13.5 loss=-0.9721 actor=-1.7880 value=0.8539 entropy=3.8047 mean_return=0.547 mean_len=68.3
[gat-train] update=590 samples=11800 fps=13.5 loss=-0.7604 actor=-1.1976 value=0.4735 entropy=3.6271 mean_return=0.547 mean_len=68.3
[gat-train] update=591 samples=11820 fps=13.5 loss=-1.4144 actor=-4.3999 value=3.0166 entropy=3.1108 mean_return=0.547 mean_len=68.3
[gat-train] update=592 samples=11840 fps=13.5 loss=8.1719 actor=-0.5931 value=8.7976 entropy=3.2572 mean_return=0.520 mean_len=68.6
[gat-train] update=593 samples=11860 fps=13.5 loss=48.0866 actor=9.4160 value=38.7025 entropy=3.1947 mean_return=0.503 mean_len=68.6
[gat-train] update=594 samples=11880 fps=13.6 loss=1.6914 actor=1.2403 value=0.4869 entropy=3.5818 mean_return=0.503 mean_len=68.6
[gat-train] update=595 samples=11900 fps=13.6 loss=0.7750 actor=0.2492 value=0.5628 entropy=3.7044 mean_return=0.503 mean_len=68.6
[gat-train] update=596 samples=11920 fps=13.6 loss=-2.3889 actor=-3.1721 value=0.8214 entropy=3.8119 mean_return=0.503 mean_len=68.6
[gat-train] update=597 samples=11940 fps=13.6 loss=-1.1985 actor=-2.1576 value=0.9961 entropy=3.7009 mean_return=0.503 mean_len=68.6
[gat-train] update=598 samples=11960 fps=13.6 loss=-1.1794 actor=-2.2529 value=1.1083 entropy=3.4842 mean_return=0.503 mean_len=68.6
[gat-train] update=599 samples=11980 fps=13.6 loss=36.1203 actor=6.7497 value=29.4049 entropy=3.4302 mean_return=0.447 mean_len=68.8
[gat-train] update=600 samples=12000 fps=13.6 loss=0.3666 actor=-0.0637 value=0.4648 entropy=3.4571 mean_return=0.447 mean_len=68.8
[gat-train] eval update=600 comp_score=89.99 best=92.32
[gat-train] update=601 samples=12020 fps=13.5 loss=-1.5805 actor=-4.3219 value=2.7767 entropy=3.5304 mean_return=0.447 mean_len=68.8
[gat-train] update=602 samples=12040 fps=13.5 loss=-0.8805 actor=-1.4866 value=0.6413 entropy=3.5162 mean_return=0.447 mean_len=68.8
[gat-train] update=603 samples=12060 fps=13.5 loss=-0.4089 actor=-0.7409 value=0.3667 entropy=3.4727 mean_return=0.447 mean_len=68.8
[gat-train] update=604 samples=12080 fps=13.5 loss=0.9103 actor=0.0861 value=0.8582 entropy=3.4000 mean_return=0.447 mean_len=68.8
[gat-train] update=605 samples=12100 fps=13.5 loss=52.7686 actor=8.9836 value=43.8120 entropy=2.7069 mean_return=0.441 mean_len=68.8
[gat-train] update=606 samples=12120 fps=13.5 loss=41.3397 actor=8.1213 value=33.2476 entropy=2.9176 mean_return=0.414 mean_len=68.8
[gat-train] update=607 samples=12140 fps=13.5 loss=3.1705 actor=0.1695 value=3.0328 entropy=3.1790 mean_return=0.414 mean_len=68.8
[gat-train] update=608 samples=12160 fps=13.5 loss=1.8678 actor=1.0932 value=0.8088 entropy=3.4144 mean_return=0.414 mean_len=68.8
[gat-train] update=609 samples=12180 fps=13.5 loss=-0.3731 actor=-1.1753 value=0.8328 entropy=3.0534 mean_return=0.414 mean_len=68.8
[gat-train] update=610 samples=12200 fps=13.5 loss=30.1517 actor=7.0432 value=23.1419 entropy=3.3455 mean_return=0.468 mean_len=68.7
[gat-train] update=611 samples=12220 fps=13.5 loss=0.8348 actor=-1.3549 value=2.2215 entropy=3.1759 mean_return=0.468 mean_len=68.7
[gat-train] update=612 samples=12240 fps=13.5 loss=0.0064 actor=-0.6328 value=0.6731 entropy=3.3828 mean_return=0.468 mean_len=68.7
[gat-train] update=613 samples=12260 fps=13.5 loss=-0.9935 actor=-1.2506 value=0.2916 entropy=3.4521 mean_return=0.468 mean_len=68.7
[gat-train] update=614 samples=12280 fps=13.5 loss=-0.8993 actor=-1.6244 value=0.7590 entropy=3.3850 mean_return=0.468 mean_len=68.7
[gat-train] update=615 samples=12300 fps=13.5 loss=-0.9811 actor=-1.7141 value=0.7672 entropy=3.4245 mean_return=0.468 mean_len=68.7
[gat-train] update=616 samples=12320 fps=13.5 loss=-0.3535 actor=-1.3393 value=1.0169 entropy=3.1093 mean_return=0.468 mean_len=68.7
[gat-train] update=617 samples=12340 fps=13.5 loss=-0.3855 actor=-1.4042 value=1.0507 entropy=3.1978 mean_return=0.468 mean_len=68.7
[gat-train] update=618 samples=12360 fps=13.5 loss=0.5381 actor=-1.3464 value=1.9154 entropy=3.0886 mean_return=0.468 mean_len=68.7
[gat-train] update=619 samples=12380 fps=13.5 loss=37.0299 actor=6.8243 value=30.2329 entropy=2.7373 mean_return=0.482 mean_len=68.5
[gat-train] update=620 samples=12400 fps=13.5 loss=1.3669 actor=0.8572 value=0.5382 entropy=2.8452 mean_return=0.482 mean_len=68.5
[gat-train] update=621 samples=12420 fps=13.5 loss=18.2843 actor=3.7167 value=14.5995 entropy=3.1819 mean_return=0.461 mean_len=68.6
[gat-train] update=622 samples=12440 fps=13.5 loss=-0.4233 actor=-0.7278 value=0.3375 entropy=3.2938 mean_return=0.461 mean_len=68.6
[gat-train] update=623 samples=12460 fps=13.6 loss=0.2203 actor=-0.5402 value=0.7951 entropy=3.4608 mean_return=0.461 mean_len=68.6
[gat-train] update=624 samples=12480 fps=13.6 loss=-0.6116 actor=-1.4986 value=0.9206 entropy=3.3539 mean_return=0.461 mean_len=68.6
[gat-train] update=625 samples=12500 fps=13.6 loss=30.4712 actor=4.7088 value=25.7964 entropy=3.3958 mean_return=0.453 mean_len=68.9
[gat-train] update=626 samples=12520 fps=13.6 loss=-2.1201 actor=-3.1329 value=1.0488 entropy=3.5931 mean_return=0.453 mean_len=68.9
[gat-train] update=627 samples=12540 fps=13.6 loss=0.2108 actor=-0.0535 value=0.3025 entropy=3.8232 mean_return=0.453 mean_len=68.9
[gat-train] update=628 samples=12560 fps=13.6 loss=-0.9965 actor=-2.1663 value=1.2075 entropy=3.7694 mean_return=0.453 mean_len=68.9
[gat-train] update=629 samples=12580 fps=13.6 loss=-1.8947 actor=-3.1865 value=1.3282 entropy=3.6437 mean_return=0.453 mean_len=68.9
[gat-train] update=630 samples=12600 fps=13.6 loss=1.1851 actor=-1.5171 value=2.7351 entropy=3.2906 mean_return=0.453 mean_len=68.9
[gat-train] update=631 samples=12620 fps=13.6 loss=-0.6118 actor=-2.4857 value=1.9026 entropy=2.8714 mean_return=0.453 mean_len=68.9
[gat-train] update=632 samples=12640 fps=13.6 loss=40.0633 actor=8.8818 value=31.2120 entropy=3.0409 mean_return=0.440 mean_len=68.8
[gat-train] update=633 samples=12660 fps=13.6 loss=10.7474 actor=1.4066 value=9.3693 entropy=2.8531 mean_return=0.418 mean_len=68.8
[gat-train] update=634 samples=12680 fps=13.6 loss=11.1009 actor=2.8016 value=8.3348 entropy=3.5403 mean_return=0.398 mean_len=69.0
[gat-train] update=635 samples=12700 fps=13.6 loss=-0.2784 actor=-1.8908 value=1.6500 entropy=3.7475 mean_return=0.398 mean_len=69.0
[gat-train] update=636 samples=12720 fps=13.6 loss=-0.5447 actor=-0.7802 value=0.2742 entropy=3.8725 mean_return=0.398 mean_len=69.0
[gat-train] update=637 samples=12740 fps=13.6 loss=-0.3363 actor=-0.5436 value=0.2450 entropy=3.7631 mean_return=0.398 mean_len=69.0
[gat-train] update=638 samples=12760 fps=13.6 loss=-0.4349 actor=-0.6155 value=0.2180 entropy=3.7341 mean_return=0.398 mean_len=69.0
[gat-train] update=639 samples=12780 fps=13.6 loss=24.6854 actor=2.9910 value=21.7297 entropy=3.5276 mean_return=0.423 mean_len=68.9
[gat-train] update=640 samples=12800 fps=13.6 loss=0.5898 actor=0.0597 value=0.5667 entropy=3.6642 mean_return=0.423 mean_len=68.9
[gat-train] update=641 samples=12820 fps=13.6 loss=-0.9938 actor=-1.6403 value=0.6824 entropy=3.5856 mean_return=0.423 mean_len=68.9
[gat-train] update=642 samples=12840 fps=13.6 loss=-1.5004 actor=-2.4149 value=0.9492 entropy=3.4769 mean_return=0.423 mean_len=68.9
[gat-train] update=643 samples=12860 fps=13.6 loss=0.0443 actor=-1.0223 value=1.1006 entropy=3.3933 mean_return=0.423 mean_len=68.9
[gat-train] update=644 samples=12880 fps=13.6 loss=-0.5463 actor=-1.1558 value=0.6413 entropy=3.1758 mean_return=0.423 mean_len=68.9
[gat-train] update=645 samples=12900 fps=13.6 loss=27.0617 actor=3.5711 value=23.5186 entropy=2.8003 mean_return=0.445 mean_len=69.0
[gat-train] update=646 samples=12920 fps=13.6 loss=0.9178 actor=0.5527 value=0.3941 entropy=2.9062 mean_return=0.445 mean_len=69.0
[gat-train] update=647 samples=12940 fps=13.6 loss=36.5164 actor=6.0275 value=30.5182 entropy=2.9247 mean_return=0.453 mean_len=68.8
[gat-train] update=648 samples=12960 fps=13.6 loss=0.8198 actor=0.1468 value=0.7071 entropy=3.4120 mean_return=0.453 mean_len=68.8
[gat-train] update=649 samples=12980 fps=13.6 loss=-0.6823 actor=-0.9795 value=0.3323 entropy=3.5059 mean_return=0.453 mean_len=68.8
[gat-train] update=650 samples=13000 fps=13.6 loss=-1.3035 actor=-2.4953 value=1.2279 entropy=3.6094 mean_return=0.453 mean_len=68.8
[gat-train] eval update=650 comp_score=92.12 best=92.32
[gat-train] update=651 samples=13020 fps=13.6 loss=-0.2170 actor=-0.5413 value=0.3580 entropy=3.3637 mean_return=0.453 mean_len=68.8
[gat-train] update=652 samples=13040 fps=13.6 loss=39.7992 actor=8.4704 value=31.3628 entropy=3.4022 mean_return=0.467 mean_len=68.6
[gat-train] update=653 samples=13060 fps=13.6 loss=1.1562 actor=-2.4208 value=3.6087 entropy=3.1737 mean_return=0.467 mean_len=68.6
[gat-train] update=654 samples=13080 fps=13.6 loss=-0.7135 actor=-1.3940 value=0.7162 entropy=3.5760 mean_return=0.467 mean_len=68.6
[gat-train] update=655 samples=13100 fps=13.6 loss=-0.9949 actor=-1.5392 value=0.5791 entropy=3.4820 mean_return=0.467 mean_len=68.6
[gat-train] update=656 samples=13120 fps=13.6 loss=0.3915 actor=-1.2500 value=1.6759 entropy=3.4435 mean_return=0.467 mean_len=68.6
[gat-train] update=657 samples=13140 fps=13.6 loss=0.0612 actor=-1.3566 value=1.4505 entropy=3.2717 mean_return=0.467 mean_len=68.6
[gat-train] update=658 samples=13160 fps=13.6 loss=10.5566 actor=1.8131 value=8.7745 entropy=3.0925 mean_return=0.480 mean_len=68.6
[gat-train] update=659 samples=13180 fps=13.6 loss=1.6140 actor=1.0645 value=0.5805 entropy=3.0962 mean_return=0.480 mean_len=68.6
[gat-train] update=660 samples=13200 fps=13.6 loss=15.6960 actor=2.2855 value=13.4387 entropy=2.8244 mean_return=0.495 mean_len=68.6
[gat-train] update=661 samples=13220 fps=13.6 loss=9.0386 actor=1.5945 value=7.4764 entropy=3.2426 mean_return=0.493 mean_len=68.6
[gat-train] update=662 samples=13240 fps=13.6 loss=-0.0772 actor=-0.4389 value=0.3940 entropy=3.2252 mean_return=0.493 mean_len=68.6
[gat-train] update=663 samples=13260 fps=13.6 loss=-0.1856 actor=-0.6176 value=0.4651 entropy=3.3073 mean_return=0.493 mean_len=68.6
[gat-train] update=664 samples=13280 fps=13.6 loss=-1.3308 actor=-2.1257 value=0.8285 entropy=3.3614 mean_return=0.493 mean_len=68.6
[gat-train] update=665 samples=13300 fps=13.6 loss=-0.9750 actor=-1.3332 value=0.3932 entropy=3.4957 mean_return=0.493 mean_len=68.6
[gat-train] update=666 samples=13320 fps=13.6 loss=-0.7670 actor=-1.3777 value=0.6435 entropy=3.2733 mean_return=0.493 mean_len=68.6
[gat-train] update=667 samples=13340 fps=13.6 loss=35.9929 actor=7.1069 value=28.9195 entropy=3.3609 mean_return=0.465 mean_len=68.8
[gat-train] update=668 samples=13360 fps=13.6 loss=1.3249 actor=-0.8425 value=2.1988 entropy=3.1502 mean_return=0.465 mean_len=68.8
[gat-train] update=669 samples=13380 fps=13.6 loss=0.0124 actor=-0.6158 value=0.6615 entropy=3.3284 mean_return=0.465 mean_len=68.8
[gat-train] update=670 samples=13400 fps=13.6 loss=-0.1116 actor=-1.2627 value=1.1839 entropy=3.2793 mean_return=0.465 mean_len=68.8
[gat-train] update=671 samples=13420 fps=13.6 loss=0.0373 actor=-1.2632 value=1.3350 entropy=3.4524 mean_return=0.465 mean_len=68.8
[gat-train] update=672 samples=13440 fps=13.6 loss=29.7815 actor=2.8480 value=26.9661 entropy=3.2634 mean_return=0.500 mean_len=68.9
[gat-train] update=673 samples=13460 fps=13.6 loss=0.9121 actor=0.3362 value=0.6089 entropy=3.2959 mean_return=0.500 mean_len=68.9
[gat-train] update=674 samples=13480 fps=13.6 loss=36.0440 actor=7.1451 value=28.9303 entropy=3.1315 mean_return=0.509 mean_len=68.9
[gat-train] update=675 samples=13500 fps=13.6 loss=20.2592 actor=4.7628 value=15.5259 entropy=2.9556 mean_return=0.513 mean_len=69.0
[gat-train] update=676 samples=13520 fps=13.6 loss=0.0051 actor=-0.3867 value=0.4227 entropy=3.0793 mean_return=0.513 mean_len=69.0
[gat-train] update=677 samples=13540 fps=13.6 loss=-0.7035 actor=-1.0755 value=0.4029 entropy=3.0931 mean_return=0.513 mean_len=69.0
[gat-train] update=678 samples=13560 fps=13.6 loss=-0.3767 actor=-0.8674 value=0.5204 entropy=2.9598 mean_return=0.513 mean_len=69.0
[gat-train] update=679 samples=13580 fps=13.6 loss=-0.2567 actor=-0.7454 value=0.5170 entropy=2.8316 mean_return=0.513 mean_len=69.0
[gat-train] update=680 samples=13600 fps=13.6 loss=-1.1570 actor=-2.1274 value=0.9980 entropy=2.7686 mean_return=0.513 mean_len=69.0
[gat-train] update=681 samples=13620 fps=13.6 loss=16.9237 actor=1.4864 value=15.4656 entropy=2.8333 mean_return=0.464 mean_len=69.1
[gat-train] update=682 samples=13640 fps=13.6 loss=0.2309 actor=-0.4141 value=0.6756 entropy=3.0590 mean_return=0.464 mean_len=69.1
[gat-train] update=683 samples=13660 fps=13.6 loss=-1.0600 actor=-1.5236 value=0.4944 entropy=3.0812 mean_return=0.464 mean_len=69.1
[gat-train] update=684 samples=13680 fps=13.6 loss=-0.8982 actor=-1.5264 value=0.6607 entropy=3.2474 mean_return=0.464 mean_len=69.1
[gat-train] update=685 samples=13700 fps=13.6 loss=-0.8298 actor=-1.5979 value=0.8014 entropy=3.3285 mean_return=0.464 mean_len=69.1
[gat-train] update=686 samples=13720 fps=13.6 loss=-0.2727 actor=-0.4310 value=0.1914 entropy=3.3184 mean_return=0.464 mean_len=69.1
[gat-train] update=687 samples=13740 fps=13.6 loss=-0.3685 actor=-1.3720 value=1.0320 entropy=2.8570 mean_return=0.464 mean_len=69.1
[gat-train] update=688 samples=13760 fps=13.6 loss=80.9797 actor=15.5021 value=65.5061 entropy=2.8576 mean_return=0.485 mean_len=69.0
[gat-train] update=689 samples=13780 fps=13.6 loss=2.3105 actor=1.1117 value=1.2269 entropy=2.8000 mean_return=0.485 mean_len=69.0
[gat-train] update=690 samples=13800 fps=13.6 loss=1.0293 actor=0.5610 value=0.5001 entropy=3.1748 mean_return=0.485 mean_len=69.0
[gat-train] update=691 samples=13820 fps=13.6 loss=-0.2522 actor=-0.5094 value=0.2898 entropy=3.2696 mean_return=0.485 mean_len=69.0
[gat-train] update=692 samples=13840 fps=13.6 loss=-1.2114 actor=-1.5976 value=0.4205 entropy=3.4307 mean_return=0.485 mean_len=69.0
[gat-train] update=693 samples=13860 fps=13.6 loss=-1.2391 actor=-1.9095 value=0.7051 entropy=3.4712 mean_return=0.485 mean_len=69.0
[gat-train] update=694 samples=13880 fps=13.6 loss=-0.8974 actor=-1.1632 value=0.2988 entropy=3.3071 mean_return=0.485 mean_len=69.0
[gat-train] update=695 samples=13900 fps=13.6 loss=-0.3622 actor=-1.2819 value=0.9487 entropy=2.9093 mean_return=0.485 mean_len=69.0
[gat-train] update=696 samples=13920 fps=13.6 loss=36.6306 actor=4.9735 value=31.6868 entropy=2.9725 mean_return=0.469 mean_len=69.1
[gat-train] update=697 samples=13940 fps=13.6 loss=1.9221 actor=-0.8586 value=2.8107 entropy=2.9964 mean_return=0.469 mean_len=69.1
[gat-train] update=698 samples=13960 fps=13.6 loss=0.4774 actor=-0.5880 value=1.0972 entropy=3.1779 mean_return=0.469 mean_len=69.1
[gat-train] update=699 samples=13980 fps=13.6 loss=0.0764 actor=-0.5474 value=0.6551 entropy=3.1369 mean_return=0.469 mean_len=69.1
[gat-train] update=700 samples=14000 fps=13.6 loss=2.0206 actor=0.7903 value=1.2606 entropy=3.0370 mean_return=0.469 mean_len=69.1
[gat-train] eval update=700 comp_score=89.26 best=92.32
[gat-train] update=701 samples=14020 fps=13.6 loss=0.2407 actor=-0.4286 value=0.6954 entropy=2.6145 mean_return=0.469 mean_len=69.1
[gat-train] update=702 samples=14040 fps=13.6 loss=40.4521 actor=5.5214 value=34.9549 entropy=2.4210 mean_return=0.504 mean_len=69.0
[gat-train] update=703 samples=14060 fps=13.6 loss=19.0091 actor=3.7664 value=15.2706 entropy=2.7996 mean_return=0.520 mean_len=69.1
[gat-train] update=704 samples=14080 fps=13.6 loss=1.7811 actor=1.0708 value=0.7407 entropy=3.0413 mean_return=0.520 mean_len=69.1
[gat-train] update=705 samples=14100 fps=13.6 loss=-0.7190 actor=-1.0405 value=0.3524 entropy=3.0952 mean_return=0.520 mean_len=69.1
[gat-train] update=706 samples=14120 fps=13.6 loss=-0.4404 actor=-0.5368 value=0.1281 entropy=3.1648 mean_return=0.520 mean_len=69.1
[gat-train] update=707 samples=14140 fps=13.6 loss=-0.4205 actor=-0.6219 value=0.2340 entropy=3.2513 mean_return=0.520 mean_len=69.1
[gat-train] update=708 samples=14160 fps=13.6 loss=-1.3118 actor=-1.7831 value=0.5053 entropy=3.3953 mean_return=0.520 mean_len=69.1
[gat-train] update=709 samples=14180 fps=13.6 loss=-1.5097 actor=-1.8593 value=0.3837 entropy=3.4091 mean_return=0.520 mean_len=69.1
[gat-train] update=710 samples=14200 fps=13.6 loss=-0.5281 actor=-0.7414 value=0.2472 entropy=3.3808 mean_return=0.520 mean_len=69.1
[gat-train] update=711 samples=14220 fps=13.6 loss=-1.0595 actor=-1.2588 value=0.2305 entropy=3.1169 mean_return=0.520 mean_len=69.1
[gat-train] update=712 samples=14240 fps=13.6 loss=15.7062 actor=0.4116 value=15.3260 entropy=3.1357 mean_return=0.533 mean_len=69.1
[gat-train] update=713 samples=14260 fps=13.6 loss=-0.9969 actor=-2.0385 value=1.0741 entropy=3.2419 mean_return=0.533 mean_len=69.1
[gat-train] update=714 samples=14280 fps=13.6 loss=-1.5363 actor=-2.4371 value=0.9316 entropy=3.0886 mean_return=0.533 mean_len=69.1
[gat-train] update=715 samples=14300 fps=13.6 loss=-0.8445 actor=-1.4788 value=0.6659 entropy=3.1633 mean_return=0.533 mean_len=69.1
[gat-train] update=716 samples=14320 fps=13.6 loss=1.1261 actor=0.6692 value=0.4873 entropy=3.0405 mean_return=0.533 mean_len=69.1
[gat-train] update=717 samples=14340 fps=13.6 loss=34.4939 actor=4.6550 value=29.8629 entropy=2.3946 mean_return=0.535 mean_len=69.3
[gat-train] update=718 samples=14360 fps=13.6 loss=41.3917 actor=6.9073 value=34.5051 entropy=2.0783 mean_return=0.516 mean_len=69.7
[gat-train] update=719 samples=14380 fps=13.6 loss=1.0579 actor=0.5907 value=0.4877 entropy=2.0604 mean_return=0.516 mean_len=69.7
[gat-train] update=720 samples=14400 fps=13.6 loss=0.6149 actor=0.4635 value=0.1736 entropy=2.2295 mean_return=0.516 mean_len=69.7
[gat-train] update=721 samples=14420 fps=13.6 loss=-0.4265 actor=-0.7803 value=0.3757 entropy=2.1897 mean_return=0.516 mean_len=69.7
[gat-train] update=722 samples=14440 fps=13.6 loss=-0.1224 actor=-0.2700 value=0.1644 entropy=1.6766 mean_return=0.516 mean_len=69.7
[gat-train] update=723 samples=14460 fps=13.6 loss=-0.1090 actor=-0.2635 value=0.1762 entropy=2.1717 mean_return=0.516 mean_len=69.7
[gat-train] update=724 samples=14480 fps=13.6 loss=0.2315 actor=-2.1357 value=2.3870 entropy=1.9761 mean_return=0.516 mean_len=69.7
[gat-train] update=725 samples=14500 fps=13.6 loss=-0.4084 actor=-0.8125 value=0.4231 entropy=1.9014 mean_return=0.516 mean_len=69.7
[gat-train] update=726 samples=14520 fps=13.6 loss=-0.3978 actor=-1.0986 value=0.7197 entropy=1.8827 mean_return=0.516 mean_len=69.7
[gat-train] update=727 samples=14540 fps=13.6 loss=0.6485 actor=0.0624 value=0.6041 entropy=1.7985 mean_return=0.516 mean_len=69.7
[gat-train] update=728 samples=14560 fps=13.6 loss=17.0110 actor=1.1977 value=15.8287 entropy=1.5474 mean_return=0.530 mean_len=69.9
[gat-train] update=729 samples=14580 fps=13.6 loss=-0.4304 actor=-2.0578 value=1.6462 entropy=1.8724 mean_return=0.530 mean_len=69.9
[gat-train] update=730 samples=14600 fps=13.6 loss=-0.0789 actor=-0.8606 value=0.7968 entropy=1.5125 mean_return=0.530 mean_len=69.9
[gat-train] update=731 samples=14620 fps=13.6 loss=0.0567 actor=-1.2557 value=1.3293 entropy=1.6905 mean_return=0.530 mean_len=69.9
[gat-train] update=732 samples=14640 fps=13.6 loss=0.6925 actor=0.2572 value=0.4529 entropy=1.7598 mean_return=0.530 mean_len=69.9
[gat-train] update=733 samples=14660 fps=13.6 loss=40.3988 actor=5.8597 value=34.5588 entropy=1.9675 mean_return=0.494 mean_len=70.2
[gat-train] update=734 samples=14680 fps=13.6 loss=28.3690 actor=4.0305 value=24.3528 entropy=1.4221 mean_return=0.488 mean_len=70.5
[gat-train] update=735 samples=14700 fps=13.6 loss=26.0593 actor=3.9062 value=22.1637 entropy=1.0608 mean_return=0.470 mean_len=70.9
[gat-train] update=736 samples=14720 fps=13.6 loss=0.4882 actor=0.1791 value=0.3210 entropy=1.1922 mean_return=0.470 mean_len=70.9
[gat-train] update=737 samples=14740 fps=13.6 loss=0.5475 actor=0.1458 value=0.4130 entropy=1.1304 mean_return=0.470 mean_len=70.9
[gat-train] update=738 samples=14760 fps=13.6 loss=0.1833 actor=0.0713 value=0.1255 entropy=1.3605 mean_return=0.470 mean_len=70.9
[gat-train] update=739 samples=14780 fps=13.6 loss=-0.2104 actor=-0.5732 value=0.3784 entropy=1.5585 mean_return=0.470 mean_len=70.9
[gat-train] update=740 samples=14800 fps=13.6 loss=0.0568 actor=-0.2273 value=0.2995 entropy=1.5392 mean_return=0.470 mean_len=70.9
[gat-train] update=741 samples=14820 fps=13.6 loss=-0.1881 actor=-1.4058 value=1.2342 entropy=1.6415 mean_return=0.470 mean_len=70.9
[gat-train] update=742 samples=14840 fps=13.6 loss=-0.5869 actor=-1.4593 value=0.8907 entropy=1.8243 mean_return=0.470 mean_len=70.9
[gat-train] update=743 samples=14860 fps=13.6 loss=-0.2843 actor=-1.4676 value=1.1992 entropy=1.5952 mean_return=0.470 mean_len=70.9
[gat-train] update=744 samples=14880 fps=13.6 loss=0.0311 actor=-0.6006 value=0.6490 entropy=1.7262 mean_return=0.470 mean_len=70.9
[gat-train] update=745 samples=14900 fps=13.6 loss=-0.4236 actor=-0.8903 value=0.4854 entropy=1.8681 mean_return=0.470 mean_len=70.9
[gat-train] update=746 samples=14920 fps=13.6 loss=28.2523 actor=4.1286 value=24.1417 entropy=1.7995 mean_return=0.440 mean_len=71.3
[gat-train] update=747 samples=14940 fps=13.6 loss=-0.2895 actor=-1.0629 value=0.7930 entropy=1.9580 mean_return=0.440 mean_len=71.3
[gat-train] update=748 samples=14960 fps=13.6 loss=0.1604 actor=-0.1642 value=0.3450 entropy=2.0480 mean_return=0.440 mean_len=71.3
[gat-train] update=749 samples=14980 fps=13.6 loss=-0.2822 actor=-1.3644 value=1.1051 entropy=2.2867 mean_return=0.440 mean_len=71.3
[gat-train] update=750 samples=15000 fps=13.5 loss=21.6218 actor=4.7391 value=16.9038 entropy=2.1146 mean_return=0.416 mean_len=71.6
[gat-train] eval update=750 comp_score=89.26 best=92.32
[gat-train] update=751 samples=15020 fps=13.5 loss=31.4465 actor=5.8570 value=25.6072 entropy=1.7661 mean_return=0.429 mean_len=71.8
[gat-train] update=752 samples=15040 fps=13.5 loss=22.9098 actor=5.4306 value=17.4957 entropy=1.6435 mean_return=0.456 mean_len=72.0
[gat-train] update=753 samples=15060 fps=13.5 loss=0.8523 actor=0.1499 value=0.7189 entropy=1.6419 mean_return=0.456 mean_len=72.0
[gat-train] update=754 samples=15080 fps=13.5 loss=0.2553 actor=-0.0382 value=0.3157 entropy=2.2111 mean_return=0.456 mean_len=72.0
[gat-train] update=755 samples=15100 fps=13.5 loss=-0.2660 actor=-0.4837 value=0.2419 entropy=2.4299 mean_return=0.456 mean_len=72.0
[gat-train] update=756 samples=15120 fps=13.5 loss=-0.7120 actor=-1.5184 value=0.8321 entropy=2.5705 mean_return=0.456 mean_len=72.0
[gat-train] update=757 samples=15140 fps=13.5 loss=-0.8379 actor=-1.0680 value=0.2620 entropy=3.1931 mean_return=0.456 mean_len=72.0
[gat-train] update=758 samples=15160 fps=13.5 loss=-1.3654 actor=-2.0955 value=0.7635 entropy=3.3372 mean_return=0.456 mean_len=72.0
[gat-train] update=759 samples=15180 fps=13.5 loss=-0.6217 actor=-1.2913 value=0.7059 entropy=3.6274 mean_return=0.456 mean_len=72.0
[gat-train] update=760 samples=15200 fps=13.5 loss=-0.7978 actor=-1.9203 value=1.1591 entropy=3.6622 mean_return=0.456 mean_len=72.0
[gat-train] update=761 samples=15220 fps=13.5 loss=-1.5804 actor=-2.7679 value=1.2234 entropy=3.5867 mean_return=0.456 mean_len=72.0
[gat-train] update=762 samples=15240 fps=13.5 loss=41.4350 actor=7.6264 value=33.8433 entropy=3.4731 mean_return=0.469 mean_len=72.3
[gat-train] update=763 samples=15260 fps=13.5 loss=0.9378 actor=0.0198 value=0.9496 entropy=3.1520 mean_return=0.469 mean_len=72.3
[gat-train] update=764 samples=15280 fps=13.5 loss=19.4186 actor=2.9756 value=16.4729 entropy=2.9934 mean_return=0.481 mean_len=72.3
[gat-train] update=765 samples=15300 fps=13.5 loss=63.3434 actor=12.5355 value=50.8375 entropy=2.9596 mean_return=0.607 mean_len=72.1
[gat-train] update=766 samples=15320 fps=13.5 loss=0.0792 actor=-0.1993 value=0.3092 entropy=3.0684 mean_return=0.607 mean_len=72.1
[gat-train] update=767 samples=15340 fps=13.5 loss=1.0780 actor=0.2206 value=0.8899 entropy=3.2566 mean_return=0.607 mean_len=72.1
[gat-train] update=768 samples=15360 fps=13.5 loss=0.0126 actor=-0.3508 value=0.3968 entropy=3.3457 mean_return=0.607 mean_len=72.1
[gat-train] update=769 samples=15380 fps=13.5 loss=-0.5541 actor=-0.8574 value=0.3372 entropy=3.3930 mean_return=0.607 mean_len=72.1
[gat-train] update=770 samples=15400 fps=13.5 loss=-1.1427 actor=-2.9691 value=1.8628 entropy=3.6355 mean_return=0.607 mean_len=72.1
[gat-train] update=771 samples=15420 fps=13.5 loss=-0.6964 actor=-1.0858 value=0.4264 entropy=3.6934 mean_return=0.607 mean_len=72.1
[gat-train] update=772 samples=15440 fps=13.5 loss=-0.6099 actor=-1.7721 value=1.1997 entropy=3.7448 mean_return=0.607 mean_len=72.1
[gat-train] update=773 samples=15460 fps=13.5 loss=0.1210 actor=-1.3303 value=1.4860 entropy=3.4643 mean_return=0.607 mean_len=72.1
[gat-train] update=774 samples=15480 fps=13.5 loss=-1.4763 actor=-3.6839 value=2.2423 entropy=3.4664 mean_return=0.607 mean_len=72.1
[gat-train] update=775 samples=15500 fps=13.5 loss=37.4345 actor=5.1646 value=32.3047 entropy=3.4783 mean_return=0.604 mean_len=72.1
[gat-train] update=776 samples=15520 fps=13.5 loss=-0.3289 actor=-1.9429 value=1.6494 entropy=3.5465 mean_return=0.604 mean_len=72.1
[gat-train] update=777 samples=15540 fps=13.5 loss=-1.3113 actor=-2.4012 value=1.1265 entropy=3.6539 mean_return=0.604 mean_len=72.1
[gat-train] update=778 samples=15560 fps=13.5 loss=0.2704 actor=-1.0171 value=1.3193 entropy=3.1809 mean_return=0.604 mean_len=72.1
[gat-train] update=779 samples=15580 fps=13.5 loss=47.9103 actor=10.9482 value=36.9934 entropy=3.1236 mean_return=0.578 mean_len=72.1
[gat-train] update=780 samples=15600 fps=13.5 loss=70.9712 actor=11.0669 value=59.9319 entropy=2.7590 mean_return=0.521 mean_len=72.6
[gat-train] update=781 samples=15620 fps=13.5 loss=1.2239 actor=0.5232 value=0.7345 entropy=3.3719 mean_return=0.521 mean_len=72.6
[gat-train] update=782 samples=15640 fps=13.5 loss=0.5558 actor=0.2244 value=0.3684 entropy=3.7014 mean_return=0.521 mean_len=72.6
[gat-train] update=783 samples=15660 fps=13.6 loss=-1.1437 actor=-2.4097 value=1.3017 entropy=3.5695 mean_return=0.521 mean_len=72.6
[gat-train] update=784 samples=15680 fps=13.6 loss=-1.7611 actor=-3.5649 value=1.8384 entropy=3.4609 mean_return=0.521 mean_len=72.6
[gat-train] update=785 samples=15700 fps=13.6 loss=-0.6434 actor=-1.5281 value=0.9209 entropy=3.6189 mean_return=0.521 mean_len=72.6
[gat-train] update=786 samples=15720 fps=13.6 loss=-1.0237 actor=-1.7291 value=0.7414 entropy=3.6018 mean_return=0.521 mean_len=72.6
[gat-train] update=787 samples=15740 fps=13.6 loss=-0.8017 actor=-3.2299 value=2.4636 entropy=3.5354 mean_return=0.521 mean_len=72.6
[gat-train] update=788 samples=15760 fps=13.5 loss=-0.7661 actor=-1.6114 value=0.8806 entropy=3.5290 mean_return=0.521 mean_len=72.6
[gat-train] update=789 samples=15780 fps=13.5 loss=-0.3059 actor=-2.0742 value=1.7983 entropy=2.9952 mean_return=0.521 mean_len=72.6
[gat-train] update=790 samples=15800 fps=13.5 loss=44.2645 actor=5.2229 value=39.0725 entropy=3.0829 mean_return=0.607 mean_len=72.4
[gat-train] update=791 samples=15820 fps=13.5 loss=2.5337 actor=0.1845 value=2.3847 entropy=3.5522 mean_return=0.607 mean_len=72.4
[gat-train] update=792 samples=15840 fps=13.5 loss=43.8977 actor=8.1518 value=35.7814 entropy=3.5412 mean_return=0.569 mean_len=72.5
[gat-train] update=793 samples=15860 fps=13.5 loss=2.9678 actor=0.0820 value=2.9198 entropy=3.3992 mean_return=0.569 mean_len=72.5
[gat-train] update=794 samples=15880 fps=13.6 loss=41.6521 actor=6.6953 value=34.9903 entropy=3.3615 mean_return=0.539 mean_len=72.6
[gat-train] update=795 samples=15900 fps=13.6 loss=3.4609 actor=-0.1862 value=3.6816 entropy=3.4524 mean_return=0.539 mean_len=72.6
[gat-train] update=796 samples=15920 fps=13.6 loss=-0.4929 actor=-1.7050 value=1.2500 entropy=3.7976 mean_return=0.539 mean_len=72.6
[gat-train] update=797 samples=15940 fps=13.6 loss=-0.1157 actor=-0.5590 value=0.4814 entropy=3.8078 mean_return=0.539 mean_len=72.6
[gat-train] update=798 samples=15960 fps=13.6 loss=-1.6318 actor=-2.6790 value=1.0865 entropy=3.9255 mean_return=0.539 mean_len=72.6
[gat-train] update=799 samples=15980 fps=13.6 loss=-1.0757 actor=-1.5865 value=0.5498 entropy=3.9065 mean_return=0.539 mean_len=72.6
[gat-train] update=800 samples=16000 fps=13.6 loss=-1.6581 actor=-2.4940 value=0.8761 entropy=4.0158 mean_return=0.539 mean_len=72.6
[gat-train] eval update=800 comp_score=88.52 best=92.32
[gat-train] update=801 samples=16020 fps=13.5 loss=1.6903 actor=-0.8768 value=2.6050 entropy=3.7932 mean_return=0.539 mean_len=72.6
[gat-train] update=802 samples=16040 fps=13.5 loss=31.3887 actor=5.0820 value=26.3420 entropy=3.5336 mean_return=0.572 mean_len=72.4
[gat-train] update=803 samples=16060 fps=13.5 loss=2.0626 actor=1.4720 value=0.6265 entropy=3.5952 mean_return=0.572 mean_len=72.4
[gat-train] update=804 samples=16080 fps=13.5 loss=36.2857 actor=4.8868 value=31.4319 entropy=3.2896 mean_return=0.580 mean_len=72.4
[gat-train] update=805 samples=16100 fps=13.5 loss=1.0633 actor=-0.4425 value=1.5396 entropy=3.3754 mean_return=0.580 mean_len=72.4
[gat-train] update=806 samples=16120 fps=13.5 loss=49.2019 actor=8.4283 value=40.8062 entropy=3.2560 mean_return=0.550 mean_len=72.3
[gat-train] update=807 samples=16140 fps=13.5 loss=32.6628 actor=3.7190 value=28.9768 entropy=3.2981 mean_return=0.560 mean_len=72.3
[gat-train] update=808 samples=16160 fps=13.5 loss=0.8504 actor=-0.5920 value=1.4811 entropy=3.8715 mean_return=0.560 mean_len=72.3
[gat-train] update=809 samples=16180 fps=13.5 loss=4.5479 actor=3.4470 value=1.1410 entropy=4.0132 mean_return=0.560 mean_len=72.3
[gat-train] update=810 samples=16200 fps=13.5 loss=-1.1528 actor=-2.5278 value=1.4131 entropy=3.8149 mean_return=0.560 mean_len=72.3
[gat-train] update=811 samples=16220 fps=13.5 loss=-0.3893 actor=-0.7493 value=0.3977 entropy=3.7718 mean_return=0.560 mean_len=72.3
[gat-train] update=812 samples=16240 fps=13.5 loss=-0.5400 actor=-1.0099 value=0.5066 entropy=3.6623 mean_return=0.560 mean_len=72.3
[gat-train] update=813 samples=16260 fps=13.5 loss=3.4369 actor=-1.4610 value=4.9322 entropy=3.4280 mean_return=0.560 mean_len=72.3
[gat-train] update=814 samples=16280 fps=13.5 loss=0.7199 actor=-1.6552 value=2.4072 entropy=3.2041 mean_return=0.560 mean_len=72.3
[gat-train] update=815 samples=16300 fps=13.5 loss=19.3088 actor=0.7985 value=18.5433 entropy=3.2994 mean_return=0.557 mean_len=72.4
[gat-train] update=816 samples=16320 fps=13.5 loss=4.4802 actor=1.5338 value=2.9846 entropy=3.8190 mean_return=0.557 mean_len=72.4
[gat-train] update=817 samples=16340 fps=13.5 loss=11.9983 actor=1.4196 value=10.6144 entropy=3.5621 mean_return=0.586 mean_len=72.1
[gat-train] update=818 samples=16360 fps=13.5 loss=1.4138 actor=0.4407 value=1.0099 entropy=3.6828 mean_return=0.586 mean_len=72.1
[gat-train] update=819 samples=16380 fps=13.5 loss=2.5097 actor=1.6586 value=0.8873 entropy=3.6215 mean_return=0.586 mean_len=72.1
[gat-train] update=820 samples=16400 fps=13.5 loss=58.2341 actor=9.1972 value=49.0676 entropy=3.0596 mean_return=0.541 mean_len=72.1
[gat-train] update=821 samples=16420 fps=13.6 loss=-1.8026 actor=-3.3732 value=1.6076 entropy=3.7056 mean_return=0.541 mean_len=72.1
[gat-train] update=822 samples=16440 fps=13.6 loss=0.2453 actor=-0.1586 value=0.4433 entropy=3.9379 mean_return=0.541 mean_len=72.1
[gat-train] update=823 samples=16460 fps=13.6 loss=0.0057 actor=-1.1863 value=1.2310 entropy=3.9070 mean_return=0.541 mean_len=72.1
[gat-train] update=824 samples=16480 fps=13.6 loss=-2.0714 actor=-2.8106 value=0.7792 entropy=4.0050 mean_return=0.541 mean_len=72.1
[gat-train] update=825 samples=16500 fps=13.6 loss=1.1053 actor=-0.0991 value=1.2440 entropy=3.9499 mean_return=0.541 mean_len=72.1
[gat-train] update=826 samples=16520 fps=13.6 loss=1.7592 actor=-0.1494 value=1.9442 entropy=3.5626 mean_return=0.541 mean_len=72.1
[gat-train] update=827 samples=16540 fps=13.6 loss=33.4905 actor=4.0366 value=29.4856 entropy=3.1696 mean_return=0.555 mean_len=71.9
[gat-train] update=828 samples=16560 fps=13.6 loss=-1.1772 actor=-2.7970 value=1.6555 entropy=3.5680 mean_return=0.555 mean_len=71.9
[gat-train] update=829 samples=16580 fps=13.6 loss=-0.9515 actor=-1.6007 value=0.6834 entropy=3.4291 mean_return=0.555 mean_len=71.9
[gat-train] update=830 samples=16600 fps=13.6 loss=11.3407 actor=1.1778 value=10.1980 entropy=3.5089 mean_return=0.548 mean_len=71.9
[gat-train] update=831 samples=16620 fps=13.6 loss=-0.5096 actor=-2.3682 value=1.8946 entropy=3.5972 mean_return=0.548 mean_len=71.9
[gat-train] update=832 samples=16640 fps=13.6 loss=45.3571 actor=8.2548 value=37.1381 entropy=3.5868 mean_return=0.537 mean_len=71.8
[gat-train] update=833 samples=16660 fps=13.6 loss=25.6167 actor=2.9371 value=22.7152 entropy=3.5627 mean_return=0.523 mean_len=71.8
[gat-train] update=834 samples=16680 fps=13.6 loss=1.1244 actor=0.3094 value=0.8561 entropy=4.1067 mean_return=0.523 mean_len=71.8
[gat-train] update=835 samples=16700 fps=13.6 loss=0.5525 actor=-1.4945 value=2.0880 entropy=4.1035 mean_return=0.523 mean_len=71.8
[gat-train] update=836 samples=16720 fps=13.6 loss=0.4356 actor=0.0951 value=0.3819 entropy=4.1413 mean_return=0.523 mean_len=71.8
[gat-train] update=837 samples=16740 fps=13.6 loss=-1.4664 actor=-1.9461 value=0.5208 entropy=4.1027 mean_return=0.523 mean_len=71.8
[gat-train] update=838 samples=16760 fps=13.6 loss=-0.0685 actor=-1.4585 value=1.4285 entropy=3.8533 mean_return=0.523 mean_len=71.8
[gat-train] update=839 samples=16780 fps=13.6 loss=-0.4511 actor=-1.0707 value=0.6574 entropy=3.7872 mean_return=0.523 mean_len=71.8
[gat-train] update=840 samples=16800 fps=13.6 loss=49.5669 actor=7.0716 value=42.5323 entropy=3.7042 mean_return=0.512 mean_len=71.9
[gat-train] update=841 samples=16820 fps=13.6 loss=-0.5818 actor=-3.8147 value=3.2685 entropy=3.5584 mean_return=0.512 mean_len=71.9
[gat-train] update=842 samples=16840 fps=13.6 loss=1.4713 actor=-0.1155 value=1.6258 entropy=3.9076 mean_return=0.512 mean_len=71.9
[gat-train] update=843 samples=16860 fps=13.6 loss=13.5009 actor=1.3756 value=12.1623 entropy=3.6945 mean_return=0.540 mean_len=71.8
[gat-train] update=844 samples=16880 fps=13.6 loss=2.2206 actor=1.4012 value=0.8543 entropy=3.4860 mean_return=0.540 mean_len=71.8
[gat-train] update=845 samples=16900 fps=13.6 loss=35.8691 actor=2.6423 value=33.2591 entropy=3.2260 mean_return=0.556 mean_len=71.5
[gat-train] update=846 samples=16920 fps=13.6 loss=14.0537 actor=3.4752 value=10.6165 entropy=3.8106 mean_return=0.533 mean_len=71.4
[gat-train] update=847 samples=16940 fps=13.6 loss=0.5392 actor=0.0390 value=0.5409 entropy=4.0663 mean_return=0.533 mean_len=71.4
[gat-train] update=848 samples=16960 fps=13.6 loss=0.3870 actor=-0.5276 value=0.9569 entropy=4.2353 mean_return=0.533 mean_len=71.4
[gat-train] update=849 samples=16980 fps=13.6 loss=-1.4054 actor=-1.9660 value=0.6018 entropy=4.1207 mean_return=0.533 mean_len=71.4
[gat-train] update=850 samples=17000 fps=13.6 loss=-1.2420 actor=-2.3328 value=1.1311 entropy=4.0273 mean_return=0.533 mean_len=71.4
[gat-train] eval update=850 comp_score=87.81 best=92.32
[gat-train] update=851 samples=17020 fps=13.6 loss=0.2321 actor=-0.7413 value=1.0123 entropy=3.8977 mean_return=0.533 mean_len=71.4
[gat-train] update=852 samples=17040 fps=13.6 loss=0.9539 actor=-0.5283 value=1.5198 entropy=3.7627 mean_return=0.533 mean_len=71.4
[gat-train] update=853 samples=17060 fps=13.6 loss=1.4941 actor=-0.0959 value=1.6247 entropy=3.4623 mean_return=0.533 mean_len=71.4
[gat-train] update=854 samples=17080 fps=13.6 loss=38.4271 actor=0.9204 value=37.5375 entropy=3.0877 mean_return=0.498 mean_len=71.4
[gat-train] update=855 samples=17100 fps=13.6 loss=26.1657 actor=6.3058 value=19.8952 entropy=3.5317 mean_return=0.515 mean_len=71.1
[gat-train] update=856 samples=17120 fps=13.6 loss=1.0925 actor=0.4882 value=0.6385 entropy=3.4117 mean_return=0.515 mean_len=71.1
[gat-train] update=857 samples=17140 fps=13.6 loss=1.1688 actor=0.4995 value=0.7030 entropy=3.3736 mean_return=0.515 mean_len=71.1
[gat-train] update=858 samples=17160 fps=13.6 loss=59.0370 actor=8.5144 value=50.5550 entropy=3.2362 mean_return=0.545 mean_len=70.8
[gat-train] update=859 samples=17180 fps=13.6 loss=-0.5555 actor=-1.1073 value=0.5905 entropy=3.8651 mean_return=0.545 mean_len=70.8
[gat-train] update=860 samples=17200 fps=13.6 loss=-0.8751 actor=-2.1067 value=1.2722 entropy=4.0568 mean_return=0.545 mean_len=70.8
[gat-train] update=861 samples=17220 fps=13.6 loss=-0.3450 actor=-1.3162 value=1.0130 entropy=4.1893 mean_return=0.545 mean_len=70.8
[gat-train] update=862 samples=17240 fps=13.6 loss=0.1120 actor=-1.9020 value=2.0557 entropy=4.1617 mean_return=0.545 mean_len=70.8
[gat-train] update=863 samples=17260 fps=13.6 loss=-0.9340 actor=-1.6736 value=0.7790 entropy=3.9317 mean_return=0.545 mean_len=70.8
[gat-train] update=864 samples=17280 fps=13.6 loss=-1.8221 actor=-3.3694 value=1.5823 entropy=3.5084 mean_return=0.545 mean_len=70.8
[gat-train] update=865 samples=17300 fps=13.6 loss=-0.4922 actor=-2.0342 value=1.5778 entropy=3.5872 mean_return=0.545 mean_len=70.8
[gat-train] update=866 samples=17320 fps=13.6 loss=45.8780 actor=7.1932 value=38.7187 entropy=3.3874 mean_return=0.538 mean_len=70.6
[gat-train] update=867 samples=17340 fps=13.6 loss=1.5411 actor=-2.6617 value=4.2357 entropy=3.2911 mean_return=0.538 mean_len=70.6
[gat-train] update=868 samples=17360 fps=13.6 loss=20.1634 actor=1.9310 value=18.2671 entropy=3.4746 mean_return=0.519 mean_len=70.5
[gat-train] update=869 samples=17380 fps=13.6 loss=1.0932 actor=-0.4957 value=1.6272 entropy=3.8389 mean_return=0.519 mean_len=70.5
[gat-train] update=870 samples=17400 fps=13.6 loss=48.9499 actor=9.9875 value=38.9980 entropy=3.5627 mean_return=0.531 mean_len=70.2
[gat-train] update=871 samples=17420 fps=13.6 loss=2.1840 actor=0.0821 value=2.1380 entropy=3.6081 mean_return=0.531 mean_len=70.2
[gat-train] update=872 samples=17440 fps=13.6 loss=21.6429 actor=2.0712 value=19.6109 entropy=3.9148 mean_return=0.501 mean_len=70.2
[gat-train] update=873 samples=17460 fps=13.6 loss=0.0816 actor=-0.0193 value=0.1436 entropy=4.2643 mean_return=0.501 mean_len=70.2
[gat-train] update=874 samples=17480 fps=13.6 loss=-1.3870 actor=-1.9467 value=0.6025 entropy=4.2834 mean_return=0.501 mean_len=70.2
[gat-train] update=875 samples=17500 fps=13.6 loss=-2.0096 actor=-2.7485 value=0.7809 entropy=4.2081 mean_return=0.501 mean_len=70.2
[gat-train] update=876 samples=17520 fps=13.6 loss=-0.7035 actor=-1.5326 value=0.8704 entropy=4.1272 mean_return=0.501 mean_len=70.2
[gat-train] update=877 samples=17540 fps=13.6 loss=-2.3655 actor=-3.8070 value=1.4798 entropy=3.8272 mean_return=0.501 mean_len=70.2
[gat-train] update=878 samples=17560 fps=13.6 loss=-1.1727 actor=-2.3687 value=1.2337 entropy=3.7610 mean_return=0.501 mean_len=70.2
[gat-train] update=879 samples=17580 fps=13.6 loss=1.6065 actor=-2.1371 value=3.7743 entropy=3.0669 mean_return=0.501 mean_len=70.2
[gat-train] update=880 samples=17600 fps=13.6 loss=11.5506 actor=-0.6555 value=12.2394 entropy=3.3345 mean_return=0.483 mean_len=70.1
[gat-train] update=881 samples=17620 fps=13.6 loss=1.3177 actor=-3.1805 value=4.5312 entropy=3.3020 mean_return=0.483 mean_len=70.1
[gat-train] update=882 samples=17640 fps=13.6 loss=15.8310 actor=4.1106 value=11.7548 entropy=3.4511 mean_return=0.485 mean_len=70.0
[gat-train] update=883 samples=17660 fps=13.6 loss=32.7002 actor=5.0106 value=27.7256 entropy=3.5955 mean_return=0.474 mean_len=69.8
[gat-train] update=884 samples=17680 fps=13.6 loss=0.9279 actor=0.5712 value=0.3949 entropy=3.8121 mean_return=0.474 mean_len=69.8
[gat-train] update=885 samples=17700 fps=13.6 loss=3.0393 actor=2.4978 value=0.5796 entropy=3.8071 mean_return=0.474 mean_len=69.8
[gat-train] update=886 samples=17720 fps=13.6 loss=11.5444 actor=2.0357 value=9.5497 entropy=4.1007 mean_return=0.488 mean_len=69.6
[gat-train] update=887 samples=17740 fps=13.6 loss=0.6106 actor=0.3877 value=0.2665 entropy=4.3600 mean_return=0.488 mean_len=69.6
[gat-train] update=888 samples=17760 fps=13.6 loss=0.8330 actor=0.3954 value=0.4804 entropy=4.2832 mean_return=0.488 mean_len=69.6
[gat-train] update=889 samples=17780 fps=13.6 loss=2.2335 actor=-0.3702 value=2.6420 entropy=3.8321 mean_return=0.488 mean_len=69.6
[gat-train] update=890 samples=17800 fps=13.6 loss=2.7337 actor=1.1364 value=1.6338 entropy=3.6439 mean_return=0.488 mean_len=69.6
[gat-train] update=891 samples=17820 fps=13.6 loss=-1.0326 actor=-3.3470 value=2.3466 entropy=3.2300 mean_return=0.488 mean_len=69.6
[gat-train] update=892 samples=17840 fps=13.6 loss=0.3239 actor=-1.3387 value=1.6945 entropy=3.1810 mean_return=0.488 mean_len=69.6
[gat-train] update=893 samples=17860 fps=13.6 loss=30.7582 actor=4.0414 value=26.7426 entropy=2.5797 mean_return=0.553 mean_len=69.1
[gat-train] update=894 samples=17880 fps=13.6 loss=48.7503 actor=4.7066 value=44.0717 entropy=2.8001 mean_return=0.530 mean_len=69.0
[gat-train] update=895 samples=17900 fps=13.6 loss=39.1594 actor=5.6067 value=33.5871 entropy=3.4332 mean_return=0.525 mean_len=68.8
[gat-train] update=896 samples=17920 fps=13.6 loss=0.0870 actor=-0.7937 value=0.9187 entropy=3.8064 mean_return=0.525 mean_len=68.8
[gat-train] update=897 samples=17940 fps=13.6 loss=0.3957 actor=0.0965 value=0.3372 entropy=3.7954 mean_return=0.525 mean_len=68.8
[gat-train] update=898 samples=17960 fps=13.6 loss=1.3384 actor=0.7834 value=0.5932 entropy=3.8202 mean_return=0.525 mean_len=68.8
[gat-train] update=899 samples=17980 fps=13.6 loss=37.3373 actor=5.2545 value=32.1179 entropy=3.5201 mean_return=0.515 mean_len=68.6
[gat-train] update=900 samples=18000 fps=13.6 loss=-1.1242 actor=-2.9144 value=1.8285 entropy=3.8366 mean_return=0.515 mean_len=68.6
[gat-train] eval update=900 comp_score=88.24 best=92.32
[gat-train] update=901 samples=18020 fps=13.6 loss=-1.2689 actor=-2.7637 value=1.5342 entropy=3.9454 mean_return=0.515 mean_len=68.6
[gat-train] update=902 samples=18040 fps=13.6 loss=-0.3775 actor=-1.5220 value=1.1845 entropy=3.9979 mean_return=0.515 mean_len=68.6
[gat-train] update=903 samples=18060 fps=13.6 loss=-1.1871 actor=-3.9626 value=2.8118 entropy=3.6392 mean_return=0.515 mean_len=68.6
[gat-train] update=904 samples=18080 fps=13.6 loss=-0.4610 actor=-3.3942 value=2.9706 entropy=3.7411 mean_return=0.515 mean_len=68.6
[gat-train] update=905 samples=18100 fps=13.6 loss=0.5758 actor=-1.9333 value=2.5449 entropy=3.5758 mean_return=0.515 mean_len=68.6
[gat-train] update=906 samples=18120 fps=13.6 loss=33.0860 actor=2.4323 value=30.6868 entropy=3.3064 mean_return=0.539 mean_len=68.1
[gat-train] update=907 samples=18140 fps=13.6 loss=40.7711 actor=6.5303 value=34.2749 entropy=3.4102 mean_return=0.526 mean_len=67.7
[gat-train] update=908 samples=18160 fps=13.6 loss=47.3725 actor=7.4345 value=39.9742 entropy=3.6293 mean_return=0.537 mean_len=67.2
[gat-train] update=909 samples=18180 fps=13.6 loss=1.1555 actor=0.5521 value=0.6442 entropy=4.0841 mean_return=0.537 mean_len=67.2
[gat-train] update=910 samples=18200 fps=13.6 loss=1.7047 actor=1.0729 value=0.6738 entropy=4.2038 mean_return=0.537 mean_len=67.2
[gat-train] update=911 samples=18220 fps=13.6 loss=2.4580 actor=0.9562 value=1.5434 entropy=4.1605 mean_return=0.537 mean_len=67.2
[gat-train] update=912 samples=18240 fps=13.6 loss=2.1027 actor=0.7905 value=1.3492 entropy=3.7052 mean_return=0.537 mean_len=67.2
[gat-train] update=913 samples=18260 fps=13.6 loss=47.2697 actor=6.9902 value=40.3175 entropy=3.8010 mean_return=0.543 mean_len=67.0
[gat-train] update=914 samples=18280 fps=13.6 loss=2.3078 actor=-1.9722 value=4.3200 entropy=3.9945 mean_return=0.543 mean_len=67.0
[gat-train] update=915 samples=18300 fps=13.6 loss=-0.2439 actor=-1.0287 value=0.8235 entropy=3.8699 mean_return=0.543 mean_len=67.0
[gat-train] update=916 samples=18320 fps=13.6 loss=0.0879 actor=-1.0368 value=1.1649 entropy=4.0273 mean_return=0.543 mean_len=67.0
[gat-train] update=917 samples=18340 fps=13.6 loss=-2.4606 actor=-5.1986 value=2.7776 entropy=3.9623 mean_return=0.543 mean_len=67.0
[gat-train] update=918 samples=18360 fps=13.6 loss=1.5923 actor=0.5425 value=1.0873 entropy=3.7493 mean_return=0.543 mean_len=67.0
[gat-train] update=919 samples=18380 fps=13.6 loss=11.0987 actor=0.1093 value=11.0252 entropy=3.5703 mean_return=0.548 mean_len=66.6
[gat-train] update=920 samples=18400 fps=13.6 loss=26.6714 actor=6.4049 value=20.3023 entropy=3.5780 mean_return=0.554 mean_len=66.1
[gat-train] update=921 samples=18420 fps=13.6 loss=27.5454 actor=2.6037 value=24.9771 entropy=3.5412 mean_return=0.554 mean_len=65.8
[gat-train] update=922 samples=18440 fps=13.6 loss=-0.4759 actor=-1.7158 value=1.2762 entropy=3.6295 mean_return=0.554 mean_len=65.8
[gat-train] update=923 samples=18460 fps=13.6 loss=-1.0941 actor=-2.5446 value=1.4896 entropy=3.9079 mean_return=0.554 mean_len=65.8
[gat-train] update=924 samples=18480 fps=13.6 loss=0.0831 actor=-0.4976 value=0.6195 entropy=3.8731 mean_return=0.554 mean_len=65.8
[gat-train] update=925 samples=18500 fps=13.6 loss=1.0469 actor=-0.0261 value=1.1086 entropy=3.5512 mean_return=0.554 mean_len=65.8
[gat-train] update=926 samples=18520 fps=13.6 loss=37.3721 actor=5.4978 value=31.9082 entropy=3.3914 mean_return=0.573 mean_len=65.7
[gat-train] update=927 samples=18540 fps=13.6 loss=0.2244 actor=-0.4253 value=0.6847 entropy=3.4996 mean_return=0.573 mean_len=65.7
[gat-train] update=928 samples=18560 fps=13.6 loss=-0.4356 actor=-0.7927 value=0.3905 entropy=3.3457 mean_return=0.573 mean_len=65.7
[gat-train] update=929 samples=18580 fps=13.6 loss=40.6014 actor=4.2073 value=36.4276 entropy=3.3470 mean_return=0.503 mean_len=65.4
[gat-train] update=930 samples=18600 fps=13.6 loss=5.6719 actor=-2.6006 value=8.3084 entropy=3.5882 mean_return=0.503 mean_len=65.4
[gat-train] update=931 samples=18620 fps=13.6 loss=2.1017 actor=1.1558 value=0.9858 entropy=3.9970 mean_return=0.503 mean_len=65.4
[gat-train] update=932 samples=18640 fps=13.6 loss=1.2088 actor=-0.0426 value=1.2881 entropy=3.6740 mean_return=0.503 mean_len=65.4
[gat-train] update=933 samples=18660 fps=13.6 loss=31.4725 actor=2.9229 value=28.5845 entropy=3.4851 mean_return=0.445 mean_len=65.3
[gat-train] update=934 samples=18680 fps=13.6 loss=64.1246 actor=11.7201 value=52.4415 entropy=3.7032 mean_return=0.462 mean_len=65.4
[gat-train] update=935 samples=18700 fps=13.6 loss=3.3515 actor=-2.5644 value=5.9539 entropy=3.8037 mean_return=0.462 mean_len=65.4
[gat-train] update=936 samples=18720 fps=13.6 loss=1.5596 actor=0.9776 value=0.6236 entropy=4.1473 mean_return=0.462 mean_len=65.4
[gat-train] update=937 samples=18740 fps=13.6 loss=-0.6189 actor=-1.2745 value=0.6968 entropy=4.1249 mean_return=0.462 mean_len=65.4
[gat-train] update=938 samples=18760 fps=13.6 loss=-1.3551 actor=-3.4208 value=2.1042 entropy=3.8453 mean_return=0.462 mean_len=65.4
[gat-train] update=939 samples=18780 fps=13.6 loss=0.2856 actor=-0.4003 value=0.7234 entropy=3.7522 mean_return=0.462 mean_len=65.4
[gat-train] update=940 samples=18800 fps=13.6 loss=40.5764 actor=5.4492 value=35.1632 entropy=3.5994 mean_return=0.482 mean_len=65.3
[gat-train] update=941 samples=18820 fps=13.6 loss=-0.2142 actor=-1.8524 value=1.6760 entropy=3.7805 mean_return=0.482 mean_len=65.3
[gat-train] update=942 samples=18840 fps=13.6 loss=-1.1943 actor=-2.0644 value=0.9073 entropy=3.7290 mean_return=0.482 mean_len=65.3
[gat-train] update=943 samples=18860 fps=13.6 loss=12.5574 actor=-0.1648 value=12.7596 entropy=3.7407 mean_return=0.514 mean_len=65.0
[gat-train] update=944 samples=18880 fps=13.6 loss=-0.1520 actor=-1.5205 value=1.4071 entropy=3.8612 mean_return=0.514 mean_len=65.0
[gat-train] update=945 samples=18900 fps=13.6 loss=0.4544 actor=-0.6110 value=1.1037 entropy=3.8249 mean_return=0.514 mean_len=65.0
[gat-train] update=946 samples=18920 fps=13.6 loss=2.0445 actor=1.1152 value=0.9606 entropy=3.1334 mean_return=0.514 mean_len=65.0
[gat-train] update=947 samples=18940 fps=13.6 loss=13.3999 actor=2.1330 value=11.2994 entropy=3.2456 mean_return=0.478 mean_len=64.9
[gat-train] update=948 samples=18960 fps=13.6 loss=12.3905 actor=2.3588 value=10.0684 entropy=3.6725 mean_return=0.475 mean_len=64.8
[gat-train] update=949 samples=18980 fps=13.6 loss=-0.9539 actor=-1.7945 value=0.8795 entropy=3.8941 mean_return=0.475 mean_len=64.8
[gat-train] update=950 samples=19000 fps=13.7 loss=-0.2233 actor=-0.8216 value=0.6379 entropy=3.9617 mean_return=0.475 mean_len=64.8
[gat-train] eval update=950 comp_score=89.26 best=92.32
[gat-train] update=951 samples=19020 fps=13.6 loss=-1.5603 actor=-3.1177 value=1.5942 entropy=3.6749 mean_return=0.475 mean_len=64.8
[gat-train] update=952 samples=19040 fps=13.6 loss=0.8226 actor=0.3476 value=0.5089 entropy=3.3944 mean_return=0.475 mean_len=64.8
[gat-train] update=953 samples=19060 fps=13.6 loss=12.2873 actor=1.1586 value=11.1658 entropy=3.7027 mean_return=0.426 mean_len=64.9
[gat-train] update=954 samples=19080 fps=13.6 loss=-0.6354 actor=-2.0313 value=1.4356 entropy=3.9693 mean_return=0.426 mean_len=64.9
[gat-train] update=955 samples=19100 fps=13.6 loss=0.5421 actor=0.0429 value=0.5365 entropy=3.7369 mean_return=0.426 mean_len=64.9
[gat-train] update=956 samples=19120 fps=13.6 loss=-0.0741 actor=-1.4251 value=1.3856 entropy=3.4657 mean_return=0.426 mean_len=64.9
[gat-train] update=957 samples=19140 fps=13.6 loss=12.5018 actor=1.6618 value=10.8754 entropy=3.5375 mean_return=0.425 mean_len=65.1
[gat-train] update=958 samples=19160 fps=13.6 loss=0.0553 actor=-0.6973 value=0.7877 entropy=3.5074 mean_return=0.425 mean_len=65.1
[gat-train] update=959 samples=19180 fps=13.6 loss=-0.5819 actor=-1.6321 value=1.0833 entropy=3.3037 mean_return=0.425 mean_len=65.1
[gat-train] update=960 samples=19200 fps=13.6 loss=21.2588 actor=2.5722 value=18.7185 entropy=3.1980 mean_return=0.439 mean_len=64.9
[gat-train] update=961 samples=19220 fps=13.6 loss=13.3778 actor=2.6206 value=10.7898 entropy=3.2547 mean_return=0.416 mean_len=65.1
[gat-train] update=962 samples=19240 fps=13.6 loss=-0.2703 actor=-0.6521 value=0.4185 entropy=3.6732 mean_return=0.416 mean_len=65.1
[gat-train] update=963 samples=19260 fps=13.6 loss=49.6114 actor=10.1791 value=39.4669 entropy=3.4673 mean_return=0.474 mean_len=64.7
[gat-train] update=964 samples=19280 fps=13.6 loss=2.5125 actor=-0.9084 value=3.4561 entropy=3.5196 mean_return=0.474 mean_len=64.7
[gat-train] update=965 samples=19300 fps=13.6 loss=1.4700 actor=0.5975 value=0.9111 entropy=3.8609 mean_return=0.474 mean_len=64.7
[gat-train] update=966 samples=19320 fps=13.6 loss=-0.2371 actor=-0.9275 value=0.7291 entropy=3.8679 mean_return=0.474 mean_len=64.7
[gat-train] update=967 samples=19340 fps=13.6 loss=-1.6515 actor=-2.6586 value=1.0449 entropy=3.7891 mean_return=0.474 mean_len=64.7
[gat-train] update=968 samples=19360 fps=13.6 loss=0.2020 actor=-0.8945 value=1.1327 entropy=3.6181 mean_return=0.474 mean_len=64.7
[gat-train] update=969 samples=19380 fps=13.6 loss=29.4817 actor=3.1997 value=26.3180 entropy=3.6076 mean_return=0.526 mean_len=64.6
[gat-train] update=970 samples=19400 fps=13.6 loss=-1.4592 actor=-2.6496 value=1.2275 entropy=3.7069 mean_return=0.526 mean_len=64.6
[gat-train] update=971 samples=19420 fps=13.6 loss=3.7000 actor=2.0243 value=1.7125 entropy=3.6786 mean_return=0.526 mean_len=64.6
[gat-train] update=972 samples=19440 fps=13.6 loss=0.4683 actor=-0.1074 value=0.6108 entropy=3.5059 mean_return=0.526 mean_len=64.6
[gat-train] update=973 samples=19460 fps=13.6 loss=31.1518 actor=4.2222 value=26.9625 entropy=3.2887 mean_return=0.527 mean_len=64.6
[gat-train] update=974 samples=19480 fps=13.6 loss=2.2710 actor=1.0356 value=1.2693 entropy=3.3829 mean_return=0.527 mean_len=64.6
[gat-train] update=975 samples=19500 fps=13.6 loss=27.1087 actor=4.7198 value=22.4209 entropy=3.1976 mean_return=0.550 mean_len=64.8
[gat-train] update=976 samples=19520 fps=13.6 loss=-1.6151 actor=-4.1266 value=2.5419 entropy=3.0358 mean_return=0.550 mean_len=64.8
[gat-train] update=977 samples=19540 fps=13.6 loss=2.1053 actor=0.1195 value=2.0170 entropy=3.1268 mean_return=0.550 mean_len=64.8
[gat-train] update=978 samples=19560 fps=13.6 loss=13.5307 actor=-0.0630 value=13.6263 entropy=3.2511 mean_return=0.497 mean_len=65.0
[gat-train] update=979 samples=19580 fps=13.6 loss=1.1886 actor=-0.5605 value=1.7845 entropy=3.5398 mean_return=0.497 mean_len=65.0
[gat-train] update=980 samples=19600 fps=13.6 loss=0.1811 actor=-1.3359 value=1.5505 entropy=3.3514 mean_return=0.497 mean_len=65.0
[gat-train] update=981 samples=19620 fps=13.7 loss=10.9377 actor=1.4693 value=9.5034 entropy=3.5065 mean_return=0.555 mean_len=64.8
[gat-train] update=982 samples=19640 fps=13.7 loss=0.4593 actor=-0.4720 value=0.9681 entropy=3.6846 mean_return=0.555 mean_len=64.8
[gat-train] update=983 samples=19660 fps=13.7 loss=25.4027 actor=1.7535 value=23.6828 entropy=3.3666 mean_return=0.582 mean_len=64.5
[gat-train] update=984 samples=19680 fps=13.7 loss=-0.6563 actor=-1.2467 value=0.6275 entropy=3.7078 mean_return=0.582 mean_len=64.5
[gat-train] update=985 samples=19700 fps=13.7 loss=-0.1588 actor=-2.9597 value=2.8357 entropy=3.4923 mean_return=0.582 mean_len=64.5
[gat-train] update=986 samples=19720 fps=13.7 loss=0.4891 actor=-0.8415 value=1.3658 entropy=3.5209 mean_return=0.582 mean_len=64.5
[gat-train] update=987 samples=19740 fps=13.7 loss=0.2507 actor=-1.1507 value=1.4372 entropy=3.5741 mean_return=0.582 mean_len=64.5
[gat-train] update=988 samples=19760 fps=13.7 loss=53.5032 actor=7.1816 value=46.3573 entropy=3.5641 mean_return=0.536 mean_len=64.6
[gat-train] update=989 samples=19780 fps=13.7 loss=1.1692 actor=-2.8820 value=4.0865 entropy=3.5398 mean_return=0.536 mean_len=64.6
[gat-train] update=990 samples=19800 fps=13.7 loss=0.8480 actor=-1.3473 value=2.2298 entropy=3.4447 mean_return=0.536 mean_len=64.6
[gat-train] update=991 samples=19820 fps=13.7 loss=1.2777 actor=0.0507 value=1.2597 entropy=3.2664 mean_return=0.536 mean_len=64.6
[gat-train] update=992 samples=19840 fps=13.7 loss=34.2210 actor=6.4103 value=27.8407 entropy=2.9924 mean_return=0.554 mean_len=64.7
[gat-train] update=993 samples=19860 fps=13.7 loss=12.7798 actor=0.2183 value=12.5972 entropy=3.5623 mean_return=0.550 mean_len=64.7
[gat-train] update=994 samples=19880 fps=13.7 loss=0.5937 actor=-1.2782 value=1.9102 entropy=3.8311 mean_return=0.550 mean_len=64.7
[gat-train] update=995 samples=19900 fps=13.7 loss=-0.3172 actor=-0.7911 value=0.5130 entropy=3.9099 mean_return=0.550 mean_len=64.7
[gat-train] update=996 samples=19920 fps=13.7 loss=1.0957 actor=-0.2435 value=1.3734 entropy=3.4266 mean_return=0.550 mean_len=64.7
[gat-train] update=997 samples=19940 fps=13.7 loss=14.4738 actor=0.9210 value=13.5876 entropy=3.4867 mean_return=0.555 mean_len=64.8
[gat-train] update=998 samples=19960 fps=13.7 loss=1.0479 actor=0.0549 value=1.0308 entropy=3.7699 mean_return=0.555 mean_len=64.8
[gat-train] update=999 samples=19980 fps=13.7 loss=0.6334 actor=0.0521 value=0.6170 entropy=3.5653 mean_return=0.555 mean_len=64.8
[gat-train] update=1000 samples=20000 fps=13.7 loss=1.2081 actor=-0.6810 value=1.9237 entropy=3.4544 mean_return=0.555 mean_len=64.8
[gat-train] eval update=1000 comp_score=91.61 best=92.32
[gat-train] update=1001 samples=20020 fps=13.6 loss=-0.6321 actor=-2.8235 value=2.2251 entropy=3.3666 mean_return=0.555 mean_len=64.8
[gat-train] update=1002 samples=20040 fps=13.6 loss=55.1507 actor=8.6834 value=46.5005 entropy=3.3124 mean_return=0.542 mean_len=64.8
[gat-train] update=1003 samples=20060 fps=13.6 loss=2.5667 actor=-1.6432 value=4.2403 entropy=3.0375 mean_return=0.542 mean_len=64.8
[gat-train] update=1004 samples=20080 fps=13.6 loss=57.5421 actor=9.1831 value=48.3889 entropy=2.9818 mean_return=0.535 mean_len=64.8
[gat-train] update=1005 samples=20100 fps=13.6 loss=52.6817 actor=8.2451 value=44.4642 entropy=2.7586 mean_return=0.509 mean_len=64.8
[gat-train] update=1006 samples=20120 fps=13.6 loss=3.9485 actor=-1.7420 value=5.7197 entropy=2.9229 mean_return=0.509 mean_len=64.8
[gat-train] update=1007 samples=20140 fps=13.6 loss=0.7914 actor=-0.0427 value=0.8654 entropy=3.1335 mean_return=0.509 mean_len=64.8
[gat-train] update=1008 samples=20160 fps=13.6 loss=1.7674 actor=0.8706 value=0.9274 entropy=3.0625 mean_return=0.509 mean_len=64.8
[gat-train] update=1009 samples=20180 fps=13.6 loss=1.5857 actor=0.6481 value=0.9675 entropy=2.9946 mean_return=0.509 mean_len=64.8
[gat-train] update=1010 samples=20200 fps=13.6 loss=39.4086 actor=4.4390 value=35.0005 entropy=3.1006 mean_return=0.553 mean_len=64.9
[gat-train] update=1011 samples=20220 fps=13.6 loss=1.2115 actor=0.5541 value=0.6898 entropy=3.2350 mean_return=0.553 mean_len=64.9
[gat-train] update=1012 samples=20240 fps=13.6 loss=0.2850 actor=-0.2686 value=0.5865 entropy=3.2884 mean_return=0.553 mean_len=64.9
[gat-train] update=1013 samples=20260 fps=13.6 loss=0.2233 actor=-1.8153 value=2.0716 entropy=3.3072 mean_return=0.553 mean_len=64.9
[gat-train] update=1014 samples=20280 fps=13.6 loss=1.1689 actor=0.5210 value=0.6809 entropy=3.3103 mean_return=0.553 mean_len=64.9
[gat-train] update=1015 samples=20300 fps=13.6 loss=-1.0886 actor=-3.2387 value=2.1807 entropy=3.0583 mean_return=0.553 mean_len=64.9
[gat-train] update=1016 samples=20320 fps=13.6 loss=1.0311 actor=-2.4625 value=3.5251 entropy=3.1525 mean_return=0.553 mean_len=64.9
[gat-train] update=1017 samples=20340 fps=13.6 loss=41.0593 actor=4.7399 value=36.3485 entropy=2.9110 mean_return=0.537 mean_len=65.0
[gat-train] update=1018 samples=20360 fps=13.6 loss=7.1968 actor=4.0132 value=3.2120 entropy=2.8322 mean_return=0.537 mean_len=65.0
[gat-train] update=1019 samples=20380 fps=13.6 loss=65.0525 actor=9.8178 value=55.2603 entropy=2.5613 mean_return=0.512 mean_len=65.3
[gat-train] update=1020 samples=20400 fps=13.6 loss=-0.1605 actor=-1.2162 value=1.0833 entropy=2.7522 mean_return=0.512 mean_len=65.3
[gat-train] update=1021 samples=20420 fps=13.7 loss=1.2866 actor=0.5198 value=0.7969 entropy=3.0128 mean_return=0.512 mean_len=65.3
[gat-train] update=1022 samples=20440 fps=13.7 loss=1.9780 actor=1.1686 value=0.8386 entropy=2.9209 mean_return=0.512 mean_len=65.3
[gat-train] update=1023 samples=20460 fps=13.7 loss=-0.4036 actor=-1.2073 value=0.8327 entropy=2.9088 mean_return=0.512 mean_len=65.3
[gat-train] update=1024 samples=20480 fps=13.7 loss=14.1189 actor=2.6779 value=11.4704 entropy=2.9374 mean_return=0.536 mean_len=65.4
[gat-train] update=1025 samples=20500 fps=13.7 loss=-0.3334 actor=-1.3509 value=1.0483 entropy=3.0863 mean_return=0.536 mean_len=65.4
[gat-train] update=1026 samples=20520 fps=13.7 loss=-0.5958 actor=-0.8728 value=0.3072 entropy=3.0237 mean_return=0.536 mean_len=65.4
[gat-train] update=1027 samples=20540 fps=13.7 loss=-1.1582 actor=-1.9123 value=0.7853 entropy=3.1139 mean_return=0.536 mean_len=65.4
[gat-train] update=1028 samples=20560 fps=13.7 loss=-0.1825 actor=-1.3320 value=1.1812 entropy=3.1654 mean_return=0.536 mean_len=65.4
[gat-train] update=1029 samples=20580 fps=13.7 loss=-0.9811 actor=-3.0054 value=2.0573 entropy=3.3005 mean_return=0.536 mean_len=65.4
[gat-train] update=1030 samples=20600 fps=13.7 loss=-1.2672 actor=-3.2293 value=1.9938 entropy=3.1700 mean_return=0.536 mean_len=65.4
[gat-train] update=1031 samples=20620 fps=13.6 loss=2.7305 actor=-1.3589 value=4.1205 entropy=3.1132 mean_return=0.536 mean_len=65.4
[gat-train] update=1032 samples=20640 fps=13.6 loss=13.6491 actor=2.6446 value=11.0335 entropy=2.8929 mean_return=0.525 mean_len=65.6
[gat-train] update=1033 samples=20660 fps=13.7 loss=2.2830 actor=1.0321 value=1.2786 entropy=2.7686 mean_return=0.525 mean_len=65.6
[gat-train] update=1034 samples=20680 fps=13.7 loss=71.7676 actor=11.6969 value=60.1001 entropy=2.9326 mean_return=0.512 mean_len=66.1
[gat-train] update=1035 samples=20700 fps=13.7 loss=7.2166 actor=2.0005 value=5.2442 entropy=2.8063 mean_return=0.512 mean_len=66.1
[gat-train] update=1036 samples=20720 fps=13.7 loss=1.6314 actor=0.7517 value=0.9101 entropy=3.0400 mean_return=0.512 mean_len=66.1
[gat-train] update=1037 samples=20740 fps=13.7 loss=1.3457 actor=0.9941 value=0.3808 entropy=2.9189 mean_return=0.512 mean_len=66.1
[gat-train] update=1038 samples=20760 fps=13.7 loss=43.0411 actor=5.2898 value=37.7805 entropy=2.9248 mean_return=0.510 mean_len=66.1
[gat-train] update=1039 samples=20780 fps=13.7 loss=0.0241 actor=-0.2235 value=0.2770 entropy=2.9408 mean_return=0.510 mean_len=66.1
[gat-train] update=1040 samples=20800 fps=13.7 loss=-0.0029 actor=-0.6434 value=0.6707 entropy=3.0177 mean_return=0.510 mean_len=66.1
[gat-train] update=1041 samples=20820 fps=13.7 loss=0.0587 actor=-2.2538 value=2.3422 entropy=2.9750 mean_return=0.510 mean_len=66.1
[gat-train] update=1042 samples=20840 fps=13.7 loss=-0.3266 actor=-1.6482 value=1.3523 entropy=3.0648 mean_return=0.510 mean_len=66.1
[gat-train] update=1043 samples=20860 fps=13.7 loss=-0.4892 actor=-1.5529 value=1.0963 entropy=3.2682 mean_return=0.510 mean_len=66.1
[gat-train] update=1044 samples=20880 fps=13.7 loss=-0.2280 actor=-1.3459 value=1.1501 entropy=3.2224 mean_return=0.510 mean_len=66.1
[gat-train] update=1045 samples=20900 fps=13.7 loss=0.5502 actor=-1.0136 value=1.5963 entropy=3.2571 mean_return=0.510 mean_len=66.1
[gat-train] update=1046 samples=20920 fps=13.7 loss=-0.4319 actor=-1.8038 value=1.4003 entropy=2.8375 mean_return=0.510 mean_len=66.1
[gat-train] update=1047 samples=20940 fps=13.7 loss=13.2806 actor=1.3910 value=11.9190 entropy=2.9393 mean_return=0.532 mean_len=66.3
[gat-train] update=1048 samples=20960 fps=13.7 loss=23.8906 actor=4.2947 value=19.6241 entropy=2.8180 mean_return=0.544 mean_len=66.3
[gat-train] update=1049 samples=20980 fps=13.7 loss=26.6372 actor=3.8639 value=22.8004 entropy=2.7063 mean_return=0.567 mean_len=66.5
[gat-train] update=1050 samples=21000 fps=13.7 loss=1.7818 actor=0.7470 value=1.0643 entropy=2.9440 mean_return=0.567 mean_len=66.5
[gat-train] eval update=1050 comp_score=89.99 best=92.32
[gat-train] update=1051 samples=21020 fps=13.6 loss=0.4899 actor=0.2547 value=0.2650 entropy=2.9822 mean_return=0.567 mean_len=66.5
[gat-train] update=1052 samples=21040 fps=13.6 loss=34.0913 actor=4.6330 value=29.4887 entropy=3.0331 mean_return=0.594 mean_len=66.5
[gat-train] update=1053 samples=21060 fps=13.6 loss=-0.6418 actor=-1.3031 value=0.6937 entropy=3.2370 mean_return=0.594 mean_len=66.5
[gat-train] update=1054 samples=21080 fps=13.6 loss=0.1178 actor=-0.1279 value=0.2779 entropy=3.2202 mean_return=0.594 mean_len=66.5
[gat-train] update=1055 samples=21100 fps=13.6 loss=-0.5040 actor=-2.1914 value=1.7219 entropy=3.4447 mean_return=0.594 mean_len=66.5
[gat-train] update=1056 samples=21120 fps=13.6 loss=0.2666 actor=-0.4925 value=0.7943 entropy=3.5140 mean_return=0.594 mean_len=66.5
[gat-train] update=1057 samples=21140 fps=13.6 loss=-0.8405 actor=-4.5322 value=3.7266 entropy=3.4947 mean_return=0.594 mean_len=66.5
[gat-train] update=1058 samples=21160 fps=13.6 loss=-1.1466 actor=-3.1723 value=2.0602 entropy=3.4542 mean_return=0.594 mean_len=66.5
[gat-train] update=1059 samples=21180 fps=13.6 loss=40.5799 actor=4.6071 value=36.0056 entropy=3.2723 mean_return=0.549 mean_len=66.8
[gat-train] update=1060 samples=21200 fps=13.6 loss=1.1962 actor=0.4783 value=0.7499 entropy=3.1959 mean_return=0.549 mean_len=66.8
[gat-train] update=1061 samples=21220 fps=13.6 loss=34.5179 actor=4.3336 value=30.2149 entropy=3.0649 mean_return=0.589 mean_len=66.6
[gat-train] update=1062 samples=21240 fps=13.6 loss=2.3619 actor=0.8213 value=1.5718 entropy=3.1101 mean_return=0.589 mean_len=66.6
[gat-train] update=1063 samples=21260 fps=13.6 loss=1.5845 actor=-1.3742 value=2.9886 entropy=2.9857 mean_return=0.589 mean_len=66.6
[gat-train] update=1064 samples=21280 fps=13.6 loss=46.1999 actor=4.9152 value=41.3150 entropy=3.0358 mean_return=0.580 mean_len=66.8
[gat-train] update=1065 samples=21300 fps=13.6 loss=0.2719 actor=-0.4963 value=0.7990 entropy=3.0851 mean_return=0.580 mean_len=66.8
[gat-train] update=1066 samples=21320 fps=13.6 loss=37.1133 actor=4.7052 value=32.4401 entropy=3.2079 mean_return=0.605 mean_len=66.8
[gat-train] update=1067 samples=21340 fps=13.6 loss=0.1654 actor=-0.7132 value=0.9103 entropy=3.1647 mean_return=0.605 mean_len=66.8
[gat-train] update=1068 samples=21360 fps=13.6 loss=0.1060 actor=-0.5628 value=0.7006 entropy=3.1675 mean_return=0.605 mean_len=66.8
[gat-train] update=1069 samples=21380 fps=13.6 loss=-0.3272 actor=-0.9103 value=0.6156 entropy=3.2446 mean_return=0.605 mean_len=66.8
[gat-train] update=1070 samples=21400 fps=13.6 loss=-0.3370 actor=-1.0884 value=0.7852 entropy=3.3868 mean_return=0.605 mean_len=66.8
[gat-train] update=1071 samples=21420 fps=13.6 loss=-0.6659 actor=-1.6386 value=1.0058 entropy=3.3056 mean_return=0.605 mean_len=66.8
[gat-train] update=1072 samples=21440 fps=13.6 loss=40.7467 actor=8.0623 value=32.7164 entropy=3.1968 mean_return=0.652 mean_len=66.8
[gat-train] update=1073 samples=21460 fps=13.6 loss=3.0299 actor=-4.3828 value=7.4395 entropy=2.6872 mean_return=0.652 mean_len=66.8
[gat-train] update=1074 samples=21480 fps=13.6 loss=51.3440 actor=7.9343 value=43.4394 entropy=2.9675 mean_return=0.683 mean_len=66.9
[gat-train] update=1075 samples=21500 fps=13.6 loss=0.4151 actor=-0.0999 value=0.5422 entropy=2.7114 mean_return=0.683 mean_len=66.9
[gat-train] update=1076 samples=21520 fps=13.6 loss=0.1442 actor=-0.7868 value=0.9608 entropy=2.9735 mean_return=0.683 mean_len=66.9
[gat-train] update=1077 samples=21540 fps=13.6 loss=-1.2105 actor=-1.9255 value=0.7458 entropy=3.0850 mean_return=0.683 mean_len=66.9
[gat-train] update=1078 samples=21560 fps=13.6 loss=3.2479 actor=0.5942 value=2.6844 entropy=3.0655 mean_return=0.683 mean_len=66.9
[gat-train] update=1079 samples=21580 fps=13.6 loss=63.4120 actor=12.9698 value=50.4714 entropy=2.9162 mean_return=0.705 mean_len=67.1
[gat-train] update=1080 samples=21600 fps=13.6 loss=16.7791 actor=1.4313 value=15.3712 entropy=2.3463 mean_return=0.737 mean_len=67.1
[gat-train] update=1081 samples=21620 fps=13.6 loss=0.7485 actor=0.2912 value=0.4838 entropy=2.6607 mean_return=0.737 mean_len=67.1
[gat-train] update=1082 samples=21640 fps=13.6 loss=0.0895 actor=-0.6396 value=0.7533 entropy=2.4156 mean_return=0.737 mean_len=67.1
[gat-train] update=1083 samples=21660 fps=13.6 loss=-0.4865 actor=-1.4665 value=1.0049 entropy=2.4984 mean_return=0.737 mean_len=67.1
[gat-train] update=1084 samples=21680 fps=13.6 loss=-0.2642 actor=-0.8943 value=0.6568 entropy=2.6624 mean_return=0.737 mean_len=67.1
[gat-train] update=1085 samples=21700 fps=13.6 loss=-0.3277 actor=-2.9956 value=2.6947 entropy=2.6779 mean_return=0.737 mean_len=67.1
[gat-train] update=1086 samples=21720 fps=13.6 loss=-0.1655 actor=-2.8802 value=2.7402 entropy=2.5537 mean_return=0.737 mean_len=67.1
[gat-train] update=1087 samples=21740 fps=13.6 loss=2.3948 actor=1.0823 value=1.3361 entropy=2.3577 mean_return=0.737 mean_len=67.1
[gat-train] update=1088 samples=21760 fps=13.6 loss=35.9550 actor=4.7864 value=31.1903 entropy=2.1720 mean_return=0.718 mean_len=67.4
[gat-train] update=1089 samples=21780 fps=13.6 loss=13.4737 actor=2.1310 value=11.3612 entropy=1.8507 mean_return=0.740 mean_len=67.6
[gat-train] update=1090 samples=21800 fps=13.6 loss=0.5373 actor=-0.9140 value=1.4684 entropy=1.7046 mean_return=0.740 mean_len=67.6
[gat-train] update=1091 samples=21820 fps=13.6 loss=0.4855 actor=-0.0307 value=0.5363 entropy=2.0087 mean_return=0.740 mean_len=67.6
[gat-train] update=1092 samples=21840 fps=13.6 loss=-0.2333 actor=-1.7920 value=1.5808 entropy=2.2195 mean_return=0.740 mean_len=67.6
[gat-train] update=1093 samples=21860 fps=13.6 loss=-0.2314 actor=-0.6230 value=0.4148 entropy=2.3160 mean_return=0.740 mean_len=67.6
[gat-train] update=1094 samples=21880 fps=13.6 loss=1.0150 actor=-2.1555 value=3.1942 entropy=2.3705 mean_return=0.740 mean_len=67.6
[gat-train] update=1095 samples=21900 fps=13.6 loss=3.3746 actor=1.1274 value=2.2687 entropy=2.1481 mean_return=0.740 mean_len=67.6
[gat-train] update=1096 samples=21920 fps=13.6 loss=27.5409 actor=3.3524 value=24.2067 entropy=1.8243 mean_return=0.702 mean_len=68.2
[gat-train] update=1097 samples=21940 fps=13.6 loss=0.3293 actor=-0.5038 value=0.8526 entropy=1.9484 mean_return=0.702 mean_len=68.2
[gat-train] update=1098 samples=21960 fps=13.6 loss=0.8244 actor=0.5020 value=0.3426 entropy=2.0135 mean_return=0.702 mean_len=68.2
[gat-train] update=1099 samples=21980 fps=13.6 loss=-0.4820 actor=-1.2276 value=0.7674 entropy=2.1733 mean_return=0.702 mean_len=68.2
[gat-train] update=1100 samples=22000 fps=13.6 loss=-0.4568 actor=-0.8134 value=0.3785 entropy=2.1890 mean_return=0.702 mean_len=68.2
[gat-train] eval update=1100 comp_score=88.24 best=92.32
[gat-train] update=1101 samples=22020 fps=13.6 loss=3.4396 actor=1.9096 value=1.5576 entropy=2.7554 mean_return=0.702 mean_len=68.2
[gat-train] update=1102 samples=22040 fps=13.6 loss=-0.1338 actor=-2.7043 value=2.5978 entropy=2.7273 mean_return=0.702 mean_len=68.2
[gat-train] update=1103 samples=22060 fps=13.6 loss=2.1551 actor=0.4723 value=1.7087 entropy=2.5955 mean_return=0.702 mean_len=68.2
[gat-train] update=1104 samples=22080 fps=13.6 loss=75.9239 actor=12.4743 value=63.4770 entropy=2.7414 mean_return=0.759 mean_len=69.0
[gat-train] update=1105 samples=22100 fps=13.6 loss=2.8165 actor=-0.9086 value=3.7479 entropy=2.2819 mean_return=0.759 mean_len=69.0
[gat-train] update=1106 samples=22120 fps=13.6 loss=-0.0837 actor=-0.6598 value=0.6003 entropy=2.4249 mean_return=0.759 mean_len=69.0
[gat-train] update=1107 samples=22140 fps=13.6 loss=-0.3691 actor=-0.9906 value=0.6479 entropy=2.6450 mean_return=0.759 mean_len=69.0
[gat-train] update=1108 samples=22160 fps=13.6 loss=0.7849 actor=0.5459 value=0.2640 entropy=2.5062 mean_return=0.759 mean_len=69.0
[gat-train] update=1109 samples=22180 fps=13.6 loss=-0.5867 actor=-1.7536 value=1.1925 entropy=2.5587 mean_return=0.759 mean_len=69.0
[gat-train] update=1110 samples=22200 fps=13.6 loss=1.6943 actor=-2.1567 value=3.8755 entropy=2.4473 mean_return=0.759 mean_len=69.0
[gat-train] update=1111 samples=22220 fps=13.6 loss=2.1826 actor=0.7451 value=1.4611 entropy=2.3554 mean_return=0.759 mean_len=69.0
[gat-train] update=1112 samples=22240 fps=13.6 loss=43.6983 actor=5.1988 value=38.5239 entropy=2.4470 mean_return=0.763 mean_len=69.3
[gat-train] update=1113 samples=22260 fps=13.6 loss=14.9654 actor=2.4701 value=12.5149 entropy=1.9560 mean_return=0.760 mean_len=69.6
[gat-train] update=1114 samples=22280 fps=13.6 loss=0.3940 actor=-0.3870 value=0.7948 entropy=1.3800 mean_return=0.760 mean_len=69.6
[gat-train] update=1115 samples=22300 fps=13.6 loss=0.0723 actor=-0.4193 value=0.5114 entropy=1.9909 mean_return=0.760 mean_len=69.6
[gat-train] update=1116 samples=22320 fps=13.6 loss=-0.6466 actor=-1.1501 value=0.5219 entropy=1.8456 mean_return=0.760 mean_len=69.6
[gat-train] update=1117 samples=22340 fps=13.6 loss=-0.1676 actor=-0.6227 value=0.4679 entropy=1.2798 mean_return=0.760 mean_len=69.6
[gat-train] update=1118 samples=22360 fps=13.6 loss=-0.2478 actor=-0.6554 value=0.4252 entropy=1.7644 mean_return=0.760 mean_len=69.6
[gat-train] update=1119 samples=22380 fps=13.6 loss=-0.0624 actor=-1.4441 value=1.3978 entropy=1.6052 mean_return=0.760 mean_len=69.6
[gat-train] update=1120 samples=22400 fps=13.6 loss=3.7139 actor=0.3706 value=3.3607 entropy=1.7429 mean_return=0.760 mean_len=69.6
[gat-train] update=1121 samples=22420 fps=13.6 loss=15.2107 actor=2.9736 value=12.2521 entropy=1.4957 mean_return=0.755 mean_len=70.0
[gat-train] update=1122 samples=22440 fps=13.6 loss=14.3365 actor=0.5819 value=13.7678 entropy=1.3258 mean_return=0.768 mean_len=70.3
[gat-train] update=1123 samples=22460 fps=13.6 loss=0.8955 actor=-0.2646 value=1.1749 entropy=1.4774 mean_return=0.768 mean_len=70.3
[gat-train] update=1124 samples=22480 fps=13.6 loss=1.7294 actor=0.8564 value=0.8882 entropy=1.5288 mean_return=0.768 mean_len=70.3
[gat-train] update=1125 samples=22500 fps=13.6 loss=-0.0174 actor=-0.4082 value=0.4040 entropy=1.3271 mean_return=0.768 mean_len=70.3
[gat-train] update=1126 samples=22520 fps=13.6 loss=-0.2116 actor=-0.6408 value=0.4486 entropy=1.9458 mean_return=0.768 mean_len=70.3
[gat-train] update=1127 samples=22540 fps=13.6 loss=0.2441 actor=-1.6094 value=1.8694 entropy=1.5868 mean_return=0.768 mean_len=70.3
[gat-train] update=1128 samples=22560 fps=13.6 loss=36.0167 actor=3.2291 value=32.8048 entropy=1.7253 mean_return=0.782 mean_len=70.6
[gat-train] update=1129 samples=22580 fps=13.6 loss=0.1271 actor=-0.1178 value=0.2585 entropy=1.3537 mean_return=0.782 mean_len=70.6
[gat-train] update=1130 samples=22600 fps=13.6 loss=2.8924 actor=1.2364 value=1.6722 entropy=1.6264 mean_return=0.782 mean_len=70.6
[gat-train] update=1131 samples=22620 fps=13.6 loss=15.6993 actor=2.9517 value=12.7637 entropy=1.6175 mean_return=0.757 mean_len=71.1
[gat-train] update=1132 samples=22640 fps=13.6 loss=-0.6290 actor=-1.6118 value=1.0027 entropy=1.9870 mean_return=0.757 mean_len=71.1
[gat-train] update=1133 samples=22660 fps=13.6 loss=-0.2695 actor=-0.7577 value=0.5072 entropy=1.8971 mean_return=0.757 mean_len=71.1
[gat-train] update=1134 samples=22680 fps=13.6 loss=3.3940 actor=0.9419 value=2.4644 entropy=1.2319 mean_return=0.757 mean_len=71.1
[gat-train] update=1135 samples=22700 fps=13.6 loss=0.2605 actor=-1.2683 value=1.5459 entropy=1.7073 mean_return=0.757 mean_len=71.1
[gat-train] update=1136 samples=22720 fps=13.6 loss=13.8936 actor=1.3802 value=12.5357 entropy=2.2308 mean_return=0.748 mean_len=71.2
[gat-train] update=1137 samples=22740 fps=13.6 loss=2.2734 actor=1.1516 value=1.1382 entropy=1.6292 mean_return=0.748 mean_len=71.2
[gat-train] update=1138 samples=22760 fps=13.6 loss=26.0305 actor=2.8774 value=23.1736 entropy=2.0554 mean_return=0.755 mean_len=71.6
[gat-train] update=1139 samples=22780 fps=13.6 loss=0.5113 actor=-0.0390 value=0.5642 entropy=1.3900 mean_return=0.755 mean_len=71.6
[gat-train] update=1140 samples=22800 fps=13.6 loss=-0.0225 actor=-1.6363 value=1.6354 entropy=2.1599 mean_return=0.755 mean_len=71.6
[gat-train] update=1141 samples=22820 fps=13.6 loss=0.9878 actor=0.6054 value=0.3999 entropy=1.7532 mean_return=0.755 mean_len=71.6
[gat-train] update=1142 samples=22840 fps=13.6 loss=1.5370 actor=-1.3811 value=2.9340 entropy=1.5946 mean_return=0.755 mean_len=71.6
[gat-train] update=1143 samples=22860 fps=13.6 loss=-0.5426 actor=-1.3858 value=0.8663 entropy=2.3139 mean_return=0.755 mean_len=71.6
[gat-train] update=1144 samples=22880 fps=13.6 loss=42.4923 actor=4.2777 value=38.2323 entropy=1.7681 mean_return=0.758 mean_len=71.9
[gat-train] update=1145 samples=22900 fps=13.6 loss=1.1631 actor=-0.1851 value=1.3643 entropy=1.6009 mean_return=0.758 mean_len=71.9
[gat-train] update=1146 samples=22920 fps=13.6 loss=0.3050 actor=-0.4620 value=0.7863 entropy=1.9364 mean_return=0.758 mean_len=71.9
[gat-train] update=1147 samples=22940 fps=13.6 loss=0.0707 actor=-1.2023 value=1.2877 entropy=1.4686 mean_return=0.758 mean_len=71.9
[gat-train] update=1148 samples=22960 fps=13.6 loss=22.3998 actor=0.8880 value=21.5273 entropy=1.5435 mean_return=0.703 mean_len=72.5
[gat-train] update=1149 samples=22980 fps=13.6 loss=1.4774 actor=-0.6117 value=2.1148 entropy=2.5696 mean_return=0.703 mean_len=72.5
[gat-train] update=1150 samples=23000 fps=13.6 loss=1.4669 actor=0.7256 value=0.7623 entropy=2.0894 mean_return=0.703 mean_len=72.5
[gat-train] eval update=1150 comp_score=90.72 best=92.32
[gat-train] update=1151 samples=23020 fps=13.5 loss=0.2795 actor=-0.3543 value=0.6577 entropy=2.3923 mean_return=0.703 mean_len=72.5
[gat-train] update=1152 samples=23040 fps=13.5 loss=48.4168 actor=5.2300 value=43.2075 entropy=2.0717 mean_return=0.673 mean_len=72.9
[gat-train] update=1153 samples=23060 fps=13.5 loss=5.8849 actor=0.8427 value=5.0571 entropy=1.4905 mean_return=0.673 mean_len=72.9
[gat-train] update=1154 samples=23080 fps=13.5 loss=1.9852 actor=0.0618 value=1.9362 entropy=1.2883 mean_return=0.673 mean_len=72.9
[gat-train] update=1155 samples=23100 fps=13.5 loss=33.6354 actor=3.1091 value=30.5444 entropy=1.8081 mean_return=0.684 mean_len=73.3
[gat-train] update=1156 samples=23120 fps=13.5 loss=0.8760 actor=-0.1572 value=1.0539 entropy=2.0642 mean_return=0.684 mean_len=73.3
[gat-train] update=1157 samples=23140 fps=13.5 loss=0.4396 actor=-0.7156 value=1.1714 entropy=1.6117 mean_return=0.684 mean_len=73.3
[gat-train] update=1158 samples=23160 fps=13.5 loss=34.9651 actor=4.2905 value=30.6945 entropy=1.9831 mean_return=0.690 mean_len=73.3
[gat-train] update=1159 samples=23180 fps=13.5 loss=-0.0381 actor=-1.4715 value=1.4538 entropy=2.0409 mean_return=0.690 mean_len=73.3
[gat-train] update=1160 samples=23200 fps=13.5 loss=0.5091 actor=0.1824 value=0.3443 entropy=1.7559 mean_return=0.690 mean_len=73.3
[gat-train] update=1161 samples=23220 fps=13.5 loss=0.6221 actor=0.0084 value=0.6273 entropy=1.3607 mean_return=0.690 mean_len=73.3
[gat-train] update=1162 samples=23240 fps=13.5 loss=0.5374 actor=-0.9126 value=1.4674 entropy=1.7410 mean_return=0.690 mean_len=73.3
[gat-train] update=1163 samples=23260 fps=13.5 loss=26.0620 actor=2.8719 value=23.2049 entropy=1.4907 mean_return=0.717 mean_len=73.4
[gat-train] update=1164 samples=23280 fps=13.5 loss=0.2740 actor=-0.3344 value=0.6223 entropy=1.3909 mean_return=0.717 mean_len=73.4
[gat-train] update=1165 samples=23300 fps=13.5 loss=1.5732 actor=0.4733 value=1.1143 entropy=1.4273 mean_return=0.717 mean_len=73.4
[gat-train] update=1166 samples=23320 fps=13.5 loss=-0.0810 actor=-0.6098 value=0.5420 entropy=1.3256 mean_return=0.717 mean_len=73.4
[gat-train] update=1167 samples=23340 fps=13.5 loss=0.2496 actor=-0.1621 value=0.4280 entropy=1.6286 mean_return=0.717 mean_len=73.4
[gat-train] update=1168 samples=23360 fps=13.5 loss=23.5434 actor=2.2358 value=21.3242 entropy=1.6617 mean_return=0.645 mean_len=73.8
[gat-train] update=1169 samples=23380 fps=13.5 loss=0.0507 actor=-0.7015 value=0.7663 entropy=1.4129 mean_return=0.645 mean_len=73.8
[gat-train] update=1170 samples=23400 fps=13.5 loss=0.5800 actor=-0.6013 value=1.1948 entropy=1.3521 mean_return=0.645 mean_len=73.8
[gat-train] update=1171 samples=23420 fps=13.5 loss=1.9232 actor=0.3474 value=1.5927 entropy=1.6942 mean_return=0.645 mean_len=73.8
[gat-train] update=1172 samples=23440 fps=13.5 loss=0.4288 actor=-0.2294 value=0.6727 entropy=1.4510 mean_return=0.645 mean_len=73.8
[gat-train] update=1173 samples=23460 fps=13.5 loss=15.9434 actor=3.0448 value=12.9128 entropy=1.4157 mean_return=0.599 mean_len=74.5
[gat-train] update=1174 samples=23480 fps=13.5 loss=1.5036 actor=0.6624 value=0.8569 entropy=1.5744 mean_return=0.599 mean_len=74.5
[gat-train] update=1175 samples=23500 fps=13.5 loss=0.2426 actor=-0.5463 value=0.8056 entropy=1.6616 mean_return=0.599 mean_len=74.5
[gat-train] update=1176 samples=23520 fps=13.5 loss=25.0120 actor=2.6203 value=22.4106 entropy=1.8829 mean_return=0.627 mean_len=74.9
[gat-train] update=1177 samples=23540 fps=13.5 loss=3.4652 actor=1.1730 value=2.3083 entropy=1.6140 mean_return=0.627 mean_len=74.9
[gat-train] update=1178 samples=23560 fps=13.5 loss=1.7588 actor=0.2874 value=1.4874 entropy=1.6120 mean_return=0.627 mean_len=74.9
[gat-train] update=1179 samples=23580 fps=13.5 loss=13.3351 actor=1.9105 value=11.4433 entropy=1.8662 mean_return=0.654 mean_len=75.1
[gat-train] update=1180 samples=23600 fps=13.5 loss=0.0231 actor=-1.2248 value=1.2668 entropy=1.8888 mean_return=0.654 mean_len=75.1
[gat-train] update=1181 samples=23620 fps=13.5 loss=-0.1459 actor=-1.0640 value=0.9376 entropy=1.9510 mean_return=0.654 mean_len=75.1
[gat-train] update=1182 samples=23640 fps=13.5 loss=-0.3645 actor=-1.5472 value=1.2039 entropy=2.1216 mean_return=0.654 mean_len=75.1
[gat-train] update=1183 samples=23660 fps=13.5 loss=0.6170 actor=0.0945 value=0.5430 entropy=2.0444 mean_return=0.654 mean_len=75.1
[gat-train] update=1184 samples=23680 fps=13.5 loss=33.7477 actor=3.9078 value=29.8604 entropy=2.0554 mean_return=0.651 mean_len=75.5
[gat-train] update=1185 samples=23700 fps=13.5 loss=0.1711 actor=0.0349 value=0.1589 entropy=2.2667 mean_return=0.651 mean_len=75.5
[gat-train] update=1186 samples=23720 fps=13.5 loss=0.0007 actor=-1.1269 value=1.1514 entropy=2.3772 mean_return=0.651 mean_len=75.5
[gat-train] update=1187 samples=23740 fps=13.5 loss=-1.2456 actor=-2.5134 value=1.2935 entropy=2.5704 mean_return=0.651 mean_len=75.5
[gat-train] update=1188 samples=23760 fps=13.5 loss=1.4243 actor=-2.0121 value=3.4615 entropy=2.5119 mean_return=0.651 mean_len=75.5
[gat-train] update=1189 samples=23780 fps=13.5 loss=2.3657 actor=0.3713 value=2.0188 entropy=2.4488 mean_return=0.651 mean_len=75.5
[gat-train] update=1190 samples=23800 fps=13.5 loss=14.7467 actor=1.2925 value=13.4764 entropy=2.2180 mean_return=0.637 mean_len=75.8
[gat-train] update=1191 samples=23820 fps=13.5 loss=0.1229 actor=-0.5339 value=0.6768 entropy=2.0030 mean_return=0.637 mean_len=75.8
[gat-train] update=1192 samples=23840 fps=13.5 loss=43.3199 actor=6.7267 value=36.6135 entropy=2.0264 mean_return=0.652 mean_len=76.1
[gat-train] update=1193 samples=23860 fps=13.5 loss=0.1817 actor=-1.0013 value=1.2011 entropy=1.8117 mean_return=0.652 mean_len=76.1
[gat-train] update=1194 samples=23880 fps=13.5 loss=-0.1278 actor=-0.8205 value=0.7113 entropy=1.8601 mean_return=0.652 mean_len=76.1
[gat-train] update=1195 samples=23900 fps=13.5 loss=1.7845 actor=0.0847 value=1.7164 entropy=1.6605 mean_return=0.652 mean_len=76.1
[gat-train] update=1196 samples=23920 fps=13.5 loss=13.2509 actor=2.0413 value=11.2267 entropy=1.7181 mean_return=0.653 mean_len=76.5
[gat-train] update=1197 samples=23940 fps=13.5 loss=0.7352 actor=-0.8631 value=1.6126 entropy=1.4405 mean_return=0.653 mean_len=76.5
[gat-train] update=1198 samples=23960 fps=13.5 loss=0.0812 actor=-0.1887 value=0.2870 entropy=1.7126 mean_return=0.653 mean_len=76.5
[gat-train] update=1199 samples=23980 fps=13.5 loss=-0.0526 actor=-0.3707 value=0.3353 entropy=1.7273 mean_return=0.653 mean_len=76.5
[gat-train] update=1200 samples=24000 fps=13.5 loss=12.3133 actor=-0.6517 value=12.9828 entropy=1.7726 mean_return=0.635 mean_len=76.8
[gat-train] eval update=1200 comp_score=88.52 best=92.32
[gat-train] update=1201 samples=24020 fps=13.5 loss=0.0245 actor=-0.6393 value=0.6832 entropy=1.9447 mean_return=0.635 mean_len=76.8
[gat-train] update=1202 samples=24040 fps=13.5 loss=0.7226 actor=-1.8282 value=2.5678 entropy=1.6939 mean_return=0.635 mean_len=76.8
[gat-train] update=1203 samples=24060 fps=13.5 loss=-0.1032 actor=-0.7108 value=0.6259 entropy=1.8302 mean_return=0.635 mean_len=76.8
[gat-train] update=1204 samples=24080 fps=13.5 loss=-0.3004 actor=-1.1495 value=0.8690 entropy=1.9880 mean_return=0.635 mean_len=76.8
[gat-train] update=1205 samples=24100 fps=13.5 loss=0.0734 actor=-2.0149 value=2.1043 entropy=1.5945 mean_return=0.635 mean_len=76.8
[gat-train] update=1206 samples=24120 fps=13.5 loss=37.3404 actor=4.0495 value=33.3078 entropy=1.6861 mean_return=0.621 mean_len=77.1
[gat-train] update=1207 samples=24140 fps=13.5 loss=1.2145 actor=-1.5965 value=2.8261 entropy=1.5003 mean_return=0.621 mean_len=77.1
[gat-train] update=1208 samples=24160 fps=13.5 loss=-0.3542 actor=-1.2992 value=0.9619 entropy=1.6817 mean_return=0.621 mean_len=77.1
[gat-train] update=1209 samples=24180 fps=13.5 loss=1.4062 actor=-1.6980 value=3.1208 entropy=1.6596 mean_return=0.621 mean_len=77.1
[gat-train] update=1210 samples=24200 fps=13.5 loss=48.8164 actor=5.5580 value=43.2749 entropy=1.6543 mean_return=0.604 mean_len=77.4
[gat-train] update=1211 samples=24220 fps=13.5 loss=0.5734 actor=-0.3888 value=0.9755 entropy=1.3324 mean_return=0.604 mean_len=77.4
[gat-train] update=1212 samples=24240 fps=13.5 loss=23.8500 actor=2.9442 value=20.9198 entropy=1.3953 mean_return=0.599 mean_len=77.7
[gat-train] update=1213 samples=24260 fps=13.5 loss=1.1399 actor=0.5546 value=0.5974 entropy=1.2132 mean_return=0.599 mean_len=77.7
[gat-train] update=1214 samples=24280 fps=13.5 loss=0.8132 actor=0.2759 value=0.5504 entropy=1.3098 mean_return=0.599 mean_len=77.7
[gat-train] update=1215 samples=24300 fps=13.5 loss=0.1144 actor=-0.7488 value=0.8747 entropy=1.1549 mean_return=0.599 mean_len=77.7
[gat-train] update=1216 samples=24320 fps=13.5 loss=47.4156 actor=5.5650 value=41.8678 entropy=1.7239 mean_return=0.612 mean_len=77.9
[gat-train] update=1217 samples=24340 fps=13.5 loss=0.1868 actor=-0.3537 value=0.5514 entropy=1.0963 mean_return=0.612 mean_len=77.9
[gat-train] update=1218 samples=24360 fps=13.5 loss=0.0652 actor=-1.0178 value=1.0965 entropy=1.3477 mean_return=0.612 mean_len=77.9
[gat-train] update=1219 samples=24380 fps=13.5 loss=-0.2739 actor=-0.7783 value=0.5197 entropy=1.5302 mean_return=0.612 mean_len=77.9
[gat-train] update=1220 samples=24400 fps=13.4 loss=0.9912 actor=-0.4323 value=1.4382 entropy=1.4733 mean_return=0.612 mean_len=77.9
[gat-train] update=1221 samples=24420 fps=13.4 loss=-0.0298 actor=-1.1227 value=1.1084 entropy=1.5512 mean_return=0.612 mean_len=77.9
[gat-train] update=1222 samples=24440 fps=13.4 loss=0.4475 actor=-1.8490 value=2.3113 entropy=1.4792 mean_return=0.612 mean_len=77.9
[gat-train] update=1223 samples=24460 fps=13.4 loss=1.7913 actor=0.3480 value=1.4587 entropy=1.5361 mean_return=0.612 mean_len=77.9
[gat-train] update=1224 samples=24480 fps=13.4 loss=36.5047 actor=4.2475 value=32.2741 entropy=1.6870 mean_return=0.603 mean_len=78.3
[gat-train] update=1225 samples=24500 fps=13.4 loss=-0.2481 actor=-0.7837 value=0.5484 entropy=1.2702 mean_return=0.603 mean_len=78.3
[gat-train] update=1226 samples=24520 fps=13.4 loss=47.7991 actor=3.5028 value=44.3104 entropy=1.4089 mean_return=0.596 mean_len=78.5
[gat-train] update=1227 samples=24540 fps=13.4 loss=2.2255 actor=0.6230 value=1.6143 entropy=1.1703 mean_return=0.596 mean_len=78.5
[gat-train] update=1228 samples=24560 fps=13.4 loss=0.2930 actor=-0.2481 value=0.5535 entropy=1.2437 mean_return=0.596 mean_len=78.5
[gat-train] update=1229 samples=24580 fps=13.4 loss=15.6393 actor=2.2378 value=13.4145 entropy=1.3048 mean_return=0.592 mean_len=78.7
[gat-train] update=1230 samples=24600 fps=13.4 loss=0.0335 actor=-0.8138 value=0.8594 entropy=1.2045 mean_return=0.592 mean_len=78.7
[gat-train] update=1231 samples=24620 fps=13.4 loss=0.5877 actor=-2.1037 value=2.7115 entropy=2.0051 mean_return=0.592 mean_len=78.7
[gat-train] update=1232 samples=24640 fps=13.4 loss=1.4682 actor=0.2339 value=1.2517 entropy=1.7338 mean_return=0.592 mean_len=78.7
[gat-train] update=1233 samples=24660 fps=13.4 loss=34.5346 actor=3.2671 value=31.2835 entropy=1.5888 mean_return=0.623 mean_len=78.9
[gat-train] update=1234 samples=24680 fps=13.4 loss=1.9630 actor=-0.5528 value=2.5335 entropy=1.7750 mean_return=0.623 mean_len=78.9
[gat-train] update=1235 samples=24700 fps=13.4 loss=1.2179 actor=-0.7200 value=1.9527 entropy=1.4731 mean_return=0.623 mean_len=78.9
[gat-train] update=1236 samples=24720 fps=13.4 loss=0.3345 actor=-0.4134 value=0.7665 entropy=1.8567 mean_return=0.623 mean_len=78.9
[gat-train] update=1237 samples=24740 fps=13.4 loss=-0.0547 actor=-1.0644 value=1.0242 entropy=1.4485 mean_return=0.623 mean_len=78.9
[gat-train] update=1238 samples=24760 fps=13.4 loss=0.0141 actor=-0.5746 value=0.6053 entropy=1.6718 mean_return=0.623 mean_len=78.9
[gat-train] update=1239 samples=24780 fps=13.4 loss=-0.1846 actor=-1.1688 value=1.0101 entropy=2.5811 mean_return=0.623 mean_len=78.9
[gat-train] update=1240 samples=24800 fps=13.4 loss=2.9480 actor=0.9750 value=1.9887 entropy=1.5673 mean_return=0.623 mean_len=78.9
[gat-train] update=1241 samples=24820 fps=13.4 loss=36.8783 actor=5.6593 value=31.2383 entropy=1.9286 mean_return=0.662 mean_len=78.9
[gat-train] update=1242 samples=24840 fps=13.4 loss=17.1582 actor=1.8756 value=15.3010 entropy=1.8379 mean_return=0.627 mean_len=79.1
[gat-train] update=1243 samples=24860 fps=13.4 loss=2.4439 actor=1.4583 value=1.0077 entropy=2.2108 mean_return=0.627 mean_len=79.1
[gat-train] update=1244 samples=24880 fps=13.4 loss=4.4992 actor=2.4711 value=2.0451 entropy=1.6963 mean_return=0.627 mean_len=79.1
[gat-train] update=1245 samples=24900 fps=13.4 loss=15.6512 actor=1.4865 value=14.1880 entropy=2.3261 mean_return=0.619 mean_len=79.4
[gat-train] update=1246 samples=24920 fps=13.4 loss=1.0375 actor=0.0721 value=0.9908 entropy=2.5422 mean_return=0.619 mean_len=79.4
[gat-train] update=1247 samples=24940 fps=13.4 loss=2.1535 actor=1.2339 value=0.9423 entropy=2.2697 mean_return=0.619 mean_len=79.4
[gat-train] update=1248 samples=24960 fps=13.4 loss=40.8526 actor=3.5300 value=37.3459 entropy=2.3331 mean_return=0.628 mean_len=79.4
[gat-train] update=1249 samples=24980 fps=13.4 loss=-0.3506 actor=-1.1589 value=0.8290 entropy=2.0728 mean_return=0.628 mean_len=79.4
[gat-train] update=1250 samples=25000 fps=13.4 loss=0.5246 actor=-0.1500 value=0.6971 entropy=2.2457 mean_return=0.628 mean_len=79.4
[gat-train] eval update=1250 comp_score=89.99 best=92.32
[gat-train] update=1251 samples=25020 fps=13.4 loss=-0.3670 actor=-1.1340 value=0.7907 entropy=2.3683 mean_return=0.628 mean_len=79.4
[gat-train] update=1252 samples=25040 fps=13.4 loss=-0.2936 actor=-0.7498 value=0.4860 entropy=2.9841 mean_return=0.628 mean_len=79.4
[gat-train] update=1253 samples=25060 fps=13.4 loss=-0.7064 actor=-1.3087 value=0.6265 entropy=2.4154 mean_return=0.628 mean_len=79.4
[gat-train] update=1254 samples=25080 fps=13.4 loss=2.2985 actor=0.5950 value=1.7302 entropy=2.6740 mean_return=0.628 mean_len=79.4
[gat-train] update=1255 samples=25100 fps=13.4 loss=1.5923 actor=0.4937 value=1.1267 entropy=2.8094 mean_return=0.628 mean_len=79.4
[gat-train] update=1256 samples=25120 fps=13.4 loss=22.0248 actor=1.6970 value=20.3563 entropy=2.8562 mean_return=0.609 mean_len=79.5
[gat-train] update=1257 samples=25140 fps=13.4 loss=56.2369 actor=9.5188 value=46.7456 entropy=2.7435 mean_return=0.617 mean_len=79.8
[gat-train] update=1258 samples=25160 fps=13.4 loss=1.6172 actor=-0.2844 value=1.9270 entropy=2.5475 mean_return=0.617 mean_len=79.8
[gat-train] update=1259 samples=25180 fps=13.4 loss=0.5718 actor=-1.2149 value=1.8120 entropy=2.5250 mean_return=0.617 mean_len=79.8
[gat-train] update=1260 samples=25200 fps=13.4 loss=5.9408 actor=2.6952 value=3.2755 entropy=2.9919 mean_return=0.617 mean_len=79.8
[gat-train] update=1261 samples=25220 fps=13.4 loss=15.4625 actor=2.9196 value=12.5608 entropy=1.7888 mean_return=0.603 mean_len=80.1
[gat-train] update=1262 samples=25240 fps=13.4 loss=1.2458 actor=-0.2806 value=1.5550 entropy=2.8676 mean_return=0.603 mean_len=80.1
[gat-train] update=1263 samples=25260 fps=13.4 loss=3.7449 actor=1.6569 value=2.1117 entropy=2.3789 mean_return=0.603 mean_len=80.1
[gat-train] update=1264 samples=25280 fps=13.4 loss=35.3469 actor=4.1832 value=31.1859 entropy=2.2189 mean_return=0.625 mean_len=80.1
[gat-train] update=1265 samples=25300 fps=13.4 loss=0.7872 actor=0.2381 value=0.5736 entropy=2.4531 mean_return=0.625 mean_len=80.1
[gat-train] update=1266 samples=25320 fps=13.4 loss=0.0558 actor=-0.6831 value=0.7645 entropy=2.5644 mean_return=0.625 mean_len=80.1
[gat-train] update=1267 samples=25340 fps=13.4 loss=0.0141 actor=-0.8422 value=0.8826 entropy=2.6312 mean_return=0.625 mean_len=80.1
[gat-train] update=1268 samples=25360 fps=13.4 loss=0.4014 actor=-0.2342 value=0.6593 entropy=2.3693 mean_return=0.625 mean_len=80.1
[gat-train] update=1269 samples=25380 fps=13.4 loss=0.5635 actor=-2.1281 value=2.7196 entropy=2.7986 mean_return=0.625 mean_len=80.1
[gat-train] update=1270 samples=25400 fps=13.4 loss=3.4072 actor=1.8456 value=1.5863 entropy=2.4714 mean_return=0.625 mean_len=80.1
[gat-train] update=1271 samples=25420 fps=13.4 loss=1.1486 actor=-1.3717 value=2.5390 entropy=1.8712 mean_return=0.625 mean_len=80.1
[gat-train] update=1272 samples=25440 fps=13.4 loss=2.1672 actor=-0.1941 value=2.3867 entropy=2.5367 mean_return=0.625 mean_len=80.1
[gat-train] update=1273 samples=25460 fps=13.4 loss=16.7475 actor=3.1754 value=13.5946 entropy=2.2598 mean_return=0.605 mean_len=80.4
[gat-train] update=1274 samples=25480 fps=13.4 loss=24.8141 actor=3.1275 value=21.7164 entropy=2.9777 mean_return=0.541 mean_len=80.9
[gat-train] update=1275 samples=25500 fps=13.4 loss=50.1867 actor=7.2867 value=42.9331 entropy=3.3084 mean_return=0.543 mean_len=80.9
[gat-train] update=1276 samples=25520 fps=13.4 loss=2.0839 actor=1.2826 value=0.8309 entropy=2.9635 mean_return=0.543 mean_len=80.9
[gat-train] update=1277 samples=25540 fps=13.4 loss=-0.1748 actor=-2.2498 value=2.1035 entropy=2.8424 mean_return=0.543 mean_len=80.9
[gat-train] update=1278 samples=25560 fps=13.4 loss=-0.6883 actor=-1.2994 value=0.6461 entropy=3.4991 mean_return=0.543 mean_len=80.9
[gat-train] update=1279 samples=25580 fps=13.4 loss=2.7883 actor=1.1464 value=1.6700 entropy=2.8036 mean_return=0.543 mean_len=80.9
[gat-train] update=1280 samples=25600 fps=13.4 loss=13.1606 actor=1.2781 value=11.9125 entropy=2.9995 mean_return=0.567 mean_len=80.9
[gat-train] update=1281 samples=25620 fps=13.4 loss=-0.3176 actor=-0.7364 value=0.4458 entropy=2.6997 mean_return=0.567 mean_len=80.9
[gat-train] update=1282 samples=25640 fps=13.4 loss=-1.3644 actor=-1.8093 value=0.4854 entropy=4.0424 mean_return=0.567 mean_len=80.9
[gat-train] update=1283 samples=25660 fps=13.4 loss=-1.4352 actor=-1.9109 value=0.5077 entropy=3.2052 mean_return=0.567 mean_len=80.9
[gat-train] update=1284 samples=25680 fps=13.4 loss=-0.0621 actor=-0.6192 value=0.5900 entropy=3.2874 mean_return=0.567 mean_len=80.9
[gat-train] update=1285 samples=25700 fps=13.4 loss=-0.5353 actor=-3.1301 value=2.6250 entropy=3.0233 mean_return=0.567 mean_len=80.9
[gat-train] update=1286 samples=25720 fps=13.4 loss=65.1989 actor=10.6396 value=54.5870 entropy=2.7755 mean_return=0.578 mean_len=80.9
[gat-train] update=1287 samples=25740 fps=13.4 loss=5.7730 actor=-0.3662 value=6.1634 entropy=2.4224 mean_return=0.578 mean_len=80.9
[gat-train] update=1288 samples=25760 fps=13.4 loss=49.8580 actor=7.8154 value=42.0711 entropy=2.8516 mean_return=0.601 mean_len=80.8
[gat-train] update=1289 samples=25780 fps=13.4 loss=4.4955 actor=0.5989 value=3.9248 entropy=2.8073 mean_return=0.601 mean_len=80.8
[gat-train] update=1290 samples=25800 fps=13.4 loss=23.8940 actor=2.9960 value=20.9304 entropy=3.2328 mean_return=0.552 mean_len=80.9
[gat-train] update=1291 samples=25820 fps=13.4 loss=0.2265 actor=-0.5884 value=0.8466 entropy=3.1601 mean_return=0.552 mean_len=80.9
[gat-train] update=1292 samples=25840 fps=13.4 loss=-1.4188 actor=-1.9044 value=0.5241 entropy=3.8556 mean_return=0.552 mean_len=80.9
[gat-train] update=1293 samples=25860 fps=13.4 loss=1.5903 actor=0.7205 value=0.9012 entropy=3.1341 mean_return=0.552 mean_len=80.9
[gat-train] update=1294 samples=25880 fps=13.4 loss=23.6732 actor=2.7912 value=20.9124 entropy=3.0310 mean_return=0.560 mean_len=80.7
[gat-train] update=1295 samples=25900 fps=13.4 loss=1.1264 actor=0.6003 value=0.5571 entropy=3.0986 mean_return=0.560 mean_len=80.7
[gat-train] update=1296 samples=25920 fps=13.4 loss=-1.4875 actor=-2.2718 value=0.8214 entropy=3.7073 mean_return=0.560 mean_len=80.7
[gat-train] update=1297 samples=25940 fps=13.4 loss=-0.1298 actor=-0.4834 value=0.3875 entropy=3.3855 mean_return=0.560 mean_len=80.7
[gat-train] update=1298 samples=25960 fps=13.4 loss=1.8095 actor=-0.6235 value=2.4679 entropy=3.4910 mean_return=0.560 mean_len=80.7
[gat-train] update=1299 samples=25980 fps=13.4 loss=1.3272 actor=-2.4437 value=3.7965 entropy=2.5658 mean_return=0.560 mean_len=80.7
[gat-train] update=1300 samples=26000 fps=13.4 loss=61.0322 actor=9.6521 value=51.4082 entropy=2.8121 mean_return=0.591 mean_len=80.4
[gat-train] eval update=1300 comp_score=87.79 best=92.32
[gat-train] update=1301 samples=26020 fps=13.4 loss=2.6169 actor=0.8587 value=1.7935 entropy=3.5278 mean_return=0.591 mean_len=80.4
[gat-train] update=1302 samples=26040 fps=13.4 loss=1.1117 actor=0.3390 value=0.8095 entropy=3.6828 mean_return=0.591 mean_len=80.4
[gat-train] update=1303 samples=26060 fps=13.4 loss=-0.1375 actor=-1.2562 value=1.1485 entropy=2.9871 mean_return=0.591 mean_len=80.4
[gat-train] update=1304 samples=26080 fps=13.4 loss=15.7284 actor=4.1399 value=11.6168 entropy=2.8394 mean_return=0.608 mean_len=80.4
[gat-train] update=1305 samples=26100 fps=13.4 loss=49.7774 actor=5.7960 value=44.0148 entropy=3.3443 mean_return=0.580 mean_len=80.4
[gat-train] update=1306 samples=26120 fps=13.4 loss=5.9339 actor=0.9962 value=4.9731 entropy=3.5380 mean_return=0.580 mean_len=80.4
[gat-train] update=1307 samples=26140 fps=13.4 loss=0.2281 actor=-0.0240 value=0.2856 entropy=3.3464 mean_return=0.580 mean_len=80.4
[gat-train] update=1308 samples=26160 fps=13.4 loss=51.6975 actor=6.4226 value=45.3079 entropy=3.3054 mean_return=0.535 mean_len=80.2
[gat-train] update=1309 samples=26180 fps=13.4 loss=5.1517 actor=1.1880 value=3.9936 entropy=2.9870 mean_return=0.535 mean_len=80.2
[gat-train] update=1310 samples=26200 fps=13.4 loss=-1.0365 actor=-1.7070 value=0.7063 entropy=3.5785 mean_return=0.535 mean_len=80.2
[gat-train] update=1311 samples=26220 fps=13.4 loss=1.2610 actor=-1.1557 value=2.4504 entropy=3.3645 mean_return=0.535 mean_len=80.2
[gat-train] update=1312 samples=26240 fps=13.4 loss=-0.9977 actor=-1.8069 value=0.8450 entropy=3.5827 mean_return=0.535 mean_len=80.2
[gat-train] update=1313 samples=26260 fps=13.4 loss=3.2238 actor=1.2624 value=1.9923 entropy=3.1003 mean_return=0.535 mean_len=80.2
[gat-train] update=1314 samples=26280 fps=13.4 loss=1.7629 actor=-1.8326 value=3.6222 entropy=2.6724 mean_return=0.535 mean_len=80.2
[gat-train] update=1315 samples=26300 fps=13.4 loss=15.6909 actor=1.9792 value=13.7429 entropy=3.1297 mean_return=0.557 mean_len=79.9
[gat-train] update=1316 samples=26320 fps=13.4 loss=5.3782 actor=3.0426 value=2.3688 entropy=3.3257 mean_return=0.557 mean_len=79.9
[gat-train] update=1317 samples=26340 fps=13.4 loss=17.5638 actor=5.5817 value=12.0185 entropy=3.6351 mean_return=0.576 mean_len=79.5
[gat-train] update=1318 samples=26360 fps=13.4 loss=1.4251 actor=0.4384 value=1.0214 entropy=3.4708 mean_return=0.576 mean_len=79.5
[gat-train] update=1319 samples=26380 fps=13.4 loss=41.1280 actor=3.5237 value=37.6337 entropy=2.9421 mean_return=0.591 mean_len=79.2
[gat-train] update=1320 samples=26400 fps=13.4 loss=-0.8971 actor=-1.7712 value=0.9099 entropy=3.5786 mean_return=0.591 mean_len=79.2
[gat-train] update=1321 samples=26420 fps=13.4 loss=3.9639 actor=2.3433 value=1.6508 entropy=3.0127 mean_return=0.591 mean_len=79.2
[gat-train] update=1322 samples=26440 fps=13.4 loss=1.8567 actor=-1.0982 value=2.9892 entropy=3.4431 mean_return=0.591 mean_len=79.2
[gat-train] update=1323 samples=26460 fps=13.4 loss=-0.8638 actor=-1.8579 value=1.0264 entropy=3.2278 mean_return=0.591 mean_len=79.2
[gat-train] update=1324 samples=26480 fps=13.4 loss=32.4939 actor=2.8245 value=29.7020 entropy=3.2649 mean_return=0.555 mean_len=79.2
[gat-train] update=1325 samples=26500 fps=13.4 loss=-0.2441 actor=-1.0361 value=0.8268 entropy=3.4793 mean_return=0.555 mean_len=79.2
[gat-train] update=1326 samples=26520 fps=13.4 loss=-0.3885 actor=-0.7440 value=0.3933 entropy=3.7802 mean_return=0.555 mean_len=79.2
[gat-train] update=1327 samples=26540 fps=13.4 loss=-0.8028 actor=-1.6867 value=0.9228 entropy=3.8883 mean_return=0.555 mean_len=79.2
[gat-train] update=1328 samples=26560 fps=13.4 loss=-1.1630 actor=-2.0929 value=0.9614 entropy=3.1565 mean_return=0.555 mean_len=79.2
[gat-train] update=1329 samples=26580 fps=13.4 loss=29.2705 actor=5.0216 value=24.2841 entropy=3.5190 mean_return=0.578 mean_len=78.8
[gat-train] update=1330 samples=26600 fps=13.4 loss=1.4467 actor=-1.1736 value=2.6520 entropy=3.1747 mean_return=0.578 mean_len=78.8
[gat-train] update=1331 samples=26620 fps=13.4 loss=41.3936 actor=5.6275 value=35.8002 entropy=3.4089 mean_return=0.578 mean_len=78.7
[gat-train] update=1332 samples=26640 fps=13.4 loss=29.7817 actor=6.5609 value=23.2597 entropy=3.8962 mean_return=0.607 mean_len=78.4
[gat-train] update=1333 samples=26660 fps=13.4 loss=0.2358 actor=-0.5947 value=0.8718 entropy=4.1372 mean_return=0.607 mean_len=78.4
[gat-train] update=1334 samples=26680 fps=13.4 loss=-0.4494 actor=-1.2232 value=0.8109 entropy=3.7201 mean_return=0.607 mean_len=78.4
[gat-train] update=1335 samples=26700 fps=13.4 loss=-0.6119 actor=-1.8992 value=1.3270 entropy=3.9781 mean_return=0.607 mean_len=78.4
[gat-train] update=1336 samples=26720 fps=13.4 loss=-1.2331 actor=-2.2515 value=1.0533 entropy=3.4905 mean_return=0.607 mean_len=78.4
[gat-train] update=1337 samples=26740 fps=13.4 loss=-0.1253 actor=-0.7112 value=0.6189 entropy=3.3086 mean_return=0.607 mean_len=78.4
[gat-train] update=1338 samples=26760 fps=13.4 loss=33.5630 actor=2.7352 value=30.8632 entropy=3.5423 mean_return=0.593 mean_len=78.1
[gat-train] update=1339 samples=26780 fps=13.4 loss=-1.1749 actor=-1.9469 value=0.8102 entropy=3.8148 mean_return=0.593 mean_len=78.1
[gat-train] update=1340 samples=26800 fps=13.4 loss=0.9697 actor=-1.7708 value=2.7771 entropy=3.6682 mean_return=0.593 mean_len=78.1
[gat-train] update=1341 samples=26820 fps=13.4 loss=-0.1685 actor=-1.2465 value=1.1092 entropy=3.1179 mean_return=0.593 mean_len=78.1
[gat-train] update=1342 samples=26840 fps=13.4 loss=0.2887 actor=-0.9691 value=1.2848 entropy=2.7050 mean_return=0.593 mean_len=78.1
[gat-train] update=1343 samples=26860 fps=13.4 loss=18.0914 actor=3.3903 value=14.7325 entropy=3.1337 mean_return=0.585 mean_len=77.8
[gat-train] update=1344 samples=26880 fps=13.4 loss=1.1661 actor=-0.6014 value=1.7955 entropy=2.7903 mean_return=0.585 mean_len=77.8
[gat-train] update=1345 samples=26900 fps=13.4 loss=41.9685 actor=4.8576 value=37.1413 entropy=3.0467 mean_return=0.582 mean_len=77.4
[gat-train] update=1346 samples=26920 fps=13.4 loss=15.5789 actor=3.0720 value=12.5420 entropy=3.5170 mean_return=0.560 mean_len=77.2
[gat-train] update=1347 samples=26940 fps=13.4 loss=-0.1137 actor=-0.7841 value=0.7102 entropy=3.9753 mean_return=0.560 mean_len=77.2
[gat-train] update=1348 samples=26960 fps=13.4 loss=-1.6123 actor=-2.9039 value=1.3275 entropy=3.5836 mean_return=0.560 mean_len=77.2
[gat-train] update=1349 samples=26980 fps=13.4 loss=-0.7363 actor=-2.0150 value=1.3114 entropy=3.2638 mean_return=0.560 mean_len=77.2
[gat-train] update=1350 samples=27000 fps=13.4 loss=2.9858 actor=1.3783 value=1.6405 entropy=3.3033 mean_return=0.560 mean_len=77.2
[gat-train] eval update=1350 comp_score=87.79 best=92.32
[gat-train] update=1351 samples=27020 fps=13.4 loss=-1.5576 actor=-2.4376 value=0.9116 entropy=3.1651 mean_return=0.560 mean_len=77.2
[gat-train] update=1352 samples=27040 fps=13.4 loss=15.5130 actor=2.2899 value=13.2552 entropy=3.2099 mean_return=0.518 mean_len=77.2
[gat-train] update=1353 samples=27060 fps=13.4 loss=0.2943 actor=-0.3919 value=0.7160 entropy=2.9886 mean_return=0.518 mean_len=77.2
[gat-train] update=1354 samples=27080 fps=13.4 loss=-0.0598 actor=-1.3584 value=1.3333 entropy=3.4603 mean_return=0.518 mean_len=77.2
[gat-train] update=1355 samples=27100 fps=13.4 loss=3.9244 actor=0.9805 value=2.9715 entropy=2.7559 mean_return=0.518 mean_len=77.2
[gat-train] update=1356 samples=27120 fps=13.4 loss=2.1744 actor=0.3337 value=1.8676 entropy=2.6831 mean_return=0.518 mean_len=77.2
[gat-train] update=1357 samples=27140 fps=13.4 loss=26.3375 actor=0.6091 value=25.7620 entropy=3.3605 mean_return=0.505 mean_len=77.1
[gat-train] update=1358 samples=27160 fps=13.4 loss=4.5611 actor=2.7034 value=1.8871 entropy=2.9456 mean_return=0.505 mean_len=77.1
[gat-train] update=1359 samples=27180 fps=13.4 loss=15.7107 actor=3.9653 value=11.7802 entropy=3.4705 mean_return=0.536 mean_len=76.9
[gat-train] update=1360 samples=27200 fps=13.4 loss=45.8150 actor=4.3910 value=41.4539 entropy=2.9919 mean_return=0.568 mean_len=76.6
[gat-train] update=1361 samples=27220 fps=13.4 loss=2.9520 actor=2.1101 value=0.8797 entropy=3.7756 mean_return=0.568 mean_len=76.6
[gat-train] update=1362 samples=27240 fps=13.4 loss=-0.9252 actor=-1.5592 value=0.6699 entropy=3.5920 mean_return=0.568 mean_len=76.6
[gat-train] update=1363 samples=27260 fps=13.4 loss=-1.3371 actor=-2.3551 value=1.0533 entropy=3.5362 mean_return=0.568 mean_len=76.6
[gat-train] update=1364 samples=27280 fps=13.4 loss=2.0576 actor=1.3917 value=0.7027 entropy=3.6788 mean_return=0.568 mean_len=76.6
[gat-train] update=1365 samples=27300 fps=13.4 loss=0.1752 actor=-1.5112 value=1.7135 entropy=2.7211 mean_return=0.568 mean_len=76.6
[gat-train] update=1366 samples=27320 fps=13.4 loss=30.6935 actor=3.3933 value=27.3341 entropy=3.3918 mean_return=0.572 mean_len=76.2
[gat-train] update=1367 samples=27340 fps=13.4 loss=2.7571 actor=1.4242 value=1.3646 entropy=3.1711 mean_return=0.572 mean_len=76.2
[gat-train] update=1368 samples=27360 fps=13.4 loss=-0.4303 actor=-1.3842 value=0.9905 entropy=3.6513 mean_return=0.572 mean_len=76.2
[gat-train] update=1369 samples=27380 fps=13.4 loss=0.2865 actor=-1.3407 value=1.6530 entropy=2.5786 mean_return=0.572 mean_len=76.2
[gat-train] update=1370 samples=27400 fps=13.4 loss=2.9212 actor=1.4705 value=1.4862 entropy=3.5469 mean_return=0.572 mean_len=76.2
[gat-train] update=1371 samples=27420 fps=13.4 loss=49.7462 actor=5.8002 value=43.9777 entropy=3.1695 mean_return=0.525 mean_len=76.1
[gat-train] update=1372 samples=27440 fps=13.4 loss=52.2789 actor=6.8459 value=45.4572 entropy=2.4171 mean_return=0.521 mean_len=75.9
[gat-train] update=1373 samples=27460 fps=13.4 loss=1.4857 actor=0.8695 value=0.6442 entropy=2.7987 mean_return=0.521 mean_len=75.9
[gat-train] update=1374 samples=27480 fps=13.4 loss=2.3959 actor=1.6747 value=0.7548 entropy=3.3648 mean_return=0.521 mean_len=75.9
[gat-train] update=1375 samples=27500 fps=13.4 loss=15.7296 actor=3.4069 value=12.3518 entropy=2.9121 mean_return=0.527 mean_len=75.6
[gat-train] update=1376 samples=27520 fps=13.4 loss=-0.1354 actor=-1.1416 value=1.0377 entropy=3.1453 mean_return=0.527 mean_len=75.6
[gat-train] update=1377 samples=27540 fps=13.4 loss=0.8456 actor=0.1891 value=0.6893 entropy=3.2783 mean_return=0.527 mean_len=75.6
[gat-train] update=1378 samples=27560 fps=13.4 loss=0.4074 actor=-1.1308 value=1.5637 entropy=2.5542 mean_return=0.527 mean_len=75.6
[gat-train] update=1379 samples=27580 fps=13.4 loss=-1.3158 actor=-2.1154 value=0.8272 entropy=2.7493 mean_return=0.527 mean_len=75.6
[gat-train] update=1380 samples=27600 fps=13.4 loss=-0.1902 actor=-0.6498 value=0.4866 entropy=2.7023 mean_return=0.527 mean_len=75.6
[gat-train] update=1381 samples=27620 fps=13.4 loss=50.4907 actor=5.4811 value=45.0382 entropy=2.8563 mean_return=0.544 mean_len=75.5
[gat-train] update=1382 samples=27640 fps=13.4 loss=5.5325 actor=-2.4835 value=8.0458 entropy=2.9776 mean_return=0.544 mean_len=75.5
[gat-train] update=1383 samples=27660 fps=13.4 loss=-0.3096 actor=-1.7874 value=1.5115 entropy=3.3656 mean_return=0.544 mean_len=75.5
[gat-train] update=1384 samples=27680 fps=13.4 loss=0.7579 actor=-0.1390 value=0.9271 entropy=3.0247 mean_return=0.544 mean_len=75.5
[gat-train] update=1385 samples=27700 fps=13.4 loss=1.1960 actor=-1.6702 value=2.8925 entropy=2.6302 mean_return=0.544 mean_len=75.5
[gat-train] update=1386 samples=27720 fps=13.4 loss=2.8156 actor=0.8023 value=2.0378 entropy=2.4476 mean_return=0.544 mean_len=75.5
[gat-train] update=1387 samples=27740 fps=13.4 loss=54.8651 actor=7.3010 value=47.5950 entropy=3.0826 mean_return=0.549 mean_len=75.3
[gat-train] update=1388 samples=27760 fps=13.4 loss=1.2718 actor=-1.0386 value=2.3417 entropy=3.1225 mean_return=0.549 mean_len=75.3
[gat-train] update=1389 samples=27780 fps=13.4 loss=56.7859 actor=10.5915 value=46.2209 entropy=2.6536 mean_return=0.551 mean_len=75.1
[gat-train] update=1390 samples=27800 fps=13.4 loss=1.1869 actor=-0.8002 value=2.0119 entropy=2.4683 mean_return=0.551 mean_len=75.1
[gat-train] update=1391 samples=27820 fps=13.4 loss=0.4652 actor=-0.3252 value=0.8186 entropy=2.8184 mean_return=0.551 mean_len=75.1
[gat-train] update=1392 samples=27840 fps=13.4 loss=0.7519 actor=0.1428 value=0.6358 entropy=2.6687 mean_return=0.551 mean_len=75.1
[gat-train] update=1393 samples=27860 fps=13.4 loss=-0.4876 actor=-1.3797 value=0.9155 entropy=2.3443 mean_return=0.551 mean_len=75.1
[gat-train] update=1394 samples=27880 fps=13.4 loss=-0.4248 actor=-1.2610 value=0.8642 entropy=2.7930 mean_return=0.551 mean_len=75.1
[gat-train] update=1395 samples=27900 fps=13.4 loss=2.5148 actor=1.0391 value=1.5058 entropy=3.0192 mean_return=0.551 mean_len=75.1
[gat-train] update=1396 samples=27920 fps=13.4 loss=-0.7124 actor=-1.3967 value=0.7085 entropy=2.4137 mean_return=0.551 mean_len=75.1
[gat-train] update=1397 samples=27940 fps=13.4 loss=47.7180 actor=5.2074 value=42.5398 entropy=2.9155 mean_return=0.573 mean_len=74.9
[gat-train] update=1398 samples=27960 fps=13.4 loss=1.1747 actor=-1.1553 value=2.3508 entropy=2.0770 mean_return=0.573 mean_len=74.9
[gat-train] update=1399 samples=27980 fps=13.4 loss=2.8611 actor=0.9727 value=1.9125 entropy=2.4015 mean_return=0.573 mean_len=74.9
[gat-train] update=1400 samples=28000 fps=13.4 loss=2.1535 actor=0.7182 value=1.4555 entropy=2.0152 mean_return=0.573 mean_len=74.9
[gat-train] eval update=1400 comp_score=89.26 best=92.32
[gat-train] update=1401 samples=28020 fps=13.3 loss=1.8769 actor=0.4955 value=1.4056 entropy=2.4218 mean_return=0.573 mean_len=74.9
[gat-train] update=1402 samples=28040 fps=13.3 loss=14.8089 actor=2.6189 value=12.2127 entropy=2.2753 mean_return=0.536 mean_len=74.7
[gat-train] update=1403 samples=28060 fps=13.3 loss=15.8612 actor=3.2994 value=12.5877 entropy=2.5990 mean_return=0.544 mean_len=74.6
[gat-train] update=1404 samples=28080 fps=13.3 loss=-0.0575 actor=-0.4272 value=0.3851 entropy=1.5320 mean_return=0.544 mean_len=74.6
[gat-train] update=1405 samples=28100 fps=13.3 loss=34.2721 actor=5.2538 value=29.0408 entropy=2.2561 mean_return=0.576 mean_len=74.4
[gat-train] update=1406 samples=28120 fps=13.3 loss=1.9548 actor=1.0370 value=0.9362 entropy=1.8392 mean_return=0.576 mean_len=74.4
[gat-train] update=1407 samples=28140 fps=13.3 loss=0.8297 actor=-0.5509 value=1.3968 entropy=1.6184 mean_return=0.576 mean_len=74.4
[gat-train] update=1408 samples=28160 fps=13.3 loss=0.7871 actor=0.2098 value=0.5957 entropy=1.8377 mean_return=0.576 mean_len=74.4
[gat-train] update=1409 samples=28180 fps=13.3 loss=-0.0003 actor=-0.6484 value=0.6621 entropy=1.4064 mean_return=0.576 mean_len=74.4
[gat-train] update=1410 samples=28200 fps=13.3 loss=0.5558 actor=-0.2457 value=0.8156 entropy=1.4139 mean_return=0.576 mean_len=74.4
[gat-train] update=1411 samples=28220 fps=13.3 loss=0.4180 actor=0.0248 value=0.4100 entropy=1.6835 mean_return=0.576 mean_len=74.4
[gat-train] update=1412 samples=28240 fps=13.3 loss=0.4064 actor=-0.3705 value=0.7904 entropy=1.3442 mean_return=0.576 mean_len=74.4
[gat-train] update=1413 samples=28260 fps=13.3 loss=1.1594 actor=-0.1402 value=1.3138 entropy=1.4286 mean_return=0.576 mean_len=74.4
[gat-train] update=1414 samples=28280 fps=13.3 loss=22.8991 actor=1.7803 value=21.1330 entropy=1.4182 mean_return=0.583 mean_len=74.5
[gat-train] update=1415 samples=28300 fps=13.3 loss=1.6758 actor=0.1606 value=1.5285 entropy=1.3335 mean_return=0.583 mean_len=74.5
[gat-train] update=1416 samples=28320 fps=13.3 loss=0.8470 actor=0.0216 value=0.8403 entropy=1.4973 mean_return=0.583 mean_len=74.5
[gat-train] update=1417 samples=28340 fps=13.3 loss=1.1108 actor=0.4903 value=0.6383 entropy=1.7772 mean_return=0.583 mean_len=74.5
[gat-train] update=1418 samples=28360 fps=13.3 loss=65.6903 actor=10.5621 value=55.1459 entropy=1.7678 mean_return=0.578 mean_len=74.3
[gat-train] update=1419 samples=28380 fps=13.3 loss=4.6278 actor=-0.1195 value=4.7608 entropy=1.3515 mean_return=0.578 mean_len=74.3
[gat-train] update=1420 samples=28400 fps=13.3 loss=1.1868 actor=0.4965 value=0.7046 entropy=1.4297 mean_return=0.578 mean_len=74.3
[gat-train] update=1421 samples=28420 fps=13.3 loss=52.3434 actor=8.6775 value=43.6826 entropy=1.6739 mean_return=0.554 mean_len=74.5
[gat-train] update=1422 samples=28440 fps=13.3 loss=2.8282 actor=-0.9607 value=3.8013 entropy=1.2381 mean_return=0.554 mean_len=74.5
[gat-train] update=1423 samples=28460 fps=13.3 loss=0.4445 actor=0.1956 value=0.2631 entropy=1.4297 mean_return=0.554 mean_len=74.5
[gat-train] update=1424 samples=28480 fps=13.3 loss=-0.8551 actor=-2.4556 value=1.6233 entropy=2.2842 mean_return=0.554 mean_len=74.5
[gat-train] update=1425 samples=28500 fps=13.3 loss=-0.5519 actor=-1.0010 value=0.4696 entropy=2.0565 mean_return=0.554 mean_len=74.5
[gat-train] update=1426 samples=28520 fps=13.3 loss=-0.4844 actor=-1.1475 value=0.6825 entropy=1.9333 mean_return=0.554 mean_len=74.5
[gat-train] update=1427 samples=28540 fps=13.3 loss=0.2550 actor=-0.0061 value=0.2840 entropy=2.2804 mean_return=0.554 mean_len=74.5
[gat-train] update=1428 samples=28560 fps=13.3 loss=-1.1109 actor=-2.8428 value=1.7569 entropy=2.4910 mean_return=0.554 mean_len=74.5
[gat-train] update=1429 samples=28580 fps=13.3 loss=1.1213 actor=0.2509 value=0.8915 entropy=2.1017 mean_return=0.554 mean_len=74.5
[gat-train] update=1430 samples=28600 fps=13.3 loss=0.8043 actor=0.0582 value=0.7712 entropy=2.5004 mean_return=0.554 mean_len=74.5
[gat-train] update=1431 samples=28620 fps=13.3 loss=15.2767 actor=1.9403 value=13.3575 entropy=2.1113 mean_return=0.566 mean_len=74.4
[gat-train] update=1432 samples=28640 fps=13.3 loss=0.6213 actor=-1.6176 value=2.2624 entropy=2.3466 mean_return=0.566 mean_len=74.4
[gat-train] update=1433 samples=28660 fps=13.3 loss=29.6522 actor=4.6925 value=24.9810 entropy=2.1414 mean_return=0.571 mean_len=74.3
[gat-train] update=1434 samples=28680 fps=13.3 loss=0.7961 actor=-0.1188 value=0.9345 entropy=1.9559 mean_return=0.571 mean_len=74.3
[gat-train] update=1435 samples=28700 fps=13.3 loss=0.5504 actor=-0.6959 value=1.2664 entropy=2.0097 mean_return=0.571 mean_len=74.3
[gat-train] update=1436 samples=28720 fps=13.3 loss=60.6307 actor=10.1135 value=50.5385 entropy=2.1303 mean_return=0.527 mean_len=74.6
[gat-train] update=1437 samples=28740 fps=13.3 loss=4.8030 actor=0.0236 value=4.7967 entropy=1.7206 mean_return=0.527 mean_len=74.6
[gat-train] update=1438 samples=28760 fps=13.3 loss=54.0638 actor=10.7802 value=43.3055 entropy=2.1861 mean_return=0.505 mean_len=74.8
[gat-train] update=1439 samples=28780 fps=13.3 loss=0.8525 actor=0.1976 value=0.6771 entropy=2.2166 mean_return=0.505 mean_len=74.8
[gat-train] update=1440 samples=28800 fps=13.3 loss=0.2386 actor=-1.3190 value=1.5773 entropy=1.9733 mean_return=0.505 mean_len=74.8
[gat-train] update=1441 samples=28820 fps=13.3 loss=-0.4268 actor=-1.3305 value=0.9253 entropy=2.1605 mean_return=0.505 mean_len=74.8
[gat-train] update=1442 samples=28840 fps=13.3 loss=-0.4610 actor=-0.8925 value=0.4562 entropy=2.4629 mean_return=0.505 mean_len=74.8
[gat-train] update=1443 samples=28860 fps=13.3 loss=-0.3087 actor=-0.9846 value=0.6963 entropy=2.0432 mean_return=0.505 mean_len=74.8
[gat-train] update=1444 samples=28880 fps=13.3 loss=0.3009 actor=-1.4625 value=1.7842 entropy=2.0790 mean_return=0.505 mean_len=74.8
[gat-train] update=1445 samples=28900 fps=13.3 loss=2.7189 actor=0.5054 value=2.2348 entropy=2.1278 mean_return=0.505 mean_len=74.8
[gat-train] update=1446 samples=28920 fps=13.3 loss=34.2301 actor=2.0675 value=32.1857 entropy=2.3029 mean_return=0.496 mean_len=74.8
[gat-train] update=1447 samples=28940 fps=13.3 loss=2.5943 actor=-0.1355 value=2.7467 entropy=1.6931 mean_return=0.496 mean_len=74.8
[gat-train] update=1448 samples=28960 fps=13.3 loss=1.9048 actor=0.2217 value=1.7026 entropy=1.9478 mean_return=0.496 mean_len=74.8
[gat-train] update=1449 samples=28980 fps=13.3 loss=0.5343 actor=-0.6836 value=1.2373 entropy=1.9526 mean_return=0.496 mean_len=74.8
[gat-train] update=1450 samples=29000 fps=13.3 loss=68.6568 actor=6.3367 value=62.3396 entropy=1.9420 mean_return=0.492 mean_len=74.7
[gat-train] eval update=1450 comp_score=89.99 best=92.32
[gat-train] update=1451 samples=29020 fps=13.3 loss=4.2684 actor=-0.1021 value=4.3855 entropy=1.4933 mean_return=0.492 mean_len=74.7
[gat-train] update=1452 samples=29040 fps=13.3 loss=0.5741 actor=-0.3835 value=0.9757 entropy=1.8046 mean_return=0.492 mean_len=74.7
[gat-train] update=1453 samples=29060 fps=13.3 loss=1.4376 actor=0.1105 value=1.3462 entropy=1.9061 mean_return=0.492 mean_len=74.7
[gat-train] update=1454 samples=29080 fps=13.3 loss=47.3093 actor=6.9896 value=40.3394 entropy=1.9681 mean_return=0.523 mean_len=74.6
[gat-train] update=1455 samples=29100 fps=13.3 loss=1.1213 actor=-3.8744 value=5.0124 entropy=1.6652 mean_return=0.523 mean_len=74.6
[gat-train] update=1456 samples=29120 fps=13.3 loss=0.3517 actor=-1.1634 value=1.5312 entropy=1.6186 mean_return=0.523 mean_len=74.6
[gat-train] update=1457 samples=29140 fps=13.3 loss=0.5055 actor=-0.2849 value=0.8073 entropy=1.6893 mean_return=0.523 mean_len=74.6
[gat-train] update=1458 samples=29160 fps=13.3 loss=-0.4474 actor=-0.9891 value=0.5578 entropy=1.6047 mean_return=0.523 mean_len=74.6
[gat-train] update=1459 samples=29180 fps=13.3 loss=-0.7800 actor=-1.3570 value=0.5962 entropy=1.9198 mean_return=0.523 mean_len=74.6
[gat-train] update=1460 samples=29200 fps=13.3 loss=4.8396 actor=1.2916 value=3.5648 entropy=1.6797 mean_return=0.523 mean_len=74.6
[gat-train] update=1461 samples=29220 fps=13.2 loss=4.1601 actor=1.4758 value=2.7035 entropy=1.9239 mean_return=0.523 mean_len=74.6
[gat-train] update=1462 samples=29240 fps=13.2 loss=54.2190 actor=7.2627 value=46.9742 entropy=1.7898 mean_return=0.514 mean_len=74.6
[gat-train] update=1463 samples=29260 fps=13.2 loss=61.8865 actor=6.1722 value=55.7311 entropy=1.6860 mean_return=0.516 mean_len=74.5
[gat-train] update=1464 samples=29280 fps=13.2 loss=3.9670 actor=-2.5416 value=6.5220 entropy=1.3329 mean_return=0.516 mean_len=74.5
[gat-train] update=1465 samples=29300 fps=13.2 loss=3.6080 actor=0.9238 value=2.6985 entropy=1.4172 mean_return=0.516 mean_len=74.5
[gat-train] update=1466 samples=29320 fps=13.2 loss=23.1303 actor=3.2366 value=19.9087 entropy=1.5010 mean_return=0.480 mean_len=74.5
[gat-train] update=1467 samples=29340 fps=13.2 loss=0.9422 actor=-0.5572 value=1.5114 entropy=1.2050 mean_return=0.480 mean_len=74.5
[gat-train] update=1468 samples=29360 fps=13.2 loss=0.5850 actor=0.3913 value=0.2084 entropy=1.4692 mean_return=0.480 mean_len=74.5
[gat-train] update=1469 samples=29380 fps=13.2 loss=24.5075 actor=2.5519 value=21.9701 entropy=1.4453 mean_return=0.429 mean_len=74.5
[gat-train] update=1470 samples=29400 fps=13.2 loss=0.8748 actor=0.5056 value=0.3817 entropy=1.2453 mean_return=0.429 mean_len=74.5
[gat-train] update=1471 samples=29420 fps=13.2 loss=-0.5160 actor=-0.8238 value=0.3209 entropy=1.3139 mean_return=0.429 mean_len=74.5
[gat-train] update=1472 samples=29440 fps=13.2 loss=0.1834 actor=-0.0420 value=0.2405 entropy=1.5163 mean_return=0.429 mean_len=74.5
[gat-train] update=1473 samples=29460 fps=13.2 loss=-0.2517 actor=-1.0463 value=0.8070 entropy=1.2345 mean_return=0.429 mean_len=74.5
[gat-train] update=1474 samples=29480 fps=13.2 loss=0.0696 actor=-0.6743 value=0.7588 entropy=1.4951 mean_return=0.429 mean_len=74.5
[gat-train] update=1475 samples=29500 fps=13.2 loss=-0.0401 actor=-0.3959 value=0.3705 entropy=1.4636 mean_return=0.429 mean_len=74.5
[gat-train] update=1476 samples=29520 fps=13.2 loss=-0.0479 actor=-0.3499 value=0.3156 entropy=1.3611 mean_return=0.429 mean_len=74.5
[gat-train] update=1477 samples=29540 fps=13.2 loss=0.8655 actor=-0.7029 value=1.5835 entropy=1.5189 mean_return=0.429 mean_len=74.5
[gat-train] update=1478 samples=29560 fps=13.2 loss=0.3867 actor=-0.5092 value=0.9108 entropy=1.4778 mean_return=0.429 mean_len=74.5
[gat-train] update=1479 samples=29580 fps=13.2 loss=57.2365 actor=5.6849 value=51.5701 entropy=1.8498 mean_return=0.415 mean_len=74.8
[gat-train] update=1480 samples=29600 fps=13.2 loss=4.8187 actor=-0.0051 value=4.8373 entropy=1.3531 mean_return=0.415 mean_len=74.8
[gat-train] update=1481 samples=29620 fps=13.2 loss=2.1346 actor=0.9544 value=1.1932 entropy=1.2987 mean_return=0.415 mean_len=74.8
[gat-train] update=1482 samples=29640 fps=13.2 loss=28.2989 actor=4.8874 value=23.4275 entropy=1.5901 mean_return=0.422 mean_len=75.3
[gat-train] update=1483 samples=29660 fps=13.2 loss=1.1886 actor=0.3550 value=0.8460 entropy=1.2423 mean_return=0.422 mean_len=75.3
[gat-train] update=1484 samples=29680 fps=13.2 loss=0.6527 actor=-0.7964 value=1.4618 entropy=1.2709 mean_return=0.422 mean_len=75.3
[gat-train] update=1485 samples=29700 fps=13.2 loss=0.1901 actor=-0.9875 value=1.1912 entropy=1.3605 mean_return=0.422 mean_len=75.3
[gat-train] update=1486 samples=29720 fps=13.2 loss=0.5483 actor=-0.2936 value=0.8563 entropy=1.4310 mean_return=0.422 mean_len=75.3
[gat-train] update=1487 samples=29740 fps=13.2 loss=15.4586 actor=2.9043 value=12.5673 entropy=1.2977 mean_return=0.377 mean_len=75.7
[gat-train] update=1488 samples=29760 fps=13.2 loss=0.5783 actor=-0.3759 value=0.9670 entropy=1.2820 mean_return=0.377 mean_len=75.7
[gat-train] update=1489 samples=29780 fps=13.2 loss=0.4250 actor=-0.0727 value=0.5108 entropy=1.3064 mean_return=0.377 mean_len=75.7
[gat-train] update=1490 samples=29800 fps=13.2 loss=0.0990 actor=-1.0742 value=1.1883 entropy=1.5150 mean_return=0.377 mean_len=75.7
[gat-train] update=1491 samples=29820 fps=13.1 loss=0.2839 actor=-0.9947 value=1.2933 entropy=1.4745 mean_return=0.377 mean_len=75.7
[gat-train] update=1492 samples=29840 fps=13.1 loss=0.1896 actor=-0.6020 value=0.8059 entropy=1.4329 mean_return=0.377 mean_len=75.7
[gat-train] update=1493 samples=29860 fps=13.1 loss=2.9652 actor=0.4924 value=2.4885 entropy=1.5691 mean_return=0.377 mean_len=75.7
[gat-train] update=1494 samples=29880 fps=13.1 loss=57.9566 actor=6.6672 value=51.3081 entropy=1.8616 mean_return=0.368 mean_len=75.7
[gat-train] update=1495 samples=29900 fps=13.1 loss=3.8313 actor=-1.4745 value=5.3196 entropy=1.3761 mean_return=0.368 mean_len=75.7
[gat-train] update=1496 samples=29920 fps=13.1 loss=0.6256 actor=-0.2012 value=0.8408 entropy=1.3911 mean_return=0.368 mean_len=75.7
[gat-train] update=1497 samples=29940 fps=13.1 loss=2.3948 actor=0.8157 value=1.5949 entropy=1.5802 mean_return=0.368 mean_len=75.7
[gat-train] update=1498 samples=29960 fps=13.1 loss=69.6843 actor=7.3683 value=62.3326 entropy=1.6631 mean_return=0.371 mean_len=75.9
[gat-train] update=1499 samples=29980 fps=13.1 loss=0.9022 actor=-0.0695 value=0.9843 entropy=1.2599 mean_return=0.371 mean_len=75.9
[gat-train] update=1500 samples=30000 fps=13.1 loss=1.3321 actor=-0.6752 value=2.0230 entropy=1.5789 mean_return=0.371 mean_len=75.9
[gat-train] eval update=1500 comp_score=89.99 best=92.32
[gat-train] update=1501 samples=30020 fps=13.1 loss=1.0074 actor=0.4568 value=0.5687 entropy=1.8085 mean_return=0.371 mean_len=75.9
[gat-train] update=1502 samples=30040 fps=13.1 loss=0.1804 actor=-0.7212 value=0.9169 entropy=1.5313 mean_return=0.371 mean_len=75.9
[gat-train] update=1503 samples=30060 fps=13.1 loss=1.6858 actor=0.3545 value=1.3504 entropy=1.9080 mean_return=0.371 mean_len=75.9
[gat-train] update=1504 samples=30080 fps=13.1 loss=14.4718 actor=2.0489 value=12.4449 entropy=2.2005 mean_return=0.352 mean_len=76.2
[gat-train] update=1505 samples=30100 fps=13.1 loss=0.7594 actor=-1.2699 value=2.0498 entropy=2.0621 mean_return=0.352 mean_len=76.2
[gat-train] update=1506 samples=30120 fps=13.1 loss=1.7720 actor=1.1442 value=0.6508 entropy=2.3035 mean_return=0.352 mean_len=76.2
[gat-train] update=1507 samples=30140 fps=13.1 loss=0.0141 actor=-2.5974 value=2.6364 entropy=2.4914 mean_return=0.352 mean_len=76.2
[gat-train] update=1508 samples=30160 fps=13.1 loss=-0.5378 actor=-1.5878 value=1.0733 entropy=2.3314 mean_return=0.352 mean_len=76.2
[gat-train] update=1509 samples=30180 fps=13.1 loss=0.4077 actor=-1.2120 value=1.6439 entropy=2.4235 mean_return=0.352 mean_len=76.2
[gat-train] update=1510 samples=30200 fps=13.1 loss=12.4796 actor=1.6066 value=10.8981 entropy=2.5173 mean_return=0.364 mean_len=76.4
[gat-train] update=1511 samples=30220 fps=13.1 loss=0.0942 actor=-0.8499 value=0.9683 entropy=2.4191 mean_return=0.364 mean_len=76.4
[gat-train] update=1512 samples=30240 fps=13.1 loss=52.2500 actor=8.4149 value=43.8605 entropy=2.5397 mean_return=0.371 mean_len=76.5
[gat-train] update=1513 samples=30260 fps=13.1 loss=2.9471 actor=-0.9879 value=3.9549 entropy=1.9988 mean_return=0.371 mean_len=76.5
[gat-train] update=1514 samples=30280 fps=13.1 loss=22.6405 actor=3.1664 value=19.4978 entropy=2.3778 mean_return=0.410 mean_len=76.5
[gat-train] update=1515 samples=30300 fps=13.1 loss=3.4496 actor=1.5459 value=1.9289 entropy=2.5203 mean_return=0.410 mean_len=76.5
[gat-train] update=1516 samples=30320 fps=13.1 loss=0.0440 actor=-1.4586 value=1.5286 entropy=2.6007 mean_return=0.410 mean_len=76.5
[gat-train] update=1517 samples=30340 fps=13.1 loss=-0.1921 actor=-0.8654 value=0.6985 entropy=2.5186 mean_return=0.410 mean_len=76.5
[gat-train] update=1518 samples=30360 fps=13.1 loss=0.4583 actor=-0.8797 value=1.3644 entropy=2.6346 mean_return=0.410 mean_len=76.5
[gat-train] update=1519 samples=30380 fps=13.1 loss=46.6809 actor=6.3081 value=40.3999 entropy=2.7106 mean_return=0.417 mean_len=76.6
[gat-train] update=1520 samples=30400 fps=13.1 loss=-0.1855 actor=-1.6931 value=1.5337 entropy=2.6147 mean_return=0.417 mean_len=76.6
[gat-train] update=1521 samples=30420 fps=13.1 loss=1.3400 actor=0.1414 value=1.2275 entropy=2.8801 mean_return=0.417 mean_len=76.6
[gat-train] update=1522 samples=30440 fps=13.1 loss=-0.3201 actor=-3.2581 value=2.9656 entropy=2.7561 mean_return=0.417 mean_len=76.6
[gat-train] update=1523 samples=30460 fps=13.1 loss=-0.7504 actor=-2.4040 value=1.6823 entropy=2.8731 mean_return=0.417 mean_len=76.6
[gat-train] update=1524 samples=30480 fps=13.1 loss=2.8917 actor=0.9754 value=1.9466 entropy=3.0325 mean_return=0.417 mean_len=76.6
[gat-train] update=1525 samples=30500 fps=13.1 loss=0.4836 actor=-0.4610 value=0.9713 entropy=2.6725 mean_return=0.417 mean_len=76.6
[gat-train] update=1526 samples=30520 fps=13.1 loss=15.9398 actor=3.2365 value=12.7317 entropy=2.8390 mean_return=0.392 mean_len=76.8
[gat-train] update=1527 samples=30540 fps=13.1 loss=0.3697 actor=-1.2426 value=1.6384 entropy=2.6028 mean_return=0.392 mean_len=76.8
[gat-train] update=1528 samples=30560 fps=13.1 loss=16.3630 actor=1.6291 value=14.7622 entropy=2.8285 mean_return=0.363 mean_len=77.1
[gat-train] update=1529 samples=30580 fps=13.1 loss=14.2212 actor=2.2413 value=12.0071 entropy=2.7154 mean_return=0.365 mean_len=77.1
[gat-train] update=1530 samples=30600 fps=13.1 loss=0.1188 actor=-0.7218 value=0.8684 entropy=2.7823 mean_return=0.365 mean_len=77.1
[gat-train] update=1531 samples=30620 fps=13.1 loss=-0.1352 actor=-0.6904 value=0.5863 entropy=3.1104 mean_return=0.365 mean_len=77.1
[gat-train] update=1532 samples=30640 fps=13.1 loss=0.2381 actor=-1.2662 value=1.5334 entropy=2.8984 mean_return=0.365 mean_len=77.1
[gat-train] update=1533 samples=30660 fps=13.1 loss=2.9865 actor=1.0075 value=2.0084 entropy=2.9415 mean_return=0.365 mean_len=77.1
[gat-train] update=1534 samples=30680 fps=13.1 loss=59.4652 actor=9.6969 value=49.7985 entropy=3.0172 mean_return=0.391 mean_len=77.3
[gat-train] update=1535 samples=30700 fps=13.1 loss=2.9402 actor=-1.8262 value=4.7943 entropy=2.7903 mean_return=0.391 mean_len=77.3
[gat-train] update=1536 samples=30720 fps=13.1 loss=-0.3274 actor=-2.5768 value=2.2800 entropy=3.0589 mean_return=0.391 mean_len=77.3
[gat-train] update=1537 samples=30740 fps=13.1 loss=0.8535 actor=-0.1757 value=1.0602 entropy=3.1019 mean_return=0.391 mean_len=77.3
[gat-train] update=1538 samples=30760 fps=13.1 loss=0.2215 actor=-1.0727 value=1.3246 entropy=3.0370 mean_return=0.391 mean_len=77.3
[gat-train] update=1539 samples=30780 fps=13.1 loss=-0.7827 actor=-2.8633 value=2.1110 entropy=3.0313 mean_return=0.391 mean_len=77.3
[gat-train] update=1540 samples=30800 fps=13.1 loss=2.1385 actor=0.8226 value=1.3431 entropy=2.7125 mean_return=0.391 mean_len=77.3
[gat-train] update=1541 samples=30820 fps=13.1 loss=81.9086 actor=11.5608 value=70.3742 entropy=2.6413 mean_return=0.409 mean_len=77.4
[gat-train] update=1542 samples=30840 fps=13.1 loss=4.3933 actor=-0.1566 value=4.5747 entropy=2.4753 mean_return=0.409 mean_len=77.4
[gat-train] update=1543 samples=30860 fps=13.1 loss=3.7898 actor=1.2057 value=2.6093 entropy=2.5149 mean_return=0.409 mean_len=77.4
[gat-train] update=1544 samples=30880 fps=13.1 loss=15.0195 actor=3.0049 value=12.0400 entropy=2.5442 mean_return=0.421 mean_len=77.6
[gat-train] update=1545 samples=30900 fps=13.1 loss=-0.0900 actor=-1.8749 value=1.8113 entropy=2.6302 mean_return=0.421 mean_len=77.6
[gat-train] update=1546 samples=30920 fps=13.1 loss=1.7735 actor=0.6188 value=1.1823 entropy=2.7614 mean_return=0.421 mean_len=77.6
[gat-train] update=1547 samples=30940 fps=13.1 loss=-0.6490 actor=-1.8205 value=1.2009 entropy=2.9381 mean_return=0.421 mean_len=77.6
[gat-train] update=1548 samples=30960 fps=13.1 loss=-0.7711 actor=-1.6220 value=0.8814 entropy=3.0474 mean_return=0.421 mean_len=77.6
[gat-train] update=1549 samples=30980 fps=13.1 loss=49.3540 actor=6.7834 value=42.6005 entropy=2.9968 mean_return=0.435 mean_len=77.6
[gat-train] update=1550 samples=31000 fps=13.1 loss=0.4625 actor=-0.3056 value=0.7963 entropy=2.8121 mean_return=0.435 mean_len=77.6
[gat-train] eval update=1550 comp_score=89.26 best=92.32
[gat-train] update=1551 samples=31020 fps=13.1 loss=-0.3126 actor=-1.7169 value=1.4351 entropy=3.0858 mean_return=0.435 mean_len=77.6
[gat-train] update=1552 samples=31040 fps=13.1 loss=-0.8074 actor=-1.1394 value=0.3630 entropy=3.1024 mean_return=0.435 mean_len=77.6
[gat-train] update=1553 samples=31060 fps=13.1 loss=-0.8435 actor=-1.4639 value=0.6517 entropy=3.1285 mean_return=0.435 mean_len=77.6
[gat-train] update=1554 samples=31080 fps=13.1 loss=-0.5943 actor=-2.1715 value=1.6096 entropy=3.2407 mean_return=0.435 mean_len=77.6
[gat-train] update=1555 samples=31100 fps=13.1 loss=-0.1969 actor=-0.6740 value=0.5085 entropy=3.1401 mean_return=0.435 mean_len=77.6
[gat-train] update=1556 samples=31120 fps=13.1 loss=2.5323 actor=0.4527 value=2.1086 entropy=2.9077 mean_return=0.435 mean_len=77.6
[gat-train] update=1557 samples=31140 fps=13.1 loss=80.3909 actor=11.9666 value=68.4492 entropy=2.4839 mean_return=0.432 mean_len=78.0
[gat-train] update=1558 samples=31160 fps=13.1 loss=35.6687 actor=3.3236 value=32.3707 entropy=2.5583 mean_return=0.430 mean_len=78.0
[gat-train] update=1559 samples=31180 fps=13.1 loss=1.8754 actor=0.7553 value=1.1457 entropy=2.5675 mean_return=0.430 mean_len=78.0
[gat-train] update=1560 samples=31200 fps=13.1 loss=-0.1702 actor=-1.2400 value=1.0947 entropy=2.4877 mean_return=0.430 mean_len=78.0
[gat-train] update=1561 samples=31220 fps=13.1 loss=-0.3964 actor=-1.0692 value=0.6968 entropy=2.3997 mean_return=0.430 mean_len=78.0
[gat-train] update=1562 samples=31240 fps=13.1 loss=-0.4847 actor=-1.2964 value=0.8355 entropy=2.3802 mean_return=0.430 mean_len=78.0
[gat-train] update=1563 samples=31260 fps=13.1 loss=0.8096 actor=-0.4345 value=1.2660 entropy=2.1922 mean_return=0.430 mean_len=78.0
[gat-train] update=1564 samples=31280 fps=13.1 loss=47.2551 actor=7.1889 value=40.0893 entropy=2.3136 mean_return=0.466 mean_len=78.0
[gat-train] update=1565 samples=31300 fps=13.1 loss=-0.1459 actor=-0.6328 value=0.5076 entropy=2.0737 mean_return=0.466 mean_len=78.0
[gat-train] update=1566 samples=31320 fps=13.1 loss=-0.1024 actor=-0.4993 value=0.4178 entropy=2.0930 mean_return=0.466 mean_len=78.0
[gat-train] update=1567 samples=31340 fps=13.1 loss=-0.1480 actor=-0.5986 value=0.4712 entropy=2.0522 mean_return=0.466 mean_len=78.0
[gat-train] update=1568 samples=31360 fps=13.1 loss=-0.5777 actor=-1.8281 value=1.2697 entropy=1.9328 mean_return=0.466 mean_len=78.0
[gat-train] update=1569 samples=31380 fps=13.1 loss=-0.0942 actor=-0.7139 value=0.6373 entropy=1.7599 mean_return=0.466 mean_len=78.0
[gat-train] update=1570 samples=31400 fps=13.1 loss=1.6947 actor=-0.0893 value=1.8034 entropy=1.9343 mean_return=0.466 mean_len=78.0
[gat-train] update=1571 samples=31420 fps=13.1 loss=1.5614 actor=-0.2440 value=1.8249 entropy=1.9424 mean_return=0.466 mean_len=78.0
[gat-train] update=1572 samples=31440 fps=13.1 loss=87.1373 actor=11.0589 value=76.0970 entropy=1.8633 mean_return=0.510 mean_len=78.2
[gat-train] update=1573 samples=31460 fps=13.1 loss=3.8811 actor=-1.4107 value=5.3057 entropy=1.3854 mean_return=0.510 mean_len=78.2
[gat-train] update=1574 samples=31480 fps=13.1 loss=48.9705 actor=6.3786 value=42.6087 entropy=1.6719 mean_return=0.466 mean_len=78.3
[gat-train] update=1575 samples=31500 fps=13.1 loss=0.1831 actor=-0.1239 value=0.3186 entropy=1.1631 mean_return=0.466 mean_len=78.3
[gat-train] update=1576 samples=31520 fps=13.1 loss=1.2581 actor=0.8396 value=0.4317 entropy=1.3209 mean_return=0.466 mean_len=78.3
[gat-train] update=1577 samples=31540 fps=13.1 loss=1.1422 actor=-0.9914 value=2.1465 entropy=1.2959 mean_return=0.466 mean_len=78.3
[gat-train] update=1578 samples=31560 fps=13.1 loss=0.1315 actor=-0.1577 value=0.3013 entropy=1.2150 mean_return=0.466 mean_len=78.3
[gat-train] update=1579 samples=31580 fps=13.1 loss=1.2273 actor=0.3216 value=0.9193 entropy=1.3551 mean_return=0.466 mean_len=78.3
[gat-train] update=1580 samples=31600 fps=13.1 loss=38.8111 actor=4.6310 value=34.1933 entropy=1.3269 mean_return=0.489 mean_len=78.4
[gat-train] update=1581 samples=31620 fps=13.1 loss=0.0775 actor=-0.1220 value=0.2119 entropy=1.2338 mean_return=0.489 mean_len=78.4
[gat-train] update=1582 samples=31640 fps=13.1 loss=0.5431 actor=-0.4011 value=0.9579 entropy=1.3757 mean_return=0.489 mean_len=78.4
[gat-train] update=1583 samples=31660 fps=13.1 loss=-0.0691 actor=-0.4799 value=0.4251 entropy=1.4260 mean_return=0.489 mean_len=78.4
[gat-train] update=1584 samples=31680 fps=13.1 loss=0.1692 actor=-0.7384 value=0.9253 entropy=1.7705 mean_return=0.489 mean_len=78.4
[gat-train] update=1585 samples=31700 fps=13.1 loss=0.0736 actor=-0.3258 value=0.4122 entropy=1.2742 mean_return=0.489 mean_len=78.4
[gat-train] update=1586 samples=31720 fps=13.1 loss=0.9069 actor=-0.6902 value=1.6107 entropy=1.3650 mean_return=0.489 mean_len=78.4
[gat-train] update=1587 samples=31740 fps=13.1 loss=58.4121 actor=7.3485 value=51.0827 entropy=1.9037 mean_return=0.502 mean_len=78.4
[gat-train] update=1588 samples=31760 fps=13.1 loss=3.3596 actor=-2.6325 value=6.0046 entropy=1.2529 mean_return=0.502 mean_len=78.4
[gat-train] update=1589 samples=31780 fps=13.1 loss=42.3214 actor=2.8880 value=39.4461 entropy=1.2766 mean_return=0.512 mean_len=78.6
[gat-train] update=1590 samples=31800 fps=13.1 loss=49.7702 actor=7.9426 value=41.8424 entropy=1.4893 mean_return=0.536 mean_len=78.6
[gat-train] update=1591 samples=31820 fps=13.1 loss=0.4543 actor=-0.3827 value=0.8480 entropy=1.1043 mean_return=0.536 mean_len=78.6
[gat-train] update=1592 samples=31840 fps=13.1 loss=0.0082 actor=-0.6596 value=0.6878 entropy=1.9997 mean_return=0.536 mean_len=78.6
[gat-train] update=1593 samples=31860 fps=13.1 loss=0.4326 actor=0.2575 value=0.1966 entropy=2.1516 mean_return=0.536 mean_len=78.6
[gat-train] update=1594 samples=31880 fps=13.1 loss=3.2945 actor=0.7572 value=2.5539 entropy=1.6488 mean_return=0.536 mean_len=78.6
[gat-train] update=1595 samples=31900 fps=13.1 loss=43.0244 actor=4.5880 value=38.4533 entropy=1.6842 mean_return=0.577 mean_len=78.7
[gat-train] update=1596 samples=31920 fps=13.1 loss=0.6074 actor=0.1454 value=0.4761 entropy=1.4207 mean_return=0.577 mean_len=78.7
[gat-train] update=1597 samples=31940 fps=13.1 loss=0.1904 actor=-0.3943 value=0.6047 entropy=1.9999 mean_return=0.577 mean_len=78.7
[gat-train] update=1598 samples=31960 fps=13.1 loss=0.0063 actor=-0.4097 value=0.4339 entropy=1.7842 mean_return=0.577 mean_len=78.7
[gat-train] update=1599 samples=31980 fps=13.1 loss=1.1215 actor=-0.0174 value=1.1576 entropy=1.8589 mean_return=0.577 mean_len=78.7
[gat-train] update=1600 samples=32000 fps=13.1 loss=0.2483 actor=-1.0213 value=1.2960 entropy=2.6440 mean_return=0.577 mean_len=78.7
[gat-train] eval update=1600 comp_score=89.99 best=92.32
[gat-train] update=1601 samples=32020 fps=13.1 loss=0.3767 actor=-0.4727 value=0.8686 entropy=1.9240 mean_return=0.577 mean_len=78.7
[gat-train] update=1602 samples=32040 fps=13.1 loss=8.3952 actor=2.8714 value=5.5432 entropy=1.9434 mean_return=0.577 mean_len=78.7
[gat-train] update=1603 samples=32060 fps=13.1 loss=4.3893 actor=0.0740 value=4.3331 entropy=1.7751 mean_return=0.577 mean_len=78.7
[gat-train] update=1604 samples=32080 fps=13.1 loss=87.1796 actor=10.0061 value=77.1947 entropy=2.1225 mean_return=0.555 mean_len=78.7
[gat-train] update=1605 samples=32100 fps=13.1 loss=7.5478 actor=1.8125 value=5.7547 entropy=1.9463 mean_return=0.555 mean_len=78.7
[gat-train] update=1606 samples=32120 fps=13.1 loss=2.4674 actor=-1.6585 value=4.1465 entropy=2.0568 mean_return=0.555 mean_len=78.7
[gat-train] update=1607 samples=32140 fps=13.1 loss=40.5264 actor=4.1624 value=36.3826 entropy=1.8653 mean_return=0.535 mean_len=78.8
[gat-train] update=1608 samples=32160 fps=13.1 loss=2.4804 actor=0.6377 value=1.8610 entropy=1.8336 mean_return=0.535 mean_len=78.8
[gat-train] update=1609 samples=32180 fps=13.1 loss=1.3145 actor=-0.3733 value=1.7037 entropy=1.6003 mean_return=0.535 mean_len=78.8
[gat-train] update=1610 samples=32200 fps=13.1 loss=0.9526 actor=-0.2494 value=1.2139 entropy=1.1812 mean_return=0.535 mean_len=78.8
[gat-train] update=1611 samples=32220 fps=13.1 loss=47.1547 actor=4.4944 value=42.6787 entropy=1.8383 mean_return=0.545 mean_len=78.8
[gat-train] update=1612 samples=32240 fps=13.1 loss=-0.6696 actor=-1.3941 value=0.7429 entropy=1.8367 mean_return=0.545 mean_len=78.8
[gat-train] update=1613 samples=32260 fps=13.1 loss=0.3737 actor=-0.2572 value=0.6449 entropy=1.4013 mean_return=0.545 mean_len=78.8
[gat-train] update=1614 samples=32280 fps=13.1 loss=0.6238 actor=0.2152 value=0.4215 entropy=1.2943 mean_return=0.545 mean_len=78.8
[gat-train] update=1615 samples=32300 fps=13.1 loss=0.0765 actor=-1.2370 value=1.3270 entropy=1.3618 mean_return=0.545 mean_len=78.8
[gat-train] update=1616 samples=32320 fps=13.1 loss=0.0802 actor=-1.2398 value=1.3393 entropy=1.9320 mean_return=0.545 mean_len=78.8
[gat-train] update=1617 samples=32340 fps=13.1 loss=0.1783 actor=-0.8489 value=1.0410 entropy=1.3856 mean_return=0.545 mean_len=78.8
[gat-train] update=1618 samples=32360 fps=13.1 loss=1.5721 actor=-0.0559 value=1.6480 entropy=2.0021 mean_return=0.545 mean_len=78.8
[gat-train] update=1619 samples=32380 fps=13.1 loss=3.6862 actor=1.5459 value=2.1576 entropy=1.7281 mean_return=0.545 mean_len=78.8
[gat-train] update=1620 samples=32400 fps=13.1 loss=51.4234 actor=4.0740 value=47.3644 entropy=1.4964 mean_return=0.551 mean_len=78.8
[gat-train] update=1621 samples=32420 fps=13.1 loss=3.6157 actor=-0.2581 value=3.8867 entropy=1.2915 mean_return=0.551 mean_len=78.8
[gat-train] update=1622 samples=32440 fps=13.1 loss=30.0468 actor=4.7332 value=25.3298 entropy=1.6189 mean_return=0.523 mean_len=78.9
[gat-train] update=1623 samples=32460 fps=13.1 loss=1.5985 actor=0.4048 value=1.2071 entropy=1.3440 mean_return=0.523 mean_len=78.9
[gat-train] update=1624 samples=32480 fps=13.1 loss=47.1403 actor=5.1981 value=41.9574 entropy=1.5211 mean_return=0.515 mean_len=79.0
[gat-train] update=1625 samples=32500 fps=13.1 loss=0.4422 actor=0.0309 value=0.4253 entropy=1.3914 mean_return=0.515 mean_len=79.0
[gat-train] update=1626 samples=32520 fps=13.1 loss=0.4775 actor=-0.2462 value=0.7372 entropy=1.3483 mean_return=0.515 mean_len=79.0
[gat-train] update=1627 samples=32540 fps=13.1 loss=0.4060 actor=-0.0849 value=0.5094 entropy=1.8597 mean_return=0.515 mean_len=79.0
[gat-train] update=1628 samples=32560 fps=13.1 loss=42.1142 actor=4.4294 value=37.6986 entropy=1.3930 mean_return=0.496 mean_len=79.1
[gat-train] update=1629 samples=32580 fps=13.1 loss=-0.0361 actor=-0.4179 value=0.4004 entropy=1.8597 mean_return=0.496 mean_len=79.1
[gat-train] update=1630 samples=32600 fps=13.1 loss=0.8085 actor=-0.5987 value=1.4220 entropy=1.4778 mean_return=0.496 mean_len=79.1
[gat-train] update=1631 samples=32620 fps=13.1 loss=0.0584 actor=-0.2373 value=0.3122 entropy=1.6498 mean_return=0.496 mean_len=79.1
[gat-train] update=1632 samples=32640 fps=13.1 loss=-0.2234 actor=-0.7236 value=0.5192 entropy=1.8985 mean_return=0.496 mean_len=79.1
[gat-train] update=1633 samples=32660 fps=13.1 loss=0.9420 actor=0.1543 value=0.8024 entropy=1.4687 mean_return=0.496 mean_len=79.1
[gat-train] update=1634 samples=32680 fps=13.1 loss=-0.3889 actor=-2.1874 value=1.8179 entropy=1.9325 mean_return=0.496 mean_len=79.1
[gat-train] update=1635 samples=32700 fps=13.1 loss=0.9388 actor=-1.6284 value=2.5906 entropy=2.3420 mean_return=0.496 mean_len=79.1
[gat-train] update=1636 samples=32720 fps=13.1 loss=8.0415 actor=2.7677 value=5.2937 entropy=1.9960 mean_return=0.496 mean_len=79.1
[gat-train] update=1637 samples=32740 fps=13.1 loss=60.9809 actor=9.6160 value=51.3835 entropy=1.8621 mean_return=0.521 mean_len=79.0
[gat-train] update=1638 samples=32760 fps=13.1 loss=48.8243 actor=4.9542 value=43.8865 entropy=1.6467 mean_return=0.527 mean_len=79.0
[gat-train] update=1639 samples=32780 fps=13.1 loss=2.2329 actor=0.1229 value=2.1260 entropy=1.5949 mean_return=0.527 mean_len=79.0
[gat-train] update=1640 samples=32800 fps=13.1 loss=63.3408 actor=5.5000 value=57.8577 entropy=1.6877 mean_return=0.506 mean_len=79.1
[gat-train] update=1641 samples=32820 fps=13.1 loss=3.0517 actor=-1.0802 value=4.1528 entropy=2.0788 mean_return=0.506 mean_len=79.1
[gat-train] update=1642 samples=32840 fps=13.1 loss=0.9514 actor=-0.1195 value=1.0845 entropy=1.3654 mean_return=0.506 mean_len=79.1
[gat-train] update=1643 samples=32860 fps=13.1 loss=56.8033 actor=7.8335 value=48.9912 entropy=2.1406 mean_return=0.544 mean_len=78.9
[gat-train] update=1644 samples=32880 fps=13.1 loss=2.8670 actor=-1.1453 value=4.0267 entropy=1.4398 mean_return=0.544 mean_len=78.9
[gat-train] update=1645 samples=32900 fps=13.1 loss=-0.3343 actor=-0.6322 value=0.3143 entropy=1.6491 mean_return=0.544 mean_len=78.9
[gat-train] update=1646 samples=32920 fps=13.1 loss=0.4569 actor=0.0697 value=0.4008 entropy=1.3567 mean_return=0.544 mean_len=78.9
[gat-train] update=1647 samples=32940 fps=13.1 loss=0.4004 actor=-1.0856 value=1.5020 entropy=1.5922 mean_return=0.544 mean_len=78.9
[gat-train] update=1648 samples=32960 fps=13.1 loss=0.1968 actor=-0.1839 value=0.3944 entropy=1.3684 mean_return=0.544 mean_len=78.9
[gat-train] update=1649 samples=32980 fps=13.1 loss=-0.0033 actor=-0.9564 value=0.9676 entropy=1.4437 mean_return=0.544 mean_len=78.9
[gat-train] update=1650 samples=33000 fps=13.1 loss=-0.4670 actor=-1.1651 value=0.7114 entropy=1.3394 mean_return=0.544 mean_len=78.9
[gat-train] eval update=1650 comp_score=89.26 best=92.32
[gat-train] update=1651 samples=33020 fps=13.1 loss=0.3160 actor=-0.8265 value=1.1551 entropy=1.2519 mean_return=0.544 mean_len=78.9
[gat-train] update=1652 samples=33040 fps=13.1 loss=-0.1114 actor=-0.4909 value=0.3985 entropy=1.9014 mean_return=0.544 mean_len=78.9
[gat-train] update=1653 samples=33060 fps=13.1 loss=1.8551 actor=0.6696 value=1.2031 entropy=1.7630 mean_return=0.544 mean_len=78.9
[gat-train] update=1654 samples=33080 fps=13.1 loss=32.3809 actor=4.2380 value=28.1591 entropy=1.6162 mean_return=0.504 mean_len=79.2
[gat-train] update=1655 samples=33100 fps=13.1 loss=15.6962 actor=2.3566 value=13.3527 entropy=1.3042 mean_return=0.496 mean_len=79.2
[gat-train] update=1656 samples=33120 fps=13.1 loss=0.0898 actor=-0.9066 value=1.0088 entropy=1.2405 mean_return=0.496 mean_len=79.2
[gat-train] update=1657 samples=33140 fps=13.1 loss=1.4935 actor=0.3001 value=1.2112 entropy=1.7728 mean_return=0.496 mean_len=79.2
[gat-train] update=1658 samples=33160 fps=13.1 loss=56.7572 actor=7.0462 value=49.7272 entropy=1.6231 mean_return=0.488 mean_len=79.3
[gat-train] update=1659 samples=33180 fps=13.1 loss=7.9454 actor=0.9076 value=7.0527 entropy=1.4908 mean_return=0.488 mean_len=79.3
[gat-train] update=1660 samples=33200 fps=13.1 loss=15.8813 actor=2.2346 value=13.6604 entropy=1.3733 mean_return=0.480 mean_len=79.6
[gat-train] update=1661 samples=33220 fps=13.1 loss=1.0968 actor=0.2452 value=0.8656 entropy=1.3947 mean_return=0.480 mean_len=79.6
[gat-train] update=1662 samples=33240 fps=13.1 loss=0.0636 actor=-0.2287 value=0.3096 entropy=1.7285 mean_return=0.480 mean_len=79.6
[gat-train] update=1663 samples=33260 fps=13.1 loss=-0.2323 actor=-0.4956 value=0.2814 entropy=1.7974 mean_return=0.480 mean_len=79.6
[gat-train] update=1664 samples=33280 fps=13.1 loss=-0.2778 actor=-0.7109 value=0.4539 entropy=2.0776 mean_return=0.480 mean_len=79.6
[gat-train] update=1665 samples=33300 fps=13.1 loss=-0.6394 actor=-2.0223 value=1.4058 entropy=2.2882 mean_return=0.480 mean_len=79.6
[gat-train] update=1666 samples=33320 fps=13.1 loss=-0.4035 actor=-0.7172 value=0.3351 entropy=2.1416 mean_return=0.480 mean_len=79.6
[gat-train] update=1667 samples=33340 fps=13.1 loss=-0.6997 actor=-3.1756 value=2.5013 entropy=2.5404 mean_return=0.480 mean_len=79.6
[gat-train] update=1668 samples=33360 fps=13.1 loss=-0.0467 actor=-3.3196 value=3.2990 entropy=2.6219 mean_return=0.480 mean_len=79.6
[gat-train] update=1669 samples=33380 fps=13.1 loss=0.0876 actor=-1.3793 value=1.4934 entropy=2.6487 mean_return=0.480 mean_len=79.6
[gat-train] update=1670 samples=33400 fps=13.1 loss=70.4277 actor=10.9019 value=59.5533 entropy=2.7456 mean_return=0.487 mean_len=79.6
[gat-train] update=1671 samples=33420 fps=13.1 loss=19.8086 actor=2.8270 value=17.0085 entropy=2.6916 mean_return=0.494 mean_len=79.9
[gat-train] update=1672 samples=33440 fps=13.1 loss=1.2287 actor=-0.1276 value=1.3844 entropy=2.8054 mean_return=0.494 mean_len=79.9
[gat-train] update=1673 samples=33460 fps=13.1 loss=4.7919 actor=2.9705 value=1.8505 entropy=2.9109 mean_return=0.494 mean_len=79.9
[gat-train] update=1674 samples=33480 fps=13.1 loss=50.7248 actor=7.8841 value=42.8674 entropy=2.6657 mean_return=0.505 mean_len=79.6
[gat-train] update=1675 samples=33500 fps=13.1 loss=28.4474 actor=2.5054 value=25.9676 entropy=2.5653 mean_return=0.517 mean_len=79.5
[gat-train] update=1676 samples=33520 fps=13.1 loss=3.8036 actor=1.7175 value=2.1163 entropy=3.0193 mean_return=0.517 mean_len=79.5
[gat-train] update=1677 samples=33540 fps=13.1 loss=0.0663 actor=-1.6492 value=1.7469 entropy=3.1508 mean_return=0.517 mean_len=79.5
[gat-train] update=1678 samples=33560 fps=13.1 loss=-1.3082 actor=-2.0284 value=0.7513 entropy=3.1038 mean_return=0.517 mean_len=79.5
[gat-train] update=1679 samples=33580 fps=13.1 loss=-0.2241 actor=-0.7898 value=0.5988 entropy=3.2995 mean_return=0.517 mean_len=79.5
[gat-train] update=1680 samples=33600 fps=13.1 loss=-0.0714 actor=-0.8360 value=0.7986 entropy=3.4082 mean_return=0.517 mean_len=79.5
[gat-train] update=1681 samples=33620 fps=13.1 loss=1.1354 actor=-0.5791 value=1.7487 entropy=3.4249 mean_return=0.517 mean_len=79.5
[gat-train] update=1682 samples=33640 fps=13.1 loss=21.1342 actor=0.2632 value=20.9042 entropy=3.3166 mean_return=0.538 mean_len=79.0
[gat-train] update=1683 samples=33660 fps=13.1 loss=1.3127 actor=0.0662 value=1.2820 entropy=3.5504 mean_return=0.538 mean_len=79.0
[gat-train] update=1684 samples=33680 fps=13.1 loss=-1.0451 actor=-3.3475 value=2.3361 entropy=3.3684 mean_return=0.538 mean_len=79.0
[gat-train] update=1685 samples=33700 fps=13.1 loss=3.1687 actor=1.7805 value=1.4185 entropy=3.0296 mean_return=0.538 mean_len=79.0
[gat-train] update=1686 samples=33720 fps=13.1 loss=14.9523 actor=0.6663 value=14.3180 entropy=3.2113 mean_return=0.556 mean_len=78.7
[gat-train] update=1687 samples=33740 fps=13.1 loss=-0.2067 actor=-1.1638 value=0.9907 entropy=3.3639 mean_return=0.556 mean_len=78.7
[gat-train] update=1688 samples=33760 fps=13.1 loss=5.4936 actor=3.5560 value=1.9666 entropy=2.8968 mean_return=0.556 mean_len=78.7
[gat-train] update=1689 samples=33780 fps=13.1 loss=17.1861 actor=2.0117 value=15.2052 entropy=3.0778 mean_return=0.540 mean_len=78.7
[gat-train] update=1690 samples=33800 fps=13.1 loss=44.2258 actor=6.5424 value=37.7157 entropy=3.2294 mean_return=0.544 mean_len=78.5
[gat-train] update=1691 samples=33820 fps=13.1 loss=0.1693 actor=-0.4068 value=0.6101 entropy=3.4095 mean_return=0.544 mean_len=78.5
[gat-train] update=1692 samples=33840 fps=13.1 loss=-0.0515 actor=-2.4801 value=2.4632 entropy=3.4520 mean_return=0.544 mean_len=78.5
[gat-train] update=1693 samples=33860 fps=13.1 loss=1.6359 actor=1.0201 value=0.6521 entropy=3.6273 mean_return=0.544 mean_len=78.5
[gat-train] update=1694 samples=33880 fps=13.1 loss=0.0733 actor=-1.3432 value=1.4524 entropy=3.5840 mean_return=0.544 mean_len=78.5
[gat-train] update=1695 samples=33900 fps=13.1 loss=57.5201 actor=8.9253 value=48.6289 entropy=3.4208 mean_return=0.565 mean_len=78.3
[gat-train] update=1696 samples=33920 fps=13.1 loss=2.2831 actor=-2.7712 value=5.0901 entropy=3.5710 mean_return=0.565 mean_len=78.3
[gat-train] update=1697 samples=33940 fps=13.1 loss=-0.4007 actor=-1.3436 value=0.9807 entropy=3.7810 mean_return=0.565 mean_len=78.3
[gat-train] update=1698 samples=33960 fps=13.1 loss=1.7119 actor=-0.2270 value=1.9756 entropy=3.6700 mean_return=0.565 mean_len=78.3
[gat-train] update=1699 samples=33980 fps=13.1 loss=70.7461 actor=11.3808 value=59.4014 entropy=3.6082 mean_return=0.571 mean_len=77.9
[gat-train] update=1700 samples=34000 fps=13.1 loss=4.4847 actor=-3.5563 value=8.0759 entropy=3.4950 mean_return=0.571 mean_len=77.9
[gat-train] eval update=1700 comp_score=92.32 best=92.32
[gat-train] update=1701 samples=34020 fps=13.1 loss=2.0358 actor=0.7248 value=1.3476 entropy=3.6519 mean_return=0.571 mean_len=77.9
[gat-train] update=1702 samples=34040 fps=13.1 loss=27.1991 actor=4.3815 value=22.8529 entropy=3.5238 mean_return=0.566 mean_len=77.7
[gat-train] update=1703 samples=34060 fps=13.1 loss=2.7793 actor=1.6550 value=1.1613 entropy=3.7021 mean_return=0.566 mean_len=77.7
[gat-train] update=1704 samples=34080 fps=13.1 loss=34.6349 actor=4.3684 value=30.3018 entropy=3.5398 mean_return=0.557 mean_len=77.7
[gat-train] update=1705 samples=34100 fps=13.1 loss=0.0192 actor=-0.4771 value=0.5349 entropy=3.8648 mean_return=0.557 mean_len=77.7
[gat-train] update=1706 samples=34120 fps=13.1 loss=-1.3353 actor=-2.4575 value=1.1620 entropy=3.9771 mean_return=0.557 mean_len=77.7
[gat-train] update=1707 samples=34140 fps=13.1 loss=-1.0066 actor=-2.6052 value=1.6388 entropy=4.0243 mean_return=0.557 mean_len=77.7
[gat-train] update=1708 samples=34160 fps=13.1 loss=39.7006 actor=4.0948 value=35.6445 entropy=3.8662 mean_return=0.545 mean_len=77.4
[gat-train] update=1709 samples=34180 fps=13.1 loss=6.3232 actor=3.8168 value=2.5467 entropy=4.0288 mean_return=0.545 mean_len=77.4
[gat-train] update=1710 samples=34200 fps=13.1 loss=-0.9532 actor=-1.9649 value=1.0487 entropy=3.6984 mean_return=0.545 mean_len=77.4
[gat-train] update=1711 samples=34220 fps=13.1 loss=-1.4406 actor=-1.9434 value=0.5386 entropy=3.5750 mean_return=0.545 mean_len=77.4
[gat-train] update=1712 samples=34240 fps=13.1 loss=54.0009 actor=8.2439 value=45.7941 entropy=3.7042 mean_return=0.560 mean_len=77.1
[gat-train] update=1713 samples=34260 fps=13.1 loss=0.2613 actor=-1.7464 value=2.0449 entropy=3.7243 mean_return=0.560 mean_len=77.1
[gat-train] update=1714 samples=34280 fps=13.1 loss=-0.3722 actor=-2.8550 value=2.5213 entropy=3.8500 mean_return=0.560 mean_len=77.1
[gat-train] update=1715 samples=34300 fps=13.1 loss=34.5667 actor=4.2566 value=30.3473 entropy=3.7114 mean_return=0.580 mean_len=76.8
[gat-train] update=1716 samples=34320 fps=13.1 loss=3.8854 actor=2.7319 value=1.1903 entropy=3.6739 mean_return=0.580 mean_len=76.8
[gat-train] update=1717 samples=34340 fps=13.1 loss=1.2327 actor=-1.1055 value=2.3729 entropy=3.4736 mean_return=0.580 mean_len=76.8
[gat-train] update=1718 samples=34360 fps=13.1 loss=24.5125 actor=1.7458 value=22.8007 entropy=3.3961 mean_return=0.563 mean_len=76.7
[gat-train] update=1719 samples=34380 fps=13.1 loss=0.1505 actor=-0.8273 value=1.0158 entropy=3.8059 mean_return=0.563 mean_len=76.7
[gat-train] update=1720 samples=34400 fps=13.1 loss=3.8250 actor=1.8194 value=2.0436 entropy=3.7980 mean_return=0.563 mean_len=76.7
[gat-train] update=1721 samples=34420 fps=13.1 loss=2.6428 actor=0.3595 value=2.3200 entropy=3.6657 mean_return=0.563 mean_len=76.7
[gat-train] update=1722 samples=34440 fps=13.1 loss=52.3969 actor=8.0808 value=44.3513 entropy=3.5202 mean_return=0.571 mean_len=76.6
[gat-train] update=1723 samples=34460 fps=13.1 loss=7.5329 actor=3.0752 value=4.4947 entropy=3.6927 mean_return=0.571 mean_len=76.6
[gat-train] update=1724 samples=34480 fps=13.1 loss=4.6428 actor=2.1538 value=2.5246 entropy=3.5621 mean_return=0.571 mean_len=76.6
[gat-train] update=1725 samples=34500 fps=13.1 loss=48.1331 actor=6.6757 value=41.4906 entropy=3.3177 mean_return=0.589 mean_len=76.4
[gat-train] update=1726 samples=34520 fps=13.1 loss=-1.1557 actor=-2.4322 value=1.3101 entropy=3.3610 mean_return=0.589 mean_len=76.4
[gat-train] update=1727 samples=34540 fps=13.1 loss=3.8849 actor=1.2436 value=2.6770 entropy=3.5735 mean_return=0.589 mean_len=76.4
[gat-train] update=1728 samples=34560 fps=13.1 loss=61.7483 actor=10.0412 value=51.7420 entropy=3.4992 mean_return=0.610 mean_len=76.2
[gat-train] update=1729 samples=34580 fps=13.1 loss=0.7139 actor=-2.2755 value=3.0235 entropy=3.4072 mean_return=0.610 mean_len=76.2
[gat-train] update=1730 samples=34600 fps=13.1 loss=64.0563 actor=9.8651 value=54.2267 entropy=3.5539 mean_return=0.619 mean_len=76.1
[gat-train] update=1731 samples=34620 fps=13.1 loss=4.4242 actor=-0.1245 value=4.5817 entropy=3.2973 mean_return=0.619 mean_len=76.1
[gat-train] update=1732 samples=34640 fps=13.1 loss=0.5571 actor=-0.4488 value=1.0395 entropy=3.3581 mean_return=0.619 mean_len=76.1
[gat-train] update=1733 samples=34660 fps=13.1 loss=5.7010 actor=-2.8069 value=8.5408 entropy=3.2930 mean_return=0.619 mean_len=76.1
[gat-train] update=1734 samples=34680 fps=13.1 loss=2.4254 actor=-0.2850 value=2.7455 entropy=3.5103 mean_return=0.619 mean_len=76.1
[gat-train] update=1735 samples=34700 fps=13.1 loss=43.9096 actor=4.1136 value=39.8311 entropy=3.5104 mean_return=0.617 mean_len=75.9
[gat-train] update=1736 samples=34720 fps=13.1 loss=2.6407 actor=1.5162 value=1.1606 entropy=3.6034 mean_return=0.617 mean_len=75.9
[gat-train] update=1737 samples=34740 fps=13.1 loss=2.8206 actor=1.7502 value=1.1060 entropy=3.5638 mean_return=0.617 mean_len=75.9
[gat-train] update=1738 samples=34760 fps=13.1 loss=4.9746 actor=1.2967 value=3.7119 entropy=3.4004 mean_return=0.617 mean_len=75.9
[gat-train] update=1739 samples=34780 fps=13.1 loss=36.5714 actor=4.7312 value=31.8739 entropy=3.3639 mean_return=0.623 mean_len=75.8
[gat-train] update=1740 samples=34800 fps=13.1 loss=-1.2827 actor=-3.1056 value=1.8584 entropy=3.5489 mean_return=0.623 mean_len=75.8
[gat-train] update=1741 samples=34820 fps=13.1 loss=-0.0622 actor=-0.4640 value=0.4388 entropy=3.6947 mean_return=0.623 mean_len=75.8
[gat-train] update=1742 samples=34840 fps=13.1 loss=55.2635 actor=9.1257 value=46.1711 entropy=3.3404 mean_return=0.621 mean_len=75.6
[gat-train] update=1743 samples=34860 fps=13.1 loss=4.3976 actor=-1.4681 value=5.8972 entropy=3.1448 mean_return=0.621 mean_len=75.6
[gat-train] update=1744 samples=34880 fps=13.1 loss=41.3964 actor=5.7307 value=35.6993 entropy=3.3578 mean_return=0.619 mean_len=75.4
[gat-train] update=1745 samples=34900 fps=13.1 loss=0.7377 actor=-0.6320 value=1.4040 entropy=3.4312 mean_return=0.619 mean_len=75.4
[gat-train] update=1746 samples=34920 fps=13.1 loss=-1.1474 actor=-2.3764 value=1.2633 entropy=3.4268 mean_return=0.619 mean_len=75.4
[gat-train] update=1747 samples=34940 fps=13.1 loss=1.4272 actor=0.4034 value=1.0591 entropy=3.5325 mean_return=0.619 mean_len=75.4
[gat-train] update=1748 samples=34960 fps=13.1 loss=1.1790 actor=-0.1541 value=1.3675 entropy=3.4416 mean_return=0.619 mean_len=75.4
[gat-train] update=1749 samples=34980 fps=13.1 loss=26.5574 actor=4.0771 value=22.5154 entropy=3.5086 mean_return=0.617 mean_len=75.3
[gat-train] update=1750 samples=35000 fps=13.1 loss=-0.9386 actor=-2.0376 value=1.1357 entropy=3.6712 mean_return=0.617 mean_len=75.3
[gat-train] eval update=1750 comp_score=89.99 best=92.32
[gat-train] update=1751 samples=35020 fps=13.1 loss=1.7975 actor=0.8937 value=0.9374 entropy=3.3575 mean_return=0.617 mean_len=75.3
[gat-train] update=1752 samples=35040 fps=13.1 loss=32.5820 actor=1.3803 value=31.2345 entropy=3.2759 mean_return=0.615 mean_len=75.1
[gat-train] update=1753 samples=35060 fps=13.1 loss=-0.2406 actor=-3.8196 value=3.6155 entropy=3.6429 mean_return=0.615 mean_len=75.1
[gat-train] update=1754 samples=35080 fps=13.1 loss=0.8889 actor=-1.6578 value=2.5822 entropy=3.5534 mean_return=0.615 mean_len=75.1
[gat-train] update=1755 samples=35100 fps=13.1 loss=0.3230 actor=-0.9724 value=1.3310 entropy=3.5524 mean_return=0.615 mean_len=75.1
[gat-train] update=1756 samples=35120 fps=13.1 loss=1.5836 actor=-0.4706 value=2.0887 entropy=3.4529 mean_return=0.615 mean_len=75.1
[gat-train] update=1757 samples=35140 fps=13.1 loss=40.3099 actor=4.2113 value=36.1319 entropy=3.3266 mean_return=0.573 mean_len=75.1
[gat-train] update=1758 samples=35160 fps=13.1 loss=0.5326 actor=-1.0655 value=1.6343 entropy=3.6203 mean_return=0.573 mean_len=75.1
[gat-train] update=1759 samples=35180 fps=13.1 loss=42.2632 actor=3.3052 value=38.9939 entropy=3.5790 mean_return=0.565 mean_len=75.1
[gat-train] update=1760 samples=35200 fps=13.1 loss=3.0793 actor=1.7639 value=1.3531 entropy=3.7729 mean_return=0.565 mean_len=75.1
[gat-train] update=1761 samples=35220 fps=13.1 loss=4.8647 actor=0.5329 value=4.3684 entropy=3.6646 mean_return=0.565 mean_len=75.1
[gat-train] update=1762 samples=35240 fps=13.1 loss=0.7968 actor=-1.6230 value=2.4525 entropy=3.2811 mean_return=0.565 mean_len=75.1
[gat-train] update=1763 samples=35260 fps=13.1 loss=44.3359 actor=4.9771 value=39.3914 entropy=3.2582 mean_return=0.599 mean_len=74.9
[gat-train] update=1764 samples=35280 fps=13.1 loss=1.1620 actor=-4.7452 value=5.9424 entropy=3.5190 mean_return=0.599 mean_len=74.9
[gat-train] update=1765 samples=35300 fps=13.1 loss=5.9125 actor=3.0731 value=2.8765 entropy=3.7162 mean_return=0.599 mean_len=74.9
[gat-train] update=1766 samples=35320 fps=13.1 loss=1.0863 actor=-0.2622 value=1.3812 entropy=3.2710 mean_return=0.599 mean_len=74.9
[gat-train] update=1767 samples=35340 fps=13.1 loss=46.9354 actor=5.6492 value=41.3206 entropy=3.4368 mean_return=0.551 mean_len=74.8
[gat-train] update=1768 samples=35360 fps=13.1 loss=0.6144 actor=-0.6224 value=1.2710 entropy=3.4172 mean_return=0.551 mean_len=74.8
[gat-train] update=1769 samples=35380 fps=13.1 loss=0.9711 actor=-0.3743 value=1.3791 entropy=3.3718 mean_return=0.551 mean_len=74.8
[gat-train] update=1770 samples=35400 fps=13.1 loss=32.6788 actor=2.5009 value=30.2131 entropy=3.5214 mean_return=0.548 mean_len=74.6
[gat-train] update=1771 samples=35420 fps=13.1 loss=4.8113 actor=1.2018 value=3.6477 entropy=3.8256 mean_return=0.548 mean_len=74.6
[gat-train] update=1772 samples=35440 fps=13.1 loss=12.6837 actor=-0.4454 value=13.1671 entropy=3.7994 mean_return=0.555 mean_len=74.1
[gat-train] update=1773 samples=35460 fps=13.1 loss=0.2756 actor=-0.0764 value=0.3930 entropy=4.0958 mean_return=0.555 mean_len=74.1
[gat-train] update=1774 samples=35480 fps=13.1 loss=-0.8832 actor=-1.1773 value=0.3344 entropy=4.0337 mean_return=0.555 mean_len=74.1
[gat-train] update=1775 samples=35500 fps=13.1 loss=-0.0367 actor=-1.2042 value=1.2054 entropy=3.7942 mean_return=0.555 mean_len=74.1
[gat-train] update=1776 samples=35520 fps=13.1 loss=-0.0971 actor=-1.2422 value=1.1828 entropy=3.7655 mean_return=0.555 mean_len=74.1
[gat-train] update=1777 samples=35540 fps=13.1 loss=57.4403 actor=7.8283 value=49.6478 entropy=3.5806 mean_return=0.526 mean_len=74.0
[gat-train] update=1778 samples=35560 fps=13.1 loss=3.7385 actor=-1.1144 value=4.8875 entropy=3.4564 mean_return=0.526 mean_len=74.0
[gat-train] update=1779 samples=35580 fps=13.1 loss=50.9370 actor=5.3924 value=45.5794 entropy=3.4736 mean_return=0.497 mean_len=73.7
[gat-train] update=1780 samples=35600 fps=13.1 loss=4.1028 actor=-0.2595 value=4.4000 entropy=3.7705 mean_return=0.497 mean_len=73.7
[gat-train] update=1781 samples=35620 fps=13.1 loss=2.2041 actor=0.6930 value=1.5489 entropy=3.7770 mean_return=0.497 mean_len=73.7
[gat-train] update=1782 samples=35640 fps=13.1 loss=8.7088 actor=3.2006 value=5.5437 entropy=3.5503 mean_return=0.497 mean_len=73.7
[gat-train] update=1783 samples=35660 fps=13.1 loss=0.6785 actor=-2.3656 value=3.0765 entropy=3.2412 mean_return=0.497 mean_len=73.7
[gat-train] update=1784 samples=35680 fps=13.1 loss=86.2719 actor=11.3976 value=74.9081 entropy=3.3916 mean_return=0.479 mean_len=73.1
[gat-train] update=1785 samples=35700 fps=13.1 loss=4.1062 actor=-1.3334 value=5.4764 entropy=3.6812 mean_return=0.479 mean_len=73.1
[gat-train] update=1786 samples=35720 fps=13.1 loss=2.5117 actor=-1.4629 value=4.0133 entropy=3.8692 mean_return=0.479 mean_len=73.1
[gat-train] update=1787 samples=35740 fps=13.1 loss=1.6332 actor=0.4651 value=1.2071 entropy=3.8889 mean_return=0.479 mean_len=73.1
[gat-train] update=1788 samples=35760 fps=13.1 loss=2.2464 actor=-0.7190 value=3.0029 entropy=3.7580 mean_return=0.479 mean_len=73.1
[gat-train] update=1789 samples=35780 fps=13.1 loss=1.5483 actor=-1.4789 value=3.0625 entropy=3.5342 mean_return=0.479 mean_len=73.1
[gat-train] update=1790 samples=35800 fps=13.1 loss=41.5127 actor=5.0711 value=36.4772 entropy=3.5591 mean_return=0.492 mean_len=72.7
[gat-train] update=1791 samples=35820 fps=13.1 loss=0.6735 actor=-1.4051 value=2.1141 entropy=3.5486 mean_return=0.492 mean_len=72.7
[gat-train] update=1792 samples=35840 fps=13.1 loss=1.4632 actor=-1.2577 value=2.7555 entropy=3.4600 mean_return=0.492 mean_len=72.7
[gat-train] update=1793 samples=35860 fps=13.1 loss=49.4355 actor=6.5559 value=42.9147 entropy=3.5178 mean_return=0.480 mean_len=72.5
[gat-train] update=1794 samples=35880 fps=13.1 loss=0.7326 actor=0.2170 value=0.5506 entropy=3.4983 mean_return=0.480 mean_len=72.5
[gat-train] update=1795 samples=35900 fps=13.1 loss=5.0666 actor=2.6407 value=2.4618 entropy=3.5868 mean_return=0.480 mean_len=72.5
[gat-train] update=1796 samples=35920 fps=13.1 loss=93.4590 actor=15.8448 value=77.6487 entropy=3.4538 mean_return=0.546 mean_len=71.5
[gat-train] update=1797 samples=35940 fps=13.1 loss=2.3042 actor=-1.1947 value=3.5348 entropy=3.5884 mean_return=0.546 mean_len=71.5
[gat-train] update=1798 samples=35960 fps=13.1 loss=0.0188 actor=-0.9574 value=1.0140 entropy=3.7827 mean_return=0.546 mean_len=71.5
[gat-train] update=1799 samples=35980 fps=13.1 loss=1.1243 actor=0.7928 value=0.3684 entropy=3.6953 mean_return=0.546 mean_len=71.5
[gat-train] update=1800 samples=36000 fps=13.1 loss=0.8412 actor=0.3092 value=0.5679 entropy=3.5867 mean_return=0.546 mean_len=71.5
[gat-train] eval update=1800 comp_score=89.99 best=92.32
[gat-train] update=1801 samples=36020 fps=13.1 loss=2.8704 actor=1.2671 value=1.6371 entropy=3.3749 mean_return=0.546 mean_len=71.5
[gat-train] update=1802 samples=36040 fps=13.1 loss=0.3380 actor=-3.6191 value=3.9890 entropy=3.1986 mean_return=0.546 mean_len=71.5
[gat-train] update=1803 samples=36060 fps=13.1 loss=0.3145 actor=-0.4232 value=0.7719 entropy=3.4172 mean_return=0.546 mean_len=71.5
[gat-train] update=1804 samples=36080 fps=13.1 loss=14.3546 actor=0.1192 value=14.2697 entropy=3.4297 mean_return=0.552 mean_len=71.1
[gat-train] update=1805 samples=36100 fps=13.1 loss=0.1634 actor=-1.8937 value=2.0926 entropy=3.5396 mean_return=0.552 mean_len=71.1
[gat-train] update=1806 samples=36120 fps=13.1 loss=-1.2924 actor=-3.7358 value=2.4775 entropy=3.4159 mean_return=0.552 mean_len=71.1
[gat-train] update=1807 samples=36140 fps=13.1 loss=51.6407 actor=8.3262 value=43.3487 entropy=3.4257 mean_return=0.566 mean_len=70.9
[gat-train] update=1808 samples=36160 fps=13.1 loss=2.5650 actor=-2.0200 value=4.6164 entropy=3.1387 mean_return=0.566 mean_len=70.9
[gat-train] update=1809 samples=36180 fps=13.1 loss=0.7117 actor=-0.5533 value=1.2955 entropy=3.0432 mean_return=0.566 mean_len=70.9
[gat-train] update=1810 samples=36200 fps=13.1 loss=50.2372 actor=6.6184 value=43.6496 entropy=3.0815 mean_return=0.556 mean_len=70.3
[gat-train] update=1811 samples=36220 fps=13.1 loss=0.0731 actor=-0.4850 value=0.5926 entropy=3.4501 mean_return=0.556 mean_len=70.3
[gat-train] update=1812 samples=36240 fps=13.1 loss=0.8464 actor=0.4212 value=0.4621 entropy=3.6836 mean_return=0.556 mean_len=70.3
[gat-train] update=1813 samples=36260 fps=13.1 loss=-0.8886 actor=-1.3291 value=0.4767 entropy=3.6256 mean_return=0.556 mean_len=70.3
[gat-train] update=1814 samples=36280 fps=13.1 loss=-0.8509 actor=-1.4842 value=0.6689 entropy=3.5635 mean_return=0.556 mean_len=70.3
[gat-train] update=1815 samples=36300 fps=13.1 loss=1.1505 actor=-0.4597 value=1.6455 entropy=3.5252 mean_return=0.556 mean_len=70.3
[gat-train] update=1816 samples=36320 fps=13.1 loss=2.5393 actor=-0.6510 value=3.2251 entropy=3.4734 mean_return=0.556 mean_len=70.3
[gat-train] update=1817 samples=36340 fps=13.1 loss=27.5581 actor=4.0774 value=23.5150 entropy=3.4231 mean_return=0.583 mean_len=70.0
[gat-train] update=1818 samples=36360 fps=13.1 loss=0.0193 actor=-1.7247 value=1.7792 entropy=3.5219 mean_return=0.583 mean_len=70.0
[gat-train] update=1819 samples=36380 fps=13.1 loss=-0.3264 actor=-1.3848 value=1.0940 entropy=3.5529 mean_return=0.583 mean_len=70.0
[gat-train] update=1820 samples=36400 fps=13.1 loss=2.4746 actor=0.7253 value=1.7844 entropy=3.5058 mean_return=0.583 mean_len=70.0
[gat-train] update=1821 samples=36420 fps=13.1 loss=55.4546 actor=10.1634 value=45.3246 entropy=3.3336 mean_return=0.573 mean_len=69.8
[gat-train] update=1822 samples=36440 fps=13.1 loss=4.0524 actor=0.9417 value=3.1412 entropy=3.0541 mean_return=0.573 mean_len=69.8
[gat-train] update=1823 samples=36460 fps=13.1 loss=75.9926 actor=11.9978 value=64.0272 entropy=3.2444 mean_return=0.619 mean_len=69.2
[gat-train] update=1824 samples=36480 fps=13.1 loss=4.1400 actor=-2.1045 value=6.2774 entropy=3.2872 mean_return=0.619 mean_len=69.2
[gat-train] update=1825 samples=36500 fps=13.1 loss=0.3344 actor=0.1448 value=0.2244 entropy=3.4796 mean_return=0.619 mean_len=69.2
[gat-train] update=1826 samples=36520 fps=13.1 loss=0.7862 actor=-0.9198 value=1.7405 entropy=3.4552 mean_return=0.619 mean_len=69.2
[gat-train] update=1827 samples=36540 fps=13.1 loss=0.0048 actor=-0.3575 value=0.3968 entropy=3.4479 mean_return=0.619 mean_len=69.2
[gat-train] update=1828 samples=36560 fps=13.1 loss=-0.9594 actor=-1.5984 value=0.6731 entropy=3.4104 mean_return=0.619 mean_len=69.2
[gat-train] update=1829 samples=36580 fps=13.1 loss=1.2991 actor=0.3388 value=0.9942 entropy=3.3816 mean_return=0.619 mean_len=69.2
[gat-train] update=1830 samples=36600 fps=13.1 loss=1.1205 actor=-1.4108 value=2.5619 entropy=3.0581 mean_return=0.619 mean_len=69.2
[gat-train] update=1831 samples=36620 fps=13.1 loss=46.3608 actor=5.4861 value=40.9035 entropy=2.8837 mean_return=0.602 mean_len=68.8
[gat-train] update=1832 samples=36640 fps=13.1 loss=-0.8204 actor=-2.1613 value=1.3700 entropy=2.9094 mean_return=0.602 mean_len=68.8
[gat-train] update=1833 samples=36660 fps=13.1 loss=3.4789 actor=2.1408 value=1.3680 entropy=2.9860 mean_return=0.602 mean_len=68.8
[gat-train] update=1834 samples=36680 fps=13.1 loss=1.1327 actor=-1.6682 value=2.8296 entropy=2.8593 mean_return=0.602 mean_len=68.8
[gat-train] update=1835 samples=36700 fps=13.1 loss=-0.1661 actor=-1.3232 value=1.1803 entropy=2.3201 mean_return=0.602 mean_len=68.8
[gat-train] update=1836 samples=36720 fps=13.1 loss=3.9434 actor=1.7923 value=2.1749 entropy=2.3810 mean_return=0.602 mean_len=68.8
[gat-train] update=1837 samples=36740 fps=13.1 loss=94.6643 actor=11.0976 value=83.5901 entropy=2.3495 mean_return=0.582 mean_len=68.3
[gat-train] update=1838 samples=36760 fps=13.1 loss=1.3734 actor=0.4411 value=0.9539 entropy=2.1586 mean_return=0.582 mean_len=68.3
[gat-train] update=1839 samples=36780 fps=13.1 loss=0.9271 actor=0.5667 value=0.3835 entropy=2.3052 mean_return=0.582 mean_len=68.3
[gat-train] update=1840 samples=36800 fps=13.1 loss=-0.2391 actor=-0.4895 value=0.2732 entropy=2.2785 mean_return=0.582 mean_len=68.3
[gat-train] update=1841 samples=36820 fps=13.1 loss=0.5491 actor=-0.0105 value=0.5754 entropy=1.5823 mean_return=0.582 mean_len=68.3
[gat-train] update=1842 samples=36840 fps=13.1 loss=-0.5429 actor=-0.7013 value=0.1791 entropy=2.0661 mean_return=0.582 mean_len=68.3
[gat-train] update=1843 samples=36860 fps=13.1 loss=-0.3012 actor=-1.1948 value=0.9148 entropy=2.1138 mean_return=0.582 mean_len=68.3
[gat-train] update=1844 samples=36880 fps=13.1 loss=-0.0250 actor=-0.2820 value=0.2744 entropy=1.7299 mean_return=0.582 mean_len=68.3
[gat-train] update=1845 samples=36900 fps=13.1 loss=-0.3107 actor=-0.7156 value=0.4234 entropy=1.8560 mean_return=0.582 mean_len=68.3
[gat-train] update=1846 samples=36920 fps=13.1 loss=-0.5543 actor=-1.2768 value=0.7407 entropy=1.8228 mean_return=0.582 mean_len=68.3
[gat-train] update=1847 samples=36940 fps=13.1 loss=59.5200 actor=9.2852 value=50.2541 entropy=1.9357 mean_return=0.572 mean_len=68.4
[gat-train] update=1848 samples=36960 fps=13.1 loss=2.8996 actor=-1.6762 value=4.5922 entropy=1.6423 mean_return=0.572 mean_len=68.4
[gat-train] update=1849 samples=36980 fps=13.1 loss=3.5131 actor=-3.6804 value=7.2100 entropy=1.6411 mean_return=0.572 mean_len=68.4
[gat-train] update=1850 samples=37000 fps=13.1 loss=1.0623 actor=-0.6633 value=1.7424 entropy=1.6708 mean_return=0.572 mean_len=68.4
[gat-train] eval update=1850 comp_score=89.26 best=92.32
[gat-train] update=1851 samples=37020 fps=13.1 loss=2.0127 actor=0.5093 value=1.5195 entropy=1.6038 mean_return=0.572 mean_len=68.4
[gat-train] update=1852 samples=37040 fps=13.1 loss=0.4791 actor=-1.3852 value=1.8796 entropy=1.5375 mean_return=0.572 mean_len=68.4
[gat-train] update=1853 samples=37060 fps=13.1 loss=106.4329 actor=10.5821 value=95.8662 entropy=1.5417 mean_return=0.495 mean_len=69.0
[gat-train] update=1854 samples=37080 fps=13.1 loss=19.2588 actor=1.7695 value=17.5008 entropy=1.1506 mean_return=0.484 mean_len=69.1
[gat-train] update=1855 samples=37100 fps=13.1 loss=1.1370 actor=0.2512 value=0.8973 entropy=1.1466 mean_return=0.484 mean_len=69.1
[gat-train] update=1856 samples=37120 fps=13.1 loss=0.8993 actor=0.4204 value=0.4908 entropy=1.1953 mean_return=0.484 mean_len=69.1
[gat-train] update=1857 samples=37140 fps=13.1 loss=-0.3506 actor=-0.6109 value=0.2764 entropy=1.6108 mean_return=0.484 mean_len=69.1
[gat-train] update=1858 samples=37160 fps=13.1 loss=0.0562 actor=-0.0496 value=0.1220 entropy=1.6255 mean_return=0.484 mean_len=69.1
[gat-train] update=1859 samples=37180 fps=13.1 loss=0.2408 actor=-0.7291 value=0.9842 entropy=1.4290 mean_return=0.484 mean_len=69.1
[gat-train] update=1860 samples=37200 fps=13.1 loss=0.9633 actor=-0.1576 value=1.1356 entropy=1.4693 mean_return=0.484 mean_len=69.1
[gat-train] update=1861 samples=37220 fps=13.1 loss=0.6311 actor=-1.3147 value=1.9595 entropy=1.3744 mean_return=0.484 mean_len=69.1
[gat-train] update=1862 samples=37240 fps=13.1 loss=1.1680 actor=0.2189 value=0.9653 entropy=1.6171 mean_return=0.484 mean_len=69.1
[gat-train] update=1863 samples=37260 fps=13.1 loss=0.2740 actor=-0.3749 value=0.6620 entropy=1.3134 mean_return=0.484 mean_len=69.1
[gat-train] update=1864 samples=37280 fps=13.1 loss=26.5469 actor=2.6713 value=23.8916 entropy=1.5942 mean_return=0.497 mean_len=69.3
[gat-train] update=1865 samples=37300 fps=13.1 loss=0.3316 actor=-0.3817 value=0.7276 entropy=1.4242 mean_return=0.497 mean_len=69.3
[gat-train] update=1866 samples=37320 fps=13.1 loss=1.1587 actor=0.1199 value=1.0548 entropy=1.6020 mean_return=0.497 mean_len=69.3
[gat-train] update=1867 samples=37340 fps=13.1 loss=0.2908 actor=-0.6641 value=0.9717 entropy=1.6830 mean_return=0.497 mean_len=69.3
[gat-train] update=1868 samples=37360 fps=13.1 loss=2.6446 actor=0.3517 value=2.3073 entropy=1.4397 mean_return=0.497 mean_len=69.3
[gat-train] update=1869 samples=37380 fps=13.1 loss=2.6959 actor=0.2986 value=2.4158 entropy=1.8539 mean_return=0.497 mean_len=69.3
[gat-train] update=1870 samples=37400 fps=13.1 loss=107.0230 actor=13.2611 value=93.7838 entropy=2.1791 mean_return=0.490 mean_len=69.8
[gat-train] update=1871 samples=37420 fps=13.1 loss=29.8455 actor=2.0727 value=27.7896 entropy=1.6863 mean_return=0.490 mean_len=70.2
[gat-train] update=1872 samples=37440 fps=13.1 loss=1.8433 actor=1.0509 value=0.8088 entropy=1.6414 mean_return=0.490 mean_len=70.2
[gat-train] update=1873 samples=37460 fps=13.1 loss=1.5819 actor=1.0680 value=0.5345 entropy=2.0480 mean_return=0.490 mean_len=70.2
[gat-train] update=1874 samples=37480 fps=13.1 loss=-0.1444 actor=-0.6421 value=0.5160 entropy=1.8344 mean_return=0.490 mean_len=70.2
[gat-train] update=1875 samples=37500 fps=13.1 loss=-0.3697 actor=-0.6041 value=0.2524 entropy=1.8043 mean_return=0.490 mean_len=70.2
[gat-train] update=1876 samples=37520 fps=13.1 loss=12.5340 actor=3.4982 value=9.0597 entropy=2.3868 mean_return=0.490 mean_len=70.2
[gat-train] update=1877 samples=37540 fps=13.1 loss=8.7801 actor=0.8320 value=7.9726 entropy=2.4461 mean_return=0.600 mean_len=69.5
[gat-train] update=1878 samples=37560 fps=13.1 loss=3.5673 actor=0.8154 value=2.7755 entropy=2.3611 mean_return=0.600 mean_len=69.5
[gat-train] update=1879 samples=37580 fps=13.1 loss=1.6579 actor=-1.7994 value=3.4860 entropy=2.8679 mean_return=0.600 mean_len=69.5
[gat-train] update=1880 samples=37600 fps=13.1 loss=54.3716 actor=6.2705 value=48.1289 entropy=2.7886 mean_return=0.612 mean_len=69.7
[gat-train] update=1881 samples=37620 fps=13.1 loss=-0.7411 actor=-1.2252 value=0.5132 entropy=2.9074 mean_return=0.612 mean_len=69.7
[gat-train] update=1882 samples=37640 fps=13.1 loss=0.9659 actor=-0.1050 value=1.1013 entropy=3.0471 mean_return=0.612 mean_len=69.7
[gat-train] update=1883 samples=37660 fps=13.1 loss=1.2394 actor=0.1790 value=1.0917 entropy=3.1314 mean_return=0.612 mean_len=69.7
[gat-train] update=1884 samples=37680 fps=13.1 loss=0.1553 actor=-1.6000 value=1.7848 entropy=2.9478 mean_return=0.612 mean_len=69.7
[gat-train] update=1885 samples=37700 fps=13.1 loss=49.1187 actor=6.9265 value=42.2214 entropy=2.9230 mean_return=0.602 mean_len=70.0
[gat-train] update=1886 samples=37720 fps=13.1 loss=37.5299 actor=4.0576 value=33.5014 entropy=2.9057 mean_return=0.568 mean_len=70.2
[gat-train] update=1887 samples=37740 fps=13.1 loss=1.0506 actor=-0.1436 value=1.2254 entropy=3.1223 mean_return=0.568 mean_len=70.2
[gat-train] update=1888 samples=37760 fps=13.1 loss=1.8666 actor=0.4621 value=1.4366 entropy=3.2063 mean_return=0.568 mean_len=70.2
[gat-train] update=1889 samples=37780 fps=13.1 loss=1.8281 actor=1.1320 value=0.7275 entropy=3.1351 mean_return=0.568 mean_len=70.2
[gat-train] update=1890 samples=37800 fps=13.1 loss=2.3172 actor=0.8133 value=1.5350 entropy=3.1143 mean_return=0.568 mean_len=70.2
[gat-train] update=1891 samples=37820 fps=13.1 loss=51.9127 actor=7.2339 value=44.7087 entropy=2.9907 mean_return=0.561 mean_len=70.4
[gat-train] update=1892 samples=37840 fps=13.1 loss=3.5046 actor=-1.6166 value=5.1497 entropy=2.8510 mean_return=0.561 mean_len=70.4
[gat-train] update=1893 samples=37860 fps=13.1 loss=0.6121 actor=-0.4188 value=1.0588 entropy=2.7948 mean_return=0.561 mean_len=70.4
[gat-train] update=1894 samples=37880 fps=13.1 loss=13.2671 actor=0.7846 value=12.5130 entropy=3.0492 mean_return=0.607 mean_len=70.3
[gat-train] update=1895 samples=37900 fps=13.1 loss=1.2130 actor=-0.1403 value=1.3858 entropy=3.2469 mean_return=0.607 mean_len=70.3
[gat-train] update=1896 samples=37920 fps=13.1 loss=1.2610 actor=0.0947 value=1.1980 entropy=3.1690 mean_return=0.607 mean_len=70.3
[gat-train] update=1897 samples=37940 fps=13.1 loss=0.4976 actor=0.0637 value=0.4660 entropy=3.2106 mean_return=0.607 mean_len=70.3
[gat-train] update=1898 samples=37960 fps=13.1 loss=0.6460 actor=-0.8586 value=1.5364 entropy=3.1824 mean_return=0.607 mean_len=70.3
[gat-train] update=1899 samples=37980 fps=13.1 loss=0.8264 actor=-1.1146 value=1.9708 entropy=2.9822 mean_return=0.607 mean_len=70.3
[gat-train] update=1900 samples=38000 fps=13.1 loss=83.6037 actor=11.9418 value=71.6923 entropy=3.0407 mean_return=0.595 mean_len=70.5
[gat-train] eval update=1900 comp_score=88.52 best=92.32
[gat-train] update=1901 samples=38020 fps=13.1 loss=0.1196 actor=-1.3973 value=1.5484 entropy=3.1517 mean_return=0.595 mean_len=70.5
[gat-train] update=1902 samples=38040 fps=13.1 loss=2.0170 actor=0.8038 value=1.2467 entropy=3.3465 mean_return=0.595 mean_len=70.5
[gat-train] update=1903 samples=38060 fps=13.1 loss=0.2962 actor=-1.1052 value=1.4348 entropy=3.3364 mean_return=0.595 mean_len=70.5
[gat-train] update=1904 samples=38080 fps=13.1 loss=0.6659 actor=0.1789 value=0.5195 entropy=3.2551 mean_return=0.595 mean_len=70.5
[gat-train] update=1905 samples=38100 fps=13.1 loss=60.4980 actor=9.8970 value=50.6344 entropy=3.3419 mean_return=0.564 mean_len=70.6
[gat-train] update=1906 samples=38120 fps=13.1 loss=7.3216 actor=-1.3852 value=8.7392 entropy=3.2409 mean_return=0.564 mean_len=70.6
[gat-train] update=1907 samples=38140 fps=13.1 loss=3.2571 actor=1.0770 value=2.2145 entropy=3.4455 mean_return=0.564 mean_len=70.6
[gat-train] update=1908 samples=38160 fps=13.1 loss=51.4529 actor=5.6674 value=45.8177 entropy=3.2128 mean_return=0.527 mean_len=70.8
[gat-train] update=1909 samples=38180 fps=13.1 loss=4.7759 actor=-1.5332 value=6.3433 entropy=3.4170 mean_return=0.527 mean_len=70.8
[gat-train] update=1910 samples=38200 fps=13.1 loss=0.8489 actor=-1.3351 value=2.2209 entropy=3.6935 mean_return=0.527 mean_len=70.8
[gat-train] update=1911 samples=38220 fps=13.1 loss=-1.8973 actor=-5.6024 value=3.7410 entropy=3.6022 mean_return=0.527 mean_len=70.8
[gat-train] update=1912 samples=38240 fps=13.1 loss=4.0659 actor=2.8863 value=1.2164 entropy=3.6712 mean_return=0.527 mean_len=70.8
[gat-train] update=1913 samples=38260 fps=13.1 loss=23.7410 actor=2.8725 value=20.9034 entropy=3.4980 mean_return=0.578 mean_len=70.8
[gat-train] update=1914 samples=38280 fps=13.1 loss=65.7370 actor=10.7918 value=54.9816 entropy=3.6353 mean_return=0.566 mean_len=70.8
[gat-train] update=1915 samples=38300 fps=13.1 loss=4.6530 actor=0.2074 value=4.4799 entropy=3.4344 mean_return=0.566 mean_len=70.8
[gat-train] update=1916 samples=38320 fps=13.1 loss=0.6622 actor=-0.0103 value=0.7089 entropy=3.6427 mean_return=0.566 mean_len=70.8
[gat-train] update=1917 samples=38340 fps=13.1 loss=-1.0391 actor=-1.7598 value=0.7560 entropy=3.5279 mean_return=0.566 mean_len=70.8
[gat-train] update=1918 samples=38360 fps=13.1 loss=-0.1794 actor=-3.3250 value=3.1779 entropy=3.2292 mean_return=0.566 mean_len=70.8
[gat-train] update=1919 samples=38380 fps=13.1 loss=15.7294 actor=1.7167 value=14.0469 entropy=3.4189 mean_return=0.547 mean_len=70.7
[gat-train] update=1920 samples=38400 fps=13.1 loss=3.3190 actor=2.1231 value=1.2301 entropy=3.4082 mean_return=0.547 mean_len=70.7
[gat-train] update=1921 samples=38420 fps=13.1 loss=1.4450 actor=-4.0317 value=5.5090 entropy=3.2326 mean_return=0.547 mean_len=70.7
[gat-train] update=1922 samples=38440 fps=13.1 loss=40.4282 actor=5.0056 value=35.4564 entropy=3.3783 mean_return=0.521 mean_len=70.7
[gat-train] update=1923 samples=38460 fps=13.1 loss=0.3260 actor=-1.1807 value=1.5421 entropy=3.5381 mean_return=0.521 mean_len=70.7
[gat-train] update=1924 samples=38480 fps=13.1 loss=6.0010 actor=3.2496 value=2.7876 entropy=3.6144 mean_return=0.521 mean_len=70.7
[gat-train] update=1925 samples=38500 fps=13.1 loss=-0.9921 actor=-3.3546 value=2.3983 entropy=3.5819 mean_return=0.521 mean_len=70.7
[gat-train] update=1926 samples=38520 fps=13.1 loss=-0.8123 actor=-2.3635 value=1.5842 entropy=3.2915 mean_return=0.521 mean_len=70.7
[gat-train] update=1927 samples=38540 fps=13.1 loss=49.2510 actor=7.1249 value=42.1574 entropy=3.1272 mean_return=0.510 mean_len=70.8
[gat-train] update=1928 samples=38560 fps=13.1 loss=2.1313 actor=0.6560 value=1.5056 entropy=3.0287 mean_return=0.510 mean_len=70.8
[gat-train] update=1929 samples=38580 fps=13.1 loss=33.9730 actor=2.9766 value=31.0273 entropy=3.0995 mean_return=0.496 mean_len=70.9
[gat-train] update=1930 samples=38600 fps=13.1 loss=0.7144 actor=-0.4999 value=1.2458 entropy=3.1451 mean_return=0.496 mean_len=70.9
[gat-train] update=1931 samples=38620 fps=13.1 loss=1.1949 actor=-1.0709 value=2.2976 entropy=3.1843 mean_return=0.496 mean_len=70.9
[gat-train] update=1932 samples=38640 fps=13.1 loss=-0.1086 actor=-0.8837 value=0.8035 entropy=2.8476 mean_return=0.496 mean_len=70.9
[gat-train] update=1933 samples=38660 fps=13.1 loss=27.5828 actor=1.1878 value=26.4235 entropy=2.8511 mean_return=0.504 mean_len=70.9
[gat-train] update=1934 samples=38680 fps=13.1 loss=2.0433 actor=0.3531 value=1.7195 entropy=2.9309 mean_return=0.504 mean_len=70.9
[gat-train] update=1935 samples=38700 fps=13.1 loss=3.1648 actor=1.3029 value=1.8900 entropy=2.8093 mean_return=0.504 mean_len=70.9
[gat-train] update=1936 samples=38720 fps=13.1 loss=57.0806 actor=6.7376 value=50.3705 entropy=2.7493 mean_return=0.505 mean_len=70.8
[gat-train] update=1937 samples=38740 fps=13.1 loss=6.4021 actor=0.6757 value=5.7523 entropy=2.5889 mean_return=0.505 mean_len=70.8
[gat-train] update=1938 samples=38760 fps=13.1 loss=-0.3957 actor=-2.8329 value=2.4643 entropy=2.7106 mean_return=0.505 mean_len=70.8
[gat-train] update=1939 samples=38780 fps=13.1 loss=0.0053 actor=-2.9087 value=2.9404 entropy=2.6415 mean_return=0.505 mean_len=70.8
[gat-train] update=1940 samples=38800 fps=13.1 loss=-0.3204 actor=-1.2278 value=0.9348 entropy=2.7400 mean_return=0.505 mean_len=70.8
[gat-train] update=1941 samples=38820 fps=13.1 loss=-0.4419 actor=-1.0072 value=0.5911 entropy=2.5775 mean_return=0.505 mean_len=70.8
[gat-train] update=1942 samples=38840 fps=13.1 loss=1.4714 actor=-0.8603 value=2.3556 entropy=2.3918 mean_return=0.505 mean_len=70.8
[gat-train] update=1943 samples=38860 fps=13.1 loss=46.9602 actor=5.3388 value=41.6453 entropy=2.3913 mean_return=0.494 mean_len=71.0
[gat-train] update=1944 samples=38880 fps=13.1 loss=1.9019 actor=1.2534 value=0.6733 entropy=2.4739 mean_return=0.494 mean_len=71.0
[gat-train] update=1945 samples=38900 fps=13.1 loss=27.9054 actor=4.0047 value=23.9248 entropy=2.4164 mean_return=0.487 mean_len=71.0
[gat-train] update=1946 samples=38920 fps=13.1 loss=1.5611 actor=-0.2843 value=1.8693 entropy=2.3885 mean_return=0.487 mean_len=71.0
[gat-train] update=1947 samples=38940 fps=13.1 loss=62.2594 actor=8.7864 value=53.4966 entropy=2.3597 mean_return=0.477 mean_len=71.2
[gat-train] update=1948 samples=38960 fps=13.1 loss=2.8697 actor=-1.9237 value=4.8173 entropy=2.3854 mean_return=0.477 mean_len=71.2
[gat-train] update=1949 samples=38980 fps=13.1 loss=0.5905 actor=0.0577 value=0.5569 entropy=2.4164 mean_return=0.477 mean_len=71.2
[gat-train] update=1950 samples=39000 fps=13.1 loss=1.1987 actor=-0.4910 value=1.7130 entropy=2.3297 mean_return=0.477 mean_len=71.2
[gat-train] eval update=1950 comp_score=44.55 best=92.32
[gat-train] update=1951 samples=39020 fps=13.1 loss=43.7530 actor=4.6140 value=39.1660 entropy=2.6903 mean_return=0.469 mean_len=71.4
[gat-train] update=1952 samples=39040 fps=13.1 loss=0.4907 actor=-0.3809 value=0.8976 entropy=2.6077 mean_return=0.469 mean_len=71.4
[gat-train] update=1953 samples=39060 fps=13.1 loss=0.1317 actor=-1.3105 value=1.4715 entropy=2.9228 mean_return=0.469 mean_len=71.4
[gat-train] update=1954 samples=39080 fps=13.1 loss=-0.0608 actor=-1.1738 value=1.1413 entropy=2.8276 mean_return=0.469 mean_len=71.4
[gat-train] update=1955 samples=39100 fps=13.1 loss=3.8495 actor=0.6962 value=3.1818 entropy=2.8425 mean_return=0.469 mean_len=71.4
[gat-train] update=1956 samples=39120 fps=13.1 loss=3.1655 actor=1.3996 value=1.7955 entropy=2.9677 mean_return=0.469 mean_len=71.4
[gat-train] update=1957 samples=39140 fps=13.1 loss=-0.6840 actor=-2.1890 value=1.5348 entropy=2.9796 mean_return=0.469 mean_len=71.4
[gat-train] update=1958 samples=39160 fps=13.1 loss=0.0779 actor=-1.7511 value=1.8584 entropy=2.9418 mean_return=0.469 mean_len=71.4
[gat-train] update=1959 samples=39180 fps=13.1 loss=14.3988 actor=0.1798 value=14.2484 entropy=2.9345 mean_return=0.493 mean_len=71.6
[gat-train] update=1960 samples=39200 fps=13.1 loss=48.6315 actor=6.8062 value=41.8553 entropy=2.9879 mean_return=0.480 mean_len=71.9
[gat-train] update=1961 samples=39220 fps=13.1 loss=1.8625 actor=0.6588 value=1.2331 entropy=2.9395 mean_return=0.480 mean_len=71.9
[gat-train] update=1962 samples=39240 fps=13.1 loss=3.2342 actor=1.9901 value=1.2731 entropy=2.8965 mean_return=0.480 mean_len=71.9
[gat-train] update=1963 samples=39260 fps=13.1 loss=14.7712 actor=0.5051 value=14.2965 entropy=3.0377 mean_return=0.457 mean_len=72.2
[gat-train] update=1964 samples=39280 fps=13.1 loss=2.1775 actor=0.9677 value=1.2426 entropy=3.2825 mean_return=0.457 mean_len=72.2
[gat-train] update=1965 samples=39300 fps=13.1 loss=54.0976 actor=9.6515 value=44.4790 entropy=3.2793 mean_return=0.482 mean_len=72.2
[gat-train] update=1966 samples=39320 fps=13.1 loss=-0.0331 actor=-0.2118 value=0.2120 entropy=3.3280 mean_return=0.482 mean_len=72.2
[gat-train] update=1967 samples=39340 fps=13.1 loss=-0.5149 actor=-1.1126 value=0.6306 entropy=3.2883 mean_return=0.482 mean_len=72.2
[gat-train] update=1968 samples=39360 fps=13.1 loss=0.2047 actor=-3.1567 value=3.3959 entropy=3.4535 mean_return=0.482 mean_len=72.2
[gat-train] update=1969 samples=39380 fps=13.1 loss=-0.0184 actor=-1.3985 value=1.4147 entropy=3.4639 mean_return=0.482 mean_len=72.2
[gat-train] update=1970 samples=39400 fps=13.1 loss=5.9710 actor=3.2819 value=2.7239 entropy=3.4856 mean_return=0.482 mean_len=72.2
[gat-train] update=1971 samples=39420 fps=13.1 loss=2.0828 actor=0.6098 value=1.5062 entropy=3.3208 mean_return=0.482 mean_len=72.2
[gat-train] update=1972 samples=39440 fps=13.1 loss=2.6217 actor=-0.4210 value=3.0743 entropy=3.1611 mean_return=0.482 mean_len=72.2
[gat-train] update=1973 samples=39460 fps=13.1 loss=2.3162 actor=-0.0202 value=2.3675 entropy=3.1010 mean_return=0.482 mean_len=72.2
[gat-train] update=1974 samples=39480 fps=13.1 loss=63.1146 actor=9.6101 value=53.5345 entropy=3.0047 mean_return=0.487 mean_len=72.4
[gat-train] update=1975 samples=39500 fps=13.1 loss=6.1819 actor=0.4331 value=5.7812 entropy=3.2425 mean_return=0.487 mean_len=72.4
[gat-train] update=1976 samples=39520 fps=13.1 loss=-0.9534 actor=-2.2855 value=1.3647 entropy=3.2574 mean_return=0.487 mean_len=72.4
[gat-train] update=1977 samples=39540 fps=13.1 loss=52.0826 actor=8.4842 value=43.6304 entropy=3.2028 mean_return=0.468 mean_len=72.8
[gat-train] update=1978 samples=39560 fps=13.1 loss=3.6770 actor=1.1131 value=2.5944 entropy=3.0548 mean_return=0.468 mean_len=72.8
[gat-train] update=1979 samples=39580 fps=13.1 loss=1.3418 actor=0.3548 value=1.0196 entropy=3.2550 mean_return=0.468 mean_len=72.8
[gat-train] update=1980 samples=39600 fps=13.1 loss=-0.3764 actor=-0.6230 value=0.2777 entropy=3.1018 mean_return=0.468 mean_len=72.8
[gat-train] update=1981 samples=39620 fps=13.1 loss=26.3110 actor=3.7726 value=22.5712 entropy=3.2869 mean_return=0.423 mean_len=73.1
[gat-train] update=1982 samples=39640 fps=13.1 loss=2.0826 actor=0.1409 value=1.9756 entropy=3.3903 mean_return=0.423 mean_len=73.1
[gat-train] update=1983 samples=39660 fps=13.1 loss=-0.0642 actor=-0.7651 value=0.7350 entropy=3.4149 mean_return=0.423 mean_len=73.1
[gat-train] update=1984 samples=39680 fps=13.1 loss=-1.8465 actor=-3.3246 value=1.5110 entropy=3.2932 mean_return=0.423 mean_len=73.1
[gat-train] update=1985 samples=39700 fps=13.1 loss=-1.0304 actor=-2.6909 value=1.6941 entropy=3.3552 mean_return=0.423 mean_len=73.1
[gat-train] update=1986 samples=39720 fps=13.1 loss=2.9860 actor=0.9331 value=2.0867 entropy=3.3772 mean_return=0.423 mean_len=73.1
[gat-train] update=1987 samples=39740 fps=13.1 loss=4.5921 actor=1.9904 value=2.6321 entropy=3.0398 mean_return=0.423 mean_len=73.1
[gat-train] update=1988 samples=39760 fps=13.1 loss=41.7992 actor=3.2292 value=38.5950 entropy=2.5018 mean_return=0.408 mean_len=73.1
[gat-train] update=1989 samples=39780 fps=13.1 loss=14.3181 actor=0.6530 value=13.6932 entropy=2.8137 mean_return=0.374 mean_len=73.2
[gat-train] update=1990 samples=39800 fps=13.1 loss=-0.0078 actor=-2.5904 value=2.6120 entropy=2.9458 mean_return=0.374 mean_len=73.2
[gat-train] update=1991 samples=39820 fps=13.1 loss=56.2882 actor=8.0295 value=48.2894 entropy=3.0760 mean_return=0.386 mean_len=73.2
[gat-train] update=1992 samples=39840 fps=13.1 loss=4.0762 actor=2.4634 value=1.6412 entropy=2.8456 mean_return=0.386 mean_len=73.2
[gat-train] update=1993 samples=39860 fps=13.1 loss=0.2010 actor=-1.1892 value=1.4169 entropy=2.6669 mean_return=0.386 mean_len=73.2
[gat-train] update=1994 samples=39880 fps=13.1 loss=-0.1462 actor=-0.8188 value=0.7009 entropy=2.8345 mean_return=0.386 mean_len=73.2
[gat-train] update=1995 samples=39900 fps=13.1 loss=-0.2179 actor=-0.9030 value=0.7121 entropy=2.7023 mean_return=0.386 mean_len=73.2
[gat-train] update=1996 samples=39920 fps=13.1 loss=14.0882 actor=1.3745 value=12.7450 entropy=3.1313 mean_return=0.366 mean_len=73.3
[gat-train] update=1997 samples=39940 fps=13.1 loss=0.0997 actor=-0.4356 value=0.5663 entropy=3.1004 mean_return=0.366 mean_len=73.3
[gat-train] update=1998 samples=39960 fps=13.1 loss=0.3448 actor=-0.9809 value=1.3580 entropy=3.2285 mean_return=0.366 mean_len=73.3
[gat-train] update=1999 samples=39980 fps=13.1 loss=0.6237 actor=-0.4289 value=1.0846 entropy=3.1992 mean_return=0.366 mean_len=73.3
[gat-train] update=2000 samples=40000 fps=13.1 loss=1.0857 actor=0.2189 value=0.9007 entropy=3.3896 mean_return=0.366 mean_len=73.3
[gat-train] eval update=2000 comp_score=88.97 best=92.32
[gat-train] update=2001 samples=40020 fps=13.1 loss=-1.1110 actor=-2.8015 value=1.7225 entropy=3.1917 mean_return=0.366 mean_len=73.3
[gat-train] update=2002 samples=40040 fps=13.1 loss=7.0025 actor=3.1860 value=3.8487 entropy=3.2071 mean_return=0.366 mean_len=73.3
[gat-train] update=2003 samples=40060 fps=13.1 loss=111.9202 actor=16.5252 value=95.4261 entropy=3.1133 mean_return=0.314 mean_len=73.6
[gat-train] update=2004 samples=40080 fps=13.1 loss=5.3550 actor=-3.2396 value=8.6224 entropy=2.7729 mean_return=0.314 mean_len=73.6
[gat-train] update=2005 samples=40100 fps=13.1 loss=1.6559 actor=0.4992 value=1.1859 entropy=2.9195 mean_return=0.314 mean_len=73.6
[gat-train] update=2006 samples=40120 fps=13.1 loss=38.9949 actor=5.2310 value=33.7933 entropy=2.9384 mean_return=0.285 mean_len=73.8
[gat-train] update=2007 samples=40140 fps=13.1 loss=3.7694 actor=2.0982 value=1.7006 entropy=2.9350 mean_return=0.285 mean_len=73.8
[gat-train] update=2008 samples=40160 fps=13.1 loss=1.4088 actor=-2.1217 value=3.5579 entropy=2.7376 mean_return=0.285 mean_len=73.8
[gat-train] update=2009 samples=40180 fps=13.1 loss=0.2603 actor=-0.2009 value=0.4895 entropy=2.8353 mean_return=0.285 mean_len=73.8
[gat-train] update=2010 samples=40200 fps=13.1 loss=2.9947 actor=0.8605 value=2.1603 entropy=2.6049 mean_return=0.285 mean_len=73.8
[gat-train] update=2011 samples=40220 fps=13.1 loss=69.7670 actor=10.4224 value=59.3707 entropy=2.6147 mean_return=0.280 mean_len=74.0
[gat-train] update=2012 samples=40240 fps=13.1 loss=3.0520 actor=-2.0422 value=5.1201 entropy=2.5862 mean_return=0.280 mean_len=74.0
[gat-train] update=2013 samples=40260 fps=13.1 loss=0.3866 actor=-0.1410 value=0.5533 entropy=2.5708 mean_return=0.280 mean_len=74.0
[gat-train] update=2014 samples=40280 fps=13.1 loss=1.5037 actor=0.1794 value=1.3516 entropy=2.7335 mean_return=0.280 mean_len=74.0
[gat-train] update=2015 samples=40300 fps=13.1 loss=-0.8992 actor=-2.5313 value=1.6559 entropy=2.3784 mean_return=0.280 mean_len=74.0
[gat-train] update=2016 samples=40320 fps=13.1 loss=-0.7925 actor=-1.4023 value=0.6319 entropy=2.2047 mean_return=0.280 mean_len=74.0
[gat-train] update=2017 samples=40340 fps=13.0 loss=-0.8639 actor=-1.7278 value=0.8857 entropy=2.1787 mean_return=0.280 mean_len=74.0
[gat-train] update=2018 samples=40360 fps=13.0 loss=6.4421 actor=0.6192 value=5.8435 entropy=2.0641 mean_return=0.280 mean_len=74.0
[gat-train] update=2019 samples=40380 fps=13.0 loss=86.9494 actor=9.6195 value=77.3509 entropy=2.1008 mean_return=0.306 mean_len=74.2
[gat-train] update=2020 samples=40400 fps=13.0 loss=0.2911 actor=-0.1581 value=0.4636 entropy=1.4447 mean_return=0.306 mean_len=74.2
[gat-train] update=2021 samples=40420 fps=13.0 loss=3.7293 actor=2.0376 value=1.7059 entropy=1.4258 mean_return=0.306 mean_len=74.2
[gat-train] update=2022 samples=40440 fps=13.0 loss=1.2077 actor=-0.4264 value=1.6512 entropy=1.7087 mean_return=0.306 mean_len=74.2
[gat-train] update=2023 samples=40460 fps=13.0 loss=15.3191 actor=1.6492 value=13.6845 entropy=1.4624 mean_return=0.295 mean_len=74.4
[gat-train] update=2024 samples=40480 fps=13.0 loss=0.2404 actor=-0.0872 value=0.3423 entropy=1.4626 mean_return=0.295 mean_len=74.4
[gat-train] update=2025 samples=40500 fps=13.0 loss=1.1684 actor=-0.5386 value=1.7204 entropy=1.3317 mean_return=0.295 mean_len=74.4
[gat-train] update=2026 samples=40520 fps=13.0 loss=2.1622 actor=0.1967 value=1.9796 entropy=1.4132 mean_return=0.295 mean_len=74.4
[gat-train] update=2027 samples=40540 fps=13.0 loss=4.6580 actor=1.7717 value=2.9028 entropy=1.6484 mean_return=0.295 mean_len=74.4
[gat-train] update=2028 samples=40560 fps=13.0 loss=24.1172 actor=1.5580 value=22.5758 entropy=1.6562 mean_return=0.305 mean_len=74.7
[gat-train] update=2029 samples=40580 fps=13.0 loss=0.1390 actor=-0.4627 value=0.6191 entropy=1.7464 mean_return=0.305 mean_len=74.7
[gat-train] update=2030 samples=40600 fps=13.0 loss=0.7582 actor=-1.5450 value=2.3207 entropy=1.7549 mean_return=0.305 mean_len=74.7
[gat-train] update=2031 samples=40620 fps=13.0 loss=0.2950 actor=-0.2228 value=0.5379 entropy=2.0137 mean_return=0.305 mean_len=74.7
[gat-train] update=2032 samples=40640 fps=13.0 loss=0.9198 actor=-0.3838 value=1.3245 entropy=2.0895 mean_return=0.305 mean_len=74.7
[gat-train] update=2033 samples=40660 fps=13.0 loss=3.1893 actor=0.9197 value=2.2916 entropy=2.1982 mean_return=0.305 mean_len=74.7
[gat-train] update=2034 samples=40680 fps=13.0 loss=49.7951 actor=5.9630 value=43.8567 entropy=2.4557 mean_return=0.302 mean_len=74.6
[gat-train] update=2035 samples=40700 fps=13.0 loss=23.5437 actor=2.5926 value=20.9752 entropy=2.4160 mean_return=0.335 mean_len=74.5
[gat-train] update=2036 samples=40720 fps=13.0 loss=6.3106 actor=3.0241 value=3.3142 entropy=2.7751 mean_return=0.335 mean_len=74.5
[gat-train] update=2037 samples=40740 fps=13.0 loss=8.4363 actor=4.6919 value=3.7734 entropy=2.9043 mean_return=0.335 mean_len=74.5
[gat-train] update=2038 samples=40760 fps=13.0 loss=-0.4347 actor=-1.4204 value=1.0121 entropy=2.6287 mean_return=0.335 mean_len=74.5
[gat-train] update=2039 samples=40780 fps=13.0 loss=24.3078 actor=0.9572 value=23.3805 entropy=2.9916 mean_return=0.331 mean_len=74.5
[gat-train] update=2040 samples=40800 fps=13.1 loss=0.0329 actor=-1.5073 value=1.5720 entropy=3.1749 mean_return=0.331 mean_len=74.5
[gat-train] update=2041 samples=40820 fps=13.1 loss=-0.7953 actor=-1.6711 value=0.9098 entropy=3.3972 mean_return=0.331 mean_len=74.5
[gat-train] update=2042 samples=40840 fps=13.0 loss=4.1134 actor=1.2127 value=2.9352 entropy=3.4447 mean_return=0.331 mean_len=74.5
[gat-train] update=2043 samples=40860 fps=13.0 loss=65.8267 actor=9.6288 value=56.2321 entropy=3.4122 mean_return=0.355 mean_len=74.4
[gat-train] update=2044 samples=40880 fps=13.0 loss=0.6595 actor=-5.2434 value=5.9363 entropy=3.3469 mean_return=0.355 mean_len=74.4
[gat-train] update=2045 samples=40900 fps=13.0 loss=-0.1993 actor=-1.2221 value=1.0588 entropy=3.5956 mean_return=0.355 mean_len=74.4
[gat-train] update=2046 samples=40920 fps=13.0 loss=-0.6162 actor=-1.8237 value=1.2430 entropy=3.5486 mean_return=0.355 mean_len=74.4
[gat-train] update=2047 samples=40940 fps=13.0 loss=0.8458 actor=-0.2814 value=1.1627 entropy=3.5500 mean_return=0.355 mean_len=74.4
[gat-train] update=2048 samples=40960 fps=13.0 loss=3.2220 actor=1.7858 value=1.4710 entropy=3.4793 mean_return=0.355 mean_len=74.4
[gat-train] update=2049 samples=40980 fps=13.0 loss=0.6679 actor=-4.6891 value=5.3873 entropy=3.0226 mean_return=0.355 mean_len=74.4
[gat-train] update=2050 samples=41000 fps=13.0 loss=75.9240 actor=13.3861 value=62.5683 entropy=3.0388 mean_return=0.354 mean_len=74.1
[gat-train] eval update=2050 comp_score=88.97 best=92.32
[gat-train] update=2051 samples=41020 fps=13.0 loss=1.4670 actor=-1.7286 value=3.2247 entropy=2.9074 mean_return=0.354 mean_len=74.1
[gat-train] update=2052 samples=41040 fps=13.0 loss=2.7707 actor=1.9857 value=0.8132 entropy=2.8192 mean_return=0.354 mean_len=74.1
[gat-train] update=2053 samples=41060 fps=13.0 loss=15.1701 actor=0.5467 value=14.6518 entropy=2.8364 mean_return=0.353 mean_len=73.8
[gat-train] update=2054 samples=41080 fps=13.0 loss=2.1550 actor=1.0096 value=1.1757 entropy=3.0300 mean_return=0.353 mean_len=73.8
[gat-train] update=2055 samples=41100 fps=13.0 loss=37.9460 actor=6.1266 value=31.8515 entropy=3.2155 mean_return=0.389 mean_len=73.2
[gat-train] update=2056 samples=41120 fps=13.0 loss=0.3419 actor=-0.2963 value=0.6699 entropy=3.1796 mean_return=0.389 mean_len=73.2
[gat-train] update=2057 samples=41140 fps=13.0 loss=1.2841 actor=0.6718 value=0.6447 entropy=3.2341 mean_return=0.389 mean_len=73.2
[gat-train] update=2058 samples=41160 fps=13.0 loss=-1.4267 actor=-3.1023 value=1.7094 entropy=3.3765 mean_return=0.389 mean_len=73.2
[gat-train] update=2059 samples=41180 fps=13.0 loss=-0.5748 actor=-1.3753 value=0.8354 entropy=3.4993 mean_return=0.389 mean_len=73.2
[gat-train] update=2060 samples=41200 fps=13.0 loss=-1.6153 actor=-3.1162 value=1.5360 entropy=3.5068 mean_return=0.389 mean_len=73.2
[gat-train] update=2061 samples=41220 fps=13.0 loss=-1.0839 actor=-1.9502 value=0.9016 entropy=3.5316 mean_return=0.389 mean_len=73.2
[gat-train] update=2062 samples=41240 fps=13.0 loss=4.9814 actor=2.4669 value=2.5479 entropy=3.3327 mean_return=0.389 mean_len=73.2
[gat-train] update=2063 samples=41260 fps=13.0 loss=13.2831 actor=-3.4066 value=16.7221 entropy=3.2426 mean_return=0.273 mean_len=73.8
[gat-train] update=2064 samples=41280 fps=13.0 loss=54.4939 actor=9.7045 value=44.8227 entropy=3.3221 mean_return=0.277 mean_len=73.6
[gat-train] update=2065 samples=41300 fps=13.0 loss=0.3310 actor=-0.9720 value=1.3343 entropy=3.1302 mean_return=0.277 mean_len=73.6
[gat-train] update=2066 samples=41320 fps=13.0 loss=0.8758 actor=0.4118 value=0.4946 entropy=3.0595 mean_return=0.277 mean_len=73.6
[gat-train] update=2067 samples=41340 fps=13.0 loss=38.1550 actor=5.0378 value=33.1476 entropy=3.0381 mean_return=0.277 mean_len=73.6
[gat-train] update=2068 samples=41360 fps=13.0 loss=58.1929 actor=9.5694 value=48.6545 entropy=3.1037 mean_return=0.299 mean_len=73.4
[gat-train] update=2069 samples=41380 fps=13.0 loss=2.8015 actor=-0.3757 value=3.2089 entropy=3.1652 mean_return=0.299 mean_len=73.4
[gat-train] update=2070 samples=41400 fps=13.0 loss=-0.5538 actor=-0.9617 value=0.4423 entropy=3.4336 mean_return=0.299 mean_len=73.4
[gat-train] update=2071 samples=41420 fps=13.0 loss=-0.0104 actor=-0.4515 value=0.4760 entropy=3.4948 mean_return=0.299 mean_len=73.4
[gat-train] update=2072 samples=41440 fps=13.0 loss=-1.4908 actor=-1.9535 value=0.4986 entropy=3.5923 mean_return=0.299 mean_len=73.4
[gat-train] update=2073 samples=41460 fps=13.0 loss=1.1680 actor=0.2581 value=0.9470 entropy=3.7107 mean_return=0.299 mean_len=73.4
[gat-train] update=2074 samples=41480 fps=13.0 loss=-0.7799 actor=-1.4242 value=0.6820 entropy=3.7772 mean_return=0.299 mean_len=73.4
[gat-train] update=2075 samples=41500 fps=13.0 loss=0.3428 actor=-1.1876 value=1.5675 entropy=3.7109 mean_return=0.299 mean_len=73.4
[gat-train] update=2076 samples=41520 fps=13.0 loss=-0.7657 actor=-2.3467 value=1.6157 entropy=3.4676 mean_return=0.299 mean_len=73.4
[gat-train] update=2077 samples=41540 fps=13.0 loss=8.5877 actor=4.5882 value=4.0342 entropy=3.4684 mean_return=0.299 mean_len=73.4
[gat-train] update=2078 samples=41560 fps=13.0 loss=45.6263 actor=7.3039 value=38.3499 entropy=2.7503 mean_return=0.275 mean_len=73.5
[gat-train] update=2079 samples=41580 fps=13.0 loss=51.5331 actor=5.3764 value=46.1854 entropy=2.8720 mean_return=0.250 mean_len=73.7
[gat-train] update=2080 samples=41600 fps=13.0 loss=41.8269 actor=6.2748 value=35.5843 entropy=3.2121 mean_return=0.240 mean_len=73.6
[gat-train] update=2081 samples=41620 fps=13.0 loss=2.0610 actor=1.0421 value=1.0527 entropy=3.3771 mean_return=0.240 mean_len=73.6
[gat-train] update=2082 samples=41640 fps=13.0 loss=0.2890 actor=-0.9550 value=1.2762 entropy=3.2229 mean_return=0.240 mean_len=73.6
[gat-train] update=2083 samples=41660 fps=13.0 loss=-0.0796 actor=-0.4852 value=0.4384 entropy=3.2933 mean_return=0.240 mean_len=73.6
[gat-train] update=2084 samples=41680 fps=13.0 loss=24.0159 actor=2.3037 value=21.7474 entropy=3.5183 mean_return=0.228 mean_len=73.6
[gat-train] update=2085 samples=41700 fps=13.0 loss=0.8275 actor=0.5647 value=0.3008 entropy=3.7884 mean_return=0.228 mean_len=73.6
[gat-train] update=2086 samples=41720 fps=13.0 loss=0.3202 actor=-0.4065 value=0.7651 entropy=3.8381 mean_return=0.228 mean_len=73.6
[gat-train] update=2087 samples=41740 fps=13.0 loss=1.3945 actor=-0.0018 value=1.4342 entropy=3.7925 mean_return=0.228 mean_len=73.6
[gat-train] update=2088 samples=41760 fps=13.0 loss=-1.4403 actor=-2.9643 value=1.5616 entropy=3.7625 mean_return=0.228 mean_len=73.6
[gat-train] update=2089 samples=41780 fps=13.0 loss=0.7379 actor=-0.9924 value=1.7673 entropy=3.7033 mean_return=0.228 mean_len=73.6
[gat-train] update=2090 samples=41800 fps=13.0 loss=10.3177 actor=-3.5523 value=13.9028 entropy=3.2832 mean_return=0.228 mean_len=73.6
[gat-train] update=2091 samples=41820 fps=13.0 loss=17.0522 actor=3.0055 value=14.0810 entropy=3.4250 mean_return=0.274 mean_len=73.5
[gat-train] update=2092 samples=41840 fps=13.0 loss=24.2089 actor=2.5133 value=21.7300 entropy=3.4363 mean_return=0.334 mean_len=73.2
[gat-train] update=2093 samples=41860 fps=13.0 loss=-0.0782 actor=-0.8543 value=0.8133 entropy=3.7169 mean_return=0.334 mean_len=73.2
[gat-train] update=2094 samples=41880 fps=13.0 loss=2.0302 actor=0.7091 value=1.3567 entropy=3.5605 mean_return=0.334 mean_len=73.2
[gat-train] update=2095 samples=41900 fps=13.0 loss=57.0876 actor=8.6725 value=48.4505 entropy=3.5416 mean_return=0.270 mean_len=73.5
[gat-train] update=2096 samples=41920 fps=13.0 loss=3.9497 actor=-0.7820 value=4.7667 entropy=3.5017 mean_return=0.270 mean_len=73.5
[gat-train] update=2097 samples=41940 fps=13.0 loss=6.1445 actor=0.3788 value=5.8004 entropy=3.4712 mean_return=0.270 mean_len=73.5
[gat-train] update=2098 samples=41960 fps=13.1 loss=14.2290 actor=0.6119 value=13.6531 entropy=3.6028 mean_return=0.298 mean_len=73.4
[gat-train] update=2099 samples=41980 fps=13.1 loss=3.6731 actor=0.5508 value=3.1607 entropy=3.8387 mean_return=0.298 mean_len=73.4
[gat-train] update=2100 samples=42000 fps=13.1 loss=0.4369 actor=-2.4913 value=2.9654 entropy=3.7270 mean_return=0.298 mean_len=73.4
[gat-train] eval update=2100 comp_score=88.52 best=92.32
[gat-train] update=2101 samples=42020 fps=13.0 loss=1.6518 actor=-1.5402 value=3.2298 entropy=3.7764 mean_return=0.298 mean_len=73.4
[gat-train] update=2102 samples=42040 fps=13.0 loss=-0.5184 actor=-2.4956 value=2.0134 entropy=3.6242 mean_return=0.298 mean_len=73.4
[gat-train] update=2103 samples=42060 fps=13.0 loss=6.1236 actor=1.5443 value=4.6125 entropy=3.3286 mean_return=0.298 mean_len=73.4
[gat-train] update=2104 samples=42080 fps=13.0 loss=37.3788 actor=5.0011 value=32.4089 entropy=3.1190 mean_return=0.321 mean_len=73.5
[gat-train] update=2105 samples=42100 fps=13.0 loss=59.3686 actor=8.4995 value=50.9031 entropy=3.3965 mean_return=0.336 mean_len=73.5
[gat-train] update=2106 samples=42120 fps=13.0 loss=6.6887 actor=1.8936 value=4.8283 entropy=3.3225 mean_return=0.336 mean_len=73.5
[gat-train] update=2107 samples=42140 fps=13.0 loss=0.0941 actor=-1.4804 value=1.6085 entropy=3.4026 mean_return=0.336 mean_len=73.5
[gat-train] update=2108 samples=42160 fps=13.0 loss=2.7080 actor=1.7937 value=0.9469 entropy=3.2544 mean_return=0.336 mean_len=73.5
[gat-train] update=2109 samples=42180 fps=13.0 loss=25.6546 actor=3.0591 value=22.6263 entropy=3.0781 mean_return=0.345 mean_len=73.4
[gat-train] update=2110 samples=42200 fps=13.0 loss=27.2184 actor=4.5208 value=22.7305 entropy=3.2832 mean_return=0.349 mean_len=73.1
[gat-train] update=2111 samples=42220 fps=13.0 loss=0.4669 actor=-3.6004 value=4.0995 entropy=3.2246 mean_return=0.349 mean_len=73.1
[gat-train] update=2112 samples=42240 fps=13.0 loss=-0.9420 actor=-3.8996 value=2.9937 entropy=3.6113 mean_return=0.349 mean_len=73.1
[gat-train] update=2113 samples=42260 fps=13.0 loss=2.9716 actor=0.7838 value=2.2249 entropy=3.7107 mean_return=0.349 mean_len=73.1
[gat-train] update=2114 samples=42280 fps=13.0 loss=2.8311 actor=-5.8315 value=8.6999 entropy=3.7272 mean_return=0.349 mean_len=73.1
[gat-train] update=2115 samples=42300 fps=13.0 loss=2.6211 actor=-0.7129 value=3.3712 entropy=3.7169 mean_return=0.349 mean_len=73.1
[gat-train] update=2116 samples=42320 fps=13.0 loss=-1.1856 actor=-2.6409 value=1.4924 entropy=3.7062 mean_return=0.349 mean_len=73.1
[gat-train] update=2117 samples=42340 fps=13.0 loss=1.8711 actor=0.5582 value=1.3462 entropy=3.3317 mean_return=0.349 mean_len=73.1
[gat-train] update=2118 samples=42360 fps=13.0 loss=46.3839 actor=4.5200 value=41.8922 entropy=2.8330 mean_return=0.359 mean_len=73.1
[gat-train] update=2119 samples=42380 fps=13.0 loss=14.7217 actor=1.5424 value=13.2147 entropy=3.5471 mean_return=0.324 mean_len=73.0
[gat-train] update=2120 samples=42400 fps=13.0 loss=-0.4087 actor=-1.3177 value=0.9462 entropy=3.7193 mean_return=0.324 mean_len=73.0
[gat-train] update=2121 samples=42420 fps=13.0 loss=1.8385 actor=1.1904 value=0.6827 entropy=3.4599 mean_return=0.324 mean_len=73.0
[gat-train] update=2122 samples=42440 fps=13.0 loss=45.3887 actor=6.0175 value=39.4050 entropy=3.3881 mean_return=0.337 mean_len=72.8
[gat-train] update=2123 samples=42460 fps=13.0 loss=2.6001 actor=0.0759 value=2.5595 entropy=3.5323 mean_return=0.337 mean_len=72.8
[gat-train] update=2124 samples=42480 fps=13.1 loss=26.4136 actor=3.5613 value=22.8864 entropy=3.4172 mean_return=0.358 mean_len=72.6
[gat-train] update=2125 samples=42500 fps=13.1 loss=0.2646 actor=-0.4880 value=0.7888 entropy=3.6172 mean_return=0.358 mean_len=72.6
[gat-train] update=2126 samples=42520 fps=13.1 loss=0.0262 actor=-0.4858 value=0.5496 entropy=3.7595 mean_return=0.358 mean_len=72.6
[gat-train] update=2127 samples=42540 fps=13.1 loss=0.2144 actor=-1.8107 value=2.0620 entropy=3.6886 mean_return=0.358 mean_len=72.6
[gat-train] update=2128 samples=42560 fps=13.0 loss=1.7178 actor=-0.9485 value=2.7028 entropy=3.6436 mean_return=0.358 mean_len=72.6
[gat-train] update=2129 samples=42580 fps=13.0 loss=0.4824 actor=-2.0926 value=2.6121 entropy=3.7060 mean_return=0.358 mean_len=72.6
[gat-train] update=2130 samples=42600 fps=13.0 loss=2.0176 actor=1.2215 value=0.8320 entropy=3.5920 mean_return=0.358 mean_len=72.6
[gat-train] update=2131 samples=42620 fps=13.0 loss=59.7293 actor=8.2398 value=51.5208 entropy=3.1323 mean_return=0.367 mean_len=72.4
[gat-train] update=2132 samples=42640 fps=13.0 loss=13.5913 actor=1.9213 value=11.6999 entropy=2.9890 mean_return=0.327 mean_len=72.3
[gat-train] update=2133 samples=42660 fps=13.0 loss=0.8287 actor=-0.2811 value=1.1421 entropy=3.2303 mean_return=0.327 mean_len=72.3
[gat-train] update=2134 samples=42680 fps=13.1 loss=-0.6456 actor=-2.1593 value=1.5460 entropy=3.2300 mean_return=0.327 mean_len=72.3
[gat-train] update=2135 samples=42700 fps=13.1 loss=30.7125 actor=5.6136 value=25.1328 entropy=3.3930 mean_return=0.303 mean_len=72.0
[gat-train] update=2136 samples=42720 fps=13.1 loss=1.4361 actor=0.1028 value=1.3656 entropy=3.2277 mean_return=0.303 mean_len=72.0
[gat-train] update=2137 samples=42740 fps=13.1 loss=22.0502 actor=2.4717 value=19.6119 entropy=3.3433 mean_return=0.328 mean_len=71.7
[gat-train] update=2138 samples=42760 fps=13.1 loss=0.1455 actor=-0.3461 value=0.5273 entropy=3.5738 mean_return=0.328 mean_len=71.7
[gat-train] update=2139 samples=42780 fps=13.1 loss=2.0385 actor=0.8169 value=1.2576 entropy=3.5986 mean_return=0.328 mean_len=71.7
[gat-train] update=2140 samples=42800 fps=13.1 loss=0.5565 actor=-0.7231 value=1.3153 entropy=3.5588 mean_return=0.328 mean_len=71.7
[gat-train] update=2141 samples=42820 fps=13.1 loss=0.9474 actor=-0.8807 value=1.8654 entropy=3.7226 mean_return=0.328 mean_len=71.7
[gat-train] update=2142 samples=42840 fps=13.1 loss=-0.1885 actor=-1.4393 value=1.2873 entropy=3.6599 mean_return=0.328 mean_len=71.7
[gat-train] update=2143 samples=42860 fps=13.1 loss=53.8288 actor=8.7461 value=45.1184 entropy=3.5682 mean_return=0.354 mean_len=71.4
[gat-train] update=2144 samples=42880 fps=13.1 loss=4.1814 actor=-3.3679 value=7.5858 entropy=3.6387 mean_return=0.354 mean_len=71.4
[gat-train] update=2145 samples=42900 fps=13.0 loss=4.9629 actor=0.4587 value=4.5415 entropy=3.7219 mean_return=0.354 mean_len=71.4
[gat-train] update=2146 samples=42920 fps=13.0 loss=2.3355 actor=-0.3251 value=2.6920 entropy=3.1425 mean_return=0.354 mean_len=71.4
[gat-train] update=2147 samples=42940 fps=13.0 loss=32.3530 actor=7.1099 value=25.2769 entropy=3.3799 mean_return=0.326 mean_len=71.5
[gat-train] update=2148 samples=42960 fps=13.1 loss=2.2753 actor=1.0379 value=1.2680 entropy=3.0568 mean_return=0.326 mean_len=71.5
[gat-train] update=2149 samples=42980 fps=13.1 loss=45.4220 actor=7.8165 value=37.6387 entropy=3.3250 mean_return=0.348 mean_len=71.3
[gat-train] update=2150 samples=43000 fps=13.1 loss=54.8588 actor=6.8839 value=48.0087 entropy=3.3862 mean_return=0.303 mean_len=71.4
[gat-train] eval update=2150 comp_score=87.50 best=92.32
[gat-train] update=2151 samples=43020 fps=13.0 loss=2.5883 actor=-1.5120 value=4.1364 entropy=3.6060 mean_return=0.303 mean_len=71.4
[gat-train] update=2152 samples=43040 fps=13.0 loss=0.7538 actor=-0.2790 value=1.0715 entropy=3.8678 mean_return=0.303 mean_len=71.4
[gat-train] update=2153 samples=43060 fps=13.0 loss=0.6902 actor=-2.9208 value=3.6489 entropy=3.7866 mean_return=0.303 mean_len=71.4
[gat-train] update=2154 samples=43080 fps=13.0 loss=-0.8902 actor=-2.5394 value=1.6872 entropy=3.8010 mean_return=0.303 mean_len=71.4
[gat-train] update=2155 samples=43100 fps=13.0 loss=-1.9189 actor=-4.4173 value=2.5368 entropy=3.8491 mean_return=0.303 mean_len=71.4
[gat-train] update=2156 samples=43120 fps=13.0 loss=1.3283 actor=-1.1808 value=2.5466 entropy=3.7460 mean_return=0.303 mean_len=71.4
[gat-train] update=2157 samples=43140 fps=13.0 loss=0.8967 actor=-1.8314 value=2.7619 entropy=3.3779 mean_return=0.303 mean_len=71.4
[gat-train] update=2158 samples=43160 fps=13.0 loss=60.6961 actor=8.7295 value=51.9981 entropy=3.1583 mean_return=0.305 mean_len=71.4
[gat-train] update=2159 samples=43180 fps=13.0 loss=54.2110 actor=5.6147 value=48.6301 entropy=3.3876 mean_return=0.317 mean_len=71.1
[gat-train] update=2160 samples=43200 fps=13.0 loss=2.8485 actor=-2.5914 value=5.4762 entropy=3.6313 mean_return=0.317 mean_len=71.1
[gat-train] update=2161 samples=43220 fps=13.0 loss=2.7176 actor=1.9158 value=0.8400 entropy=3.8248 mean_return=0.317 mean_len=71.1
[gat-train] update=2162 samples=43240 fps=13.0 loss=4.4406 actor=1.7185 value=2.7596 entropy=3.7545 mean_return=0.317 mean_len=71.1
[gat-train] update=2163 samples=43260 fps=13.0 loss=54.5877 actor=8.1208 value=46.5001 entropy=3.3225 mean_return=0.332 mean_len=71.2
[gat-train] update=2164 samples=43280 fps=13.0 loss=64.6377 actor=7.9289 value=56.7423 entropy=3.3472 mean_return=0.316 mean_len=71.1
[gat-train] update=2165 samples=43300 fps=13.0 loss=3.1015 actor=-0.9175 value=4.0553 entropy=3.6267 mean_return=0.316 mean_len=71.1
[gat-train] update=2166 samples=43320 fps=13.0 loss=2.3295 actor=-0.5457 value=2.9139 entropy=3.8687 mean_return=0.316 mean_len=71.1
[gat-train] update=2167 samples=43340 fps=13.0 loss=-2.0839 actor=-3.4904 value=1.4453 entropy=3.8827 mean_return=0.316 mean_len=71.1
[gat-train] update=2168 samples=43360 fps=13.0 loss=2.8408 actor=1.9794 value=0.9017 entropy=4.0191 mean_return=0.316 mean_len=71.1
[gat-train] update=2169 samples=43380 fps=13.0 loss=-0.6755 actor=-1.4328 value=0.7965 entropy=3.9162 mean_return=0.316 mean_len=71.1
[gat-train] update=2170 samples=43400 fps=13.0 loss=-0.9448 actor=-3.1054 value=2.1984 entropy=3.7802 mean_return=0.316 mean_len=71.1
[gat-train] update=2171 samples=43420 fps=13.0 loss=2.4668 actor=0.9428 value=1.5615 entropy=3.7462 mean_return=0.316 mean_len=71.1
[gat-train] update=2172 samples=43440 fps=13.0 loss=12.6676 actor=0.0474 value=12.6556 entropy=3.5343 mean_return=0.301 mean_len=71.0
[gat-train] update=2173 samples=43460 fps=13.0 loss=-0.7684 actor=-3.7342 value=3.0008 entropy=3.5000 mean_return=0.301 mean_len=71.0
[gat-train] update=2174 samples=43480 fps=13.0 loss=44.3781 actor=7.0417 value=37.3734 entropy=3.7074 mean_return=0.329 mean_len=71.0
[gat-train] update=2175 samples=43500 fps=13.0 loss=1.7572 actor=0.8312 value=0.9630 entropy=3.7029 mean_return=0.329 mean_len=71.0
[gat-train] update=2176 samples=43520 fps=13.0 loss=0.5841 actor=-2.8067 value=3.4260 entropy=3.5158 mean_return=0.329 mean_len=71.0
[gat-train] update=2177 samples=43540 fps=13.1 loss=1.7256 actor=0.5406 value=1.2200 entropy=3.5012 mean_return=0.329 mean_len=71.0
[gat-train] update=2178 samples=43560 fps=13.1 loss=14.2111 actor=1.9979 value=12.2500 entropy=3.6810 mean_return=0.323 mean_len=70.9
[gat-train] update=2179 samples=43580 fps=13.1 loss=59.9991 actor=11.9827 value=48.0515 entropy=3.5166 mean_return=0.373 mean_len=70.9
[gat-train] update=2180 samples=43600 fps=13.1 loss=2.3421 actor=-2.2501 value=4.6265 entropy=3.4324 mean_return=0.373 mean_len=70.9
[gat-train] update=2181 samples=43620 fps=13.1 loss=5.1857 actor=3.7317 value=1.4904 entropy=3.6301 mean_return=0.373 mean_len=70.9
[gat-train] update=2182 samples=43640 fps=13.1 loss=-0.8734 actor=-2.4268 value=1.5899 entropy=3.6595 mean_return=0.373 mean_len=70.9
[gat-train] update=2183 samples=43660 fps=13.1 loss=-0.1026 actor=-3.0348 value=2.9668 entropy=3.4534 mean_return=0.373 mean_len=70.9
[gat-train] update=2184 samples=43680 fps=13.1 loss=6.0037 actor=1.0746 value=4.9627 entropy=3.3560 mean_return=0.373 mean_len=70.9
[gat-train] update=2185 samples=43700 fps=13.1 loss=5.3268 actor=2.1808 value=3.1796 entropy=3.3606 mean_return=0.373 mean_len=70.9
[gat-train] update=2186 samples=43720 fps=13.1 loss=43.6900 actor=0.0126 value=43.7076 entropy=3.0196 mean_return=0.352 mean_len=70.9
[gat-train] update=2187 samples=43740 fps=13.1 loss=1.3207 actor=-0.5124 value=1.8668 entropy=3.3688 mean_return=0.352 mean_len=70.9
[gat-train] update=2188 samples=43760 fps=13.1 loss=29.1522 actor=0.9194 value=28.2648 entropy=3.2051 mean_return=0.360 mean_len=70.7
[gat-train] update=2189 samples=43780 fps=13.1 loss=1.7420 actor=0.7596 value=1.0138 entropy=3.1375 mean_return=0.360 mean_len=70.7
[gat-train] update=2190 samples=43800 fps=13.1 loss=0.8469 actor=0.2029 value=0.6760 entropy=3.1989 mean_return=0.360 mean_len=70.7
[gat-train] update=2191 samples=43820 fps=13.1 loss=-0.3771 actor=-1.2730 value=0.9254 entropy=2.9419 mean_return=0.360 mean_len=70.7
[gat-train] update=2192 samples=43840 fps=13.1 loss=79.3065 actor=13.4986 value=65.8399 entropy=3.1952 mean_return=0.400 mean_len=70.2
[gat-train] update=2193 samples=43860 fps=13.1 loss=0.8347 actor=-0.3034 value=1.1713 entropy=3.3220 mean_return=0.400 mean_len=70.2
[gat-train] update=2194 samples=43880 fps=13.1 loss=3.2264 actor=2.4052 value=0.8563 entropy=3.5203 mean_return=0.400 mean_len=70.2
[gat-train] update=2195 samples=43900 fps=13.1 loss=2.8241 actor=-0.7229 value=3.5824 entropy=3.5454 mean_return=0.400 mean_len=70.2
[gat-train] update=2196 samples=43920 fps=13.1 loss=-0.8636 actor=-2.1319 value=1.3040 entropy=3.5727 mean_return=0.400 mean_len=70.2
[gat-train] update=2197 samples=43940 fps=13.1 loss=-0.3895 actor=-3.0912 value=2.7396 entropy=3.7952 mean_return=0.400 mean_len=70.2
[gat-train] update=2198 samples=43960 fps=13.1 loss=3.3555 actor=0.6891 value=2.7036 entropy=3.7169 mean_return=0.400 mean_len=70.2
[gat-train] update=2199 samples=43980 fps=13.1 loss=0.9798 actor=-6.1257 value=7.1414 entropy=3.5884 mean_return=0.400 mean_len=70.2
[gat-train] update=2200 samples=44000 fps=13.1 loss=70.8552 actor=13.0156 value=57.8768 entropy=3.7229 mean_return=0.425 mean_len=70.0
[gat-train] eval update=2200 comp_score=87.50 best=92.32
[gat-train] update=2201 samples=44020 fps=13.0 loss=4.4604 actor=-2.2569 value=6.7508 entropy=3.3474 mean_return=0.425 mean_len=70.0
[gat-train] update=2202 samples=44040 fps=13.0 loss=0.9221 actor=-1.7114 value=2.6649 entropy=3.1457 mean_return=0.425 mean_len=70.0
[gat-train] update=2203 samples=44060 fps=13.0 loss=44.3497 actor=3.0931 value=41.2889 entropy=3.2358 mean_return=0.421 mean_len=69.9
[gat-train] update=2204 samples=44080 fps=13.0 loss=36.9191 actor=6.4357 value=30.5155 entropy=3.2163 mean_return=0.460 mean_len=69.6
[gat-train] update=2205 samples=44100 fps=13.0 loss=0.2237 actor=-1.3694 value=1.6271 entropy=3.3914 mean_return=0.460 mean_len=69.6
[gat-train] update=2206 samples=44120 fps=13.0 loss=0.5776 actor=-0.2350 value=0.8473 entropy=3.4715 mean_return=0.460 mean_len=69.6
[gat-train] update=2207 samples=44140 fps=13.0 loss=22.0557 actor=0.6496 value=21.4407 entropy=3.4646 mean_return=0.445 mean_len=69.5
[gat-train] update=2208 samples=44160 fps=13.0 loss=0.5179 actor=0.2259 value=0.3293 entropy=3.7336 mean_return=0.445 mean_len=69.5
[gat-train] update=2209 samples=44180 fps=13.0 loss=-0.3361 actor=-0.5599 value=0.2614 entropy=3.7553 mean_return=0.445 mean_len=69.5
[gat-train] update=2210 samples=44200 fps=13.0 loss=-1.3411 actor=-2.0195 value=0.7162 entropy=3.7736 mean_return=0.445 mean_len=69.5
[gat-train] update=2211 samples=44220 fps=13.0 loss=0.8526 actor=-0.9138 value=1.8022 entropy=3.5836 mean_return=0.445 mean_len=69.5
[gat-train] update=2212 samples=44240 fps=13.0 loss=2.0037 actor=-0.2173 value=2.2564 entropy=3.5372 mean_return=0.445 mean_len=69.5
[gat-train] update=2213 samples=44260 fps=13.0 loss=51.2959 actor=8.8063 value=42.5239 entropy=3.4267 mean_return=0.451 mean_len=69.2
[gat-train] update=2214 samples=44280 fps=13.0 loss=0.8329 actor=-1.7156 value=2.5821 entropy=3.3554 mean_return=0.451 mean_len=69.2
[gat-train] update=2215 samples=44300 fps=13.0 loss=4.2622 actor=-1.4461 value=5.7415 entropy=3.3167 mean_return=0.451 mean_len=69.2
[gat-train] update=2216 samples=44320 fps=13.0 loss=70.3560 actor=13.1720 value=57.2173 entropy=3.3366 mean_return=0.491 mean_len=68.8
[gat-train] update=2217 samples=44340 fps=13.0 loss=54.5992 actor=6.6554 value=47.9742 entropy=3.0392 mean_return=0.473 mean_len=68.8
[gat-train] update=2218 samples=44360 fps=13.0 loss=3.6138 actor=-1.3425 value=4.9893 entropy=3.3009 mean_return=0.473 mean_len=68.8
[gat-train] update=2219 samples=44380 fps=13.0 loss=4.4665 actor=3.2839 value=1.2163 entropy=3.3767 mean_return=0.473 mean_len=68.8
[gat-train] update=2220 samples=44400 fps=13.0 loss=32.3178 actor=3.4309 value=28.9209 entropy=3.3931 mean_return=0.473 mean_len=68.5
[gat-train] update=2221 samples=44420 fps=13.0 loss=5.4403 actor=3.6282 value=1.8500 entropy=3.7824 mean_return=0.473 mean_len=68.5
[gat-train] update=2222 samples=44440 fps=13.0 loss=0.8428 actor=-0.1130 value=0.9931 entropy=3.7347 mean_return=0.473 mean_len=68.5
[gat-train] update=2223 samples=44460 fps=13.0 loss=1.9287 actor=0.3885 value=1.5781 entropy=3.7902 mean_return=0.473 mean_len=68.5
[gat-train] update=2224 samples=44480 fps=13.0 loss=0.9524 actor=-0.7494 value=1.7383 entropy=3.6551 mean_return=0.473 mean_len=68.5
[gat-train] update=2225 samples=44500 fps=13.0 loss=6.9411 actor=3.7216 value=3.2568 entropy=3.7268 mean_return=0.473 mean_len=68.5
[gat-train] update=2226 samples=44520 fps=13.1 loss=1.0403 actor=-3.6949 value=4.7684 entropy=3.3240 mean_return=0.473 mean_len=68.5
[gat-train] update=2227 samples=44540 fps=13.1 loss=55.0540 actor=9.4958 value=45.5933 entropy=3.5150 mean_return=0.498 mean_len=68.5
[gat-train] update=2228 samples=44560 fps=13.1 loss=1.7574 actor=-2.6104 value=4.4012 entropy=3.3384 mean_return=0.498 mean_len=68.5
[gat-train] update=2229 samples=44580 fps=13.1 loss=2.7476 actor=-2.2174 value=5.0006 entropy=3.5520 mean_return=0.498 mean_len=68.5
[gat-train] update=2230 samples=44600 fps=13.1 loss=6.5285 actor=3.3721 value=3.1908 entropy=3.4309 mean_return=0.498 mean_len=68.5
[gat-train] update=2231 samples=44620 fps=13.1 loss=48.0828 actor=5.5789 value=42.5317 entropy=2.7724 mean_return=0.454 mean_len=68.9
[gat-train] update=2232 samples=44640 fps=13.1 loss=16.3808 actor=0.5029 value=15.9113 entropy=3.3353 mean_return=0.429 mean_len=69.0
[gat-train] update=2233 samples=44660 fps=13.1 loss=-0.8330 actor=-2.9234 value=2.1258 entropy=3.5350 mean_return=0.429 mean_len=69.0
[gat-train] update=2234 samples=44680 fps=13.1 loss=42.0397 actor=8.4051 value=33.6709 entropy=3.6354 mean_return=0.418 mean_len=69.0
[gat-train] update=2235 samples=44700 fps=13.1 loss=-0.1261 actor=-0.8302 value=0.7412 entropy=3.7089 mean_return=0.418 mean_len=69.0
[gat-train] update=2236 samples=44720 fps=13.1 loss=0.6707 actor=-0.5649 value=1.2737 entropy=3.8127 mean_return=0.418 mean_len=69.0
[gat-train] update=2237 samples=44740 fps=13.1 loss=-0.9635 actor=-4.0613 value=3.1348 entropy=3.6976 mean_return=0.418 mean_len=69.0
[gat-train] update=2238 samples=44760 fps=13.1 loss=3.4459 actor=1.8119 value=1.6724 entropy=3.8349 mean_return=0.418 mean_len=69.0
[gat-train] update=2239 samples=44780 fps=13.1 loss=2.6710 actor=-0.0355 value=2.7440 entropy=3.7511 mean_return=0.418 mean_len=69.0
[gat-train] update=2240 samples=44800 fps=13.1 loss=46.2699 actor=7.1026 value=39.2036 entropy=3.6241 mean_return=0.407 mean_len=68.8
[gat-train] update=2241 samples=44820 fps=13.1 loss=2.2896 actor=0.0245 value=2.3013 entropy=3.6253 mean_return=0.407 mean_len=68.8
[gat-train] update=2242 samples=44840 fps=13.1 loss=0.6370 actor=-1.2256 value=1.8995 entropy=3.6918 mean_return=0.407 mean_len=68.8
[gat-train] update=2243 samples=44860 fps=13.1 loss=3.2347 actor=0.2579 value=3.0125 entropy=3.5616 mean_return=0.407 mean_len=68.8
[gat-train] update=2244 samples=44880 fps=13.1 loss=56.8558 actor=7.7188 value=49.1686 entropy=3.1649 mean_return=0.427 mean_len=68.8
[gat-train] update=2245 samples=44900 fps=13.1 loss=64.8754 actor=9.8238 value=55.0822 entropy=3.0531 mean_return=0.446 mean_len=68.6
[gat-train] update=2246 samples=44920 fps=13.1 loss=4.9405 actor=0.2373 value=4.7347 entropy=3.1438 mean_return=0.446 mean_len=68.6
[gat-train] update=2247 samples=44940 fps=13.1 loss=50.6277 actor=10.6641 value=39.9970 entropy=3.3420 mean_return=0.459 mean_len=68.4
[gat-train] update=2248 samples=44960 fps=13.1 loss=1.3864 actor=-0.7759 value=2.1953 entropy=3.3051 mean_return=0.459 mean_len=68.4
[gat-train] update=2249 samples=44980 fps=13.1 loss=-0.0844 actor=-0.7644 value=0.7155 entropy=3.5365 mean_return=0.459 mean_len=68.4
[gat-train] update=2250 samples=45000 fps=13.1 loss=1.1461 actor=-0.1784 value=1.3609 entropy=3.6355 mean_return=0.459 mean_len=68.4
[gat-train] eval update=2250 comp_score=89.26 best=92.32
[gat-train] update=2251 samples=45020 fps=13.1 loss=2.7630 actor=0.0921 value=2.7066 entropy=3.5711 mean_return=0.459 mean_len=68.4
[gat-train] update=2252 samples=45040 fps=13.1 loss=0.6271 actor=-1.2900 value=1.9484 entropy=3.1305 mean_return=0.459 mean_len=68.4
[gat-train] update=2253 samples=45060 fps=13.1 loss=24.4633 actor=1.6832 value=22.8146 entropy=3.4449 mean_return=0.445 mean_len=68.4
[gat-train] update=2254 samples=45080 fps=13.1 loss=3.0092 actor=1.7015 value=1.3435 entropy=3.5799 mean_return=0.445 mean_len=68.4
[gat-train] update=2255 samples=45100 fps=13.1 loss=-0.4017 actor=-3.5931 value=3.2237 entropy=3.2345 mean_return=0.445 mean_len=68.4
[gat-train] update=2256 samples=45120 fps=13.1 loss=49.4703 actor=4.4221 value=45.0821 entropy=3.3877 mean_return=0.474 mean_len=68.0
[gat-train] update=2257 samples=45140 fps=13.1 loss=-0.2336 actor=-1.3537 value=1.1554 entropy=3.5239 mean_return=0.474 mean_len=68.0
[gat-train] update=2258 samples=45160 fps=13.1 loss=3.7789 actor=1.5355 value=2.2790 entropy=3.5620 mean_return=0.474 mean_len=68.0
[gat-train] update=2259 samples=45180 fps=13.1 loss=49.9986 actor=9.1192 value=40.9135 entropy=3.4080 mean_return=0.455 mean_len=68.2
[gat-train] update=2260 samples=45200 fps=13.1 loss=13.4556 actor=1.9142 value=11.5768 entropy=3.5430 mean_return=0.433 mean_len=68.2
[gat-train] update=2261 samples=45220 fps=13.1 loss=-0.4226 actor=-0.7221 value=0.3362 entropy=3.6663 mean_return=0.433 mean_len=68.2
[gat-train] update=2262 samples=45240 fps=13.1 loss=1.2057 actor=0.4912 value=0.7528 entropy=3.8261 mean_return=0.433 mean_len=68.2
[gat-train] update=2263 samples=45260 fps=13.1 loss=2.8346 actor=1.9585 value=0.9126 entropy=3.6506 mean_return=0.433 mean_len=68.2
[gat-train] update=2264 samples=45280 fps=13.1 loss=-0.5118 actor=-2.4231 value=1.9481 entropy=3.6879 mean_return=0.433 mean_len=68.2
[gat-train] update=2265 samples=45300 fps=13.1 loss=1.2623 actor=-1.3047 value=2.6039 entropy=3.6936 mean_return=0.433 mean_len=68.2
[gat-train] update=2266 samples=45320 fps=13.1 loss=-0.4880 actor=-3.1455 value=2.6947 entropy=3.7151 mean_return=0.433 mean_len=68.2
[gat-train] update=2267 samples=45340 fps=13.1 loss=0.7397 actor=-0.1129 value=0.8883 entropy=3.5663 mean_return=0.433 mean_len=68.2
[gat-train] update=2268 samples=45360 fps=13.1 loss=48.5655 actor=7.4448 value=41.1535 entropy=3.2718 mean_return=0.432 mean_len=68.2
[gat-train] update=2269 samples=45380 fps=13.1 loss=26.7048 actor=3.1990 value=23.5391 entropy=3.3322 mean_return=0.431 mean_len=68.0
[gat-train] update=2270 samples=45400 fps=13.1 loss=5.6081 actor=2.4621 value=3.1810 entropy=3.4967 mean_return=0.431 mean_len=68.0
[gat-train] update=2271 samples=45420 fps=13.1 loss=3.3017 actor=1.5583 value=1.7754 entropy=3.2022 mean_return=0.431 mean_len=68.0
[gat-train] update=2272 samples=45440 fps=13.1 loss=34.4858 actor=6.1713 value=28.3454 entropy=3.0913 mean_return=0.418 mean_len=68.0
[gat-train] update=2273 samples=45460 fps=13.1 loss=4.2940 actor=1.8887 value=2.4370 entropy=3.1680 mean_return=0.418 mean_len=68.0
[gat-train] update=2274 samples=45480 fps=13.1 loss=16.2239 actor=4.0141 value=12.2423 entropy=3.2447 mean_return=0.400 mean_len=68.0
[gat-train] update=2275 samples=45500 fps=13.1 loss=-0.1776 actor=-1.3516 value=1.2067 entropy=3.2722 mean_return=0.400 mean_len=68.0
[gat-train] update=2276 samples=45520 fps=13.1 loss=-0.7159 actor=-2.2635 value=1.5818 entropy=3.4211 mean_return=0.400 mean_len=68.0
[gat-train] update=2277 samples=45540 fps=13.1 loss=-0.3505 actor=-1.2654 value=0.9488 entropy=3.3858 mean_return=0.400 mean_len=68.0
[gat-train] update=2278 samples=45560 fps=13.1 loss=0.7648 actor=-0.3129 value=1.1104 entropy=3.2709 mean_return=0.400 mean_len=68.0
[gat-train] update=2279 samples=45580 fps=13.1 loss=0.4261 actor=-1.8482 value=2.3065 entropy=3.2164 mean_return=0.400 mean_len=68.0
[gat-train] update=2280 samples=45600 fps=13.1 loss=5.9985 actor=1.9084 value=4.1225 entropy=3.2339 mean_return=0.400 mean_len=68.0
[gat-train] update=2281 samples=45620 fps=13.1 loss=0.7470 actor=-1.9352 value=2.7090 entropy=2.6758 mean_return=0.400 mean_len=68.0
[gat-train] update=2282 samples=45640 fps=13.1 loss=73.0441 actor=6.8790 value=66.1935 entropy=2.8403 mean_return=0.384 mean_len=68.2
[gat-train] update=2283 samples=45660 fps=13.1 loss=4.2257 actor=-1.7933 value=6.0490 entropy=3.0009 mean_return=0.384 mean_len=68.2
[gat-train] update=2284 samples=45680 fps=13.1 loss=3.1424 actor=2.2449 value=0.9293 entropy=3.1741 mean_return=0.384 mean_len=68.2
[gat-train] update=2285 samples=45700 fps=13.1 loss=6.8679 actor=2.6455 value=4.2495 entropy=2.7129 mean_return=0.384 mean_len=68.2
[gat-train] update=2286 samples=45720 fps=13.1 loss=43.6910 actor=5.7254 value=37.9935 entropy=2.7869 mean_return=0.432 mean_len=68.0
[gat-train] update=2287 samples=45740 fps=13.1 loss=0.8345 actor=0.4556 value=0.4115 entropy=3.2551 mean_return=0.432 mean_len=68.0
[gat-train] update=2288 samples=45760 fps=13.1 loss=-0.4031 actor=-0.7886 value=0.4189 entropy=3.3317 mean_return=0.432 mean_len=68.0
[gat-train] update=2289 samples=45780 fps=13.1 loss=0.4201 actor=-0.0131 value=0.4676 entropy=3.4281 mean_return=0.432 mean_len=68.0
[gat-train] update=2290 samples=45800 fps=13.1 loss=-0.1143 actor=-0.9510 value=0.8711 entropy=3.4331 mean_return=0.432 mean_len=68.0
[gat-train] update=2291 samples=45820 fps=13.1 loss=1.2511 actor=-1.0467 value=2.3327 entropy=3.5004 mean_return=0.432 mean_len=68.0
[gat-train] update=2292 samples=45840 fps=13.1 loss=2.5249 actor=-0.9387 value=3.4997 entropy=3.6049 mean_return=0.432 mean_len=68.0
[gat-train] update=2293 samples=45860 fps=13.1 loss=-1.7150 actor=-4.1456 value=2.4677 entropy=3.7181 mean_return=0.432 mean_len=68.0
[gat-train] update=2294 samples=45880 fps=13.1 loss=0.4677 actor=-2.0888 value=2.5931 entropy=3.6612 mean_return=0.432 mean_len=68.0
[gat-train] update=2295 samples=45900 fps=13.1 loss=3.4247 actor=1.2516 value=2.2108 entropy=3.7678 mean_return=0.432 mean_len=68.0
[gat-train] update=2296 samples=45920 fps=13.1 loss=-0.0403 actor=-1.5978 value=1.5915 entropy=3.4082 mean_return=0.432 mean_len=68.0
[gat-train] update=2297 samples=45940 fps=13.1 loss=20.8822 actor=2.1077 value=18.8046 entropy=3.0016 mean_return=0.412 mean_len=68.1
[gat-train] update=2298 samples=45960 fps=13.1 loss=39.4578 actor=3.4327 value=36.0540 entropy=2.8893 mean_return=0.392 mean_len=68.4
[gat-train] update=2299 samples=45980 fps=13.1 loss=28.3906 actor=3.1430 value=25.2772 entropy=2.9600 mean_return=0.421 mean_len=68.4
[gat-train] update=2300 samples=46000 fps=13.1 loss=3.5583 actor=1.5211 value=2.0699 entropy=3.2674 mean_return=0.421 mean_len=68.4
[gat-train] eval update=2300 comp_score=87.50 best=92.32
[gat-train] update=2301 samples=46020 fps=13.1 loss=33.4324 actor=8.1582 value=25.3063 entropy=3.2100 mean_return=0.428 mean_len=68.6
[gat-train] update=2302 samples=46040 fps=13.1 loss=1.1832 actor=-1.6383 value=2.8525 entropy=3.0904 mean_return=0.428 mean_len=68.6
[gat-train] update=2303 samples=46060 fps=13.1 loss=1.7549 actor=0.8028 value=0.9864 entropy=3.4239 mean_return=0.428 mean_len=68.6
[gat-train] update=2304 samples=46080 fps=13.1 loss=-0.3498 actor=-1.2461 value=0.9325 entropy=3.6249 mean_return=0.428 mean_len=68.6
[gat-train] update=2305 samples=46100 fps=13.1 loss=1.3122 actor=0.8330 value=0.5165 entropy=3.7325 mean_return=0.428 mean_len=68.6
[gat-train] update=2306 samples=46120 fps=13.1 loss=-0.5161 actor=-1.6318 value=1.1532 entropy=3.7506 mean_return=0.428 mean_len=68.6
[gat-train] update=2307 samples=46140 fps=13.1 loss=-1.4111 actor=-2.0917 value=0.7175 entropy=3.6890 mean_return=0.428 mean_len=68.6
[gat-train] update=2308 samples=46160 fps=13.1 loss=3.3184 actor=0.5452 value=2.8102 entropy=3.6959 mean_return=0.428 mean_len=68.6
[gat-train] update=2309 samples=46180 fps=13.1 loss=3.9630 actor=1.8760 value=2.1228 entropy=3.5826 mean_return=0.428 mean_len=68.6
[gat-train] update=2310 samples=46200 fps=13.1 loss=46.2218 actor=4.1857 value=42.0688 entropy=3.2675 mean_return=0.460 mean_len=68.7
[gat-train] update=2311 samples=46220 fps=13.1 loss=2.1860 actor=-1.5710 value=3.7894 entropy=3.2474 mean_return=0.460 mean_len=68.7
[gat-train] update=2312 samples=46240 fps=13.1 loss=94.3491 actor=16.5219 value=77.8591 entropy=3.1893 mean_return=0.442 mean_len=68.9
[gat-train] update=2313 samples=46260 fps=13.1 loss=4.3631 actor=-0.0542 value=4.4476 entropy=3.0243 mean_return=0.442 mean_len=68.9
[gat-train] update=2314 samples=46280 fps=13.1 loss=2.3105 actor=1.1344 value=1.2074 entropy=3.1308 mean_return=0.442 mean_len=68.9
[gat-train] update=2315 samples=46300 fps=13.1 loss=12.6513 actor=1.6927 value=10.9903 entropy=3.1716 mean_return=0.464 mean_len=68.7
[gat-train] update=2316 samples=46320 fps=13.1 loss=1.3320 actor=0.5995 value=0.7656 entropy=3.3055 mean_return=0.464 mean_len=68.7
[gat-train] update=2317 samples=46340 fps=13.1 loss=1.0164 actor=0.6726 value=0.3788 entropy=3.5003 mean_return=0.464 mean_len=68.7
[gat-train] update=2318 samples=46360 fps=13.1 loss=-0.3051 actor=-1.2171 value=0.9472 entropy=3.5166 mean_return=0.464 mean_len=68.7
[gat-train] update=2319 samples=46380 fps=13.1 loss=2.4092 actor=-0.5474 value=2.9929 entropy=3.6375 mean_return=0.464 mean_len=68.7
[gat-train] update=2320 samples=46400 fps=13.1 loss=0.2193 actor=-3.2190 value=3.4735 entropy=3.5134 mean_return=0.464 mean_len=68.7
[gat-train] update=2321 samples=46420 fps=13.1 loss=-0.0079 actor=-1.6588 value=1.6873 entropy=3.6335 mean_return=0.464 mean_len=68.7
[gat-train] update=2322 samples=46440 fps=13.1 loss=-0.2526 actor=-1.9067 value=1.6909 entropy=3.6803 mean_return=0.464 mean_len=68.7
[gat-train] update=2323 samples=46460 fps=13.1 loss=2.8940 actor=0.2217 value=2.7066 entropy=3.4263 mean_return=0.464 mean_len=68.7
[gat-train] update=2324 samples=46480 fps=13.1 loss=40.8839 actor=1.5035 value=39.4148 entropy=3.4457 mean_return=0.460 mean_len=68.9
[gat-train] update=2325 samples=46500 fps=13.1 loss=6.2212 actor=0.4892 value=5.7663 entropy=3.4407 mean_return=0.460 mean_len=68.9
[gat-train] update=2326 samples=46520 fps=13.1 loss=4.3589 actor=1.0945 value=3.2955 entropy=3.1157 mean_return=0.460 mean_len=68.9
[gat-train] update=2327 samples=46540 fps=13.1 loss=49.3772 actor=5.0916 value=44.3148 entropy=2.9122 mean_return=0.511 mean_len=68.7
[gat-train] update=2328 samples=46560 fps=13.1 loss=2.0984 actor=0.1961 value=1.9345 entropy=3.2073 mean_return=0.511 mean_len=68.7
[gat-train] update=2329 samples=46580 fps=13.1 loss=-0.4871 actor=-0.8225 value=0.3686 entropy=3.3108 mean_return=0.511 mean_len=68.7
[gat-train] update=2330 samples=46600 fps=13.1 loss=47.2634 actor=7.0308 value=40.2632 entropy=3.0644 mean_return=0.491 mean_len=69.0
[gat-train] update=2331 samples=46620 fps=13.1 loss=-0.3004 actor=-1.0082 value=0.7389 entropy=3.1108 mean_return=0.491 mean_len=69.0
[gat-train] update=2332 samples=46640 fps=13.1 loss=0.8981 actor=0.0080 value=0.9249 entropy=3.4749 mean_return=0.491 mean_len=69.0
[gat-train] update=2333 samples=46660 fps=13.1 loss=1.9383 actor=1.3451 value=0.6286 entropy=3.5427 mean_return=0.491 mean_len=69.0
[gat-train] update=2334 samples=46680 fps=13.1 loss=-0.2524 actor=-1.6839 value=1.4661 entropy=3.4648 mean_return=0.491 mean_len=69.0
[gat-train] update=2335 samples=46700 fps=13.1 loss=0.1566 actor=-1.0629 value=1.2549 entropy=3.5378 mean_return=0.491 mean_len=69.0
[gat-train] update=2336 samples=46720 fps=13.1 loss=0.5409 actor=0.0812 value=0.4965 entropy=3.6807 mean_return=0.491 mean_len=69.0
[gat-train] update=2337 samples=46740 fps=13.1 loss=1.9608 actor=0.0904 value=1.9056 entropy=3.5144 mean_return=0.491 mean_len=69.0
[gat-train] update=2338 samples=46760 fps=13.1 loss=38.4042 actor=4.3737 value=34.0633 entropy=3.2768 mean_return=0.485 mean_len=69.0
[gat-train] update=2339 samples=46780 fps=13.1 loss=-0.1107 actor=-4.0709 value=3.9931 entropy=3.2760 mean_return=0.485 mean_len=69.0
[gat-train] update=2340 samples=46800 fps=13.1 loss=4.7708 actor=1.6641 value=3.1397 entropy=3.3107 mean_return=0.485 mean_len=69.0
[gat-train] update=2341 samples=46820 fps=13.1 loss=40.3334 actor=6.0825 value=34.2830 entropy=3.2118 mean_return=0.531 mean_len=69.1
[gat-train] update=2342 samples=46840 fps=13.1 loss=0.2571 actor=-0.3228 value=0.6103 entropy=3.0373 mean_return=0.531 mean_len=69.1
[gat-train] update=2343 samples=46860 fps=13.1 loss=0.4959 actor=-2.1794 value=2.7047 entropy=2.9401 mean_return=0.531 mean_len=69.1
[gat-train] update=2344 samples=46880 fps=13.1 loss=16.7592 actor=4.0316 value=12.7596 entropy=3.2017 mean_return=0.494 mean_len=69.4
[gat-train] update=2345 samples=46900 fps=13.1 loss=3.3266 actor=1.3633 value=1.9953 entropy=3.1986 mean_return=0.494 mean_len=69.4
[gat-train] update=2346 samples=46920 fps=13.1 loss=12.1453 actor=1.5193 value=10.6580 entropy=3.2026 mean_return=0.488 mean_len=69.5
[gat-train] update=2347 samples=46940 fps=13.1 loss=-0.5729 actor=-0.9163 value=0.3768 entropy=3.3407 mean_return=0.488 mean_len=69.5
[gat-train] update=2348 samples=46960 fps=13.1 loss=0.0196 actor=-0.2893 value=0.3443 entropy=3.5400 mean_return=0.488 mean_len=69.5
[gat-train] update=2349 samples=46980 fps=13.1 loss=1.6237 actor=0.6112 value=1.0475 entropy=3.5024 mean_return=0.488 mean_len=69.5
[gat-train] update=2350 samples=47000 fps=13.1 loss=-0.2863 actor=-1.2850 value=1.0347 entropy=3.5913 mean_return=0.488 mean_len=69.5
[gat-train] eval update=2350 comp_score=90.72 best=92.32
[gat-train] update=2351 samples=47020 fps=13.1 loss=0.5170 actor=-0.4971 value=1.0518 entropy=3.7708 mean_return=0.488 mean_len=69.5
[gat-train] update=2352 samples=47040 fps=13.1 loss=4.5279 actor=1.3495 value=3.2149 entropy=3.6513 mean_return=0.488 mean_len=69.5
[gat-train] update=2353 samples=47060 fps=13.1 loss=26.3096 actor=5.5983 value=20.7465 entropy=3.5175 mean_return=0.519 mean_len=69.6
[gat-train] update=2354 samples=47080 fps=13.1 loss=-0.0613 actor=-3.0329 value=3.0065 entropy=3.4971 mean_return=0.519 mean_len=69.6
[gat-train] update=2355 samples=47100 fps=13.1 loss=2.8175 actor=1.3668 value=1.4859 entropy=3.5129 mean_return=0.519 mean_len=69.6
[gat-train] update=2356 samples=47120 fps=13.1 loss=4.6847 actor=0.2600 value=4.4564 entropy=3.1694 mean_return=0.519 mean_len=69.6
[gat-train] update=2357 samples=47140 fps=13.1 loss=51.1705 actor=8.5122 value=42.6860 entropy=2.7665 mean_return=0.496 mean_len=69.7
[gat-train] update=2358 samples=47160 fps=13.1 loss=16.5569 actor=1.3486 value=15.2393 entropy=3.1006 mean_return=0.525 mean_len=69.6
[gat-train] update=2359 samples=47180 fps=13.1 loss=31.0989 actor=4.5306 value=26.6016 entropy=3.3374 mean_return=0.552 mean_len=69.6
[gat-train] update=2360 samples=47200 fps=13.1 loss=2.5776 actor=1.3994 value=1.2143 entropy=3.6092 mean_return=0.552 mean_len=69.6
[gat-train] update=2361 samples=47220 fps=13.1 loss=1.5178 actor=0.8999 value=0.6556 entropy=3.7642 mean_return=0.552 mean_len=69.6
[gat-train] update=2362 samples=47240 fps=13.1 loss=-0.3088 actor=-2.4506 value=2.1803 entropy=3.8461 mean_return=0.552 mean_len=69.6
[gat-train] update=2363 samples=47260 fps=13.1 loss=1.3905 actor=0.5257 value=0.9049 entropy=4.0149 mean_return=0.552 mean_len=69.6
[gat-train] update=2364 samples=47280 fps=13.1 loss=3.6889 actor=1.5724 value=2.1540 entropy=3.7396 mean_return=0.552 mean_len=69.6
[gat-train] update=2365 samples=47300 fps=13.1 loss=6.6400 actor=2.7912 value=3.8843 entropy=3.5513 mean_return=0.552 mean_len=69.6
[gat-train] update=2366 samples=47320 fps=13.1 loss=1.1834 actor=-0.8444 value=2.0614 entropy=3.3695 mean_return=0.552 mean_len=69.6
[gat-train] update=2367 samples=47340 fps=13.1 loss=23.9106 actor=-0.8073 value=24.7514 entropy=3.3536 mean_return=0.559 mean_len=69.6
[gat-train] update=2368 samples=47360 fps=13.1 loss=-0.7186 actor=-3.1460 value=2.4637 entropy=3.6278 mean_return=0.559 mean_len=69.6
[gat-train] update=2369 samples=47380 fps=13.1 loss=3.8411 actor=2.2376 value=1.6392 entropy=3.5670 mean_return=0.559 mean_len=69.6
[gat-train] update=2370 samples=47400 fps=13.1 loss=83.5099 actor=15.5637 value=67.9773 entropy=3.1113 mean_return=0.536 mean_len=69.4
[gat-train] update=2371 samples=47420 fps=13.1 loss=5.4133 actor=2.8700 value=2.5743 entropy=3.0937 mean_return=0.536 mean_len=69.4
[gat-train] update=2372 samples=47440 fps=13.1 loss=46.0983 actor=7.8976 value=38.2345 entropy=3.3826 mean_return=0.528 mean_len=69.2
[gat-train] update=2373 samples=47460 fps=13.1 loss=0.6995 actor=-1.2574 value=1.9936 entropy=3.6761 mean_return=0.528 mean_len=69.2
[gat-train] update=2374 samples=47480 fps=13.1 loss=1.4260 actor=0.2231 value=1.2412 entropy=3.8330 mean_return=0.528 mean_len=69.2
[gat-train] update=2375 samples=47500 fps=13.1 loss=0.4293 actor=-0.9923 value=1.4595 entropy=3.7948 mean_return=0.528 mean_len=69.2
[gat-train] update=2376 samples=47520 fps=13.1 loss=0.0036 actor=-2.0130 value=2.0557 entropy=3.9170 mean_return=0.528 mean_len=69.2
[gat-train] update=2377 samples=47540 fps=13.1 loss=1.0356 actor=-0.2364 value=1.3110 entropy=3.8919 mean_return=0.528 mean_len=69.2
[gat-train] update=2378 samples=47560 fps=13.1 loss=5.3698 actor=3.4735 value=1.9336 entropy=3.7327 mean_return=0.528 mean_len=69.2
[gat-train] update=2379 samples=47580 fps=13.1 loss=30.7641 actor=5.0684 value=25.7286 entropy=3.2963 mean_return=0.508 mean_len=69.2
[gat-train] update=2380 samples=47600 fps=13.1 loss=8.8759 actor=3.2281 value=5.6830 entropy=3.5266 mean_return=0.508 mean_len=69.2
[gat-train] update=2381 samples=47620 fps=13.1 loss=4.6748 actor=-0.0528 value=4.7585 entropy=3.0939 mean_return=0.508 mean_len=69.2
[gat-train] update=2382 samples=47640 fps=13.1 loss=29.7067 actor=4.6229 value=25.1162 entropy=3.2442 mean_return=0.519 mean_len=68.9
[gat-train] update=2383 samples=47660 fps=13.1 loss=12.9133 actor=2.4588 value=10.4907 entropy=3.6264 mean_return=0.523 mean_len=68.8
[gat-train] update=2384 samples=47680 fps=13.1 loss=2.7992 actor=2.0698 value=0.7671 entropy=3.7615 mean_return=0.523 mean_len=68.8
[gat-train] update=2385 samples=47700 fps=13.1 loss=52.8422 actor=6.0073 value=46.8713 entropy=3.6405 mean_return=0.495 mean_len=68.9
[gat-train] update=2386 samples=47720 fps=13.1 loss=2.5065 actor=-1.2455 value=3.7888 entropy=3.6792 mean_return=0.495 mean_len=68.9
[gat-train] update=2387 samples=47740 fps=13.1 loss=6.7812 actor=3.5179 value=3.3028 entropy=3.9594 mean_return=0.495 mean_len=68.9
[gat-train] update=2388 samples=47760 fps=13.1 loss=0.1324 actor=-1.0617 value=1.2317 entropy=3.7634 mean_return=0.495 mean_len=68.9
[gat-train] update=2389 samples=47780 fps=13.1 loss=-0.2339 actor=-6.1191 value=5.9225 entropy=3.7215 mean_return=0.495 mean_len=68.9
[gat-train] update=2390 samples=47800 fps=13.1 loss=1.8332 actor=-1.4461 value=3.3178 entropy=3.8540 mean_return=0.495 mean_len=68.9
[gat-train] update=2391 samples=47820 fps=13.1 loss=4.6923 actor=3.1777 value=1.5525 entropy=3.7895 mean_return=0.495 mean_len=68.9
[gat-train] update=2392 samples=47840 fps=13.1 loss=2.2826 actor=-3.1632 value=5.4795 entropy=3.3638 mean_return=0.495 mean_len=68.9
[gat-train] update=2393 samples=47860 fps=13.1 loss=4.9548 actor=1.5550 value=3.4319 entropy=3.2088 mean_return=0.495 mean_len=68.9
[gat-train] update=2394 samples=47880 fps=13.1 loss=13.1947 actor=-0.0243 value=13.2501 entropy=3.1148 mean_return=0.492 mean_len=69.0
[gat-train] update=2395 samples=47900 fps=13.1 loss=24.9406 actor=3.7596 value=21.2166 entropy=3.5514 mean_return=0.489 mean_len=68.9
[gat-train] update=2396 samples=47920 fps=13.1 loss=2.8471 actor=1.6669 value=1.2125 entropy=3.2277 mean_return=0.489 mean_len=68.9
[gat-train] update=2397 samples=47940 fps=13.1 loss=3.6991 actor=2.0064 value=1.7228 entropy=3.0057 mean_return=0.489 mean_len=68.9
[gat-train] update=2398 samples=47960 fps=13.1 loss=26.1055 actor=5.4430 value=20.6961 entropy=3.3537 mean_return=0.478 mean_len=68.7
[gat-train] update=2399 samples=47980 fps=13.1 loss=-0.7375 actor=-1.2780 value=0.5776 entropy=3.7136 mean_return=0.478 mean_len=68.7
[gat-train] update=2400 samples=48000 fps=13.1 loss=2.4957 actor=0.4272 value=2.1048 entropy=3.6268 mean_return=0.478 mean_len=68.7
[gat-train] eval update=2400 comp_score=88.97 best=92.32
[gat-train] update=2401 samples=48020 fps=13.1 loss=-0.8516 actor=-1.9443 value=1.1291 entropy=3.6304 mean_return=0.478 mean_len=68.7
[gat-train] update=2402 samples=48040 fps=13.1 loss=0.6632 actor=-1.6062 value=2.3044 entropy=3.4873 mean_return=0.478 mean_len=68.7
[gat-train] update=2403 samples=48060 fps=13.1 loss=1.2269 actor=-0.4025 value=1.6654 entropy=3.5961 mean_return=0.478 mean_len=68.7
[gat-train] update=2404 samples=48080 fps=13.1 loss=1.2315 actor=0.3580 value=0.9093 entropy=3.5797 mean_return=0.478 mean_len=68.7
[gat-train] update=2405 samples=48100 fps=13.1 loss=0.0860 actor=-1.4164 value=1.5347 entropy=3.2254 mean_return=0.478 mean_len=68.7
[gat-train] update=2406 samples=48120 fps=13.1 loss=2.6553 actor=-1.3062 value=3.9901 entropy=2.8661 mean_return=0.478 mean_len=68.7
[gat-train] update=2407 samples=48140 fps=13.1 loss=32.5511 actor=2.9629 value=29.6129 entropy=2.4627 mean_return=0.511 mean_len=68.7
[gat-train] update=2408 samples=48160 fps=13.1 loss=30.0026 actor=3.2304 value=26.8018 entropy=2.9569 mean_return=0.503 mean_len=68.6
[gat-train] update=2409 samples=48180 fps=13.1 loss=0.9217 actor=-2.5306 value=3.4841 entropy=3.1811 mean_return=0.503 mean_len=68.6
[gat-train] update=2410 samples=48200 fps=13.1 loss=7.3678 actor=3.9178 value=3.4801 entropy=3.0080 mean_return=0.503 mean_len=68.6
[gat-train] update=2411 samples=48220 fps=13.1 loss=28.3471 actor=2.8312 value=25.5416 entropy=2.5770 mean_return=0.502 mean_len=68.6
[gat-train] update=2412 samples=48240 fps=13.1 loss=25.6491 actor=4.5150 value=21.1615 entropy=2.7398 mean_return=0.459 mean_len=68.8
[gat-train] update=2413 samples=48260 fps=13.1 loss=4.4807 actor=2.1192 value=2.3905 entropy=2.9096 mean_return=0.459 mean_len=68.8
[gat-train] update=2414 samples=48280 fps=13.1 loss=2.7682 actor=-1.2094 value=4.0049 entropy=2.7330 mean_return=0.459 mean_len=68.8
[gat-train] update=2415 samples=48300 fps=13.1 loss=0.9461 actor=0.7114 value=0.2645 entropy=2.9830 mean_return=0.459 mean_len=68.8
[gat-train] update=2416 samples=48320 fps=13.1 loss=-0.8639 actor=-1.9945 value=1.1594 entropy=2.8824 mean_return=0.459 mean_len=68.8
[gat-train] update=2417 samples=48340 fps=13.1 loss=1.7434 actor=-0.2246 value=1.9994 entropy=3.1347 mean_return=0.459 mean_len=68.8
[gat-train] update=2418 samples=48360 fps=13.1 loss=-0.3160 actor=-1.0997 value=0.8146 entropy=3.0925 mean_return=0.459 mean_len=68.8
[gat-train] update=2419 samples=48380 fps=13.1 loss=2.3514 actor=0.8568 value=1.5265 entropy=3.1999 mean_return=0.459 mean_len=68.8
[gat-train] update=2420 samples=48400 fps=13.1 loss=3.3223 actor=1.2724 value=2.0820 entropy=3.2107 mean_return=0.459 mean_len=68.8
[gat-train] update=2421 samples=48420 fps=13.1 loss=37.4594 actor=4.0571 value=33.4328 entropy=3.0426 mean_return=0.464 mean_len=68.8
[gat-train] update=2422 samples=48440 fps=13.1 loss=22.9866 actor=3.3223 value=19.6924 entropy=2.8138 mean_return=0.454 mean_len=68.9
[gat-train] update=2423 samples=48460 fps=13.1 loss=0.6545 actor=-0.3615 value=1.0452 entropy=2.9143 mean_return=0.454 mean_len=68.9
[gat-train] update=2424 samples=48480 fps=13.1 loss=2.1762 actor=0.8943 value=1.3112 entropy=2.9271 mean_return=0.454 mean_len=68.9
[gat-train] update=2425 samples=48500 fps=13.1 loss=1.0519 actor=-1.1216 value=2.1983 entropy=2.4751 mean_return=0.454 mean_len=68.9
[gat-train] update=2426 samples=48520 fps=13.1 loss=23.5268 actor=3.9032 value=19.6478 entropy=2.4237 mean_return=0.455 mean_len=69.1
[gat-train] update=2427 samples=48540 fps=13.1 loss=0.5318 actor=0.2430 value=0.3123 entropy=2.3508 mean_return=0.455 mean_len=69.1
[gat-train] update=2428 samples=48560 fps=13.1 loss=12.2665 actor=1.6893 value=10.6010 entropy=2.3791 mean_return=0.450 mean_len=69.5
[gat-train] update=2429 samples=48580 fps=13.1 loss=-0.4373 actor=-1.4180 value=1.0056 entropy=2.4941 mean_return=0.450 mean_len=69.5
[gat-train] update=2430 samples=48600 fps=13.1 loss=-0.6165 actor=-1.3220 value=0.7322 entropy=2.6732 mean_return=0.450 mean_len=69.5
[gat-train] update=2431 samples=48620 fps=13.1 loss=-1.0417 actor=-1.5358 value=0.5210 entropy=2.6989 mean_return=0.450 mean_len=69.5
[gat-train] update=2432 samples=48640 fps=13.1 loss=-1.0998 actor=-2.4004 value=1.3290 entropy=2.8447 mean_return=0.450 mean_len=69.5
[gat-train] update=2433 samples=48660 fps=13.1 loss=-0.2987 actor=-1.9216 value=1.6525 entropy=2.9586 mean_return=0.450 mean_len=69.5
[gat-train] update=2434 samples=48680 fps=13.1 loss=2.3757 actor=-0.8848 value=3.2897 entropy=2.9276 mean_return=0.450 mean_len=69.5
[gat-train] update=2435 samples=48700 fps=13.1 loss=-0.0430 actor=-1.1608 value=1.1469 entropy=2.9093 mean_return=0.450 mean_len=69.5
[gat-train] update=2436 samples=48720 fps=13.1 loss=1.5277 actor=-0.2989 value=1.8542 entropy=2.7576 mean_return=0.450 mean_len=69.5
[gat-train] update=2437 samples=48740 fps=13.1 loss=35.7636 actor=3.8417 value=31.9458 entropy=2.4030 mean_return=0.469 mean_len=69.6
[gat-train] update=2438 samples=48760 fps=13.1 loss=12.9954 actor=1.7764 value=11.2435 entropy=2.4560 mean_return=0.419 mean_len=70.0
[gat-train] update=2439 samples=48780 fps=13.1 loss=4.4232 actor=1.1945 value=3.2533 entropy=2.4633 mean_return=0.419 mean_len=70.0
[gat-train] update=2440 samples=48800 fps=13.1 loss=1.8134 actor=0.9200 value=0.9184 entropy=2.4936 mean_return=0.419 mean_len=70.0
[gat-train] update=2441 samples=48820 fps=13.1 loss=29.2604 actor=3.5729 value=25.7097 entropy=2.2262 mean_return=0.424 mean_len=70.0
[gat-train] update=2442 samples=48840 fps=13.1 loss=2.9657 actor=1.5775 value=1.4071 entropy=1.8992 mean_return=0.424 mean_len=70.0
[gat-train] update=2443 samples=48860 fps=13.1 loss=1.5983 actor=0.6688 value=0.9514 entropy=2.1930 mean_return=0.424 mean_len=70.0
[gat-train] update=2444 samples=48880 fps=13.1 loss=45.3228 actor=7.3841 value=37.9627 entropy=2.3999 mean_return=0.397 mean_len=70.4
[gat-train] update=2445 samples=48900 fps=13.1 loss=0.2240 actor=-0.0903 value=0.3326 entropy=1.8399 mean_return=0.397 mean_len=70.4
[gat-train] update=2446 samples=48920 fps=13.1 loss=-0.1466 actor=-1.3380 value=1.2148 entropy=2.3415 mean_return=0.397 mean_len=70.4
[gat-train] update=2447 samples=48940 fps=13.1 loss=0.2762 actor=-0.3753 value=0.6762 entropy=2.4687 mean_return=0.397 mean_len=70.4
[gat-train] update=2448 samples=48960 fps=13.1 loss=0.0883 actor=-1.9853 value=2.0969 entropy=2.3317 mean_return=0.397 mean_len=70.4
[gat-train] update=2449 samples=48980 fps=13.1 loss=0.2511 actor=-2.9527 value=3.2285 entropy=2.4660 mean_return=0.397 mean_len=70.4
[gat-train] update=2450 samples=49000 fps=13.1 loss=4.1077 actor=-0.6719 value=4.8067 entropy=2.7126 mean_return=0.397 mean_len=70.4
[gat-train] eval update=2450 comp_score=88.97 best=92.32
[gat-train] update=2451 samples=49020 fps=13.1 loss=2.9688 actor=1.2860 value=1.7076 entropy=2.4840 mean_return=0.397 mean_len=70.4
[gat-train] update=2452 samples=49040 fps=13.1 loss=34.3017 actor=3.2069 value=31.1207 entropy=2.5858 mean_return=0.425 mean_len=70.6
[gat-train] update=2453 samples=49060 fps=13.1 loss=1.8897 actor=0.5059 value=1.4080 entropy=2.4234 mean_return=0.425 mean_len=70.6
[gat-train] update=2454 samples=49080 fps=13.1 loss=47.7371 actor=5.6991 value=42.0622 entropy=2.4319 mean_return=0.449 mean_len=70.9
[gat-train] update=2455 samples=49100 fps=13.1 loss=0.8193 actor=-0.0583 value=0.9000 entropy=2.2465 mean_return=0.449 mean_len=70.9
[gat-train] update=2456 samples=49120 fps=13.1 loss=35.5955 actor=4.5038 value=31.1153 entropy=2.3611 mean_return=0.463 mean_len=71.0
[gat-train] update=2457 samples=49140 fps=13.1 loss=-0.6899 actor=-2.0381 value=1.3738 entropy=2.5593 mean_return=0.463 mean_len=71.0
[gat-train] update=2458 samples=49160 fps=13.1 loss=0.6018 actor=0.1685 value=0.4594 entropy=2.6212 mean_return=0.463 mean_len=71.0
[gat-train] update=2459 samples=49180 fps=13.1 loss=1.2034 actor=-0.0468 value=1.2773 entropy=2.7091 mean_return=0.463 mean_len=71.0
[gat-train] update=2460 samples=49200 fps=13.1 loss=0.1637 actor=-0.4375 value=0.6303 entropy=2.9016 mean_return=0.463 mean_len=71.0
[gat-train] update=2461 samples=49220 fps=13.1 loss=35.2506 actor=3.3158 value=31.9623 entropy=2.7517 mean_return=0.451 mean_len=71.4
[gat-train] update=2462 samples=49240 fps=13.1 loss=-0.4851 actor=-1.2956 value=0.8389 entropy=2.8448 mean_return=0.451 mean_len=71.4
[gat-train] update=2463 samples=49260 fps=13.1 loss=-0.2369 actor=-0.8127 value=0.6072 entropy=3.1405 mean_return=0.451 mean_len=71.4
[gat-train] update=2464 samples=49280 fps=13.1 loss=-0.6357 actor=-1.1862 value=0.5826 entropy=3.2070 mean_return=0.451 mean_len=71.4
[gat-train] update=2465 samples=49300 fps=13.1 loss=1.6129 actor=-2.1728 value=3.8168 entropy=3.1068 mean_return=0.451 mean_len=71.4
[gat-train] update=2466 samples=49320 fps=13.1 loss=3.6909 actor=0.4831 value=3.2382 entropy=3.0412 mean_return=0.451 mean_len=71.4
[gat-train] update=2467 samples=49340 fps=13.1 loss=7.2925 actor=2.9117 value=4.4113 entropy=3.0450 mean_return=0.451 mean_len=71.4
[gat-train] update=2468 samples=49360 fps=13.1 loss=39.0754 actor=3.7260 value=35.3767 entropy=2.7344 mean_return=0.425 mean_len=71.8
[gat-train] update=2469 samples=49380 fps=13.1 loss=48.1236 actor=5.4689 value=42.6823 entropy=2.7628 mean_return=0.423 mean_len=71.9
[gat-train] update=2470 samples=49400 fps=13.1 loss=2.1969 actor=-1.0724 value=3.2951 entropy=2.5875 mean_return=0.423 mean_len=71.9
[gat-train] update=2471 samples=49420 fps=13.1 loss=61.9527 actor=9.9042 value=52.0772 entropy=2.8671 mean_return=0.415 mean_len=72.0
[gat-train] update=2472 samples=49440 fps=13.1 loss=2.6426 actor=-1.1769 value=3.8461 entropy=2.6494 mean_return=0.415 mean_len=72.0
[gat-train] update=2473 samples=49460 fps=13.1 loss=0.6131 actor=-0.7305 value=1.3724 entropy=2.8751 mean_return=0.415 mean_len=72.0
[gat-train] update=2474 samples=49480 fps=13.1 loss=1.3069 actor=0.6800 value=0.6553 entropy=2.8386 mean_return=0.415 mean_len=72.0
[gat-train] update=2475 samples=49500 fps=13.1 loss=-1.5484 actor=-4.5079 value=2.9881 entropy=2.8642 mean_return=0.415 mean_len=72.0
[gat-train] update=2476 samples=49520 fps=13.1 loss=0.3671 actor=-0.3725 value=0.7674 entropy=2.7843 mean_return=0.415 mean_len=72.0
[gat-train] update=2477 samples=49540 fps=13.1 loss=42.7338 actor=6.6426 value=36.1205 entropy=2.9308 mean_return=0.440 mean_len=72.0
[gat-train] update=2478 samples=49560 fps=13.1 loss=0.8812 actor=-0.9100 value=1.8173 entropy=2.6130 mean_return=0.440 mean_len=72.0
[gat-train] update=2479 samples=49580 fps=13.1 loss=-0.0724 actor=-3.5091 value=3.4639 entropy=2.7112 mean_return=0.440 mean_len=72.0
[gat-train] update=2480 samples=49600 fps=13.1 loss=-0.3323 actor=-3.6751 value=3.3708 entropy=2.8003 mean_return=0.440 mean_len=72.0
[gat-train] update=2481 samples=49620 fps=13.1 loss=-0.1640 actor=-2.5534 value=2.4133 entropy=2.3998 mean_return=0.440 mean_len=72.0
[gat-train] update=2482 samples=49640 fps=13.1 loss=-0.4055 actor=-2.1707 value=1.7908 entropy=2.5591 mean_return=0.440 mean_len=72.0
[gat-train] update=2483 samples=49660 fps=13.1 loss=58.8445 actor=9.8031 value=49.0673 entropy=2.5842 mean_return=0.405 mean_len=72.2
[gat-train] update=2484 samples=49680 fps=13.1 loss=6.2068 actor=-0.7782 value=7.0054 entropy=2.0394 mean_return=0.405 mean_len=72.2
[gat-train] update=2485 samples=49700 fps=13.1 loss=11.8955 actor=1.4474 value=10.4675 entropy=1.9522 mean_return=0.410 mean_len=72.2
[gat-train] update=2486 samples=49720 fps=13.1 loss=6.5829 actor=1.0965 value=5.5013 entropy=1.4952 mean_return=0.410 mean_len=72.2
[gat-train] update=2487 samples=49740 fps=13.1 loss=11.8473 actor=1.6826 value=10.1850 entropy=2.0290 mean_return=0.389 mean_len=72.4
[gat-train] update=2488 samples=49760 fps=13.1 loss=1.0423 actor=0.3755 value=0.6876 entropy=2.0812 mean_return=0.389 mean_len=72.4
[gat-train] update=2489 samples=49780 fps=13.1 loss=-0.1644 actor=-1.2913 value=1.1501 entropy=2.3107 mean_return=0.389 mean_len=72.4
[gat-train] update=2490 samples=49800 fps=13.1 loss=-0.6366 actor=-1.5134 value=0.8962 entropy=1.9408 mean_return=0.389 mean_len=72.4
[gat-train] update=2491 samples=49820 fps=13.1 loss=0.5992 actor=-1.7825 value=2.4036 entropy=2.1968 mean_return=0.389 mean_len=72.4
[gat-train] update=2492 samples=49840 fps=13.1 loss=3.1323 actor=0.5898 value=2.5666 entropy=2.4004 mean_return=0.389 mean_len=72.4
[gat-train] update=2493 samples=49860 fps=13.1 loss=13.3056 actor=0.9687 value=12.3595 entropy=2.2580 mean_return=0.390 mean_len=72.6
[gat-train] update=2494 samples=49880 fps=13.1 loss=2.8704 actor=0.7842 value=2.1105 entropy=2.4254 mean_return=0.390 mean_len=72.6
[gat-train] update=2495 samples=49900 fps=13.1 loss=0.5330 actor=-0.6852 value=1.2440 entropy=2.5704 mean_return=0.390 mean_len=72.6
[gat-train] update=2496 samples=49920 fps=13.1 loss=-0.9302 actor=-2.0286 value=1.1244 entropy=2.5991 mean_return=0.390 mean_len=72.6
[gat-train] update=2497 samples=49940 fps=13.1 loss=-0.5723 actor=-2.3223 value=1.7740 entropy=2.4007 mean_return=0.390 mean_len=72.6
[gat-train] update=2498 samples=49960 fps=13.1 loss=1.7744 actor=0.3025 value=1.4996 entropy=2.7654 mean_return=0.390 mean_len=72.6
[gat-train] update=2499 samples=49980 fps=13.1 loss=87.9197 actor=15.2864 value=72.6611 entropy=2.7802 mean_return=0.418 mean_len=72.9
[gat-train] update=2500 samples=50000 fps=13.1 loss=0.1940 actor=-2.0500 value=2.2686 entropy=2.4573 mean_return=0.418 mean_len=72.9
[gat-train] eval update=2500 comp_score=89.99 best=92.32
Loading user config located at: '/home/user/isaacsim/kit/data/Kit/Isaac-Sim/5.1/user.config.json'
[Info] [carb] Logging to file: /home/user/isaacsim/kit/logs/Kit/Isaac-Sim/5.1/kit_20260630_134322.log
2026-06-30T04:43:23Z [163ms] [Warning] [omni.platforminfo.plugin] failed to open the default display.  Can't verify X Server version.
2026-06-30T04:43:23Z [164ms] [Warning] [omni.usd_config.extension] Enable omni.materialx.libs extension to use MaterialX
2026-06-30T04:43:23Z [407ms] [Warning] [carb] Acquiring non optional plugin interface which is not listed as dependency: [omni::physx::IPhysxBenchmarks v1.0] (plugin: <default plugin>), by client: omni.physics.physx.plugin. Add it to CARB_PLUGIN_IMPL_DEPS() macro of a client.
2026-06-30T04:43:23Z [501ms] [Warning] [omni.isaac.dynamic_control] omni.isaac.dynamic_control is deprecated as of Isaac Sim 4.5. No action is needed from end-users.
2026-06-30T04:43:25Z [2,047ms] [Warning] [gpu.foundation.plugin] Skipping unsupported non-NVIDIA GPU: AMD Unknown (RADV RAPHAEL_MENDOCINO)
2026-06-30T04:43:25Z [2,047ms] [Warning] [gpu.foundation.plugin] Skipping unsupported non-NVIDIA GPU: AMD Unknown (RADV RAPHAEL_MENDOCINO)

|---------------------------------------------------------------------------------------------|
| Driver Version: 580.159.03    | Graphics API: Vulkan
|=============================================================================================|
| GPU | Name                             | Active | LDA | GPU Memory | Vendor-ID | LUID       |
|     |                                  |        |     |            | Device-ID | UUID       |
|     |                                  |        |     |            | Bus-ID    |            |
|---------------------------------------------------------------------------------------------|
| 0   | NVIDIA RTX PRO 6000 Blackwell .. | Yes: 0 |     | 97887   MB | 10de      | 0          |
|     |                                  |        |     |            | 2bb1      | 25b334fd.. |
|     |                                  |        |     |            | 1         |            |
|---------------------------------------------------------------------------------------------|
| 1   | AMD Unknown (RADV RAPHAEL_MEND.. |        |     | 43508   MB | 1002      | 0          |
|     |                                  |        |     |            | 13c0      | 00000000.. |
|     |                                  |        |     |            | 79        |            |
|=============================================================================================|
| OS: 22.04.5 LTS (Jammy Jellyfish) ubuntu, Version: 22.04.5, Kernel: 6.8.0-124-generic
| Processor: AMD Ryzen 9 9950X3D 16-Core Processor
| Cores: 16 | Logical Cores: 32
|---------------------------------------------------------------------------------------------|
| Total Memory (MB): 126429 | Free Memory: 118795
| Total Page/Swap (MB): 2047 | Free Page/Swap: 2046
|---------------------------------------------------------------------------------------------|
2026-06-30T04:43:25Z [2,506ms] [Warning] [isaaclab.envs.direct_rl_env] Seed not set for the environment. The environment creation may not be deterministic.
[reward-sweep] profile=floor_low exited code=0 Tue Jun 30 02:47:22 PM KST 2026
