[sun-v2-5type] start run=sun_v2_env128_workers8_5type_uniform_ems_deploybest device=cuda:0 num_envs=128 workers=8 max_boxes=256 updates=2500 box_seed=0 warm_start=isaaclab_pallet/runs/sun_terminal18_env128_workers4_rand12to52official_sun_v2_resume_deploybest/PCT-best.pt Tue Jul 14 04:26:28 PM KST 2026
[sun-v2-5type] train_box_seq_dir=submit_buffer3_search/box_sequence train_type_sequences=box_sequence_0 box_sequence_1 eval_box_seq_dir=submit_buffer3_search/box_sequence eval_sequences=box_sequence_0 box_sequence_1 deploy_buffer=0
Gym has been unmaintained since 2022 and does not support NumPy 2.0 amongst other critical functionality.
Please upgrade to Gymnasium, the maintained drop-in replacement of Gym, or contact the authors of your software and request that they upgrade.
See the migration guide at https://gymnasium.farama.org/introduction/migration_guide/ for additional information.
[INFO][AppLauncher]: Using device: cuda:0
[INFO][AppLauncher]: Loading experience file: /home/user/IsaacLab/apps/isaaclab.python.headless.kit

[36m======================================================================================[0m
[36m[1m[INFO][IsaacLab]: Logging to file: /tmp/isaaclab/logs/isaaclab_2026-07-14_16-26-30.log[0m
[36m======================================================================================[0m

[33m16:26:30 [simulation_context.py] WARNING: The `enable_external_forces_every_iteration` parameter in the PhysxCfg is set to False. If you are experiencing noisy velocities, consider enabling this flag. You may need to slightly increase the number of velocity iterations (setting it to 1 or 2 rather than 0), together with this flag, to improve the accuracy of velocity updates.[0m
Gym has been unmaintained since 2022 and does not support NumPy 2.0 amongst other critical functionality.
Please upgrade to Gymnasium, the maintained drop-in replacement of Gym, or contact the authors of your software and request that they upgrade.
See the migration guide at https://gymnasium.farama.org/introduction/migration_guide/ for additional information.
Gym has been unmaintained since 2022 and does not support NumPy 2.0 amongst other critical functionality.
Please upgrade to Gymnasium, the maintained drop-in replacement of Gym, or contact the authors of your software and request that they upgrade.
See the migration guide at https://gymnasium.farama.org/introduction/migration_guide/ for additional information.
Gym has been unmaintained since 2022 and does not support NumPy 2.0 amongst other critical functionality.
Please upgrade to Gymnasium, the maintained drop-in replacement of Gym, or contact the authors of your software and request that they upgrade.
See the migration guide at https://gymnasium.farama.org/introduction/migration_guide/ for additional information.
Gym has been unmaintained since 2022 and does not support NumPy 2.0 amongst other critical functionality.
Please upgrade to Gymnasium, the maintained drop-in replacement of Gym, or contact the authors of your software and request that they upgrade.
See the migration guide at https://gymnasium.farama.org/introduction/migration_guide/ for additional information.
Gym has been unmaintained since 2022 and does not support NumPy 2.0 amongst other critical functionality.
Please upgrade to Gymnasium, the maintained drop-in replacement of Gym, or contact the authors of your software and request that they upgrade.
See the migration guide at https://gymnasium.farama.org/introduction/migration_guide/ for additional information.
Gym has been unmaintained since 2022 and does not support NumPy 2.0 amongst other critical functionality.
Please upgrade to Gymnasium, the maintained drop-in replacement of Gym, or contact the authors of your software and request that they upgrade.
See the migration guide at https://gymnasium.farama.org/introduction/migration_guide/ for additional information.
Gym has been unmaintained since 2022 and does not support NumPy 2.0 amongst other critical functionality.
Please upgrade to Gymnasium, the maintained drop-in replacement of Gym, or contact the authors of your software and request that they upgrade.
See the migration guide at https://gymnasium.farama.org/introduction/migration_guide/ for additional information.
Gym has been unmaintained since 2022 and does not support NumPy 2.0 amongst other critical functionality.
Please upgrade to Gymnasium, the maintained drop-in replacement of Gym, or contact the authors of your software and request that they upgrade.
See the migration guide at https://gymnasium.farama.org/introduction/migration_guide/ for additional information.
[INFO]: Base environment:
	Environment device    : cuda:0
	Environment seed      : None
	Physics step-size     : 0.008333333333333333
	Rendering step-size   : 0.16666666666666666
	Environment step-size : 0.16666666666666666
[33m16:26:51 [interactive_scene.py] WARNING: Collision filtering can only be automatically enabled when replicate_physics=True and using GPU simulation. Please call scene.filter_collisions(global_prim_paths) to filter collisions across environments.[0m
[INFO]: Time taken for scene creation : 20.594613 seconds
[INFO]: Scene manager:  <class InteractiveScene>
	Number of environments: 128
	Environment spacing   : 3.0
	Source prim name      : /World/envs/env_0
	Global prim paths     : []
	Replicate physics     : False
[INFO]: Starting the simulation. This may take a few seconds. Please wait...
[INFO]: Time taken for simulation start : 4.270878 seconds
[INFO]: Completed setting up the environment...
[gat-train] loaded GAT checkpoint: isaaclab_pallet/runs/sun_terminal18_env128_workers4_rand12to52official_sun_v2_resume_deploybest/PCT-best.pt
wandb: [wandb.login()] Loaded credentials for https://api.wandb.ai from /home/user/.netrc.
/home/user/miniconda3/envs/env_isaaclab/lib/python3.11/site-packages/wandb/analytics/sentry.py:269: DeprecationWarning: Read the `app_url` setting from the appropriate Settings object.
  app_url = wandb.util.app_url(tags["base_url"])  # type: ignore[index]
wandb: Currently logged in as: nkyeonjae1009 (nkyeonjae1009-university-of-seoul) to https://api.wandb.ai. Use `wandb login --relogin` to force relogin
/home/user/miniconda3/envs/env_isaaclab/lib/python3.11/site-packages/wandb/analytics/sentry.py:269: DeprecationWarning: Read the `app_url` setting from the appropriate Settings object.
  app_url = wandb.util.app_url(tags["base_url"])  # type: ignore[index]
/home/user/miniconda3/envs/env_isaaclab/lib/python3.11/site-packages/wandb/analytics/sentry.py:280: DeprecationWarning: The `Scope.user` setter is deprecated in favor of `Scope.set_user()`.
  self.scope.user = {"email": email}
wandb: setting up run 9xoobf7n
/home/user/miniconda3/envs/env_isaaclab/lib/python3.11/site-packages/wandb/analytics/sentry.py:269: DeprecationWarning: Read the `app_url` setting from the appropriate Settings object.
  app_url = wandb.util.app_url(tags["base_url"])  # type: ignore[index]
/home/user/miniconda3/envs/env_isaaclab/lib/python3.11/site-packages/wandb/analytics/sentry.py:280: DeprecationWarning: The `Scope.user` setter is deprecated in favor of `Scope.set_user()`.
  self.scope.user = {"email": email}
wandb: Tracking run with wandb version 0.28.0
wandb: Run data is saved locally in isaaclab_pallet/runs/sun_v2_5type_uniform/sun_v2_env128_workers8_5type_uniform_ems_deploybest/wandb/wandb/run-20260714_162657-9xoobf7n
wandb: Run `wandb offline` to turn off syncing.
wandb: Syncing run sun_v2_env128_workers8_5type_uniform_ems_deploybest
wandb: ⭐️ View project at https://wandb.ai/nkyeonjae1009-university-of-seoul/assignment2-pallet
wandb: 🚀 View run at https://wandb.ai/nkyeonjae1009-university-of-seoul/assignment2-pallet/runs/9xoobf7n
[gat-train] wandb run url: https://wandb.ai/nkyeonjae1009-university-of-seoul/assignment2-pallet/runs/9xoobf7n
[gat-train] run_dir=isaaclab_pallet/runs/sun_v2_5type_uniform/sun_v2_env128_workers8_5type_uniform_ems_deploybest device=cuda:0 num_envs=128 num_packer_workers=8 obs_shape=(128, 301, 9) leaf_shape=(128, 100, 9) num_steps=5 normFactor=0.8 drift_fail_threshold=0.4 box_source=fixed_type_random box_seed=0 train_box_seq_dir=submit_buffer3_search/box_sequence train_type_sequences=box_sequence_0,box_sequence_1 reward_profile=sun_v2 learn_finish_action=False action_space=100 candidate_generator=ems candidate_rerank_k=0 candidate_diversity_center_m=0.05
[gat-train] eval_seq_count=2 box_seq_dir=submit_buffer3_search/box_sequence eval_sequences=box_sequence_0,box_sequence_1
/home/user/Documents/assignment2_project/templete code/src/pct/convex_hull.py:104: DeprecationWarning: Arrays of 2-dimensional vectors are deprecated. Use arrays of 3-dimensional vectors instead. (deprecated in NumPy 2.0)
  if np.sum(np.cross(coords[i] - point, point - coords[j])) == 0:
[gat-train] initial deployment score = 80.89 min=80.28 bottom10=80.28 (torch_eval=89.99)  -> PCT-best.pt
/home/user/Documents/assignment2_project/templete code/src/pct/convex_hull.py:104: DeprecationWarning: Arrays of 2-dimensional vectors are deprecated. Use arrays of 3-dimensional vectors instead. (deprecated in NumPy 2.0)
  if np.sum(np.cross(coords[i] - point, point - coords[j])) == 0:
/home/user/Documents/assignment2_project/templete code/src/pct/convex_hull.py:104: DeprecationWarning: Arrays of 2-dimensional vectors are deprecated. Use arrays of 3-dimensional vectors instead. (deprecated in NumPy 2.0)
  if np.sum(np.cross(coords[i] - point, point - coords[j])) == 0:
/home/user/Documents/assignment2_project/templete code/src/pct/convex_hull.py:104: DeprecationWarning: Arrays of 2-dimensional vectors are deprecated. Use arrays of 3-dimensional vectors instead. (deprecated in NumPy 2.0)
  if np.sum(np.cross(coords[i] - point, point - coords[j])) == 0:
/home/user/Documents/assignment2_project/templete code/src/pct/convex_hull.py:104: DeprecationWarning: Arrays of 2-dimensional vectors are deprecated. Use arrays of 3-dimensional vectors instead. (deprecated in NumPy 2.0)
  if np.sum(np.cross(coords[i] - point, point - coords[j])) == 0:
/home/user/Documents/assignment2_project/templete code/src/pct/convex_hull.py:104: DeprecationWarning: Arrays of 2-dimensional vectors are deprecated. Use arrays of 3-dimensional vectors instead. (deprecated in NumPy 2.0)
  if np.sum(np.cross(coords[i] - point, point - coords[j])) == 0:
/home/user/Documents/assignment2_project/templete code/src/pct/convex_hull.py:104: DeprecationWarning: Arrays of 2-dimensional vectors are deprecated. Use arrays of 3-dimensional vectors instead. (deprecated in NumPy 2.0)
  if np.sum(np.cross(coords[i] - point, point - coords[j])) == 0:
/home/user/Documents/assignment2_project/templete code/src/pct/convex_hull.py:104: DeprecationWarning: Arrays of 2-dimensional vectors are deprecated. Use arrays of 3-dimensional vectors instead. (deprecated in NumPy 2.0)
  if np.sum(np.cross(coords[i] - point, point - coords[j])) == 0:
/home/user/Documents/assignment2_project/templete code/src/pct/convex_hull.py:104: DeprecationWarning: Arrays of 2-dimensional vectors are deprecated. Use arrays of 3-dimensional vectors instead. (deprecated in NumPy 2.0)
  if np.sum(np.cross(coords[i] - point, point - coords[j])) == 0:
[gat-train] update=1 samples=640 fps=62.8 loss=8.9188 actor=0.6017 value=8.3270 entropy=0.9866 mean_return=0.000 mean_len=0.0
[gat-train] update=2 samples=1280 fps=98.7 loss=0.4285 actor=-0.1172 value=0.5561 entropy=1.0414 mean_return=0.000 mean_len=0.0
[gat-train] update=3 samples=1920 fps=119.0 loss=0.9803 actor=-0.0221 value=1.0181 entropy=1.5703 mean_return=0.000 mean_len=0.0
[gat-train] update=4 samples=2560 fps=129.0 loss=2.4448 actor=0.5137 value=1.9528 entropy=2.1745 mean_return=0.000 mean_len=0.0
[gat-train] update=5 samples=3200 fps=132.6 loss=2.5293 actor=0.6811 value=1.8710 entropy=2.2793 mean_return=0.000 mean_len=0.0
[gat-train] update=6 samples=3840 fps=132.5 loss=3.2667 actor=1.1925 value=2.0967 entropy=2.2582 mean_return=0.000 mean_len=0.0
[gat-train] update=7 samples=4480 fps=131.1 loss=3.4672 actor=1.1064 value=2.3817 entropy=2.0894 mean_return=0.000 mean_len=0.0
[gat-train] update=8 samples=5120 fps=127.3 loss=3.4986 actor=0.7691 value=2.7480 entropy=1.8436 mean_return=0.000 mean_len=0.0
[gat-train] update=9 samples=5760 fps=124.5 loss=3.1246 actor=0.6621 value=2.4795 entropy=1.7015 mean_return=0.000 mean_len=0.0
[gat-train] update=10 samples=6400 fps=121.4 loss=4.1297 actor=1.0662 value=3.0803 entropy=1.6850 mean_return=0.000 mean_len=0.0
[gat-train] update=11 samples=7040 fps=117.8 loss=4.3916 actor=0.7303 value=3.6777 entropy=1.6317 mean_return=0.000 mean_len=0.0
[gat-train] update=12 samples=7680 fps=115.0 loss=4.1111 actor=0.4001 value=3.7269 entropy=1.5835 mean_return=0.000 mean_len=0.0
[gat-train] update=13 samples=8320 fps=112.1 loss=5.1219 actor=0.1464 value=4.9910 entropy=1.5475 mean_return=0.000 mean_len=0.0
[gat-train] update=14 samples=8960 fps=108.9 loss=5.8011 actor=-0.4754 value=6.2922 entropy=1.5753 mean_return=32.448 mean_len=68.0
[gat-train] update=15 samples=9600 fps=106.4 loss=6.4921 actor=-0.3627 value=6.8701 entropy=1.5303 mean_return=36.219 mean_len=70.8
[gat-train] update=16 samples=10240 fps=104.1 loss=12.6589 actor=-2.1604 value=14.8348 entropy=1.5543 mean_return=37.508 mean_len=77.3
[gat-train] update=17 samples=10880 fps=103.6 loss=12.8067 actor=-3.0039 value=15.8251 entropy=1.4478 mean_return=39.325 mean_len=80.7
[gat-train] update=18 samples=11520 fps=104.2 loss=11.3350 actor=-3.0456 value=14.3937 entropy=1.3132 mean_return=42.332 mean_len=87.0
[gat-train] update=19 samples=12160 fps=105.7 loss=6.0720 actor=-1.4671 value=7.5512 entropy=1.2134 mean_return=43.970 mean_len=90.5
[gat-train] update=20 samples=12800 fps=107.5 loss=3.6162 actor=-0.7261 value=4.3553 entropy=1.2938 mean_return=44.877 mean_len=93.5
[gat-train] update=21 samples=13440 fps=109.3 loss=2.5830 actor=0.2949 value=2.3008 entropy=1.2701 mean_return=44.977 mean_len=94.2
[gat-train] update=22 samples=14080 fps=110.8 loss=2.0891 actor=0.2990 value=1.8027 entropy=1.2584 mean_return=44.977 mean_len=94.2
[gat-train] update=23 samples=14720 fps=111.9 loss=2.4050 actor=0.4047 value=2.0124 entropy=1.2123 mean_return=44.977 mean_len=94.2
[gat-train] update=24 samples=15360 fps=112.6 loss=2.7448 actor=0.5898 value=2.1667 entropy=1.1705 mean_return=44.977 mean_len=94.2
[gat-train] update=25 samples=16000 fps=112.9 loss=3.8774 actor=0.9082 value=2.9804 entropy=1.1155 mean_return=44.977 mean_len=94.2
[gat-train] update=26 samples=16640 fps=112.9 loss=2.9247 actor=0.4645 value=2.4726 entropy=1.2438 mean_return=44.977 mean_len=94.2
[gat-train] update=27 samples=17280 fps=112.6 loss=3.8366 actor=0.8232 value=3.0258 entropy=1.2380 mean_return=44.977 mean_len=94.2
[gat-train] update=28 samples=17920 fps=111.9 loss=3.6157 actor=0.3792 value=3.2494 entropy=1.2874 mean_return=44.977 mean_len=94.2
[gat-train] update=29 samples=18560 fps=111.1 loss=4.2169 actor=0.5559 value=3.6745 entropy=1.3435 mean_return=44.977 mean_len=94.2
[gat-train] update=30 samples=19200 fps=109.9 loss=4.6918 actor=0.2953 value=4.4096 entropy=1.3100 mean_return=44.977 mean_len=94.2
[gat-train] update=31 samples=19840 fps=108.8 loss=6.9778 actor=0.0282 value=6.9629 entropy=1.3280 mean_return=44.535 mean_len=92.9
[gat-train] update=32 samples=20480 fps=107.7 loss=6.7950 actor=0.3697 value=6.4386 entropy=1.3342 mean_return=44.440 mean_len=92.4
[gat-train] update=33 samples=21120 fps=106.5 loss=8.5897 actor=0.0848 value=8.5179 entropy=1.3056 mean_return=44.152 mean_len=91.3
[gat-train] update=34 samples=21760 fps=105.4 loss=8.7377 actor=-0.6617 value=9.4133 entropy=1.3814 mean_return=44.063 mean_len=90.3
[gat-train] update=35 samples=22400 fps=104.8 loss=11.2078 actor=-1.7406 value=12.9627 entropy=1.4351 mean_return=43.719 mean_len=87.1
[gat-train] update=36 samples=23040 fps=104.7 loss=11.2040 actor=-2.4031 value=13.6224 entropy=1.5220 mean_return=45.291 mean_len=89.8
[gat-train] update=37 samples=23680 fps=104.8 loss=8.3597 actor=-1.8232 value=10.1984 entropy=1.5463 mean_return=46.622 mean_len=92.4
[gat-train] update=38 samples=24320 fps=105.4 loss=5.9453 actor=-1.4684 value=7.4305 entropy=1.6844 mean_return=47.533 mean_len=93.8
[gat-train] update=39 samples=24960 fps=106.2 loss=2.3880 actor=-0.3770 value=2.7809 entropy=1.5846 mean_return=48.212 mean_len=95.3
[gat-train] update=40 samples=25600 fps=106.8 loss=2.5359 actor=0.0854 value=2.4649 entropy=1.4422 mean_return=48.296 mean_len=95.9
[gat-train] update=41 samples=26240 fps=107.3 loss=3.1583 actor=0.4056 value=2.7661 entropy=1.3492 mean_return=48.321 mean_len=96.5
[gat-train] update=42 samples=26880 fps=107.7 loss=2.6032 actor=0.4302 value=2.1853 entropy=1.2258 mean_return=48.321 mean_len=96.5
[gat-train] update=43 samples=27520 fps=107.9 loss=2.7982 actor=0.5041 value=2.3064 entropy=1.2331 mean_return=48.321 mean_len=96.5
[gat-train] update=44 samples=28160 fps=107.9 loss=3.7126 actor=0.5751 value=3.1498 entropy=1.2257 mean_return=48.321 mean_len=96.5
[gat-train] update=45 samples=28800 fps=107.8 loss=3.2805 actor=0.4234 value=2.8689 entropy=1.1816 mean_return=48.321 mean_len=96.5
[gat-train] update=46 samples=29440 fps=107.6 loss=3.4891 actor=0.5275 value=2.9738 entropy=1.2140 mean_return=48.321 mean_len=96.5
[gat-train] update=47 samples=30080 fps=107.3 loss=3.7785 actor=0.4839 value=3.3071 entropy=1.2413 mean_return=48.321 mean_len=96.5
[gat-train] update=48 samples=30720 fps=106.7 loss=5.0622 actor=-0.1440 value=5.2185 entropy=1.2259 mean_return=47.931 mean_len=95.8
[gat-train] update=49 samples=31360 fps=106.1 loss=8.1568 actor=-0.4879 value=8.6570 entropy=1.2375 mean_return=47.716 mean_len=94.7
[gat-train] update=50 samples=32000 fps=105.6 loss=6.2135 actor=-0.4095 value=6.6352 entropy=1.2142 mean_return=46.922 mean_len=92.8
[gat-train] eval update=50 torch_score=87.82 deploy_score=80.89 min=80.28 bottom10=80.28 max_regression=0.00 regressions=0 guard_rejected=0 best=80.89
[gat-train] update=51 samples=32640 fps=102.5 loss=8.6852 actor=-0.8415 value=9.5390 entropy=1.2344 mean_return=46.047 mean_len=90.1
[gat-train] update=52 samples=33280 fps=101.9 loss=8.5888 actor=-0.8858 value=9.4865 entropy=1.2017 mean_return=44.721 mean_len=88.1
[gat-train] update=53 samples=33920 fps=101.5 loss=7.4899 actor=-0.7799 value=8.2829 entropy=1.3059 mean_return=43.539 mean_len=85.6
[gat-train] update=54 samples=34560 fps=101.4 loss=8.3281 actor=-1.5192 value=9.8606 entropy=1.3342 mean_return=43.311 mean_len=85.9
[gat-train] update=55 samples=35200 fps=101.7 loss=8.8559 actor=-1.5461 value=10.4153 entropy=1.3355 mean_return=45.405 mean_len=89.9
[gat-train] update=56 samples=35840 fps=102.1 loss=6.0838 actor=-1.1076 value=7.2044 entropy=1.3003 mean_return=47.019 mean_len=92.2
[gat-train] update=57 samples=36480 fps=102.4 loss=4.1111 actor=-0.6013 value=4.7256 entropy=1.3209 mean_return=47.884 mean_len=93.5
[gat-train] update=58 samples=37120 fps=102.7 loss=2.7262 actor=0.1284 value=2.6131 entropy=1.5293 mean_return=47.817 mean_len=93.9
[gat-train] update=59 samples=37760 fps=103.0 loss=3.8032 actor=0.4009 value=3.4203 entropy=1.7989 mean_return=48.055 mean_len=94.5
[gat-train] update=60 samples=38400 fps=103.2 loss=3.5189 actor=-0.0106 value=3.5492 entropy=1.9659 mean_return=48.131 mean_len=95.2
[gat-train] update=61 samples=39040 fps=103.4 loss=3.7650 actor=1.1065 value=2.6779 entropy=1.9380 mean_return=48.131 mean_len=95.2
[gat-train] update=62 samples=39680 fps=103.5 loss=3.7477 actor=0.9969 value=2.7704 entropy=1.9623 mean_return=48.131 mean_len=95.2
[gat-train] update=63 samples=40320 fps=103.6 loss=4.1323 actor=0.7025 value=3.4501 entropy=2.0224 mean_return=48.131 mean_len=95.2
[gat-train] update=64 samples=40960 fps=103.5 loss=5.3349 actor=0.3648 value=4.9901 entropy=2.0026 mean_return=48.016 mean_len=94.9
[gat-train] update=65 samples=41600 fps=103.3 loss=6.3926 actor=-0.2772 value=6.6900 entropy=2.0175 mean_return=47.186 mean_len=93.3
[gat-train] update=66 samples=42240 fps=103.1 loss=4.7589 actor=0.7041 value=4.0737 entropy=1.8851 mean_return=47.075 mean_len=93.2
[gat-train] update=67 samples=42880 fps=102.8 loss=3.9890 actor=-0.0881 value=4.0957 entropy=1.8624 mean_return=46.934 mean_len=93.1
[gat-train] update=68 samples=43520 fps=102.3 loss=7.4128 actor=-0.8554 value=8.2875 entropy=1.9272 mean_return=45.269 mean_len=90.9
[gat-train] update=69 samples=44160 fps=102.0 loss=7.8157 actor=-1.2839 value=9.1184 entropy=1.8699 mean_return=44.003 mean_len=88.6
[gat-train] update=70 samples=44800 fps=101.7 loss=6.8417 actor=-0.9501 value=7.8098 entropy=1.8037 mean_return=42.403 mean_len=85.9
[gat-train] update=71 samples=45440 fps=101.5 loss=7.9206 actor=-1.7761 value=9.7147 entropy=1.7981 mean_return=41.575 mean_len=84.7
[gat-train] update=72 samples=46080 fps=101.3 loss=9.1640 actor=-2.1613 value=11.3435 entropy=1.8212 mean_return=41.819 mean_len=85.8
[gat-train] update=73 samples=46720 fps=101.4 loss=11.0109 actor=-2.7635 value=13.7920 entropy=1.7596 mean_return=42.545 mean_len=87.9
[gat-train] update=74 samples=47360 fps=101.7 loss=6.0444 actor=-1.2142 value=7.2746 entropy=1.6021 mean_return=42.831 mean_len=88.5
[gat-train] update=75 samples=48000 fps=101.9 loss=5.0174 actor=-0.6192 value=5.6531 entropy=1.6498 mean_return=43.556 mean_len=89.6
[gat-train] update=76 samples=48640 fps=102.1 loss=4.5110 actor=0.0336 value=4.4941 entropy=1.6656 mean_return=43.437 mean_len=89.4
[gat-train] update=77 samples=49280 fps=102.4 loss=3.2926 actor=0.1369 value=3.1730 entropy=1.7286 mean_return=43.555 mean_len=89.9
[gat-train] update=78 samples=49920 fps=102.5 loss=5.2078 actor=0.2613 value=4.9637 entropy=1.7220 mean_return=43.468 mean_len=89.5
[gat-train] update=79 samples=50560 fps=102.6 loss=3.5404 actor=0.7468 value=2.8106 entropy=1.7100 mean_return=43.468 mean_len=89.5
[gat-train] update=80 samples=51200 fps=102.7 loss=4.2542 actor=1.0706 value=3.2009 entropy=1.7259 mean_return=43.468 mean_len=89.5
[gat-train] update=81 samples=51840 fps=102.7 loss=5.6477 actor=0.4182 value=5.2468 entropy=1.7363 mean_return=42.969 mean_len=88.6
[gat-train] update=82 samples=52480 fps=102.5 loss=5.1816 actor=0.3458 value=4.8537 entropy=1.7875 mean_return=42.625 mean_len=87.9
[gat-train] update=83 samples=53120 fps=102.4 loss=5.4580 actor=-0.1128 value=5.5886 entropy=1.7874 mean_return=42.395 mean_len=87.3
[gat-train] update=84 samples=53760 fps=102.2 loss=5.8915 actor=-0.2966 value=6.2055 entropy=1.7374 mean_return=42.287 mean_len=86.7
[gat-train] update=85 samples=54400 fps=101.9 loss=5.4732 actor=-0.5762 value=6.0675 entropy=1.8117 mean_return=42.441 mean_len=86.8
[gat-train] update=86 samples=55040 fps=101.7 loss=7.1045 actor=-1.2409 value=8.3637 entropy=1.8362 mean_return=42.390 mean_len=86.1
[gat-train] update=87 samples=55680 fps=101.5 loss=7.6732 actor=-1.1973 value=8.8890 entropy=1.8467 mean_return=42.025 mean_len=85.0
[gat-train] update=88 samples=56320 fps=101.4 loss=8.8356 actor=-1.1330 value=9.9869 entropy=1.8273 mean_return=42.459 mean_len=85.0
[gat-train] update=89 samples=56960 fps=101.3 loss=10.7430 actor=-2.1157 value=12.8768 entropy=1.8134 mean_return=42.989 mean_len=86.6
[gat-train] update=90 samples=57600 fps=101.3 loss=6.8270 actor=-1.5382 value=8.3815 entropy=1.6259 mean_return=43.051 mean_len=86.5
[gat-train] update=91 samples=58240 fps=101.3 loss=5.5282 actor=-0.9533 value=6.4971 entropy=1.5558 mean_return=42.795 mean_len=86.5
[gat-train] update=92 samples=58880 fps=101.3 loss=5.3858 actor=-1.1959 value=6.5976 entropy=1.5876 mean_return=43.096 mean_len=87.7
[gat-train] update=93 samples=59520 fps=101.4 loss=7.5315 actor=-0.9085 value=8.4561 entropy=1.6051 mean_return=44.114 mean_len=89.5
[gat-train] update=94 samples=60160 fps=101.6 loss=5.2505 actor=-0.0539 value=5.3201 entropy=1.5813 mean_return=44.379 mean_len=90.3
[gat-train] update=95 samples=60800 fps=101.8 loss=3.7764 actor=0.1421 value=3.6509 entropy=1.6633 mean_return=44.272 mean_len=90.2
[gat-train] update=96 samples=61440 fps=101.9 loss=3.5508 actor=0.4754 value=3.0921 entropy=1.6638 mean_return=43.927 mean_len=89.8
[gat-train] update=97 samples=62080 fps=101.9 loss=3.3644 actor=0.7203 value=2.6614 entropy=1.7430 mean_return=44.000 mean_len=90.1
[gat-train] update=98 samples=62720 fps=101.9 loss=4.0965 actor=0.6254 value=3.4896 entropy=1.8476 mean_return=44.017 mean_len=89.8
[gat-train] update=99 samples=63360 fps=101.9 loss=4.5035 actor=0.4820 value=4.0408 entropy=1.9218 mean_return=43.976 mean_len=89.6
[gat-train] update=100 samples=64000 fps=101.8 loss=3.6335 actor=0.0765 value=3.5760 entropy=1.8936 mean_return=43.949 mean_len=89.5
[gat-train] eval update=100 torch_score=89.99 deploy_score=80.89 min=80.28 bottom10=80.28 max_regression=0.00 regressions=0 guard_rejected=0 best=80.89
[gat-train] update=101 samples=64640 fps=100.4 loss=4.1717 actor=-0.1481 value=4.3392 entropy=1.9364 mean_return=43.887 mean_len=89.5
[gat-train] update=102 samples=65280 fps=100.3 loss=6.1395 actor=0.4031 value=5.7557 entropy=1.9348 mean_return=43.716 mean_len=89.1
[gat-train] update=103 samples=65920 fps=100.1 loss=6.4980 actor=-0.7651 value=7.2825 entropy=1.9390 mean_return=43.514 mean_len=88.7
[gat-train] update=104 samples=66560 fps=100.0 loss=6.8058 actor=-1.6267 value=8.4523 entropy=1.9806 mean_return=42.771 mean_len=86.6
[gat-train] update=105 samples=67200 fps=99.8 loss=8.4372 actor=-2.2551 value=10.7112 entropy=1.8838 mean_return=42.007 mean_len=85.1
[gat-train] update=106 samples=67840 fps=99.8 loss=9.7994 actor=-2.0071 value=11.8251 entropy=1.8607 mean_return=42.309 mean_len=85.6
[gat-train] update=107 samples=68480 fps=99.7 loss=9.4894 actor=-2.2687 value=11.7779 entropy=1.9770 mean_return=42.447 mean_len=86.2
[gat-train] update=108 samples=69120 fps=99.8 loss=6.6274 actor=-1.4913 value=8.1384 entropy=1.9647 mean_return=42.568 mean_len=86.7
[gat-train] update=109 samples=69760 fps=100.0 loss=7.8479 actor=-1.4481 value=9.3168 entropy=2.0760 mean_return=42.361 mean_len=86.6
[gat-train] update=110 samples=70400 fps=100.0 loss=7.2431 actor=-1.0786 value=8.3426 entropy=2.0951 mean_return=42.585 mean_len=87.2
[gat-train] update=111 samples=71040 fps=100.2 loss=5.0583 actor=-0.2907 value=5.3697 entropy=2.0691 mean_return=42.667 mean_len=87.6
[gat-train] update=112 samples=71680 fps=100.3 loss=3.7712 actor=-0.0242 value=3.8167 entropy=2.1203 mean_return=42.667 mean_len=87.4
[gat-train] update=113 samples=72320 fps=100.4 loss=4.2076 actor=0.1002 value=4.1288 entropy=2.1385 mean_return=43.105 mean_len=87.8
[gat-train] update=114 samples=72960 fps=100.5 loss=4.3951 actor=0.1199 value=4.2958 entropy=2.0696 mean_return=43.225 mean_len=88.3
[gat-train] update=115 samples=73600 fps=100.5 loss=4.4979 actor=0.1260 value=4.3923 entropy=2.0467 mean_return=42.848 mean_len=87.6
[gat-train] update=116 samples=74240 fps=100.5 loss=4.0070 actor=0.3426 value=3.6844 entropy=2.0030 mean_return=42.761 mean_len=87.5
[gat-train] update=117 samples=74880 fps=100.5 loss=5.6503 actor=-0.0648 value=5.7345 entropy=1.9373 mean_return=42.578 mean_len=86.8
[gat-train] update=118 samples=75520 fps=100.4 loss=6.1135 actor=-0.1033 value=6.2366 entropy=1.9783 mean_return=42.219 mean_len=86.3
[gat-train] update=119 samples=76160 fps=100.4 loss=7.3792 actor=-0.2132 value=7.6113 entropy=1.8931 mean_return=41.735 mean_len=85.5
[gat-train] update=120 samples=76800 fps=100.3 loss=8.1879 actor=-0.5370 value=8.7436 entropy=1.8616 mean_return=41.469 mean_len=84.6
[gat-train] update=121 samples=77440 fps=100.2 loss=7.8188 actor=-1.2142 value=9.0509 entropy=1.7861 mean_return=41.166 mean_len=83.8
[gat-train] update=122 samples=78080 fps=100.1 loss=8.7005 actor=-1.2735 value=9.9909 entropy=1.6905 mean_return=39.566 mean_len=81.2
[gat-train] update=123 samples=78720 fps=100.1 loss=6.3330 actor=-0.9882 value=7.3365 entropy=1.5280 mean_return=40.092 mean_len=82.4
[gat-train] update=124 samples=79360 fps=100.2 loss=7.3278 actor=-1.1990 value=8.5416 entropy=1.4815 mean_return=40.539 mean_len=84.0
[gat-train] update=125 samples=80000 fps=100.2 loss=4.9220 actor=-0.7805 value=5.7170 entropy=1.4449 mean_return=40.928 mean_len=85.0
[gat-train] update=126 samples=80640 fps=100.3 loss=8.4101 actor=-1.8243 value=10.2489 entropy=1.4605 mean_return=41.425 mean_len=85.9
[gat-train] update=127 samples=81280 fps=100.4 loss=3.7707 actor=-0.3535 value=4.1377 entropy=1.3474 mean_return=41.776 mean_len=86.6
[gat-train] update=128 samples=81920 fps=100.5 loss=5.4814 actor=0.1594 value=5.3353 entropy=1.3268 mean_return=42.503 mean_len=87.3
[gat-train] update=129 samples=82560 fps=100.6 loss=4.1387 actor=-0.1601 value=4.3129 entropy=1.4056 mean_return=42.748 mean_len=87.7
[gat-train] update=130 samples=83200 fps=100.7 loss=3.5078 actor=0.3363 value=3.1854 entropy=1.3869 mean_return=42.666 mean_len=87.7
[gat-train] update=131 samples=83840 fps=100.7 loss=7.4563 actor=-0.0313 value=7.5021 entropy=1.4565 mean_return=42.686 mean_len=87.8
[gat-train] update=132 samples=84480 fps=100.8 loss=3.3928 actor=0.6595 value=2.7472 entropy=1.3928 mean_return=42.850 mean_len=88.2
[gat-train] update=133 samples=85120 fps=100.8 loss=3.9595 actor=0.4070 value=3.5670 entropy=1.4563 mean_return=43.351 mean_len=88.8
[gat-train] update=134 samples=85760 fps=100.7 loss=5.1527 actor=-0.0888 value=5.2566 entropy=1.5165 mean_return=43.173 mean_len=88.6
[gat-train] update=135 samples=86400 fps=100.7 loss=4.6447 actor=0.0032 value=4.6567 entropy=1.5175 mean_return=43.187 mean_len=88.7
[gat-train] update=136 samples=87040 fps=100.6 loss=4.4415 actor=0.3177 value=4.1393 entropy=1.5407 mean_return=43.419 mean_len=89.1
[gat-train] update=137 samples=87680 fps=100.6 loss=6.1190 actor=-0.3477 value=6.4824 entropy=1.5669 mean_return=43.372 mean_len=88.3
[gat-train] update=138 samples=88320 fps=100.4 loss=8.1592 actor=-0.8252 value=8.9997 entropy=1.5309 mean_return=43.123 mean_len=87.1
[gat-train] update=139 samples=88960 fps=100.3 loss=7.4883 actor=-0.9458 value=8.4496 entropy=1.5482 mean_return=43.278 mean_len=87.2
[gat-train] update=140 samples=89600 fps=100.3 loss=10.6926 actor=-1.4035 value=12.1112 entropy=1.5096 mean_return=43.390 mean_len=86.2
[gat-train] update=141 samples=90240 fps=100.2 loss=9.3503 actor=-1.7551 value=11.1203 entropy=1.4888 mean_return=43.787 mean_len=86.9
[gat-train] update=142 samples=90880 fps=100.3 loss=9.9224 actor=-1.4981 value=11.4354 entropy=1.4882 mean_return=44.144 mean_len=87.5
[gat-train] update=143 samples=91520 fps=100.3 loss=6.2958 actor=-1.6331 value=7.9437 entropy=1.4810 mean_return=44.304 mean_len=88.2
[gat-train] update=144 samples=92160 fps=100.4 loss=6.3772 actor=-0.9291 value=7.3216 entropy=1.5261 mean_return=44.820 mean_len=89.0
[gat-train] update=145 samples=92800 fps=100.5 loss=3.6007 actor=-0.3762 value=3.9919 entropy=1.5045 mean_return=45.014 mean_len=89.4
[gat-train] update=146 samples=93440 fps=100.6 loss=5.2491 actor=-0.0060 value=5.2697 entropy=1.4558 mean_return=45.319 mean_len=90.1
[gat-train] update=147 samples=94080 fps=100.6 loss=5.9438 actor=0.1454 value=5.8135 entropy=1.5132 mean_return=44.753 mean_len=89.3
[gat-train] update=148 samples=94720 fps=100.7 loss=3.1130 actor=-0.0426 value=3.1707 entropy=1.5131 mean_return=45.065 mean_len=90.0
[gat-train] update=149 samples=95360 fps=100.8 loss=4.0576 actor=0.0244 value=4.0486 entropy=1.5281 mean_return=45.116 mean_len=90.4
[gat-train] update=150 samples=96000 fps=100.8 loss=4.3958 actor=0.5453 value=3.8659 entropy=1.5447 mean_return=45.033 mean_len=90.0
[gat-train] eval update=150 torch_score=87.50 deploy_score=79.43 min=78.57 bottom10=78.57 max_regression=2.94 regressions=0 guard_rejected=0 best=80.89
[gat-train] update=151 samples=96640 fps=100.0 loss=4.1513 actor=0.1243 value=4.0429 entropy=1.5778 mean_return=44.948 mean_len=89.9
[gat-train] update=152 samples=97280 fps=100.0 loss=5.3620 actor=0.4786 value=4.8994 entropy=1.5955 mean_return=44.891 mean_len=89.7
[gat-train] update=153 samples=97920 fps=99.9 loss=5.3002 actor=0.3200 value=4.9965 entropy=1.6257 mean_return=44.914 mean_len=89.6
[gat-train] update=154 samples=98560 fps=99.8 loss=6.3386 actor=0.2261 value=6.1290 entropy=1.6554 mean_return=44.814 mean_len=89.0
[gat-train] update=155 samples=99200 fps=99.8 loss=6.1255 actor=-0.4477 value=6.5900 entropy=1.6813 mean_return=44.567 mean_len=88.1
[gat-train] update=156 samples=99840 fps=99.7 loss=7.8125 actor=-1.3028 value=9.1322 entropy=1.7001 mean_return=44.054 mean_len=87.6
[gat-train] update=157 samples=100480 fps=99.6 loss=11.4564 actor=-1.7028 value=13.1757 entropy=1.6474 mean_return=43.993 mean_len=86.7
[gat-train] update=158 samples=101120 fps=99.6 loss=9.8332 actor=-1.6172 value=11.4661 entropy=1.5775 mean_return=44.346 mean_len=87.2
[gat-train] update=159 samples=101760 fps=99.6 loss=6.8204 actor=-1.5552 value=8.3915 entropy=1.5919 mean_return=44.055 mean_len=87.9
[gat-train] update=160 samples=102400 fps=99.6 loss=8.4488 actor=-1.5294 value=9.9936 entropy=1.5424 mean_return=44.070 mean_len=88.2
[gat-train] update=161 samples=103040 fps=99.7 loss=5.2182 actor=-1.3253 value=6.5590 entropy=1.5557 mean_return=44.784 mean_len=89.4
[gat-train] update=162 samples=103680 fps=99.8 loss=3.9038 actor=-0.3584 value=4.2773 entropy=1.5138 mean_return=44.534 mean_len=89.3
[gat-train] update=163 samples=104320 fps=99.9 loss=5.4264 actor=-0.3293 value=5.7710 entropy=1.5326 mean_return=44.738 mean_len=89.4
[gat-train] update=164 samples=104960 fps=100.0 loss=4.0348 actor=-0.4363 value=4.4869 entropy=1.5846 mean_return=44.931 mean_len=89.6
[gat-train] update=165 samples=105600 fps=100.0 loss=3.5831 actor=0.4917 value=3.1076 entropy=1.6259 mean_return=44.953 mean_len=89.4
[gat-train] update=166 samples=106240 fps=100.0 loss=5.2501 actor=-0.2986 value=5.5656 entropy=1.6818 mean_return=45.646 mean_len=90.2
[gat-train] update=167 samples=106880 fps=100.1 loss=5.8006 actor=0.3470 value=5.4713 entropy=1.7708 mean_return=45.900 mean_len=91.1
[gat-train] update=168 samples=107520 fps=100.1 loss=3.9598 actor=0.4237 value=3.5543 entropy=1.8200 mean_return=45.979 mean_len=91.2
[gat-train] update=169 samples=108160 fps=100.0 loss=5.3306 actor=0.3918 value=4.9579 entropy=1.9055 mean_return=45.902 mean_len=90.8
[gat-train] update=170 samples=108800 fps=100.0 loss=4.0677 actor=0.1577 value=3.9300 entropy=1.9878 mean_return=46.037 mean_len=90.8
[gat-train] update=171 samples=109440 fps=100.0 loss=6.0924 actor=-0.7735 value=6.8859 entropy=1.9937 mean_return=45.718 mean_len=90.5
[gat-train] update=172 samples=110080 fps=99.9 loss=7.3639 actor=-0.7090 value=8.0934 entropy=2.0464 mean_return=44.967 mean_len=89.2
[gat-train] update=173 samples=110720 fps=99.8 loss=10.5505 actor=-2.2075 value=12.7792 entropy=2.1187 mean_return=43.555 mean_len=86.6
[gat-train] update=174 samples=111360 fps=99.8 loss=6.2647 actor=-1.3240 value=7.6091 entropy=2.0405 mean_return=42.376 mean_len=84.5
[gat-train] update=175 samples=112000 fps=99.8 loss=6.2460 actor=-0.7882 value=7.0552 entropy=2.1043 mean_return=41.973 mean_len=83.4
[gat-train] update=176 samples=112640 fps=99.8 loss=6.6299 actor=-1.4932 value=8.1456 entropy=2.2418 mean_return=41.572 mean_len=83.2
[gat-train] update=177 samples=113280 fps=99.8 loss=5.8451 actor=-1.0084 value=6.8759 entropy=2.2421 mean_return=41.768 mean_len=83.9
[gat-train] update=178 samples=113920 fps=99.8 loss=7.0907 actor=-1.4027 value=8.5157 entropy=2.2287 mean_return=42.371 mean_len=85.8
[gat-train] update=179 samples=114560 fps=99.8 loss=6.5621 actor=-1.4725 value=8.0571 entropy=2.2508 mean_return=43.165 mean_len=87.8
[gat-train] update=180 samples=115200 fps=99.9 loss=7.2560 actor=-1.1021 value=8.3808 entropy=2.2723 mean_return=42.890 mean_len=87.1
[gat-train] update=181 samples=115840 fps=100.0 loss=5.3298 actor=-0.5441 value=5.8974 entropy=2.3507 mean_return=42.912 mean_len=86.8
[gat-train] update=182 samples=116480 fps=100.0 loss=5.7527 actor=0.0951 value=5.6816 entropy=2.4107 mean_return=42.561 mean_len=86.5
[gat-train] update=183 samples=117120 fps=100.0 loss=4.3831 actor=-0.2527 value=4.6601 entropy=2.4321 mean_return=42.617 mean_len=86.0
[gat-train] update=184 samples=117760 fps=100.1 loss=6.0824 actor=-0.2750 value=6.3818 entropy=2.4444 mean_return=42.129 mean_len=85.0
[gat-train] update=185 samples=118400 fps=100.1 loss=4.9169 actor=0.1415 value=4.7996 entropy=2.4226 mean_return=41.489 mean_len=83.9
[gat-train] update=186 samples=119040 fps=100.1 loss=5.8130 actor=-0.2607 value=6.0976 entropy=2.3886 mean_return=41.156 mean_len=83.5
[gat-train] update=187 samples=119680 fps=100.0 loss=9.3578 actor=-1.8392 value=11.2201 entropy=2.3118 mean_return=39.859 mean_len=81.6
[gat-train] update=188 samples=120320 fps=100.0 loss=8.6681 actor=-1.1326 value=9.8224 entropy=2.1743 mean_return=38.832 mean_len=79.4
[gat-train] update=189 samples=120960 fps=100.0 loss=6.9757 actor=-1.0851 value=8.0819 entropy=2.1109 mean_return=38.352 mean_len=78.6
[gat-train] update=190 samples=121600 fps=100.0 loss=6.1852 actor=-0.9959 value=7.2013 entropy=2.0168 mean_return=38.264 mean_len=78.5
[gat-train] update=191 samples=122240 fps=100.0 loss=7.1066 actor=-0.8949 value=8.0209 entropy=1.9296 mean_return=38.117 mean_len=78.4
[gat-train] update=192 samples=122880 fps=99.9 loss=7.7100 actor=-0.7637 value=8.4934 entropy=1.9559 mean_return=37.455 mean_len=76.9
[gat-train] update=193 samples=123520 fps=99.9 loss=8.0758 actor=-1.4534 value=9.5480 entropy=1.8837 mean_return=38.552 mean_len=78.8
[gat-train] update=194 samples=124160 fps=99.9 loss=5.7041 actor=-1.2154 value=6.9371 entropy=1.7681 mean_return=38.752 mean_len=79.9
[gat-train] update=195 samples=124800 fps=99.9 loss=9.1100 actor=-1.1709 value=10.2977 entropy=1.6771 mean_return=38.687 mean_len=80.5
[gat-train] update=196 samples=125440 fps=99.9 loss=4.3267 actor=-0.6148 value=4.9570 entropy=1.5490 mean_return=38.670 mean_len=80.8
[gat-train] update=197 samples=126080 fps=99.9 loss=4.4642 actor=-0.3826 value=4.8620 entropy=1.5089 mean_return=39.703 mean_len=83.0
[gat-train] update=198 samples=126720 fps=100.0 loss=3.6266 actor=-0.2964 value=3.9373 entropy=1.4390 mean_return=40.003 mean_len=84.0
[gat-train] update=199 samples=127360 fps=100.0 loss=8.2186 actor=-0.3590 value=8.5923 entropy=1.4715 mean_return=39.916 mean_len=84.2
[gat-train] update=200 samples=128000 fps=100.0 loss=4.4914 actor=-0.1596 value=4.6643 entropy=1.3347 mean_return=40.373 mean_len=85.0
[gat-train] eval update=200 torch_score=91.59 deploy_score=85.17 min=81.50 bottom10=81.50 max_regression=0.00 regressions=0 guard_rejected=0 best=85.17  *NEW BEST -> PCT-best.pt*
[gat-train] update=201 samples=128640 fps=99.3 loss=4.7435 actor=0.1595 value=4.5970 entropy=1.3043 mean_return=40.606 mean_len=85.5
[gat-train] update=202 samples=129280 fps=99.3 loss=6.2033 actor=-0.4960 value=6.7126 entropy=1.3227 mean_return=41.149 mean_len=85.6
[gat-train] update=203 samples=129920 fps=99.3 loss=5.5943 actor=0.0716 value=5.5356 entropy=1.2897 mean_return=41.133 mean_len=85.4
[gat-train] update=204 samples=130560 fps=99.3 loss=3.2415 actor=0.0904 value=3.1642 entropy=1.3103 mean_return=41.065 mean_len=85.2
[gat-train] update=205 samples=131200 fps=99.2 loss=5.2531 actor=0.0632 value=5.2035 entropy=1.3615 mean_return=41.415 mean_len=85.7
[gat-train] update=206 samples=131840 fps=99.2 loss=7.1991 actor=-0.7919 value=8.0040 entropy=1.3022 mean_return=42.260 mean_len=86.9
[gat-train] update=207 samples=132480 fps=99.2 loss=5.2699 actor=-0.6875 value=5.9701 entropy=1.2687 mean_return=42.488 mean_len=87.5
[gat-train] update=208 samples=133120 fps=99.2 loss=7.8066 actor=-0.6877 value=8.5083 entropy=1.3959 mean_return=43.265 mean_len=88.4
[gat-train] update=209 samples=133760 fps=99.1 loss=9.1825 actor=-1.1536 value=10.3497 entropy=1.3530 mean_return=43.388 mean_len=88.0
[gat-train] update=210 samples=134400 fps=99.1 loss=6.5893 actor=-1.2821 value=7.8855 entropy=1.4127 mean_return=44.462 mean_len=89.6
[gat-train] update=211 samples=135040 fps=99.1 loss=5.1197 actor=-1.0100 value=6.1438 entropy=1.4051 mean_return=45.069 mean_len=90.4
[gat-train] update=212 samples=135680 fps=99.1 loss=5.0586 actor=-0.4977 value=5.5703 entropy=1.4007 mean_return=45.142 mean_len=89.8
[gat-train] update=213 samples=136320 fps=99.1 loss=6.6157 actor=-0.7319 value=7.3619 entropy=1.4236 mean_return=45.237 mean_len=89.7
[gat-train] update=214 samples=136960 fps=99.1 loss=5.5601 actor=-0.8321 value=6.4056 entropy=1.3363 mean_return=45.551 mean_len=90.4
[gat-train] update=215 samples=137600 fps=99.1 loss=3.4537 actor=0.0157 value=3.4515 entropy=1.3437 mean_return=45.760 mean_len=91.4
[gat-train] update=216 samples=138240 fps=99.1 loss=5.6703 actor=-0.7626 value=6.4460 entropy=1.3109 mean_return=45.388 mean_len=90.9
[gat-train] update=217 samples=138880 fps=99.1 loss=4.2029 actor=-0.0783 value=4.2942 entropy=1.2952 mean_return=45.192 mean_len=90.9
[gat-train] update=218 samples=139520 fps=99.1 loss=4.3980 actor=-0.0972 value=4.5084 entropy=1.3261 mean_return=45.464 mean_len=91.5
[gat-train] update=219 samples=140160 fps=99.1 loss=5.3319 actor=-0.2631 value=5.6080 entropy=1.3045 mean_return=45.416 mean_len=91.3
[gat-train] update=220 samples=140800 fps=99.1 loss=4.3971 actor=-0.1662 value=4.5772 entropy=1.3868 mean_return=45.552 mean_len=91.9
[gat-train] update=221 samples=141440 fps=99.1 loss=6.7139 actor=-0.5294 value=7.2567 entropy=1.3417 mean_return=45.864 mean_len=92.1
[gat-train] update=222 samples=142080 fps=99.1 loss=6.0941 actor=-0.1370 value=6.2446 entropy=1.3525 mean_return=45.745 mean_len=91.8
[gat-train] update=223 samples=142720 fps=99.1 loss=4.6199 actor=0.0717 value=4.5612 entropy=1.3014 mean_return=45.518 mean_len=91.4
[gat-train] update=224 samples=143360 fps=99.0 loss=6.1721 actor=-0.5075 value=6.6930 entropy=1.3390 mean_return=45.032 mean_len=90.5
[gat-train] update=225 samples=144000 fps=99.0 loss=6.3048 actor=-0.6431 value=6.9616 entropy=1.3666 mean_return=45.501 mean_len=91.1
[gat-train] update=226 samples=144640 fps=99.0 loss=6.4985 actor=-0.6965 value=7.2085 entropy=1.3544 mean_return=45.252 mean_len=89.5
[gat-train] update=227 samples=145280 fps=98.9 loss=8.1118 actor=-0.9573 value=9.0831 entropy=1.4014 mean_return=45.082 mean_len=89.2
[gat-train] update=228 samples=145920 fps=98.9 loss=8.3596 actor=-1.1927 value=9.5658 entropy=1.3529 mean_return=44.517 mean_len=88.0
[gat-train] update=229 samples=146560 fps=98.9 loss=6.1031 actor=-0.7345 value=6.8511 entropy=1.3454 mean_return=44.583 mean_len=88.4
[gat-train] update=230 samples=147200 fps=98.9 loss=9.1999 actor=-1.6499 value=10.8635 entropy=1.3715 mean_return=44.980 mean_len=88.6
[gat-train] update=231 samples=147840 fps=98.9 loss=5.6378 actor=-0.4769 value=6.1277 entropy=1.3000 mean_return=45.457 mean_len=89.4
[gat-train] update=232 samples=148480 fps=99.0 loss=4.9499 actor=-0.5656 value=5.5289 entropy=1.3425 mean_return=45.687 mean_len=89.6
[gat-train] update=233 samples=149120 fps=99.0 loss=5.3991 actor=-0.2577 value=5.6697 entropy=1.2932 mean_return=45.503 mean_len=89.3
[gat-train] update=234 samples=149760 fps=99.0 loss=9.7412 actor=-0.9334 value=10.6881 entropy=1.3460 mean_return=44.850 mean_len=88.2
[gat-train] update=235 samples=150400 fps=99.0 loss=4.3266 actor=0.0202 value=4.3197 entropy=1.3247 mean_return=45.083 mean_len=88.6
[gat-train] update=236 samples=151040 fps=99.0 loss=4.3384 actor=0.0955 value=4.2566 entropy=1.3566 mean_return=44.874 mean_len=88.3
[gat-train] update=237 samples=151680 fps=99.0 loss=4.3731 actor=-0.1407 value=4.5273 entropy=1.3439 mean_return=44.458 mean_len=87.9
[gat-train] update=238 samples=152320 fps=99.0 loss=4.5884 actor=-0.0678 value=4.6696 entropy=1.3408 mean_return=44.681 mean_len=88.7
[gat-train] update=239 samples=152960 fps=98.9 loss=6.7198 actor=-0.7571 value=7.4908 entropy=1.3917 mean_return=44.540 mean_len=88.9
[gat-train] update=240 samples=153600 fps=98.9 loss=6.0222 actor=-0.2144 value=6.2502 entropy=1.3578 mean_return=44.102 mean_len=88.4
[gat-train] update=241 samples=154240 fps=98.9 loss=5.9598 actor=-0.3922 value=6.3652 entropy=1.3269 mean_return=43.955 mean_len=88.1
[gat-train] update=242 samples=154880 fps=98.9 loss=6.7661 actor=-0.0678 value=6.8474 entropy=1.3502 mean_return=43.717 mean_len=87.6
[gat-train] update=243 samples=155520 fps=98.8 loss=5.9539 actor=-0.3594 value=6.3275 entropy=1.4201 mean_return=43.623 mean_len=87.4
[gat-train] update=244 samples=156160 fps=98.8 loss=7.3028 actor=-0.7226 value=8.0394 entropy=1.3974 mean_return=44.076 mean_len=88.4
[gat-train] update=245 samples=156800 fps=98.8 loss=7.3767 actor=-1.2198 value=8.6107 entropy=1.4268 mean_return=44.677 mean_len=88.8
[gat-train] update=246 samples=157440 fps=98.7 loss=7.2117 actor=-0.9570 value=8.1828 entropy=1.4145 mean_return=45.127 mean_len=89.5
[gat-train] update=247 samples=158080 fps=98.7 loss=7.5499 actor=-1.0974 value=8.6611 entropy=1.3688 mean_return=44.986 mean_len=89.0
[gat-train] update=248 samples=158720 fps=98.7 loss=5.8408 actor=-0.7983 value=6.6530 entropy=1.3938 mean_return=45.837 mean_len=90.6
[gat-train] update=249 samples=159360 fps=98.8 loss=5.9061 actor=-0.7489 value=6.6690 entropy=1.3897 mean_return=46.013 mean_len=90.9
[gat-train] update=250 samples=160000 fps=98.8 loss=7.1492 actor=-1.0533 value=8.2159 entropy=1.3464 mean_return=45.503 mean_len=90.1
[gat-train] eval update=250 torch_score=88.52 deploy_score=83.70 min=78.57 bottom10=78.57 max_regression=2.94 regressions=0 guard_rejected=0 best=85.17
[gat-train] update=251 samples=160640 fps=98.3 loss=4.9470 actor=-0.4817 value=5.4427 entropy=1.4048 mean_return=45.767 mean_len=90.9
[gat-train] update=252 samples=161280 fps=98.4 loss=3.7335 actor=-0.2820 value=4.0286 entropy=1.3064 mean_return=45.821 mean_len=90.8
[gat-train] update=253 samples=161920 fps=98.4 loss=5.3766 actor=-0.3501 value=5.7398 entropy=1.3123 mean_return=45.949 mean_len=91.5
[gat-train] update=254 samples=162560 fps=98.4 loss=6.0646 actor=-0.0817 value=6.1594 entropy=1.3106 mean_return=46.066 mean_len=91.7
[gat-train] update=255 samples=163200 fps=98.4 loss=4.0949 actor=0.2309 value=3.8768 entropy=1.2796 mean_return=46.396 mean_len=92.5
[gat-train] update=256 samples=163840 fps=98.3 loss=5.2738 actor=-0.0921 value=5.3798 entropy=1.3811 mean_return=46.275 mean_len=92.3
[gat-train] update=257 samples=164480 fps=98.3 loss=6.9229 actor=-0.3791 value=7.3155 entropy=1.3518 mean_return=46.260 mean_len=92.0
[gat-train] update=258 samples=165120 fps=98.3 loss=5.6217 actor=-0.3563 value=5.9923 entropy=1.4276 mean_return=45.902 mean_len=91.3
[gat-train] update=259 samples=165760 fps=98.3 loss=3.9792 actor=-0.1669 value=4.1605 entropy=1.4388 mean_return=46.045 mean_len=91.9
[gat-train] update=260 samples=166400 fps=98.2 loss=7.1020 actor=-0.4781 value=7.5941 entropy=1.4007 mean_return=45.841 mean_len=91.1
[gat-train] update=261 samples=167040 fps=98.2 loss=5.6425 actor=-0.2045 value=5.8619 entropy=1.4915 mean_return=45.774 mean_len=90.9
[gat-train] update=262 samples=167680 fps=98.2 loss=6.5462 actor=-0.5713 value=7.1319 entropy=1.4470 mean_return=45.943 mean_len=91.2
[gat-train] update=263 samples=168320 fps=98.1 loss=5.3914 actor=-0.2456 value=5.6509 entropy=1.3948 mean_return=46.182 mean_len=91.0
[gat-train] update=264 samples=168960 fps=98.1 loss=10.2388 actor=-1.2669 value=11.5206 entropy=1.4866 mean_return=46.407 mean_len=91.2
[gat-train] update=265 samples=169600 fps=98.1 loss=4.7549 actor=-0.3677 value=5.1375 entropy=1.4912 mean_return=46.957 mean_len=91.8
[gat-train] update=266 samples=170240 fps=98.0 loss=8.0875 actor=-1.0033 value=9.1062 entropy=1.5416 mean_return=47.037 mean_len=91.6
[gat-train] update=267 samples=170880 fps=98.1 loss=8.1194 actor=-1.3968 value=9.5311 entropy=1.4841 mean_return=46.938 mean_len=90.9
[gat-train] update=268 samples=171520 fps=98.1 loss=9.2278 actor=-1.1058 value=10.3489 entropy=1.5313 mean_return=46.813 mean_len=90.8
[gat-train] update=269 samples=172160 fps=98.1 loss=5.1226 actor=-0.4683 value=5.6067 entropy=1.5730 mean_return=46.678 mean_len=90.6
[gat-train] update=270 samples=172800 fps=98.2 loss=5.9672 actor=-0.7121 value=6.6954 entropy=1.6095 mean_return=45.983 mean_len=89.9
[gat-train] update=271 samples=173440 fps=98.2 loss=4.4201 actor=-0.2900 value=4.7248 entropy=1.4793 mean_return=45.798 mean_len=89.5
[gat-train] update=272 samples=174080 fps=98.2 loss=4.4544 actor=0.0678 value=4.4015 entropy=1.4992 mean_return=45.702 mean_len=90.0
[gat-train] update=273 samples=174720 fps=98.2 loss=5.8900 actor=-0.6574 value=6.5631 entropy=1.5743 mean_return=45.041 mean_len=89.2
[gat-train] update=274 samples=175360 fps=98.2 loss=7.2363 actor=-0.5867 value=7.8395 entropy=1.6527 mean_return=45.208 mean_len=89.8
[gat-train] update=275 samples=176000 fps=98.2 loss=6.0353 actor=-0.2907 value=6.3432 entropy=1.7256 mean_return=44.480 mean_len=88.7
[gat-train] update=276 samples=176640 fps=98.2 loss=5.0722 actor=-0.4423 value=5.5329 entropy=1.8409 mean_return=44.252 mean_len=88.4
[gat-train] update=277 samples=177280 fps=98.2 loss=5.7532 actor=-0.2979 value=6.0682 entropy=1.7031 mean_return=44.358 mean_len=88.1
[gat-train] update=278 samples=177920 fps=98.1 loss=5.4518 actor=-0.9712 value=6.4399 entropy=1.6962 mean_return=43.882 mean_len=87.3
[gat-train] update=279 samples=178560 fps=98.1 loss=7.1941 actor=-0.0782 value=7.2888 entropy=1.6589 mean_return=43.748 mean_len=87.7
[gat-train] update=280 samples=179200 fps=98.1 loss=4.3479 actor=-0.4636 value=4.8281 entropy=1.6661 mean_return=43.524 mean_len=87.8
[gat-train] update=281 samples=179840 fps=98.1 loss=7.4575 actor=-1.1815 value=8.6556 entropy=1.6581 mean_return=43.146 mean_len=86.4
[gat-train] update=282 samples=180480 fps=98.1 loss=9.3874 actor=-0.9858 value=10.3902 entropy=1.7007 mean_return=43.402 mean_len=87.0
[gat-train] update=283 samples=181120 fps=98.0 loss=7.2896 actor=-1.1433 value=8.4504 entropy=1.7419 mean_return=43.004 mean_len=86.6
[gat-train] update=284 samples=181760 fps=98.0 loss=6.1876 actor=-0.8018 value=7.0069 entropy=1.7535 mean_return=43.500 mean_len=87.6
[gat-train] update=285 samples=182400 fps=98.0 loss=7.4020 actor=-1.0902 value=8.5104 entropy=1.8143 mean_return=43.648 mean_len=87.3
[gat-train] update=286 samples=183040 fps=98.0 loss=6.1913 actor=-0.6401 value=6.8496 entropy=1.8253 mean_return=44.164 mean_len=88.9
[gat-train] update=287 samples=183680 fps=98.0 loss=9.0958 actor=-1.1529 value=10.2670 entropy=1.8263 mean_return=44.374 mean_len=89.1
[gat-train] update=288 samples=184320 fps=98.0 loss=5.0748 actor=-0.5767 value=5.6709 entropy=1.9377 mean_return=44.796 mean_len=90.2
[gat-train] update=289 samples=184960 fps=98.0 loss=6.3339 actor=-0.3960 value=6.7490 entropy=1.9131 mean_return=44.354 mean_len=89.3
[gat-train] update=290 samples=185600 fps=98.0 loss=7.5677 actor=-0.8340 value=8.4207 entropy=1.9095 mean_return=43.803 mean_len=88.2
[gat-train] update=291 samples=186240 fps=98.0 loss=3.5621 actor=0.0846 value=3.4955 entropy=1.8017 mean_return=43.925 mean_len=88.2
[gat-train] update=292 samples=186880 fps=98.0 loss=9.9583 actor=-0.6980 value=10.6744 entropy=1.8104 mean_return=42.987 mean_len=86.3
[gat-train] update=293 samples=187520 fps=98.0 loss=4.4836 actor=-0.0709 value=4.5713 entropy=1.6722 mean_return=42.780 mean_len=86.1
[gat-train] update=294 samples=188160 fps=98.0 loss=5.3759 actor=-0.1654 value=5.5580 entropy=1.6668 mean_return=42.279 mean_len=84.9
[gat-train] update=295 samples=188800 fps=98.0 loss=5.7083 actor=-0.6146 value=6.3393 entropy=1.6354 mean_return=41.839 mean_len=84.5
[gat-train] update=296 samples=189440 fps=98.0 loss=6.8200 actor=-0.7890 value=7.6243 entropy=1.5260 mean_return=41.657 mean_len=84.2
[gat-train] update=297 samples=190080 fps=98.0 loss=8.0830 actor=-0.6199 value=8.7179 entropy=1.5018 mean_return=40.685 mean_len=82.9
[gat-train] update=298 samples=190720 fps=97.9 loss=8.9906 actor=-1.3274 value=10.3331 entropy=1.5112 mean_return=40.129 mean_len=82.0
[gat-train] update=299 samples=191360 fps=97.9 loss=6.6161 actor=-0.7160 value=7.3467 entropy=1.4659 mean_return=40.204 mean_len=82.1
[gat-train] update=300 samples=192000 fps=97.9 loss=6.7733 actor=-1.0854 value=7.8733 entropy=1.4613 mean_return=40.547 mean_len=82.3
[gat-train] eval update=300 torch_score=88.52 deploy_score=83.70 min=78.57 bottom10=78.57 max_regression=2.94 regressions=0 guard_rejected=0 best=85.17
[gat-train] update=301 samples=192640 fps=97.5 loss=12.3972 actor=-0.0769 value=12.4870 entropy=1.2869 mean_return=40.707 mean_len=82.7
[gat-train] update=302 samples=193280 fps=97.5 loss=9.0479 actor=-1.5287 value=10.5897 entropy=1.3127 mean_return=40.928 mean_len=82.9
[gat-train] update=303 samples=193920 fps=97.5 loss=5.5894 actor=-0.7740 value=6.3759 entropy=1.2557 mean_return=41.511 mean_len=84.1
[gat-train] update=304 samples=194560 fps=97.5 loss=7.8311 actor=-0.7723 value=8.6162 entropy=1.2826 mean_return=41.991 mean_len=85.1
[gat-train] update=305 samples=195200 fps=97.5 loss=6.1998 actor=-0.4635 value=6.6764 entropy=1.3162 mean_return=42.457 mean_len=85.6
[gat-train] update=306 samples=195840 fps=97.5 loss=5.9092 actor=-0.8581 value=6.7802 entropy=1.2999 mean_return=42.972 mean_len=86.7
[gat-train] update=307 samples=196480 fps=97.5 loss=5.6926 actor=-0.2127 value=5.9179 entropy=1.2555 mean_return=43.537 mean_len=87.2
[gat-train] update=308 samples=197120 fps=97.4 loss=5.8073 actor=-0.5503 value=6.3702 entropy=1.2618 mean_return=43.630 mean_len=87.5
[gat-train] update=309 samples=197760 fps=97.4 loss=3.8914 actor=0.0441 value=3.8600 entropy=1.2633 mean_return=43.748 mean_len=88.0
Loading user config located at: '/home/user/isaacsim/kit/data/Kit/Isaac-Sim/5.1/user.config.json'
[Info] [carb] Logging to file: /home/user/isaacsim/kit/logs/Kit/Isaac-Sim/5.1/kit_20260714_162628.log
2026-07-14T07:26:28Z [162ms] [Warning] [omni.platforminfo.plugin] failed to open the default display.  Can't verify X Server version.
2026-07-14T07:26:28Z [163ms] [Warning] [omni.usd_config.extension] Enable omni.materialx.libs extension to use MaterialX
2026-07-14T07:26:28Z [395ms] [Warning] [carb] Acquiring non optional plugin interface which is not listed as dependency: [omni::physx::IPhysxBenchmarks v1.0] (plugin: <default plugin>), by client: omni.physics.physx.plugin. Add it to CARB_PLUGIN_IMPL_DEPS() macro of a client.
2026-07-14T07:26:28Z [491ms] [Warning] [omni.isaac.dynamic_control] omni.isaac.dynamic_control is deprecated as of Isaac Sim 4.5. No action is needed from end-users.
2026-07-14T07:26:30Z [2,075ms] [Warning] [gpu.foundation.plugin] Skipping unsupported non-NVIDIA GPU: AMD Unknown (RADV RAPHAEL_MENDOCINO)
2026-07-14T07:26:30Z [2,075ms] [Warning] [gpu.foundation.plugin] Skipping unsupported non-NVIDIA GPU: AMD Unknown (RADV RAPHAEL_MENDOCINO)

|---------------------------------------------------------------------------------------------|
| Driver Version: 580.159.03    | Graphics API: Vulkan
|=============================================================================================|
| GPU | Name                             | Active | LDA | GPU Memory | Vendor-ID | LUID       |
|     |                                  |        |     |            | Device-ID | UUID       |
|     |                                  |        |     |            | Bus-ID    |            |
|---------------------------------------------------------------------------------------------|
| 0   | NVIDIA RTX PRO 6000 Blackwell .. | Yes: 0 |     | 97887   MB | 10de      | 0          |
|     |                                  |        |     |            | 2bb1      | 25b334fd.. |
|     |                                  |        |     |            | 1         |            |
|---------------------------------------------------------------------------------------------|
| 1   | AMD Unknown (RADV RAPHAEL_MEND.. |        |     | 43508   MB | 1002      | 0          |
|     |                                  |        |     |            | 13c0      | 00000000.. |
|     |                                  |        |     |            | 79        |            |
|=============================================================================================|
| OS: 22.04.5 LTS (Jammy Jellyfish) ubuntu, Version: 22.04.5, Kernel: 6.8.0-124-generic
| Processor: AMD Ryzen 9 9950X3D 16-Core Processor
| Cores: 16 | Logical Cores: 32
|---------------------------------------------------------------------------------------------|
| Total Memory (MB): 126428 | Free Memory: 116716
| Total Page/Swap (MB): 2047 | Free Page/Swap: 2047
|---------------------------------------------------------------------------------------------|
2026-07-14T07:26:30Z [2,542ms] [Warning] [isaaclab.envs.direct_rl_env] Seed not set for the environment. The environment creation may not be deterministic.
Process SpawnProcess-6:
Process SpawnProcess-5:
Process SpawnProcess-8:
Process SpawnProcess-7:
Process SpawnProcess-3:
Process SpawnProcess-4:
Process SpawnProcess-2:
Process SpawnProcess-1:
Traceback (most recent call last):
Traceback (most recent call last):
Traceback (most recent call last):
Traceback (most recent call last):
Traceback (most recent call last):
Traceback (most recent call last):
Traceback (most recent call last):
  File "/home/user/miniconda3/envs/env_isaaclab/lib/python3.11/multiprocessing/process.py", line 314, in _bootstrap
    self.run()
  File "/home/user/miniconda3/envs/env_isaaclab/lib/python3.11/multiprocessing/process.py", line 314, in _bootstrap
    self.run()
  File "/home/user/miniconda3/envs/env_isaaclab/lib/python3.11/multiprocessing/process.py", line 108, in run
    self._target(*self._args, **self._kwargs)
  File "/home/user/miniconda3/envs/env_isaaclab/lib/python3.11/multiprocessing/process.py", line 108, in run
    self._target(*self._args, **self._kwargs)
Traceback (most recent call last):
  File "/home/user/Documents/assignment2_project/isaaclab_pallet/packer_pool.py", line 206, in _worker_loop
    cmd = conn.recv()
          ^^^^^^^^^^^
  File "/home/user/Documents/assignment2_project/isaaclab_pallet/packer_pool.py", line 206, in _worker_loop
    cmd = conn.recv()
          ^^^^^^^^^^^
  File "/home/user/miniconda3/envs/env_isaaclab/lib/python3.11/multiprocessing/connection.py", line 250, in recv
    buf = self._recv_bytes()
          ^^^^^^^^^^^^^^^^^^
  File "/home/user/miniconda3/envs/env_isaaclab/lib/python3.11/multiprocessing/connection.py", line 250, in recv
    buf = self._recv_bytes()
          ^^^^^^^^^^^^^^^^^^
  File "/home/user/miniconda3/envs/env_isaaclab/lib/python3.11/multiprocessing/connection.py", line 430, in _recv_bytes
    buf = self._recv(4)
          ^^^^^^^^^^^^^
  File "/home/user/miniconda3/envs/env_isaaclab/lib/python3.11/multiprocessing/connection.py", line 430, in _recv_bytes
    buf = self._recv(4)
          ^^^^^^^^^^^^^
  File "/home/user/miniconda3/envs/env_isaaclab/lib/python3.11/multiprocessing/connection.py", line 399, in _recv
    raise EOFError
  File "/home/user/miniconda3/envs/env_isaaclab/lib/python3.11/multiprocessing/connection.py", line 399, in _recv
    raise EOFError
EOFError
EOFError
  File "/home/user/miniconda3/envs/env_isaaclab/lib/python3.11/multiprocessing/process.py", line 314, in _bootstrap
    self.run()
  File "/home/user/miniconda3/envs/env_isaaclab/lib/python3.11/multiprocessing/process.py", line 108, in run
    self._target(*self._args, **self._kwargs)
  File "/home/user/miniconda3/envs/env_isaaclab/lib/python3.11/multiprocessing/process.py", line 314, in _bootstrap
    self.run()
  File "/home/user/Documents/assignment2_project/isaaclab_pallet/packer_pool.py", line 206, in _worker_loop
    cmd = conn.recv()
          ^^^^^^^^^^^
  File "/home/user/miniconda3/envs/env_isaaclab/lib/python3.11/multiprocessing/process.py", line 108, in run
    self._target(*self._args, **self._kwargs)
  File "/home/user/miniconda3/envs/env_isaaclab/lib/python3.11/multiprocessing/process.py", line 314, in _bootstrap
    self.run()
  File "/home/user/miniconda3/envs/env_isaaclab/lib/python3.11/multiprocessing/connection.py", line 250, in recv
    buf = self._recv_bytes()
          ^^^^^^^^^^^^^^^^^^
  File "/home/user/Documents/assignment2_project/isaaclab_pallet/packer_pool.py", line 206, in _worker_loop
    cmd = conn.recv()
          ^^^^^^^^^^^
  File "/home/user/miniconda3/envs/env_isaaclab/lib/python3.11/multiprocessing/connection.py", line 430, in _recv_bytes
    buf = self._recv(4)
          ^^^^^^^^^^^^^
  File "/home/user/miniconda3/envs/env_isaaclab/lib/python3.11/multiprocessing/process.py", line 108, in run
    self._target(*self._args, **self._kwargs)
  File "/home/user/miniconda3/envs/env_isaaclab/lib/python3.11/multiprocessing/connection.py", line 250, in recv
    buf = self._recv_bytes()
          ^^^^^^^^^^^^^^^^^^
  File "/home/user/miniconda3/envs/env_isaaclab/lib/python3.11/multiprocessing/connection.py", line 399, in _recv
    raise EOFError
  File "/home/user/Documents/assignment2_project/isaaclab_pallet/packer_pool.py", line 206, in _worker_loop
    cmd = conn.recv()
          ^^^^^^^^^^^
  File "/home/user/miniconda3/envs/env_isaaclab/lib/python3.11/multiprocessing/connection.py", line 430, in _recv_bytes
    buf = self._recv(4)
          ^^^^^^^^^^^^^
  File "/home/user/miniconda3/envs/env_isaaclab/lib/python3.11/multiprocessing/connection.py", line 250, in recv
    buf = self._recv_bytes()
          ^^^^^^^^^^^^^^^^^^
  File "/home/user/miniconda3/envs/env_isaaclab/lib/python3.11/multiprocessing/connection.py", line 399, in _recv
    raise EOFError
  File "/home/user/miniconda3/envs/env_isaaclab/lib/python3.11/multiprocessing/connection.py", line 430, in _recv_bytes
    buf = self._recv(4)
          ^^^^^^^^^^^^^
  File "/home/user/miniconda3/envs/env_isaaclab/lib/python3.11/multiprocessing/connection.py", line 399, in _recv
    raise EOFError
EOFError
EOFError
EOFError
  File "/home/user/miniconda3/envs/env_isaaclab/lib/python3.11/multiprocessing/process.py", line 314, in _bootstrap
    self.run()
  File "/home/user/miniconda3/envs/env_isaaclab/lib/python3.11/multiprocessing/process.py", line 108, in run
    self._target(*self._args, **self._kwargs)
  File "/home/user/Documents/assignment2_project/isaaclab_pallet/packer_pool.py", line 206, in _worker_loop
    cmd = conn.recv()
          ^^^^^^^^^^^
  File "/home/user/miniconda3/envs/env_isaaclab/lib/python3.11/multiprocessing/connection.py", line 250, in recv
    buf = self._recv_bytes()
          ^^^^^^^^^^^^^^^^^^
  File "/home/user/miniconda3/envs/env_isaaclab/lib/python3.11/multiprocessing/connection.py", line 430, in _recv_bytes
    buf = self._recv(4)
          ^^^^^^^^^^^^^
  File "/home/user/miniconda3/envs/env_isaaclab/lib/python3.11/multiprocessing/connection.py", line 399, in _recv
    raise EOFError
EOFError
  File "/home/user/miniconda3/envs/env_isaaclab/lib/python3.11/multiprocessing/process.py", line 314, in _bootstrap
    self.run()
  File "/home/user/miniconda3/envs/env_isaaclab/lib/python3.11/multiprocessing/process.py", line 108, in run
    self._target(*self._args, **self._kwargs)
  File "/home/user/Documents/assignment2_project/isaaclab_pallet/packer_pool.py", line 206, in _worker_loop
    cmd = conn.recv()
          ^^^^^^^^^^^
  File "/home/user/miniconda3/envs/env_isaaclab/lib/python3.11/multiprocessing/connection.py", line 250, in recv
    buf = self._recv_bytes()
          ^^^^^^^^^^^^^^^^^^
  File "/home/user/miniconda3/envs/env_isaaclab/lib/python3.11/multiprocessing/connection.py", line 430, in _recv_bytes
    buf = self._recv(4)
          ^^^^^^^^^^^^^
  File "/home/user/miniconda3/envs/env_isaaclab/lib/python3.11/multiprocessing/connection.py", line 399, in _recv
    raise EOFError
EOFError
  File "/home/user/miniconda3/envs/env_isaaclab/lib/python3.11/multiprocessing/process.py", line 314, in _bootstrap
    self.run()
  File "/home/user/miniconda3/envs/env_isaaclab/lib/python3.11/multiprocessing/process.py", line 108, in run
    self._target(*self._args, **self._kwargs)
  File "/home/user/Documents/assignment2_project/isaaclab_pallet/packer_pool.py", line 206, in _worker_loop
    cmd = conn.recv()
          ^^^^^^^^^^^
  File "/home/user/miniconda3/envs/env_isaaclab/lib/python3.11/multiprocessing/connection.py", line 250, in recv
    buf = self._recv_bytes()
          ^^^^^^^^^^^^^^^^^^
  File "/home/user/miniconda3/envs/env_isaaclab/lib/python3.11/multiprocessing/connection.py", line 430, in _recv_bytes
    buf = self._recv(4)
          ^^^^^^^^^^^^^
  File "/home/user/miniconda3/envs/env_isaaclab/lib/python3.11/multiprocessing/connection.py", line 399, in _recv
    raise EOFError
EOFError
[INFO][AppLauncher]: Using device: cuda:0
[INFO][AppLauncher]: Loading experience file: /home/user/IsaacLab/apps/isaaclab.python.headless.kit
Loading user config located at: '/home/user/isaacsim/kit/data/Kit/Isaac-Sim/5.1/user.config.json'
[Info] [carb] Logging to file: /home/user/isaacsim/kit/logs/Kit/Isaac-Sim/5.1/kit_20260714_162630.log
2026-07-14T07:26:31Z [183ms] [Warning] [omni.platforminfo.plugin] failed to open the default display.  Can't verify X Server version.
2026-07-14T07:26:31Z [185ms] [Warning] [omni.usd_config.extension] Enable omni.materialx.libs extension to use MaterialX
2026-07-14T07:26:31Z [518ms] [Warning] [carb] Acquiring non optional plugin interface which is not listed as dependency: [omni::physx::IPhysxBenchmarks v1.0] (plugin: <default plugin>), by client: omni.physics.physx.plugin. Add it to CARB_PLUGIN_IMPL_DEPS() macro of a client.
2026-07-14T07:26:31Z [625ms] [Warning] [omni.isaac.dynamic_control] omni.isaac.dynamic_control is deprecated as of Isaac Sim 4.5. No action is needed from end-users.
2026-07-14T07:26:34Z [3,373ms] [Warning] [gpu.foundation.plugin] Skipping unsupported non-NVIDIA GPU: AMD Unknown (RADV RAPHAEL_MENDOCINO)
2026-07-14T07:26:34Z [3,373ms] [Warning] [gpu.foundation.plugin] Skipping unsupported non-NVIDIA GPU: AMD Unknown (RADV RAPHAEL_MENDOCINO)

|---------------------------------------------------------------------------------------------|
| Driver Version: 580.159.03    | Graphics API: Vulkan
|=============================================================================================|
| GPU | Name                             | Active | LDA | GPU Memory | Vendor-ID | LUID       |
|     |                                  |        |     |            | Device-ID | UUID       |
|     |                                  |        |     |            | Bus-ID    |            |
|---------------------------------------------------------------------------------------------|
| 0   | NVIDIA RTX PRO 6000 Blackwell .. | Yes: 0 |     | 97887   MB | 10de      | 0          |
|     |                                  |        |     |            | 2bb1      | 25b334fd.. |
|     |                                  |        |     |            | 1         |            |
|---------------------------------------------------------------------------------------------|
| 1   | AMD Unknown (RADV RAPHAEL_MEND.. |        |     | 43508   MB | 1002      | 0          |
|     |                                  |        |     |            | 13c0      | 00000000.. |
|     |                                  |        |     |            | 79        |            |
|=============================================================================================|
| OS: 22.04.5 LTS (Jammy Jellyfish) ubuntu, Version: 22.04.5, Kernel: 6.8.0-124-generic
| Processor: AMD Ryzen 9 9950X3D 16-Core Processor
| Cores: 16 | Logical Cores: 32
|---------------------------------------------------------------------------------------------|
| Total Memory (MB): 126428 | Free Memory: 110775
| Total Page/Swap (MB): 2047 | Free Page/Swap: 2047
|---------------------------------------------------------------------------------------------|
2026-07-14T07:26:35Z [4,337ms] [Warning] [omni.kvdb.plugin] Disabling key-value database because another kit process is locking it
[INFO][AppLauncher]: Using device: cuda:0
[INFO][AppLauncher]: Loading experience file: /home/user/IsaacLab/apps/isaaclab.python.headless.kit
[INFO][AppLauncher]: Using device: cuda:0
[INFO][AppLauncher]: Loading experience file: /home/user/IsaacLab/apps/isaaclab.python.headless.kit
Loading user config located at: '/home/user/isaacsim/kit/data/Kit/Isaac-Sim/5.1/user.config.json'
[Info] [carb] Logging to file: /home/user/isaacsim/kit/logs/Kit/Isaac-Sim/5.1/kit_20260714_162630.log
2026-07-14T07:26:31Z [188ms] [Warning] [omni.platforminfo.plugin] failed to open the default display.  Can't verify X Server version.
2026-07-14T07:26:31Z [190ms] [Warning] [omni.usd_config.extension] Enable omni.materialx.libs extension to use MaterialX
2026-07-14T07:26:31Z [508ms] [Warning] [carb] Acquiring non optional plugin interface which is not listed as dependency: [omni::physx::IPhysxBenchmarks v1.0] (plugin: <default plugin>), by client: omni.physics.physx.plugin. Add it to CARB_PLUGIN_IMPL_DEPS() macro of a client.
2026-07-14T07:26:31Z [611ms] [Warning] [omni.isaac.dynamic_control] omni.isaac.dynamic_control is deprecated as of Isaac Sim 4.5. No action is needed from end-users.
2026-07-14T07:26:34Z [3,373ms] [Warning] [gpu.foundation.plugin] Skipping unsupported non-NVIDIA GPU: AMD Unknown (RADV RAPHAEL_MENDOCINO)
2026-07-14T07:26:34Z [3,373ms] [Warning] [gpu.foundation.plugin] Skipping unsupported non-NVIDIA GPU: AMD Unknown (RADV RAPHAEL_MENDOCINO)

|---------------------------------------------------------------------------------------------|
| Driver Version: 580.159.03    | Graphics API: Vulkan
|=============================================================================================|
| GPU | Name                             | Active | LDA | GPU Memory | Vendor-ID | LUID       |
|     |                                  |        |     |            | Device-ID | UUID       |
|     |                                  |        |     |            | Bus-ID    |            |
|---------------------------------------------------------------------------------------------|
| 0   | NVIDIA RTX PRO 6000 Blackwell .. | Yes: 0 |     | 97887   MB | 10de      | 0          |
|     |                                  |        |     |            | 2bb1      | 25b334fd.. |
|     |                                  |        |     |            | 1         |            |
|---------------------------------------------------------------------------------------------|
| 1   | AMD Unknown (RADV RAPHAEL_MEND.. |        |     | 43508   MB | 1002      | 0          |
|     |                                  |        |     |            | 13c0      | 00000000.. |
|     |                                  |        |     |            | 79        |            |
|=============================================================================================|
| OS: 22.04.5 LTS (Jammy Jellyfish) ubuntu, Version: 22.04.5, Kernel: 6.8.0-124-generic
| Processor: AMD Ryzen 9 9950X3D 16-Core Processor
| Cores: 16 | Logical Cores: 32
|---------------------------------------------------------------------------------------------|
| Total Memory (MB): 126428 | Free Memory: 110775
| Total Page/Swap (MB): 2047 | Free Page/Swap: 2047
|---------------------------------------------------------------------------------------------|
2026-07-14T07:26:35Z [4,337ms] [Warning] [omni.kvdb.plugin] Disabling key-value database because another kit process is locking it
Loading user config located at: '/home/user/isaacsim/kit/data/Kit/Isaac-Sim/5.1/user.config.json'
[Info] [carb] Logging to file: /home/user/isaacsim/kit/logs/Kit/Isaac-Sim/5.1/kit_20260714_162630.log
2026-07-14T07:26:31Z [178ms] [Warning] [omni.platforminfo.plugin] failed to open the default display.  Can't verify X Server version.
2026-07-14T07:26:31Z [180ms] [Warning] [omni.usd_config.extension] Enable omni.materialx.libs extension to use MaterialX
2026-07-14T07:26:31Z [507ms] [Warning] [carb] Acquiring non optional plugin interface which is not listed as dependency: [omni::physx::IPhysxBenchmarks v1.0] (plugin: <default plugin>), by client: omni.physics.physx.plugin. Add it to CARB_PLUGIN_IMPL_DEPS() macro of a client.
2026-07-14T07:26:31Z [614ms] [Warning] [omni.isaac.dynamic_control] omni.isaac.dynamic_control is deprecated as of Isaac Sim 4.5. No action is needed from end-users.
2026-07-14T07:26:34Z [3,357ms] [Warning] [gpu.foundation.plugin] Skipping unsupported non-NVIDIA GPU: AMD Unknown (RADV RAPHAEL_MENDOCINO)
2026-07-14T07:26:34Z [3,357ms] [Warning] [gpu.foundation.plugin] Skipping unsupported non-NVIDIA GPU: AMD Unknown (RADV RAPHAEL_MENDOCINO)

|---------------------------------------------------------------------------------------------|
| Driver Version: 580.159.03    | Graphics API: Vulkan
|=============================================================================================|
| GPU | Name                             | Active | LDA | GPU Memory | Vendor-ID | LUID       |
|     |                                  |        |     |            | Device-ID | UUID       |
|     |                                  |        |     |            | Bus-ID    |            |
|---------------------------------------------------------------------------------------------|
| 0   | NVIDIA RTX PRO 6000 Blackwell .. | Yes: 0 |     | 97887   MB | 10de      | 0          |
|     |                                  |        |     |            | 2bb1      | 25b334fd.. |
|     |                                  |        |     |            | 1         |            |
|---------------------------------------------------------------------------------------------|
| 1   | AMD Unknown (RADV RAPHAEL_MEND.. |        |     | 43508   MB | 1002      | 0          |
|     |                                  |        |     |            | 13c0      | 00000000.. |
|     |                                  |        |     |            | 79        |            |
|=============================================================================================|
| OS: 22.04.5 LTS (Jammy Jellyfish) ubuntu, Version: 22.04.5, Kernel: 6.8.0-124-generic
| Processor: AMD Ryzen 9 9950X3D 16-Core Processor
| Cores: 16 | Logical Cores: 32
|---------------------------------------------------------------------------------------------|
| Total Memory (MB): 126428 | Free Memory: 110807
| Total Page/Swap (MB): 2047 | Free Page/Swap: 2047
|---------------------------------------------------------------------------------------------|
2026-07-14T07:26:35Z [4,336ms] [Warning] [omni.kvdb.plugin] Disabling key-value database because another kit process is locking it
[INFO][AppLauncher]: Using device: cuda:0
[INFO][AppLauncher]: Loading experience file: /home/user/IsaacLab/apps/isaaclab.python.headless.kit
Loading user config located at: '/home/user/isaacsim/kit/data/Kit/Isaac-Sim/5.1/user.config.json'
[Info] [carb] Logging to file: /home/user/isaacsim/kit/logs/Kit/Isaac-Sim/5.1/kit_20260714_162630.log
2026-07-14T07:26:31Z [172ms] [Warning] [omni.platforminfo.plugin] failed to open the default display.  Can't verify X Server version.
2026-07-14T07:26:31Z [175ms] [Warning] [omni.usd_config.extension] Enable omni.materialx.libs extension to use MaterialX
2026-07-14T07:26:31Z [504ms] [Warning] [carb] Acquiring non optional plugin interface which is not listed as dependency: [omni::physx::IPhysxBenchmarks v1.0] (plugin: <default plugin>), by client: omni.physics.physx.plugin. Add it to CARB_PLUGIN_IMPL_DEPS() macro of a client.
2026-07-14T07:26:31Z [608ms] [Warning] [omni.isaac.dynamic_control] omni.isaac.dynamic_control is deprecated as of Isaac Sim 4.5. No action is needed from end-users.
2026-07-14T07:26:34Z [3,371ms] [Warning] [gpu.foundation.plugin] Skipping unsupported non-NVIDIA GPU: AMD Unknown (RADV RAPHAEL_MENDOCINO)
2026-07-14T07:26:34Z [3,371ms] [Warning] [gpu.foundation.plugin] Skipping unsupported non-NVIDIA GPU: AMD Unknown (RADV RAPHAEL_MENDOCINO)

|---------------------------------------------------------------------------------------------|
| Driver Version: 580.159.03    | Graphics API: Vulkan
|=============================================================================================|
| GPU | Name                             | Active | LDA | GPU Memory | Vendor-ID | LUID       |
|     |                                  |        |     |            | Device-ID | UUID       |
|     |                                  |        |     |            | Bus-ID    |            |
|---------------------------------------------------------------------------------------------|
| 0   | NVIDIA RTX PRO 6000 Blackwell .. | Yes: 0 |     | 97887   MB | 10de      | 0          |
|     |                                  |        |     |            | 2bb1      | 25b334fd.. |
|     |                                  |        |     |            | 1         |            |
|---------------------------------------------------------------------------------------------|
| 1   | AMD Unknown (RADV RAPHAEL_MEND.. |        |     | 43508   MB | 1002      | 0          |
|     |                                  |        |     |            | 13c0      | 00000000.. |
|     |                                  |        |     |            | 79        |            |
|=============================================================================================|
| OS: 22.04.5 LTS (Jammy Jellyfish) ubuntu, Version: 22.04.5, Kernel: 6.8.0-124-generic
| Processor: AMD Ryzen 9 9950X3D 16-Core Processor
| Cores: 16 | Logical Cores: 32
|---------------------------------------------------------------------------------------------|
| Total Memory (MB): 126428 | Free Memory: 110759
| Total Page/Swap (MB): 2047 | Free Page/Swap: 2047
|---------------------------------------------------------------------------------------------|
2026-07-14T07:26:35Z [4,343ms] [Warning] [omni.kvdb.plugin] Disabling key-value database because another kit process is locking it
[INFO][AppLauncher]: Using device: cuda:0
[INFO][AppLauncher]: Loading experience file: /home/user/IsaacLab/apps/isaaclab.python.headless.kit
[INFO][AppLauncher]: Using device: cuda:0
[INFO][AppLauncher]: Loading experience file: /home/user/IsaacLab/apps/isaaclab.python.headless.kit
Loading user config located at: '/home/user/isaacsim/kit/data/Kit/Isaac-Sim/5.1/user.config.json'
[Info] [carb] Logging to file: /home/user/isaacsim/kit/logs/Kit/Isaac-Sim/5.1/kit_20260714_162630.log
2026-07-14T07:26:31Z [183ms] [Warning] [omni.platforminfo.plugin] failed to open the default display.  Can't verify X Server version.
2026-07-14T07:26:31Z [184ms] [Warning] [omni.usd_config.extension] Enable omni.materialx.libs extension to use MaterialX
2026-07-14T07:26:31Z [507ms] [Warning] [carb] Acquiring non optional plugin interface which is not listed as dependency: [omni::physx::IPhysxBenchmarks v1.0] (plugin: <default plugin>), by client: omni.physics.physx.plugin. Add it to CARB_PLUGIN_IMPL_DEPS() macro of a client.
2026-07-14T07:26:31Z [610ms] [Warning] [omni.isaac.dynamic_control] omni.isaac.dynamic_control is deprecated as of Isaac Sim 4.5. No action is needed from end-users.
2026-07-14T07:26:34Z [3,370ms] [Warning] [gpu.foundation.plugin] Skipping unsupported non-NVIDIA GPU: AMD Unknown (RADV RAPHAEL_MENDOCINO)
2026-07-14T07:26:34Z [3,370ms] [Warning] [gpu.foundation.plugin] Skipping unsupported non-NVIDIA GPU: AMD Unknown (RADV RAPHAEL_MENDOCINO)

|---------------------------------------------------------------------------------------------|
| Driver Version: 580.159.03    | Graphics API: Vulkan
|=============================================================================================|
| GPU | Name                             | Active | LDA | GPU Memory | Vendor-ID | LUID       |
|     |                                  |        |     |            | Device-ID | UUID       |
|     |                                  |        |     |            | Bus-ID    |            |
|---------------------------------------------------------------------------------------------|
| 0   | NVIDIA RTX PRO 6000 Blackwell .. | Yes: 0 |     | 97887   MB | 10de      | 0          |
|     |                                  |        |     |            | 2bb1      | 25b334fd.. |
|     |                                  |        |     |            | 1         |            |
|---------------------------------------------------------------------------------------------|
| 1   | AMD Unknown (RADV RAPHAEL_MEND.. |        |     | 43508   MB | 1002      | 0          |
|     |                                  |        |     |            | 13c0      | 00000000.. |
|     |                                  |        |     |            | 79        |            |
|=============================================================================================|
| OS: 22.04.5 LTS (Jammy Jellyfish) ubuntu, Version: 22.04.5, Kernel: 6.8.0-124-generic
| Processor: AMD Ryzen 9 9950X3D 16-Core Processor
| Cores: 16 | Logical Cores: 32
|---------------------------------------------------------------------------------------------|
| Total Memory (MB): 126428 | Free Memory: 110783
| Total Page/Swap (MB): 2047 | Free Page/Swap: 2047
|---------------------------------------------------------------------------------------------|
2026-07-14T07:26:35Z [4,311ms] [Warning] [omni.kvdb.plugin] Disabling key-value database because another kit process is locking it
Loading user config located at: '/home/user/isaacsim/kit/data/Kit/Isaac-Sim/5.1/user.config.json'
[Info] [carb] Logging to file: /home/user/isaacsim/kit/logs/Kit/Isaac-Sim/5.1/kit_20260714_162630.log
2026-07-14T07:26:31Z [185ms] [Warning] [omni.platforminfo.plugin] failed to open the default display.  Can't verify X Server version.
2026-07-14T07:26:31Z [188ms] [Warning] [omni.usd_config.extension] Enable omni.materialx.libs extension to use MaterialX
2026-07-14T07:26:31Z [524ms] [Warning] [carb] Acquiring non optional plugin interface which is not listed as dependency: [omni::physx::IPhysxBenchmarks v1.0] (plugin: <default plugin>), by client: omni.physics.physx.plugin. Add it to CARB_PLUGIN_IMPL_DEPS() macro of a client.
2026-07-14T07:26:31Z [629ms] [Warning] [omni.isaac.dynamic_control] omni.isaac.dynamic_control is deprecated as of Isaac Sim 4.5. No action is needed from end-users.
2026-07-14T07:26:34Z [3,357ms] [Warning] [gpu.foundation.plugin] Skipping unsupported non-NVIDIA GPU: AMD Unknown (RADV RAPHAEL_MENDOCINO)
2026-07-14T07:26:34Z [3,357ms] [Warning] [gpu.foundation.plugin] Skipping unsupported non-NVIDIA GPU: AMD Unknown (RADV RAPHAEL_MENDOCINO)

|---------------------------------------------------------------------------------------------|
| Driver Version: 580.159.03    | Graphics API: Vulkan
|=============================================================================================|
| GPU | Name                             | Active | LDA | GPU Memory | Vendor-ID | LUID       |
|     |                                  |        |     |            | Device-ID | UUID       |
|     |                                  |        |     |            | Bus-ID    |            |
|---------------------------------------------------------------------------------------------|
| 0   | NVIDIA RTX PRO 6000 Blackwell .. | Yes: 0 |     | 97887   MB | 10de      | 0          |
|     |                                  |        |     |            | 2bb1      | 25b334fd.. |
|     |                                  |        |     |            | 1         |            |
|---------------------------------------------------------------------------------------------|
| 1   | AMD Unknown (RADV RAPHAEL_MEND.. |        |     | 43508   MB | 1002      | 0          |
|     |                                  |        |     |            | 13c0      | 00000000.. |
|     |                                  |        |     |            | 79        |            |
|=============================================================================================|
| OS: 22.04.5 LTS (Jammy Jellyfish) ubuntu, Version: 22.04.5, Kernel: 6.8.0-124-generic
| Processor: AMD Ryzen 9 9950X3D 16-Core Processor
| Cores: 16 | Logical Cores: 32
|---------------------------------------------------------------------------------------------|
| Total Memory (MB): 126428 | Free Memory: 110817
| Total Page/Swap (MB): 2047 | Free Page/Swap: 2047
|---------------------------------------------------------------------------------------------|
2026-07-14T07:26:35Z [4,334ms] [Warning] [omni.kvdb.plugin] Disabling key-value database because another kit process is locking it
[INFO][AppLauncher]: Using device: cuda:0
[INFO][AppLauncher]: Loading experience file: /home/user/IsaacLab/apps/isaaclab.python.headless.kit
Loading user config located at: '/home/user/isaacsim/kit/data/Kit/Isaac-Sim/5.1/user.config.json'
[Info] [carb] Logging to file: /home/user/isaacsim/kit/logs/Kit/Isaac-Sim/5.1/kit_20260714_162630.log
2026-07-14T07:26:31Z [179ms] [Warning] [omni.platforminfo.plugin] failed to open the default display.  Can't verify X Server version.
2026-07-14T07:26:31Z [183ms] [Warning] [omni.usd_config.extension] Enable omni.materialx.libs extension to use MaterialX
2026-07-14T07:26:31Z [501ms] [Warning] [carb] Acquiring non optional plugin interface which is not listed as dependency: [omni::physx::IPhysxBenchmarks v1.0] (plugin: <default plugin>), by client: omni.physics.physx.plugin. Add it to CARB_PLUGIN_IMPL_DEPS() macro of a client.
2026-07-14T07:26:31Z [606ms] [Warning] [omni.isaac.dynamic_control] omni.isaac.dynamic_control is deprecated as of Isaac Sim 4.5. No action is needed from end-users.
2026-07-14T07:26:34Z [3,369ms] [Warning] [gpu.foundation.plugin] Skipping unsupported non-NVIDIA GPU: AMD Unknown (RADV RAPHAEL_MENDOCINO)
2026-07-14T07:26:34Z [3,370ms] [Warning] [gpu.foundation.plugin] Skipping unsupported non-NVIDIA GPU: AMD Unknown (RADV RAPHAEL_MENDOCINO)

|---------------------------------------------------------------------------------------------|
| Driver Version: 580.159.03    | Graphics API: Vulkan
|=============================================================================================|
| GPU | Name                             | Active | LDA | GPU Memory | Vendor-ID | LUID       |
|     |                                  |        |     |            | Device-ID | UUID       |
|     |                                  |        |     |            | Bus-ID    |            |
|---------------------------------------------------------------------------------------------|
| 0   | NVIDIA RTX PRO 6000 Blackwell .. | Yes: 0 |     | 97887   MB | 10de      | 0          |
|     |                                  |        |     |            | 2bb1      | 25b334fd.. |
|     |                                  |        |     |            | 1         |            |
|---------------------------------------------------------------------------------------------|
| 1   | AMD Unknown (RADV RAPHAEL_MEND.. |        |     | 43508   MB | 1002      | 0          |
|     |                                  |        |     |            | 13c0      | 00000000.. |
|     |                                  |        |     |            | 79        |            |
|=============================================================================================|
| OS: 22.04.5 LTS (Jammy Jellyfish) ubuntu, Version: 22.04.5, Kernel: 6.8.0-124-generic
| Processor: AMD Ryzen 9 9950X3D 16-Core Processor
| Cores: 16 | Logical Cores: 32
|---------------------------------------------------------------------------------------------|
| Total Memory (MB): 126428 | Free Memory: 110767
| Total Page/Swap (MB): 2047 | Free Page/Swap: 2047
|---------------------------------------------------------------------------------------------|
2026-07-14T07:26:35Z [4,343ms] [Warning] [omni.kvdb.plugin] Disabling key-value database because another kit process is locking it
[INFO][AppLauncher]: Using device: cuda:0
[INFO][AppLauncher]: Loading experience file: /home/user/IsaacLab/apps/isaaclab.python.headless.kit
Loading user config located at: '/home/user/isaacsim/kit/data/Kit/Isaac-Sim/5.1/user.config.json'
[Info] [carb] Logging to file: /home/user/isaacsim/kit/logs/Kit/Isaac-Sim/5.1/kit_20260714_162630.log
2026-07-14T07:26:31Z [177ms] [Warning] [omni.platforminfo.plugin] failed to open the default display.  Can't verify X Server version.
2026-07-14T07:26:31Z [180ms] [Warning] [omni.usd_config.extension] Enable omni.materialx.libs extension to use MaterialX
2026-07-14T07:26:31Z [520ms] [Warning] [carb] Acquiring non optional plugin interface which is not listed as dependency: [omni::physx::IPhysxBenchmarks v1.0] (plugin: <default plugin>), by client: omni.physics.physx.plugin. Add it to CARB_PLUGIN_IMPL_DEPS() macro of a client.
2026-07-14T07:26:31Z [624ms] [Warning] [omni.isaac.dynamic_control] omni.isaac.dynamic_control is deprecated as of Isaac Sim 4.5. No action is needed from end-users.
2026-07-14T07:26:34Z [3,061ms] [Warning] [gpu.foundation.plugin] Skipping unsupported non-NVIDIA GPU: AMD Unknown (RADV RAPHAEL_MENDOCINO)
2026-07-14T07:26:34Z [3,062ms] [Warning] [gpu.foundation.plugin] Skipping unsupported non-NVIDIA GPU: AMD Unknown (RADV RAPHAEL_MENDOCINO)

|---------------------------------------------------------------------------------------------|
| Driver Version: 580.159.03    | Graphics API: Vulkan
|=============================================================================================|
| GPU | Name                             | Active | LDA | GPU Memory | Vendor-ID | LUID       |
|     |                                  |        |     |            | Device-ID | UUID       |
|     |                                  |        |     |            | Bus-ID    |            |
|---------------------------------------------------------------------------------------------|
| 0   | NVIDIA RTX PRO 6000 Blackwell .. | Yes: 0 |     | 97887   MB | 10de      | 0          |
|     |                                  |        |     |            | 2bb1      | 25b334fd.. |
|     |                                  |        |     |            | 1         |            |
|---------------------------------------------------------------------------------------------|
| 1   | AMD Unknown (RADV RAPHAEL_MEND.. |        |     | 43508   MB | 1002      | 0          |
|     |                                  |        |     |            | 13c0      | 00000000.. |
|     |                                  |        |     |            | 79        |            |
|=============================================================================================|
| OS: 22.04.5 LTS (Jammy Jellyfish) ubuntu, Version: 22.04.5, Kernel: 6.8.0-124-generic
| Processor: AMD Ryzen 9 9950X3D 16-Core Processor
| Cores: 16 | Logical Cores: 32
|---------------------------------------------------------------------------------------------|
| Total Memory (MB): 126428 | Free Memory: 110907
| Total Page/Swap (MB): 2047 | Free Page/Swap: 2047
|---------------------------------------------------------------------------------------------|
2026-07-14T07:26:35Z [4,138ms] [Warning] [omni.kvdb.plugin] Disabling key-value database because another kit process is locking it
[sun-v2-5type] exited code=0 Tue Jul 14 05:00:53 PM KST 2026
2026-07-14T08:00:53Z [2,062,500ms] [Warning] [omni.physx.plugin] USD stage detach not called, holding a loose ptr to a stage!
2026-07-14T08:00:54Z [2,063,182ms] [Warning] [carb] Recursive unloadAllPlugins() detected!
2026-07-14T08:00:53Z [2,062,495ms] [Warning] [omni.physx.plugin] USD stage detach not called, holding a loose ptr to a stage!
2026-07-14T08:00:54Z [2,063,199ms] [Warning] [carb] Recursive unloadAllPlugins() detected!
2026-07-14T08:00:53Z [2,062,497ms] [Warning] [omni.physx.plugin] USD stage detach not called, holding a loose ptr to a stage!
2026-07-14T08:00:54Z [2,063,208ms] [Warning] [carb] Recursive unloadAllPlugins() detected!
2026-07-14T08:00:53Z [2,062,503ms] [Warning] [omni.physx.plugin] USD stage detach not called, holding a loose ptr to a stage!
2026-07-14T08:00:54Z [2,063,209ms] [Warning] [carb] Recursive unloadAllPlugins() detected!
2026-07-14T08:00:53Z [2,062,499ms] [Warning] [omni.physx.plugin] USD stage detach not called, holding a loose ptr to a stage!
2026-07-14T08:00:54Z [2,063,213ms] [Warning] [carb] Recursive unloadAllPlugins() detected!
2026-07-14T08:00:53Z [2,062,508ms] [Warning] [omni.physx.plugin] USD stage detach not called, holding a loose ptr to a stage!
2026-07-14T08:00:54Z [2,063,222ms] [Warning] [carb] Recursive unloadAllPlugins() detected!
2026-07-14T08:00:53Z [2,062,499ms] [Warning] [omni.physx.plugin] USD stage detach not called, holding a loose ptr to a stage!
2026-07-14T08:00:54Z [2,063,225ms] [Warning] [carb] Recursive unloadAllPlugins() detected!
2026-07-14T08:00:53Z [2,062,491ms] [Warning] [omni.physx.plugin] USD stage detach not called, holding a loose ptr to a stage!
2026-07-14T08:00:54Z [2,063,222ms] [Warning] [carb] Recursive unloadAllPlugins() detected!
[sun-v2-5type] start run=sun_v2_env128_workers8_5type_uniform_ems_deploybest device=cuda:0 num_envs=128 workers=8 max_boxes=256 updates=2500 box_seed=0 warm_start=isaaclab_pallet/runs/sun_terminal18_env128_workers4_rand12to52official_sun_v2_resume_deploybest/PCT-best.pt resume=isaaclab_pallet/runs/sun_v2_5type_uniform/sun_v2_env128_workers8_5type_uniform_ems_deploybest/PCT-resume.pt Tue Jul 14 05:03:39 PM KST 2026
[sun-v2-5type] train_box_seq_dir=submit_buffer3_search/box_sequence train_type_sequences=box_sequence_0 box_sequence_1 eval_box_seq_dir=submit_buffer3_search/box_sequence eval_sequences=box_sequence_0 box_sequence_1 box_sequence_large_bias deploy_buffer=0
Gym has been unmaintained since 2022 and does not support NumPy 2.0 amongst other critical functionality.
Please upgrade to Gymnasium, the maintained drop-in replacement of Gym, or contact the authors of your software and request that they upgrade.
See the migration guide at https://gymnasium.farama.org/introduction/migration_guide/ for additional information.
[INFO][AppLauncher]: Using device: cuda:0
[INFO][AppLauncher]: Loading experience file: /home/user/IsaacLab/apps/isaaclab.python.headless.kit

[36m======================================================================================[0m
[36m[1m[INFO][IsaacLab]: Logging to file: /tmp/isaaclab/logs/isaaclab_2026-07-14_17-03-42.log[0m
[36m======================================================================================[0m

[33m17:03:42 [simulation_context.py] WARNING: The `enable_external_forces_every_iteration` parameter in the PhysxCfg is set to False. If you are experiencing noisy velocities, consider enabling this flag. You may need to slightly increase the number of velocity iterations (setting it to 1 or 2 rather than 0), together with this flag, to improve the accuracy of velocity updates.[0m
Gym has been unmaintained since 2022 and does not support NumPy 2.0 amongst other critical functionality.
Please upgrade to Gymnasium, the maintained drop-in replacement of Gym, or contact the authors of your software and request that they upgrade.
See the migration guide at https://gymnasium.farama.org/introduction/migration_guide/ for additional information.
Gym has been unmaintained since 2022 and does not support NumPy 2.0 amongst other critical functionality.
Please upgrade to Gymnasium, the maintained drop-in replacement of Gym, or contact the authors of your software and request that they upgrade.
See the migration guide at https://gymnasium.farama.org/introduction/migration_guide/ for additional information.
Gym has been unmaintained since 2022 and does not support NumPy 2.0 amongst other critical functionality.
Please upgrade to Gymnasium, the maintained drop-in replacement of Gym, or contact the authors of your software and request that they upgrade.
See the migration guide at https://gymnasium.farama.org/introduction/migration_guide/ for additional information.
Gym has been unmaintained since 2022 and does not support NumPy 2.0 amongst other critical functionality.
Please upgrade to Gymnasium, the maintained drop-in replacement of Gym, or contact the authors of your software and request that they upgrade.
See the migration guide at https://gymnasium.farama.org/introduction/migration_guide/ for additional information.
Gym has been unmaintained since 2022 and does not support NumPy 2.0 amongst other critical functionality.
Please upgrade to Gymnasium, the maintained drop-in replacement of Gym, or contact the authors of your software and request that they upgrade.
See the migration guide at https://gymnasium.farama.org/introduction/migration_guide/ for additional information.
Gym has been unmaintained since 2022 and does not support NumPy 2.0 amongst other critical functionality.
Please upgrade to Gymnasium, the maintained drop-in replacement of Gym, or contact the authors of your software and request that they upgrade.
See the migration guide at https://gymnasium.farama.org/introduction/migration_guide/ for additional information.
Gym has been unmaintained since 2022 and does not support NumPy 2.0 amongst other critical functionality.
Please upgrade to Gymnasium, the maintained drop-in replacement of Gym, or contact the authors of your software and request that they upgrade.
See the migration guide at https://gymnasium.farama.org/introduction/migration_guide/ for additional information.
Gym has been unmaintained since 2022 and does not support NumPy 2.0 amongst other critical functionality.
Please upgrade to Gymnasium, the maintained drop-in replacement of Gym, or contact the authors of your software and request that they upgrade.
See the migration guide at https://gymnasium.farama.org/introduction/migration_guide/ for additional information.
[INFO]: Base environment:
	Environment device    : cuda:0
	Environment seed      : None
	Physics step-size     : 0.008333333333333333
	Rendering step-size   : 0.16666666666666666
	Environment step-size : 0.16666666666666666
[33m17:04:03 [interactive_scene.py] WARNING: Collision filtering can only be automatically enabled when replicate_physics=True and using GPU simulation. Please call scene.filter_collisions(global_prim_paths) to filter collisions across environments.[0m
[INFO]: Time taken for scene creation : 20.630091 seconds
[INFO]: Scene manager:  <class InteractiveScene>
	Number of environments: 128
	Environment spacing   : 3.0
	Source prim name      : /World/envs/env_0
	Global prim paths     : []
	Replicate physics     : False
[INFO]: Starting the simulation. This may take a few seconds. Please wait...
[INFO]: Time taken for simulation start : 4.229634 seconds
[INFO]: Completed setting up the environment...
[gat-train] resumed from isaaclab_pallet/runs/sun_v2_5type_uniform/sun_v2_env128_workers8_5type_uniform_ems_deploybest/PCT-resume.pt at update=250
wandb: [wandb.login()] Loaded credentials for https://api.wandb.ai from /home/user/.netrc.
/home/user/miniconda3/envs/env_isaaclab/lib/python3.11/site-packages/wandb/analytics/sentry.py:269: DeprecationWarning: Read the `app_url` setting from the appropriate Settings object.
  app_url = wandb.util.app_url(tags["base_url"])  # type: ignore[index]
wandb: Currently logged in as: nkyeonjae1009 (nkyeonjae1009-university-of-seoul) to https://api.wandb.ai. Use `wandb login --relogin` to force relogin
/home/user/miniconda3/envs/env_isaaclab/lib/python3.11/site-packages/wandb/analytics/sentry.py:269: DeprecationWarning: Read the `app_url` setting from the appropriate Settings object.
  app_url = wandb.util.app_url(tags["base_url"])  # type: ignore[index]
/home/user/miniconda3/envs/env_isaaclab/lib/python3.11/site-packages/wandb/analytics/sentry.py:280: DeprecationWarning: The `Scope.user` setter is deprecated in favor of `Scope.set_user()`.
  self.scope.user = {"email": email}
wandb: setting up run 9xoobf7n
/home/user/miniconda3/envs/env_isaaclab/lib/python3.11/site-packages/wandb/analytics/sentry.py:269: DeprecationWarning: Read the `app_url` setting from the appropriate Settings object.
  app_url = wandb.util.app_url(tags["base_url"])  # type: ignore[index]
/home/user/miniconda3/envs/env_isaaclab/lib/python3.11/site-packages/wandb/analytics/sentry.py:280: DeprecationWarning: The `Scope.user` setter is deprecated in favor of `Scope.set_user()`.
  self.scope.user = {"email": email}
wandb: Tracking run with wandb version 0.28.0
wandb: Run data is saved locally in isaaclab_pallet/runs/sun_v2_5type_uniform/sun_v2_env128_workers8_5type_uniform_ems_deploybest/wandb/wandb/run-20260714_170409-9xoobf7n
wandb: Run `wandb offline` to turn off syncing.
wandb: Resuming run sun_v2_env128_workers8_5type_uniform_ems_deploybest
wandb: ⭐️ View project at https://wandb.ai/nkyeonjae1009-university-of-seoul/assignment2-pallet
wandb: 🚀 View run at https://wandb.ai/nkyeonjae1009-university-of-seoul/assignment2-pallet/runs/9xoobf7n
[gat-train] wandb run url: https://wandb.ai/nkyeonjae1009-university-of-seoul/assignment2-pallet/runs/9xoobf7n
[gat-train] run_dir=isaaclab_pallet/runs/sun_v2_5type_uniform/sun_v2_env128_workers8_5type_uniform_ems_deploybest device=cuda:0 num_envs=128 num_packer_workers=8 obs_shape=(128, 301, 9) leaf_shape=(128, 100, 9) num_steps=5 normFactor=0.8 drift_fail_threshold=0.4 box_source=fixed_type_random box_seed=0 train_box_seq_dir=submit_buffer3_search/box_sequence train_type_sequences=box_sequence_0,box_sequence_1 reward_profile=sun_v2 learn_finish_action=False action_space=100 candidate_generator=ems candidate_rerank_k=0 candidate_diversity_center_m=0.05
[gat-train] eval_seq_count=3 box_seq_dir=submit_buffer3_search/box_sequence eval_sequences=box_sequence_0,box_sequence_1,box_sequence_large_bias
/home/user/Documents/assignment2_project/templete code/src/pct/convex_hull.py:104: DeprecationWarning: Arrays of 2-dimensional vectors are deprecated. Use arrays of 3-dimensional vectors instead. (deprecated in NumPy 2.0)
  if np.sum(np.cross(coords[i] - point, point - coords[j])) == 0:
[gat-train] initial deployment score = 87.18 min=78.57 bottom10=78.57 (torch_eval=89.72)  -> PCT-best.pt
wandb: WARNING Tried to log to step 250 that is less than the current step 308. Steps must be monotonically increasing, so this data will be ignored. See https://wandb.me/define-metric to log data out of order.
/home/user/Documents/assignment2_project/templete code/src/pct/convex_hull.py:104: DeprecationWarning: Arrays of 2-dimensional vectors are deprecated. Use arrays of 3-dimensional vectors instead. (deprecated in NumPy 2.0)
  if np.sum(np.cross(coords[i] - point, point - coords[j])) == 0:
/home/user/Documents/assignment2_project/templete code/src/pct/convex_hull.py:104: DeprecationWarning: Arrays of 2-dimensional vectors are deprecated. Use arrays of 3-dimensional vectors instead. (deprecated in NumPy 2.0)
  if np.sum(np.cross(coords[i] - point, point - coords[j])) == 0:
/home/user/Documents/assignment2_project/templete code/src/pct/convex_hull.py:104: DeprecationWarning: Arrays of 2-dimensional vectors are deprecated. Use arrays of 3-dimensional vectors instead. (deprecated in NumPy 2.0)
  if np.sum(np.cross(coords[i] - point, point - coords[j])) == 0:
/home/user/Documents/assignment2_project/templete code/src/pct/convex_hull.py:104: DeprecationWarning: Arrays of 2-dimensional vectors are deprecated. Use arrays of 3-dimensional vectors instead. (deprecated in NumPy 2.0)
  if np.sum(np.cross(coords[i] - point, point - coords[j])) == 0:
/home/user/Documents/assignment2_project/templete code/src/pct/convex_hull.py:104: DeprecationWarning: Arrays of 2-dimensional vectors are deprecated. Use arrays of 3-dimensional vectors instead. (deprecated in NumPy 2.0)
  if np.sum(np.cross(coords[i] - point, point - coords[j])) == 0:
/home/user/Documents/assignment2_project/templete code/src/pct/convex_hull.py:104: DeprecationWarning: Arrays of 2-dimensional vectors are deprecated. Use arrays of 3-dimensional vectors instead. (deprecated in NumPy 2.0)
  if np.sum(np.cross(coords[i] - point, point - coords[j])) == 0:
/home/user/Documents/assignment2_project/templete code/src/pct/convex_hull.py:104: DeprecationWarning: Arrays of 2-dimensional vectors are deprecated. Use arrays of 3-dimensional vectors instead. (deprecated in NumPy 2.0)
  if np.sum(np.cross(coords[i] - point, point - coords[j])) == 0:
/home/user/Documents/assignment2_project/templete code/src/pct/convex_hull.py:104: DeprecationWarning: Arrays of 2-dimensional vectors are deprecated. Use arrays of 3-dimensional vectors instead. (deprecated in NumPy 2.0)
  if np.sum(np.cross(coords[i] - point, point - coords[j])) == 0:
[gat-train] update=251 samples=640 fps=49.1 loss=8.0741 actor=0.3284 value=7.7546 entropy=0.8983 mean_return=0.000 mean_len=0.0
wandb: WARNING Tried to log to step 251 that is less than the current step 308. Steps must be monotonically increasing, so this data will be ignored. See https://wandb.me/define-metric to log data out of order.
[gat-train] update=252 samples=1280 fps=81.1 loss=0.4008 actor=-0.2778 value=0.6946 entropy=1.5986 mean_return=0.000 mean_len=0.0
wandb: WARNING Tried to log to step 252 that is less than the current step 308. Steps must be monotonically increasing, so this data will be ignored. See https://wandb.me/define-metric to log data out of order.
[gat-train] update=253 samples=1920 fps=101.1 loss=1.0277 actor=-0.0097 value=1.0535 entropy=1.6175 mean_return=0.000 mean_len=0.0
wandb: WARNING Tried to log to step 253 that is less than the current step 308. Steps must be monotonically increasing, so this data will be ignored. See https://wandb.me/define-metric to log data out of order.
[gat-train] update=254 samples=2560 fps=112.7 loss=2.0084 actor=0.2200 value=1.8016 entropy=1.3172 mean_return=0.000 mean_len=0.0
wandb: WARNING Tried to log to step 254 that is less than the current step 308. Steps must be monotonically increasing, so this data will be ignored. See https://wandb.me/define-metric to log data out of order.
[gat-train] update=255 samples=3200 fps=118.3 loss=2.1569 actor=0.3753 value=1.7929 entropy=1.1347 mean_return=0.000 mean_len=0.0
wandb: WARNING Tried to log to step 255 that is less than the current step 308. Steps must be monotonically increasing, so this data will be ignored. See https://wandb.me/define-metric to log data out of order.
[gat-train] update=256 samples=3840 fps=120.9 loss=3.0997 actor=0.6207 value=2.4901 entropy=1.1123 mean_return=0.000 mean_len=0.0
wandb: WARNING Tried to log to step 256 that is less than the current step 308. Steps must be monotonically increasing, so this data will be ignored. See https://wandb.me/define-metric to log data out of order.
[gat-train] update=257 samples=4480 fps=121.4 loss=2.7421 actor=0.5887 value=2.1648 entropy=1.1327 mean_return=0.000 mean_len=0.0
wandb: WARNING Tried to log to step 257 that is less than the current step 308. Steps must be monotonically increasing, so this data will be ignored. See https://wandb.me/define-metric to log data out of order.
[gat-train] update=258 samples=5120 fps=119.5 loss=3.5153 actor=0.5679 value=2.9596 entropy=1.2082 mean_return=0.000 mean_len=0.0
wandb: WARNING Tried to log to step 258 that is less than the current step 308. Steps must be monotonically increasing, so this data will be ignored. See https://wandb.me/define-metric to log data out of order.
[gat-train] update=259 samples=5760 fps=118.5 loss=2.7522 actor=0.5276 value=2.2360 entropy=1.1410 mean_return=0.000 mean_len=0.0
wandb: WARNING Tried to log to step 259 that is less than the current step 308. Steps must be monotonically increasing, so this data will be ignored. See https://wandb.me/define-metric to log data out of order.
[gat-train] update=260 samples=6400 fps=116.6 loss=3.1025 actor=0.6081 value=2.5066 entropy=1.2223 mean_return=0.000 mean_len=0.0
wandb: WARNING Tried to log to step 260 that is less than the current step 308. Steps must be monotonically increasing, so this data will be ignored. See https://wandb.me/define-metric to log data out of order.
[gat-train] update=261 samples=7040 fps=114.1 loss=3.9239 actor=0.5372 value=3.3989 entropy=1.2181 mean_return=0.000 mean_len=0.0
wandb: WARNING Tried to log to step 261 that is less than the current step 308. Steps must be monotonically increasing, so this data will be ignored. See https://wandb.me/define-metric to log data out of order.
[gat-train] update=262 samples=7680 fps=111.9 loss=3.8115 actor=0.2074 value=3.6160 entropy=1.1920 mean_return=0.000 mean_len=0.0
wandb: WARNING Tried to log to step 262 that is less than the current step 308. Steps must be monotonically increasing, so this data will be ignored. See https://wandb.me/define-metric to log data out of order.
[gat-train] update=263 samples=8320 fps=109.6 loss=3.9719 actor=0.1860 value=3.7979 entropy=1.2005 mean_return=0.000 mean_len=0.0
wandb: WARNING Tried to log to step 263 that is less than the current step 308. Steps must be monotonically increasing, so this data will be ignored. See https://wandb.me/define-metric to log data out of order.
[gat-train] update=264 samples=8960 fps=107.3 loss=6.6078 actor=-0.2587 value=6.8787 entropy=1.2141 mean_return=34.019 mean_len=69.0
wandb: WARNING Tried to log to step 264 that is less than the current step 308. Steps must be monotonically increasing, so this data will be ignored. See https://wandb.me/define-metric to log data out of order.
[gat-train] update=265 samples=9600 fps=104.6 loss=9.6023 actor=-0.4863 value=10.1012 entropy=1.2556 mean_return=38.407 mean_len=73.4
wandb: WARNING Tried to log to step 265 that is less than the current step 308. Steps must be monotonically increasing, so this data will be ignored. See https://wandb.me/define-metric to log data out of order.
[gat-train] update=266 samples=10240 fps=102.6 loss=11.7375 actor=-1.5971 value=13.3477 entropy=1.3021 mean_return=39.695 mean_len=76.8
wandb: WARNING Tried to log to step 266 that is less than the current step 308. Steps must be monotonically increasing, so this data will be ignored. See https://wandb.me/define-metric to log data out of order.
[gat-train] update=267 samples=10880 fps=101.4 loss=13.4984 actor=-2.1077 value=15.6200 entropy=1.3943 mean_return=41.363 mean_len=80.0
wandb: WARNING Tried to log to step 267 that is less than the current step 308. Steps must be monotonically increasing, so this data will be ignored. See https://wandb.me/define-metric to log data out of order.
[gat-train] update=268 samples=11520 fps=101.5 loss=16.2855 actor=-3.9334 value=20.2349 entropy=1.5965 mean_return=43.815 mean_len=86.2
wandb: WARNING Tried to log to step 268 that is less than the current step 308. Steps must be monotonically increasing, so this data will be ignored. See https://wandb.me/define-metric to log data out of order.
[gat-train] update=269 samples=12160 fps=102.7 loss=12.2482 actor=-2.8156 value=15.0795 entropy=1.5707 mean_return=46.155 mean_len=91.1
wandb: WARNING Tried to log to step 269 that is less than the current step 308. Steps must be monotonically increasing, so this data will be ignored. See https://wandb.me/define-metric to log data out of order.
[gat-train] update=270 samples=12800 fps=104.5 loss=7.2900 actor=-2.2287 value=9.5359 entropy=1.7117 mean_return=47.368 mean_len=95.0
wandb: WARNING Tried to log to step 270 that is less than the current step 308. Steps must be monotonically increasing, so this data will be ignored. See https://wandb.me/define-metric to log data out of order.
[gat-train] update=271 samples=13440 fps=106.3 loss=2.8085 actor=-0.2369 value=3.0619 entropy=1.6434 mean_return=47.787 mean_len=96.9
wandb: WARNING Tried to log to step 271 that is less than the current step 308. Steps must be monotonically increasing, so this data will be ignored. See https://wandb.me/define-metric to log data out of order.
[gat-train] update=272 samples=14080 fps=107.9 loss=2.1021 actor=0.1092 value=2.0082 entropy=1.5242 mean_return=47.869 mean_len=97.2
wandb: WARNING Tried to log to step 272 that is less than the current step 308. Steps must be monotonically increasing, so this data will be ignored. See https://wandb.me/define-metric to log data out of order.
[gat-train] update=273 samples=14720 fps=109.1 loss=2.4078 actor=0.2630 value=2.1575 entropy=1.2746 mean_return=47.869 mean_len=97.2
wandb: WARNING Tried to log to step 273 that is less than the current step 308. Steps must be monotonically increasing, so this data will be ignored. See https://wandb.me/define-metric to log data out of order.
[gat-train] update=274 samples=15360 fps=109.9 loss=2.9486 actor=0.5876 value=2.3730 entropy=1.1924 mean_return=47.869 mean_len=97.2
wandb: WARNING Tried to log to step 274 that is less than the current step 308. Steps must be monotonically increasing, so this data will be ignored. See https://wandb.me/define-metric to log data out of order.
[gat-train] update=275 samples=16000 fps=110.4 loss=2.8971 actor=0.5391 value=2.3691 entropy=1.1091 mean_return=47.869 mean_len=97.2
wandb: WARNING Tried to log to step 275 that is less than the current step 308. Steps must be monotonically increasing, so this data will be ignored. See https://wandb.me/define-metric to log data out of order.
[gat-train] update=276 samples=16640 fps=110.5 loss=2.7617 actor=0.5094 value=2.2639 entropy=1.1606 mean_return=47.869 mean_len=97.2
wandb: WARNING Tried to log to step 276 that is less than the current step 308. Steps must be monotonically increasing, so this data will be ignored. See https://wandb.me/define-metric to log data out of order.
[gat-train] update=277 samples=17280 fps=110.4 loss=4.0657 actor=0.7538 value=3.3237 entropy=1.1761 mean_return=47.869 mean_len=97.2
wandb: WARNING Tried to log to step 277 that is less than the current step 308. Steps must be monotonically increasing, so this data will be ignored. See https://wandb.me/define-metric to log data out of order.
[gat-train] update=278 samples=17920 fps=109.9 loss=3.3994 actor=0.7351 value=2.6758 entropy=1.1571 mean_return=47.869 mean_len=97.2
wandb: WARNING Tried to log to step 278 that is less than the current step 308. Steps must be monotonically increasing, so this data will be ignored. See https://wandb.me/define-metric to log data out of order.
[gat-train] update=279 samples=18560 fps=109.3 loss=3.8929 actor=0.6322 value=3.2726 entropy=1.1984 mean_return=47.869 mean_len=97.2
wandb: WARNING Tried to log to step 279 that is less than the current step 308. Steps must be monotonically increasing, so this data will be ignored. See https://wandb.me/define-metric to log data out of order.
[gat-train] update=280 samples=19200 fps=108.3 loss=5.8159 actor=0.1489 value=5.6802 entropy=1.3187 mean_return=47.541 mean_len=96.6
wandb: WARNING Tried to log to step 280 that is less than the current step 308. Steps must be monotonically increasing, so this data will be ignored. See https://wandb.me/define-metric to log data out of order.
[gat-train] update=281 samples=19840 fps=107.2 loss=6.5537 actor=0.1139 value=6.4540 entropy=1.4138 mean_return=47.150 mean_len=96.0
wandb: WARNING Tried to log to step 281 that is less than the current step 308. Steps must be monotonically increasing, so this data will be ignored. See https://wandb.me/define-metric to log data out of order.
[gat-train] update=282 samples=20480 fps=106.3 loss=5.5920 actor=-0.1921 value=5.7984 entropy=1.4366 mean_return=46.893 mean_len=95.3
wandb: WARNING Tried to log to step 282 that is less than the current step 308. Steps must be monotonically increasing, so this data will be ignored. See https://wandb.me/define-metric to log data out of order.
[gat-train] update=283 samples=21120 fps=105.4 loss=7.3134 actor=-0.7701 value=8.0987 entropy=1.5132 mean_return=46.345 mean_len=94.3
wandb: WARNING Tried to log to step 283 that is less than the current step 308. Steps must be monotonically increasing, so this data will be ignored. See https://wandb.me/define-metric to log data out of order.
[gat-train] update=284 samples=21760 fps=104.5 loss=11.3108 actor=-1.9312 value=13.2577 entropy=1.5710 mean_return=44.925 mean_len=91.2
wandb: WARNING Tried to log to step 284 that is less than the current step 308. Steps must be monotonically increasing, so this data will be ignored. See https://wandb.me/define-metric to log data out of order.
[gat-train] update=285 samples=22400 fps=104.0 loss=11.1132 actor=-2.2297 value=13.3584 entropy=1.5519 mean_return=44.036 mean_len=88.4
wandb: WARNING Tried to log to step 285 that is less than the current step 308. Steps must be monotonically increasing, so this data will be ignored. See https://wandb.me/define-metric to log data out of order.
[gat-train] update=286 samples=23040 fps=104.0 loss=14.7630 actor=-2.5267 value=17.3057 entropy=1.5976 mean_return=44.112 mean_len=88.4
wandb: WARNING Tried to log to step 286 that is less than the current step 308. Steps must be monotonically increasing, so this data will be ignored. See https://wandb.me/define-metric to log data out of order.
[gat-train] update=287 samples=23680 fps=104.2 loss=9.4303 actor=-1.8955 value=11.3412 entropy=1.5483 mean_return=44.876 mean_len=89.8
wandb: WARNING Tried to log to step 287 that is less than the current step 308. Steps must be monotonically increasing, so this data will be ignored. See https://wandb.me/define-metric to log data out of order.
[gat-train] update=288 samples=24320 fps=104.5 loss=9.1102 actor=-2.1940 value=11.3198 entropy=1.5535 mean_return=45.896 mean_len=91.4
wandb: WARNING Tried to log to step 288 that is less than the current step 308. Steps must be monotonically increasing, so this data will be ignored. See https://wandb.me/define-metric to log data out of order.
[gat-train] update=289 samples=24960 fps=105.2 loss=8.1695 actor=-1.7741 value=9.9582 entropy=1.4663 mean_return=47.583 mean_len=94.5
wandb: WARNING Tried to log to step 289 that is less than the current step 308. Steps must be monotonically increasing, so this data will be ignored. See https://wandb.me/define-metric to log data out of order.
[gat-train] update=290 samples=25600 fps=105.9 loss=4.3490 actor=-0.5685 value=4.9324 entropy=1.4899 mean_return=48.229 mean_len=95.8
wandb: WARNING Tried to log to step 290 that is less than the current step 308. Steps must be monotonically increasing, so this data will be ignored. See https://wandb.me/define-metric to log data out of order.
[gat-train] update=291 samples=26240 fps=106.6 loss=2.1925 actor=0.0872 value=2.1201 entropy=1.4762 mean_return=48.236 mean_len=96.1
wandb: WARNING Tried to log to step 291 that is less than the current step 308. Steps must be monotonically increasing, so this data will be ignored. See https://wandb.me/define-metric to log data out of order.
[gat-train] update=292 samples=26880 fps=107.1 loss=2.5428 actor=0.3099 value=2.2458 entropy=1.2936 mean_return=48.372 mean_len=96.2
wandb: WARNING Tried to log to step 292 that is less than the current step 308. Steps must be monotonically increasing, so this data will be ignored. See https://wandb.me/define-metric to log data out of order.
[gat-train] update=293 samples=27520 fps=107.4 loss=2.8267 actor=0.3973 value=2.4415 entropy=1.1992 mean_return=48.372 mean_len=96.2
wandb: WARNING Tried to log to step 293 that is less than the current step 308. Steps must be monotonically increasing, so this data will be ignored. See https://wandb.me/define-metric to log data out of order.
[gat-train] update=294 samples=28160 fps=107.5 loss=3.0598 actor=0.5818 value=2.4897 entropy=1.1661 mean_return=48.372 mean_len=96.2
wandb: WARNING Tried to log to step 294 that is less than the current step 308. Steps must be monotonically increasing, so this data will be ignored. See https://wandb.me/define-metric to log data out of order.
[gat-train] update=295 samples=28800 fps=107.4 loss=4.7991 actor=0.3030 value=4.5084 entropy=1.2305 mean_return=47.835 mean_len=95.7
wandb: WARNING Tried to log to step 295 that is less than the current step 308. Steps must be monotonically increasing, so this data will be ignored. See https://wandb.me/define-metric to log data out of order.
[gat-train] update=296 samples=29440 fps=107.2 loss=3.5242 actor=0.5284 value=3.0078 entropy=1.2012 mean_return=47.835 mean_len=95.7
wandb: WARNING Tried to log to step 296 that is less than the current step 308. Steps must be monotonically increasing, so this data will be ignored. See https://wandb.me/define-metric to log data out of order.
[gat-train] update=297 samples=30080 fps=107.0 loss=6.4447 actor=0.3610 value=6.0964 entropy=1.2697 mean_return=47.472 mean_len=95.1
wandb: WARNING Tried to log to step 297 that is less than the current step 308. Steps must be monotonically increasing, so this data will be ignored. See https://wandb.me/define-metric to log data out of order.
[gat-train] update=298 samples=30720 fps=106.6 loss=5.3025 actor=-0.2126 value=5.5277 entropy=1.2572 mean_return=47.183 mean_len=94.4
wandb: WARNING Tried to log to step 298 that is less than the current step 308. Steps must be monotonically increasing, so this data will be ignored. See https://wandb.me/define-metric to log data out of order.
[gat-train] update=299 samples=31360 fps=106.1 loss=8.1515 actor=0.0061 value=8.1581 entropy=1.2674 mean_return=46.527 mean_len=93.2
wandb: WARNING Tried to log to step 299 that is less than the current step 308. Steps must be monotonically increasing, so this data will be ignored. See https://wandb.me/define-metric to log data out of order.
[gat-train] update=300 samples=32000 fps=105.6 loss=7.4208 actor=-0.3009 value=7.7350 entropy=1.3259 mean_return=45.582 mean_len=91.7
wandb: WARNING Tried to log to step 300 that is less than the current step 308. Steps must be monotonically increasing, so this data will be ignored. See https://wandb.me/define-metric to log data out of order.
[gat-train] eval update=300 torch_score=89.72 deploy_score=86.50 min=78.57 bottom10=78.57 max_regression=2.04 regressions=0 guard_rejected=0 best=87.18
wandb: WARNING Tried to log to step 300 that is less than the current step 308. Steps must be monotonically increasing, so this data will be ignored. See https://wandb.me/define-metric to log data out of order.
[gat-train] update=301 samples=32640 fps=101.8 loss=8.0122 actor=-0.7923 value=8.8181 entropy=1.3578 mean_return=45.433 mean_len=90.4
wandb: WARNING Tried to log to step 301 that is less than the current step 308. Steps must be monotonically increasing, so this data will be ignored. See https://wandb.me/define-metric to log data out of order.
[gat-train] update=302 samples=33280 fps=101.5 loss=10.5096 actor=-1.4075 value=11.9314 entropy=1.4266 mean_return=44.207 mean_len=87.8
wandb: WARNING Tried to log to step 302 that is less than the current step 308. Steps must be monotonically increasing, so this data will be ignored. See https://wandb.me/define-metric to log data out of order.
[gat-train] update=303 samples=33920 fps=101.2 loss=8.5281 actor=-1.2555 value=9.7986 entropy=1.5086 mean_return=43.864 mean_len=86.7
wandb: WARNING Tried to log to step 303 that is less than the current step 308. Steps must be monotonically increasing, so this data will be ignored. See https://wandb.me/define-metric to log data out of order.
[gat-train] update=304 samples=34560 fps=101.2 loss=10.5759 actor=-1.6422 value=12.2330 entropy=1.4952 mean_return=44.927 mean_len=88.5
wandb: WARNING Tried to log to step 304 that is less than the current step 308. Steps must be monotonically increasing, so this data will be ignored. See https://wandb.me/define-metric to log data out of order.
[gat-train] update=305 samples=35200 fps=101.2 loss=13.4326 actor=-2.6842 value=16.1325 entropy=1.5801 mean_return=45.255 mean_len=89.4
wandb: WARNING Tried to log to step 305 that is less than the current step 308. Steps must be monotonically increasing, so this data will be ignored. See https://wandb.me/define-metric to log data out of order.
[gat-train] update=306 samples=35840 fps=101.4 loss=8.2572 actor=-1.3121 value=9.5861 entropy=1.6838 mean_return=44.683 mean_len=89.4
wandb: WARNING Tried to log to step 306 that is less than the current step 308. Steps must be monotonically increasing, so this data will be ignored. See https://wandb.me/define-metric to log data out of order.
[gat-train] update=307 samples=36480 fps=101.8 loss=11.2178 actor=-2.5717 value=13.8080 entropy=1.8389 mean_return=45.670 mean_len=91.1
wandb: WARNING Tried to log to step 307 that is less than the current step 308. Steps must be monotonically increasing, so this data will be ignored. See https://wandb.me/define-metric to log data out of order.
[gat-train] update=308 samples=37120 fps=102.2 loss=4.4489 actor=-0.4862 value=4.9519 entropy=1.6705 mean_return=45.994 mean_len=91.9
[gat-train] update=309 samples=37760 fps=102.6 loss=3.1832 actor=-0.3610 value=3.5612 entropy=1.7016 mean_return=46.227 mean_len=92.5
[gat-train] update=310 samples=38400 fps=102.9 loss=3.3987 actor=0.3102 value=3.1036 entropy=1.5067 mean_return=46.271 mean_len=92.6
[gat-train] update=311 samples=39040 fps=103.1 loss=2.5957 actor=0.2075 value=2.4032 entropy=1.5020 mean_return=46.271 mean_len=92.6
[gat-train] update=312 samples=39680 fps=103.2 loss=5.0396 actor=0.2103 value=4.8430 entropy=1.3718 mean_return=46.144 mean_len=92.4
[gat-train] update=313 samples=40320 fps=103.2 loss=3.2449 actor=0.3144 value=2.9441 entropy=1.3608 mean_return=46.144 mean_len=92.4
[gat-train] update=314 samples=40960 fps=103.1 loss=4.6008 actor=0.4372 value=4.1771 entropy=1.3542 mean_return=46.120 mean_len=92.3
[gat-train] update=315 samples=41600 fps=102.9 loss=5.6342 actor=0.2928 value=5.3551 entropy=1.3664 mean_return=45.903 mean_len=91.8
[gat-train] update=316 samples=42240 fps=102.8 loss=4.4062 actor=0.2805 value=4.1390 entropy=1.3274 mean_return=45.903 mean_len=91.8
[gat-train] update=317 samples=42880 fps=102.5 loss=6.4416 actor=-0.0535 value=6.5076 entropy=1.2498 mean_return=45.585 mean_len=91.2
[gat-train] update=318 samples=43520 fps=102.2 loss=8.8000 actor=-0.4409 value=9.2540 entropy=1.3176 mean_return=45.091 mean_len=90.1
[gat-train] update=319 samples=44160 fps=101.9 loss=11.3759 actor=-1.7567 value=13.1466 entropy=1.3960 mean_return=44.405 mean_len=89.0
[gat-train] update=320 samples=44800 fps=101.7 loss=9.8324 actor=-1.4879 value=11.3351 entropy=1.4767 mean_return=43.238 mean_len=86.8
[gat-train] update=321 samples=45440 fps=101.5 loss=8.1705 actor=-1.2411 value=9.4264 entropy=1.4881 mean_return=42.880 mean_len=85.9
[gat-train] update=322 samples=46080 fps=101.6 loss=11.6690 actor=-1.8961 value=13.5806 entropy=1.5502 mean_return=43.358 mean_len=86.4
[gat-train] update=323 samples=46720 fps=101.7 loss=7.9085 actor=-1.1189 value=9.0435 entropy=1.6073 mean_return=43.075 mean_len=85.8
[gat-train] update=324 samples=47360 fps=101.8 loss=8.3237 actor=-1.1829 value=9.5231 entropy=1.6609 mean_return=44.254 mean_len=88.0
[gat-train] update=325 samples=48000 fps=102.0 loss=7.2118 actor=-1.4019 value=8.6306 entropy=1.6921 mean_return=44.859 mean_len=89.7
[gat-train] update=326 samples=48640 fps=102.2 loss=4.8758 actor=-0.9347 value=5.8275 entropy=1.7003 mean_return=45.591 mean_len=91.2
[gat-train] update=327 samples=49280 fps=102.4 loss=5.4740 actor=-0.5246 value=6.0151 entropy=1.6471 mean_return=45.920 mean_len=92.5
[gat-train] update=328 samples=49920 fps=102.5 loss=3.1277 actor=0.3068 value=2.8377 entropy=1.6772 mean_return=46.017 mean_len=92.6
[gat-train] update=329 samples=50560 fps=102.6 loss=5.1290 actor=-0.1821 value=5.3288 entropy=1.7714 mean_return=46.084 mean_len=93.3
[gat-train] update=330 samples=51200 fps=102.7 loss=3.7515 actor=0.3485 value=3.4192 entropy=1.6199 mean_return=46.084 mean_len=93.3
[gat-train] update=331 samples=51840 fps=102.8 loss=3.3488 actor=0.4918 value=2.8733 entropy=1.6269 mean_return=46.084 mean_len=93.3
[gat-train] update=332 samples=52480 fps=102.7 loss=4.4246 actor=0.2056 value=4.2358 entropy=1.6881 mean_return=45.652 mean_len=92.4
[gat-train] update=333 samples=53120 fps=102.5 loss=7.3273 actor=0.2462 value=7.0989 entropy=1.7684 mean_return=45.130 mean_len=90.9
[gat-train] update=334 samples=53760 fps=102.3 loss=6.0108 actor=0.0276 value=6.0018 entropy=1.8562 mean_return=44.900 mean_len=90.3
[gat-train] update=335 samples=54400 fps=102.1 loss=10.8123 actor=-0.4257 value=11.2569 entropy=1.8909 mean_return=44.090 mean_len=88.9
[gat-train] update=336 samples=55040 fps=101.8 loss=6.9147 actor=-1.0989 value=8.0328 entropy=1.9105 mean_return=43.960 mean_len=87.5
[gat-train] update=337 samples=55680 fps=101.7 loss=9.5544 actor=-1.5250 value=11.0985 entropy=1.9142 mean_return=43.014 mean_len=85.6
[gat-train] update=338 samples=56320 fps=101.6 loss=14.0318 actor=-2.4002 value=16.4517 entropy=1.9645 mean_return=42.153 mean_len=83.0
[gat-train] update=339 samples=56960 fps=101.5 loss=15.9076 actor=-2.8724 value=18.8009 entropy=2.0888 mean_return=42.671 mean_len=84.4
[gat-train] update=340 samples=57600 fps=101.6 loss=7.9596 actor=-2.4209 value=10.4031 entropy=2.2560 mean_return=42.312 mean_len=83.7
[gat-train] update=341 samples=58240 fps=101.7 loss=15.0852 actor=-2.8527 value=17.9611 entropy=2.3120 mean_return=41.778 mean_len=83.1
[gat-train] update=342 samples=58880 fps=101.8 loss=7.6411 actor=-1.4692 value=9.1336 entropy=2.3323 mean_return=42.308 mean_len=84.4
[gat-train] update=343 samples=59520 fps=102.0 loss=5.7973 actor=-0.0391 value=5.8597 entropy=2.3394 mean_return=42.038 mean_len=84.7
[gat-train] update=344 samples=60160 fps=102.1 loss=3.7155 actor=-0.2590 value=3.9972 entropy=2.2639 mean_return=42.077 mean_len=84.9
[gat-train] update=345 samples=60800 fps=102.2 loss=7.0655 actor=-0.1164 value=7.2050 entropy=2.3008 mean_return=41.648 mean_len=84.7
[gat-train] update=346 samples=61440 fps=102.3 loss=5.6251 actor=0.5028 value=5.1449 entropy=2.2600 mean_return=41.560 mean_len=84.5
[gat-train] update=347 samples=62080 fps=102.2 loss=6.4893 actor=0.3258 value=6.1864 entropy=2.3005 mean_return=41.737 mean_len=85.2
[gat-train] update=348 samples=62720 fps=102.2 loss=7.6874 actor=-0.0340 value=7.7444 entropy=2.2982 mean_return=40.881 mean_len=83.3
[gat-train] update=349 samples=63360 fps=102.1 loss=5.7517 actor=-0.7240 value=6.4985 entropy=2.2780 mean_return=40.454 mean_len=82.2
[gat-train] update=350 samples=64000 fps=101.9 loss=8.8623 actor=-0.2613 value=9.1467 entropy=2.3063 mean_return=39.886 mean_len=81.3
[gat-train] eval update=350 torch_score=89.72 deploy_score=86.99 min=80.04 bottom10=80.04 max_regression=2.04 regressions=0 guard_rejected=0 best=87.18
[gat-train] update=351 samples=64640 fps=100.2 loss=7.9361 actor=-0.4922 value=8.4503 entropy=2.1982 mean_return=39.846 mean_len=80.9
[gat-train] update=352 samples=65280 fps=100.0 loss=13.1055 actor=-1.8313 value=14.9582 entropy=2.1417 mean_return=38.878 mean_len=79.3
[gat-train] update=353 samples=65920 fps=99.9 loss=11.2863 actor=-2.0921 value=13.3982 entropy=1.9817 mean_return=38.123 mean_len=77.2
[gat-train] update=354 samples=66560 fps=99.8 loss=17.7730 actor=-2.8897 value=20.6839 entropy=2.1224 mean_return=37.774 mean_len=76.9
[gat-train] update=355 samples=67200 fps=99.7 loss=13.5509 actor=-2.0524 value=15.6241 entropy=2.0724 mean_return=38.619 mean_len=78.9
[gat-train] update=356 samples=67840 fps=99.8 loss=12.8984 actor=-2.2365 value=15.1560 entropy=2.1041 mean_return=38.637 mean_len=79.6
[gat-train] update=357 samples=68480 fps=99.9 loss=18.8381 actor=-0.9769 value=19.8361 entropy=2.1168 mean_return=38.279 mean_len=79.9
[gat-train] update=358 samples=69120 fps=100.1 loss=8.2684 actor=-0.8130 value=9.1007 entropy=1.9222 mean_return=39.056 mean_len=80.9
[gat-train] update=359 samples=69760 fps=100.3 loss=4.9371 actor=-0.6290 value=5.5843 entropy=1.8284 mean_return=39.284 mean_len=81.7
[gat-train] update=360 samples=70400 fps=100.4 loss=3.5987 actor=-0.0804 value=3.6960 entropy=1.6848 mean_return=39.286 mean_len=82.1
[gat-train] update=361 samples=71040 fps=100.5 loss=5.0757 actor=-0.2260 value=5.3177 entropy=1.6030 mean_return=39.510 mean_len=82.2
[gat-train] update=362 samples=71680 fps=100.5 loss=5.6444 actor=-0.0810 value=5.7415 entropy=1.6015 mean_return=39.531 mean_len=82.4
[gat-train] update=363 samples=72320 fps=100.5 loss=4.5131 actor=0.1209 value=4.4074 entropy=1.5188 mean_return=40.105 mean_len=83.1
[gat-train] update=364 samples=72960 fps=100.5 loss=3.5241 actor=0.1071 value=3.4315 entropy=1.4435 mean_return=40.105 mean_len=83.1
[gat-train] update=365 samples=73600 fps=100.4 loss=5.6099 actor=-0.0902 value=5.7141 entropy=1.3981 mean_return=40.561 mean_len=84.0
[gat-train] update=366 samples=74240 fps=100.3 loss=4.7794 actor=0.1782 value=4.6142 entropy=1.2954 mean_return=40.982 mean_len=84.6
[gat-train] update=367 samples=74880 fps=100.2 loss=6.4222 actor=-0.4840 value=6.9194 entropy=1.3232 mean_return=41.136 mean_len=84.6
[gat-train] update=368 samples=75520 fps=100.0 loss=9.8017 actor=-1.3121 value=11.1266 entropy=1.2870 mean_return=41.972 mean_len=85.5
[gat-train] update=369 samples=76160 fps=100.0 loss=6.1669 actor=-0.5557 value=6.7355 entropy=1.2887 mean_return=41.944 mean_len=85.4
[gat-train] update=370 samples=76800 fps=99.9 loss=13.5292 actor=-2.0690 value=15.6120 entropy=1.3752 mean_return=41.337 mean_len=84.2
[gat-train] update=371 samples=77440 fps=99.8 loss=11.1871 actor=-1.5067 value=12.7075 entropy=1.3691 mean_return=41.169 mean_len=83.9
[gat-train] update=372 samples=78080 fps=99.8 loss=8.4499 actor=-1.0141 value=9.4780 entropy=1.3972 mean_return=41.988 mean_len=84.8
[gat-train] update=373 samples=78720 fps=99.8 loss=6.8141 actor=-0.5244 value=7.3532 entropy=1.4680 mean_return=42.547 mean_len=85.4
[gat-train] update=374 samples=79360 fps=99.8 loss=7.3676 actor=-1.0811 value=8.4629 entropy=1.4147 mean_return=43.540 mean_len=87.0
[gat-train] update=375 samples=80000 fps=99.9 loss=6.4961 actor=-0.4807 value=6.9898 entropy=1.3045 mean_return=43.364 mean_len=86.8
[gat-train] update=376 samples=80640 fps=99.9 loss=4.2149 actor=-0.6078 value=4.8356 entropy=1.2997 mean_return=43.715 mean_len=87.7
[gat-train] update=377 samples=81280 fps=99.9 loss=5.1320 actor=-0.4167 value=5.5615 entropy=1.2782 mean_return=44.440 mean_len=89.3
[gat-train] update=378 samples=81920 fps=99.9 loss=21.1076 actor=-1.1530 value=22.2734 entropy=1.2744 mean_return=43.616 mean_len=89.0
[gat-train] update=379 samples=82560 fps=100.0 loss=5.4728 actor=0.0551 value=5.4290 entropy=1.1389 mean_return=43.668 mean_len=89.3
[gat-train] update=380 samples=83200 fps=100.0 loss=5.3243 actor=0.0879 value=5.2490 entropy=1.2618 mean_return=43.518 mean_len=89.2
[gat-train] update=381 samples=83840 fps=100.0 loss=3.4037 actor=0.3248 value=3.0916 entropy=1.2640 mean_return=43.681 mean_len=89.2
[gat-train] update=382 samples=84480 fps=100.0 loss=4.4429 actor=-0.1401 value=4.5957 entropy=1.2646 mean_return=43.947 mean_len=89.5
[gat-train] update=383 samples=85120 fps=99.9 loss=6.6074 actor=-0.3402 value=6.9606 entropy=1.2960 mean_return=43.845 mean_len=89.3
[gat-train] update=384 samples=85760 fps=99.9 loss=2.8143 actor=0.2343 value=2.5939 entropy=1.3985 mean_return=43.845 mean_len=89.3
[gat-train] update=385 samples=86400 fps=99.8 loss=7.8654 actor=-1.1489 value=9.0286 entropy=1.4299 mean_return=43.852 mean_len=89.2
[gat-train] update=386 samples=87040 fps=99.8 loss=4.9912 actor=-0.2770 value=5.2819 entropy=1.3660 mean_return=44.025 mean_len=89.7
[gat-train] update=387 samples=87680 fps=99.7 loss=7.5957 actor=-0.8589 value=8.4687 entropy=1.4076 mean_return=43.303 mean_len=87.9
[gat-train] update=388 samples=88320 fps=99.6 loss=9.0532 actor=-1.7932 value=10.8606 entropy=1.4205 mean_return=44.379 mean_len=87.7
[gat-train] update=389 samples=88960 fps=99.5 loss=9.9320 actor=-2.1881 value=12.1344 entropy=1.4231 mean_return=44.043 mean_len=87.9
[gat-train] update=390 samples=89600 fps=99.5 loss=5.6704 actor=-1.0723 value=6.7561 entropy=1.3270 mean_return=44.746 mean_len=88.8
[gat-train] update=391 samples=90240 fps=99.5 loss=5.7544 actor=-0.4032 value=6.1705 entropy=1.2793 mean_return=44.577 mean_len=88.6
[gat-train] update=392 samples=90880 fps=99.5 loss=8.4155 actor=-1.1025 value=9.5319 entropy=1.3927 mean_return=44.834 mean_len=89.2
[gat-train] update=393 samples=91520 fps=99.6 loss=6.9830 actor=-0.8657 value=7.8622 entropy=1.3520 mean_return=45.144 mean_len=90.3
[gat-train] update=394 samples=92160 fps=99.7 loss=6.9810 actor=-0.5563 value=7.5505 entropy=1.3280 mean_return=45.669 mean_len=90.6
[gat-train] update=395 samples=92800 fps=99.7 loss=5.4667 actor=-0.1636 value=5.6437 entropy=1.3477 mean_return=45.384 mean_len=90.2
[gat-train] update=396 samples=93440 fps=99.8 loss=5.4673 actor=-0.6087 value=6.0895 entropy=1.3644 mean_return=45.581 mean_len=90.8
[gat-train] update=397 samples=94080 fps=99.8 loss=4.0124 actor=-0.3672 value=4.3934 entropy=1.3812 mean_return=45.951 mean_len=91.1
[gat-train] update=398 samples=94720 fps=99.9 loss=3.8953 actor=0.0150 value=3.8944 entropy=1.4044 mean_return=45.843 mean_len=91.4
[gat-train] update=399 samples=95360 fps=99.8 loss=4.6598 actor=0.2118 value=4.4621 entropy=1.4046 mean_return=46.553 mean_len=92.5
[gat-train] update=400 samples=96000 fps=99.8 loss=4.1432 actor=-0.1001 value=4.2583 entropy=1.4951 mean_return=46.623 mean_len=92.4
[gat-train] eval update=400 torch_score=91.37 deploy_score=85.31 min=80.28 bottom10=80.28 max_regression=8.56 regressions=1 guard_rejected=1 best=87.18
[gat-train] update=401 samples=96640 fps=98.8 loss=4.7810 actor=-0.1785 value=4.9739 entropy=1.4445 mean_return=46.844 mean_len=92.7
[gat-train] update=402 samples=97280 fps=98.8 loss=4.5237 actor=-0.3250 value=4.8643 entropy=1.5645 mean_return=46.687 mean_len=92.3
[gat-train] update=403 samples=97920 fps=98.7 loss=8.5362 actor=-0.8971 value=9.4497 entropy=1.6364 mean_return=45.733 mean_len=90.7
[gat-train] update=404 samples=98560 fps=98.6 loss=11.0071 actor=-1.6592 value=12.6827 entropy=1.6409 mean_return=45.021 mean_len=90.2
[gat-train] update=405 samples=99200 fps=98.6 loss=9.6543 actor=-1.5157 value=11.1859 entropy=1.5903 mean_return=44.260 mean_len=88.5
[gat-train] update=406 samples=99840 fps=98.5 loss=8.1854 actor=-1.1325 value=9.3344 entropy=1.6519 mean_return=43.984 mean_len=88.1
[gat-train] update=407 samples=100480 fps=98.5 loss=6.9400 actor=-0.9632 value=7.9195 entropy=1.6245 mean_return=43.705 mean_len=87.6
[gat-train] update=408 samples=101120 fps=98.4 loss=5.6246 actor=-0.6674 value=6.3082 entropy=1.6217 mean_return=43.910 mean_len=88.1
[gat-train] update=409 samples=101760 fps=98.4 loss=8.0444 actor=-1.5261 value=9.5865 entropy=1.6121 mean_return=44.762 mean_len=89.6
[gat-train] update=410 samples=102400 fps=98.4 loss=6.6084 actor=-1.2410 value=7.8649 entropy=1.5502 mean_return=45.006 mean_len=90.3
[gat-train] update=411 samples=103040 fps=98.4 loss=6.1754 actor=-0.9962 value=7.1867 entropy=1.5127 mean_return=44.433 mean_len=89.7
[gat-train] update=412 samples=103680 fps=98.5 loss=5.8214 actor=-0.6884 value=6.5247 entropy=1.4814 mean_return=44.670 mean_len=90.8
[gat-train] update=413 samples=104320 fps=98.5 loss=5.0139 actor=-0.6289 value=5.6581 entropy=1.5315 mean_return=44.847 mean_len=90.6
[gat-train] update=414 samples=104960 fps=98.5 loss=3.8329 actor=-0.3356 value=4.1838 entropy=1.5417 mean_return=44.890 mean_len=90.8
[gat-train] update=415 samples=105600 fps=98.5 loss=8.0217 actor=-0.8506 value=8.8886 entropy=1.6293 mean_return=44.296 mean_len=89.5
[gat-train] update=416 samples=106240 fps=98.6 loss=3.9995 actor=0.5153 value=3.5000 entropy=1.5777 mean_return=44.757 mean_len=89.8
[gat-train] update=417 samples=106880 fps=98.5 loss=7.2731 actor=-0.3764 value=7.6659 entropy=1.6454 mean_return=44.397 mean_len=88.9
[gat-train] update=418 samples=107520 fps=98.5 loss=3.6090 actor=-0.0555 value=3.6813 entropy=1.6805 mean_return=44.441 mean_len=89.0
[gat-train] update=419 samples=108160 fps=98.5 loss=6.1588 actor=-0.3200 value=6.4953 entropy=1.6508 mean_return=44.244 mean_len=88.5
[gat-train] update=420 samples=108800 fps=98.5 loss=4.8363 actor=-0.0894 value=4.9428 entropy=1.7136 mean_return=44.216 mean_len=88.3
[gat-train] update=421 samples=109440 fps=98.4 loss=28.4686 actor=-2.0009 value=30.4861 entropy=1.6592 mean_return=42.877 mean_len=87.2
[gat-train] update=422 samples=110080 fps=98.3 loss=7.3948 actor=-0.6549 value=8.0657 entropy=1.6021 mean_return=42.663 mean_len=86.5
[gat-train] update=423 samples=110720 fps=98.3 loss=12.0084 actor=-1.7571 value=13.7815 entropy=1.6022 mean_return=42.585 mean_len=86.4
[gat-train] update=424 samples=111360 fps=98.3 loss=9.0251 actor=-1.3882 value=10.4279 entropy=1.4673 mean_return=42.419 mean_len=87.4
[gat-train] update=425 samples=112000 fps=98.2 loss=7.9645 actor=-0.8837 value=8.8623 entropy=1.4043 mean_return=42.376 mean_len=87.6
[gat-train] update=426 samples=112640 fps=98.2 loss=5.9965 actor=-1.4551 value=7.4659 entropy=1.4280 mean_return=42.270 mean_len=87.7
[gat-train] update=427 samples=113280 fps=98.2 loss=7.2135 actor=-1.3523 value=8.5793 entropy=1.3534 mean_return=43.111 mean_len=88.1
[gat-train] update=428 samples=113920 fps=98.3 loss=7.7605 actor=-1.0657 value=8.8396 entropy=1.3406 mean_return=43.457 mean_len=89.0
[gat-train] update=429 samples=114560 fps=98.3 loss=6.4370 actor=-0.5141 value=6.9642 entropy=1.3089 mean_return=43.669 mean_len=88.1
[gat-train] update=430 samples=115200 fps=98.3 loss=5.4108 actor=-0.6319 value=6.0565 entropy=1.3824 mean_return=44.019 mean_len=88.3
[gat-train] update=431 samples=115840 fps=98.3 loss=6.1035 actor=-0.5499 value=6.6673 entropy=1.3935 mean_return=44.542 mean_len=89.0
[gat-train] update=432 samples=116480 fps=98.4 loss=4.2781 actor=-0.3462 value=4.6373 entropy=1.3036 mean_return=44.771 mean_len=89.2
[gat-train] update=433 samples=117120 fps=98.4 loss=4.5262 actor=-0.0605 value=4.5997 entropy=1.2916 mean_return=45.072 mean_len=89.6
[gat-train] update=434 samples=117760 fps=98.4 loss=3.9065 actor=0.2009 value=3.7179 entropy=1.2339 mean_return=45.101 mean_len=89.4
[gat-train] update=435 samples=118400 fps=98.4 loss=3.4429 actor=-0.2928 value=3.7482 entropy=1.2485 mean_return=45.443 mean_len=90.0
[gat-train] update=436 samples=119040 fps=98.3 loss=6.3507 actor=-0.1403 value=6.5037 entropy=1.2623 mean_return=45.451 mean_len=89.9
[gat-train] update=437 samples=119680 fps=98.3 loss=4.6593 actor=-0.2397 value=4.9115 entropy=1.2503 mean_return=45.697 mean_len=90.1
[gat-train] update=438 samples=120320 fps=98.3 loss=6.4062 actor=-0.3597 value=6.7788 entropy=1.2919 mean_return=45.530 mean_len=90.0
[gat-train] update=439 samples=120960 fps=98.3 loss=3.6813 actor=-0.0616 value=3.7557 entropy=1.2789 mean_return=45.278 mean_len=89.7
[gat-train] update=440 samples=121600 fps=98.2 loss=7.5620 actor=-1.1769 value=8.7526 entropy=1.3739 mean_return=45.248 mean_len=89.7
[gat-train] update=441 samples=122240 fps=98.2 loss=7.6262 actor=-1.0787 value=8.7186 entropy=1.3734 mean_return=45.493 mean_len=89.5
[gat-train] update=442 samples=122880 fps=98.1 loss=7.9667 actor=-0.6017 value=8.5816 entropy=1.3171 mean_return=45.664 mean_len=89.7
[gat-train] update=443 samples=123520 fps=98.1 loss=7.5908 actor=-1.0074 value=8.6123 entropy=1.4046 mean_return=46.254 mean_len=90.3
[gat-train] update=444 samples=124160 fps=98.1 loss=7.2032 actor=-0.9361 value=8.1533 entropy=1.3963 mean_return=46.495 mean_len=91.1
