[reward-sweep] warm-start profile=terminal_ratio run=reward_sweep_small_terminal_ratio seed=2 Tue Jun 30 04:16:30 PM KST 2026
Gym has been unmaintained since 2022 and does not support NumPy 2.0 amongst other critical functionality.
Please upgrade to Gymnasium, the maintained drop-in replacement of Gym, or contact the authors of your software and request that they upgrade.
See the migration guide at https://gymnasium.farama.org/introduction/migration_guide/ for additional information.
[INFO][AppLauncher]: Using device: cuda:0
[INFO][AppLauncher]: Loading experience file: /home/user/IsaacLab/apps/isaaclab.python.headless.kit

[36m======================================================================================[0m
[36m[1m[INFO][IsaacLab]: Logging to file: /tmp/isaaclab/logs/isaaclab_2026-06-30_16-16-32.log[0m
[36m======================================================================================[0m

[33m16:16:32 [simulation_context.py] WARNING: The `enable_external_forces_every_iteration` parameter in the PhysxCfg is set to False. If you are experiencing noisy velocities, consider enabling this flag. You may need to slightly increase the number of velocity iterations (setting it to 1 or 2 rather than 0), together with this flag, to improve the accuracy of velocity updates.[0m
[INFO]: Base environment:
	Environment device    : cuda:0
	Environment seed      : None
	Physics step-size     : 0.008333333333333333
	Rendering step-size   : 0.16666666666666666
	Environment step-size : 0.16666666666666666
[33m16:16:34 [interactive_scene.py] WARNING: Collision filtering can only be automatically enabled when replicate_physics=True and using GPU simulation. Please call scene.filter_collisions(global_prim_paths) to filter collisions across environments.[0m
[INFO]: Time taken for scene creation : 1.177729 seconds
[INFO]: Scene manager:  <class InteractiveScene>
	Number of environments: 4
	Environment spacing   : 3.0
	Source prim name      : /World/envs/env_0
	Global prim paths     : []
	Replicate physics     : False
[INFO]: Starting the simulation. This may take a few seconds. Please wait...
[INFO]: Time taken for simulation start : 0.388623 seconds
[INFO]: Completed setting up the environment...
[gat-train] loaded GAT checkpoint: isaaclab_pallet/runs/overnight_full/PCT-latest.pt
[gat-train] run_dir=isaaclab_pallet/runs/reward_sweep_small_terminal_ratio device=cuda:0 num_envs=4 obs_shape=(4, 301, 9) leaf_shape=(4, 100, 9) num_steps=5 normFactor=0.8 drift_fail_threshold=0.4 reward_profile=terminal_ratio
[gat-train] initial competition score = 89.26  -> PCT-best.pt
[gat-train] update=1 samples=20 fps=4.7 loss=0.1203 actor=0.0900 value=0.0355 entropy=0.5148 mean_return=0.000 mean_len=0.0
[gat-train] update=2 samples=40 fps=7.8 loss=0.1658 actor=0.1516 value=0.0238 entropy=0.9593 mean_return=0.000 mean_len=0.0
[gat-train] update=3 samples=60 fps=9.6 loss=-0.2933 actor=-0.2980 value=0.0246 entropy=1.9771 mean_return=0.000 mean_len=0.0
[gat-train] update=4 samples=80 fps=10.6 loss=0.0659 actor=0.0549 value=0.0253 entropy=1.4346 mean_return=0.000 mean_len=0.0
[gat-train] update=5 samples=100 fps=11.0 loss=-0.1511 actor=-0.1412 value=0.0097 entropy=1.9543 mean_return=0.000 mean_len=0.0
[gat-train] update=6 samples=120 fps=11.2 loss=-0.1162 actor=-0.1104 value=0.0119 entropy=1.7745 mean_return=0.000 mean_len=0.0
[gat-train] update=7 samples=140 fps=11.3 loss=-0.1797 actor=-0.1872 value=0.0249 entropy=1.7424 mean_return=0.000 mean_len=0.0
[gat-train] update=8 samples=160 fps=11.3 loss=-0.5420 actor=-0.5774 value=0.0604 entropy=2.5094 mean_return=0.000 mean_len=0.0
[gat-train] update=9 samples=180 fps=11.3 loss=-0.5477 actor=-0.5940 value=0.0713 entropy=2.5080 mean_return=0.000 mean_len=0.0
[gat-train] update=10 samples=200 fps=11.1 loss=-0.5728 actor=-0.6264 value=0.0814 entropy=2.7708 mean_return=0.000 mean_len=0.0
[gat-train] update=11 samples=220 fps=11.1 loss=-0.7743 actor=-0.8783 value=0.1299 entropy=2.5960 mean_return=0.000 mean_len=0.0
[gat-train] update=12 samples=240 fps=11.0 loss=-0.7118 actor=-0.7970 value=0.1044 entropy=1.9164 mean_return=0.000 mean_len=0.0
[gat-train] update=13 samples=260 fps=10.9 loss=-1.0386 actor=-1.2297 value=0.2188 entropy=2.7667 mean_return=0.000 mean_len=0.0
[gat-train] update=14 samples=280 fps=10.9 loss=-0.8221 actor=-0.9834 value=0.1886 entropy=2.7376 mean_return=0.000 mean_len=0.0
[gat-train] update=15 samples=300 fps=10.9 loss=-0.9532 actor=-1.1976 value=0.2757 entropy=3.1398 mean_return=0.000 mean_len=0.0
[gat-train] update=16 samples=320 fps=10.9 loss=-1.2394 actor=-1.4896 value=0.2827 entropy=3.2508 mean_return=0.000 mean_len=0.0
[gat-train] update=17 samples=340 fps=11.1 loss=-1.0451 actor=-1.3532 value=0.3329 entropy=2.4723 mean_return=0.000 mean_len=0.0
[gat-train] update=18 samples=360 fps=11.4 loss=66.5814 actor=13.1667 value=53.4372 entropy=2.2462 mean_return=15.953 mean_len=87.8
[gat-train] update=19 samples=380 fps=11.7 loss=-0.0575 actor=-0.1147 value=0.0871 entropy=2.9877 mean_return=15.953 mean_len=87.8
[gat-train] update=20 samples=400 fps=12.0 loss=0.5107 actor=0.4262 value=0.1149 entropy=3.0427 mean_return=15.953 mean_len=87.8
[gat-train] update=21 samples=420 fps=12.1 loss=0.0264 actor=-0.0215 value=0.0842 entropy=3.6307 mean_return=15.953 mean_len=87.8
[gat-train] update=22 samples=440 fps=12.3 loss=-0.2775 actor=-0.2751 value=0.0295 entropy=3.1911 mean_return=15.953 mean_len=87.8
[gat-train] update=23 samples=460 fps=12.3 loss=0.1842 actor=0.1641 value=0.0486 entropy=2.8542 mean_return=15.953 mean_len=87.8
[gat-train] update=24 samples=480 fps=12.4 loss=-0.2009 actor=-0.2122 value=0.0384 entropy=2.7106 mean_return=15.953 mean_len=87.8
[gat-train] update=25 samples=500 fps=12.3 loss=-0.3632 actor=-0.3687 value=0.0334 entropy=2.7923 mean_return=15.953 mean_len=87.8
[gat-train] update=26 samples=520 fps=12.3 loss=-1.1112 actor=-1.1770 value=0.1050 entropy=3.9260 mean_return=15.953 mean_len=87.8
[gat-train] update=27 samples=540 fps=12.2 loss=-1.0939 actor=-1.1757 value=0.1200 entropy=3.8150 mean_return=15.953 mean_len=87.8
[gat-train] update=28 samples=560 fps=12.2 loss=-0.9572 actor=-1.0387 value=0.1176 entropy=3.6069 mean_return=15.953 mean_len=87.8
[gat-train] update=29 samples=580 fps=12.1 loss=-1.3708 actor=-1.5447 value=0.2084 entropy=3.4517 mean_return=15.953 mean_len=87.8
[gat-train] update=30 samples=600 fps=12.0 loss=-1.2748 actor=-1.4825 value=0.2430 entropy=3.5334 mean_return=15.953 mean_len=87.8
[gat-train] update=31 samples=620 fps=11.9 loss=-0.9935 actor=-1.0906 value=0.1272 entropy=3.0202 mean_return=15.953 mean_len=87.8
[gat-train] update=32 samples=640 fps=11.8 loss=14.1811 actor=3.5623 value=10.6504 entropy=3.1627 mean_return=15.597 mean_len=84.6
[gat-train] update=33 samples=660 fps=11.9 loss=3.4485 actor=0.3251 value=3.1567 entropy=3.3283 mean_return=15.470 mean_len=82.7
[gat-train] update=34 samples=680 fps=12.0 loss=0.1802 actor=-0.0391 value=0.2446 entropy=2.5316 mean_return=15.470 mean_len=82.7
[gat-train] update=35 samples=700 fps=12.1 loss=26.2870 actor=4.8472 value=21.4702 entropy=3.0315 mean_return=15.517 mean_len=83.1
[gat-train] update=36 samples=720 fps=12.2 loss=13.7896 actor=2.6770 value=11.1451 entropy=3.2542 mean_return=15.621 mean_len=83.9
[gat-train] update=37 samples=740 fps=12.3 loss=-0.3295 actor=-0.3848 value=0.0935 entropy=3.8268 mean_return=15.621 mean_len=83.9
[gat-train] update=38 samples=760 fps=12.4 loss=-0.8575 actor=-0.9041 value=0.0825 entropy=3.5945 mean_return=15.621 mean_len=83.9
[gat-train] update=39 samples=780 fps=12.4 loss=-0.4599 actor=-0.5172 value=0.0874 entropy=3.0004 mean_return=15.621 mean_len=83.9
[gat-train] update=40 samples=800 fps=12.3 loss=-0.9423 actor=-1.0134 value=0.1066 entropy=3.5552 mean_return=15.621 mean_len=83.9
[gat-train] update=41 samples=820 fps=12.3 loss=-0.7079 actor=-0.7485 value=0.0683 entropy=2.7662 mean_return=15.621 mean_len=83.9
[gat-train] update=42 samples=840 fps=12.3 loss=-0.3462 actor=-0.4207 value=0.1006 entropy=2.6139 mean_return=15.621 mean_len=83.9
[gat-train] update=43 samples=860 fps=12.2 loss=-1.0586 actor=-1.1676 value=0.1416 entropy=3.2557 mean_return=15.621 mean_len=83.9
[gat-train] update=44 samples=880 fps=12.1 loss=-0.9706 actor=-1.0819 value=0.1396 entropy=2.8339 mean_return=15.621 mean_len=83.9
[gat-train] update=45 samples=900 fps=12.1 loss=-1.1046 actor=-1.2603 value=0.1885 entropy=3.2780 mean_return=15.621 mean_len=83.9
[gat-train] update=46 samples=920 fps=12.0 loss=-1.3584 actor=-1.6562 value=0.3333 entropy=3.5464 mean_return=15.621 mean_len=83.9
[gat-train] update=47 samples=940 fps=12.0 loss=-0.7248 actor=-0.8998 value=0.1991 entropy=2.4075 mean_return=15.621 mean_len=83.9
[gat-train] update=48 samples=960 fps=12.0 loss=40.3048 actor=9.2437 value=31.0862 entropy=2.5158 mean_return=15.297 mean_len=82.8
[gat-train] update=49 samples=980 fps=12.0 loss=-0.5460 actor=-0.6529 value=0.1331 entropy=2.6235 mean_return=15.297 mean_len=82.8
[gat-train] update=50 samples=1000 fps=12.1 loss=-0.0007 actor=-0.1644 value=0.1932 entropy=2.9488 mean_return=15.297 mean_len=82.8
[gat-train] eval update=50 comp_score=89.99 best=89.99  *NEW BEST -> PCT-best.pt*
[gat-train] update=51 samples=1020 fps=11.7 loss=18.2244 actor=3.7893 value=14.4658 entropy=3.0704 mean_return=15.227 mean_len=82.5
[gat-train] update=52 samples=1040 fps=11.7 loss=30.0240 actor=5.2689 value=24.7852 entropy=3.0102 mean_return=15.223 mean_len=82.5
[gat-train] update=53 samples=1060 fps=11.8 loss=0.0006 actor=-0.0963 value=0.1207 entropy=2.3794 mean_return=15.223 mean_len=82.5
[gat-train] update=54 samples=1080 fps=11.8 loss=-0.3744 actor=-0.3726 value=0.0309 entropy=3.2724 mean_return=15.223 mean_len=82.5
[gat-train] update=55 samples=1100 fps=11.9 loss=-0.1211 actor=-0.1535 value=0.0588 entropy=2.6324 mean_return=15.223 mean_len=82.5
[gat-train] update=56 samples=1120 fps=11.9 loss=-0.2328 actor=-0.2259 value=0.0184 entropy=2.5252 mean_return=15.223 mean_len=82.5
[gat-train] update=57 samples=1140 fps=11.9 loss=-0.6648 actor=-0.7325 value=0.0972 entropy=2.9531 mean_return=15.223 mean_len=82.5
[gat-train] update=58 samples=1160 fps=11.9 loss=-0.5432 actor=-0.5969 value=0.0810 entropy=2.7230 mean_return=15.223 mean_len=82.5
[gat-train] update=59 samples=1180 fps=11.9 loss=-0.7610 actor=-0.8101 value=0.0804 entropy=3.1254 mean_return=15.223 mean_len=82.5
[gat-train] update=60 samples=1200 fps=11.8 loss=-0.9656 actor=-1.1371 value=0.1999 entropy=2.8476 mean_return=15.223 mean_len=82.5
[gat-train] update=61 samples=1220 fps=11.8 loss=-1.0623 actor=-1.2316 value=0.2024 entropy=3.3149 mean_return=15.223 mean_len=82.5
[gat-train] update=62 samples=1240 fps=11.8 loss=-0.7637 actor=-0.8862 value=0.1505 entropy=2.8063 mean_return=15.223 mean_len=82.5
[gat-train] update=63 samples=1260 fps=11.8 loss=-0.8662 actor=-1.0816 value=0.2409 entropy=2.5512 mean_return=15.223 mean_len=82.5
[gat-train] update=64 samples=1280 fps=11.8 loss=-1.1240 actor=-1.3149 value=0.2174 entropy=2.6539 mean_return=15.223 mean_len=82.5
[gat-train] update=65 samples=1300 fps=11.9 loss=14.3357 actor=3.1221 value=11.2384 entropy=2.4780 mean_return=15.173 mean_len=82.5
[gat-train] update=66 samples=1320 fps=11.9 loss=0.0186 actor=-0.1159 value=0.1556 entropy=2.1163 mean_return=15.173 mean_len=82.5
[gat-train] update=67 samples=1340 fps=12.0 loss=11.2693 actor=2.1364 value=9.1614 entropy=2.8467 mean_return=15.147 mean_len=82.3
[gat-train] update=68 samples=1360 fps=12.0 loss=-0.2933 actor=-0.3490 value=0.0906 entropy=3.4881 mean_return=15.147 mean_len=82.3
[gat-train] update=69 samples=1380 fps=12.1 loss=13.6289 actor=3.2316 value=10.4296 entropy=3.2255 mean_return=15.170 mean_len=82.2
[gat-train] update=70 samples=1400 fps=12.1 loss=0.3931 actor=0.2249 value=0.1915 entropy=2.3269 mean_return=15.170 mean_len=82.2
[gat-train] update=71 samples=1420 fps=12.1 loss=-0.3450 actor=-0.3506 value=0.0433 entropy=3.7742 mean_return=15.170 mean_len=82.2
[gat-train] update=72 samples=1440 fps=12.1 loss=-0.5931 actor=-0.6120 value=0.0479 entropy=2.8970 mean_return=15.170 mean_len=82.2
[gat-train] update=73 samples=1460 fps=12.1 loss=-0.3650 actor=-0.4238 value=0.0851 entropy=2.6256 mean_return=15.170 mean_len=82.2
[gat-train] update=74 samples=1480 fps=12.1 loss=-0.5827 actor=-0.6626 value=0.1086 entropy=2.8658 mean_return=15.170 mean_len=82.2
[gat-train] update=75 samples=1500 fps=12.1 loss=-0.7971 actor=-0.8770 value=0.1103 entropy=3.0403 mean_return=15.170 mean_len=82.2
[gat-train] update=76 samples=1520 fps=12.1 loss=-0.8579 actor=-1.0514 value=0.2231 entropy=2.9597 mean_return=15.170 mean_len=82.2
[gat-train] update=77 samples=1540 fps=12.1 loss=-1.1545 actor=-1.2731 value=0.1537 entropy=3.5040 mean_return=15.170 mean_len=82.2
[gat-train] update=78 samples=1560 fps=12.0 loss=-1.0609 actor=-1.2142 value=0.1848 entropy=3.1444 mean_return=15.170 mean_len=82.2
[gat-train] update=79 samples=1580 fps=12.0 loss=-0.8097 actor=-0.9292 value=0.1453 entropy=2.5817 mean_return=15.170 mean_len=82.2
[gat-train] update=80 samples=1600 fps=12.0 loss=38.7652 actor=7.7098 value=31.0849 entropy=2.9522 mean_return=15.140 mean_len=81.7
[gat-train] update=81 samples=1620 fps=12.1 loss=-0.9369 actor=-1.1885 value=0.2852 entropy=3.3599 mean_return=15.140 mean_len=81.7
[gat-train] update=82 samples=1640 fps=12.1 loss=-0.4480 actor=-0.6060 value=0.1918 entropy=3.3762 mean_return=15.140 mean_len=81.7
[gat-train] update=83 samples=1660 fps=12.2 loss=-0.3769 actor=-0.4868 value=0.1437 entropy=3.3829 mean_return=15.140 mean_len=81.7
[gat-train] update=84 samples=1680 fps=12.2 loss=33.6995 actor=6.2824 value=27.4461 entropy=2.9029 mean_return=15.131 mean_len=81.7
[gat-train] update=85 samples=1700 fps=12.2 loss=-0.7474 actor=-0.9102 value=0.2021 entropy=3.9322 mean_return=15.131 mean_len=81.7
[gat-train] update=86 samples=1720 fps=12.3 loss=-0.5941 actor=-0.7303 value=0.1723 entropy=3.6063 mean_return=15.131 mean_len=81.7
[gat-train] update=87 samples=1740 fps=12.3 loss=-0.5655 actor=-0.6744 value=0.1381 entropy=2.9178 mean_return=15.131 mean_len=81.7
[gat-train] update=88 samples=1760 fps=12.3 loss=-0.1324 actor=-0.1710 value=0.0637 entropy=2.5091 mean_return=15.131 mean_len=81.7
[gat-train] update=89 samples=1780 fps=12.3 loss=-0.1849 actor=-0.3828 value=0.2209 entropy=2.3008 mean_return=15.131 mean_len=81.7
[gat-train] update=90 samples=1800 fps=12.3 loss=-1.0089 actor=-1.1909 value=0.2139 entropy=3.1900 mean_return=15.131 mean_len=81.7
[gat-train] update=91 samples=1820 fps=12.3 loss=-0.9293 actor=-1.1815 value=0.2819 entropy=2.9707 mean_return=15.131 mean_len=81.7
[gat-train] update=92 samples=1840 fps=12.3 loss=-0.6399 actor=-0.7349 value=0.1200 entropy=2.5075 mean_return=15.131 mean_len=81.7
[gat-train] update=93 samples=1860 fps=12.3 loss=-0.7905 actor=-0.9567 value=0.1954 entropy=2.9254 mean_return=15.131 mean_len=81.7
[gat-train] update=94 samples=1880 fps=12.3 loss=33.2632 actor=6.0115 value=27.2791 entropy=2.7443 mean_return=14.989 mean_len=80.6
[gat-train] update=95 samples=1900 fps=12.3 loss=-0.3150 actor=-0.5248 value=0.2456 entropy=3.5810 mean_return=14.989 mean_len=80.6
[gat-train] update=96 samples=1920 fps=12.3 loss=-0.2487 actor=-0.4164 value=0.2050 entropy=3.7276 mean_return=14.989 mean_len=80.6
[gat-train] update=97 samples=1940 fps=12.3 loss=-0.7742 actor=-0.8751 value=0.1379 entropy=3.7057 mean_return=14.989 mean_len=80.6
[gat-train] update=98 samples=1960 fps=12.3 loss=-0.5301 actor=-0.5787 value=0.0825 entropy=3.3875 mean_return=14.989 mean_len=80.6
[gat-train] update=99 samples=1980 fps=12.3 loss=-0.4860 actor=-0.5983 value=0.1385 entropy=2.6261 mean_return=14.989 mean_len=80.6
[gat-train] update=100 samples=2000 fps=12.3 loss=14.2699 actor=2.8795 value=11.4200 entropy=2.9503 mean_return=14.957 mean_len=80.6
[gat-train] eval update=100 comp_score=88.52 best=89.99
[gat-train] update=101 samples=2020 fps=12.1 loss=24.9752 actor=5.5952 value=19.4161 entropy=3.6058 mean_return=14.970 mean_len=80.7
[gat-train] update=102 samples=2040 fps=12.1 loss=-1.3524 actor=-1.9261 value=0.6116 entropy=3.7945 mean_return=14.970 mean_len=80.7
[gat-train] update=103 samples=2060 fps=12.1 loss=-0.6148 actor=-0.6848 value=0.1098 entropy=3.9823 mean_return=14.970 mean_len=80.7
[gat-train] update=104 samples=2080 fps=12.1 loss=-0.7537 actor=-0.9123 value=0.1957 entropy=3.7119 mean_return=14.970 mean_len=80.7
[gat-train] update=105 samples=2100 fps=12.1 loss=-0.7192 actor=-0.7884 value=0.1051 entropy=3.5903 mean_return=14.970 mean_len=80.7
[gat-train] update=106 samples=2120 fps=12.1 loss=-1.2030 actor=-1.4601 value=0.2943 entropy=3.7122 mean_return=14.970 mean_len=80.7
[gat-train] update=107 samples=2140 fps=12.1 loss=-0.9029 actor=-0.9616 value=0.0951 entropy=3.6476 mean_return=14.970 mean_len=80.7
[gat-train] update=108 samples=2160 fps=12.1 loss=-0.9388 actor=-1.0605 value=0.1535 entropy=3.1768 mean_return=14.970 mean_len=80.7
[gat-train] update=109 samples=2180 fps=12.1 loss=-0.9165 actor=-1.0815 value=0.1900 entropy=2.5012 mean_return=14.970 mean_len=80.7
[gat-train] update=110 samples=2200 fps=12.1 loss=33.9183 actor=6.3536 value=27.5933 entropy=2.8617 mean_return=14.910 mean_len=80.6
[gat-train] update=111 samples=2220 fps=12.1 loss=0.0000 actor=-0.1734 value=0.2135 entropy=4.0129 mean_return=14.910 mean_len=80.6
[gat-train] update=112 samples=2240 fps=12.2 loss=-1.1187 actor=-1.3395 value=0.2586 entropy=3.7814 mean_return=14.910 mean_len=80.6
[gat-train] update=113 samples=2260 fps=12.2 loss=-0.3468 actor=-0.4406 value=0.1281 entropy=3.4345 mean_return=14.910 mean_len=80.6
[gat-train] update=114 samples=2280 fps=12.2 loss=-0.7426 actor=-0.8411 value=0.1333 entropy=3.4780 mean_return=14.910 mean_len=80.6
[gat-train] update=115 samples=2300 fps=12.2 loss=6.1888 actor=0.8905 value=5.3258 entropy=2.7465 mean_return=14.880 mean_len=80.3
[gat-train] update=116 samples=2320 fps=12.2 loss=-0.4098 actor=-0.5646 value=0.1825 entropy=2.7681 mean_return=14.880 mean_len=80.3
[gat-train] update=117 samples=2340 fps=12.3 loss=39.5180 actor=6.1545 value=33.3933 entropy=2.9772 mean_return=14.873 mean_len=80.4
[gat-train] update=118 samples=2360 fps=12.3 loss=-0.6210 actor=-0.7829 value=0.1996 entropy=3.7646 mean_return=14.873 mean_len=80.4
[gat-train] update=119 samples=2380 fps=12.3 loss=-0.5687 actor=-0.7000 value=0.1669 entropy=3.5481 mean_return=14.873 mean_len=80.4
[gat-train] update=120 samples=2400 fps=12.2 loss=-0.2662 actor=-0.3512 value=0.1137 entropy=2.8696 mean_return=14.873 mean_len=80.4
[gat-train] update=121 samples=2420 fps=12.2 loss=-0.9015 actor=-0.9747 value=0.1042 entropy=3.1115 mean_return=14.873 mean_len=80.4
[gat-train] update=122 samples=2440 fps=12.2 loss=-0.6190 actor=-0.6905 value=0.1026 entropy=3.1150 mean_return=14.873 mean_len=80.4
[gat-train] update=123 samples=2460 fps=12.2 loss=-0.9817 actor=-1.1132 value=0.1657 entropy=3.4206 mean_return=14.873 mean_len=80.4
[gat-train] update=124 samples=2480 fps=12.2 loss=-0.7833 actor=-0.9046 value=0.1493 entropy=2.7878 mean_return=14.873 mean_len=80.4
[gat-train] update=125 samples=2500 fps=12.2 loss=19.8809 actor=3.0604 value=16.8426 entropy=2.2160 mean_return=14.833 mean_len=80.2
[gat-train] update=126 samples=2520 fps=12.2 loss=7.5984 actor=1.8850 value=5.7425 entropy=2.9036 mean_return=14.842 mean_len=80.2
[gat-train] update=127 samples=2540 fps=12.3 loss=-0.7102 actor=-0.7993 value=0.1276 entropy=3.8435 mean_return=14.842 mean_len=80.2
[gat-train] update=128 samples=2560 fps=12.3 loss=0.2135 actor=0.0081 value=0.2422 entropy=3.6703 mean_return=14.842 mean_len=80.2
[gat-train] update=129 samples=2580 fps=12.3 loss=-0.4594 actor=-0.5233 value=0.0978 entropy=3.3895 mean_return=14.842 mean_len=80.2
[gat-train] update=130 samples=2600 fps=12.3 loss=32.5556 actor=5.0696 value=27.5097 entropy=2.3621 mean_return=14.846 mean_len=80.1
[gat-train] update=131 samples=2620 fps=12.3 loss=-0.2607 actor=-0.4160 value=0.1840 entropy=2.8678 mean_return=14.846 mean_len=80.1
[gat-train] update=132 samples=2640 fps=12.3 loss=-0.6056 actor=-0.6796 value=0.1074 entropy=3.3425 mean_return=14.846 mean_len=80.1
[gat-train] update=133 samples=2660 fps=12.3 loss=-0.3188 actor=-0.3703 value=0.0833 entropy=3.1825 mean_return=14.846 mean_len=80.1
[gat-train] update=134 samples=2680 fps=12.3 loss=16.7284 actor=3.3683 value=13.3863 entropy=2.6181 mean_return=14.859 mean_len=80.2
[gat-train] update=135 samples=2700 fps=12.3 loss=-0.7831 actor=-0.9035 value=0.1576 entropy=3.7162 mean_return=14.859 mean_len=80.2
[gat-train] update=136 samples=2720 fps=12.3 loss=-0.7107 actor=-0.7623 value=0.0837 entropy=3.2120 mean_return=14.859 mean_len=80.2
[gat-train] update=137 samples=2740 fps=12.3 loss=-0.8613 actor=-0.9705 value=0.1420 entropy=3.2890 mean_return=14.859 mean_len=80.2
[gat-train] update=138 samples=2760 fps=12.3 loss=-0.7605 actor=-0.9162 value=0.1877 entropy=3.1995 mean_return=14.859 mean_len=80.2
[gat-train] update=139 samples=2780 fps=12.3 loss=-1.2118 actor=-1.4022 value=0.2229 entropy=3.2503 mean_return=14.859 mean_len=80.2
[gat-train] update=140 samples=2800 fps=12.3 loss=-0.6644 actor=-0.8634 value=0.2257 entropy=2.6789 mean_return=14.859 mean_len=80.2
[gat-train] update=141 samples=2820 fps=12.3 loss=-0.3596 actor=-0.5178 value=0.1784 entropy=2.0273 mean_return=14.859 mean_len=80.2
[gat-train] update=142 samples=2840 fps=12.3 loss=39.8619 actor=7.1236 value=32.7709 entropy=3.2562 mean_return=14.902 mean_len=80.4
[gat-train] update=143 samples=2860 fps=12.3 loss=-1.1146 actor=-1.4972 value=0.4189 entropy=3.6314 mean_return=14.902 mean_len=80.4
[gat-train] update=144 samples=2880 fps=12.3 loss=-0.2998 actor=-0.3405 value=0.0714 entropy=3.0650 mean_return=14.902 mean_len=80.4
[gat-train] update=145 samples=2900 fps=12.3 loss=27.4376 actor=4.1222 value=23.3398 entropy=2.4421 mean_return=14.865 mean_len=80.2
[gat-train] update=146 samples=2920 fps=12.4 loss=-0.4242 actor=-0.5041 value=0.1180 entropy=3.8181 mean_return=14.865 mean_len=80.2
[gat-train] update=147 samples=2940 fps=12.4 loss=-0.6123 actor=-0.7499 value=0.1652 entropy=2.7709 mean_return=14.865 mean_len=80.2
[gat-train] update=148 samples=2960 fps=12.4 loss=-0.7028 actor=-0.8635 value=0.1995 entropy=3.8896 mean_return=14.865 mean_len=80.2
[gat-train] update=149 samples=2980 fps=12.4 loss=-0.3641 actor=-0.4660 value=0.1317 entropy=2.9862 mean_return=14.865 mean_len=80.2
[gat-train] update=150 samples=3000 fps=12.4 loss=-0.5308 actor=-0.5837 value=0.0807 entropy=2.7738 mean_return=14.865 mean_len=80.2
[gat-train] eval update=150 comp_score=89.26 best=89.99
[gat-train] update=151 samples=3020 fps=12.2 loss=9.8167 actor=2.1483 value=7.7017 entropy=3.3336 mean_return=14.859 mean_len=80.3
[gat-train] update=152 samples=3040 fps=12.2 loss=-1.6096 actor=-1.8666 value=0.2938 entropy=3.6777 mean_return=14.859 mean_len=80.3
[gat-train] update=153 samples=3060 fps=12.2 loss=-0.5696 actor=-0.6722 value=0.1290 entropy=2.6399 mean_return=14.859 mean_len=80.3
[gat-train] update=154 samples=3080 fps=12.2 loss=-0.6835 actor=-0.8751 value=0.2223 entropy=3.0720 mean_return=14.859 mean_len=80.3
[gat-train] update=155 samples=3100 fps=12.2 loss=-0.6054 actor=-0.6606 value=0.0822 entropy=2.7074 mean_return=14.859 mean_len=80.3
[gat-train] update=156 samples=3120 fps=12.2 loss=-0.6690 actor=-0.7931 value=0.1540 entropy=2.9808 mean_return=14.859 mean_len=80.3
[gat-train] update=157 samples=3140 fps=12.2 loss=-0.4862 actor=-0.6015 value=0.1400 entropy=2.4666 mean_return=14.859 mean_len=80.3
[gat-train] update=158 samples=3160 fps=12.2 loss=33.1320 actor=5.8813 value=27.2835 entropy=3.2846 mean_return=14.856 mean_len=80.2
[gat-train] update=159 samples=3180 fps=12.2 loss=0.0879 actor=-0.0757 value=0.1908 entropy=2.7285 mean_return=14.856 mean_len=80.2
[gat-train] update=160 samples=3200 fps=12.2 loss=0.4574 actor=0.3594 value=0.1254 entropy=2.7353 mean_return=14.856 mean_len=80.2
[gat-train] update=161 samples=3220 fps=12.2 loss=8.7035 actor=1.8174 value=6.9118 entropy=2.5663 mean_return=14.840 mean_len=80.2
[gat-train] update=162 samples=3240 fps=12.2 loss=0.1505 actor=0.1121 value=0.0682 entropy=2.9730 mean_return=14.840 mean_len=80.2
[gat-train] update=163 samples=3260 fps=12.3 loss=-0.3184 actor=-0.3237 value=0.0322 entropy=2.6947 mean_return=14.840 mean_len=80.2
[gat-train] update=164 samples=3280 fps=12.3 loss=-0.7011 actor=-0.7973 value=0.1282 entropy=3.1981 mean_return=14.840 mean_len=80.2
[gat-train] update=165 samples=3300 fps=12.3 loss=-0.5678 actor=-0.6513 value=0.1125 entropy=2.8987 mean_return=14.840 mean_len=80.2
[gat-train] update=166 samples=3320 fps=12.3 loss=-0.1215 actor=-0.1669 value=0.0747 entropy=2.9282 mean_return=14.840 mean_len=80.2
[gat-train] update=167 samples=3340 fps=12.3 loss=8.1800 actor=1.7069 value=6.5021 entropy=2.8958 mean_return=14.863 mean_len=80.2
[gat-train] update=168 samples=3360 fps=12.3 loss=-0.3554 actor=-0.3937 value=0.0664 entropy=2.8118 mean_return=14.863 mean_len=80.2
[gat-train] update=169 samples=3380 fps=12.3 loss=-0.8388 actor=-0.9408 value=0.1310 entropy=2.8993 mean_return=14.863 mean_len=80.2
[gat-train] update=170 samples=3400 fps=12.2 loss=-0.5796 actor=-0.6355 value=0.0851 entropy=2.9259 mean_return=14.863 mean_len=80.2
[gat-train] update=171 samples=3420 fps=12.2 loss=-1.0896 actor=-1.3840 value=0.3198 entropy=2.5403 mean_return=14.863 mean_len=80.2
[gat-train] update=172 samples=3440 fps=12.2 loss=-0.8797 actor=-1.1100 value=0.2561 entropy=2.5788 mean_return=14.863 mean_len=80.2
[gat-train] update=173 samples=3460 fps=12.2 loss=-0.4926 actor=-0.5417 value=0.0774 entropy=2.8331 mean_return=14.863 mean_len=80.2
[gat-train] update=174 samples=3480 fps=12.2 loss=23.8348 actor=3.0720 value=20.7878 entropy=2.5022 mean_return=14.866 mean_len=80.2
[gat-train] update=175 samples=3500 fps=12.3 loss=10.3796 actor=2.3598 value=8.0479 entropy=2.8177 mean_return=14.880 mean_len=80.3
[gat-train] update=176 samples=3520 fps=12.3 loss=0.4891 actor=0.3207 value=0.1921 entropy=2.3776 mean_return=14.880 mean_len=80.3
[gat-train] update=177 samples=3540 fps=12.3 loss=45.2360 actor=4.9655 value=40.3019 entropy=3.1340 mean_return=14.863 mean_len=80.3
[gat-train] update=178 samples=3560 fps=12.3 loss=0.0446 actor=-0.3928 value=0.4623 entropy=2.4894 mean_return=14.863 mean_len=80.3
[gat-train] update=179 samples=3580 fps=12.3 loss=-0.2206 actor=-0.3483 value=0.1511 entropy=2.3360 mean_return=14.863 mean_len=80.3
[gat-train] update=180 samples=3600 fps=12.3 loss=-0.4288 actor=-0.4703 value=0.0641 entropy=2.2606 mean_return=14.863 mean_len=80.3
[gat-train] update=181 samples=3620 fps=12.3 loss=-0.4814 actor=-0.5798 value=0.1201 entropy=2.1731 mean_return=14.863 mean_len=80.3
[gat-train] update=182 samples=3640 fps=12.3 loss=34.3915 actor=2.9205 value=31.4927 entropy=2.1688 mean_return=14.865 mean_len=80.3
[gat-train] update=183 samples=3660 fps=12.3 loss=-0.0604 actor=-0.2997 value=0.2573 entropy=1.7991 mean_return=14.865 mean_len=80.3
[gat-train] update=184 samples=3680 fps=12.3 loss=-1.0390 actor=-1.2289 value=0.2188 entropy=2.8840 mean_return=14.865 mean_len=80.3
[gat-train] update=185 samples=3700 fps=12.3 loss=-0.1441 actor=-0.2835 value=0.1663 entropy=2.6952 mean_return=14.865 mean_len=80.3
[gat-train] update=186 samples=3720 fps=12.3 loss=-0.5751 actor=-0.6662 value=0.1154 entropy=2.4315 mean_return=14.865 mean_len=80.3
[gat-train] update=187 samples=3740 fps=12.3 loss=-0.6905 actor=-0.8935 value=0.2304 entropy=2.7411 mean_return=14.865 mean_len=80.3
[gat-train] update=188 samples=3760 fps=12.3 loss=-0.1847 actor=-0.2515 value=0.0871 entropy=2.0361 mean_return=14.865 mean_len=80.3
[gat-train] update=189 samples=3780 fps=12.3 loss=-0.3132 actor=-0.5320 value=0.2367 entropy=1.7975 mean_return=14.865 mean_len=80.3
[gat-train] update=190 samples=3800 fps=12.3 loss=32.8617 actor=5.4555 value=27.4331 entropy=2.6820 mean_return=14.848 mean_len=80.2
[gat-train] update=191 samples=3820 fps=12.3 loss=-0.1862 actor=-0.2373 value=0.0854 entropy=3.4282 mean_return=14.848 mean_len=80.2
[gat-train] update=192 samples=3840 fps=12.3 loss=-0.3039 actor=-0.3371 value=0.0566 entropy=2.3343 mean_return=14.848 mean_len=80.2
[gat-train] update=193 samples=3860 fps=12.3 loss=31.6848 actor=3.9125 value=27.7925 entropy=2.0292 mean_return=14.840 mean_len=80.2
[gat-train] update=194 samples=3880 fps=12.3 loss=-0.3581 actor=-0.4284 value=0.0970 entropy=2.6722 mean_return=14.840 mean_len=80.2
[gat-train] update=195 samples=3900 fps=12.3 loss=-0.1066 actor=-0.3133 value=0.2306 entropy=2.3867 mean_return=14.840 mean_len=80.2
[gat-train] update=196 samples=3920 fps=12.4 loss=-0.4244 actor=-0.4684 value=0.0715 entropy=2.7451 mean_return=14.840 mean_len=80.2
[gat-train] update=197 samples=3940 fps=12.4 loss=34.2990 actor=5.4306 value=28.8925 entropy=2.4143 mean_return=14.842 mean_len=80.1
[gat-train] update=198 samples=3960 fps=12.4 loss=-0.1394 actor=-0.4442 value=0.3248 entropy=1.9988 mean_return=14.842 mean_len=80.1
[gat-train] update=199 samples=3980 fps=12.4 loss=-0.3539 actor=-0.4062 value=0.0771 entropy=2.4810 mean_return=14.842 mean_len=80.1
[gat-train] update=200 samples=4000 fps=12.4 loss=-0.2616 actor=-0.3117 value=0.0664 entropy=1.6354 mean_return=14.842 mean_len=80.1
[gat-train] eval update=200 comp_score=86.19 best=89.99
[gat-train] update=201 samples=4020 fps=12.2 loss=-0.5116 actor=-0.6018 value=0.1165 entropy=2.6240 mean_return=14.842 mean_len=80.1
[gat-train] update=202 samples=4040 fps=12.2 loss=-0.8702 actor=-1.0415 value=0.1966 entropy=2.5268 mean_return=14.842 mean_len=80.1
[gat-train] update=203 samples=4060 fps=12.2 loss=-0.5059 actor=-0.6122 value=0.1267 entropy=2.0453 mean_return=14.842 mean_len=80.1
[gat-train] update=204 samples=4080 fps=12.2 loss=-0.4548 actor=-0.5687 value=0.1349 entropy=2.0974 mean_return=14.842 mean_len=80.1
[gat-train] update=205 samples=4100 fps=12.2 loss=-0.5030 actor=-0.6128 value=0.1347 entropy=2.4882 mean_return=14.842 mean_len=80.1
[gat-train] update=206 samples=4120 fps=12.2 loss=-0.1783 actor=-0.5045 value=0.3389 entropy=1.2665 mean_return=14.842 mean_len=80.1
[gat-train] update=207 samples=4140 fps=12.2 loss=33.5503 actor=7.2375 value=26.3374 entropy=2.4595 mean_return=14.857 mean_len=80.2
[gat-train] update=208 samples=4160 fps=12.2 loss=12.3814 actor=2.6004 value=9.8038 entropy=2.2800 mean_return=14.876 mean_len=80.4
[gat-train] update=209 samples=4180 fps=12.2 loss=25.2798 actor=3.5657 value=21.7350 entropy=2.0869 mean_return=14.857 mean_len=80.2
[gat-train] update=210 samples=4200 fps=12.3 loss=-0.0056 actor=-0.2231 value=0.2383 entropy=2.0773 mean_return=14.857 mean_len=80.2
[gat-train] update=211 samples=4220 fps=12.3 loss=-0.0963 actor=-0.2077 value=0.1349 entropy=2.3503 mean_return=14.857 mean_len=80.2
[gat-train] update=212 samples=4240 fps=12.3 loss=-0.2673 actor=-0.3289 value=0.0917 entropy=3.0102 mean_return=14.857 mean_len=80.2
[gat-train] update=213 samples=4260 fps=12.3 loss=-0.4419 actor=-0.4980 value=0.0819 entropy=2.5761 mean_return=14.857 mean_len=80.2
[gat-train] update=214 samples=4280 fps=12.3 loss=45.6488 actor=7.0684 value=38.6018 entropy=2.1505 mean_return=14.858 mean_len=80.1
[gat-train] update=215 samples=4300 fps=12.3 loss=-0.0235 actor=-0.3237 value=0.3255 entropy=2.5314 mean_return=14.858 mean_len=80.1
[gat-train] update=216 samples=4320 fps=12.3 loss=0.0023 actor=-0.0262 value=0.0600 entropy=3.1555 mean_return=14.858 mean_len=80.1
[gat-train] update=217 samples=4340 fps=12.3 loss=-0.5817 actor=-0.6605 value=0.1099 entropy=3.1058 mean_return=14.858 mean_len=80.1
[gat-train] update=218 samples=4360 fps=12.3 loss=-0.7423 actor=-0.8213 value=0.1055 entropy=2.6484 mean_return=14.858 mean_len=80.1
[gat-train] update=219 samples=4380 fps=12.3 loss=-0.7642 actor=-0.8360 value=0.1052 entropy=3.3423 mean_return=14.858 mean_len=80.1
[gat-train] update=220 samples=4400 fps=12.3 loss=-0.9034 actor=-1.0050 value=0.1303 entropy=2.8745 mean_return=14.858 mean_len=80.1
[gat-train] update=221 samples=4420 fps=12.2 loss=-1.2063 actor=-1.4212 value=0.2430 entropy=2.8084 mean_return=14.858 mean_len=80.1
[gat-train] update=222 samples=4440 fps=12.2 loss=-0.9216 actor=-1.1354 value=0.2460 entropy=3.2211 mean_return=14.858 mean_len=80.1
[gat-train] update=223 samples=4460 fps=12.2 loss=-0.3414 actor=-0.4454 value=0.1332 entropy=2.9301 mean_return=14.858 mean_len=80.1
[gat-train] update=224 samples=4480 fps=12.2 loss=0.0772 actor=-0.0490 value=0.1507 entropy=2.4485 mean_return=14.858 mean_len=80.1
[gat-train] update=225 samples=4500 fps=12.2 loss=86.4282 actor=15.1519 value=71.2987 entropy=2.2492 mean_return=14.820 mean_len=80.1
[gat-train] update=226 samples=4520 fps=12.3 loss=35.9197 actor=4.9506 value=30.9932 entropy=2.4089 mean_return=14.870 mean_len=80.5
[gat-train] update=227 samples=4540 fps=12.3 loss=-0.5051 actor=-0.5393 value=0.0704 entropy=3.6132 mean_return=14.870 mean_len=80.5
[gat-train] update=228 samples=4560 fps=12.3 loss=0.0165 actor=-0.0271 value=0.0701 entropy=2.6488 mean_return=14.870 mean_len=80.5
[gat-train] update=229 samples=4580 fps=12.3 loss=-0.3200 actor=-0.4980 value=0.2003 entropy=2.2311 mean_return=14.870 mean_len=80.5
[gat-train] update=230 samples=4600 fps=12.3 loss=-0.6632 actor=-0.7392 value=0.1114 entropy=3.5372 mean_return=14.870 mean_len=80.5
[gat-train] update=231 samples=4620 fps=12.3 loss=20.4186 actor=4.2318 value=16.2117 entropy=2.4890 mean_return=14.879 mean_len=80.6
[gat-train] update=232 samples=4640 fps=12.3 loss=-0.7103 actor=-0.7520 value=0.0737 entropy=3.2002 mean_return=14.879 mean_len=80.6
[gat-train] update=233 samples=4660 fps=12.3 loss=-0.9197 actor=-0.9994 value=0.1147 entropy=3.4977 mean_return=14.879 mean_len=80.6
[gat-train] update=234 samples=4680 fps=12.3 loss=-0.5335 actor=-0.5843 value=0.0774 entropy=2.6608 mean_return=14.879 mean_len=80.6
[gat-train] update=235 samples=4700 fps=12.3 loss=-0.8394 actor=-1.0668 value=0.2521 entropy=2.4714 mean_return=14.879 mean_len=80.6
[gat-train] update=236 samples=4720 fps=12.3 loss=-0.1170 actor=-0.2180 value=0.1305 entropy=2.9448 mean_return=14.879 mean_len=80.6
[gat-train] update=237 samples=4740 fps=12.3 loss=-0.7214 actor=-0.8901 value=0.1960 entropy=2.7351 mean_return=14.879 mean_len=80.6
[gat-train] update=238 samples=4760 fps=12.3 loss=-0.7846 actor=-0.8625 value=0.1127 entropy=3.4795 mean_return=14.879 mean_len=80.6
[gat-train] update=239 samples=4780 fps=12.3 loss=37.8321 actor=4.8474 value=33.0188 entropy=3.4100 mean_return=14.834 mean_len=80.4
[gat-train] update=240 samples=4800 fps=12.3 loss=-0.1889 actor=-0.6302 value=0.4709 entropy=2.9603 mean_return=14.834 mean_len=80.4
[gat-train] update=241 samples=4820 fps=12.3 loss=-1.3173 actor=-1.5178 value=0.2314 entropy=3.0899 mean_return=14.834 mean_len=80.4
[gat-train] update=242 samples=4840 fps=12.3 loss=27.8351 actor=4.0500 value=23.8146 entropy=2.9461 mean_return=14.817 mean_len=80.2
[gat-train] update=243 samples=4860 fps=12.3 loss=33.3278 actor=5.7179 value=27.6355 entropy=2.5602 mean_return=14.854 mean_len=80.4
[gat-train] update=244 samples=4880 fps=12.3 loss=0.0856 actor=-0.2783 value=0.3868 entropy=2.2829 mean_return=14.854 mean_len=80.4
[gat-train] update=245 samples=4900 fps=12.3 loss=0.2142 actor=0.0435 value=0.2005 entropy=2.9750 mean_return=14.854 mean_len=80.4
[gat-train] update=246 samples=4920 fps=12.3 loss=-0.3672 actor=-0.4064 value=0.0676 entropy=2.8319 mean_return=14.854 mean_len=80.4
[gat-train] update=247 samples=4940 fps=12.3 loss=32.9252 actor=5.7553 value=27.1927 entropy=2.2777 mean_return=14.882 mean_len=80.4
[gat-train] update=248 samples=4960 fps=12.3 loss=0.5085 actor=0.3645 value=0.1734 entropy=2.9490 mean_return=14.882 mean_len=80.4
[gat-train] update=249 samples=4980 fps=12.3 loss=0.0927 actor=-0.0050 value=0.1252 entropy=2.7555 mean_return=14.882 mean_len=80.4
[gat-train] update=250 samples=5000 fps=12.3 loss=0.0291 actor=-0.1325 value=0.1918 entropy=3.0234 mean_return=14.882 mean_len=80.4
[gat-train] eval update=250 comp_score=84.44 best=89.99
[gat-train] update=251 samples=5020 fps=12.2 loss=-0.4657 actor=-0.5630 value=0.1255 entropy=2.8248 mean_return=14.882 mean_len=80.4
[gat-train] update=252 samples=5040 fps=12.2 loss=-0.1473 actor=-0.1662 value=0.0471 entropy=2.8209 mean_return=14.882 mean_len=80.4
[gat-train] update=253 samples=5060 fps=12.2 loss=-1.0463 actor=-1.3159 value=0.3010 entropy=3.1432 mean_return=14.882 mean_len=80.4
[gat-train] update=254 samples=5080 fps=12.2 loss=-0.9538 actor=-1.1294 value=0.2105 entropy=3.4997 mean_return=14.882 mean_len=80.4
[gat-train] update=255 samples=5100 fps=12.2 loss=-0.5490 actor=-0.6471 value=0.1281 entropy=2.9979 mean_return=14.882 mean_len=80.4
[gat-train] update=256 samples=5120 fps=12.2 loss=-0.0599 actor=-0.1441 value=0.1123 entropy=2.8159 mean_return=14.882 mean_len=80.4
[gat-train] update=257 samples=5140 fps=12.2 loss=31.9350 actor=3.4516 value=28.5082 entropy=2.4797 mean_return=14.912 mean_len=80.6
[gat-train] update=258 samples=5160 fps=12.2 loss=41.0229 actor=6.9077 value=34.1443 entropy=2.8997 mean_return=14.900 mean_len=80.5
[gat-train] update=259 samples=5180 fps=12.2 loss=37.3283 actor=7.3769 value=29.9788 entropy=2.7424 mean_return=14.924 mean_len=80.5
[gat-train] update=260 samples=5200 fps=12.3 loss=-0.6754 actor=-1.4801 value=0.8370 entropy=3.2288 mean_return=14.924 mean_len=80.5
[gat-train] update=261 samples=5220 fps=12.3 loss=0.1726 actor=0.0521 value=0.1540 entropy=3.3483 mean_return=14.924 mean_len=80.5
[gat-train] update=262 samples=5240 fps=12.3 loss=0.0263 actor=-0.0458 value=0.0993 entropy=2.7208 mean_return=14.924 mean_len=80.5
[gat-train] update=263 samples=5260 fps=12.3 loss=37.9901 actor=6.1419 value=31.8752 entropy=2.6948 mean_return=14.930 mean_len=80.5
[gat-train] update=264 samples=5280 fps=12.3 loss=0.3080 actor=0.1827 value=0.1589 entropy=3.3573 mean_return=14.930 mean_len=80.5
[gat-train] update=265 samples=5300 fps=12.3 loss=-0.4486 actor=-0.6242 value=0.2146 entropy=3.9000 mean_return=14.930 mean_len=80.5
[gat-train] update=266 samples=5320 fps=12.3 loss=-0.1619 actor=-0.1458 value=0.0192 entropy=3.5257 mean_return=14.930 mean_len=80.5
[gat-train] update=267 samples=5340 fps=12.3 loss=-0.3640 actor=-0.4313 value=0.0999 entropy=3.2598 mean_return=14.930 mean_len=80.5
[gat-train] update=268 samples=5360 fps=12.3 loss=-0.4044 actor=-0.4186 value=0.0456 entropy=3.1368 mean_return=14.930 mean_len=80.5
[gat-train] update=269 samples=5380 fps=12.3 loss=-0.5396 actor=-0.5438 value=0.0423 entropy=3.8048 mean_return=14.930 mean_len=80.5
[gat-train] update=270 samples=5400 fps=12.3 loss=-1.2206 actor=-1.4049 value=0.2212 entropy=3.6924 mean_return=14.930 mean_len=80.5
[gat-train] update=271 samples=5420 fps=12.3 loss=-1.5939 actor=-1.9724 value=0.4166 entropy=3.8193 mean_return=14.930 mean_len=80.5
[gat-train] update=272 samples=5440 fps=12.2 loss=-1.0799 actor=-1.3896 value=0.3409 entropy=3.1275 mean_return=14.930 mean_len=80.5
[gat-train] update=273 samples=5460 fps=12.2 loss=-0.2346 actor=-0.3130 value=0.1078 entropy=2.9382 mean_return=14.930 mean_len=80.5
[gat-train] update=274 samples=5480 fps=12.2 loss=-0.9096 actor=-1.1305 value=0.2472 entropy=2.6308 mean_return=14.930 mean_len=80.5
[gat-train] update=275 samples=5500 fps=12.2 loss=53.3826 actor=7.1271 value=46.2837 entropy=2.8208 mean_return=14.938 mean_len=80.7
[gat-train] update=276 samples=5520 fps=12.2 loss=36.5950 actor=6.2368 value=30.3949 entropy=3.6713 mean_return=14.963 mean_len=80.9
[gat-train] update=277 samples=5540 fps=12.3 loss=-0.0737 actor=-0.2113 value=0.1729 entropy=3.5283 mean_return=14.963 mean_len=80.9
[gat-train] update=278 samples=5560 fps=12.3 loss=-0.1187 actor=-0.3839 value=0.3014 entropy=3.6269 mean_return=14.963 mean_len=80.9
[gat-train] update=279 samples=5580 fps=12.3 loss=22.9139 actor=5.5274 value=17.4194 entropy=3.2910 mean_return=14.959 mean_len=80.9
[gat-train] update=280 samples=5600 fps=12.3 loss=0.9074 actor=0.6857 value=0.2495 entropy=2.7803 mean_return=14.959 mean_len=80.9
[gat-train] update=281 samples=5620 fps=12.3 loss=0.0168 actor=0.0274 value=0.0212 entropy=3.1763 mean_return=14.959 mean_len=80.9
[gat-train] update=282 samples=5640 fps=12.3 loss=-1.1261 actor=-1.3007 value=0.2119 entropy=3.7239 mean_return=14.959 mean_len=80.9
[gat-train] update=283 samples=5660 fps=12.3 loss=-0.1815 actor=-0.1841 value=0.0299 entropy=2.7307 mean_return=14.959 mean_len=80.9
[gat-train] update=284 samples=5680 fps=12.3 loss=-0.3999 actor=-0.4398 value=0.0712 entropy=3.1407 mean_return=14.959 mean_len=80.9
[gat-train] update=285 samples=5700 fps=12.3 loss=-1.7521 actor=-2.1135 value=0.3936 entropy=3.2261 mean_return=14.959 mean_len=80.9
[gat-train] update=286 samples=5720 fps=12.3 loss=-0.0068 actor=-0.0886 value=0.1166 entropy=3.4729 mean_return=14.959 mean_len=80.9
[gat-train] update=287 samples=5740 fps=12.3 loss=-0.5360 actor=-0.6480 value=0.1449 entropy=3.2852 mean_return=14.959 mean_len=80.9
[gat-train] update=288 samples=5760 fps=12.3 loss=-0.8503 actor=-1.0931 value=0.2711 entropy=2.8336 mean_return=14.959 mean_len=80.9
[gat-train] update=289 samples=5780 fps=12.3 loss=38.0543 actor=5.4899 value=32.5905 entropy=2.6086 mean_return=14.937 mean_len=80.7
[gat-train] update=290 samples=5800 fps=12.3 loss=-0.2235 actor=-0.9272 value=0.7341 entropy=3.0380 mean_return=14.937 mean_len=80.7
[gat-train] update=291 samples=5820 fps=12.3 loss=35.5780 actor=5.9591 value=29.6515 entropy=3.2552 mean_return=14.950 mean_len=80.8
[gat-train] update=292 samples=5840 fps=12.3 loss=0.1341 actor=0.0902 value=0.0811 entropy=3.7118 mean_return=14.950 mean_len=80.8
[gat-train] update=293 samples=5860 fps=12.3 loss=0.6153 actor=0.0429 value=0.6097 entropy=3.7352 mean_return=14.950 mean_len=80.8
[gat-train] update=294 samples=5880 fps=12.3 loss=47.4647 actor=9.7893 value=37.7034 entropy=2.8018 mean_return=14.960 mean_len=80.9
[gat-train] update=295 samples=5900 fps=12.4 loss=0.6066 actor=-1.1036 value=1.7453 entropy=3.5099 mean_return=14.960 mean_len=80.9
[gat-train] update=296 samples=5920 fps=12.4 loss=-0.0910 actor=-0.1565 value=0.1022 entropy=3.6682 mean_return=14.960 mean_len=80.9
[gat-train] update=297 samples=5940 fps=12.4 loss=-0.5851 actor=-0.6533 value=0.1033 entropy=3.5068 mean_return=14.960 mean_len=80.9
[gat-train] update=298 samples=5960 fps=12.4 loss=-0.3946 actor=-0.5608 value=0.2050 entropy=3.8891 mean_return=14.960 mean_len=80.9
[gat-train] update=299 samples=5980 fps=12.4 loss=-1.2359 actor=-1.3900 value=0.1916 entropy=3.7512 mean_return=14.960 mean_len=80.9
[gat-train] update=300 samples=6000 fps=12.4 loss=-1.0207 actor=-1.2233 value=0.2339 entropy=3.1275 mean_return=14.960 mean_len=80.9
[gat-train] eval update=300 comp_score=87.79 best=89.99
[gat-train] update=301 samples=6020 fps=12.3 loss=-0.6824 actor=-0.8283 value=0.1811 entropy=3.5188 mean_return=14.960 mean_len=80.9
[gat-train] update=302 samples=6040 fps=12.3 loss=0.1623 actor=-0.2848 value=0.4792 entropy=3.2093 mean_return=14.960 mean_len=80.9
[gat-train] update=303 samples=6060 fps=12.3 loss=-0.7608 actor=-1.5890 value=0.8570 entropy=2.8781 mean_return=14.960 mean_len=80.9
[gat-train] update=304 samples=6080 fps=12.3 loss=-0.6152 actor=-0.8950 value=0.2996 entropy=1.9836 mean_return=14.960 mean_len=80.9
[gat-train] update=305 samples=6100 fps=12.3 loss=29.8971 actor=3.4055 value=26.5157 entropy=2.4198 mean_return=14.953 mean_len=80.9
[gat-train] update=306 samples=6120 fps=12.3 loss=19.1916 actor=3.3121 value=15.9084 entropy=2.8920 mean_return=14.925 mean_len=80.7
[gat-train] update=307 samples=6140 fps=12.3 loss=22.9775 actor=3.7346 value=19.2770 entropy=3.4096 mean_return=14.933 mean_len=80.7
[gat-train] update=308 samples=6160 fps=12.3 loss=0.3072 actor=0.2644 value=0.0767 entropy=3.3958 mean_return=14.933 mean_len=80.7
[gat-train] update=309 samples=6180 fps=12.3 loss=42.7751 actor=6.6233 value=36.1813 entropy=2.9544 mean_return=14.942 mean_len=80.6
[gat-train] update=310 samples=6200 fps=12.3 loss=0.3662 actor=-1.4040 value=1.8058 entropy=3.5563 mean_return=14.942 mean_len=80.6
[gat-train] update=311 samples=6220 fps=12.3 loss=0.0091 actor=-0.2110 value=0.2478 entropy=2.7707 mean_return=14.942 mean_len=80.6
[gat-train] update=312 samples=6240 fps=12.3 loss=-0.2005 actor=-0.2459 value=0.0778 entropy=3.2473 mean_return=14.942 mean_len=80.6
[gat-train] update=313 samples=6260 fps=12.3 loss=-1.3162 actor=-1.4941 value=0.2153 entropy=3.7485 mean_return=14.942 mean_len=80.6
[gat-train] update=314 samples=6280 fps=12.3 loss=-0.2282 actor=-0.2379 value=0.0420 entropy=3.2278 mean_return=14.942 mean_len=80.6
[gat-train] update=315 samples=6300 fps=12.3 loss=-1.3408 actor=-1.6375 value=0.3294 entropy=3.2732 mean_return=14.942 mean_len=80.6
[gat-train] update=316 samples=6320 fps=12.3 loss=-1.3333 actor=-1.7497 value=0.4487 entropy=3.2279 mean_return=14.942 mean_len=80.6
[gat-train] update=317 samples=6340 fps=12.3 loss=-0.4923 actor=-0.5548 value=0.0950 entropy=3.2445 mean_return=14.942 mean_len=80.6
[gat-train] update=318 samples=6360 fps=12.3 loss=-0.6443 actor=-0.7024 value=0.0864 entropy=2.8376 mean_return=14.942 mean_len=80.6
[gat-train] update=319 samples=6380 fps=12.3 loss=25.0707 actor=3.7040 value=21.3936 entropy=2.6827 mean_return=14.935 mean_len=80.6
[gat-train] update=320 samples=6400 fps=12.3 loss=25.3948 actor=4.4704 value=20.9558 entropy=3.1421 mean_return=14.891 mean_len=80.2
[gat-train] update=321 samples=6420 fps=12.3 loss=-1.2184 actor=-2.0595 value=0.8728 entropy=3.1732 mean_return=14.891 mean_len=80.2
[gat-train] update=322 samples=6440 fps=12.3 loss=54.8804 actor=7.8073 value=47.1021 entropy=2.9024 mean_return=14.929 mean_len=80.4
[gat-train] update=323 samples=6460 fps=12.3 loss=0.2221 actor=-0.4577 value=0.7054 entropy=2.5647 mean_return=14.929 mean_len=80.4
[gat-train] update=324 samples=6480 fps=12.4 loss=47.9790 actor=6.8751 value=41.1235 entropy=1.9627 mean_return=14.887 mean_len=80.3
[gat-train] update=325 samples=6500 fps=12.4 loss=0.3280 actor=-0.1851 value=0.5381 entropy=2.5135 mean_return=14.887 mean_len=80.3
[gat-train] update=326 samples=6520 fps=12.4 loss=-0.1068 actor=-0.0991 value=0.0195 entropy=2.7208 mean_return=14.887 mean_len=80.3
[gat-train] update=327 samples=6540 fps=12.4 loss=-0.3992 actor=-0.5124 value=0.1447 entropy=3.1425 mean_return=14.887 mean_len=80.3
[gat-train] update=328 samples=6560 fps=12.4 loss=-0.3816 actor=-0.4200 value=0.0667 entropy=2.8297 mean_return=14.887 mean_len=80.3
[gat-train] update=329 samples=6580 fps=12.4 loss=-0.7015 actor=-0.7824 value=0.1125 entropy=3.1497 mean_return=14.887 mean_len=80.3
[gat-train] update=330 samples=6600 fps=12.4 loss=-0.7694 actor=-0.8715 value=0.1301 entropy=2.7990 mean_return=14.887 mean_len=80.3
[gat-train] update=331 samples=6620 fps=12.4 loss=-0.8996 actor=-1.0380 value=0.1684 entropy=2.9988 mean_return=14.887 mean_len=80.3
[gat-train] update=332 samples=6640 fps=12.4 loss=-0.4798 actor=-0.6253 value=0.1741 entropy=2.8629 mean_return=14.887 mean_len=80.3
[gat-train] update=333 samples=6660 fps=12.4 loss=-0.9442 actor=-1.1240 value=0.2046 entropy=2.4867 mean_return=14.887 mean_len=80.3
[gat-train] update=334 samples=6680 fps=12.4 loss=-0.6751 actor=-0.8385 value=0.1904 entropy=2.7050 mean_return=14.887 mean_len=80.3
[gat-train] update=335 samples=6700 fps=12.4 loss=45.2045 actor=9.1428 value=36.0879 entropy=2.6167 mean_return=14.896 mean_len=80.4
[gat-train] update=336 samples=6720 fps=12.4 loss=32.1855 actor=3.9320 value=28.2760 entropy=2.2451 mean_return=14.881 mean_len=80.3
[gat-train] update=337 samples=6740 fps=12.4 loss=-0.0998 actor=-0.2589 value=0.1878 entropy=2.8749 mean_return=14.881 mean_len=80.3
[gat-train] update=338 samples=6760 fps=12.4 loss=0.1469 actor=0.0881 value=0.0900 entropy=3.1181 mean_return=14.881 mean_len=80.3
[gat-train] update=339 samples=6780 fps=12.4 loss=32.6563 actor=4.4589 value=28.2190 entropy=2.1617 mean_return=14.882 mean_len=80.3
[gat-train] update=340 samples=6800 fps=12.4 loss=-0.1138 actor=-0.1678 value=0.0819 entropy=2.7876 mean_return=14.882 mean_len=80.3
[gat-train] update=341 samples=6820 fps=12.4 loss=33.2872 actor=4.3394 value=28.9745 entropy=2.6681 mean_return=14.884 mean_len=80.3
[gat-train] update=342 samples=6840 fps=12.4 loss=0.7362 actor=0.6109 value=0.1515 entropy=2.6135 mean_return=14.884 mean_len=80.3
[gat-train] update=343 samples=6860 fps=12.4 loss=-0.4824 actor=-0.5318 value=0.0771 entropy=2.7744 mean_return=14.884 mean_len=80.3
[gat-train] update=344 samples=6880 fps=12.4 loss=-0.3530 actor=-0.4407 value=0.1135 entropy=2.5832 mean_return=14.884 mean_len=80.3
[gat-train] update=345 samples=6900 fps=12.4 loss=-0.1792 actor=-0.2319 value=0.0758 entropy=2.3217 mean_return=14.884 mean_len=80.3
[gat-train] update=346 samples=6920 fps=12.4 loss=-0.6881 actor=-0.8697 value=0.2026 entropy=2.1052 mean_return=14.884 mean_len=80.3
[gat-train] update=347 samples=6940 fps=12.4 loss=-0.8952 actor=-1.1343 value=0.2701 entropy=3.1046 mean_return=14.884 mean_len=80.3
[gat-train] update=348 samples=6960 fps=12.4 loss=-0.7024 actor=-0.8506 value=0.1750 entropy=2.6783 mean_return=14.884 mean_len=80.3
[gat-train] update=349 samples=6980 fps=12.4 loss=-0.4213 actor=-0.7948 value=0.4010 entropy=2.7534 mean_return=14.884 mean_len=80.3
[gat-train] update=350 samples=7000 fps=12.4 loss=-0.5891 actor=-1.0308 value=0.4640 entropy=2.2347 mean_return=14.884 mean_len=80.3
[gat-train] eval update=350 comp_score=86.19 best=89.99
[gat-train] update=351 samples=7020 fps=12.3 loss=-0.3248 actor=-0.4892 value=0.1889 entropy=2.4446 mean_return=14.884 mean_len=80.3
[gat-train] update=352 samples=7040 fps=12.3 loss=0.0974 actor=-0.2251 value=0.3416 entropy=1.9156 mean_return=14.884 mean_len=80.3
[gat-train] update=353 samples=7060 fps=12.3 loss=37.8378 actor=6.1475 value=31.7086 entropy=1.8284 mean_return=14.953 mean_len=80.6
[gat-train] update=354 samples=7080 fps=12.3 loss=29.9390 actor=5.1598 value=24.8034 entropy=2.4222 mean_return=14.938 mean_len=80.5
[gat-train] update=355 samples=7100 fps=12.3 loss=0.1864 actor=0.0781 value=0.1381 entropy=2.9805 mean_return=14.938 mean_len=80.5
[gat-train] update=356 samples=7120 fps=12.3 loss=47.7885 actor=7.0257 value=40.7827 entropy=1.9858 mean_return=14.912 mean_len=80.4
[gat-train] update=357 samples=7140 fps=12.4 loss=0.2027 actor=0.1543 value=0.0705 entropy=2.2092 mean_return=14.912 mean_len=80.4
[gat-train] update=358 samples=7160 fps=12.4 loss=-0.7337 actor=-0.8389 value=0.1319 entropy=2.6710 mean_return=14.912 mean_len=80.4
[gat-train] update=359 samples=7180 fps=12.4 loss=-0.0406 actor=-0.1253 value=0.1067 entropy=2.1951 mean_return=14.912 mean_len=80.4
[gat-train] update=360 samples=7200 fps=12.4 loss=0.3467 actor=0.2718 value=0.0962 entropy=2.1271 mean_return=14.912 mean_len=80.4
[gat-train] update=361 samples=7220 fps=12.4 loss=-0.4534 actor=-0.6191 value=0.1880 entropy=2.2364 mean_return=14.912 mean_len=80.4
[gat-train] update=362 samples=7240 fps=12.4 loss=-0.3728 actor=-0.4665 value=0.1157 entropy=2.1942 mean_return=14.912 mean_len=80.4
[gat-train] update=363 samples=7260 fps=12.4 loss=-0.5613 actor=-0.7085 value=0.1656 entropy=1.8443 mean_return=14.912 mean_len=80.4
[gat-train] update=364 samples=7280 fps=12.4 loss=-0.6806 actor=-0.8559 value=0.2020 entropy=2.6738 mean_return=14.912 mean_len=80.4
[gat-train] update=365 samples=7300 fps=12.3 loss=-0.7311 actor=-0.9113 value=0.2031 entropy=2.2839 mean_return=14.912 mean_len=80.4
[gat-train] update=366 samples=7320 fps=12.3 loss=-0.0881 actor=-0.3246 value=0.2544 entropy=1.7916 mean_return=14.912 mean_len=80.4
[gat-train] update=367 samples=7340 fps=12.3 loss=-0.0393 actor=-0.2472 value=0.2303 entropy=2.2411 mean_return=14.912 mean_len=80.4
[gat-train] update=368 samples=7360 fps=12.3 loss=-0.4514 actor=-0.6168 value=0.1836 entropy=1.8218 mean_return=14.912 mean_len=80.4
[gat-train] update=369 samples=7380 fps=12.3 loss=34.2636 actor=5.2463 value=29.0376 entropy=2.0385 mean_return=14.931 mean_len=80.5
[gat-train] update=370 samples=7400 fps=12.3 loss=113.4217 actor=12.3919 value=101.0512 entropy=2.1479 mean_return=14.969 mean_len=80.7
[gat-train] update=371 samples=7420 fps=12.4 loss=1.0929 actor=-0.4496 value=1.5600 entropy=1.7433 mean_return=14.969 mean_len=80.7
[gat-train] update=372 samples=7440 fps=12.4 loss=12.3075 actor=3.0688 value=9.2693 entropy=3.0564 mean_return=14.949 mean_len=80.6
[gat-train] update=373 samples=7460 fps=12.4 loss=-0.1680 actor=-0.2452 value=0.1007 entropy=2.3464 mean_return=14.949 mean_len=80.6
[gat-train] update=374 samples=7480 fps=12.4 loss=-0.0012 actor=-0.0665 value=0.0838 entropy=1.8445 mean_return=14.949 mean_len=80.6
[gat-train] update=375 samples=7500 fps=12.4 loss=-0.0574 actor=-0.0525 value=0.0157 entropy=2.0605 mean_return=14.949 mean_len=80.6
[gat-train] update=376 samples=7520 fps=12.4 loss=0.1952 actor=0.1833 value=0.0319 entropy=2.0008 mean_return=14.949 mean_len=80.6
[gat-train] update=377 samples=7540 fps=12.4 loss=-0.4324 actor=-0.5312 value=0.1209 entropy=2.2112 mean_return=14.949 mean_len=80.6
[gat-train] update=378 samples=7560 fps=12.4 loss=-0.4362 actor=-0.4954 value=0.0785 entropy=1.9255 mean_return=14.949 mean_len=80.6
[gat-train] update=379 samples=7580 fps=12.4 loss=-0.4692 actor=-0.5574 value=0.1126 entropy=2.4424 mean_return=14.949 mean_len=80.6
[gat-train] update=380 samples=7600 fps=12.4 loss=-0.4947 actor=-0.6097 value=0.1337 entropy=1.8712 mean_return=14.949 mean_len=80.6
[gat-train] update=381 samples=7620 fps=12.4 loss=-0.6016 actor=-0.7664 value=0.1894 entropy=2.4657 mean_return=14.949 mean_len=80.6
[gat-train] update=382 samples=7640 fps=12.4 loss=-0.4492 actor=-0.5786 value=0.1469 entropy=1.7608 mean_return=14.949 mean_len=80.6
[gat-train] update=383 samples=7660 fps=12.4 loss=-0.7331 actor=-0.8770 value=0.1679 entropy=2.4010 mean_return=14.949 mean_len=80.6
[gat-train] update=384 samples=7680 fps=12.3 loss=-0.4673 actor=-0.7518 value=0.3070 entropy=2.2437 mean_return=14.949 mean_len=80.6
[gat-train] update=385 samples=7700 fps=12.3 loss=1.1395 actor=0.7833 value=0.3823 entropy=2.6118 mean_return=14.949 mean_len=80.6
[gat-train] update=386 samples=7720 fps=12.3 loss=21.9148 actor=2.9171 value=19.0125 entropy=1.4724 mean_return=14.984 mean_len=80.6
[gat-train] update=387 samples=7740 fps=12.3 loss=60.4238 actor=6.6039 value=53.8354 entropy=1.5515 mean_return=14.989 mean_len=80.7
[gat-train] update=388 samples=7760 fps=12.4 loss=87.0690 actor=10.7645 value=76.3271 entropy=2.2592 mean_return=15.037 mean_len=81.0
[gat-train] update=389 samples=7780 fps=12.4 loss=0.2962 actor=0.0785 value=0.2351 entropy=1.7440 mean_return=15.037 mean_len=81.0
[gat-train] update=390 samples=7800 fps=12.4 loss=-0.2019 actor=-0.2771 value=0.0967 entropy=2.1463 mean_return=15.037 mean_len=81.0
[gat-train] update=391 samples=7820 fps=12.4 loss=-0.0551 actor=-0.1254 value=0.0896 entropy=1.9296 mean_return=15.037 mean_len=81.0
[gat-train] update=392 samples=7840 fps=12.4 loss=-0.1783 actor=-0.1719 value=0.0160 entropy=2.2501 mean_return=15.037 mean_len=81.0
[gat-train] update=393 samples=7860 fps=12.4 loss=0.0107 actor=-0.0011 value=0.0317 entropy=1.9891 mean_return=15.037 mean_len=81.0
[gat-train] update=394 samples=7880 fps=12.4 loss=-0.0544 actor=-0.2044 value=0.1668 entropy=1.6762 mean_return=15.037 mean_len=81.0
[gat-train] update=395 samples=7900 fps=12.4 loss=-0.2179 actor=-0.3370 value=0.1363 entropy=1.7150 mean_return=15.037 mean_len=81.0
[gat-train] update=396 samples=7920 fps=12.4 loss=-0.0329 actor=-0.0964 value=0.0801 entropy=1.6627 mean_return=15.037 mean_len=81.0
[gat-train] update=397 samples=7940 fps=12.4 loss=-0.5223 actor=-0.8947 value=0.3897 entropy=1.7248 mean_return=15.037 mean_len=81.0
[gat-train] update=398 samples=7960 fps=12.4 loss=-0.7185 actor=-0.8688 value=0.1739 entropy=2.3536 mean_return=15.037 mean_len=81.0
[gat-train] update=399 samples=7980 fps=12.4 loss=-0.4126 actor=-0.6210 value=0.2271 entropy=1.8710 mean_return=15.037 mean_len=81.0
[gat-train] update=400 samples=8000 fps=12.4 loss=-0.1341 actor=-0.1991 value=0.0787 entropy=1.3642 mean_return=15.037 mean_len=81.0
[gat-train] eval update=400 comp_score=87.79 best=89.99
[gat-train] update=401 samples=8020 fps=12.3 loss=0.0317 actor=-0.1255 value=0.1742 entropy=1.6951 mean_return=15.037 mean_len=81.0
[gat-train] update=402 samples=8040 fps=12.3 loss=34.5545 actor=4.8184 value=29.7547 entropy=1.8551 mean_return=15.044 mean_len=81.0
[gat-train] update=403 samples=8060 fps=12.3 loss=0.2261 actor=-0.1397 value=0.3772 entropy=1.1480 mean_return=15.044 mean_len=81.0
[gat-train] update=404 samples=8080 fps=12.3 loss=21.3652 actor=3.3238 value=18.0553 entropy=1.3955 mean_return=15.033 mean_len=81.1
[gat-train] update=405 samples=8100 fps=12.3 loss=52.6549 actor=6.4783 value=46.1917 entropy=1.5160 mean_return=15.059 mean_len=81.2
[gat-train] update=406 samples=8120 fps=12.3 loss=15.3836 actor=3.5205 value=11.8744 entropy=1.1342 mean_return=15.043 mean_len=81.1
[gat-train] update=407 samples=8140 fps=12.3 loss=0.1644 actor=0.1137 value=0.0619 entropy=1.1175 mean_return=15.043 mean_len=81.1
[gat-train] update=408 samples=8160 fps=12.3 loss=0.0210 actor=0.0143 value=0.0185 entropy=1.1875 mean_return=15.043 mean_len=81.1
[gat-train] update=409 samples=8180 fps=12.3 loss=-0.0689 actor=-0.0868 value=0.0305 entropy=1.2589 mean_return=15.043 mean_len=81.1
[gat-train] update=410 samples=8200 fps=12.3 loss=-0.1859 actor=-0.2300 value=0.0568 entropy=1.2644 mean_return=15.043 mean_len=81.1
[gat-train] update=411 samples=8220 fps=12.3 loss=-0.0843 actor=-0.1223 value=0.0537 entropy=1.5758 mean_return=15.043 mean_len=81.1
[gat-train] update=412 samples=8240 fps=12.3 loss=-0.2957 actor=-0.3878 value=0.1074 entropy=1.5308 mean_return=15.043 mean_len=81.1
[gat-train] update=413 samples=8260 fps=12.3 loss=-0.3764 actor=-0.4679 value=0.1065 entropy=1.4956 mean_return=15.043 mean_len=81.1
[gat-train] update=414 samples=8280 fps=12.3 loss=-0.2831 actor=-0.3392 value=0.0706 entropy=1.4508 mean_return=15.043 mean_len=81.1
[gat-train] update=415 samples=8300 fps=12.3 loss=-0.2856 actor=-0.3763 value=0.1092 entropy=1.8502 mean_return=15.043 mean_len=81.1
[gat-train] update=416 samples=8320 fps=12.3 loss=-0.1023 actor=-0.1313 value=0.0450 entropy=1.5955 mean_return=15.043 mean_len=81.1
[gat-train] update=417 samples=8340 fps=12.3 loss=0.0841 actor=-0.1146 value=0.2132 entropy=1.4516 mean_return=15.043 mean_len=81.1
[gat-train] update=418 samples=8360 fps=12.3 loss=43.3184 actor=5.1390 value=38.1946 entropy=1.5192 mean_return=15.055 mean_len=81.2
[gat-train] update=419 samples=8380 fps=12.3 loss=0.1041 actor=-0.0577 value=0.1749 entropy=1.3131 mean_return=15.055 mean_len=81.2
[gat-train] update=420 samples=8400 fps=12.3 loss=-0.3805 actor=-0.7162 value=0.3499 entropy=1.4142 mean_return=15.055 mean_len=81.2
[gat-train] update=421 samples=8420 fps=12.3 loss=39.4152 actor=4.4566 value=34.9730 entropy=1.4470 mean_return=15.052 mean_len=81.0
[gat-train] update=422 samples=8440 fps=12.3 loss=28.7374 actor=5.0289 value=23.7195 entropy=1.0946 mean_return=15.091 mean_len=81.2
[gat-train] update=423 samples=8460 fps=12.3 loss=28.0806 actor=4.3842 value=23.7089 entropy=1.2607 mean_return=15.089 mean_len=81.2
[gat-train] update=424 samples=8480 fps=12.3 loss=0.3337 actor=0.2469 value=0.0991 entropy=1.2306 mean_return=15.089 mean_len=81.2
[gat-train] update=425 samples=8500 fps=12.3 loss=0.1623 actor=0.0535 value=0.1220 entropy=1.3171 mean_return=15.089 mean_len=81.2
[gat-train] update=426 samples=8520 fps=12.3 loss=-0.2370 actor=-0.2662 value=0.0437 entropy=1.4480 mean_return=15.089 mean_len=81.2
[gat-train] update=427 samples=8540 fps=12.3 loss=-0.1083 actor=-0.1196 value=0.0257 entropy=1.4434 mean_return=15.089 mean_len=81.2
[gat-train] update=428 samples=8560 fps=12.3 loss=-0.4414 actor=-0.4839 value=0.0596 entropy=1.7113 mean_return=15.089 mean_len=81.2
[gat-train] update=429 samples=8580 fps=12.3 loss=-0.1771 actor=-0.2054 value=0.0424 entropy=1.4095 mean_return=15.089 mean_len=81.2
[gat-train] update=430 samples=8600 fps=12.3 loss=-0.4160 actor=-0.4816 value=0.0815 entropy=1.5863 mean_return=15.089 mean_len=81.2
[gat-train] update=431 samples=8620 fps=12.3 loss=-0.2861 actor=-0.3432 value=0.0727 entropy=1.5544 mean_return=15.089 mean_len=81.2
[gat-train] update=432 samples=8640 fps=12.3 loss=-0.4607 actor=-0.5450 value=0.1012 entropy=1.6921 mean_return=15.089 mean_len=81.2
[gat-train] update=433 samples=8660 fps=12.3 loss=-0.2966 actor=-0.3873 value=0.1062 entropy=1.5445 mean_return=15.089 mean_len=81.2
[gat-train] update=434 samples=8680 fps=12.3 loss=-0.6112 actor=-0.7705 value=0.1786 entropy=1.9329 mean_return=15.089 mean_len=81.2
[gat-train] update=435 samples=8700 fps=12.3 loss=-0.3694 actor=-0.5403 value=0.1857 entropy=1.4766 mean_return=15.089 mean_len=81.2
[gat-train] update=436 samples=8720 fps=12.3 loss=-0.1745 actor=-0.3656 value=0.2065 entropy=1.5454 mean_return=15.089 mean_len=81.2
[gat-train] update=437 samples=8740 fps=12.3 loss=0.0324 actor=-0.0571 value=0.1041 entropy=1.4646 mean_return=15.089 mean_len=81.2
[gat-train] update=438 samples=8760 fps=12.3 loss=72.2825 actor=11.2877 value=61.0122 entropy=1.7397 mean_return=15.104 mean_len=81.3
[gat-train] update=439 samples=8780 fps=12.3 loss=-0.0935 actor=-0.2052 value=0.1252 entropy=1.3441 mean_return=15.104 mean_len=81.3
[gat-train] update=440 samples=8800 fps=12.3 loss=44.8335 actor=6.6652 value=38.1834 entropy=1.5136 mean_return=15.170 mean_len=81.7
[gat-train] update=441 samples=8820 fps=12.3 loss=0.2733 actor=0.1769 value=0.1083 entropy=1.1947 mean_return=15.170 mean_len=81.7
[gat-train] update=442 samples=8840 fps=12.3 loss=16.7783 actor=3.6315 value=13.1601 entropy=1.3252 mean_return=15.196 mean_len=81.9
[gat-train] update=443 samples=8860 fps=12.3 loss=0.0671 actor=0.0027 value=0.0771 entropy=1.2738 mean_return=15.196 mean_len=81.9
[gat-train] update=444 samples=8880 fps=12.3 loss=0.2250 actor=0.1714 value=0.0670 entropy=1.3433 mean_return=15.196 mean_len=81.9
[gat-train] update=445 samples=8900 fps=12.3 loss=-0.1340 actor=-0.1806 value=0.0620 entropy=1.5378 mean_return=15.196 mean_len=81.9
[gat-train] update=446 samples=8920 fps=12.3 loss=-0.1431 actor=-0.1723 value=0.0426 entropy=1.3492 mean_return=15.196 mean_len=81.9
[gat-train] update=447 samples=8940 fps=12.3 loss=-0.1466 actor=-0.1706 value=0.0409 entropy=1.6965 mean_return=15.196 mean_len=81.9
[gat-train] update=448 samples=8960 fps=12.3 loss=-0.1677 actor=-0.1930 value=0.0398 entropy=1.4507 mean_return=15.196 mean_len=81.9
[gat-train] update=449 samples=8980 fps=12.3 loss=-0.3335 actor=-0.4263 value=0.1097 entropy=1.6973 mean_return=15.196 mean_len=81.9
[gat-train] update=450 samples=9000 fps=12.3 loss=-0.2512 actor=-0.3653 value=0.1282 entropy=1.4127 mean_return=15.196 mean_len=81.9
[gat-train] eval update=450 comp_score=87.79 best=89.99
[gat-train] update=451 samples=9020 fps=12.3 loss=-0.3741 actor=-0.5221 value=0.1631 entropy=1.5153 mean_return=15.196 mean_len=81.9
[gat-train] update=452 samples=9040 fps=12.3 loss=-0.6124 actor=-0.7762 value=0.1794 entropy=1.5628 mean_return=15.196 mean_len=81.9
[gat-train] update=453 samples=9060 fps=12.3 loss=-0.7076 actor=-1.0095 value=0.3169 entropy=1.4996 mean_return=15.196 mean_len=81.9
[gat-train] update=454 samples=9080 fps=12.3 loss=0.5386 actor=0.1824 value=0.3726 entropy=1.6331 mean_return=15.196 mean_len=81.9
[gat-train] update=455 samples=9100 fps=12.3 loss=14.7356 actor=2.8187 value=11.9301 entropy=1.3203 mean_return=15.190 mean_len=81.9
[gat-train] update=456 samples=9120 fps=12.3 loss=0.0812 actor=-0.1376 value=0.2340 entropy=1.5202 mean_return=15.190 mean_len=81.9
[gat-train] update=457 samples=9140 fps=12.3 loss=31.4459 actor=4.6050 value=26.8574 entropy=1.6420 mean_return=15.217 mean_len=82.2
[gat-train] update=458 samples=9160 fps=12.3 loss=27.2521 actor=4.2142 value=23.0517 entropy=1.3775 mean_return=15.246 mean_len=82.2
[gat-train] update=459 samples=9180 fps=12.3 loss=0.0272 actor=-0.0194 value=0.0586 entropy=1.2021 mean_return=15.246 mean_len=82.2
[gat-train] update=460 samples=9200 fps=12.3 loss=44.9698 actor=5.4976 value=39.4884 entropy=1.6189 mean_return=15.282 mean_len=82.5
[gat-train] update=461 samples=9220 fps=12.3 loss=-0.0204 actor=-0.0208 value=0.0156 entropy=1.5194 mean_return=15.282 mean_len=82.5
[gat-train] update=462 samples=9240 fps=12.3 loss=-0.1290 actor=-0.1813 value=0.0689 entropy=1.6539 mean_return=15.282 mean_len=82.5
[gat-train] update=463 samples=9260 fps=12.3 loss=-0.3690 actor=-0.4418 value=0.0916 entropy=1.8775 mean_return=15.282 mean_len=82.5
[gat-train] update=464 samples=9280 fps=12.3 loss=-0.5371 actor=-0.6392 value=0.1203 entropy=1.8282 mean_return=15.282 mean_len=82.5
[gat-train] update=465 samples=9300 fps=12.3 loss=-0.2019 actor=-0.2847 value=0.1051 entropy=2.2299 mean_return=15.282 mean_len=82.5
[gat-train] update=466 samples=9320 fps=12.3 loss=-0.4030 actor=-0.5011 value=0.1170 entropy=1.8895 mean_return=15.282 mean_len=82.5
[gat-train] update=467 samples=9340 fps=12.3 loss=-0.2612 actor=-0.3910 value=0.1448 entropy=1.4990 mean_return=15.282 mean_len=82.5
[gat-train] update=468 samples=9360 fps=12.3 loss=-0.2116 actor=-0.2496 value=0.0645 entropy=2.6474 mean_return=15.282 mean_len=82.5
[gat-train] update=469 samples=9380 fps=12.3 loss=51.6964 actor=7.3823 value=44.3352 entropy=2.1101 mean_return=15.256 mean_len=82.3
[gat-train] update=470 samples=9400 fps=12.3 loss=0.7043 actor=-0.7566 value=1.4818 entropy=2.0864 mean_return=15.256 mean_len=82.3
[gat-train] update=471 samples=9420 fps=12.3 loss=-0.1356 actor=-0.4040 value=0.2895 entropy=2.1150 mean_return=15.256 mean_len=82.3
[gat-train] update=472 samples=9440 fps=12.3 loss=0.8628 actor=0.4791 value=0.4034 entropy=1.9731 mean_return=15.256 mean_len=82.3
[gat-train] update=473 samples=9460 fps=12.3 loss=0.1896 actor=-0.1438 value=0.3452 entropy=1.1799 mean_return=15.256 mean_len=82.3
[gat-train] update=474 samples=9480 fps=12.3 loss=0.3105 actor=0.0830 value=0.2462 entropy=1.8784 mean_return=15.256 mean_len=82.3
[gat-train] update=475 samples=9500 fps=12.3 loss=58.2272 actor=11.3813 value=46.8680 entropy=2.2127 mean_return=15.268 mean_len=82.4
[gat-train] update=476 samples=9520 fps=12.3 loss=0.2962 actor=0.0645 value=0.2455 entropy=1.3785 mean_return=15.268 mean_len=82.4
[gat-train] update=477 samples=9540 fps=12.3 loss=27.4233 actor=4.8249 value=22.6186 entropy=2.0220 mean_return=15.289 mean_len=82.4
[gat-train] update=478 samples=9560 fps=12.3 loss=-0.0403 actor=-0.0666 value=0.0480 entropy=2.1741 mean_return=15.289 mean_len=82.4
[gat-train] update=479 samples=9580 fps=12.3 loss=-0.2091 actor=-0.3849 value=0.1992 entropy=2.3321 mean_return=15.289 mean_len=82.4
[gat-train] update=480 samples=9600 fps=12.3 loss=0.3102 actor=0.2438 value=0.0831 entropy=1.6722 mean_return=15.289 mean_len=82.4
[gat-train] update=481 samples=9620 fps=12.3 loss=-0.2026 actor=-0.2905 value=0.1051 entropy=1.7261 mean_return=15.289 mean_len=82.4
[gat-train] update=482 samples=9640 fps=12.3 loss=-0.1698 actor=-0.4481 value=0.2945 entropy=1.6335 mean_return=15.289 mean_len=82.4
[gat-train] update=483 samples=9660 fps=12.3 loss=0.1797 actor=0.0663 value=0.1288 entropy=1.5445 mean_return=15.289 mean_len=82.4
[gat-train] update=484 samples=9680 fps=12.3 loss=0.0383 actor=-0.1509 value=0.2044 entropy=1.5249 mean_return=15.289 mean_len=82.4
[gat-train] update=485 samples=9700 fps=12.3 loss=49.3702 actor=6.5463 value=42.8406 entropy=1.6720 mean_return=15.254 mean_len=82.3
[gat-train] update=486 samples=9720 fps=12.3 loss=-0.1002 actor=-0.1649 value=0.0778 entropy=1.3004 mean_return=15.254 mean_len=82.3
[gat-train] update=487 samples=9740 fps=12.3 loss=-0.0879 actor=-0.1828 value=0.1085 entropy=1.3623 mean_return=15.254 mean_len=82.3
[gat-train] update=488 samples=9760 fps=12.3 loss=0.2547 actor=-0.0345 value=0.2994 entropy=1.0271 mean_return=15.254 mean_len=82.3
[gat-train] update=489 samples=9780 fps=12.3 loss=-0.0887 actor=-0.3497 value=0.2760 entropy=1.5100 mean_return=15.254 mean_len=82.3
[gat-train] update=490 samples=9800 fps=12.3 loss=0.1031 actor=-0.3896 value=0.5101 entropy=1.7349 mean_return=15.254 mean_len=82.3
[gat-train] update=491 samples=9820 fps=12.3 loss=50.6378 actor=4.1317 value=46.5245 entropy=1.8410 mean_return=15.262 mean_len=82.4
[gat-train] update=492 samples=9840 fps=12.3 loss=26.1827 actor=3.9235 value=22.2738 entropy=1.4597 mean_return=15.290 mean_len=82.6
[gat-train] update=493 samples=9860 fps=12.3 loss=0.2384 actor=0.1218 value=0.1351 entropy=1.8506 mean_return=15.290 mean_len=82.6
[gat-train] update=494 samples=9880 fps=12.3 loss=-0.1525 actor=-0.3086 value=0.1800 entropy=2.3834 mean_return=15.290 mean_len=82.6
[gat-train] update=495 samples=9900 fps=12.3 loss=-0.0812 actor=-0.4470 value=0.3865 entropy=2.0675 mean_return=15.290 mean_len=82.6
[gat-train] update=496 samples=9920 fps=12.3 loss=32.0838 actor=4.8021 value=27.3028 entropy=2.1104 mean_return=15.345 mean_len=83.0
[gat-train] update=497 samples=9940 fps=12.3 loss=-0.4689 actor=-0.5782 value=0.1273 entropy=1.8001 mean_return=15.345 mean_len=83.0
[gat-train] update=498 samples=9960 fps=12.3 loss=-0.3418 actor=-0.4218 value=0.1045 entropy=2.4509 mean_return=15.345 mean_len=83.0
[gat-train] update=499 samples=9980 fps=12.3 loss=-0.2123 actor=-0.2479 value=0.0571 entropy=2.1429 mean_return=15.345 mean_len=83.0
[gat-train] update=500 samples=10000 fps=12.3 loss=-0.0739 actor=-0.1711 value=0.1156 entropy=1.8378 mean_return=15.345 mean_len=83.0
[gat-train] eval update=500 comp_score=86.92 best=89.99
[gat-train] update=501 samples=10020 fps=12.2 loss=-0.1050 actor=-0.1407 value=0.0566 entropy=2.0887 mean_return=15.345 mean_len=83.0
[gat-train] update=502 samples=10040 fps=12.2 loss=68.1945 actor=9.1359 value=59.0769 entropy=1.8279 mean_return=15.363 mean_len=83.1
[gat-train] update=503 samples=10060 fps=12.2 loss=1.0635 actor=0.1120 value=0.9737 entropy=2.2297 mean_return=15.363 mean_len=83.1
[gat-train] update=504 samples=10080 fps=12.2 loss=-0.1310 actor=-0.7435 value=0.6317 entropy=1.9161 mean_return=15.363 mean_len=83.1
[gat-train] update=505 samples=10100 fps=12.2 loss=0.2972 actor=0.1502 value=0.1693 entropy=2.2383 mean_return=15.363 mean_len=83.1
[gat-train] update=506 samples=10120 fps=12.2 loss=-0.3846 actor=-0.9703 value=0.6113 entropy=2.5600 mean_return=15.363 mean_len=83.1
[gat-train] update=507 samples=10140 fps=12.2 loss=36.0834 actor=6.2637 value=29.8441 entropy=2.4314 mean_return=15.393 mean_len=83.2
[gat-train] update=508 samples=10160 fps=12.3 loss=-0.3388 actor=-0.5226 value=0.2087 entropy=2.4937 mean_return=15.393 mean_len=83.2
[gat-train] update=509 samples=10180 fps=12.3 loss=-0.0745 actor=-0.1804 value=0.1234 entropy=1.7496 mean_return=15.393 mean_len=83.2
[gat-train] update=510 samples=10200 fps=12.3 loss=17.7109 actor=2.8794 value=14.8621 entropy=3.0617 mean_return=15.432 mean_len=83.4
[gat-train] update=511 samples=10220 fps=12.3 loss=-0.3639 actor=-0.4551 value=0.1156 entropy=2.4343 mean_return=15.432 mean_len=83.4
[gat-train] update=512 samples=10240 fps=12.3 loss=0.4834 actor=0.2210 value=0.2900 entropy=2.7548 mean_return=15.432 mean_len=83.4
[gat-train] update=513 samples=10260 fps=12.3 loss=40.4436 actor=5.1440 value=35.3320 entropy=3.2372 mean_return=15.465 mean_len=83.6
[gat-train] update=514 samples=10280 fps=12.3 loss=-0.8775 actor=-1.2054 value=0.3521 entropy=2.4230 mean_return=15.465 mean_len=83.6
[gat-train] update=515 samples=10300 fps=12.3 loss=-0.2020 actor=-0.2496 value=0.0796 entropy=3.2022 mean_return=15.465 mean_len=83.6
[gat-train] update=516 samples=10320 fps=12.3 loss=0.0514 actor=-0.2398 value=0.3192 entropy=2.7964 mean_return=15.465 mean_len=83.6
[gat-train] update=517 samples=10340 fps=12.3 loss=0.1654 actor=-0.1310 value=0.3212 entropy=2.4806 mean_return=15.465 mean_len=83.6
[gat-train] update=518 samples=10360 fps=12.3 loss=-0.0089 actor=-0.0279 value=0.0443 entropy=2.5233 mean_return=15.465 mean_len=83.6
[gat-train] update=519 samples=10380 fps=12.3 loss=38.8216 actor=5.2907 value=33.5535 entropy=2.2519 mean_return=15.486 mean_len=83.7
[gat-train] update=520 samples=10400 fps=12.3 loss=-0.1899 actor=-0.5256 value=0.3624 entropy=2.6696 mean_return=15.486 mean_len=83.7
[gat-train] update=521 samples=10420 fps=12.3 loss=-0.3139 actor=-0.7209 value=0.4327 entropy=2.5628 mean_return=15.486 mean_len=83.7
[gat-train] update=522 samples=10440 fps=12.3 loss=-0.0557 actor=-0.3620 value=0.3387 entropy=3.2369 mean_return=15.486 mean_len=83.7
[gat-train] update=523 samples=10460 fps=12.3 loss=23.9751 actor=2.6115 value=21.3869 entropy=2.3255 mean_return=15.507 mean_len=83.7
[gat-train] update=524 samples=10480 fps=12.3 loss=-0.4147 actor=-0.9420 value=0.5570 entropy=2.9727 mean_return=15.507 mean_len=83.7
[gat-train] update=525 samples=10500 fps=12.3 loss=59.7212 actor=7.7648 value=51.9858 entropy=2.9351 mean_return=15.529 mean_len=83.9
[gat-train] update=526 samples=10520 fps=12.3 loss=0.2766 actor=-0.7179 value=1.0233 entropy=2.8879 mean_return=15.529 mean_len=83.9
[gat-train] update=527 samples=10540 fps=12.3 loss=-0.6024 actor=-0.7792 value=0.2087 entropy=3.1962 mean_return=15.529 mean_len=83.9
[gat-train] update=528 samples=10560 fps=12.3 loss=0.1201 actor=-0.0292 value=0.1788 entropy=2.9558 mean_return=15.529 mean_len=83.9
[gat-train] update=529 samples=10580 fps=12.3 loss=-0.6090 actor=-0.6949 value=0.1152 entropy=2.9317 mean_return=15.529 mean_len=83.9
[gat-train] update=530 samples=10600 fps=12.3 loss=16.1318 actor=2.6537 value=13.5081 entropy=3.0095 mean_return=15.593 mean_len=84.3
[gat-train] update=531 samples=10620 fps=12.3 loss=1.1700 actor=0.8022 value=0.3932 entropy=2.5341 mean_return=15.593 mean_len=84.3
[gat-train] update=532 samples=10640 fps=12.3 loss=-0.2073 actor=-0.6975 value=0.5178 entropy=2.7590 mean_return=15.593 mean_len=84.3
[gat-train] update=533 samples=10660 fps=12.3 loss=-0.2333 actor=-0.5715 value=0.3641 entropy=2.5916 mean_return=15.593 mean_len=84.3
[gat-train] update=534 samples=10680 fps=12.3 loss=0.8430 actor=0.3370 value=0.5282 entropy=2.2260 mean_return=15.593 mean_len=84.3
[gat-train] update=535 samples=10700 fps=12.3 loss=14.3916 actor=2.3799 value=12.0348 entropy=2.3094 mean_return=15.573 mean_len=84.2
[gat-train] update=536 samples=10720 fps=12.3 loss=-0.2232 actor=-0.3744 value=0.1751 entropy=2.3871 mean_return=15.573 mean_len=84.2
[gat-train] update=537 samples=10740 fps=12.3 loss=0.1418 actor=-0.0618 value=0.2289 entropy=2.5345 mean_return=15.573 mean_len=84.2
[gat-train] update=538 samples=10760 fps=12.3 loss=45.9319 actor=5.2227 value=40.7312 entropy=2.2063 mean_return=15.601 mean_len=84.2
[gat-train] update=539 samples=10780 fps=12.3 loss=-0.4168 actor=-0.6829 value=0.2960 entropy=2.9929 mean_return=15.601 mean_len=84.2
[gat-train] update=540 samples=10800 fps=12.3 loss=0.4069 actor=-0.0482 value=0.4763 entropy=2.1202 mean_return=15.601 mean_len=84.2
[gat-train] update=541 samples=10820 fps=12.3 loss=33.4240 actor=2.9542 value=30.4897 entropy=1.9855 mean_return=15.571 mean_len=84.1
[gat-train] update=542 samples=10840 fps=12.3 loss=-0.1883 actor=-0.3131 value=0.1482 entropy=2.3448 mean_return=15.571 mean_len=84.1
[gat-train] update=543 samples=10860 fps=12.3 loss=0.3497 actor=0.1810 value=0.1904 entropy=2.1707 mean_return=15.571 mean_len=84.1
[gat-train] update=544 samples=10880 fps=12.3 loss=-0.5829 actor=-0.8562 value=0.2942 entropy=2.0913 mean_return=15.571 mean_len=84.1
[gat-train] update=545 samples=10900 fps=12.3 loss=0.2457 actor=0.1235 value=0.1409 entropy=1.8741 mean_return=15.571 mean_len=84.1
[gat-train] update=546 samples=10920 fps=12.3 loss=43.1535 actor=7.3027 value=35.8753 entropy=2.4485 mean_return=15.576 mean_len=84.2
[gat-train] update=547 samples=10940 fps=12.3 loss=0.0713 actor=-0.2505 value=0.3363 entropy=1.4559 mean_return=15.576 mean_len=84.2
[gat-train] update=548 samples=10960 fps=12.3 loss=0.2072 actor=0.1169 value=0.1088 entropy=1.8553 mean_return=15.576 mean_len=84.2
[gat-train] update=549 samples=10980 fps=12.3 loss=0.0761 actor=-0.2045 value=0.2953 entropy=1.4699 mean_return=15.576 mean_len=84.2
[gat-train] update=550 samples=11000 fps=12.3 loss=31.5253 actor=3.7867 value=27.7575 entropy=1.8945 mean_return=15.556 mean_len=84.1
[gat-train] eval update=550 comp_score=86.92 best=89.99
[gat-train] update=551 samples=11020 fps=12.3 loss=0.2785 actor=0.1527 value=0.1387 entropy=1.2939 mean_return=15.556 mean_len=84.1
[gat-train] update=552 samples=11040 fps=12.3 loss=-0.1863 actor=-0.3858 value=0.2200 entropy=2.0523 mean_return=15.556 mean_len=84.1
[gat-train] update=553 samples=11060 fps=12.3 loss=0.7472 actor=0.2525 value=0.5101 entropy=1.5382 mean_return=15.556 mean_len=84.1
[gat-train] update=554 samples=11080 fps=12.3 loss=0.2468 actor=0.0515 value=0.2080 entropy=1.2750 mean_return=15.556 mean_len=84.1
[gat-train] update=555 samples=11100 fps=12.3 loss=15.1783 actor=2.4841 value=12.7111 entropy=1.6917 mean_return=15.557 mean_len=84.0
[gat-train] update=556 samples=11120 fps=12.3 loss=0.7259 actor=0.3831 value=0.3543 entropy=1.1446 mean_return=15.557 mean_len=84.0
[gat-train] update=557 samples=11140 fps=12.3 loss=0.2433 actor=-0.0668 value=0.3230 entropy=1.2865 mean_return=15.557 mean_len=84.0
[gat-train] update=558 samples=11160 fps=12.3 loss=0.0256 actor=-0.1636 value=0.2041 entropy=1.4996 mean_return=15.557 mean_len=84.0
[gat-train] update=559 samples=11180 fps=12.3 loss=-0.0378 actor=-0.2704 value=0.2483 entropy=1.5763 mean_return=15.557 mean_len=84.0
[gat-train] update=560 samples=11200 fps=12.3 loss=82.6581 actor=10.2865 value=72.3876 entropy=1.6000 mean_return=15.585 mean_len=84.3
[gat-train] update=561 samples=11220 fps=12.3 loss=0.9175 actor=-0.4319 value=1.3653 entropy=1.6003 mean_return=15.585 mean_len=84.3
[gat-train] update=562 samples=11240 fps=12.3 loss=0.0237 actor=-0.2371 value=0.2746 entropy=1.3748 mean_return=15.585 mean_len=84.3
[gat-train] update=563 samples=11260 fps=12.3 loss=0.0681 actor=0.0041 value=0.0798 entropy=1.5822 mean_return=15.585 mean_len=84.3
[gat-train] update=564 samples=11280 fps=12.3 loss=16.1991 actor=3.2793 value=12.9312 entropy=1.1354 mean_return=15.594 mean_len=84.3
[gat-train] update=565 samples=11300 fps=12.3 loss=-0.1535 actor=-0.2795 value=0.1390 entropy=1.3034 mean_return=15.594 mean_len=84.3
[gat-train] update=566 samples=11320 fps=12.3 loss=0.5468 actor=0.2709 value=0.2921 entropy=1.6158 mean_return=15.594 mean_len=84.3
[gat-train] update=567 samples=11340 fps=12.3 loss=37.9973 actor=4.4397 value=33.5725 entropy=1.4861 mean_return=15.646 mean_len=84.5
[gat-train] update=568 samples=11360 fps=12.3 loss=-0.2611 actor=-0.5561 value=0.3071 entropy=1.2022 mean_return=15.646 mean_len=84.5
[gat-train] update=569 samples=11380 fps=12.3 loss=-0.0680 actor=-0.1738 value=0.1179 entropy=1.2107 mean_return=15.646 mean_len=84.5
[gat-train] update=570 samples=11400 fps=12.3 loss=-0.1330 actor=-0.4635 value=0.3463 entropy=1.5800 mean_return=15.646 mean_len=84.5
[gat-train] update=571 samples=11420 fps=12.3 loss=0.1798 actor=-0.0865 value=0.2780 entropy=1.1670 mean_return=15.646 mean_len=84.5
[gat-train] update=572 samples=11440 fps=12.3 loss=68.8802 actor=8.3736 value=60.5209 entropy=1.4311 mean_return=15.689 mean_len=84.8
[gat-train] update=573 samples=11460 fps=12.3 loss=0.8921 actor=-0.2660 value=1.1741 entropy=1.5961 mean_return=15.689 mean_len=84.8
[gat-train] update=574 samples=11480 fps=12.3 loss=0.5094 actor=0.2586 value=0.2626 entropy=1.1909 mean_return=15.689 mean_len=84.8
[gat-train] update=575 samples=11500 fps=12.3 loss=-0.0655 actor=-0.2458 value=0.1954 entropy=1.5075 mean_return=15.689 mean_len=84.8
[gat-train] update=576 samples=11520 fps=12.3 loss=-0.0859 actor=-0.1584 value=0.0873 entropy=1.4745 mean_return=15.689 mean_len=84.8
[gat-train] update=577 samples=11540 fps=12.3 loss=0.1658 actor=-0.1194 value=0.2963 entropy=1.1048 mean_return=15.689 mean_len=84.8
[gat-train] update=578 samples=11560 fps=12.3 loss=29.6228 actor=4.8490 value=24.7908 entropy=1.6963 mean_return=15.707 mean_len=84.9
[gat-train] update=579 samples=11580 fps=12.3 loss=-0.1777 actor=-0.3490 value=0.1845 entropy=1.3223 mean_return=15.707 mean_len=84.9
[gat-train] update=580 samples=11600 fps=12.3 loss=0.0680 actor=-0.1190 value=0.2020 entropy=1.5033 mean_return=15.707 mean_len=84.9
[gat-train] update=581 samples=11620 fps=12.3 loss=56.7962 actor=7.0823 value=49.7281 entropy=1.4186 mean_return=15.720 mean_len=85.0
[gat-train] update=582 samples=11640 fps=12.3 loss=0.1419 actor=-0.0122 value=0.1670 entropy=1.2946 mean_return=15.720 mean_len=85.0
[gat-train] update=583 samples=11660 fps=12.3 loss=0.0743 actor=-0.1208 value=0.2068 entropy=1.1724 mean_return=15.720 mean_len=85.0
[gat-train] update=584 samples=11680 fps=12.3 loss=28.1004 actor=4.7604 value=23.3565 entropy=1.6519 mean_return=15.705 mean_len=84.9
[gat-train] update=585 samples=11700 fps=12.3 loss=-0.0705 actor=-0.1573 value=0.0992 entropy=1.2470 mean_return=15.705 mean_len=84.9
[gat-train] update=586 samples=11720 fps=12.3 loss=0.1280 actor=0.0529 value=0.0890 entropy=1.3924 mean_return=15.705 mean_len=84.9
[gat-train] update=587 samples=11740 fps=12.3 loss=-0.1028 actor=-0.2026 value=0.1124 entropy=1.2611 mean_return=15.705 mean_len=84.9
[gat-train] update=588 samples=11760 fps=12.3 loss=-0.1184 actor=-0.2694 value=0.1668 entropy=1.5811 mean_return=15.705 mean_len=84.9
[gat-train] update=589 samples=11780 fps=12.3 loss=27.6808 actor=5.0847 value=22.6138 entropy=1.7811 mean_return=15.717 mean_len=85.0
[gat-train] update=590 samples=11800 fps=12.3 loss=-0.2810 actor=-0.4644 value=0.2011 entropy=1.7798 mean_return=15.717 mean_len=85.0
[gat-train] update=591 samples=11820 fps=12.3 loss=-0.0895 actor=-0.2101 value=0.1395 entropy=1.8825 mean_return=15.717 mean_len=85.0
[gat-train] update=592 samples=11840 fps=12.3 loss=-0.6426 actor=-0.9555 value=0.3354 entropy=2.2529 mean_return=15.717 mean_len=85.0
[gat-train] update=593 samples=11860 fps=12.3 loss=-0.4446 actor=-0.6485 value=0.2272 entropy=2.3330 mean_return=15.717 mean_len=85.0
[gat-train] update=594 samples=11880 fps=12.3 loss=-0.2960 actor=-0.4881 value=0.2142 entropy=2.1991 mean_return=15.717 mean_len=85.0
[gat-train] update=595 samples=11900 fps=12.3 loss=60.4980 actor=9.3974 value=51.1284 entropy=2.7721 mean_return=15.727 mean_len=85.1
[gat-train] update=596 samples=11920 fps=12.3 loss=0.6248 actor=0.3680 value=0.2831 entropy=2.6282 mean_return=15.727 mean_len=85.1
[gat-train] update=597 samples=11940 fps=12.3 loss=0.6745 actor=-0.6033 value=1.3005 entropy=2.2685 mean_return=15.727 mean_len=85.1
[gat-train] update=598 samples=11960 fps=12.3 loss=0.4144 actor=0.0494 value=0.3912 entropy=2.6095 mean_return=15.727 mean_len=85.1
[gat-train] update=599 samples=11980 fps=12.3 loss=-0.4047 actor=-0.5319 value=0.1496 entropy=2.2484 mean_return=15.727 mean_len=85.1
[gat-train] update=600 samples=12000 fps=12.3 loss=46.2954 actor=6.5437 value=39.7794 entropy=2.7826 mean_return=15.740 mean_len=85.2
[gat-train] eval update=600 comp_score=89.26 best=89.99
[gat-train] update=601 samples=12020 fps=12.2 loss=0.2122 actor=0.2008 value=0.0409 entropy=2.9572 mean_return=15.740 mean_len=85.2
[gat-train] update=602 samples=12040 fps=12.2 loss=0.1934 actor=-0.0432 value=0.2673 entropy=3.0742 mean_return=15.740 mean_len=85.2
[gat-train] update=603 samples=12060 fps=12.2 loss=-0.2511 actor=-0.2798 value=0.0616 entropy=3.2941 mean_return=15.740 mean_len=85.2
[gat-train] update=604 samples=12080 fps=12.2 loss=-0.2361 actor=-0.3141 value=0.1107 entropy=3.2793 mean_return=15.740 mean_len=85.2
[gat-train] update=605 samples=12100 fps=12.2 loss=67.7025 actor=10.7013 value=57.0334 entropy=3.2225 mean_return=15.734 mean_len=85.1
[gat-train] update=606 samples=12120 fps=12.2 loss=0.2656 actor=-0.7394 value=1.0360 entropy=3.0952 mean_return=15.734 mean_len=85.1
[gat-train] update=607 samples=12140 fps=12.2 loss=-0.4306 actor=-0.4569 value=0.0615 entropy=3.5152 mean_return=15.734 mean_len=85.1
[gat-train] update=608 samples=12160 fps=12.2 loss=-0.6060 actor=-0.6985 value=0.1271 entropy=3.4705 mean_return=15.734 mean_len=85.1
[gat-train] update=609 samples=12180 fps=12.2 loss=-0.0284 actor=-0.2983 value=0.3039 entropy=3.4042 mean_return=15.734 mean_len=85.1
[gat-train] update=610 samples=12200 fps=12.2 loss=-0.4029 actor=-0.5644 value=0.1943 entropy=3.2789 mean_return=15.734 mean_len=85.1
[gat-train] update=611 samples=12220 fps=12.2 loss=39.0873 actor=5.7719 value=33.3483 entropy=3.2891 mean_return=15.730 mean_len=85.0
[gat-train] update=612 samples=12240 fps=12.2 loss=-0.9598 actor=-1.2657 value=0.3406 entropy=3.4698 mean_return=15.730 mean_len=85.0
[gat-train] update=613 samples=12260 fps=12.2 loss=1.0054 actor=0.6326 value=0.4070 entropy=3.4127 mean_return=15.730 mean_len=85.0
[gat-train] update=614 samples=12280 fps=12.2 loss=-0.1194 actor=-0.3365 value=0.2495 entropy=3.2430 mean_return=15.730 mean_len=85.0
[gat-train] update=615 samples=12300 fps=12.2 loss=57.0310 actor=8.3145 value=48.7472 entropy=3.0724 mean_return=15.733 mean_len=85.0
[gat-train] update=616 samples=12320 fps=12.3 loss=39.3119 actor=4.4311 value=34.9094 entropy=2.8574 mean_return=15.693 mean_len=84.9
[gat-train] update=617 samples=12340 fps=12.3 loss=-0.5492 actor=-0.8449 value=0.3285 entropy=3.2777 mean_return=15.693 mean_len=84.9
[gat-train] update=618 samples=12360 fps=12.3 loss=1.3374 actor=0.8404 value=0.5315 entropy=3.4423 mean_return=15.693 mean_len=84.9
[gat-train] update=619 samples=12380 fps=12.3 loss=-0.3712 actor=-0.6755 value=0.3344 entropy=3.0053 mean_return=15.693 mean_len=84.9
[gat-train] update=620 samples=12400 fps=12.3 loss=0.4614 actor=0.3545 value=0.1390 entropy=3.2208 mean_return=15.693 mean_len=84.9
[gat-train] update=621 samples=12420 fps=12.3 loss=14.4560 actor=3.5071 value=10.9804 entropy=3.1481 mean_return=15.669 mean_len=84.6
[gat-train] update=622 samples=12440 fps=12.3 loss=-0.9846 actor=-1.4738 value=0.5218 entropy=3.2545 mean_return=15.669 mean_len=84.6
[gat-train] update=623 samples=12460 fps=12.3 loss=-0.2642 actor=-0.3258 value=0.0965 entropy=3.4838 mean_return=15.669 mean_len=84.6
[gat-train] update=624 samples=12480 fps=12.3 loss=-0.7484 actor=-1.1386 value=0.4241 entropy=3.3866 mean_return=15.669 mean_len=84.6
[gat-train] update=625 samples=12500 fps=12.3 loss=-0.2312 actor=-0.3005 value=0.1017 entropy=3.2503 mean_return=15.669 mean_len=84.6
[gat-train] update=626 samples=12520 fps=12.3 loss=46.5840 actor=5.2920 value=41.3210 entropy=2.9003 mean_return=15.638 mean_len=84.5
[gat-train] update=627 samples=12540 fps=12.3 loss=-0.3199 actor=-0.6510 value=0.3621 entropy=3.1052 mean_return=15.638 mean_len=84.5
[gat-train] update=628 samples=12560 fps=12.3 loss=0.7608 actor=0.4627 value=0.3305 entropy=3.2398 mean_return=15.638 mean_len=84.5
[gat-train] update=629 samples=12580 fps=12.3 loss=-0.3396 actor=-0.6580 value=0.3462 entropy=2.7860 mean_return=15.638 mean_len=84.5
[gat-train] update=630 samples=12600 fps=12.3 loss=0.2875 actor=0.1527 value=0.1619 entropy=2.7040 mean_return=15.638 mean_len=84.5
[gat-train] update=631 samples=12620 fps=12.3 loss=38.5990 actor=5.6009 value=33.0247 entropy=2.6544 mean_return=15.601 mean_len=84.5
[gat-train] update=632 samples=12640 fps=12.3 loss=41.3401 actor=5.7607 value=35.6038 entropy=2.4329 mean_return=15.559 mean_len=84.3
[gat-train] update=633 samples=12660 fps=12.3 loss=0.2370 actor=0.0798 value=0.1799 entropy=2.2741 mean_return=15.559 mean_len=84.3
[gat-train] update=634 samples=12680 fps=12.3 loss=0.9961 actor=0.5013 value=0.5149 entropy=2.0011 mean_return=15.559 mean_len=84.3
[gat-train] update=635 samples=12700 fps=12.3 loss=-0.2387 actor=-0.3942 value=0.1783 entropy=2.2790 mean_return=15.559 mean_len=84.3
[gat-train] update=636 samples=12720 fps=12.3 loss=0.0063 actor=-0.2171 value=0.2476 entropy=2.4200 mean_return=15.559 mean_len=84.3
[gat-train] update=637 samples=12740 fps=12.3 loss=42.5742 actor=6.1305 value=36.4659 entropy=2.2170 mean_return=15.538 mean_len=84.2
[gat-train] update=638 samples=12760 fps=12.3 loss=-0.3419 actor=-0.4808 value=0.1609 entropy=2.2064 mean_return=15.538 mean_len=84.2
[gat-train] update=639 samples=12780 fps=12.3 loss=-0.1317 actor=-0.1870 value=0.0760 entropy=2.0595 mean_return=15.538 mean_len=84.2
[gat-train] update=640 samples=12800 fps=12.3 loss=-0.7698 actor=-0.9162 value=0.1706 entropy=2.4246 mean_return=15.538 mean_len=84.2
[gat-train] update=641 samples=12820 fps=12.3 loss=-0.6587 actor=-0.8688 value=0.2354 entropy=2.5255 mean_return=15.538 mean_len=84.2
[gat-train] update=642 samples=12840 fps=12.3 loss=0.4306 actor=0.2837 value=0.1712 entropy=2.4311 mean_return=15.538 mean_len=84.2
[gat-train] update=643 samples=12860 fps=12.3 loss=27.1429 actor=2.5146 value=24.6519 entropy=2.3557 mean_return=15.502 mean_len=83.9
[gat-train] update=644 samples=12880 fps=12.3 loss=-0.2671 actor=-0.5032 value=0.2594 entropy=2.3376 mean_return=15.502 mean_len=83.9
[gat-train] update=645 samples=12900 fps=12.3 loss=0.7023 actor=0.4859 value=0.2404 entropy=2.3970 mean_return=15.502 mean_len=83.9
[gat-train] update=646 samples=12920 fps=12.3 loss=-0.2605 actor=-0.5733 value=0.3380 entropy=2.5175 mean_return=15.502 mean_len=83.9
[gat-train] update=647 samples=12940 fps=12.3 loss=0.3236 actor=-0.1911 value=0.5399 entropy=2.5241 mean_return=15.502 mean_len=83.9
[gat-train] update=648 samples=12960 fps=12.3 loss=62.9796 actor=8.6342 value=54.3696 entropy=2.4188 mean_return=15.508 mean_len=84.0
[gat-train] update=649 samples=12980 fps=12.3 loss=30.5509 actor=4.8995 value=25.6707 entropy=1.9329 mean_return=15.487 mean_len=83.8
[gat-train] update=650 samples=13000 fps=12.3 loss=0.6142 actor=-0.3048 value=0.9387 entropy=1.9696 mean_return=15.487 mean_len=83.8
[gat-train] eval update=650 comp_score=89.99 best=89.99
[gat-train] update=651 samples=13020 fps=12.2 loss=-0.3289 actor=-0.4245 value=0.1187 entropy=2.3156 mean_return=15.487 mean_len=83.8
[gat-train] update=652 samples=13040 fps=12.2 loss=0.3095 actor=0.1304 value=0.2039 entropy=2.4746 mean_return=15.487 mean_len=83.8
[gat-train] update=653 samples=13060 fps=12.2 loss=-0.0390 actor=-0.1858 value=0.1690 entropy=2.2123 mean_return=15.487 mean_len=83.8
[gat-train] update=654 samples=13080 fps=12.2 loss=41.1510 actor=4.8020 value=36.3724 entropy=2.3444 mean_return=15.461 mean_len=83.6
[gat-train] update=655 samples=13100 fps=12.2 loss=-0.2721 actor=-0.4617 value=0.2100 entropy=2.0357 mean_return=15.461 mean_len=83.6
[gat-train] update=656 samples=13120 fps=12.2 loss=-0.1279 actor=-0.2767 value=0.1683 entropy=1.9585 mean_return=15.461 mean_len=83.6
[gat-train] update=657 samples=13140 fps=12.2 loss=0.1748 actor=0.0872 value=0.1086 entropy=2.1030 mean_return=15.461 mean_len=83.6
[gat-train] update=658 samples=13160 fps=12.2 loss=-0.1986 actor=-0.3513 value=0.1754 entropy=2.2768 mean_return=15.461 mean_len=83.6
[gat-train] update=659 samples=13180 fps=12.2 loss=1.0380 actor=-0.0290 value=1.0890 entropy=2.2027 mean_return=15.461 mean_len=83.6
[gat-train] update=660 samples=13200 fps=12.2 loss=25.1727 actor=2.9753 value=22.2181 entropy=2.0676 mean_return=15.460 mean_len=83.6
[gat-train] update=661 samples=13220 fps=12.2 loss=-0.1238 actor=-0.2321 value=0.1301 entropy=2.1874 mean_return=15.460 mean_len=83.6
[gat-train] update=662 samples=13240 fps=12.2 loss=0.6673 actor=0.5122 value=0.1785 entropy=2.3404 mean_return=15.460 mean_len=83.6
[gat-train] update=663 samples=13260 fps=12.2 loss=-0.7406 actor=-1.2012 value=0.4839 entropy=2.3376 mean_return=15.460 mean_len=83.6
[gat-train] update=664 samples=13280 fps=12.2 loss=-0.2805 actor=-0.6441 value=0.3845 entropy=2.0839 mean_return=15.460 mean_len=83.6
[gat-train] update=665 samples=13300 fps=12.2 loss=120.3024 actor=15.6393 value=104.6853 entropy=2.2208 mean_return=15.395 mean_len=83.4
[gat-train] update=666 samples=13320 fps=12.2 loss=1.9604 actor=0.7857 value=1.1914 entropy=1.6596 mean_return=15.395 mean_len=83.4
[gat-train] update=667 samples=13340 fps=12.2 loss=-0.0260 actor=-0.6862 value=0.6807 entropy=2.0392 mean_return=15.395 mean_len=83.4
[gat-train] update=668 samples=13360 fps=12.2 loss=-0.1694 actor=-0.6940 value=0.5445 entropy=1.9927 mean_return=15.395 mean_len=83.4
[gat-train] update=669 samples=13380 fps=12.3 loss=0.0379 actor=-0.1140 value=0.1729 entropy=2.1030 mean_return=15.395 mean_len=83.4
[gat-train] update=670 samples=13400 fps=12.3 loss=-0.0115 actor=-0.0999 value=0.1058 entropy=1.7401 mean_return=15.395 mean_len=83.4
[gat-train] update=671 samples=13420 fps=12.3 loss=15.9193 actor=3.2105 value=12.7307 entropy=2.1850 mean_return=15.375 mean_len=83.2
[gat-train] update=672 samples=13440 fps=12.3 loss=0.2615 actor=0.1462 value=0.1342 entropy=1.8951 mean_return=15.375 mean_len=83.2
[gat-train] update=673 samples=13460 fps=12.3 loss=0.0895 actor=0.0202 value=0.0874 entropy=1.8048 mean_return=15.375 mean_len=83.2
[gat-train] update=674 samples=13480 fps=12.3 loss=0.8714 actor=0.5824 value=0.3060 entropy=1.6970 mean_return=15.375 mean_len=83.2
[gat-train] update=675 samples=13500 fps=12.3 loss=0.1531 actor=-0.0703 value=0.2425 entropy=1.9025 mean_return=15.375 mean_len=83.2
[gat-train] update=676 samples=13520 fps=12.3 loss=51.1067 actor=6.9182 value=44.2086 entropy=2.0082 mean_return=15.381 mean_len=83.3
[gat-train] update=677 samples=13540 fps=12.3 loss=-0.2598 actor=-0.5400 value=0.2994 entropy=1.9220 mean_return=15.381 mean_len=83.3
[gat-train] update=678 samples=13560 fps=12.3 loss=0.0183 actor=-0.0895 value=0.1273 entropy=1.9532 mean_return=15.381 mean_len=83.3
[gat-train] update=679 samples=13580 fps=12.3 loss=-0.1049 actor=-0.6644 value=0.5764 entropy=1.6848 mean_return=15.381 mean_len=83.3
[gat-train] update=680 samples=13600 fps=12.3 loss=-0.0165 actor=-0.2298 value=0.2330 entropy=1.9662 mean_return=15.381 mean_len=83.3
[gat-train] update=681 samples=13620 fps=12.3 loss=59.6674 actor=6.3047 value=53.3829 entropy=2.0207 mean_return=15.365 mean_len=83.2
[gat-train] update=682 samples=13640 fps=12.3 loss=1.4255 actor=-0.1309 value=1.5726 entropy=1.6262 mean_return=15.365 mean_len=83.2
[gat-train] update=683 samples=13660 fps=12.3 loss=-0.3241 actor=-0.7288 value=0.4203 entropy=1.5558 mean_return=15.365 mean_len=83.2
[gat-train] update=684 samples=13680 fps=12.3 loss=85.0684 actor=8.4652 value=76.6205 entropy=1.7321 mean_return=15.391 mean_len=83.4
[gat-train] update=685 samples=13700 fps=12.3 loss=0.6359 actor=-0.6522 value=1.3044 entropy=1.6238 mean_return=15.391 mean_len=83.4
[gat-train] update=686 samples=13720 fps=12.3 loss=-0.2409 actor=-0.3917 value=0.1672 entropy=1.6355 mean_return=15.391 mean_len=83.4
[gat-train] update=687 samples=13740 fps=12.3 loss=-0.0477 actor=-0.3728 value=0.3444 entropy=1.9264 mean_return=15.391 mean_len=83.4
[gat-train] update=688 samples=13760 fps=12.3 loss=0.3821 actor=0.0947 value=0.3049 entropy=1.7421 mean_return=15.391 mean_len=83.4
[gat-train] update=689 samples=13780 fps=12.3 loss=33.5314 actor=5.5646 value=27.9838 entropy=1.7027 mean_return=15.396 mean_len=83.5
[gat-train] update=690 samples=13800 fps=12.3 loss=0.3950 actor=0.2177 value=0.1904 entropy=1.3137 mean_return=15.396 mean_len=83.5
[gat-train] update=691 samples=13820 fps=12.3 loss=-0.0008 actor=-0.2082 value=0.2242 entropy=1.6883 mean_return=15.396 mean_len=83.5
[gat-train] update=692 samples=13840 fps=12.3 loss=-0.0032 actor=-0.0958 value=0.1124 entropy=1.9865 mean_return=15.396 mean_len=83.5
[gat-train] update=693 samples=13860 fps=12.3 loss=0.0224 actor=-0.2046 value=0.2449 entropy=1.7916 mean_return=15.396 mean_len=83.5
[gat-train] update=694 samples=13880 fps=12.3 loss=0.4702 actor=0.0812 value=0.4088 entropy=1.9754 mean_return=15.396 mean_len=83.5
[gat-train] update=695 samples=13900 fps=12.3 loss=33.4550 actor=4.5443 value=28.9314 entropy=2.0717 mean_return=15.443 mean_len=83.8
[gat-train] update=696 samples=13920 fps=12.3 loss=-0.2493 actor=-0.4179 value=0.1874 entropy=1.8868 mean_return=15.443 mean_len=83.8
[gat-train] update=697 samples=13940 fps=12.3 loss=0.3411 actor=0.1812 value=0.1799 entropy=1.9970 mean_return=15.443 mean_len=83.8
[gat-train] update=698 samples=13960 fps=12.3 loss=55.4350 actor=8.5905 value=46.8648 entropy=2.0281 mean_return=15.458 mean_len=83.8
[gat-train] update=699 samples=13980 fps=12.3 loss=-0.1134 actor=-0.3319 value=0.2338 entropy=1.5321 mean_return=15.458 mean_len=83.8
[gat-train] update=700 samples=14000 fps=12.3 loss=-0.0084 actor=-0.0673 value=0.0773 entropy=1.8387 mean_return=15.458 mean_len=83.8
[gat-train] eval update=700 comp_score=91.59 best=91.59  *NEW BEST -> PCT-best.pt*
[gat-train] update=701 samples=14020 fps=12.2 loss=-0.2535 actor=-0.8418 value=0.6087 entropy=2.0373 mean_return=15.458 mean_len=83.8
[gat-train] update=702 samples=14040 fps=12.2 loss=60.6091 actor=6.8545 value=53.7745 entropy=1.9856 mean_return=15.472 mean_len=83.9
[gat-train] update=703 samples=14060 fps=12.2 loss=-0.0956 actor=-0.3589 value=0.2784 entropy=1.5191 mean_return=15.472 mean_len=83.9
[gat-train] update=704 samples=14080 fps=12.2 loss=0.3354 actor=0.0780 value=0.2761 entropy=1.8753 mean_return=15.472 mean_len=83.9
[gat-train] update=705 samples=14100 fps=12.2 loss=0.5908 actor=0.3035 value=0.3057 entropy=1.8456 mean_return=15.472 mean_len=83.9
[gat-train] update=706 samples=14120 fps=12.2 loss=0.3787 actor=0.1892 value=0.2065 entropy=1.6918 mean_return=15.472 mean_len=83.9
[gat-train] update=707 samples=14140 fps=12.2 loss=57.6600 actor=5.6085 value=52.0690 entropy=1.7514 mean_return=15.464 mean_len=83.8
[gat-train] update=708 samples=14160 fps=12.2 loss=0.2668 actor=-0.1120 value=0.3915 entropy=1.2742 mean_return=15.464 mean_len=83.8
[gat-train] update=709 samples=14180 fps=12.2 loss=-0.0297 actor=-0.2457 value=0.2291 entropy=1.3113 mean_return=15.464 mean_len=83.8
[gat-train] update=710 samples=14200 fps=12.2 loss=0.8466 actor=0.3860 value=0.4778 entropy=1.7147 mean_return=15.464 mean_len=83.8
[gat-train] update=711 samples=14220 fps=12.2 loss=-0.1262 actor=-0.4244 value=0.3126 entropy=1.4360 mean_return=15.464 mean_len=83.8
[gat-train] update=712 samples=14240 fps=12.2 loss=56.4895 actor=6.8725 value=49.6338 entropy=1.6682 mean_return=15.480 mean_len=83.9
[gat-train] update=713 samples=14260 fps=12.2 loss=1.7851 actor=0.7580 value=1.0401 entropy=1.2943 mean_return=15.480 mean_len=83.9
[gat-train] update=714 samples=14280 fps=12.2 loss=0.2530 actor=-0.3181 value=0.5848 entropy=1.3622 mean_return=15.480 mean_len=83.9
[gat-train] update=715 samples=14300 fps=12.2 loss=0.1659 actor=-0.1315 value=0.3111 entropy=1.3671 mean_return=15.480 mean_len=83.9
[gat-train] update=716 samples=14320 fps=12.2 loss=-0.3422 actor=-0.5785 value=0.2538 entropy=1.7473 mean_return=15.480 mean_len=83.9
[gat-train] update=717 samples=14340 fps=12.2 loss=33.3077 actor=5.4184 value=27.9079 entropy=1.8570 mean_return=15.520 mean_len=84.1
[gat-train] update=718 samples=14360 fps=12.2 loss=69.8682 actor=8.3207 value=61.5674 entropy=1.9878 mean_return=15.393 mean_len=82.8
[gat-train] update=719 samples=14380 fps=12.3 loss=1.4685 actor=-0.6271 value=2.1137 entropy=1.8089 mean_return=15.393 mean_len=82.8
[gat-train] update=720 samples=14400 fps=12.3 loss=0.0665 actor=-0.1384 value=0.2254 entropy=2.0445 mean_return=15.393 mean_len=82.8
[gat-train] update=721 samples=14420 fps=12.3 loss=0.4339 actor=0.2712 value=0.1842 entropy=2.1534 mean_return=15.393 mean_len=82.8
[gat-train] update=722 samples=14440 fps=12.3 loss=0.3022 actor=0.2350 value=0.0906 entropy=2.3341 mean_return=15.393 mean_len=82.8
[gat-train] update=723 samples=14460 fps=12.3 loss=0.8068 actor=0.3351 value=0.4914 entropy=1.9686 mean_return=15.393 mean_len=82.8
[gat-train] update=724 samples=14480 fps=12.3 loss=0.1929 actor=0.1415 value=0.0722 entropy=2.0739 mean_return=15.393 mean_len=82.8
[gat-train] update=725 samples=14500 fps=12.3 loss=49.5550 actor=7.8865 value=41.6904 entropy=2.1987 mean_return=15.404 mean_len=82.9
[gat-train] update=726 samples=14520 fps=12.3 loss=-0.1943 actor=-0.2373 value=0.0660 entropy=2.3085 mean_return=15.404 mean_len=82.9
[gat-train] update=727 samples=14540 fps=12.3 loss=0.1719 actor=0.1398 value=0.0629 entropy=3.0853 mean_return=15.404 mean_len=82.9
[gat-train] update=728 samples=14560 fps=12.3 loss=-0.7270 actor=-0.9962 value=0.2942 entropy=2.4990 mean_return=15.404 mean_len=82.9
[gat-train] update=729 samples=14580 fps=12.3 loss=-0.9191 actor=-1.1657 value=0.2760 entropy=2.9326 mean_return=15.404 mean_len=82.9
[gat-train] update=730 samples=14600 fps=12.3 loss=-0.3034 actor=-0.4056 value=0.1412 entropy=3.8939 mean_return=15.404 mean_len=82.9
[gat-train] update=731 samples=14620 fps=12.3 loss=-0.0702 actor=-0.5052 value=0.4687 entropy=3.3778 mean_return=15.404 mean_len=82.9
[gat-train] update=732 samples=14640 fps=12.2 loss=0.8982 actor=0.3700 value=0.5588 entropy=3.0640 mean_return=15.404 mean_len=82.9
[gat-train] update=733 samples=14660 fps=12.2 loss=1.7246 actor=0.8747 value=0.8802 entropy=3.0246 mean_return=15.404 mean_len=82.9
[gat-train] update=734 samples=14680 fps=12.3 loss=63.5894 actor=8.5763 value=55.0409 entropy=2.7756 mean_return=15.403 mean_len=83.0
[gat-train] update=735 samples=14700 fps=12.3 loss=47.7529 actor=6.9255 value=40.8550 entropy=2.7597 mean_return=15.441 mean_len=83.3
[gat-train] update=736 samples=14720 fps=12.3 loss=14.5898 actor=2.4208 value=12.1994 entropy=3.0452 mean_return=15.460 mean_len=83.3
[gat-train] update=737 samples=14740 fps=12.3 loss=-0.9326 actor=-1.1367 value=0.2415 entropy=3.7331 mean_return=15.460 mean_len=83.3
[gat-train] update=738 samples=14760 fps=12.3 loss=-0.1932 actor=-0.5685 value=0.4105 entropy=3.5255 mean_return=15.460 mean_len=83.3
[gat-train] update=739 samples=14780 fps=12.3 loss=0.8913 actor=0.5939 value=0.3324 entropy=3.4941 mean_return=15.460 mean_len=83.3
[gat-train] update=740 samples=14800 fps=12.3 loss=-0.1049 actor=-0.1636 value=0.0901 entropy=3.1324 mean_return=15.460 mean_len=83.3
[gat-train] update=741 samples=14820 fps=12.3 loss=14.6890 actor=1.6118 value=13.1095 entropy=3.2251 mean_return=15.459 mean_len=83.3
[gat-train] update=742 samples=14840 fps=12.3 loss=-0.7022 actor=-0.9597 value=0.2905 entropy=3.2991 mean_return=15.459 mean_len=83.3
[gat-train] update=743 samples=14860 fps=12.3 loss=0.0369 actor=-0.1214 value=0.1894 entropy=3.1119 mean_return=15.459 mean_len=83.3
[gat-train] update=744 samples=14880 fps=12.3 loss=-0.3147 actor=-0.5180 value=0.2403 entropy=3.6969 mean_return=15.459 mean_len=83.3
[gat-train] update=745 samples=14900 fps=12.3 loss=0.5610 actor=-0.0222 value=0.6136 entropy=3.0372 mean_return=15.459 mean_len=83.3
[gat-train] update=746 samples=14920 fps=12.3 loss=-0.6895 actor=-1.6238 value=0.9664 entropy=3.2115 mean_return=15.459 mean_len=83.3
[gat-train] update=747 samples=14940 fps=12.3 loss=0.1929 actor=-0.1174 value=0.3452 entropy=3.4840 mean_return=15.459 mean_len=83.3
[gat-train] update=748 samples=14960 fps=12.3 loss=0.3986 actor=0.1843 value=0.2444 entropy=3.0075 mean_return=15.459 mean_len=83.3
[gat-train] update=749 samples=14980 fps=12.3 loss=-0.4254 actor=-1.3721 value=0.9762 entropy=2.9510 mean_return=15.459 mean_len=83.3
[gat-train] update=750 samples=15000 fps=12.3 loss=-0.1845 actor=-0.7094 value=0.5538 entropy=2.8824 mean_return=15.459 mean_len=83.3
[gat-train] eval update=750 comp_score=86.77 best=91.59
[gat-train] update=751 samples=15020 fps=12.2 loss=76.1914 actor=9.0423 value=67.1766 entropy=2.7519 mean_return=15.503 mean_len=83.3
[gat-train] update=752 samples=15040 fps=12.2 loss=-0.5997 actor=-0.8659 value=0.3057 entropy=3.9526 mean_return=15.503 mean_len=83.3
[gat-train] update=753 samples=15060 fps=12.2 loss=0.3202 actor=0.1623 value=0.1933 entropy=3.5336 mean_return=15.503 mean_len=83.3
[gat-train] update=754 samples=15080 fps=12.2 loss=-0.2615 actor=-0.3961 value=0.1686 entropy=3.4089 mean_return=15.503 mean_len=83.3
[gat-train] update=755 samples=15100 fps=12.2 loss=20.9244 actor=2.6940 value=18.2637 entropy=3.3289 mean_return=15.488 mean_len=83.2
[gat-train] update=756 samples=15120 fps=12.3 loss=0.5196 actor=-0.1971 value=0.7471 entropy=3.0409 mean_return=15.488 mean_len=83.2
[gat-train] update=757 samples=15140 fps=12.3 loss=0.5909 actor=0.3366 value=0.2867 entropy=3.2371 mean_return=15.488 mean_len=83.2
[gat-train] update=758 samples=15160 fps=12.3 loss=-0.5399 actor=-0.7258 value=0.2169 entropy=3.1030 mean_return=15.488 mean_len=83.2
[gat-train] update=759 samples=15180 fps=12.3 loss=-0.9451 actor=-1.3594 value=0.4486 entropy=3.4237 mean_return=15.488 mean_len=83.2
[gat-train] update=760 samples=15200 fps=12.3 loss=0.4566 actor=0.1570 value=0.3307 entropy=3.1024 mean_return=15.488 mean_len=83.2
[gat-train] update=761 samples=15220 fps=12.3 loss=-1.0420 actor=-1.5776 value=0.5630 entropy=2.7322 mean_return=15.488 mean_len=83.2
[gat-train] update=762 samples=15240 fps=12.3 loss=0.1598 actor=-0.1341 value=0.3261 entropy=3.2207 mean_return=15.488 mean_len=83.2
[gat-train] update=763 samples=15260 fps=12.3 loss=0.1424 actor=-0.2113 value=0.3837 entropy=2.9913 mean_return=15.488 mean_len=83.2
[gat-train] update=764 samples=15280 fps=12.3 loss=-0.3701 actor=-1.1978 value=0.8603 entropy=3.2497 mean_return=15.488 mean_len=83.2
[gat-train] update=765 samples=15300 fps=12.3 loss=-0.9039 actor=-2.2373 value=1.3660 entropy=3.2569 mean_return=15.488 mean_len=83.2
[gat-train] update=766 samples=15320 fps=12.3 loss=0.4276 actor=-0.0303 value=0.4816 entropy=2.3694 mean_return=15.488 mean_len=83.2
[gat-train] update=767 samples=15340 fps=12.3 loss=100.5559 actor=16.1175 value=84.4698 entropy=3.1381 mean_return=15.405 mean_len=82.7
[gat-train] update=768 samples=15360 fps=12.3 loss=-0.3377 actor=-0.8567 value=0.5511 entropy=3.2086 mean_return=15.405 mean_len=82.7
[gat-train] update=769 samples=15380 fps=12.3 loss=0.7161 actor=0.3932 value=0.3552 entropy=3.2360 mean_return=15.405 mean_len=82.7
[gat-train] update=770 samples=15400 fps=12.3 loss=-0.0152 actor=-0.2879 value=0.3065 entropy=3.3842 mean_return=15.405 mean_len=82.7
[gat-train] update=771 samples=15420 fps=12.3 loss=0.8679 actor=0.3488 value=0.5424 entropy=2.3356 mean_return=15.405 mean_len=82.7
[gat-train] update=772 samples=15440 fps=12.3 loss=27.1290 actor=1.9831 value=25.1708 entropy=2.4925 mean_return=15.387 mean_len=82.7
[gat-train] update=773 samples=15460 fps=12.3 loss=0.3199 actor=-0.0279 value=0.3712 entropy=2.3449 mean_return=15.387 mean_len=82.7
[gat-train] update=774 samples=15480 fps=12.3 loss=-0.8288 actor=-1.0568 value=0.2539 entropy=2.5832 mean_return=15.387 mean_len=82.7
[gat-train] update=775 samples=15500 fps=12.3 loss=0.2174 actor=0.0892 value=0.1521 entropy=2.3928 mean_return=15.387 mean_len=82.7
[gat-train] update=776 samples=15520 fps=12.3 loss=0.3206 actor=0.0258 value=0.3229 entropy=2.8052 mean_return=15.387 mean_len=82.7
[gat-train] update=777 samples=15540 fps=12.3 loss=-0.1814 actor=-0.4629 value=0.3080 entropy=2.6460 mean_return=15.387 mean_len=82.7
[gat-train] update=778 samples=15560 fps=12.3 loss=-0.4369 actor=-0.8751 value=0.4612 entropy=2.2953 mean_return=15.387 mean_len=82.7
[gat-train] update=779 samples=15580 fps=12.3 loss=0.4131 actor=-0.1997 value=0.6393 entropy=2.6462 mean_return=15.387 mean_len=82.7
[gat-train] update=780 samples=15600 fps=12.3 loss=0.5242 actor=0.1802 value=0.3699 entropy=2.5968 mean_return=15.387 mean_len=82.7
[gat-train] update=781 samples=15620 fps=12.3 loss=20.9436 actor=3.0514 value=17.9142 entropy=2.1899 mean_return=15.345 mean_len=82.3
[gat-train] update=782 samples=15640 fps=12.3 loss=47.6841 actor=4.4326 value=43.2765 entropy=2.4939 mean_return=15.328 mean_len=82.1
[gat-train] update=783 samples=15660 fps=12.3 loss=0.3841 actor=-0.2914 value=0.6994 entropy=2.3886 mean_return=15.328 mean_len=82.1
[gat-train] update=784 samples=15680 fps=12.3 loss=64.9922 actor=5.6097 value=59.4075 entropy=2.4985 mean_return=15.299 mean_len=82.1
[gat-train] update=785 samples=15700 fps=12.3 loss=1.1631 actor=-0.0808 value=1.2650 entropy=2.1119 mean_return=15.299 mean_len=82.1
[gat-train] update=786 samples=15720 fps=12.3 loss=-0.5407 actor=-0.6631 value=0.1419 entropy=1.9499 mean_return=15.299 mean_len=82.1
[gat-train] update=787 samples=15740 fps=12.3 loss=-0.0476 actor=-0.1236 value=0.0965 entropy=2.0499 mean_return=15.299 mean_len=82.1
[gat-train] update=788 samples=15760 fps=12.3 loss=0.8193 actor=0.5287 value=0.3002 entropy=0.9607 mean_return=15.299 mean_len=82.1
[gat-train] update=789 samples=15780 fps=12.3 loss=28.7351 actor=3.7338 value=25.0216 entropy=2.0325 mean_return=15.306 mean_len=82.1
[gat-train] update=790 samples=15800 fps=12.3 loss=0.4652 actor=-0.0011 value=0.4791 entropy=1.2751 mean_return=15.306 mean_len=82.1
[gat-train] update=791 samples=15820 fps=12.3 loss=-0.2387 actor=-0.4643 value=0.2402 entropy=1.4641 mean_return=15.306 mean_len=82.1
[gat-train] update=792 samples=15840 fps=12.3 loss=0.2522 actor=0.0465 value=0.2234 entropy=1.7720 mean_return=15.306 mean_len=82.1
[gat-train] update=793 samples=15860 fps=12.3 loss=-0.0975 actor=-0.1688 value=0.0847 entropy=1.3409 mean_return=15.306 mean_len=82.1
[gat-train] update=794 samples=15880 fps=12.3 loss=0.3055 actor=0.0089 value=0.3113 entropy=1.4687 mean_return=15.306 mean_len=82.1
[gat-train] update=795 samples=15900 fps=12.3 loss=-0.0422 actor=-0.3385 value=0.3119 entropy=1.5580 mean_return=15.306 mean_len=82.1
[gat-train] update=796 samples=15920 fps=12.3 loss=-0.1852 actor=-0.8811 value=0.7103 entropy=1.4382 mean_return=15.306 mean_len=82.1
[gat-train] update=797 samples=15940 fps=12.3 loss=0.7748 actor=0.1145 value=0.6741 entropy=1.3835 mean_return=15.306 mean_len=82.1
[gat-train] update=798 samples=15960 fps=12.3 loss=91.7183 actor=11.8672 value=79.8694 entropy=1.8395 mean_return=15.296 mean_len=82.0
[gat-train] update=799 samples=15980 fps=12.3 loss=41.7044 actor=5.1704 value=36.5454 entropy=1.1438 mean_return=15.282 mean_len=81.9
[gat-train] update=800 samples=16000 fps=12.3 loss=0.3260 actor=0.1551 value=0.1841 entropy=1.3240 mean_return=15.282 mean_len=81.9
[gat-train] eval update=800 comp_score=91.59 best=91.59
[gat-train] update=801 samples=16020 fps=12.3 loss=-0.1474 actor=-0.3517 value=0.2196 entropy=1.5239 mean_return=15.282 mean_len=81.9
[gat-train] update=802 samples=16040 fps=12.3 loss=-0.3923 actor=-0.4681 value=0.0950 entropy=1.9196 mean_return=15.282 mean_len=81.9
[gat-train] update=803 samples=16060 fps=12.3 loss=-0.4407 actor=-0.6810 value=0.2611 entropy=2.0745 mean_return=15.282 mean_len=81.9
[gat-train] update=804 samples=16080 fps=12.3 loss=0.1552 actor=-0.1770 value=0.3542 entropy=2.1965 mean_return=15.282 mean_len=81.9
[gat-train] update=805 samples=16100 fps=12.3 loss=1.0197 actor=0.4918 value=0.5481 entropy=2.0214 mean_return=15.282 mean_len=81.9
[gat-train] update=806 samples=16120 fps=12.3 loss=53.3165 actor=5.9571 value=47.3782 entropy=1.8825 mean_return=15.290 mean_len=81.8
[gat-train] update=807 samples=16140 fps=12.3 loss=0.1900 actor=0.0263 value=0.1852 entropy=2.1446 mean_return=15.290 mean_len=81.8
[gat-train] update=808 samples=16160 fps=12.3 loss=-0.4639 actor=-0.7675 value=0.3247 entropy=2.1135 mean_return=15.290 mean_len=81.8
[gat-train] update=809 samples=16180 fps=12.3 loss=-0.4936 actor=-0.7886 value=0.3173 entropy=2.2384 mean_return=15.290 mean_len=81.8
[gat-train] update=810 samples=16200 fps=12.3 loss=-0.2128 actor=-0.4597 value=0.2721 entropy=2.5175 mean_return=15.290 mean_len=81.8
[gat-train] update=811 samples=16220 fps=12.3 loss=-0.6509 actor=-0.9264 value=0.3022 entropy=2.6755 mean_return=15.290 mean_len=81.8
[gat-train] update=812 samples=16240 fps=12.3 loss=-0.3101 actor=-0.4145 value=0.1312 entropy=2.6803 mean_return=15.290 mean_len=81.8
[gat-train] update=813 samples=16260 fps=12.3 loss=1.2209 actor=0.4981 value=0.7498 entropy=2.6968 mean_return=15.290 mean_len=81.8
[gat-train] update=814 samples=16280 fps=12.3 loss=0.5913 actor=0.0302 value=0.5879 entropy=2.6837 mean_return=15.290 mean_len=81.8
[gat-train] update=815 samples=16300 fps=12.3 loss=45.4341 actor=8.4731 value=36.9825 entropy=2.1606 mean_return=15.282 mean_len=81.8
[gat-train] update=816 samples=16320 fps=12.3 loss=88.6469 actor=13.0306 value=75.6375 entropy=2.1191 mean_return=15.327 mean_len=82.2
[gat-train] update=817 samples=16340 fps=12.3 loss=0.3693 actor=0.2460 value=0.1445 entropy=2.1293 mean_return=15.327 mean_len=82.2
[gat-train] update=818 samples=16360 fps=12.3 loss=0.1801 actor=0.0437 value=0.1567 entropy=2.0308 mean_return=15.327 mean_len=82.2
[gat-train] update=819 samples=16380 fps=12.3 loss=0.0712 actor=-0.0183 value=0.1143 entropy=2.4897 mean_return=15.327 mean_len=82.2
[gat-train] update=820 samples=16400 fps=12.3 loss=-0.0024 actor=-0.0455 value=0.0662 entropy=2.3108 mean_return=15.327 mean_len=82.2
[gat-train] update=821 samples=16420 fps=12.3 loss=35.9033 actor=5.6603 value=30.2694 entropy=2.6426 mean_return=15.315 mean_len=82.0
[gat-train] update=822 samples=16440 fps=12.3 loss=0.0196 actor=-0.0469 value=0.0939 entropy=2.7376 mean_return=15.315 mean_len=82.0
[gat-train] update=823 samples=16460 fps=12.3 loss=0.5557 actor=0.4353 value=0.1471 entropy=2.6618 mean_return=15.315 mean_len=82.0
[gat-train] update=824 samples=16480 fps=12.3 loss=-0.1244 actor=-0.1431 value=0.0468 entropy=2.8099 mean_return=15.315 mean_len=82.0
[gat-train] update=825 samples=16500 fps=12.3 loss=-0.6863 actor=-0.8478 value=0.1904 entropy=2.8920 mean_return=15.315 mean_len=82.0
[gat-train] update=826 samples=16520 fps=12.3 loss=0.4748 actor=0.4031 value=0.1025 entropy=3.0831 mean_return=15.315 mean_len=82.0
[gat-train] update=827 samples=16540 fps=12.3 loss=-1.0071 actor=-1.3004 value=0.3258 entropy=3.2516 mean_return=15.315 mean_len=82.0
[gat-train] update=828 samples=16560 fps=12.3 loss=-0.7509 actor=-0.9339 value=0.2146 entropy=3.1654 mean_return=15.315 mean_len=82.0
[gat-train] update=829 samples=16580 fps=12.3 loss=0.1977 actor=-0.1200 value=0.3508 entropy=3.3099 mean_return=15.315 mean_len=82.0
[gat-train] update=830 samples=16600 fps=12.3 loss=0.2714 actor=-0.3056 value=0.6099 entropy=3.2857 mean_return=15.315 mean_len=82.0
[gat-train] update=831 samples=16620 fps=12.3 loss=12.7681 actor=2.2348 value=10.5653 entropy=3.2004 mean_return=15.347 mean_len=82.1
[gat-train] update=832 samples=16640 fps=12.3 loss=0.8556 actor=0.3986 value=0.4875 entropy=3.0444 mean_return=15.347 mean_len=82.1
[gat-train] update=833 samples=16660 fps=12.3 loss=46.7621 actor=7.6973 value=39.0932 entropy=2.8397 mean_return=15.390 mean_len=82.3
[gat-train] update=834 samples=16680 fps=12.3 loss=16.4511 actor=3.5594 value=12.9186 entropy=2.6864 mean_return=15.434 mean_len=82.4
[gat-train] update=835 samples=16700 fps=12.3 loss=1.3825 actor=1.0830 value=0.3301 entropy=3.0522 mean_return=15.434 mean_len=82.4
[gat-train] update=836 samples=16720 fps=12.3 loss=-0.1550 actor=-0.2289 value=0.1000 entropy=2.6112 mean_return=15.434 mean_len=82.4
[gat-train] update=837 samples=16740 fps=12.3 loss=49.8164 actor=6.6861 value=43.1566 entropy=2.6272 mean_return=15.437 mean_len=82.5
[gat-train] update=838 samples=16760 fps=12.3 loss=-0.0740 actor=-0.1794 value=0.1353 entropy=2.9898 mean_return=15.437 mean_len=82.5
[gat-train] update=839 samples=16780 fps=12.3 loss=0.3744 actor=0.2146 value=0.1907 entropy=3.0972 mean_return=15.437 mean_len=82.5
[gat-train] update=840 samples=16800 fps=12.3 loss=-0.6330 actor=-0.8837 value=0.2818 entropy=3.1113 mean_return=15.437 mean_len=82.5
[gat-train] update=841 samples=16820 fps=12.3 loss=-0.3748 actor=-0.4478 value=0.1071 entropy=3.4029 mean_return=15.437 mean_len=82.5
[gat-train] update=842 samples=16840 fps=12.3 loss=0.9228 actor=0.5990 value=0.3582 entropy=3.4334 mean_return=15.437 mean_len=82.5
[gat-train] update=843 samples=16860 fps=12.3 loss=-0.1488 actor=-0.7529 value=0.6366 entropy=3.2450 mean_return=15.437 mean_len=82.5
[gat-train] update=844 samples=16880 fps=12.3 loss=-0.2200 actor=-0.6908 value=0.5052 entropy=3.4443 mean_return=15.437 mean_len=82.5
[gat-train] update=845 samples=16900 fps=12.3 loss=-1.2100 actor=-2.3746 value=1.1989 entropy=3.4257 mean_return=15.437 mean_len=82.5
[gat-train] update=846 samples=16920 fps=12.3 loss=0.8750 actor=0.4184 value=0.4908 entropy=3.4233 mean_return=15.437 mean_len=82.5
[gat-train] update=847 samples=16940 fps=12.3 loss=25.1020 actor=2.9873 value=22.1474 entropy=3.2714 mean_return=15.430 mean_len=82.4
[gat-train] update=848 samples=16960 fps=12.3 loss=1.3539 actor=0.6958 value=0.6873 entropy=2.9174 mean_return=15.430 mean_len=82.4
[gat-train] update=849 samples=16980 fps=12.3 loss=35.4312 actor=5.7805 value=29.6781 entropy=2.7418 mean_return=15.407 mean_len=82.3
[gat-train] update=850 samples=17000 fps=12.3 loss=31.4825 actor=5.9195 value=25.5924 entropy=2.9457 mean_return=15.392 mean_len=82.3
[gat-train] eval update=850 comp_score=91.61 best=91.61  *NEW BEST -> PCT-best.pt*
[gat-train] update=851 samples=17020 fps=12.3 loss=0.1253 actor=-0.0191 value=0.1768 entropy=3.2466 mean_return=15.392 mean_len=82.3
[gat-train] update=852 samples=17040 fps=12.3 loss=0.9340 actor=0.6385 value=0.3244 entropy=2.8958 mean_return=15.392 mean_len=82.3
[gat-train] update=853 samples=17060 fps=12.3 loss=35.2569 actor=4.8628 value=30.4231 entropy=2.9013 mean_return=15.348 mean_len=82.2
[gat-train] update=854 samples=17080 fps=12.3 loss=0.7371 actor=0.6093 value=0.1591 entropy=3.1303 mean_return=15.348 mean_len=82.2
[gat-train] update=855 samples=17100 fps=12.3 loss=-0.1599 actor=-0.2470 value=0.1188 entropy=3.1832 mean_return=15.348 mean_len=82.2
[gat-train] update=856 samples=17120 fps=12.3 loss=0.0973 actor=-0.0147 value=0.1446 entropy=3.2611 mean_return=15.348 mean_len=82.2
[gat-train] update=857 samples=17140 fps=12.3 loss=-0.4429 actor=-0.4905 value=0.0794 entropy=3.1845 mean_return=15.348 mean_len=82.2
[gat-train] update=858 samples=17160 fps=12.3 loss=-1.2941 actor=-1.8189 value=0.5584 entropy=3.3614 mean_return=15.348 mean_len=82.2
[gat-train] update=859 samples=17180 fps=12.3 loss=-0.7670 actor=-0.9878 value=0.2534 entropy=3.2715 mean_return=15.348 mean_len=82.2
[gat-train] update=860 samples=17200 fps=12.3 loss=-0.6663 actor=-0.8479 value=0.2143 entropy=3.2808 mean_return=15.348 mean_len=82.2
[gat-train] update=861 samples=17220 fps=12.3 loss=-0.3893 actor=-0.8043 value=0.4484 entropy=3.3355 mean_return=15.348 mean_len=82.2
[gat-train] update=862 samples=17240 fps=12.3 loss=2.5355 actor=1.4646 value=1.1014 entropy=3.0566 mean_return=15.348 mean_len=82.2
[gat-train] update=863 samples=17260 fps=12.3 loss=68.9293 actor=11.2877 value=57.6707 entropy=2.9174 mean_return=15.286 mean_len=81.8
[gat-train] update=864 samples=17280 fps=12.3 loss=-0.7058 actor=-1.3525 value=0.6780 entropy=3.1309 mean_return=15.286 mean_len=81.8
[gat-train] update=865 samples=17300 fps=12.3 loss=0.9120 actor=0.6356 value=0.3112 entropy=3.4848 mean_return=15.286 mean_len=81.8
[gat-train] update=866 samples=17320 fps=12.3 loss=1.8865 actor=1.5047 value=0.4143 entropy=3.2501 mean_return=15.286 mean_len=81.8
[gat-train] update=867 samples=17340 fps=12.3 loss=66.5416 actor=8.2282 value=58.3417 entropy=2.8218 mean_return=15.269 mean_len=81.9
[gat-train] update=868 samples=17360 fps=12.3 loss=45.9309 actor=6.8310 value=39.1279 entropy=2.7917 mean_return=15.247 mean_len=81.7
[gat-train] update=869 samples=17380 fps=12.3 loss=-0.2997 actor=-0.4158 value=0.1475 entropy=3.1443 mean_return=15.247 mean_len=81.7
[gat-train] update=870 samples=17400 fps=12.3 loss=0.4181 actor=0.3276 value=0.1243 entropy=3.3795 mean_return=15.247 mean_len=81.7
[gat-train] update=871 samples=17420 fps=12.3 loss=-0.5280 actor=-0.5645 value=0.0714 entropy=3.4972 mean_return=15.247 mean_len=81.7
[gat-train] update=872 samples=17440 fps=12.3 loss=-0.2283 actor=-0.2768 value=0.0846 entropy=3.6019 mean_return=15.247 mean_len=81.7
[gat-train] update=873 samples=17460 fps=12.3 loss=-1.2262 actor=-1.5698 value=0.3803 entropy=3.6662 mean_return=15.247 mean_len=81.7
[gat-train] update=874 samples=17480 fps=12.3 loss=-0.9087 actor=-1.2916 value=0.4182 entropy=3.5258 mean_return=15.247 mean_len=81.7
[gat-train] update=875 samples=17500 fps=12.3 loss=-1.6789 actor=-2.1093 value=0.4670 entropy=3.6596 mean_return=15.247 mean_len=81.7
[gat-train] update=876 samples=17520 fps=12.3 loss=2.8490 actor=1.8462 value=1.0407 entropy=3.7908 mean_return=15.247 mean_len=81.7
[gat-train] update=877 samples=17540 fps=12.3 loss=0.9295 actor=0.1807 value=0.7822 entropy=3.3384 mean_return=15.247 mean_len=81.7
[gat-train] update=878 samples=17560 fps=12.3 loss=0.5566 actor=0.3246 value=0.2635 entropy=3.1488 mean_return=15.247 mean_len=81.7
[gat-train] update=879 samples=17580 fps=12.3 loss=58.5245 actor=8.4530 value=50.0992 entropy=2.7705 mean_return=15.208 mean_len=81.6
[gat-train] update=880 samples=17600 fps=12.3 loss=-0.1208 actor=-0.5704 value=0.4821 entropy=3.2519 mean_return=15.208 mean_len=81.6
[gat-train] update=881 samples=17620 fps=12.3 loss=0.1999 actor=-0.0538 value=0.2867 entropy=3.3035 mean_return=15.208 mean_len=81.6
[gat-train] update=882 samples=17640 fps=12.3 loss=21.7356 actor=3.2506 value=18.5157 entropy=3.0620 mean_return=15.191 mean_len=81.4
[gat-train] update=883 samples=17660 fps=12.3 loss=45.7486 actor=7.1180 value=38.6634 entropy=3.2822 mean_return=15.103 mean_len=81.0
[gat-train] update=884 samples=17680 fps=12.3 loss=-0.5754 actor=-0.8270 value=0.2846 entropy=3.3016 mean_return=15.103 mean_len=81.0
[gat-train] update=885 samples=17700 fps=12.3 loss=0.5436 actor=0.4035 value=0.1757 entropy=3.5637 mean_return=15.103 mean_len=81.0
[gat-train] update=886 samples=17720 fps=12.3 loss=-0.2340 actor=-0.3488 value=0.1512 entropy=3.6471 mean_return=15.103 mean_len=81.0
[gat-train] update=887 samples=17740 fps=12.3 loss=-1.0584 actor=-1.6102 value=0.5869 entropy=3.5051 mean_return=15.103 mean_len=81.0
[gat-train] update=888 samples=17760 fps=12.3 loss=-1.0776 actor=-1.3429 value=0.3040 entropy=3.8689 mean_return=15.103 mean_len=81.0
[gat-train] update=889 samples=17780 fps=12.3 loss=-0.5464 actor=-0.8754 value=0.3677 entropy=3.8775 mean_return=15.103 mean_len=81.0
[gat-train] update=890 samples=17800 fps=12.3 loss=-0.3031 actor=-0.6043 value=0.3400 entropy=3.8825 mean_return=15.103 mean_len=81.0
[gat-train] update=891 samples=17820 fps=12.3 loss=0.1151 actor=-0.5361 value=0.6892 entropy=3.8007 mean_return=15.103 mean_len=81.0
[gat-train] update=892 samples=17840 fps=12.3 loss=30.4523 actor=6.3314 value=24.1564 entropy=3.5482 mean_return=15.039 mean_len=80.5
[gat-train] update=893 samples=17860 fps=12.3 loss=1.2501 actor=0.8153 value=0.4688 entropy=3.4004 mean_return=15.039 mean_len=80.5
[gat-train] update=894 samples=17880 fps=12.3 loss=24.2282 actor=3.2182 value=21.0441 entropy=3.4058 mean_return=14.983 mean_len=80.1
[gat-train] update=895 samples=17900 fps=12.3 loss=56.8224 actor=10.1075 value=46.7518 entropy=3.6897 mean_return=14.913 mean_len=79.8
[gat-train] update=896 samples=17920 fps=12.3 loss=0.0901 actor=-1.1444 value=1.2680 entropy=3.3460 mean_return=14.913 mean_len=79.8
[gat-train] update=897 samples=17940 fps=12.3 loss=-0.4737 actor=-0.5241 value=0.0884 entropy=3.8036 mean_return=14.913 mean_len=79.8
[gat-train] update=898 samples=17960 fps=12.3 loss=-0.4756 actor=-0.9903 value=0.5516 entropy=3.6877 mean_return=14.913 mean_len=79.8
[gat-train] update=899 samples=17980 fps=12.3 loss=41.9228 actor=7.0864 value=34.8714 entropy=3.5039 mean_return=14.870 mean_len=79.6
[gat-train] update=900 samples=18000 fps=12.3 loss=-0.2559 actor=-0.3995 value=0.1809 entropy=3.7291 mean_return=14.870 mean_len=79.6
[gat-train] eval update=900 comp_score=88.52 best=91.61
[gat-train] update=901 samples=18020 fps=12.3 loss=1.3167 actor=1.1408 value=0.2146 entropy=3.8782 mean_return=14.870 mean_len=79.6
[gat-train] update=902 samples=18040 fps=12.3 loss=-0.8075 actor=-2.5167 value=1.7440 entropy=3.4812 mean_return=14.870 mean_len=79.6
[gat-train] update=903 samples=18060 fps=12.3 loss=1.5390 actor=-0.0230 value=1.5958 entropy=3.3845 mean_return=14.870 mean_len=79.6
[gat-train] update=904 samples=18080 fps=12.3 loss=1.6570 actor=0.6543 value=1.0398 entropy=3.7030 mean_return=14.870 mean_len=79.6
[gat-train] update=905 samples=18100 fps=12.3 loss=-0.4067 actor=-1.0287 value=0.6570 entropy=3.4972 mean_return=14.870 mean_len=79.6
[gat-train] update=906 samples=18120 fps=12.3 loss=0.8865 actor=0.5341 value=0.3839 entropy=3.1515 mean_return=14.870 mean_len=79.6
[gat-train] update=907 samples=18140 fps=12.3 loss=22.7523 actor=3.4288 value=19.3527 entropy=2.9198 mean_return=14.811 mean_len=79.3
[gat-train] update=908 samples=18160 fps=12.3 loss=12.1062 actor=2.1053 value=10.0362 entropy=3.5300 mean_return=14.737 mean_len=78.9
[gat-train] update=909 samples=18180 fps=12.3 loss=-1.2604 actor=-2.0120 value=0.7863 entropy=3.4762 mean_return=14.737 mean_len=78.9
[gat-train] update=910 samples=18200 fps=12.3 loss=46.8080 actor=7.2419 value=39.6014 entropy=3.5320 mean_return=14.650 mean_len=78.5
[gat-train] update=911 samples=18220 fps=12.3 loss=0.7029 actor=0.5751 value=0.1653 entropy=3.7471 mean_return=14.650 mean_len=78.5
[gat-train] update=912 samples=18240 fps=12.3 loss=-0.1167 actor=-0.2565 value=0.1766 entropy=3.6862 mean_return=14.650 mean_len=78.5
[gat-train] update=913 samples=18260 fps=12.3 loss=0.6923 actor=0.3150 value=0.4134 entropy=3.6056 mean_return=14.650 mean_len=78.5
[gat-train] update=914 samples=18280 fps=12.3 loss=62.7825 actor=9.9887 value=52.8289 entropy=3.5068 mean_return=14.753 mean_len=79.5
[gat-train] update=915 samples=18300 fps=12.3 loss=0.6571 actor=-0.8878 value=1.5781 entropy=3.3255 mean_return=14.753 mean_len=79.5
[gat-train] update=916 samples=18320 fps=12.3 loss=-0.2250 actor=-0.6776 value=0.4894 entropy=3.6800 mean_return=14.753 mean_len=79.5
[gat-train] update=917 samples=18340 fps=12.3 loss=0.0663 actor=-0.0644 value=0.1683 entropy=3.7556 mean_return=14.753 mean_len=79.5
[gat-train] update=918 samples=18360 fps=12.3 loss=-0.8745 actor=-1.0399 value=0.2026 entropy=3.7245 mean_return=14.753 mean_len=79.5
[gat-train] update=919 samples=18380 fps=12.3 loss=1.6807 actor=0.7251 value=0.9896 entropy=3.3896 mean_return=14.753 mean_len=79.5
[gat-train] update=920 samples=18400 fps=12.3 loss=1.5373 actor=0.4934 value=1.0743 entropy=3.0356 mean_return=14.753 mean_len=79.5
[gat-train] update=921 samples=18420 fps=12.3 loss=38.0107 actor=4.3536 value=33.6830 entropy=2.5888 mean_return=14.724 mean_len=79.3
[gat-train] update=922 samples=18440 fps=12.3 loss=26.7404 actor=4.5950 value=22.1744 entropy=2.8973 mean_return=14.664 mean_len=79.0
[gat-train] update=923 samples=18460 fps=12.3 loss=37.5465 actor=5.2279 value=32.3484 entropy=2.9836 mean_return=14.604 mean_len=78.6
[gat-train] update=924 samples=18480 fps=12.3 loss=2.3417 actor=0.6256 value=1.7470 entropy=3.0779 mean_return=14.604 mean_len=78.6
[gat-train] update=925 samples=18500 fps=12.3 loss=0.1842 actor=-0.2040 value=0.4201 entropy=3.1843 mean_return=14.604 mean_len=78.6
[gat-train] update=926 samples=18520 fps=12.3 loss=-0.4207 actor=-0.5951 value=0.2067 entropy=3.2331 mean_return=14.604 mean_len=78.6
[gat-train] update=927 samples=18540 fps=12.3 loss=1.6861 actor=1.0863 value=0.6335 entropy=3.3676 mean_return=14.604 mean_len=78.6
[gat-train] update=928 samples=18560 fps=12.3 loss=0.3238 actor=0.0014 value=0.3515 entropy=2.9152 mean_return=14.604 mean_len=78.6
[gat-train] update=929 samples=18580 fps=12.3 loss=0.4345 actor=0.1759 value=0.2886 entropy=3.0017 mean_return=14.604 mean_len=78.6
[gat-train] update=930 samples=18600 fps=12.3 loss=27.2119 actor=6.2383 value=21.0025 entropy=2.8910 mean_return=14.547 mean_len=78.3
[gat-train] update=931 samples=18620 fps=12.3 loss=-0.4157 actor=-0.6961 value=0.3093 entropy=2.8891 mean_return=14.547 mean_len=78.3
[gat-train] update=932 samples=18640 fps=12.3 loss=-0.4065 actor=-0.9637 value=0.5856 entropy=2.8476 mean_return=14.547 mean_len=78.3
[gat-train] update=933 samples=18660 fps=12.3 loss=-0.7484 actor=-1.3923 value=0.6745 entropy=3.0638 mean_return=14.547 mean_len=78.3
[gat-train] update=934 samples=18680 fps=12.3 loss=1.0974 actor=0.8436 value=0.2862 entropy=3.2361 mean_return=14.547 mean_len=78.3
[gat-train] update=935 samples=18700 fps=12.3 loss=-0.8472 actor=-1.5434 value=0.7287 entropy=3.2544 mean_return=14.547 mean_len=78.3
[gat-train] update=936 samples=18720 fps=12.3 loss=2.2570 actor=1.7738 value=0.5130 entropy=2.9716 mean_return=14.547 mean_len=78.3
[gat-train] update=937 samples=18740 fps=12.3 loss=34.7182 actor=5.9056 value=28.8381 entropy=2.5515 mean_return=14.507 mean_len=78.2
[gat-train] update=938 samples=18760 fps=12.3 loss=13.6947 actor=3.0151 value=10.7030 entropy=2.3323 mean_return=14.492 mean_len=78.2
[gat-train] update=939 samples=18780 fps=12.3 loss=0.0385 actor=-0.3882 value=0.4541 entropy=2.7489 mean_return=14.492 mean_len=78.2
[gat-train] update=940 samples=18800 fps=12.3 loss=38.1876 actor=5.1690 value=33.0432 entropy=2.4532 mean_return=14.479 mean_len=78.3
[gat-train] update=941 samples=18820 fps=12.3 loss=0.5398 actor=0.3665 value=0.1977 entropy=2.4379 mean_return=14.479 mean_len=78.3
[gat-train] update=942 samples=18840 fps=12.3 loss=-0.4180 actor=-0.6352 value=0.2439 entropy=2.6700 mean_return=14.479 mean_len=78.3
[gat-train] update=943 samples=18860 fps=12.3 loss=0.7227 actor=0.4936 value=0.2555 entropy=2.6431 mean_return=14.479 mean_len=78.3
[gat-train] update=944 samples=18880 fps=12.3 loss=-1.1146 actor=-2.0089 value=0.9211 entropy=2.6753 mean_return=14.479 mean_len=78.3
[gat-train] update=945 samples=18900 fps=12.3 loss=57.4469 actor=10.2147 value=47.2612 entropy=2.9011 mean_return=14.475 mean_len=78.2
[gat-train] update=946 samples=18920 fps=12.3 loss=1.4844 actor=0.5223 value=0.9856 entropy=2.3492 mean_return=14.475 mean_len=78.2
[gat-train] update=947 samples=18940 fps=12.3 loss=0.1552 actor=-0.0957 value=0.2743 entropy=2.3413 mean_return=14.475 mean_len=78.2
[gat-train] update=948 samples=18960 fps=12.3 loss=-0.2272 actor=-0.6614 value=0.4602 entropy=2.5964 mean_return=14.475 mean_len=78.2
[gat-train] update=949 samples=18980 fps=12.3 loss=-0.1298 actor=-0.2766 value=0.1736 entropy=2.6760 mean_return=14.475 mean_len=78.2
[gat-train] update=950 samples=19000 fps=12.3 loss=-0.2206 actor=-0.4202 value=0.2273 entropy=2.7631 mean_return=14.475 mean_len=78.2
[gat-train] eval update=950 comp_score=91.59 best=91.61
[gat-train] update=951 samples=19020 fps=12.3 loss=0.1336 actor=-0.0991 value=0.2590 entropy=2.6280 mean_return=14.475 mean_len=78.2
[gat-train] update=952 samples=19040 fps=12.3 loss=57.4998 actor=9.1668 value=48.3588 entropy=2.5796 mean_return=14.454 mean_len=78.2
[gat-train] update=953 samples=19060 fps=12.3 loss=42.0924 actor=3.5457 value=38.5672 entropy=2.0510 mean_return=14.477 mean_len=78.4
[gat-train] update=954 samples=19080 fps=12.3 loss=-0.0494 actor=-0.1412 value=0.1093 entropy=1.7518 mean_return=14.477 mean_len=78.4
[gat-train] update=955 samples=19100 fps=12.3 loss=-0.2192 actor=-0.4777 value=0.2817 entropy=2.3165 mean_return=14.477 mean_len=78.4
[gat-train] update=956 samples=19120 fps=12.3 loss=-0.5516 actor=-1.7259 value=1.1966 entropy=2.2210 mean_return=14.477 mean_len=78.4
[gat-train] update=957 samples=19140 fps=12.3 loss=0.9919 actor=0.6205 value=0.3946 entropy=2.3229 mean_return=14.477 mean_len=78.4
[gat-train] update=958 samples=19160 fps=12.3 loss=42.3883 actor=6.2648 value=36.1476 entropy=2.4154 mean_return=14.504 mean_len=78.6
[gat-train] update=959 samples=19180 fps=12.3 loss=-0.3896 actor=-0.6482 value=0.2787 entropy=2.0182 mean_return=14.504 mean_len=78.6
[gat-train] update=960 samples=19200 fps=12.3 loss=0.7854 actor=0.3800 value=0.4271 entropy=2.1731 mean_return=14.504 mean_len=78.6
[gat-train] update=961 samples=19220 fps=12.3 loss=-0.1145 actor=-0.8797 value=0.7877 entropy=2.2556 mean_return=14.504 mean_len=78.6
[gat-train] update=962 samples=19240 fps=12.3 loss=-0.4911 actor=-0.9809 value=0.5132 entropy=2.3456 mean_return=14.504 mean_len=78.6
[gat-train] update=963 samples=19260 fps=12.3 loss=41.7274 actor=5.5106 value=36.2402 entropy=2.3340 mean_return=14.524 mean_len=78.7
[gat-train] update=964 samples=19280 fps=12.3 loss=-0.0561 actor=-0.2576 value=0.2203 entropy=1.8765 mean_return=14.524 mean_len=78.7
[gat-train] update=965 samples=19300 fps=12.3 loss=-0.2120 actor=-0.8648 value=0.6688 entropy=1.5954 mean_return=14.524 mean_len=78.7
[gat-train] update=966 samples=19320 fps=12.3 loss=-0.4289 actor=-1.1216 value=0.7126 entropy=1.9974 mean_return=14.524 mean_len=78.7
[gat-train] update=967 samples=19340 fps=12.3 loss=0.2588 actor=-0.2186 value=0.4995 entropy=2.2143 mean_return=14.524 mean_len=78.7
[gat-train] update=968 samples=19360 fps=12.3 loss=0.5362 actor=0.0472 value=0.5099 entropy=2.0885 mean_return=14.524 mean_len=78.7
[gat-train] update=969 samples=19380 fps=12.3 loss=64.4147 actor=9.3568 value=55.0798 entropy=2.1781 mean_return=14.538 mean_len=78.8
[gat-train] update=970 samples=19400 fps=12.3 loss=14.7529 actor=2.9592 value=11.8079 entropy=1.4094 mean_return=14.524 mean_len=78.8
[gat-train] update=971 samples=19420 fps=12.3 loss=-0.1759 actor=-0.5030 value=0.3412 entropy=1.4119 mean_return=14.524 mean_len=78.8
[gat-train] update=972 samples=19440 fps=12.3 loss=0.1254 actor=-0.0661 value=0.2110 entropy=1.9517 mean_return=14.524 mean_len=78.8
[gat-train] update=973 samples=19460 fps=12.3 loss=0.1854 actor=0.0641 value=0.1391 entropy=1.7768 mean_return=14.524 mean_len=78.8
[gat-train] update=974 samples=19480 fps=12.3 loss=-0.0593 actor=-0.1282 value=0.0841 entropy=1.5246 mean_return=14.524 mean_len=78.8
[gat-train] update=975 samples=19500 fps=12.3 loss=24.7969 actor=3.1906 value=21.6236 entropy=1.7250 mean_return=14.551 mean_len=79.0
[gat-train] update=976 samples=19520 fps=12.3 loss=-0.0307 actor=-0.1091 value=0.0937 entropy=1.5265 mean_return=14.551 mean_len=79.0
[gat-train] update=977 samples=19540 fps=12.3 loss=0.0060 actor=-0.1279 value=0.1470 entropy=1.3130 mean_return=14.551 mean_len=79.0
[gat-train] update=978 samples=19560 fps=12.3 loss=0.4716 actor=-0.0836 value=0.5711 entropy=1.5816 mean_return=14.551 mean_len=79.0
[gat-train] update=979 samples=19580 fps=12.3 loss=0.0457 actor=-0.2990 value=0.3611 entropy=1.6265 mean_return=14.551 mean_len=79.0
[gat-train] update=980 samples=19600 fps=12.3 loss=0.1380 actor=-0.0951 value=0.2483 entropy=1.5212 mean_return=14.551 mean_len=79.0
[gat-train] update=981 samples=19620 fps=12.3 loss=43.9910 actor=4.4003 value=39.6046 entropy=1.3811 mean_return=14.573 mean_len=79.3
[gat-train] update=982 samples=19640 fps=12.3 loss=0.3768 actor=-0.0921 value=0.4838 entropy=1.4883 mean_return=14.573 mean_len=79.3
[gat-train] update=983 samples=19660 fps=12.3 loss=0.4633 actor=-0.0991 value=0.5772 entropy=1.4895 mean_return=14.573 mean_len=79.3
[gat-train] update=984 samples=19680 fps=12.3 loss=0.1248 actor=-0.1267 value=0.2646 entropy=1.3130 mean_return=14.573 mean_len=79.3
[gat-train] update=985 samples=19700 fps=12.3 loss=0.9728 actor=0.6901 value=0.2979 entropy=1.5220 mean_return=14.573 mean_len=79.3
[gat-train] update=986 samples=19720 fps=12.3 loss=60.2436 actor=6.2283 value=54.0303 entropy=1.5024 mean_return=14.591 mean_len=79.2
[gat-train] update=987 samples=19740 fps=12.3 loss=62.6321 actor=7.7719 value=54.8753 entropy=1.5110 mean_return=14.591 mean_len=79.3
[gat-train] update=988 samples=19760 fps=12.3 loss=0.6487 actor=-0.3194 value=0.9801 entropy=1.2040 mean_return=14.591 mean_len=79.3
[gat-train] update=989 samples=19780 fps=12.3 loss=0.7905 actor=0.3135 value=0.4896 entropy=1.2533 mean_return=14.591 mean_len=79.3
[gat-train] update=990 samples=19800 fps=12.3 loss=0.0845 actor=0.0061 value=0.0920 entropy=1.3604 mean_return=14.591 mean_len=79.3
[gat-train] update=991 samples=19820 fps=12.3 loss=35.1534 actor=4.6699 value=30.5000 entropy=1.6472 mean_return=14.563 mean_len=79.3
[gat-train] update=992 samples=19840 fps=12.3 loss=-0.0865 actor=-0.1771 value=0.1049 entropy=1.4313 mean_return=14.563 mean_len=79.3
[gat-train] update=993 samples=19860 fps=12.3 loss=-0.1378 actor=-0.2488 value=0.1268 entropy=1.5778 mean_return=14.563 mean_len=79.3
[gat-train] update=994 samples=19880 fps=12.3 loss=-0.3296 actor=-0.4593 value=0.1457 entropy=1.6037 mean_return=14.563 mean_len=79.3
[gat-train] update=995 samples=19900 fps=12.3 loss=-0.2405 actor=-0.4574 value=0.2338 entropy=1.6783 mean_return=14.563 mean_len=79.3
[gat-train] update=996 samples=19920 fps=12.3 loss=0.0551 actor=-0.0150 value=0.0865 entropy=1.6448 mean_return=14.563 mean_len=79.3
[gat-train] update=997 samples=19940 fps=12.3 loss=38.1389 actor=5.5530 value=32.6021 entropy=1.6154 mean_return=14.577 mean_len=79.2
[gat-train] update=998 samples=19960 fps=12.3 loss=0.6764 actor=0.2015 value=0.4911 entropy=1.6242 mean_return=14.577 mean_len=79.2
[gat-train] update=999 samples=19980 fps=12.3 loss=0.4088 actor=0.1299 value=0.2963 entropy=1.7348 mean_return=14.577 mean_len=79.2
[gat-train] update=1000 samples=20000 fps=12.3 loss=-0.1182 actor=-0.2108 value=0.1084 entropy=1.5792 mean_return=14.577 mean_len=79.2
[gat-train] eval update=1000 comp_score=91.30 best=91.61
[gat-train] update=1001 samples=20020 fps=12.3 loss=-0.5390 actor=-0.7022 value=0.1798 entropy=1.6667 mean_return=14.577 mean_len=79.2
[gat-train] update=1002 samples=20040 fps=12.3 loss=0.6857 actor=0.2544 value=0.4478 entropy=1.6468 mean_return=14.577 mean_len=79.2
[gat-train] update=1003 samples=20060 fps=12.3 loss=32.4257 actor=5.5561 value=26.8868 entropy=1.7241 mean_return=14.611 mean_len=79.3
[gat-train] update=1004 samples=20080 fps=12.3 loss=13.9635 actor=2.6740 value=11.3040 entropy=1.4454 mean_return=14.596 mean_len=79.3
[gat-train] update=1005 samples=20100 fps=12.3 loss=-0.0631 actor=-0.1311 value=0.0815 entropy=1.3490 mean_return=14.596 mean_len=79.3
[gat-train] update=1006 samples=20120 fps=12.3 loss=0.3979 actor=0.2403 value=0.1715 entropy=1.3823 mean_return=14.596 mean_len=79.3
[gat-train] update=1007 samples=20140 fps=12.3 loss=-0.1857 actor=-0.5783 value=0.4063 entropy=1.3640 mean_return=14.596 mean_len=79.3
[gat-train] update=1008 samples=20160 fps=12.3 loss=0.7074 actor=0.3293 value=0.3924 entropy=1.4307 mean_return=14.596 mean_len=79.3
[gat-train] update=1009 samples=20180 fps=12.3 loss=38.9146 actor=4.5502 value=34.3765 entropy=1.2084 mean_return=14.618 mean_len=79.4
[gat-train] update=1010 samples=20200 fps=12.3 loss=0.3027 actor=0.2761 value=0.0402 entropy=1.3642 mean_return=14.618 mean_len=79.4
[gat-train] update=1011 samples=20220 fps=12.3 loss=0.1734 actor=0.0640 value=0.1210 entropy=1.1607 mean_return=14.618 mean_len=79.4
[gat-train] update=1012 samples=20240 fps=12.3 loss=-0.1832 actor=-0.5062 value=0.3360 entropy=1.3074 mean_return=14.618 mean_len=79.4
[gat-train] update=1013 samples=20260 fps=12.3 loss=0.7010 actor=0.3960 value=0.3177 entropy=1.2626 mean_return=14.618 mean_len=79.4
[gat-train] update=1014 samples=20280 fps=12.3 loss=24.6960 actor=3.9963 value=20.7126 entropy=1.2927 mean_return=14.604 mean_len=79.3
[gat-train] update=1015 samples=20300 fps=12.3 loss=0.0099 actor=-0.0629 value=0.0856 entropy=1.2735 mean_return=14.604 mean_len=79.3
[gat-train] update=1016 samples=20320 fps=12.3 loss=0.0027 actor=-0.1653 value=0.1823 entropy=1.4320 mean_return=14.604 mean_len=79.3
[gat-train] update=1017 samples=20340 fps=12.3 loss=-0.3568 actor=-0.6556 value=0.3147 entropy=1.5892 mean_return=14.604 mean_len=79.3
[gat-train] update=1018 samples=20360 fps=12.3 loss=0.1666 actor=-0.0065 value=0.1904 entropy=1.7353 mean_return=14.604 mean_len=79.3
[gat-train] update=1019 samples=20380 fps=12.3 loss=0.7794 actor=0.4010 value=0.3931 entropy=1.4626 mean_return=14.604 mean_len=79.3
[gat-train] update=1020 samples=20400 fps=12.3 loss=0.5140 actor=0.1623 value=0.3728 entropy=2.1061 mean_return=14.604 mean_len=79.3
[gat-train] update=1021 samples=20420 fps=12.3 loss=0.1523 actor=0.0546 value=0.1185 entropy=2.0754 mean_return=14.604 mean_len=79.3
[gat-train] update=1022 samples=20440 fps=12.3 loss=58.3837 actor=9.8652 value=48.5417 entropy=2.3335 mean_return=14.656 mean_len=79.8
[gat-train] update=1023 samples=20460 fps=12.3 loss=-0.0113 actor=-0.3198 value=0.3301 entropy=2.1564 mean_return=14.656 mean_len=79.8
[gat-train] update=1024 samples=20480 fps=12.3 loss=0.2773 actor=0.1071 value=0.1916 entropy=2.1435 mean_return=14.656 mean_len=79.8
[gat-train] update=1025 samples=20500 fps=12.3 loss=0.7908 actor=0.4409 value=0.3725 entropy=2.2574 mean_return=14.656 mean_len=79.8
[gat-train] update=1026 samples=20520 fps=12.3 loss=0.0180 actor=-0.1751 value=0.2117 entropy=1.8527 mean_return=14.656 mean_len=79.8
[gat-train] update=1027 samples=20540 fps=12.3 loss=41.3657 actor=5.8648 value=35.5203 entropy=1.9378 mean_return=14.681 mean_len=80.1
[gat-train] update=1028 samples=20560 fps=12.3 loss=0.2788 actor=-0.1784 value=0.4733 entropy=1.6103 mean_return=14.681 mean_len=80.1
[gat-train] update=1029 samples=20580 fps=12.3 loss=0.4944 actor=0.1186 value=0.3895 entropy=1.3720 mean_return=14.681 mean_len=80.1
[gat-train] update=1030 samples=20600 fps=12.3 loss=0.9621 actor=0.4889 value=0.4929 entropy=1.9755 mean_return=14.681 mean_len=80.1
[gat-train] update=1031 samples=20620 fps=12.3 loss=0.1757 actor=0.0792 value=0.1103 entropy=1.3810 mean_return=14.681 mean_len=80.1
[gat-train] update=1032 samples=20640 fps=12.3 loss=26.6859 actor=4.0906 value=22.6150 entropy=1.9732 mean_return=14.694 mean_len=80.2
[gat-train] update=1033 samples=20660 fps=12.3 loss=0.3073 actor=-0.1531 value=0.4768 entropy=1.6351 mean_return=14.694 mean_len=80.2
[gat-train] update=1034 samples=20680 fps=12.3 loss=0.1544 actor=-0.0374 value=0.2061 entropy=1.4362 mean_return=14.694 mean_len=80.2
[gat-train] update=1035 samples=20700 fps=12.3 loss=-0.2817 actor=-0.7902 value=0.5256 entropy=1.7120 mean_return=14.694 mean_len=80.2
[gat-train] update=1036 samples=20720 fps=12.3 loss=0.9537 actor=0.5213 value=0.4474 entropy=1.5004 mean_return=14.694 mean_len=80.2
[gat-train] update=1037 samples=20740 fps=12.3 loss=0.7074 actor=-0.0849 value=0.8107 entropy=1.8403 mean_return=14.694 mean_len=80.2
[gat-train] update=1038 samples=20760 fps=12.3 loss=13.4451 actor=2.1101 value=11.3521 entropy=1.7052 mean_return=14.674 mean_len=80.0
[gat-train] update=1039 samples=20780 fps=12.3 loss=13.9551 actor=3.3134 value=10.6551 entropy=1.3447 mean_return=14.710 mean_len=80.1
[gat-train] update=1040 samples=20800 fps=12.3 loss=0.1676 actor=0.0366 value=0.1446 entropy=1.3557 mean_return=14.710 mean_len=80.1
[gat-train] update=1041 samples=20820 fps=12.3 loss=0.1945 actor=0.0513 value=0.1567 entropy=1.3500 mean_return=14.710 mean_len=80.1
[gat-train] update=1042 samples=20840 fps=12.3 loss=-0.3164 actor=-0.4980 value=0.1926 entropy=1.1001 mean_return=14.710 mean_len=80.1
[gat-train] update=1043 samples=20860 fps=12.3 loss=0.3249 actor=0.1096 value=0.2304 entropy=1.5054 mean_return=14.710 mean_len=80.1
[gat-train] update=1044 samples=20880 fps=12.3 loss=0.6771 actor=-0.0114 value=0.7051 entropy=1.6671 mean_return=14.710 mean_len=80.1
[gat-train] update=1045 samples=20900 fps=12.3 loss=48.9246 actor=4.1346 value=44.8064 entropy=1.6434 mean_return=14.752 mean_len=80.3
[gat-train] update=1046 samples=20920 fps=12.3 loss=-0.3571 actor=-0.6550 value=0.3126 entropy=1.4726 mean_return=14.752 mean_len=80.3
[gat-train] update=1047 samples=20940 fps=12.3 loss=0.5353 actor=0.1706 value=0.3800 entropy=1.5323 mean_return=14.752 mean_len=80.3
[gat-train] update=1048 samples=20960 fps=12.3 loss=0.3463 actor=0.0250 value=0.3352 entropy=1.3944 mean_return=14.752 mean_len=80.3
[gat-train] update=1049 samples=20980 fps=12.3 loss=37.0031 actor=5.1717 value=31.8505 entropy=1.9178 mean_return=14.773 mean_len=80.4
[gat-train] update=1050 samples=21000 fps=12.3 loss=-0.0482 actor=-0.1785 value=0.1446 entropy=1.4231 mean_return=14.773 mean_len=80.4
[gat-train] eval update=1050 comp_score=92.32 best=92.32  *NEW BEST -> PCT-best.pt*
[gat-train] update=1051 samples=21020 fps=12.3 loss=-0.1750 actor=-0.3026 value=0.1422 entropy=1.4608 mean_return=14.773 mean_len=80.4
[gat-train] update=1052 samples=21040 fps=12.3 loss=0.1040 actor=0.0578 value=0.0624 entropy=1.6129 mean_return=14.773 mean_len=80.4
[gat-train] update=1053 samples=21060 fps=12.3 loss=0.8467 actor=0.2568 value=0.6031 entropy=1.3197 mean_return=14.773 mean_len=80.4
[gat-train] update=1054 samples=21080 fps=12.3 loss=39.6943 actor=4.3867 value=35.3224 entropy=1.4820 mean_return=14.794 mean_len=80.4
[gat-train] update=1055 samples=21100 fps=12.3 loss=0.8103 actor=0.4205 value=0.4019 entropy=1.2070 mean_return=14.794 mean_len=80.4
[gat-train] update=1056 samples=21120 fps=12.3 loss=0.4471 actor=0.1372 value=0.3244 entropy=1.4534 mean_return=14.794 mean_len=80.4
[gat-train] update=1057 samples=21140 fps=12.3 loss=13.3130 actor=1.7726 value=11.5540 entropy=1.3577 mean_return=14.865 mean_len=80.6
[gat-train] update=1058 samples=21160 fps=12.3 loss=-0.1221 actor=-0.2708 value=0.1621 entropy=1.3393 mean_return=14.865 mean_len=80.6
[gat-train] update=1059 samples=21180 fps=12.3 loss=-0.0795 actor=-0.3029 value=0.2385 entropy=1.4965 mean_return=14.865 mean_len=80.6
[gat-train] update=1060 samples=21200 fps=12.3 loss=-0.1080 actor=-0.1876 value=0.0983 entropy=1.8649 mean_return=14.865 mean_len=80.6
[gat-train] update=1061 samples=21220 fps=12.3 loss=0.3880 actor=0.0003 value=0.4051 entropy=1.7331 mean_return=14.865 mean_len=80.6
[gat-train] update=1062 samples=21240 fps=12.3 loss=1.5883 actor=0.7940 value=0.8083 entropy=1.3980 mean_return=14.865 mean_len=80.6
[gat-train] update=1063 samples=21260 fps=12.3 loss=34.7110 actor=3.6125 value=31.1139 entropy=1.5445 mean_return=14.914 mean_len=80.8
[gat-train] update=1064 samples=21280 fps=12.3 loss=-0.1280 actor=-0.3214 value=0.2080 entropy=1.4524 mean_return=14.914 mean_len=80.8
[gat-train] update=1065 samples=21300 fps=12.3 loss=-0.0226 actor=-0.7100 value=0.7032 entropy=1.5816 mean_return=14.914 mean_len=80.8
[gat-train] update=1066 samples=21320 fps=12.3 loss=0.1505 actor=-0.0964 value=0.2637 entropy=1.6801 mean_return=14.914 mean_len=80.8
[gat-train] update=1067 samples=21340 fps=12.3 loss=27.1009 actor=4.3322 value=22.7863 entropy=1.7632 mean_return=14.960 mean_len=81.2
[gat-train] update=1068 samples=21360 fps=12.3 loss=-0.2325 actor=-0.4601 value=0.2389 entropy=1.1305 mean_return=14.960 mean_len=81.2
[gat-train] update=1069 samples=21380 fps=12.3 loss=0.2208 actor=0.0708 value=0.1663 entropy=1.6345 mean_return=14.960 mean_len=81.2
[gat-train] update=1070 samples=21400 fps=12.3 loss=0.8346 actor=0.4441 value=0.4108 entropy=2.0295 mean_return=14.960 mean_len=81.2
[gat-train] update=1071 samples=21420 fps=12.3 loss=0.1913 actor=-0.2991 value=0.5089 entropy=1.8513 mean_return=14.960 mean_len=81.2
[gat-train] update=1072 samples=21440 fps=12.3 loss=46.0633 actor=5.1563 value=40.9264 entropy=1.9341 mean_return=14.992 mean_len=81.2
[gat-train] update=1073 samples=21460 fps=12.3 loss=0.8467 actor=0.3786 value=0.4860 entropy=1.7869 mean_return=14.992 mean_len=81.2
[gat-train] update=1074 samples=21480 fps=12.3 loss=49.8105 actor=6.3325 value=43.4984 entropy=2.0369 mean_return=15.017 mean_len=81.5
[gat-train] update=1075 samples=21500 fps=12.3 loss=-0.1130 actor=-0.2350 value=0.1377 entropy=1.5683 mean_return=15.017 mean_len=81.5
[gat-train] update=1076 samples=21520 fps=12.3 loss=0.0997 actor=0.0344 value=0.0825 entropy=1.7176 mean_return=15.017 mean_len=81.5
[gat-train] update=1077 samples=21540 fps=12.3 loss=0.0026 actor=-0.0901 value=0.1128 entropy=2.0153 mean_return=15.017 mean_len=81.5
[gat-train] update=1078 samples=21560 fps=12.3 loss=55.4085 actor=9.0255 value=46.4054 entropy=2.2356 mean_return=15.026 mean_len=81.4
[gat-train] update=1079 samples=21580 fps=12.3 loss=0.3080 actor=-0.8814 value=1.2079 entropy=1.8476 mean_return=15.026 mean_len=81.4
[gat-train] update=1080 samples=21600 fps=12.3 loss=0.1942 actor=0.0734 value=0.1428 entropy=2.2057 mean_return=15.026 mean_len=81.4
[gat-train] update=1081 samples=21620 fps=12.3 loss=-0.2451 actor=-0.4333 value=0.2111 entropy=2.2920 mean_return=15.026 mean_len=81.4
[gat-train] update=1082 samples=21640 fps=12.3 loss=-0.8855 actor=-1.3038 value=0.4392 entropy=2.0798 mean_return=15.026 mean_len=81.4
[gat-train] update=1083 samples=21660 fps=12.3 loss=0.4575 actor=0.1569 value=0.3224 entropy=2.1826 mean_return=15.026 mean_len=81.4
[gat-train] update=1084 samples=21680 fps=12.3 loss=12.8467 actor=2.8948 value=9.9748 entropy=2.3001 mean_return=15.068 mean_len=81.5
[gat-train] update=1085 samples=21700 fps=12.3 loss=-0.0209 actor=-0.2925 value=0.2915 entropy=1.9917 mean_return=15.068 mean_len=81.5
[gat-train] update=1086 samples=21720 fps=12.3 loss=52.3017 actor=10.5760 value=41.7504 entropy=2.4778 mean_return=15.073 mean_len=81.5
[gat-train] update=1087 samples=21740 fps=12.3 loss=0.3728 actor=-0.4573 value=0.8520 entropy=2.2001 mean_return=15.073 mean_len=81.5
[gat-train] update=1088 samples=21760 fps=12.3 loss=-0.7013 actor=-0.9737 value=0.2962 entropy=2.3773 mean_return=15.073 mean_len=81.5
[gat-train] update=1089 samples=21780 fps=12.3 loss=0.0631 actor=-0.0734 value=0.1624 entropy=2.5884 mean_return=15.073 mean_len=81.5
[gat-train] update=1090 samples=21800 fps=12.3 loss=1.3355 actor=0.5885 value=0.7753 entropy=2.8310 mean_return=15.073 mean_len=81.5
[gat-train] update=1091 samples=21820 fps=12.3 loss=48.4461 actor=7.1143 value=41.3602 entropy=2.8376 mean_return=15.139 mean_len=81.7
[gat-train] update=1092 samples=21840 fps=12.3 loss=-0.4842 actor=-0.5903 value=0.1322 entropy=2.6141 mean_return=15.139 mean_len=81.7
[gat-train] update=1093 samples=21860 fps=12.3 loss=-0.5439 actor=-0.8043 value=0.2893 entropy=2.8770 mean_return=15.139 mean_len=81.7
[gat-train] update=1094 samples=21880 fps=12.3 loss=51.5644 actor=10.9486 value=40.6480 entropy=3.2221 mean_return=15.190 mean_len=81.9
[gat-train] update=1095 samples=21900 fps=12.3 loss=-0.4142 actor=-0.5787 value=0.1952 entropy=3.0768 mean_return=15.190 mean_len=81.9
[gat-train] update=1096 samples=21920 fps=12.3 loss=-0.6661 actor=-0.7195 value=0.0863 entropy=3.2996 mean_return=15.190 mean_len=81.9
[gat-train] update=1097 samples=21940 fps=12.3 loss=-0.4270 actor=-0.5652 value=0.1741 entropy=3.5938 mean_return=15.190 mean_len=81.9
[gat-train] update=1098 samples=21960 fps=12.3 loss=-1.2024 actor=-1.6826 value=0.5159 entropy=3.5748 mean_return=15.190 mean_len=81.9
[gat-train] update=1099 samples=21980 fps=12.3 loss=0.4968 actor=-0.1417 value=0.6738 entropy=3.5328 mean_return=15.190 mean_len=81.9
[gat-train] update=1100 samples=22000 fps=12.3 loss=-0.8967 actor=-1.4476 value=0.5854 entropy=3.4533 mean_return=15.190 mean_len=81.9
[gat-train] eval update=1100 comp_score=91.61 best=92.32
[gat-train] update=1101 samples=22020 fps=12.3 loss=63.9132 actor=10.2070 value=53.7407 entropy=3.4578 mean_return=15.225 mean_len=82.2
[gat-train] update=1102 samples=22040 fps=12.3 loss=2.0401 actor=0.6209 value=1.4511 entropy=3.1852 mean_return=15.225 mean_len=82.2
[gat-train] update=1103 samples=22060 fps=12.3 loss=12.2084 actor=2.7273 value=9.5145 entropy=3.3366 mean_return=15.278 mean_len=82.5
[gat-train] update=1104 samples=22080 fps=12.3 loss=-1.0949 actor=-1.8155 value=0.7561 entropy=3.5477 mean_return=15.278 mean_len=82.5
[gat-train] update=1105 samples=22100 fps=12.3 loss=2.8467 actor=2.1832 value=0.7020 entropy=3.8537 mean_return=15.278 mean_len=82.5
[gat-train] update=1106 samples=22120 fps=12.3 loss=0.7151 actor=0.3868 value=0.3650 entropy=3.6678 mean_return=15.278 mean_len=82.5
[gat-train] update=1107 samples=22140 fps=12.3 loss=-0.2217 actor=-0.4707 value=0.2808 entropy=3.1764 mean_return=15.278 mean_len=82.5
[gat-train] update=1108 samples=22160 fps=12.3 loss=23.6399 actor=3.8243 value=19.8467 entropy=3.1102 mean_return=15.293 mean_len=82.6
[gat-train] update=1109 samples=22180 fps=12.3 loss=0.6833 actor=0.4398 value=0.2754 entropy=3.1879 mean_return=15.293 mean_len=82.6
[gat-train] update=1110 samples=22200 fps=12.3 loss=12.3285 actor=2.4084 value=9.9550 entropy=3.4886 mean_return=15.289 mean_len=82.6
[gat-train] update=1111 samples=22220 fps=12.3 loss=-0.6645 actor=-1.1440 value=0.5178 entropy=3.8243 mean_return=15.289 mean_len=82.6
[gat-train] update=1112 samples=22240 fps=12.3 loss=0.1329 actor=-0.2436 value=0.4154 entropy=3.8865 mean_return=15.289 mean_len=82.6
[gat-train] update=1113 samples=22260 fps=12.3 loss=0.8425 actor=0.5572 value=0.3241 entropy=3.8769 mean_return=15.289 mean_len=82.6
[gat-train] update=1114 samples=22280 fps=12.3 loss=-1.1723 actor=-1.6984 value=0.5642 entropy=3.8111 mean_return=15.289 mean_len=82.6
[gat-train] update=1115 samples=22300 fps=12.3 loss=1.1149 actor=0.5633 value=0.5900 entropy=3.8400 mean_return=15.289 mean_len=82.6
[gat-train] update=1116 samples=22320 fps=12.3 loss=-1.0118 actor=-1.9957 value=1.0186 entropy=3.4808 mean_return=15.289 mean_len=82.6
[gat-train] update=1117 samples=22340 fps=12.3 loss=2.1003 actor=1.3637 value=0.7706 entropy=3.3927 mean_return=15.289 mean_len=82.6
[gat-train] update=1118 samples=22360 fps=12.3 loss=22.7083 actor=4.5625 value=18.1812 entropy=3.5396 mean_return=15.331 mean_len=82.9
[gat-train] update=1119 samples=22380 fps=12.3 loss=0.8969 actor=0.8162 value=0.1186 entropy=3.7788 mean_return=15.331 mean_len=82.9
[gat-train] update=1120 samples=22400 fps=12.3 loss=-0.8577 actor=-1.0269 value=0.2061 entropy=3.6881 mean_return=15.331 mean_len=82.9
[gat-train] update=1121 samples=22420 fps=12.3 loss=-0.4482 actor=-0.7782 value=0.3655 entropy=3.5464 mean_return=15.331 mean_len=82.9
[gat-train] update=1122 samples=22440 fps=12.3 loss=9.7626 actor=1.6283 value=8.1705 entropy=3.6231 mean_return=15.293 mean_len=82.7
[gat-train] update=1123 samples=22460 fps=12.3 loss=-0.1158 actor=-0.1840 value=0.1075 entropy=3.9251 mean_return=15.293 mean_len=82.7
[gat-train] update=1124 samples=22480 fps=12.3 loss=0.1388 actor=-0.0810 value=0.2564 entropy=3.6669 mean_return=15.293 mean_len=82.7
[gat-train] update=1125 samples=22500 fps=12.3 loss=54.9062 actor=9.5830 value=45.3613 entropy=3.8150 mean_return=15.281 mean_len=82.9
[gat-train] update=1126 samples=22520 fps=12.3 loss=1.6869 actor=0.3077 value=1.4159 entropy=3.6671 mean_return=15.281 mean_len=82.9
[gat-train] update=1127 samples=22540 fps=12.3 loss=-0.3032 actor=-0.4594 value=0.1963 entropy=4.0128 mean_return=15.281 mean_len=82.9
[gat-train] update=1128 samples=22560 fps=12.3 loss=0.0370 actor=-0.1288 value=0.2067 entropy=4.0856 mean_return=15.281 mean_len=82.9
[gat-train] update=1129 samples=22580 fps=12.3 loss=-1.1308 actor=-1.4444 value=0.3549 entropy=4.1269 mean_return=15.281 mean_len=82.9
[gat-train] update=1130 samples=22600 fps=12.3 loss=0.5919 actor=0.1876 value=0.4439 entropy=3.9645 mean_return=15.281 mean_len=82.9
[gat-train] update=1131 samples=22620 fps=12.3 loss=0.6386 actor=0.4210 value=0.2537 entropy=3.6145 mean_return=15.281 mean_len=82.9
[gat-train] update=1132 samples=22640 fps=12.3 loss=-0.5561 actor=-0.8307 value=0.3054 entropy=3.0761 mean_return=15.281 mean_len=82.9
[gat-train] update=1133 samples=22660 fps=12.3 loss=31.8163 actor=5.4440 value=26.4055 entropy=3.3109 mean_return=15.309 mean_len=83.2
[gat-train] update=1134 samples=22680 fps=12.3 loss=-0.5561 actor=-0.7614 value=0.2441 entropy=3.8857 mean_return=15.309 mean_len=83.2
[gat-train] update=1135 samples=22700 fps=12.3 loss=0.1711 actor=0.0889 value=0.1206 entropy=3.8429 mean_return=15.309 mean_len=83.2
[gat-train] update=1136 samples=22720 fps=12.3 loss=1.5624 actor=1.2730 value=0.3234 entropy=3.3929 mean_return=15.309 mean_len=83.2
[gat-train] update=1137 samples=22740 fps=12.3 loss=31.1544 actor=5.2521 value=25.9338 entropy=3.1503 mean_return=15.301 mean_len=83.2
[gat-train] update=1138 samples=22760 fps=12.3 loss=1.1880 actor=0.9212 value=0.3027 entropy=3.5947 mean_return=15.301 mean_len=83.2
[gat-train] update=1139 samples=22780 fps=12.3 loss=6.9715 actor=0.5899 value=6.4167 entropy=3.5044 mean_return=15.263 mean_len=82.9
[gat-train] update=1140 samples=22800 fps=12.3 loss=-0.9208 actor=-1.2823 value=0.4009 entropy=3.9418 mean_return=15.263 mean_len=82.9
[gat-train] update=1141 samples=22820 fps=12.3 loss=-0.1569 actor=-0.2796 value=0.1648 entropy=4.2001 mean_return=15.263 mean_len=82.9
[gat-train] update=1142 samples=22840 fps=12.3 loss=-1.3867 actor=-1.7463 value=0.4012 entropy=4.1669 mean_return=15.263 mean_len=82.9
[gat-train] update=1143 samples=22860 fps=12.3 loss=-1.2446 actor=-1.5953 value=0.3924 entropy=4.1640 mean_return=15.263 mean_len=82.9
[gat-train] update=1144 samples=22880 fps=12.3 loss=-0.9986 actor=-1.4615 value=0.5030 entropy=4.0082 mean_return=15.263 mean_len=82.9
[gat-train] update=1145 samples=22900 fps=12.3 loss=1.2928 actor=0.8945 value=0.4371 entropy=3.8843 mean_return=15.263 mean_len=82.9
[gat-train] update=1146 samples=22920 fps=12.3 loss=29.8858 actor=6.7584 value=23.1645 entropy=3.7081 mean_return=15.243 mean_len=82.6
[gat-train] update=1147 samples=22940 fps=12.3 loss=51.9510 actor=9.0680 value=42.9185 entropy=3.5576 mean_return=15.214 mean_len=82.5
[gat-train] update=1148 samples=22960 fps=12.3 loss=1.5815 actor=0.1277 value=1.4893 entropy=3.5422 mean_return=15.214 mean_len=82.5
[gat-train] update=1149 samples=22980 fps=12.3 loss=3.3911 actor=2.2588 value=1.1679 entropy=3.5530 mean_return=15.214 mean_len=82.5
[gat-train] update=1150 samples=23000 fps=12.3 loss=23.4855 actor=3.9016 value=19.6148 entropy=3.0955 mean_return=15.173 mean_len=82.2
[gat-train] eval update=1150 comp_score=91.61 best=92.32
[gat-train] update=1151 samples=23020 fps=12.3 loss=0.5336 actor=0.1642 value=0.4031 entropy=3.3582 mean_return=15.173 mean_len=82.2
[gat-train] update=1152 samples=23040 fps=12.3 loss=31.2167 actor=5.0109 value=26.2393 entropy=3.3472 mean_return=15.139 mean_len=82.0
[gat-train] update=1153 samples=23060 fps=12.3 loss=-0.3311 actor=-0.5333 value=0.2383 entropy=3.6097 mean_return=15.139 mean_len=82.0
[gat-train] update=1154 samples=23080 fps=12.3 loss=-0.7362 actor=-0.9794 value=0.2819 entropy=3.8760 mean_return=15.139 mean_len=82.0
[gat-train] update=1155 samples=23100 fps=12.3 loss=0.1181 actor=0.0445 value=0.1133 entropy=3.9669 mean_return=15.139 mean_len=82.0
[gat-train] update=1156 samples=23120 fps=12.3 loss=0.0504 actor=-0.4467 value=0.5365 entropy=3.9448 mean_return=15.139 mean_len=82.0
[gat-train] update=1157 samples=23140 fps=12.3 loss=-0.8631 actor=-1.3565 value=0.5326 entropy=3.9187 mean_return=15.139 mean_len=82.0
[gat-train] update=1158 samples=23160 fps=12.3 loss=-1.6727 actor=-2.4960 value=0.8615 entropy=3.8273 mean_return=15.139 mean_len=82.0
[gat-train] update=1159 samples=23180 fps=12.3 loss=0.6137 actor=-0.7478 value=1.3989 entropy=3.7377 mean_return=15.139 mean_len=82.0
[gat-train] update=1160 samples=23200 fps=12.3 loss=0.4676 actor=-0.9971 value=1.4984 entropy=3.3685 mean_return=15.139 mean_len=82.0
[gat-train] update=1161 samples=23220 fps=12.3 loss=11.2080 actor=2.7637 value=8.4755 entropy=3.1119 mean_return=15.078 mean_len=81.9
[gat-train] update=1162 samples=23240 fps=12.3 loss=26.4731 actor=3.2677 value=23.2376 entropy=3.2144 mean_return=15.009 mean_len=81.6
[gat-train] update=1163 samples=23260 fps=12.3 loss=0.2215 actor=-0.5375 value=0.7961 entropy=3.7074 mean_return=15.009 mean_len=81.6
[gat-train] update=1164 samples=23280 fps=12.3 loss=31.1902 actor=6.6396 value=24.5860 entropy=3.5307 mean_return=14.960 mean_len=81.2
[gat-train] update=1165 samples=23300 fps=12.3 loss=0.9019 actor=0.4078 value=0.5284 entropy=3.4403 mean_return=14.960 mean_len=81.2
[gat-train] update=1166 samples=23320 fps=12.3 loss=-0.6327 actor=-1.2991 value=0.6995 entropy=3.3044 mean_return=14.960 mean_len=81.2
[gat-train] update=1167 samples=23340 fps=12.3 loss=40.0215 actor=6.4855 value=33.5710 entropy=3.5042 mean_return=14.913 mean_len=81.0
[gat-train] update=1168 samples=23360 fps=12.3 loss=-0.7941 actor=-1.4851 value=0.7271 entropy=3.6096 mean_return=14.913 mean_len=81.0
[gat-train] update=1169 samples=23380 fps=12.3 loss=0.2372 actor=-0.1258 value=0.4021 entropy=3.9200 mean_return=14.913 mean_len=81.0
[gat-train] update=1170 samples=23400 fps=12.3 loss=-1.4504 actor=-2.0722 value=0.6617 entropy=3.9945 mean_return=14.913 mean_len=81.0
[gat-train] update=1171 samples=23420 fps=12.3 loss=0.4192 actor=-0.0173 value=0.4772 entropy=4.0689 mean_return=14.913 mean_len=81.0
[gat-train] update=1172 samples=23440 fps=12.3 loss=0.1073 actor=-0.5268 value=0.6732 entropy=3.9145 mean_return=14.913 mean_len=81.0
[gat-train] update=1173 samples=23460 fps=12.3 loss=-0.1624 actor=-0.6567 value=0.5316 entropy=3.7226 mean_return=14.913 mean_len=81.0
[gat-train] update=1174 samples=23480 fps=12.3 loss=0.3074 actor=-0.4252 value=0.7669 entropy=3.4357 mean_return=14.913 mean_len=81.0
[gat-train] update=1175 samples=23500 fps=12.3 loss=9.1920 actor=0.5491 value=8.6776 entropy=3.4662 mean_return=14.886 mean_len=80.8
[gat-train] update=1176 samples=23520 fps=12.3 loss=0.8921 actor=0.7076 value=0.2202 entropy=3.5668 mean_return=14.886 mean_len=80.8
[gat-train] update=1177 samples=23540 fps=12.3 loss=17.3908 actor=4.7451 value=12.6787 entropy=3.2985 mean_return=14.833 mean_len=80.4
[gat-train] update=1178 samples=23560 fps=12.3 loss=31.2585 actor=3.4293 value=27.8616 entropy=3.2478 mean_return=14.780 mean_len=80.2
[gat-train] update=1179 samples=23580 fps=12.3 loss=-0.0054 actor=-0.2760 value=0.3080 entropy=3.7423 mean_return=14.780 mean_len=80.2
[gat-train] update=1180 samples=23600 fps=12.3 loss=0.4624 actor=0.2173 value=0.2824 entropy=3.7333 mean_return=14.780 mean_len=80.2
[gat-train] update=1181 samples=23620 fps=12.3 loss=0.8263 actor=0.4877 value=0.3743 entropy=3.5657 mean_return=14.780 mean_len=80.2
[gat-train] update=1182 samples=23640 fps=12.3 loss=39.0169 actor=7.0418 value=32.0099 entropy=3.4801 mean_return=14.737 mean_len=80.0
[gat-train] update=1183 samples=23660 fps=12.3 loss=0.8488 actor=0.3635 value=0.5215 entropy=3.6175 mean_return=14.737 mean_len=80.0
[gat-train] update=1184 samples=23680 fps=12.3 loss=0.2775 actor=-0.5133 value=0.8280 entropy=3.7141 mean_return=14.737 mean_len=80.0
[gat-train] update=1185 samples=23700 fps=12.3 loss=-0.3442 actor=-0.6666 value=0.3599 entropy=3.7570 mean_return=14.737 mean_len=80.0
[gat-train] update=1186 samples=23720 fps=12.3 loss=0.0150 actor=-0.9748 value=1.0257 entropy=3.5891 mean_return=14.737 mean_len=80.0
[gat-train] update=1187 samples=23740 fps=12.3 loss=-0.4553 actor=-0.8530 value=0.4325 entropy=3.4805 mean_return=14.737 mean_len=80.0
[gat-train] update=1188 samples=23760 fps=12.3 loss=-0.5246 actor=-1.1957 value=0.7031 entropy=3.2041 mean_return=14.737 mean_len=80.0
[gat-train] update=1189 samples=23780 fps=12.3 loss=35.0111 actor=4.5625 value=30.4812 entropy=3.2535 mean_return=14.678 mean_len=79.7
[gat-train] update=1190 samples=23800 fps=12.3 loss=1.5188 actor=0.9925 value=0.5568 entropy=3.0494 mean_return=14.678 mean_len=79.7
[gat-train] update=1191 samples=23820 fps=12.3 loss=30.5419 actor=5.4811 value=25.0879 entropy=2.7174 mean_return=14.635 mean_len=79.4
[gat-train] update=1192 samples=23840 fps=12.3 loss=11.0001 actor=2.4635 value=8.5693 entropy=3.2632 mean_return=14.587 mean_len=79.2
[gat-train] update=1193 samples=23860 fps=12.3 loss=0.0463 actor=-0.0235 value=0.1073 entropy=3.7513 mean_return=14.587 mean_len=79.2
[gat-train] update=1194 samples=23880 fps=12.3 loss=0.3175 actor=0.1440 value=0.2112 entropy=3.7730 mean_return=14.587 mean_len=79.2
[gat-train] update=1195 samples=23900 fps=12.3 loss=-1.1885 actor=-1.9906 value=0.8394 entropy=3.7197 mean_return=14.587 mean_len=79.2
[gat-train] update=1196 samples=23920 fps=12.3 loss=-0.1157 actor=-0.2088 value=0.1326 entropy=3.9541 mean_return=14.587 mean_len=79.2
[gat-train] update=1197 samples=23940 fps=12.3 loss=51.8524 actor=10.1617 value=41.7294 entropy=3.8756 mean_return=14.544 mean_len=79.2
[gat-train] update=1198 samples=23960 fps=12.3 loss=-0.3425 actor=-1.2943 value=0.9870 entropy=3.5172 mean_return=14.544 mean_len=79.2
[gat-train] update=1199 samples=23980 fps=12.3 loss=-1.1033 actor=-1.3940 value=0.3293 entropy=3.8593 mean_return=14.544 mean_len=79.2
[gat-train] update=1200 samples=24000 fps=12.3 loss=-0.7857 actor=-1.2096 value=0.4621 entropy=3.8182 mean_return=14.544 mean_len=79.2
[gat-train] eval update=1200 comp_score=91.61 best=92.32
[gat-train] update=1201 samples=24020 fps=12.3 loss=0.0600 actor=-0.3976 value=0.4961 entropy=3.8499 mean_return=14.544 mean_len=79.2
[gat-train] update=1202 samples=24040 fps=12.3 loss=0.5025 actor=-2.6655 value=3.2011 entropy=3.3078 mean_return=14.544 mean_len=79.2
[gat-train] update=1203 samples=24060 fps=12.3 loss=24.2124 actor=3.7055 value=20.5398 entropy=3.2828 mean_return=14.487 mean_len=78.9
[gat-train] update=1204 samples=24080 fps=12.3 loss=-0.4452 actor=-1.3738 value=0.9596 entropy=3.0997 mean_return=14.487 mean_len=78.9
[gat-train] update=1205 samples=24100 fps=12.3 loss=19.6974 actor=3.6271 value=16.1010 entropy=3.0651 mean_return=14.425 mean_len=78.4
[gat-train] update=1206 samples=24120 fps=12.3 loss=23.5535 actor=3.8907 value=19.6954 entropy=3.2629 mean_return=14.393 mean_len=78.2
[gat-train] update=1207 samples=24140 fps=12.3 loss=-0.3251 actor=-0.5046 value=0.2161 entropy=3.6676 mean_return=14.393 mean_len=78.2
[gat-train] update=1208 samples=24160 fps=12.3 loss=1.2438 actor=0.7994 value=0.4812 entropy=3.6783 mean_return=14.393 mean_len=78.2
[gat-train] update=1209 samples=24180 fps=12.3 loss=-1.0635 actor=-2.0126 value=0.9859 entropy=3.6792 mean_return=14.393 mean_len=78.2
[gat-train] update=1210 samples=24200 fps=12.3 loss=0.4978 actor=0.0097 value=0.5261 entropy=3.7957 mean_return=14.393 mean_len=78.2
[gat-train] update=1211 samples=24220 fps=12.3 loss=2.5996 actor=1.5449 value=1.0917 entropy=3.7056 mean_return=14.393 mean_len=78.2
[gat-train] update=1212 samples=24240 fps=12.3 loss=0.5514 actor=-1.2555 value=1.8399 entropy=3.3009 mean_return=14.393 mean_len=78.2
[gat-train] update=1213 samples=24260 fps=12.3 loss=45.7229 actor=7.1644 value=38.5923 entropy=3.3862 mean_return=14.338 mean_len=77.9
[gat-train] update=1214 samples=24280 fps=12.3 loss=0.4928 actor=0.3188 value=0.2110 entropy=3.6951 mean_return=14.338 mean_len=77.9
[gat-train] update=1215 samples=24300 fps=12.3 loss=-0.3996 actor=-0.8125 value=0.4491 entropy=3.6176 mean_return=14.338 mean_len=77.9
[gat-train] update=1216 samples=24320 fps=12.3 loss=0.9881 actor=-0.9949 value=2.0148 entropy=3.1800 mean_return=14.338 mean_len=77.9
[gat-train] update=1217 samples=24340 fps=12.3 loss=47.2002 actor=9.0205 value=38.2102 entropy=3.0547 mean_return=14.302 mean_len=77.5
[gat-train] update=1218 samples=24360 fps=12.3 loss=40.2878 actor=6.2867 value=34.0293 entropy=2.8241 mean_return=14.216 mean_len=77.1
[gat-train] update=1219 samples=24380 fps=12.3 loss=1.5025 actor=0.3679 value=1.1643 entropy=2.9738 mean_return=14.216 mean_len=77.1
[gat-train] update=1220 samples=24400 fps=12.3 loss=33.1642 actor=5.3827 value=27.8127 entropy=3.1243 mean_return=14.139 mean_len=76.7
[gat-train] update=1221 samples=24420 fps=12.3 loss=0.0711 actor=0.0344 value=0.0709 entropy=3.4130 mean_return=14.139 mean_len=76.7
[gat-train] update=1222 samples=24440 fps=12.3 loss=-0.6498 actor=-0.7583 value=0.1447 entropy=3.6216 mean_return=14.139 mean_len=76.7
[gat-train] update=1223 samples=24460 fps=12.3 loss=-0.0420 actor=-0.1095 value=0.1035 entropy=3.6056 mean_return=14.139 mean_len=76.7
[gat-train] update=1224 samples=24480 fps=12.3 loss=0.4126 actor=0.2286 value=0.2204 entropy=3.6349 mean_return=14.139 mean_len=76.7
[gat-train] update=1225 samples=24500 fps=12.3 loss=0.4761 actor=-0.1863 value=0.6987 entropy=3.6299 mean_return=14.139 mean_len=76.7
[gat-train] update=1226 samples=24520 fps=12.3 loss=-0.6600 actor=-0.9514 value=0.3287 entropy=3.7215 mean_return=14.139 mean_len=76.7
[gat-train] update=1227 samples=24540 fps=12.3 loss=-1.2490 actor=-1.8353 value=0.6216 entropy=3.5321 mean_return=14.139 mean_len=76.7
[gat-train] update=1228 samples=24560 fps=12.3 loss=1.8093 actor=1.4466 value=0.3993 entropy=3.6568 mean_return=14.139 mean_len=76.7
[gat-train] update=1229 samples=24580 fps=12.3 loss=10.6049 actor=1.2552 value=9.3848 entropy=3.5076 mean_return=14.105 mean_len=76.7
[gat-train] update=1230 samples=24600 fps=12.3 loss=2.7299 actor=1.6857 value=1.0815 entropy=3.7249 mean_return=14.105 mean_len=76.7
[gat-train] update=1231 samples=24620 fps=12.3 loss=0.4712 actor=-0.8434 value=1.3485 entropy=3.3910 mean_return=14.105 mean_len=76.7
[gat-train] update=1232 samples=24640 fps=12.3 loss=60.7500 actor=11.4958 value=49.2861 entropy=3.1926 mean_return=13.975 mean_len=76.0
[gat-train] update=1233 samples=24660 fps=12.3 loss=-0.7325 actor=-1.8884 value=1.1904 entropy=3.4489 mean_return=13.975 mean_len=76.0
[gat-train] update=1234 samples=24680 fps=12.3 loss=22.9218 actor=5.7275 value=17.2303 entropy=3.6038 mean_return=13.934 mean_len=75.6
[gat-train] update=1235 samples=24700 fps=12.3 loss=-0.5252 actor=-1.0468 value=0.5589 entropy=3.7336 mean_return=13.934 mean_len=75.6
[gat-train] update=1236 samples=24720 fps=12.3 loss=-0.2481 actor=-0.4087 value=0.1997 entropy=3.9136 mean_return=13.934 mean_len=75.6
[gat-train] update=1237 samples=24740 fps=12.3 loss=0.3898 actor=-0.1401 value=0.5682 entropy=3.8334 mean_return=13.934 mean_len=75.6
[gat-train] update=1238 samples=24760 fps=12.3 loss=-1.5864 actor=-2.3221 value=0.7740 entropy=3.8311 mean_return=13.934 mean_len=75.6
[gat-train] update=1239 samples=24780 fps=12.3 loss=0.1839 actor=-0.2357 value=0.4580 entropy=3.8373 mean_return=13.934 mean_len=75.6
[gat-train] update=1240 samples=24800 fps=12.3 loss=0.9046 actor=0.4711 value=0.4700 entropy=3.6490 mean_return=13.934 mean_len=75.6
[gat-train] update=1241 samples=24820 fps=12.3 loss=-0.8733 actor=-1.4436 value=0.6073 entropy=3.6882 mean_return=13.934 mean_len=75.6
[gat-train] update=1242 samples=24840 fps=12.3 loss=-0.3229 actor=-2.1550 value=1.8685 entropy=3.6260 mean_return=13.934 mean_len=75.6
[gat-train] update=1243 samples=24860 fps=12.3 loss=0.5588 actor=-0.2673 value=0.8571 entropy=3.0939 mean_return=13.934 mean_len=75.6
[gat-train] update=1244 samples=24880 fps=12.3 loss=10.5094 actor=1.7844 value=8.7573 entropy=3.2328 mean_return=13.896 mean_len=75.4
[gat-train] update=1245 samples=24900 fps=12.3 loss=16.1222 actor=2.6972 value=13.4560 entropy=3.1091 mean_return=13.796 mean_len=74.9
[gat-train] update=1246 samples=24920 fps=12.3 loss=49.0688 actor=8.3453 value=40.7567 entropy=3.3242 mean_return=13.725 mean_len=74.6
[gat-train] update=1247 samples=24940 fps=12.3 loss=38.1579 actor=6.2193 value=31.9713 entropy=3.2611 mean_return=13.672 mean_len=74.1
[gat-train] update=1248 samples=24960 fps=12.3 loss=-0.4113 actor=-0.9611 value=0.5871 entropy=3.7272 mean_return=13.672 mean_len=74.1
[gat-train] update=1249 samples=24980 fps=12.3 loss=0.1450 actor=-0.0646 value=0.2490 entropy=3.9336 mean_return=13.672 mean_len=74.1
[gat-train] update=1250 samples=25000 fps=12.3 loss=1.1747 actor=0.8236 value=0.3916 entropy=4.0550 mean_return=13.672 mean_len=74.1
[gat-train] eval update=1250 comp_score=93.94 best=93.94  *NEW BEST -> PCT-best.pt*
[gat-train] update=1251 samples=25020 fps=12.3 loss=0.1837 actor=0.0578 value=0.1653 entropy=3.9473 mean_return=13.672 mean_len=74.1
[gat-train] update=1252 samples=25040 fps=12.3 loss=-1.3080 actor=-1.8504 value=0.5795 entropy=3.7056 mean_return=13.672 mean_len=74.1
[gat-train] update=1253 samples=25060 fps=12.3 loss=0.2610 actor=-0.0611 value=0.3599 entropy=3.7753 mean_return=13.672 mean_len=74.1
[gat-train] update=1254 samples=25080 fps=12.3 loss=-1.3520 actor=-1.8716 value=0.5581 entropy=3.8485 mean_return=13.672 mean_len=74.1
[gat-train] update=1255 samples=25100 fps=12.3 loss=0.9170 actor=0.3285 value=0.6277 entropy=3.9200 mean_return=13.672 mean_len=74.1
[gat-train] update=1256 samples=25120 fps=12.3 loss=0.3915 actor=-0.5234 value=0.9482 entropy=3.3267 mean_return=13.672 mean_len=74.1
[gat-train] update=1257 samples=25140 fps=12.3 loss=-1.0528 actor=-2.8905 value=1.8701 entropy=3.2404 mean_return=13.672 mean_len=74.1
[gat-train] update=1258 samples=25160 fps=12.3 loss=32.8590 actor=8.3088 value=24.5802 entropy=2.9988 mean_return=13.361 mean_len=73.0
[gat-train] update=1259 samples=25180 fps=12.3 loss=21.4884 actor=4.2965 value=17.2241 entropy=3.2191 mean_return=13.320 mean_len=73.0
[gat-train] update=1260 samples=25200 fps=12.3 loss=30.4934 actor=4.3758 value=26.1516 entropy=3.4014 mean_return=13.247 mean_len=72.6
[gat-train] update=1261 samples=25220 fps=12.3 loss=0.6075 actor=0.4796 value=0.1663 entropy=3.8398 mean_return=13.247 mean_len=72.6
[gat-train] update=1262 samples=25240 fps=12.3 loss=-1.3608 actor=-1.5727 value=0.2512 entropy=3.9304 mean_return=13.247 mean_len=72.6
[gat-train] update=1263 samples=25260 fps=12.3 loss=-0.8547 actor=-1.0739 value=0.2597 entropy=4.0461 mean_return=13.247 mean_len=72.6
[gat-train] update=1264 samples=25280 fps=12.3 loss=-0.2726 actor=-0.3360 value=0.1031 entropy=3.9669 mean_return=13.247 mean_len=72.6
[gat-train] update=1265 samples=25300 fps=12.3 loss=-1.0784 actor=-1.2960 value=0.2585 entropy=4.0835 mean_return=13.247 mean_len=72.6
[gat-train] update=1266 samples=25320 fps=12.3 loss=-1.1075 actor=-1.5239 value=0.4559 entropy=3.9541 mean_return=13.247 mean_len=72.6
[gat-train] update=1267 samples=25340 fps=12.3 loss=-0.0259 actor=-0.2953 value=0.3077 entropy=3.8317 mean_return=13.247 mean_len=72.6
[gat-train] update=1268 samples=25360 fps=12.3 loss=-1.5122 actor=-2.2827 value=0.8077 entropy=3.7219 mean_return=13.247 mean_len=72.6
[gat-train] update=1269 samples=25380 fps=12.3 loss=-0.4430 actor=-0.7737 value=0.3692 entropy=3.8468 mean_return=13.247 mean_len=72.6
[gat-train] update=1270 samples=25400 fps=12.3 loss=1.7855 actor=1.0582 value=0.7641 entropy=3.6775 mean_return=13.247 mean_len=72.6
[gat-train] update=1271 samples=25420 fps=12.3 loss=44.0477 actor=6.6391 value=37.4401 entropy=3.1436 mean_return=13.198 mean_len=72.5
[gat-train] update=1272 samples=25440 fps=12.3 loss=22.9962 actor=6.1638 value=16.8639 entropy=3.1446 mean_return=13.144 mean_len=72.3
[gat-train] update=1273 samples=25460 fps=12.3 loss=1.6426 actor=1.1676 value=0.5072 entropy=3.2201 mean_return=13.144 mean_len=72.3
[gat-train] update=1274 samples=25480 fps=12.3 loss=11.9897 actor=2.9022 value=9.1223 entropy=3.4844 mean_return=13.090 mean_len=72.2
[gat-train] update=1275 samples=25500 fps=12.3 loss=-0.3289 actor=-0.5675 value=0.2749 entropy=3.6258 mean_return=13.090 mean_len=72.2
[gat-train] update=1276 samples=25520 fps=12.3 loss=53.8575 actor=9.2631 value=44.6293 entropy=3.4902 mean_return=13.073 mean_len=72.0
[gat-train] update=1277 samples=25540 fps=12.3 loss=0.1483 actor=-1.3157 value=1.5003 entropy=3.6256 mean_return=13.073 mean_len=72.0
[gat-train] update=1278 samples=25560 fps=12.3 loss=0.5900 actor=0.4094 value=0.2206 entropy=3.9920 mean_return=13.073 mean_len=72.0
[gat-train] update=1279 samples=25580 fps=12.3 loss=1.3331 actor=1.0498 value=0.3224 entropy=3.9067 mean_return=13.073 mean_len=72.0
[gat-train] update=1280 samples=25600 fps=12.3 loss=1.9546 actor=0.3123 value=1.6795 entropy=3.7222 mean_return=13.073 mean_len=72.0
[gat-train] update=1281 samples=25620 fps=12.3 loss=0.7482 actor=-0.0545 value=0.8399 entropy=3.7110 mean_return=13.073 mean_len=72.0
[gat-train] update=1282 samples=25640 fps=12.3 loss=3.0098 actor=1.4207 value=1.6255 entropy=3.6405 mean_return=13.073 mean_len=72.0
[gat-train] update=1283 samples=25660 fps=12.3 loss=0.0289 actor=-0.5938 value=0.6553 entropy=3.2665 mean_return=13.073 mean_len=72.0
[gat-train] update=1284 samples=25680 fps=12.3 loss=43.6951 actor=7.6417 value=36.0866 entropy=3.3149 mean_return=13.021 mean_len=71.7
[gat-train] update=1285 samples=25700 fps=12.3 loss=1.3830 actor=-0.1981 value=1.6101 entropy=2.9016 mean_return=13.021 mean_len=71.7
[gat-train] update=1286 samples=25720 fps=12.3 loss=49.7035 actor=5.6998 value=44.0334 entropy=2.9740 mean_return=12.988 mean_len=71.5
[gat-train] update=1287 samples=25740 fps=12.4 loss=30.1990 actor=5.7619 value=24.4677 entropy=3.0579 mean_return=12.992 mean_len=71.3
[gat-train] update=1288 samples=25760 fps=12.4 loss=1.8989 actor=1.5063 value=0.4258 entropy=3.3163 mean_return=12.992 mean_len=71.3
[gat-train] update=1289 samples=25780 fps=12.4 loss=14.6469 actor=2.5914 value=12.0886 entropy=3.3077 mean_return=12.959 mean_len=70.9
[gat-train] update=1290 samples=25800 fps=12.4 loss=-0.4894 actor=-0.5440 value=0.0906 entropy=3.6013 mean_return=12.959 mean_len=70.9
[gat-train] update=1291 samples=25820 fps=12.4 loss=0.8394 actor=0.6649 value=0.2099 entropy=3.5382 mean_return=12.959 mean_len=70.9
[gat-train] update=1292 samples=25840 fps=12.4 loss=-1.3628 actor=-2.3662 value=1.0385 entropy=3.5060 mean_return=12.959 mean_len=70.9
[gat-train] update=1293 samples=25860 fps=12.4 loss=0.5521 actor=0.3107 value=0.2790 entropy=3.7629 mean_return=12.959 mean_len=70.9
[gat-train] update=1294 samples=25880 fps=12.4 loss=0.8167 actor=-0.0566 value=0.9079 entropy=3.4608 mean_return=12.959 mean_len=70.9
[gat-train] update=1295 samples=25900 fps=12.4 loss=-0.9521 actor=-1.7873 value=0.8704 entropy=3.5198 mean_return=12.959 mean_len=70.9
[gat-train] update=1296 samples=25920 fps=12.4 loss=-0.3716 actor=-0.8800 value=0.5432 entropy=3.4853 mean_return=12.959 mean_len=70.9
[gat-train] update=1297 samples=25940 fps=12.4 loss=1.4980 actor=1.1244 value=0.4068 entropy=3.3235 mean_return=12.959 mean_len=70.9
[gat-train] update=1298 samples=25960 fps=12.4 loss=0.4036 actor=-0.2064 value=0.6400 entropy=3.0033 mean_return=12.959 mean_len=70.9
[gat-train] update=1299 samples=25980 fps=12.4 loss=28.2384 actor=3.8132 value=24.4537 entropy=2.8524 mean_return=12.929 mean_len=70.9
[gat-train] update=1300 samples=26000 fps=12.4 loss=0.3267 actor=-1.0782 value=1.4330 entropy=2.8060 mean_return=12.929 mean_len=70.9
[gat-train] eval update=1300 comp_score=91.61 best=93.94
[gat-train] update=1301 samples=26020 fps=12.3 loss=54.4660 actor=10.0360 value=44.4576 entropy=2.7637 mean_return=12.913 mean_len=70.5
[gat-train] update=1302 samples=26040 fps=12.3 loss=53.8621 actor=8.1833 value=45.7094 entropy=3.0609 mean_return=12.914 mean_len=70.6
[gat-train] update=1303 samples=26060 fps=12.4 loss=1.8136 actor=0.6554 value=1.1913 entropy=3.3130 mean_return=12.914 mean_len=70.6
[gat-train] update=1304 samples=26080 fps=12.4 loss=-0.4385 actor=-0.5600 value=0.1577 entropy=3.6243 mean_return=12.914 mean_len=70.6
[gat-train] update=1305 samples=26100 fps=12.4 loss=0.0309 actor=-0.2602 value=0.3268 entropy=3.5705 mean_return=12.914 mean_len=70.6
[gat-train] update=1306 samples=26120 fps=12.4 loss=-0.6177 actor=-0.6850 value=0.1054 entropy=3.8022 mean_return=12.914 mean_len=70.6
[gat-train] update=1307 samples=26140 fps=12.4 loss=-1.2963 actor=-1.7315 value=0.4724 entropy=3.7196 mean_return=12.914 mean_len=70.6
[gat-train] update=1308 samples=26160 fps=12.4 loss=0.1821 actor=-0.2237 value=0.4432 entropy=3.7418 mean_return=12.914 mean_len=70.6
[gat-train] update=1309 samples=26180 fps=12.4 loss=1.3814 actor=0.3031 value=1.1171 entropy=3.8750 mean_return=12.914 mean_len=70.6
[gat-train] update=1310 samples=26200 fps=12.4 loss=-1.4495 actor=-2.1551 value=0.7429 entropy=3.7377 mean_return=12.914 mean_len=70.6
[gat-train] update=1311 samples=26220 fps=12.4 loss=-0.4518 actor=-1.3182 value=0.9048 entropy=3.8359 mean_return=12.914 mean_len=70.6
[gat-train] update=1312 samples=26240 fps=12.4 loss=1.0420 actor=0.4999 value=0.5802 entropy=3.8171 mean_return=12.914 mean_len=70.6
[gat-train] update=1313 samples=26260 fps=12.3 loss=2.7858 actor=1.5151 value=1.3049 entropy=3.4131 mean_return=12.914 mean_len=70.6
[gat-train] update=1314 samples=26280 fps=12.4 loss=20.5708 actor=4.3169 value=16.2810 entropy=2.7050 mean_return=12.912 mean_len=70.6
[gat-train] update=1315 samples=26300 fps=12.4 loss=9.9786 actor=2.1512 value=7.8561 entropy=2.8733 mean_return=12.879 mean_len=70.4
[gat-train] update=1316 samples=26320 fps=12.4 loss=0.1241 actor=-0.6803 value=0.8344 entropy=2.9976 mean_return=12.879 mean_len=70.4
[gat-train] update=1317 samples=26340 fps=12.4 loss=68.3645 actor=10.3151 value=58.0770 entropy=2.7687 mean_return=12.930 mean_len=70.8
[gat-train] update=1318 samples=26360 fps=12.4 loss=0.0878 actor=0.0515 value=0.0692 entropy=3.2861 mean_return=12.930 mean_len=70.8
[gat-train] update=1319 samples=26380 fps=12.4 loss=-0.8501 actor=-1.0063 value=0.1922 entropy=3.6043 mean_return=12.930 mean_len=70.8
[gat-train] update=1320 samples=26400 fps=12.4 loss=1.9660 actor=1.5856 value=0.4160 entropy=3.5552 mean_return=12.930 mean_len=70.8
[gat-train] update=1321 samples=26420 fps=12.4 loss=0.0091 actor=-0.1661 value=0.2106 entropy=3.5486 mean_return=12.930 mean_len=70.8
[gat-train] update=1322 samples=26440 fps=12.4 loss=0.0130 actor=-0.0251 value=0.0748 entropy=3.6652 mean_return=12.930 mean_len=70.8
[gat-train] update=1323 samples=26460 fps=12.4 loss=0.0558 actor=-0.5593 value=0.6512 entropy=3.6054 mean_return=12.930 mean_len=70.8
[gat-train] update=1324 samples=26480 fps=12.4 loss=3.6968 actor=2.3494 value=1.3841 entropy=3.6659 mean_return=12.930 mean_len=70.8
[gat-train] update=1325 samples=26500 fps=12.4 loss=1.1395 actor=0.6059 value=0.5669 entropy=3.3304 mean_return=12.930 mean_len=70.8
[gat-train] update=1326 samples=26520 fps=12.4 loss=-1.3249 actor=-2.9566 value=1.6672 entropy=3.5544 mean_return=12.930 mean_len=70.8
[gat-train] update=1327 samples=26540 fps=12.4 loss=-0.0387 actor=-0.2942 value=0.2919 entropy=3.6341 mean_return=12.930 mean_len=70.8
[gat-train] update=1328 samples=26560 fps=12.4 loss=1.2777 actor=0.5698 value=0.7408 entropy=3.2886 mean_return=12.930 mean_len=70.8
[gat-train] update=1329 samples=26580 fps=12.4 loss=48.9464 actor=8.5464 value=40.4299 entropy=2.9822 mean_return=12.943 mean_len=70.8
[gat-train] update=1330 samples=26600 fps=12.4 loss=13.5123 actor=2.6455 value=10.8963 entropy=2.9462 mean_return=12.986 mean_len=71.1
[gat-train] update=1331 samples=26620 fps=12.4 loss=47.6115 actor=9.9174 value=37.7264 entropy=3.2286 mean_return=12.998 mean_len=71.2
[gat-train] update=1332 samples=26640 fps=12.4 loss=2.2197 actor=1.0723 value=1.1748 entropy=2.7346 mean_return=12.998 mean_len=71.2
[gat-train] update=1333 samples=26660 fps=12.4 loss=10.5535 actor=2.5314 value=8.0528 entropy=3.0667 mean_return=13.047 mean_len=71.3
[gat-train] update=1334 samples=26680 fps=12.4 loss=1.8953 actor=1.4314 value=0.4991 entropy=3.5246 mean_return=13.047 mean_len=71.3
[gat-train] update=1335 samples=26700 fps=12.4 loss=-0.4892 actor=-0.6333 value=0.1781 entropy=3.3964 mean_return=13.047 mean_len=71.3
[gat-train] update=1336 samples=26720 fps=12.4 loss=-0.5162 actor=-0.6119 value=0.1317 entropy=3.6021 mean_return=13.047 mean_len=71.3
[gat-train] update=1337 samples=26740 fps=12.4 loss=-1.0964 actor=-1.2110 value=0.1526 entropy=3.7942 mean_return=13.047 mean_len=71.3
[gat-train] update=1338 samples=26760 fps=12.4 loss=-0.7593 actor=-1.2652 value=0.5435 entropy=3.7570 mean_return=13.047 mean_len=71.3
[gat-train] update=1339 samples=26780 fps=12.4 loss=-0.6139 actor=-0.8682 value=0.2921 entropy=3.7751 mean_return=13.047 mean_len=71.3
[gat-train] update=1340 samples=26800 fps=12.4 loss=-1.7004 actor=-2.5462 value=0.8825 entropy=3.6681 mean_return=13.047 mean_len=71.3
[gat-train] update=1341 samples=26820 fps=12.4 loss=1.1835 actor=0.6709 value=0.5493 entropy=3.6797 mean_return=13.047 mean_len=71.3
[gat-train] update=1342 samples=26840 fps=12.4 loss=-0.8439 actor=-1.7265 value=0.9188 entropy=3.6091 mean_return=13.047 mean_len=71.3
[gat-train] update=1343 samples=26860 fps=12.4 loss=1.6575 actor=1.1819 value=0.5123 entropy=3.6679 mean_return=13.047 mean_len=71.3
[gat-train] update=1344 samples=26880 fps=12.4 loss=36.5671 actor=6.9932 value=29.6057 entropy=3.1752 mean_return=13.067 mean_len=71.3
[gat-train] update=1345 samples=26900 fps=12.4 loss=0.6126 actor=-0.6376 value=1.2789 entropy=2.8769 mean_return=13.067 mean_len=71.3
[gat-train] update=1346 samples=26920 fps=12.4 loss=81.6730 actor=13.6190 value=68.0799 entropy=2.5956 mean_return=13.091 mean_len=71.4
[gat-train] update=1347 samples=26940 fps=12.4 loss=30.1973 actor=3.5631 value=26.6627 entropy=2.8522 mean_return=13.112 mean_len=71.6
[gat-train] update=1348 samples=26960 fps=12.4 loss=0.1614 actor=0.0508 value=0.1459 entropy=3.5232 mean_return=13.112 mean_len=71.6
[gat-train] update=1349 samples=26980 fps=12.4 loss=0.6466 actor=0.5742 value=0.1099 entropy=3.7575 mean_return=13.112 mean_len=71.6
[gat-train] update=1350 samples=27000 fps=12.4 loss=-0.3302 actor=-0.3891 value=0.0973 entropy=3.8364 mean_return=13.112 mean_len=71.6
[gat-train] eval update=1350 comp_score=91.61 best=93.94
[gat-train] update=1351 samples=27020 fps=12.4 loss=-0.6647 actor=-0.7073 value=0.0819 entropy=3.9315 mean_return=13.112 mean_len=71.6
[gat-train] update=1352 samples=27040 fps=12.4 loss=0.2314 actor=-0.0612 value=0.3325 entropy=3.9893 mean_return=13.112 mean_len=71.6
[gat-train] update=1353 samples=27060 fps=12.4 loss=-0.9598 actor=-1.7200 value=0.7987 entropy=3.8454 mean_return=13.112 mean_len=71.6
[gat-train] update=1354 samples=27080 fps=12.4 loss=-0.1867 actor=-1.4737 value=1.3251 entropy=3.8079 mean_return=13.112 mean_len=71.6
[gat-train] update=1355 samples=27100 fps=12.4 loss=-1.1572 actor=-2.1258 value=1.0076 entropy=3.9042 mean_return=13.112 mean_len=71.6
[gat-train] update=1356 samples=27120 fps=12.4 loss=-0.8571 actor=-1.9017 value=1.0828 entropy=3.8192 mean_return=13.112 mean_len=71.6
[gat-train] update=1357 samples=27140 fps=12.4 loss=3.7324 actor=1.9055 value=1.8626 entropy=3.5720 mean_return=13.112 mean_len=71.6
[gat-train] update=1358 samples=27160 fps=12.4 loss=0.3322 actor=-0.6794 value=1.0423 entropy=3.0776 mean_return=13.112 mean_len=71.6
[gat-train] update=1359 samples=27180 fps=12.4 loss=78.2103 actor=14.0261 value=64.2131 entropy=2.8908 mean_return=13.106 mean_len=71.5
[gat-train] update=1360 samples=27200 fps=12.4 loss=0.3106 actor=0.1342 value=0.2082 entropy=3.1715 mean_return=13.106 mean_len=71.5
[gat-train] update=1361 samples=27220 fps=12.4 loss=18.9354 actor=2.4558 value=16.5118 entropy=3.2221 mean_return=13.092 mean_len=71.5
[gat-train] update=1362 samples=27240 fps=12.4 loss=1.9124 actor=1.3361 value=0.6103 entropy=3.3932 mean_return=13.092 mean_len=71.5
[gat-train] update=1363 samples=27260 fps=12.4 loss=11.4580 actor=3.4722 value=8.0209 entropy=3.5177 mean_return=13.106 mean_len=71.6
[gat-train] update=1364 samples=27280 fps=12.4 loss=-0.4166 actor=-0.5639 value=0.1841 entropy=3.6806 mean_return=13.106 mean_len=71.6
[gat-train] update=1365 samples=27300 fps=12.4 loss=0.4460 actor=-0.0038 value=0.4863 entropy=3.6439 mean_return=13.106 mean_len=71.6
[gat-train] update=1366 samples=27320 fps=12.4 loss=-1.2411 actor=-1.7177 value=0.5146 entropy=3.7978 mean_return=13.106 mean_len=71.6
[gat-train] update=1367 samples=27340 fps=12.4 loss=2.4511 actor=1.8511 value=0.6396 entropy=3.9618 mean_return=13.106 mean_len=71.6
[gat-train] update=1368 samples=27360 fps=12.4 loss=0.9068 actor=0.2834 value=0.6630 entropy=3.9602 mean_return=13.106 mean_len=71.6
[gat-train] update=1369 samples=27380 fps=12.4 loss=0.0224 actor=-0.3991 value=0.4597 entropy=3.8219 mean_return=13.106 mean_len=71.6
[gat-train] update=1370 samples=27400 fps=12.4 loss=21.0690 actor=3.8769 value=17.2288 entropy=3.6658 mean_return=13.068 mean_len=71.3
[gat-train] update=1371 samples=27420 fps=12.4 loss=0.3647 actor=0.2276 value=0.1755 entropy=3.8387 mean_return=13.068 mean_len=71.3
[gat-train] update=1372 samples=27440 fps=12.4 loss=0.8535 actor=-0.1265 value=1.0180 entropy=3.8010 mean_return=13.068 mean_len=71.3
[gat-train] update=1373 samples=27460 fps=12.4 loss=2.9540 actor=0.8247 value=2.1662 entropy=3.6831 mean_return=13.068 mean_len=71.3
[gat-train] update=1374 samples=27480 fps=12.4 loss=27.7410 actor=6.8689 value=20.9076 entropy=3.5387 mean_return=13.068 mean_len=71.1
[gat-train] update=1375 samples=27500 fps=12.4 loss=1.3862 actor=1.0923 value=0.3312 entropy=3.7343 mean_return=13.068 mean_len=71.1
[gat-train] update=1376 samples=27520 fps=12.4 loss=-0.5275 actor=-1.0381 value=0.5458 entropy=3.5216 mean_return=13.068 mean_len=71.1
[gat-train] update=1377 samples=27540 fps=12.4 loss=-0.6455 actor=-0.9176 value=0.3065 entropy=3.4379 mean_return=13.068 mean_len=71.1
[gat-train] update=1378 samples=27560 fps=12.4 loss=9.9741 actor=1.2880 value=8.7246 entropy=3.8388 mean_return=13.077 mean_len=71.2
[gat-train] update=1379 samples=27580 fps=12.4 loss=-1.4512 actor=-1.6562 value=0.2451 entropy=4.0129 mean_return=13.077 mean_len=71.2
[gat-train] update=1380 samples=27600 fps=12.4 loss=-0.0501 actor=-0.3166 value=0.3084 entropy=4.1951 mean_return=13.077 mean_len=71.2
[gat-train] update=1381 samples=27620 fps=12.4 loss=0.0925 actor=-0.3415 value=0.4734 entropy=3.9491 mean_return=13.077 mean_len=71.2
[gat-train] update=1382 samples=27640 fps=12.4 loss=-0.0304 actor=-0.3074 value=0.3164 entropy=3.9369 mean_return=13.077 mean_len=71.2
[gat-train] update=1383 samples=27660 fps=12.4 loss=-1.4959 actor=-1.9695 value=0.5132 entropy=3.9726 mean_return=13.077 mean_len=71.2
[gat-train] update=1384 samples=27680 fps=12.4 loss=34.0151 actor=5.6420 value=28.4104 entropy=3.7311 mean_return=13.073 mean_len=71.2
[gat-train] update=1385 samples=27700 fps=12.4 loss=0.5388 actor=0.2197 value=0.3567 entropy=3.7581 mean_return=13.073 mean_len=71.2
[gat-train] update=1386 samples=27720 fps=12.4 loss=3.0114 actor=1.8000 value=1.2510 entropy=3.9643 mean_return=13.073 mean_len=71.2
[gat-train] update=1387 samples=27740 fps=12.4 loss=-0.3501 actor=-1.3387 value=1.0216 entropy=3.3083 mean_return=13.073 mean_len=71.2
[gat-train] update=1388 samples=27760 fps=12.4 loss=61.8047 actor=12.6761 value=49.1615 entropy=3.3020 mean_return=13.049 mean_len=71.1
[gat-train] update=1389 samples=27780 fps=12.4 loss=0.4208 actor=0.1661 value=0.2904 entropy=3.5765 mean_return=13.049 mean_len=71.1
[gat-train] update=1390 samples=27800 fps=12.4 loss=0.3260 actor=0.1627 value=0.2004 entropy=3.7092 mean_return=13.049 mean_len=71.1
[gat-train] update=1391 samples=27820 fps=12.4 loss=-0.5018 actor=-1.3268 value=0.8599 entropy=3.4940 mean_return=13.049 mean_len=71.1
[gat-train] update=1392 samples=27840 fps=12.4 loss=0.0117 actor=-0.1609 value=0.2085 entropy=3.5924 mean_return=13.049 mean_len=71.1
[gat-train] update=1393 samples=27860 fps=12.4 loss=21.2027 actor=3.3174 value=17.9206 entropy=3.5166 mean_return=13.042 mean_len=71.2
[gat-train] update=1394 samples=27880 fps=12.4 loss=-0.3078 actor=-0.5406 value=0.2714 entropy=3.8577 mean_return=13.042 mean_len=71.2
[gat-train] update=1395 samples=27900 fps=12.4 loss=-0.7774 actor=-1.3400 value=0.6000 entropy=3.7415 mean_return=13.042 mean_len=71.2
[gat-train] update=1396 samples=27920 fps=12.4 loss=-0.3503 actor=-0.3924 value=0.0814 entropy=3.9352 mean_return=13.042 mean_len=71.2
[gat-train] update=1397 samples=27940 fps=12.4 loss=-0.5612 actor=-0.9427 value=0.4194 entropy=3.7947 mean_return=13.042 mean_len=71.2
[gat-train] update=1398 samples=27960 fps=12.4 loss=0.9708 actor=0.1708 value=0.8380 entropy=3.7988 mean_return=13.042 mean_len=71.2
[gat-train] update=1399 samples=27980 fps=12.4 loss=9.5908 actor=1.5541 value=8.0741 entropy=3.7405 mean_return=13.067 mean_len=71.2
[gat-train] update=1400 samples=28000 fps=12.4 loss=-0.6498 actor=-0.9626 value=0.3499 entropy=3.7065 mean_return=13.067 mean_len=71.2
[gat-train] eval update=1400 comp_score=91.61 best=93.94
[gat-train] update=1401 samples=28020 fps=12.4 loss=-0.3873 actor=-0.6219 value=0.2727 entropy=3.8106 mean_return=13.067 mean_len=71.2
[gat-train] update=1402 samples=28040 fps=12.4 loss=34.3653 actor=5.4838 value=28.9176 entropy=3.6075 mean_return=13.063 mean_len=71.2
[gat-train] update=1403 samples=28060 fps=12.4 loss=2.5295 actor=1.9962 value=0.5683 entropy=3.5013 mean_return=13.063 mean_len=71.2
[gat-train] update=1404 samples=28080 fps=12.4 loss=0.6793 actor=0.2198 value=0.4917 entropy=3.2233 mean_return=13.063 mean_len=71.2
[gat-train] update=1405 samples=28100 fps=12.4 loss=24.4626 actor=4.3456 value=20.1507 entropy=3.3730 mean_return=13.093 mean_len=71.4
[gat-train] update=1406 samples=28120 fps=12.4 loss=-0.5484 actor=-1.7307 value=1.2190 entropy=3.6675 mean_return=13.093 mean_len=71.4
[gat-train] update=1407 samples=28140 fps=12.4 loss=-0.4598 actor=-1.9079 value=1.4833 entropy=3.5140 mean_return=13.093 mean_len=71.4
[gat-train] update=1408 samples=28160 fps=12.4 loss=34.3951 actor=7.5598 value=26.8723 entropy=3.6931 mean_return=13.082 mean_len=71.5
[gat-train] update=1409 samples=28180 fps=12.4 loss=-0.8900 actor=-1.6211 value=0.7688 entropy=3.7626 mean_return=13.082 mean_len=71.5
[gat-train] update=1410 samples=28200 fps=12.4 loss=1.5873 actor=1.1475 value=0.4787 entropy=3.8941 mean_return=13.082 mean_len=71.5
[gat-train] update=1411 samples=28220 fps=12.4 loss=-0.4866 actor=-0.7842 value=0.3349 entropy=3.7229 mean_return=13.082 mean_len=71.5
[gat-train] update=1412 samples=28240 fps=12.4 loss=0.5092 actor=-0.0075 value=0.5527 entropy=3.6001 mean_return=13.082 mean_len=71.5
[gat-train] update=1413 samples=28260 fps=12.4 loss=30.8714 actor=6.2376 value=24.6670 entropy=3.3282 mean_return=13.101 mean_len=71.5
[gat-train] update=1414 samples=28280 fps=12.4 loss=1.5445 actor=0.3230 value=1.2570 entropy=3.5451 mean_return=13.101 mean_len=71.5
[gat-train] update=1415 samples=28300 fps=12.4 loss=2.0810 actor=0.4373 value=1.6802 entropy=3.6489 mean_return=13.101 mean_len=71.5
[gat-train] update=1416 samples=28320 fps=12.4 loss=-0.1529 actor=-0.6608 value=0.5445 entropy=3.6616 mean_return=13.101 mean_len=71.5
[gat-train] update=1417 samples=28340 fps=12.4 loss=0.9357 actor=0.3182 value=0.6520 entropy=3.4563 mean_return=13.101 mean_len=71.5
[gat-train] update=1418 samples=28360 fps=12.4 loss=32.2291 actor=4.9801 value=27.2792 entropy=3.0142 mean_return=13.104 mean_len=71.7
[gat-train] update=1419 samples=28380 fps=12.4 loss=10.9877 actor=1.9790 value=9.0440 entropy=3.5387 mean_return=13.083 mean_len=71.6
[gat-train] update=1420 samples=28400 fps=12.4 loss=-0.7152 actor=-2.1584 value=1.4809 entropy=3.7672 mean_return=13.083 mean_len=71.6
[gat-train] update=1421 samples=28420 fps=12.4 loss=3.2269 actor=2.0562 value=1.2107 entropy=4.0045 mean_return=13.083 mean_len=71.6
[gat-train] update=1422 samples=28440 fps=12.4 loss=0.2828 actor=0.0487 value=0.2699 entropy=3.5879 mean_return=13.083 mean_len=71.6
[gat-train] update=1423 samples=28460 fps=12.4 loss=12.1756 actor=3.8529 value=8.3592 entropy=3.6496 mean_return=13.103 mean_len=71.8
[gat-train] update=1424 samples=28480 fps=12.4 loss=2.0957 actor=0.9992 value=1.1332 entropy=3.6682 mean_return=13.103 mean_len=71.8
[gat-train] update=1425 samples=28500 fps=12.4 loss=33.6948 actor=6.1330 value=27.5972 entropy=3.5309 mean_return=13.076 mean_len=71.6
[gat-train] update=1426 samples=28520 fps=12.4 loss=0.6785 actor=-0.8541 value=1.5686 entropy=3.5986 mean_return=13.076 mean_len=71.6
[gat-train] update=1427 samples=28540 fps=12.4 loss=-0.3095 actor=-0.8051 value=0.5345 entropy=3.9008 mean_return=13.076 mean_len=71.6
[gat-train] update=1428 samples=28560 fps=12.4 loss=2.2442 actor=1.6104 value=0.6741 entropy=4.0222 mean_return=13.076 mean_len=71.6
[gat-train] update=1429 samples=28580 fps=12.4 loss=-1.6740 actor=-2.3058 value=0.6710 entropy=3.9174 mean_return=13.076 mean_len=71.6
[gat-train] update=1430 samples=28600 fps=12.4 loss=2.5613 actor=1.9977 value=0.6033 entropy=3.9679 mean_return=13.076 mean_len=71.6
[gat-train] update=1431 samples=28620 fps=12.4 loss=0.3931 actor=-0.5413 value=0.9713 entropy=3.6791 mean_return=13.076 mean_len=71.6
[gat-train] update=1432 samples=28640 fps=12.4 loss=4.6774 actor=2.3729 value=2.3406 entropy=3.6052 mean_return=13.076 mean_len=71.6
[gat-train] update=1433 samples=28660 fps=12.4 loss=18.7415 actor=2.2941 value=16.4781 entropy=3.0588 mean_return=13.066 mean_len=71.7
[gat-train] update=1434 samples=28680 fps=12.4 loss=39.4094 actor=5.7139 value=33.7281 entropy=3.2568 mean_return=13.302 mean_len=72.2
[gat-train] update=1435 samples=28700 fps=12.4 loss=-0.9651 actor=-1.2816 value=0.3507 entropy=3.4226 mean_return=13.302 mean_len=72.2
[gat-train] update=1436 samples=28720 fps=12.4 loss=0.0879 actor=-0.5270 value=0.6481 entropy=3.3152 mean_return=13.302 mean_len=72.2
[gat-train] update=1437 samples=28740 fps=12.4 loss=0.4766 actor=0.1116 value=0.3989 entropy=3.3891 mean_return=13.302 mean_len=72.2
[gat-train] update=1438 samples=28760 fps=12.4 loss=12.2105 actor=3.4514 value=8.7930 entropy=3.3938 mean_return=13.297 mean_len=72.4
[gat-train] update=1439 samples=28780 fps=12.4 loss=1.4364 actor=1.1331 value=0.3373 entropy=3.3961 mean_return=13.297 mean_len=72.4
[gat-train] update=1440 samples=28800 fps=12.4 loss=45.4672 actor=8.3585 value=37.1392 entropy=3.0484 mean_return=13.318 mean_len=72.3
[gat-train] update=1441 samples=28820 fps=12.4 loss=-0.0304 actor=-1.3004 value=1.2978 entropy=2.7883 mean_return=13.318 mean_len=72.3
[gat-train] update=1442 samples=28840 fps=12.4 loss=-0.6247 actor=-0.9887 value=0.3992 entropy=3.5121 mean_return=13.318 mean_len=72.3
[gat-train] update=1443 samples=28860 fps=12.4 loss=0.5997 actor=0.0201 value=0.6133 entropy=3.3658 mean_return=13.318 mean_len=72.3
[gat-train] update=1444 samples=28880 fps=12.4 loss=-0.5951 actor=-1.1108 value=0.5491 entropy=3.3269 mean_return=13.318 mean_len=72.3
[gat-train] update=1445 samples=28900 fps=12.4 loss=46.3450 actor=10.0243 value=36.3565 entropy=3.5819 mean_return=13.331 mean_len=72.3
[gat-train] update=1446 samples=28920 fps=12.4 loss=0.7764 actor=-0.3426 value=1.1497 entropy=3.0738 mean_return=13.331 mean_len=72.3
[gat-train] update=1447 samples=28940 fps=12.4 loss=-0.7024 actor=-1.1472 value=0.4775 entropy=3.2634 mean_return=13.331 mean_len=72.3
[gat-train] update=1448 samples=28960 fps=12.4 loss=27.2030 actor=3.4537 value=23.7811 entropy=3.1846 mean_return=13.335 mean_len=72.3
[gat-train] update=1449 samples=28980 fps=12.4 loss=0.2310 actor=-0.0564 value=0.3202 entropy=3.2816 mean_return=13.335 mean_len=72.3
[gat-train] update=1450 samples=29000 fps=12.4 loss=-0.8170 actor=-1.4237 value=0.6404 entropy=3.3605 mean_return=13.335 mean_len=72.3
[gat-train] eval update=1450 comp_score=89.26 best=93.94
[gat-train] update=1451 samples=29020 fps=12.4 loss=0.4377 actor=0.0877 value=0.3834 entropy=3.3394 mean_return=13.335 mean_len=72.3
[gat-train] update=1452 samples=29040 fps=12.4 loss=27.6075 actor=6.9054 value=20.7324 entropy=3.0288 mean_return=13.332 mean_len=72.1
[gat-train] update=1453 samples=29060 fps=12.4 loss=-0.0357 actor=-0.3885 value=0.3812 entropy=2.8480 mean_return=13.332 mean_len=72.1
[gat-train] update=1454 samples=29080 fps=12.4 loss=52.0850 actor=10.3697 value=41.7446 entropy=2.9400 mean_return=13.383 mean_len=72.3
[gat-train] update=1455 samples=29100 fps=12.4 loss=0.1396 actor=-0.0165 value=0.1826 entropy=2.6432 mean_return=13.383 mean_len=72.3
[gat-train] update=1456 samples=29120 fps=12.4 loss=-0.0902 actor=-0.2362 value=0.1734 entropy=2.7395 mean_return=13.383 mean_len=72.3
[gat-train] update=1457 samples=29140 fps=12.4 loss=-0.4033 actor=-0.5082 value=0.1343 entropy=2.9377 mean_return=13.383 mean_len=72.3
[gat-train] update=1458 samples=29160 fps=12.4 loss=3.0459 actor=2.1536 value=0.9232 entropy=3.0849 mean_return=13.383 mean_len=72.3
[gat-train] update=1459 samples=29180 fps=12.4 loss=0.0665 actor=-1.3861 value=1.4833 entropy=3.0719 mean_return=13.383 mean_len=72.3
[gat-train] update=1460 samples=29200 fps=12.4 loss=0.4886 actor=0.1804 value=0.3357 entropy=2.7572 mean_return=13.383 mean_len=72.3
[gat-train] update=1461 samples=29220 fps=12.4 loss=19.2595 actor=2.9571 value=16.3315 entropy=2.9137 mean_return=13.368 mean_len=72.2
[gat-train] update=1462 samples=29240 fps=12.4 loss=0.6054 actor=0.2962 value=0.3387 entropy=2.9597 mean_return=13.368 mean_len=72.2
[gat-train] update=1463 samples=29260 fps=12.4 loss=38.5188 actor=5.7346 value=32.8138 entropy=2.9629 mean_return=13.412 mean_len=72.4
[gat-train] update=1464 samples=29280 fps=12.4 loss=2.1189 actor=1.4454 value=0.7038 entropy=3.0307 mean_return=13.412 mean_len=72.4
[gat-train] update=1465 samples=29300 fps=12.4 loss=-0.0218 actor=-3.0066 value=3.0157 entropy=3.0911 mean_return=13.412 mean_len=72.4
[gat-train] update=1466 samples=29320 fps=12.4 loss=0.0472 actor=-0.1566 value=0.2360 entropy=3.2217 mean_return=13.412 mean_len=72.4
[gat-train] update=1467 samples=29340 fps=12.4 loss=0.3795 actor=0.1419 value=0.2696 entropy=3.1979 mean_return=13.412 mean_len=72.4
[gat-train] update=1468 samples=29360 fps=12.4 loss=28.5099 actor=4.6283 value=23.9115 entropy=2.9894 mean_return=13.434 mean_len=72.5
[gat-train] update=1469 samples=29380 fps=12.4 loss=1.7007 actor=1.2462 value=0.4865 entropy=3.1949 mean_return=13.434 mean_len=72.5
[gat-train] update=1470 samples=29400 fps=12.4 loss=49.3339 actor=8.5466 value=40.8193 entropy=3.1946 mean_return=13.462 mean_len=72.8
[gat-train] update=1471 samples=29420 fps=12.4 loss=-0.3012 actor=-1.7662 value=1.4942 entropy=2.9252 mean_return=13.462 mean_len=72.8
[gat-train] update=1472 samples=29440 fps=12.4 loss=-0.1447 actor=-0.3606 value=0.2488 entropy=3.3003 mean_return=13.462 mean_len=72.8
[gat-train] update=1473 samples=29460 fps=12.4 loss=0.4007 actor=-0.0215 value=0.4548 entropy=3.2572 mean_return=13.462 mean_len=72.8
[gat-train] update=1474 samples=29480 fps=12.4 loss=-0.2162 actor=-0.5013 value=0.3173 entropy=3.2204 mean_return=13.462 mean_len=72.8
[gat-train] update=1475 samples=29500 fps=12.4 loss=-1.2579 actor=-2.0241 value=0.7986 entropy=3.2480 mean_return=13.462 mean_len=72.8
[gat-train] update=1476 samples=29520 fps=12.4 loss=2.8096 actor=1.8529 value=0.9897 entropy=3.3060 mean_return=13.462 mean_len=72.8
[gat-train] update=1477 samples=29540 fps=12.4 loss=57.9425 actor=10.9461 value=47.0299 entropy=3.3494 mean_return=13.528 mean_len=73.2
[gat-train] update=1478 samples=29560 fps=12.4 loss=1.8648 actor=0.1973 value=1.6978 entropy=3.0274 mean_return=13.528 mean_len=73.2
[gat-train] update=1479 samples=29580 fps=12.4 loss=0.3435 actor=0.0461 value=0.3288 entropy=3.1343 mean_return=13.528 mean_len=73.2
[gat-train] update=1480 samples=29600 fps=12.4 loss=44.1352 actor=6.3903 value=37.7763 entropy=3.1445 mean_return=13.567 mean_len=73.5
[gat-train] update=1481 samples=29620 fps=12.4 loss=-0.0006 actor=-0.1289 value=0.1617 entropy=3.3468 mean_return=13.567 mean_len=73.5
[gat-train] update=1482 samples=29640 fps=12.4 loss=0.1342 actor=-0.3847 value=0.5498 entropy=3.0890 mean_return=13.567 mean_len=73.5
[gat-train] update=1483 samples=29660 fps=12.4 loss=29.3677 actor=6.5474 value=22.8507 entropy=3.0401 mean_return=13.595 mean_len=73.6
[gat-train] update=1484 samples=29680 fps=12.4 loss=42.9232 actor=7.4703 value=35.4836 entropy=3.0646 mean_return=13.613 mean_len=73.7
[gat-train] update=1485 samples=29700 fps=12.4 loss=1.0373 actor=0.2489 value=0.8181 entropy=2.9651 mean_return=13.613 mean_len=73.7
[gat-train] update=1486 samples=29720 fps=12.4 loss=-0.0125 actor=-0.4560 value=0.4754 entropy=3.1917 mean_return=13.613 mean_len=73.7
[gat-train] update=1487 samples=29740 fps=12.4 loss=1.6849 actor=1.2673 value=0.4508 entropy=3.3181 mean_return=13.613 mean_len=73.7
[gat-train] update=1488 samples=29760 fps=12.4 loss=-0.9117 actor=-1.4637 value=0.5809 entropy=2.8886 mean_return=13.613 mean_len=73.7
[gat-train] update=1489 samples=29780 fps=12.4 loss=27.7361 actor=5.3952 value=22.3740 entropy=3.3105 mean_return=13.597 mean_len=73.3
[gat-train] update=1490 samples=29800 fps=12.4 loss=0.5594 actor=-0.8722 value=1.4641 entropy=3.2530 mean_return=13.597 mean_len=73.3
[gat-train] update=1491 samples=29820 fps=12.4 loss=-0.3372 actor=-0.6224 value=0.3217 entropy=3.6465 mean_return=13.597 mean_len=73.3
[gat-train] update=1492 samples=29840 fps=12.4 loss=-0.0602 actor=-0.5042 value=0.4786 entropy=3.4609 mean_return=13.597 mean_len=73.3
[gat-train] update=1493 samples=29860 fps=12.4 loss=0.7806 actor=-0.2430 value=1.0586 entropy=3.5009 mean_return=13.597 mean_len=73.3
[gat-train] update=1494 samples=29880 fps=12.4 loss=1.6611 actor=0.7008 value=0.9934 entropy=3.2999 mean_return=13.597 mean_len=73.3
[gat-train] update=1495 samples=29900 fps=12.4 loss=11.0458 actor=2.5754 value=8.5011 entropy=3.0589 mean_return=13.580 mean_len=73.3
[gat-train] update=1496 samples=29920 fps=12.4 loss=1.4340 actor=0.1836 value=1.2827 entropy=3.2339 mean_return=13.580 mean_len=73.3
[gat-train] update=1497 samples=29940 fps=12.4 loss=10.5016 actor=3.4242 value=7.1090 entropy=3.1627 mean_return=13.608 mean_len=73.3
[gat-train] update=1498 samples=29960 fps=12.4 loss=0.3538 actor=-0.1913 value=0.5779 entropy=3.2794 mean_return=13.608 mean_len=73.3
[gat-train] update=1499 samples=29980 fps=12.4 loss=-0.2784 actor=-0.6622 value=0.4142 entropy=3.0439 mean_return=13.608 mean_len=73.3
[gat-train] update=1500 samples=30000 fps=12.4 loss=22.0491 actor=4.5884 value=17.4899 entropy=2.9255 mean_return=13.606 mean_len=73.3
[gat-train] eval update=1500 comp_score=87.08 best=93.94
[gat-train] update=1501 samples=30020 fps=12.4 loss=-0.6210 actor=-2.2683 value=1.6774 entropy=3.0102 mean_return=13.606 mean_len=73.3
[gat-train] update=1502 samples=30040 fps=12.4 loss=2.5813 actor=1.7703 value=0.8433 entropy=3.2300 mean_return=13.606 mean_len=73.3
[gat-train] update=1503 samples=30060 fps=12.4 loss=14.5116 actor=2.3066 value=12.2366 entropy=3.1689 mean_return=13.575 mean_len=73.1
[gat-train] update=1504 samples=30080 fps=12.4 loss=1.4948 actor=0.7603 value=0.7671 entropy=3.2537 mean_return=13.575 mean_len=73.1
[gat-train] update=1505 samples=30100 fps=12.4 loss=0.0970 actor=-0.4054 value=0.5348 entropy=3.2353 mean_return=13.575 mean_len=73.1
[gat-train] update=1506 samples=30120 fps=12.4 loss=1.3199 actor=0.0189 value=1.3323 entropy=3.1265 mean_return=13.575 mean_len=73.1
[gat-train] update=1507 samples=30140 fps=12.4 loss=-0.9295 actor=-2.3784 value=1.4805 entropy=3.1532 mean_return=13.575 mean_len=73.1
[gat-train] update=1508 samples=30160 fps=12.4 loss=3.5395 actor=2.2489 value=1.3219 entropy=3.1312 mean_return=13.575 mean_len=73.1
[gat-train] update=1509 samples=30180 fps=12.4 loss=9.3175 actor=2.2653 value=7.0817 entropy=2.9516 mean_return=13.574 mean_len=73.0
[gat-train] update=1510 samples=30200 fps=12.4 loss=2.1096 actor=1.4509 value=0.6883 entropy=2.9609 mean_return=13.574 mean_len=73.0
[gat-train] update=1511 samples=30220 fps=12.4 loss=0.2569 actor=-0.4047 value=0.6897 entropy=2.8112 mean_return=13.574 mean_len=73.0
[gat-train] update=1512 samples=30240 fps=12.4 loss=39.1522 actor=6.7087 value=32.4712 entropy=2.7621 mean_return=13.566 mean_len=73.0
[gat-train] update=1513 samples=30260 fps=12.4 loss=0.8741 actor=0.1780 value=0.7224 entropy=2.6344 mean_return=13.566 mean_len=73.0
[gat-train] update=1514 samples=30280 fps=12.4 loss=0.6146 actor=-0.0738 value=0.7151 entropy=2.6641 mean_return=13.566 mean_len=73.0
[gat-train] update=1515 samples=30300 fps=12.4 loss=21.8483 actor=5.4858 value=16.3905 entropy=2.7986 mean_return=13.598 mean_len=73.1
[gat-train] update=1516 samples=30320 fps=12.4 loss=27.6395 actor=4.3110 value=23.3569 entropy=2.8435 mean_return=13.582 mean_len=72.9
[gat-train] update=1517 samples=30340 fps=12.4 loss=0.5555 actor=0.4865 value=0.0997 entropy=3.0643 mean_return=13.582 mean_len=72.9
[gat-train] update=1518 samples=30360 fps=12.4 loss=-0.0495 actor=-0.0802 value=0.0633 entropy=3.2642 mean_return=13.582 mean_len=72.9
[gat-train] update=1519 samples=30380 fps=12.4 loss=-0.4401 actor=-0.4871 value=0.0789 entropy=3.1905 mean_return=13.582 mean_len=72.9
[gat-train] update=1520 samples=30400 fps=12.4 loss=-0.0550 actor=-0.1565 value=0.1339 entropy=3.2480 mean_return=13.582 mean_len=72.9
[gat-train] update=1521 samples=30420 fps=12.4 loss=-0.6475 actor=-0.7892 value=0.1750 entropy=3.3276 mean_return=13.582 mean_len=72.9
[gat-train] update=1522 samples=30440 fps=12.4 loss=0.3658 actor=0.2039 value=0.1952 entropy=3.3279 mean_return=13.582 mean_len=72.9
[gat-train] update=1523 samples=30460 fps=12.4 loss=-0.5376 actor=-0.6731 value=0.1698 entropy=3.4232 mean_return=13.582 mean_len=72.9
[gat-train] update=1524 samples=30480 fps=12.4 loss=1.6832 actor=0.7837 value=0.9318 entropy=3.2337 mean_return=13.582 mean_len=72.9
[gat-train] update=1525 samples=30500 fps=12.4 loss=9.3687 actor=0.0721 value=9.3269 entropy=3.0287 mean_return=13.600 mean_len=73.0
[gat-train] update=1526 samples=30520 fps=12.4 loss=2.2765 actor=1.3722 value=0.9346 entropy=3.0270 mean_return=13.600 mean_len=73.0
[gat-train] update=1527 samples=30540 fps=12.4 loss=29.0888 actor=4.4218 value=24.6963 entropy=2.9205 mean_return=13.626 mean_len=73.1
[gat-train] update=1528 samples=30560 fps=12.4 loss=1.0504 actor=0.7675 value=0.3147 entropy=3.1806 mean_return=13.626 mean_len=73.1
[gat-train] update=1529 samples=30580 fps=12.4 loss=0.3335 actor=0.1110 value=0.2529 entropy=3.0423 mean_return=13.626 mean_len=73.1
[gat-train] update=1530 samples=30600 fps=12.4 loss=42.4192 actor=6.4035 value=36.0450 entropy=2.9345 mean_return=13.588 mean_len=72.9
[gat-train] update=1531 samples=30620 fps=12.4 loss=34.7047 actor=6.4888 value=28.2413 entropy=2.5302 mean_return=13.591 mean_len=72.9
[gat-train] update=1532 samples=30640 fps=12.4 loss=0.2730 actor=0.0976 value=0.2053 entropy=2.9908 mean_return=13.591 mean_len=72.9
[gat-train] update=1533 samples=30660 fps=12.4 loss=0.0903 actor=0.0560 value=0.0674 entropy=3.3143 mean_return=13.591 mean_len=72.9
[gat-train] update=1534 samples=30680 fps=12.4 loss=0.0975 actor=0.0103 value=0.1179 entropy=3.0593 mean_return=13.591 mean_len=72.9
[gat-train] update=1535 samples=30700 fps=12.4 loss=-0.3968 actor=-0.5331 value=0.1694 entropy=3.3096 mean_return=13.591 mean_len=72.9
[gat-train] update=1536 samples=30720 fps=12.4 loss=-0.8285 actor=-1.2279 value=0.4332 entropy=3.3772 mean_return=13.591 mean_len=72.9
[gat-train] update=1537 samples=30740 fps=12.4 loss=0.0953 actor=-0.0774 value=0.2062 entropy=3.3541 mean_return=13.591 mean_len=72.9
[gat-train] update=1538 samples=30760 fps=12.4 loss=0.7818 actor=0.2502 value=0.5652 entropy=3.3624 mean_return=13.591 mean_len=72.9
[gat-train] update=1539 samples=30780 fps=12.4 loss=0.9611 actor=0.4806 value=0.5125 entropy=3.1983 mean_return=13.591 mean_len=72.9
[gat-train] update=1540 samples=30800 fps=12.4 loss=27.2342 actor=4.2923 value=22.9719 entropy=3.0058 mean_return=13.600 mean_len=73.0
[gat-train] update=1541 samples=30820 fps=12.4 loss=0.2228 actor=-0.8627 value=1.1152 entropy=2.9648 mean_return=13.600 mean_len=73.0
[gat-train] update=1542 samples=30840 fps=12.4 loss=39.3454 actor=7.5570 value=31.8164 entropy=2.8055 mean_return=13.625 mean_len=73.2
[gat-train] update=1543 samples=30860 fps=12.4 loss=-0.1422 actor=-1.0635 value=0.9508 entropy=2.9573 mean_return=13.625 mean_len=73.2
[gat-train] update=1544 samples=30880 fps=12.4 loss=2.3732 actor=1.5967 value=0.8064 entropy=2.9897 mean_return=13.625 mean_len=73.2
[gat-train] update=1545 samples=30900 fps=12.5 loss=9.6944 actor=3.2163 value=6.5059 entropy=2.7820 mean_return=13.648 mean_len=73.2
[gat-train] update=1546 samples=30920 fps=12.5 loss=0.4644 actor=0.1161 value=0.3750 entropy=2.6719 mean_return=13.648 mean_len=73.2
[gat-train] update=1547 samples=30940 fps=12.5 loss=10.4173 actor=2.5926 value=7.8522 entropy=2.7559 mean_return=13.643 mean_len=73.2
[gat-train] update=1548 samples=30960 fps=12.5 loss=-0.0541 actor=-0.5053 value=0.4803 entropy=2.9195 mean_return=13.643 mean_len=73.2
[gat-train] update=1549 samples=30980 fps=12.5 loss=0.1830 actor=0.0366 value=0.1749 entropy=2.8580 mean_return=13.643 mean_len=73.2
[gat-train] update=1550 samples=31000 fps=12.5 loss=-0.4609 actor=-0.6256 value=0.1950 entropy=3.0321 mean_return=13.643 mean_len=73.2
[gat-train] eval update=1550 comp_score=89.26 best=93.94
[gat-train] update=1551 samples=31020 fps=12.4 loss=-0.1041 actor=-0.2001 value=0.1273 entropy=3.1296 mean_return=13.643 mean_len=73.2
[gat-train] update=1552 samples=31040 fps=12.4 loss=-0.0054 actor=-0.1042 value=0.1294 entropy=3.0602 mean_return=13.643 mean_len=73.2
[gat-train] update=1553 samples=31060 fps=12.4 loss=0.1355 actor=-0.2671 value=0.4331 entropy=3.0515 mean_return=13.643 mean_len=73.2
[gat-train] update=1554 samples=31080 fps=12.4 loss=0.5577 actor=-0.1472 value=0.7344 entropy=2.9481 mean_return=13.643 mean_len=73.2
[gat-train] update=1555 samples=31100 fps=12.4 loss=0.6798 actor=-0.1603 value=0.8721 entropy=3.1997 mean_return=13.643 mean_len=73.2
[gat-train] update=1556 samples=31120 fps=12.4 loss=47.7916 actor=6.9683 value=40.8516 entropy=2.8250 mean_return=13.723 mean_len=73.7
[gat-train] update=1557 samples=31140 fps=12.4 loss=0.1606 actor=-1.5057 value=1.6929 entropy=2.6489 mean_return=13.723 mean_len=73.7
[gat-train] update=1558 samples=31160 fps=12.4 loss=52.3156 actor=10.5137 value=41.8341 entropy=3.2171 mean_return=13.752 mean_len=73.9
[gat-train] update=1559 samples=31180 fps=12.4 loss=1.2047 actor=0.3131 value=0.9199 entropy=2.8307 mean_return=13.752 mean_len=73.9
[gat-train] update=1560 samples=31200 fps=12.4 loss=49.7665 actor=9.2609 value=40.5337 entropy=2.8122 mean_return=13.778 mean_len=74.2
[gat-train] update=1561 samples=31220 fps=12.4 loss=1.4093 actor=0.4902 value=0.9446 entropy=2.5510 mean_return=13.778 mean_len=74.2
[gat-train] update=1562 samples=31240 fps=12.4 loss=0.0891 actor=0.0597 value=0.0554 entropy=2.5928 mean_return=13.778 mean_len=74.2
[gat-train] update=1563 samples=31260 fps=12.4 loss=10.7312 actor=1.8309 value=8.9294 entropy=2.9090 mean_return=13.797 mean_len=74.3
[gat-train] update=1564 samples=31280 fps=12.4 loss=-0.8447 actor=-1.0892 value=0.2769 entropy=3.2365 mean_return=13.797 mean_len=74.3
[gat-train] update=1565 samples=31300 fps=12.4 loss=-0.4657 actor=-0.5373 value=0.1052 entropy=3.3498 mean_return=13.797 mean_len=74.3
[gat-train] update=1566 samples=31320 fps=12.4 loss=-0.1568 actor=-0.2396 value=0.1159 entropy=3.3103 mean_return=13.797 mean_len=74.3
[gat-train] update=1567 samples=31340 fps=12.4 loss=1.3812 actor=1.0070 value=0.4093 entropy=3.5100 mean_return=13.797 mean_len=74.3
[gat-train] update=1568 samples=31360 fps=12.4 loss=-0.3474 actor=-0.6667 value=0.3538 entropy=3.4477 mean_return=13.797 mean_len=74.3
[gat-train] update=1569 samples=31380 fps=12.4 loss=0.9819 actor=0.0733 value=0.9434 entropy=3.4802 mean_return=13.797 mean_len=74.3
[gat-train] update=1570 samples=31400 fps=12.4 loss=16.9863 actor=1.4703 value=15.5484 entropy=3.2386 mean_return=13.784 mean_len=74.2
[gat-train] update=1571 samples=31420 fps=12.4 loss=0.2033 actor=0.1998 value=0.0393 entropy=3.5753 mean_return=13.784 mean_len=74.2
[gat-train] update=1572 samples=31440 fps=12.4 loss=-1.2969 actor=-1.7835 value=0.5223 entropy=3.5695 mean_return=13.784 mean_len=74.2
[gat-train] update=1573 samples=31460 fps=12.4 loss=0.5225 actor=0.4337 value=0.1250 entropy=3.6171 mean_return=13.784 mean_len=74.2
[gat-train] update=1574 samples=31480 fps=12.4 loss=2.5600 actor=1.6184 value=0.9737 entropy=3.2048 mean_return=13.784 mean_len=74.2
[gat-train] update=1575 samples=31500 fps=12.4 loss=0.8387 actor=0.3071 value=0.5547 entropy=2.3120 mean_return=13.784 mean_len=74.2
[gat-train] update=1576 samples=31520 fps=12.4 loss=40.0068 actor=6.6432 value=33.3882 entropy=2.4693 mean_return=13.845 mean_len=74.6
[gat-train] update=1577 samples=31540 fps=12.4 loss=27.4418 actor=5.9725 value=21.4979 entropy=2.8570 mean_return=13.852 mean_len=74.6
[gat-train] update=1578 samples=31560 fps=12.5 loss=0.3154 actor=0.2900 value=0.0553 entropy=2.9824 mean_return=13.852 mean_len=74.6
[gat-train] update=1579 samples=31580 fps=12.5 loss=0.3348 actor=0.1462 value=0.2186 entropy=3.0081 mean_return=13.852 mean_len=74.6
[gat-train] update=1580 samples=31600 fps=12.5 loss=-0.3512 actor=-0.6645 value=0.3430 entropy=2.9761 mean_return=13.852 mean_len=74.6
[gat-train] update=1581 samples=31620 fps=12.5 loss=-0.3317 actor=-0.8103 value=0.5094 entropy=3.0824 mean_return=13.852 mean_len=74.6
[gat-train] update=1582 samples=31640 fps=12.5 loss=-0.5244 actor=-0.7402 value=0.2468 entropy=3.1032 mean_return=13.852 mean_len=74.6
[gat-train] update=1583 samples=31660 fps=12.5 loss=-0.0694 actor=-0.3086 value=0.2694 entropy=3.0267 mean_return=13.852 mean_len=74.6
[gat-train] update=1584 samples=31680 fps=12.5 loss=-0.2841 actor=-0.9259 value=0.6726 entropy=3.0784 mean_return=13.852 mean_len=74.6
[gat-train] update=1585 samples=31700 fps=12.5 loss=19.4458 actor=3.5719 value=15.9013 entropy=2.7429 mean_return=13.859 mean_len=74.6
[gat-train] update=1586 samples=31720 fps=12.5 loss=1.3804 actor=0.5838 value=0.8240 entropy=2.7423 mean_return=13.859 mean_len=74.6
[gat-train] update=1587 samples=31740 fps=12.5 loss=-0.6927 actor=-1.9982 value=1.3302 entropy=2.4715 mean_return=13.859 mean_len=74.6
[gat-train] update=1588 samples=31760 fps=12.5 loss=1.2325 actor=0.4007 value=0.8568 entropy=2.5026 mean_return=13.859 mean_len=74.6
[gat-train] update=1589 samples=31780 fps=12.5 loss=-0.0281 actor=-0.5529 value=0.5502 entropy=2.5448 mean_return=13.859 mean_len=74.6
[gat-train] update=1590 samples=31800 fps=12.5 loss=42.2690 actor=5.5489 value=36.7458 entropy=2.5562 mean_return=13.887 mean_len=74.6
[gat-train] update=1591 samples=31820 fps=12.5 loss=2.0498 actor=0.5819 value=1.4883 entropy=2.0392 mean_return=13.887 mean_len=74.6
[gat-train] update=1592 samples=31840 fps=12.5 loss=33.9289 actor=6.3369 value=27.6096 entropy=1.7554 mean_return=13.882 mean_len=74.6
[gat-train] update=1593 samples=31860 fps=12.5 loss=1.7321 actor=0.8115 value=0.9375 entropy=1.6916 mean_return=13.882 mean_len=74.6
[gat-train] update=1594 samples=31880 fps=12.5 loss=11.0375 actor=2.3899 value=8.6642 entropy=1.6642 mean_return=13.916 mean_len=74.7
[gat-train] update=1595 samples=31900 fps=12.5 loss=0.4617 actor=0.3760 value=0.1041 entropy=1.8434 mean_return=13.916 mean_len=74.7
[gat-train] update=1596 samples=31920 fps=12.5 loss=0.3375 actor=0.2357 value=0.1215 entropy=1.9714 mean_return=13.916 mean_len=74.7
[gat-train] update=1597 samples=31940 fps=12.5 loss=0.1610 actor=0.0647 value=0.1138 entropy=1.7577 mean_return=13.916 mean_len=74.7
[gat-train] update=1598 samples=31960 fps=12.5 loss=-0.3235 actor=-0.3881 value=0.0859 entropy=2.1272 mean_return=13.916 mean_len=74.7
[gat-train] update=1599 samples=31980 fps=12.5 loss=0.0016 actor=-0.1702 value=0.1941 entropy=2.2403 mean_return=13.916 mean_len=74.7
[gat-train] update=1600 samples=32000 fps=12.5 loss=1.2739 actor=0.5995 value=0.6948 entropy=2.0393 mean_return=13.916 mean_len=74.7
[gat-train] eval update=1600 comp_score=89.26 best=93.94
[gat-train] update=1601 samples=32020 fps=12.4 loss=49.0057 actor=7.0772 value=41.9491 entropy=2.0678 mean_return=13.963 mean_len=74.9
[gat-train] update=1602 samples=32040 fps=12.4 loss=0.3598 actor=-0.3662 value=0.7421 entropy=1.6078 mean_return=13.963 mean_len=74.9
[gat-train] update=1603 samples=32060 fps=12.4 loss=-0.1274 actor=-0.4296 value=0.3238 entropy=2.1667 mean_return=13.963 mean_len=74.9
[gat-train] update=1604 samples=32080 fps=12.4 loss=-0.0314 actor=-0.2983 value=0.2876 entropy=2.0701 mean_return=13.963 mean_len=74.9
[gat-train] update=1605 samples=32100 fps=12.4 loss=-0.0968 actor=-0.2017 value=0.1269 entropy=2.1979 mean_return=13.963 mean_len=74.9
[gat-train] update=1606 samples=32120 fps=12.4 loss=-0.6721 actor=-1.1596 value=0.5100 entropy=2.2441 mean_return=13.963 mean_len=74.9
[gat-train] update=1607 samples=32140 fps=12.4 loss=0.1793 actor=-0.3525 value=0.5532 entropy=2.1471 mean_return=13.963 mean_len=74.9
[gat-train] update=1608 samples=32160 fps=12.4 loss=10.8882 actor=2.2325 value=8.6781 entropy=2.2465 mean_return=14.020 mean_len=75.1
[gat-train] update=1609 samples=32180 fps=12.4 loss=55.7496 actor=9.1307 value=46.6405 entropy=2.1643 mean_return=14.086 mean_len=75.4
[gat-train] update=1610 samples=32200 fps=12.4 loss=3.7216 actor=1.6219 value=2.1165 entropy=1.6867 mean_return=14.086 mean_len=75.4
[gat-train] update=1611 samples=32220 fps=12.4 loss=11.0550 actor=2.8667 value=8.2063 entropy=1.7989 mean_return=14.137 mean_len=75.7
[gat-train] update=1612 samples=32240 fps=12.4 loss=-0.1702 actor=-0.3715 value=0.2190 entropy=1.7775 mean_return=14.137 mean_len=75.7
[gat-train] update=1613 samples=32260 fps=12.4 loss=-0.1713 actor=-0.2666 value=0.1151 entropy=1.9701 mean_return=14.137 mean_len=75.7
[gat-train] update=1614 samples=32280 fps=12.4 loss=0.1733 actor=-0.4597 value=0.6544 entropy=2.1430 mean_return=14.137 mean_len=75.7
[gat-train] update=1615 samples=32300 fps=12.4 loss=0.3558 actor=0.1694 value=0.2090 entropy=2.2594 mean_return=14.137 mean_len=75.7
[gat-train] update=1616 samples=32320 fps=12.4 loss=0.9711 actor=0.2819 value=0.7117 entropy=2.2437 mean_return=14.137 mean_len=75.7
[gat-train] update=1617 samples=32340 fps=12.4 loss=9.6049 actor=2.7296 value=6.9004 entropy=2.5087 mean_return=14.186 mean_len=76.0
[gat-train] update=1618 samples=32360 fps=12.4 loss=0.6383 actor=0.2263 value=0.4366 entropy=2.4554 mean_return=14.186 mean_len=76.0
[gat-train] update=1619 samples=32380 fps=12.4 loss=0.0849 actor=-0.2026 value=0.3142 entropy=2.6702 mean_return=14.186 mean_len=76.0
[gat-train] update=1620 samples=32400 fps=12.4 loss=0.3714 actor=0.0178 value=0.3824 entropy=2.8767 mean_return=14.186 mean_len=76.0
[gat-train] update=1621 samples=32420 fps=12.4 loss=-0.1551 actor=-0.3814 value=0.2547 entropy=2.8368 mean_return=14.186 mean_len=76.0
[gat-train] update=1622 samples=32440 fps=12.4 loss=-0.6880 actor=-0.9682 value=0.3101 entropy=2.9840 mean_return=14.186 mean_len=76.0
[gat-train] update=1623 samples=32460 fps=12.4 loss=1.2217 actor=0.7290 value=0.5205 entropy=2.7821 mean_return=14.186 mean_len=76.0
[gat-train] update=1624 samples=32480 fps=12.4 loss=50.6566 actor=9.3346 value=41.3504 entropy=2.8334 mean_return=14.252 mean_len=76.2
[gat-train] update=1625 samples=32500 fps=12.4 loss=46.0075 actor=10.3873 value=35.6470 entropy=2.6850 mean_return=14.265 mean_len=76.2
[gat-train] update=1626 samples=32520 fps=12.4 loss=34.6820 actor=5.3187 value=29.3840 entropy=2.0744 mean_return=14.316 mean_len=76.3
[gat-train] update=1627 samples=32540 fps=12.4 loss=-0.0086 actor=-0.0071 value=0.0240 entropy=2.5492 mean_return=14.316 mean_len=76.3
[gat-train] update=1628 samples=32560 fps=12.4 loss=-0.1298 actor=-0.2608 value=0.1583 entropy=2.7350 mean_return=14.316 mean_len=76.3
[gat-train] update=1629 samples=32580 fps=12.4 loss=-0.5098 actor=-0.6612 value=0.1809 entropy=2.9503 mean_return=14.316 mean_len=76.3
[gat-train] update=1630 samples=32600 fps=12.4 loss=-0.8921 actor=-1.2455 value=0.3847 entropy=3.1297 mean_return=14.316 mean_len=76.3
[gat-train] update=1631 samples=32620 fps=12.4 loss=0.8260 actor=0.4458 value=0.4112 entropy=3.0923 mean_return=14.316 mean_len=76.3
[gat-train] update=1632 samples=32640 fps=12.4 loss=0.6638 actor=0.2690 value=0.4240 entropy=2.9170 mean_return=14.316 mean_len=76.3
[gat-train] update=1633 samples=32660 fps=12.4 loss=9.3575 actor=1.7836 value=7.6052 entropy=3.1230 mean_return=14.337 mean_len=76.4
[gat-train] update=1634 samples=32680 fps=12.4 loss=-0.6462 actor=-0.8304 value=0.2181 entropy=3.3963 mean_return=14.337 mean_len=76.4
[gat-train] update=1635 samples=32700 fps=12.4 loss=-0.8354 actor=-1.2040 value=0.4046 entropy=3.6041 mean_return=14.337 mean_len=76.4
[gat-train] update=1636 samples=32720 fps=12.4 loss=0.0275 actor=-0.4472 value=0.5103 entropy=3.5630 mean_return=14.337 mean_len=76.4
[gat-train] update=1637 samples=32740 fps=12.4 loss=-1.1117 actor=-2.2704 value=1.1929 entropy=3.4223 mean_return=14.337 mean_len=76.4
[gat-train] update=1638 samples=32760 fps=12.4 loss=1.2264 actor=0.3326 value=0.9303 entropy=3.6488 mean_return=14.337 mean_len=76.4
[gat-train] update=1639 samples=32780 fps=12.4 loss=2.7520 actor=1.7414 value=1.0436 entropy=3.2917 mean_return=14.337 mean_len=76.4
[gat-train] update=1640 samples=32800 fps=12.4 loss=40.6171 actor=6.4499 value=34.1943 entropy=2.7185 mean_return=14.362 mean_len=76.7
[gat-train] update=1641 samples=32820 fps=12.4 loss=35.3838 actor=6.9337 value=28.4769 entropy=2.6796 mean_return=14.398 mean_len=77.1
[gat-train] update=1642 samples=32840 fps=12.4 loss=0.8004 actor=0.6975 value=0.1354 entropy=3.2521 mean_return=14.398 mean_len=77.1
[gat-train] update=1643 samples=32860 fps=12.5 loss=0.1597 actor=-0.0674 value=0.2598 entropy=3.2581 mean_return=14.398 mean_len=77.1
[gat-train] update=1644 samples=32880 fps=12.5 loss=0.8657 actor=0.6788 value=0.2214 entropy=3.4454 mean_return=14.398 mean_len=77.1
[gat-train] update=1645 samples=32900 fps=12.5 loss=-0.0484 actor=-0.4064 value=0.3926 entropy=3.4617 mean_return=14.398 mean_len=77.1
[gat-train] update=1646 samples=32920 fps=12.5 loss=-0.8194 actor=-1.2981 value=0.5131 entropy=3.4337 mean_return=14.398 mean_len=77.1
[gat-train] update=1647 samples=32940 fps=12.5 loss=1.3706 actor=0.8671 value=0.5385 entropy=3.4908 mean_return=14.398 mean_len=77.1
[gat-train] update=1648 samples=32960 fps=12.5 loss=40.6148 actor=6.8727 value=33.7763 entropy=3.4117 mean_return=14.383 mean_len=77.1
[gat-train] update=1649 samples=32980 fps=12.5 loss=0.9647 actor=0.0577 value=0.9382 entropy=3.1245 mean_return=14.383 mean_len=77.1
[gat-train] update=1650 samples=33000 fps=12.5 loss=1.7625 actor=0.6539 value=1.1413 entropy=3.2728 mean_return=14.383 mean_len=77.1
[gat-train] eval update=1650 comp_score=91.61 best=93.94
[gat-train] update=1651 samples=33020 fps=12.4 loss=1.4233 actor=0.3306 value=1.1234 entropy=3.0613 mean_return=14.383 mean_len=77.1
[gat-train] update=1652 samples=33040 fps=12.4 loss=22.5443 actor=4.2566 value=18.3176 entropy=2.9888 mean_return=14.354 mean_len=76.7
[gat-train] update=1653 samples=33060 fps=12.4 loss=-0.1675 actor=-0.5678 value=0.4296 entropy=2.9325 mean_return=14.354 mean_len=76.7
[gat-train] update=1654 samples=33080 fps=12.4 loss=12.8783 actor=3.0619 value=9.8474 entropy=3.0952 mean_return=14.311 mean_len=76.4
[gat-train] update=1655 samples=33100 fps=12.4 loss=46.1344 actor=10.3309 value=35.8363 entropy=3.2769 mean_return=14.301 mean_len=76.4
[gat-train] update=1656 samples=33120 fps=12.4 loss=0.6541 actor=-0.1940 value=0.8781 entropy=3.0104 mean_return=14.301 mean_len=76.4
[gat-train] update=1657 samples=33140 fps=12.4 loss=0.9646 actor=0.8425 value=0.1562 entropy=3.4086 mean_return=14.301 mean_len=76.4
[gat-train] update=1658 samples=33160 fps=12.4 loss=0.0267 actor=-0.0407 value=0.1028 entropy=3.5358 mean_return=14.301 mean_len=76.4
[gat-train] update=1659 samples=33180 fps=12.4 loss=-0.4609 actor=-0.6346 value=0.2089 entropy=3.5193 mean_return=14.301 mean_len=76.4
[gat-train] update=1660 samples=33200 fps=12.4 loss=0.1458 actor=-0.0090 value=0.1913 entropy=3.6443 mean_return=14.301 mean_len=76.4
[gat-train] update=1661 samples=33220 fps=12.4 loss=-0.5576 actor=-0.7445 value=0.2241 entropy=3.7166 mean_return=14.301 mean_len=76.4
[gat-train] update=1662 samples=33240 fps=12.4 loss=-0.3489 actor=-0.4537 value=0.1414 entropy=3.6664 mean_return=14.301 mean_len=76.4
[gat-train] update=1663 samples=33260 fps=12.4 loss=0.7035 actor=0.3968 value=0.3434 entropy=3.6664 mean_return=14.301 mean_len=76.4
[gat-train] update=1664 samples=33280 fps=12.4 loss=-1.4040 actor=-2.3276 value=0.9595 entropy=3.5923 mean_return=14.301 mean_len=76.4
[gat-train] update=1665 samples=33300 fps=12.4 loss=29.5900 actor=5.2343 value=24.3898 entropy=3.4096 mean_return=14.307 mean_len=76.4
[gat-train] update=1666 samples=33320 fps=12.4 loss=0.2707 actor=0.0726 value=0.2330 entropy=3.4936 mean_return=14.307 mean_len=76.4
[gat-train] update=1667 samples=33340 fps=12.4 loss=0.9909 actor=0.5926 value=0.4318 entropy=3.3545 mean_return=14.307 mean_len=76.4
[gat-train] update=1668 samples=33360 fps=12.4 loss=17.8224 actor=2.6640 value=15.1875 entropy=2.9038 mean_return=14.299 mean_len=76.3
[gat-train] update=1669 samples=33380 fps=12.5 loss=13.8152 actor=3.5539 value=10.2892 entropy=2.7906 mean_return=14.271 mean_len=75.9
[gat-train] update=1670 samples=33400 fps=12.5 loss=18.5502 actor=4.3330 value=14.2495 entropy=3.2285 mean_return=14.271 mean_len=76.0
[gat-train] update=1671 samples=33420 fps=12.5 loss=-0.3484 actor=-0.3731 value=0.0578 entropy=3.3127 mean_return=14.271 mean_len=76.0
[gat-train] update=1672 samples=33440 fps=12.5 loss=-0.4155 actor=-0.4874 value=0.1080 entropy=3.6080 mean_return=14.271 mean_len=76.0
[gat-train] update=1673 samples=33460 fps=12.5 loss=0.2504 actor=0.1417 value=0.1460 entropy=3.7254 mean_return=14.271 mean_len=76.0
[gat-train] update=1674 samples=33480 fps=12.5 loss=0.1814 actor=-0.2238 value=0.4426 entropy=3.7413 mean_return=14.271 mean_len=76.0
[gat-train] update=1675 samples=33500 fps=12.5 loss=-0.3402 actor=-0.4367 value=0.1337 entropy=3.7166 mean_return=14.271 mean_len=76.0
[gat-train] update=1676 samples=33520 fps=12.5 loss=-0.1286 actor=-0.3095 value=0.2190 entropy=3.8092 mean_return=14.271 mean_len=76.0
[gat-train] update=1677 samples=33540 fps=12.5 loss=-0.2516 actor=-0.5024 value=0.2899 entropy=3.9069 mean_return=14.271 mean_len=76.0
[gat-train] update=1678 samples=33560 fps=12.5 loss=0.4334 actor=-0.2956 value=0.7680 entropy=3.9002 mean_return=14.271 mean_len=76.0
[gat-train] update=1679 samples=33580 fps=12.5 loss=0.1410 actor=-0.4878 value=0.6654 entropy=3.6684 mean_return=14.271 mean_len=76.0
[gat-train] update=1680 samples=33600 fps=12.5 loss=1.0894 actor=0.2916 value=0.8343 entropy=3.6405 mean_return=14.271 mean_len=76.0
[gat-train] update=1681 samples=33620 fps=12.5 loss=7.7404 actor=-0.1894 value=7.9656 entropy=3.5707 mean_return=14.294 mean_len=76.2
[gat-train] update=1682 samples=33640 fps=12.5 loss=3.1419 actor=1.9768 value=1.1989 entropy=3.3802 mean_return=14.294 mean_len=76.2
[gat-train] update=1683 samples=33660 fps=12.5 loss=2.4756 actor=1.6954 value=0.8095 entropy=2.9330 mean_return=14.294 mean_len=76.2
[gat-train] update=1684 samples=33680 fps=12.5 loss=62.2363 actor=13.8444 value=48.4210 entropy=2.9131 mean_return=14.370 mean_len=76.7
[gat-train] update=1685 samples=33700 fps=12.5 loss=-0.0312 actor=-0.6806 value=0.6810 entropy=3.1659 mean_return=14.370 mean_len=76.7
[gat-train] update=1686 samples=33720 fps=12.5 loss=-0.5251 actor=-0.7460 value=0.2562 entropy=3.5325 mean_return=14.370 mean_len=76.7
[gat-train] update=1687 samples=33740 fps=12.5 loss=0.5902 actor=0.5568 value=0.0687 entropy=3.5305 mean_return=14.370 mean_len=76.7
[gat-train] update=1688 samples=33760 fps=12.5 loss=-0.2181 actor=-0.2111 value=0.0293 entropy=3.6252 mean_return=14.370 mean_len=76.7
[gat-train] update=1689 samples=33780 fps=12.5 loss=-0.2367 actor=-0.2640 value=0.0643 entropy=3.6975 mean_return=14.370 mean_len=76.7
[gat-train] update=1690 samples=33800 fps=12.5 loss=-1.1043 actor=-1.7043 value=0.6357 entropy=3.5738 mean_return=14.370 mean_len=76.7
[gat-train] update=1691 samples=33820 fps=12.5 loss=-1.5821 actor=-2.1388 value=0.5938 entropy=3.7078 mean_return=14.370 mean_len=76.7
[gat-train] update=1692 samples=33840 fps=12.5 loss=-0.4515 actor=-0.6257 value=0.2129 entropy=3.8655 mean_return=14.370 mean_len=76.7
[gat-train] update=1693 samples=33860 fps=12.5 loss=-0.7296 actor=-1.1515 value=0.4600 entropy=3.8099 mean_return=14.370 mean_len=76.7
[gat-train] update=1694 samples=33880 fps=12.5 loss=0.0588 actor=-0.5943 value=0.6891 entropy=3.6040 mean_return=14.370 mean_len=76.7
[gat-train] update=1695 samples=33900 fps=12.5 loss=2.5781 actor=1.5611 value=1.0510 entropy=3.4024 mean_return=14.370 mean_len=76.7
[gat-train] update=1696 samples=33920 fps=12.5 loss=41.2724 actor=6.5843 value=34.7206 entropy=3.2548 mean_return=14.365 mean_len=76.8
[gat-train] update=1697 samples=33940 fps=12.5 loss=0.7479 actor=-0.5265 value=1.3032 entropy=2.8919 mean_return=14.365 mean_len=76.8
[gat-train] update=1698 samples=33960 fps=12.5 loss=3.9791 actor=1.7589 value=2.2460 entropy=2.5841 mean_return=14.365 mean_len=76.8
[gat-train] update=1699 samples=33980 fps=12.5 loss=29.1969 actor=5.6705 value=23.5498 entropy=2.3378 mean_return=14.401 mean_len=77.0
[gat-train] update=1700 samples=34000 fps=12.5 loss=45.9446 actor=8.9715 value=36.9994 entropy=2.6354 mean_return=14.400 mean_len=77.2
[gat-train] eval update=1700 comp_score=91.61 best=93.94
[gat-train] update=1701 samples=34020 fps=12.5 loss=0.0081 actor=-0.0569 value=0.0932 entropy=2.8197 mean_return=14.400 mean_len=77.2
[gat-train] update=1702 samples=34040 fps=12.5 loss=0.7007 actor=0.6563 value=0.0748 entropy=3.0350 mean_return=14.400 mean_len=77.2
[gat-train] update=1703 samples=34060 fps=12.5 loss=-0.4341 actor=-0.5217 value=0.1163 entropy=2.8743 mean_return=14.400 mean_len=77.2
[gat-train] update=1704 samples=34080 fps=12.5 loss=-0.7931 actor=-0.9040 value=0.1422 entropy=3.1343 mean_return=14.400 mean_len=77.2
[gat-train] update=1705 samples=34100 fps=12.5 loss=0.1618 actor=0.0459 value=0.1487 entropy=3.2826 mean_return=14.400 mean_len=77.2
[gat-train] update=1706 samples=34120 fps=12.5 loss=-0.1207 actor=-0.5146 value=0.4284 entropy=3.4466 mean_return=14.400 mean_len=77.2
[gat-train] update=1707 samples=34140 fps=12.5 loss=0.7222 actor=0.2318 value=0.5244 entropy=3.3936 mean_return=14.400 mean_len=77.2
[gat-train] update=1708 samples=34160 fps=12.5 loss=-0.5486 actor=-0.8013 value=0.2863 entropy=3.3634 mean_return=14.400 mean_len=77.2
[gat-train] update=1709 samples=34180 fps=12.5 loss=0.2065 actor=-0.1109 value=0.3516 entropy=3.4221 mean_return=14.400 mean_len=77.2
[gat-train] update=1710 samples=34200 fps=12.5 loss=0.5055 actor=0.2104 value=0.3253 entropy=3.0197 mean_return=14.400 mean_len=77.2
[gat-train] update=1711 samples=34220 fps=12.5 loss=8.4673 actor=1.5863 value=6.9103 entropy=2.9245 mean_return=14.375 mean_len=77.1
[gat-train] update=1712 samples=34240 fps=12.5 loss=0.8113 actor=0.1032 value=0.7389 entropy=3.0925 mean_return=14.375 mean_len=77.1
[gat-train] update=1713 samples=34260 fps=12.5 loss=2.3887 actor=1.6190 value=0.7981 entropy=2.8313 mean_return=14.375 mean_len=77.1
[gat-train] update=1714 samples=34280 fps=12.5 loss=14.2135 actor=2.8629 value=11.3753 entropy=2.4778 mean_return=14.381 mean_len=77.2
[gat-train] update=1715 samples=34300 fps=12.5 loss=48.6245 actor=8.9738 value=39.6753 entropy=2.4589 mean_return=14.390 mean_len=77.2
[gat-train] update=1716 samples=34320 fps=12.5 loss=0.1857 actor=0.0767 value=0.1387 entropy=2.9743 mean_return=14.390 mean_len=77.2
[gat-train] update=1717 samples=34340 fps=12.5 loss=0.5126 actor=0.4163 value=0.1265 entropy=3.0259 mean_return=14.390 mean_len=77.2
[gat-train] update=1718 samples=34360 fps=12.5 loss=1.0171 actor=0.6612 value=0.3865 entropy=3.0569 mean_return=14.390 mean_len=77.2
[gat-train] update=1719 samples=34380 fps=12.5 loss=0.8732 actor=0.2426 value=0.6651 entropy=3.4531 mean_return=14.390 mean_len=77.2
[gat-train] update=1720 samples=34400 fps=12.5 loss=-0.3733 actor=-1.1336 value=0.7937 entropy=3.3317 mean_return=14.390 mean_len=77.2
[gat-train] update=1721 samples=34420 fps=12.5 loss=1.4832 actor=1.1766 value=0.3421 entropy=3.5401 mean_return=14.390 mean_len=77.2
[gat-train] update=1722 samples=34440 fps=12.5 loss=-0.8252 actor=-2.2913 value=1.5017 entropy=3.5562 mean_return=14.390 mean_len=77.2
[gat-train] update=1723 samples=34460 fps=12.5 loss=-0.2171 actor=-0.7486 value=0.5669 entropy=3.5493 mean_return=14.390 mean_len=77.2
[gat-train] update=1724 samples=34480 fps=12.5 loss=1.0634 actor=0.1206 value=0.9776 entropy=3.4809 mean_return=14.390 mean_len=77.2
[gat-train] update=1725 samples=34500 fps=12.5 loss=0.5435 actor=-0.6438 value=1.2219 entropy=3.4605 mean_return=14.390 mean_len=77.2
[gat-train] update=1726 samples=34520 fps=12.5 loss=7.7795 actor=0.9904 value=6.8239 entropy=3.4811 mean_return=14.404 mean_len=77.3
[gat-train] update=1727 samples=34540 fps=12.5 loss=0.3080 actor=0.0943 value=0.2482 entropy=3.4454 mean_return=14.404 mean_len=77.3
[gat-train] update=1728 samples=34560 fps=12.5 loss=42.7153 actor=9.5407 value=33.2089 entropy=3.4247 mean_return=14.389 mean_len=77.0
[gat-train] update=1729 samples=34580 fps=12.5 loss=3.5405 actor=1.7483 value=1.8217 entropy=2.9427 mean_return=14.389 mean_len=77.0
[gat-train] update=1730 samples=34600 fps=12.5 loss=26.6202 actor=4.8011 value=21.8464 entropy=2.7247 mean_return=14.384 mean_len=77.1
[gat-train] update=1731 samples=34620 fps=12.5 loss=37.4296 actor=6.2498 value=31.2058 entropy=2.5975 mean_return=14.398 mean_len=77.2
[gat-train] update=1732 samples=34640 fps=12.5 loss=0.2620 actor=0.1995 value=0.0905 entropy=2.7993 mean_return=14.398 mean_len=77.2
[gat-train] update=1733 samples=34660 fps=12.5 loss=0.3949 actor=0.2897 value=0.1356 entropy=3.0379 mean_return=14.398 mean_len=77.2
[gat-train] update=1734 samples=34680 fps=12.5 loss=-0.0277 actor=-0.2393 value=0.2419 entropy=3.0260 mean_return=14.398 mean_len=77.2
[gat-train] update=1735 samples=34700 fps=12.5 loss=0.1423 actor=0.0409 value=0.1348 entropy=3.3492 mean_return=14.398 mean_len=77.2
[gat-train] update=1736 samples=34720 fps=12.5 loss=-0.2965 actor=-0.4232 value=0.1598 entropy=3.3080 mean_return=14.398 mean_len=77.2
[gat-train] update=1737 samples=34740 fps=12.5 loss=-0.4053 actor=-0.9488 value=0.5774 entropy=3.3847 mean_return=14.398 mean_len=77.2
[gat-train] update=1738 samples=34760 fps=12.5 loss=-1.0513 actor=-1.3581 value=0.3400 entropy=3.3169 mean_return=14.398 mean_len=77.2
[gat-train] update=1739 samples=34780 fps=12.5 loss=-0.6409 actor=-1.0697 value=0.4643 entropy=3.5557 mean_return=14.398 mean_len=77.2
[gat-train] update=1740 samples=34800 fps=12.5 loss=-1.0666 actor=-2.2344 value=1.2011 entropy=3.3246 mean_return=14.398 mean_len=77.2
[gat-train] update=1741 samples=34820 fps=12.5 loss=1.1256 actor=0.3093 value=0.8497 entropy=3.3390 mean_return=14.398 mean_len=77.2
[gat-train] update=1742 samples=34840 fps=12.5 loss=32.9607 actor=7.8919 value=25.0996 entropy=3.0770 mean_return=14.414 mean_len=77.4
[gat-train] update=1743 samples=34860 fps=12.5 loss=7.5866 actor=1.6309 value=5.9833 entropy=2.7559 mean_return=14.407 mean_len=77.2
[gat-train] update=1744 samples=34880 fps=12.5 loss=-0.3958 actor=-0.9358 value=0.5703 entropy=3.0238 mean_return=14.407 mean_len=77.2
[gat-train] update=1745 samples=34900 fps=12.5 loss=22.5158 actor=4.4500 value=18.0929 entropy=2.7035 mean_return=14.381 mean_len=77.1
[gat-train] update=1746 samples=34920 fps=12.5 loss=0.1005 actor=-0.0864 value=0.2152 entropy=2.8384 mean_return=14.381 mean_len=77.1
[gat-train] update=1747 samples=34940 fps=12.5 loss=33.9922 actor=5.3477 value=28.6738 entropy=2.9372 mean_return=14.365 mean_len=77.1
[gat-train] update=1748 samples=34960 fps=12.5 loss=0.7609 actor=0.6827 value=0.1062 entropy=2.7961 mean_return=14.365 mean_len=77.1
[gat-train] update=1749 samples=34980 fps=12.5 loss=-0.9476 actor=-1.2215 value=0.3050 entropy=3.1109 mean_return=14.365 mean_len=77.1
[gat-train] update=1750 samples=35000 fps=12.5 loss=1.5037 actor=1.0981 value=0.4392 entropy=3.3519 mean_return=14.365 mean_len=77.1
[gat-train] eval update=1750 comp_score=89.99 best=93.94
[gat-train] update=1751 samples=35020 fps=12.5 loss=0.0303 actor=-0.0654 value=0.1285 entropy=3.2884 mean_return=14.365 mean_len=77.1
[gat-train] update=1752 samples=35040 fps=12.5 loss=-0.8689 actor=-1.2316 value=0.3986 entropy=3.5977 mean_return=14.365 mean_len=77.1
[gat-train] update=1753 samples=35060 fps=12.5 loss=-0.2756 actor=-0.5730 value=0.3331 entropy=3.5773 mean_return=14.365 mean_len=77.1
[gat-train] update=1754 samples=35080 fps=12.5 loss=1.9037 actor=1.1758 value=0.7638 entropy=3.5877 mean_return=14.365 mean_len=77.1
[gat-train] update=1755 samples=35100 fps=12.5 loss=2.1202 actor=1.1781 value=0.9764 entropy=3.4355 mean_return=14.365 mean_len=77.1
[gat-train] update=1756 samples=35120 fps=12.4 loss=1.8030 actor=1.1277 value=0.7091 entropy=3.3776 mean_return=14.365 mean_len=77.1
[gat-train] update=1757 samples=35140 fps=12.5 loss=1.0212 actor=0.6224 value=0.4267 entropy=2.7903 mean_return=14.365 mean_len=77.1
[gat-train] update=1758 samples=35160 fps=12.5 loss=10.0278 actor=2.8196 value=7.2349 entropy=2.6718 mean_return=14.357 mean_len=77.1
[gat-train] update=1759 samples=35180 fps=12.5 loss=77.6994 actor=13.5307 value=64.1945 entropy=2.5810 mean_return=14.398 mean_len=77.2
[gat-train] update=1760 samples=35200 fps=12.5 loss=0.7537 actor=-1.1109 value=1.8857 entropy=2.1111 mean_return=14.398 mean_len=77.2
[gat-train] update=1761 samples=35220 fps=12.5 loss=1.4101 actor=1.0214 value=0.4134 entropy=2.4762 mean_return=14.398 mean_len=77.2
[gat-train] update=1762 samples=35240 fps=12.5 loss=0.7016 actor=0.5785 value=0.1469 entropy=2.3855 mean_return=14.398 mean_len=77.2
[gat-train] update=1763 samples=35260 fps=12.5 loss=35.1876 actor=6.3980 value=28.8110 entropy=2.1432 mean_return=14.438 mean_len=77.3
[gat-train] update=1764 samples=35280 fps=12.5 loss=-0.4085 actor=-0.4886 value=0.1017 entropy=2.1598 mean_return=14.438 mean_len=77.3
[gat-train] update=1765 samples=35300 fps=12.5 loss=0.0728 actor=0.0456 value=0.0482 entropy=2.1114 mean_return=14.438 mean_len=77.3
[gat-train] update=1766 samples=35320 fps=12.5 loss=-0.1420 actor=-0.2282 value=0.1097 entropy=2.3516 mean_return=14.438 mean_len=77.3
[gat-train] update=1767 samples=35340 fps=12.5 loss=1.0113 actor=0.5298 value=0.5035 entropy=2.2074 mean_return=14.438 mean_len=77.3
[gat-train] update=1768 samples=35360 fps=12.5 loss=-0.0490 actor=-0.5495 value=0.5216 entropy=2.1138 mean_return=14.438 mean_len=77.3
[gat-train] update=1769 samples=35380 fps=12.5 loss=0.0854 actor=-0.0813 value=0.1902 entropy=2.3542 mean_return=14.438 mean_len=77.3
[gat-train] update=1770 samples=35400 fps=12.5 loss=-0.5952 actor=-0.9522 value=0.3804 entropy=2.3325 mean_return=14.438 mean_len=77.3
[gat-train] update=1771 samples=35420 fps=12.5 loss=-0.0059 actor=-0.3631 value=0.3801 entropy=2.2978 mean_return=14.438 mean_len=77.3
[gat-train] update=1772 samples=35440 fps=12.5 loss=1.6012 actor=0.6184 value=1.0076 entropy=2.4817 mean_return=14.438 mean_len=77.3
[gat-train] update=1773 samples=35460 fps=12.5 loss=0.2165 actor=-0.0595 value=0.2972 entropy=2.1144 mean_return=14.438 mean_len=77.3
[gat-train] update=1774 samples=35480 fps=12.5 loss=46.6076 actor=7.3784 value=39.2525 entropy=2.3260 mean_return=14.430 mean_len=77.2
[gat-train] update=1775 samples=35500 fps=12.5 loss=0.8672 actor=-0.6609 value=1.5464 entropy=1.8272 mean_return=14.430 mean_len=77.2
[gat-train] update=1776 samples=35520 fps=12.5 loss=44.2568 actor=7.6970 value=36.5765 entropy=1.6679 mean_return=14.472 mean_len=77.6
[gat-train] update=1777 samples=35540 fps=12.5 loss=-0.0028 actor=-0.2025 value=0.2129 entropy=1.3122 mean_return=14.472 mean_len=77.6
[gat-train] update=1778 samples=35560 fps=12.5 loss=0.7519 actor=0.4487 value=0.3203 entropy=1.7064 mean_return=14.472 mean_len=77.6
[gat-train] update=1779 samples=35580 fps=12.5 loss=0.8793 actor=0.4761 value=0.4177 entropy=1.4498 mean_return=14.472 mean_len=77.6
[gat-train] update=1780 samples=35600 fps=12.5 loss=17.8341 actor=3.2933 value=14.5558 entropy=1.5000 mean_return=14.508 mean_len=77.8
[gat-train] update=1781 samples=35620 fps=12.5 loss=0.0492 actor=-0.0021 value=0.0665 entropy=1.5172 mean_return=14.508 mean_len=77.8
[gat-train] update=1782 samples=35640 fps=12.5 loss=-0.0399 actor=-0.0893 value=0.0673 entropy=1.7873 mean_return=14.508 mean_len=77.8
[gat-train] update=1783 samples=35660 fps=12.5 loss=0.2034 actor=0.0418 value=0.1802 entropy=1.8618 mean_return=14.508 mean_len=77.8
[gat-train] update=1784 samples=35680 fps=12.5 loss=-0.3460 actor=-0.5246 value=0.2001 entropy=2.1469 mean_return=14.508 mean_len=77.8
[gat-train] update=1785 samples=35700 fps=12.5 loss=-0.2643 actor=-0.3834 value=0.1422 entropy=2.3130 mean_return=14.508 mean_len=77.8
[gat-train] update=1786 samples=35720 fps=12.5 loss=1.2836 actor=0.8158 value=0.4882 entropy=2.0317 mean_return=14.508 mean_len=77.8
[gat-train] update=1787 samples=35740 fps=12.5 loss=-0.5321 actor=-0.9613 value=0.4505 entropy=2.1329 mean_return=14.508 mean_len=77.8
[gat-train] update=1788 samples=35760 fps=12.5 loss=-0.3389 actor=-0.5511 value=0.2353 entropy=2.3119 mean_return=14.508 mean_len=77.8
[gat-train] update=1789 samples=35780 fps=12.5 loss=0.8832 actor=0.3898 value=0.5171 entropy=2.3600 mean_return=14.508 mean_len=77.8
[gat-train] update=1790 samples=35800 fps=12.5 loss=-0.2638 actor=-0.5931 value=0.3528 entropy=2.3483 mean_return=14.508 mean_len=77.8
[gat-train] update=1791 samples=35820 fps=12.5 loss=29.5083 actor=6.6463 value=22.8831 entropy=2.1088 mean_return=14.537 mean_len=77.8
[gat-train] update=1792 samples=35840 fps=12.5 loss=0.9031 actor=0.6039 value=0.3175 entropy=1.8298 mean_return=14.537 mean_len=77.8
[gat-train] update=1793 samples=35860 fps=12.5 loss=27.8816 actor=5.5379 value=22.3612 entropy=1.7520 mean_return=14.552 mean_len=77.9
[gat-train] update=1794 samples=35880 fps=12.5 loss=0.5322 actor=0.3712 value=0.1783 entropy=1.7407 mean_return=14.552 mean_len=77.9
[gat-train] update=1795 samples=35900 fps=12.5 loss=1.8874 actor=0.8921 value=1.0130 entropy=1.7717 mean_return=14.552 mean_len=77.9
[gat-train] update=1796 samples=35920 fps=12.5 loss=2.0572 actor=0.9505 value=1.1270 entropy=2.0292 mean_return=14.552 mean_len=77.9
[gat-train] update=1797 samples=35940 fps=12.5 loss=28.0528 actor=5.0007 value=23.0717 entropy=1.9488 mean_return=14.541 mean_len=77.9
[gat-train] update=1798 samples=35960 fps=12.5 loss=-0.3313 actor=-0.4389 value=0.1262 entropy=1.8581 mean_return=14.541 mean_len=77.9
[gat-train] update=1799 samples=35980 fps=12.5 loss=0.0296 actor=-0.0321 value=0.0805 entropy=1.8800 mean_return=14.541 mean_len=77.9
[gat-train] update=1800 samples=36000 fps=12.5 loss=-0.4986 actor=-0.5591 value=0.0831 entropy=2.2672 mean_return=14.541 mean_len=77.9
[gat-train] eval update=1800 comp_score=88.52 best=93.94
[gat-train] update=1801 samples=36020 fps=12.4 loss=-0.4810 actor=-0.6575 value=0.1994 entropy=2.2920 mean_return=14.541 mean_len=77.9
[gat-train] update=1802 samples=36040 fps=12.4 loss=-0.6465 actor=-0.8611 value=0.2401 entropy=2.5517 mean_return=14.541 mean_len=77.9
[gat-train] update=1803 samples=36060 fps=12.4 loss=-0.3050 actor=-0.4696 value=0.1911 entropy=2.6499 mean_return=14.541 mean_len=77.9
[gat-train] update=1804 samples=36080 fps=12.4 loss=-0.8855 actor=-1.1165 value=0.2591 entropy=2.8087 mean_return=14.541 mean_len=77.9
[gat-train] update=1805 samples=36100 fps=12.4 loss=-0.7881 actor=-1.1123 value=0.3528 entropy=2.8628 mean_return=14.541 mean_len=77.9
[gat-train] update=1806 samples=36120 fps=12.4 loss=-0.4583 actor=-0.9486 value=0.5199 entropy=2.9557 mean_return=14.541 mean_len=77.9
[gat-train] update=1807 samples=36140 fps=12.4 loss=3.3690 actor=1.3497 value=2.0484 entropy=2.9200 mean_return=14.541 mean_len=77.9
[gat-train] update=1808 samples=36160 fps=12.4 loss=60.0833 actor=10.8871 value=49.2231 entropy=2.6889 mean_return=14.497 mean_len=77.7
[gat-train] update=1809 samples=36180 fps=12.4 loss=2.7020 actor=1.4470 value=1.2766 entropy=2.1640 mean_return=14.497 mean_len=77.7
[gat-train] update=1810 samples=36200 fps=12.4 loss=10.1918 actor=2.8858 value=7.3270 entropy=2.1055 mean_return=14.527 mean_len=77.8
[gat-train] update=1811 samples=36220 fps=12.4 loss=0.3151 actor=0.2066 value=0.1308 entropy=2.2373 mean_return=14.527 mean_len=77.8
[gat-train] update=1812 samples=36240 fps=12.4 loss=0.0828 actor=-0.5853 value=0.6907 entropy=2.2541 mean_return=14.527 mean_len=77.8
[gat-train] update=1813 samples=36260 fps=12.4 loss=0.7192 actor=0.4478 value=0.2941 entropy=2.2737 mean_return=14.527 mean_len=77.8
[gat-train] update=1814 samples=36280 fps=12.4 loss=16.7659 actor=3.1568 value=13.6310 entropy=2.1874 mean_return=14.526 mean_len=77.8
[gat-train] update=1815 samples=36300 fps=12.4 loss=-0.1713 actor=-0.2613 value=0.1129 entropy=2.2992 mean_return=14.526 mean_len=77.8
[gat-train] update=1816 samples=36320 fps=12.4 loss=-0.0162 actor=-0.1564 value=0.1657 entropy=2.5568 mean_return=14.526 mean_len=77.8
[gat-train] update=1817 samples=36340 fps=12.4 loss=0.2436 actor=0.0189 value=0.2523 entropy=2.7623 mean_return=14.526 mean_len=77.8
[gat-train] update=1818 samples=36360 fps=12.4 loss=-1.1560 actor=-2.0269 value=0.8984 entropy=2.7482 mean_return=14.526 mean_len=77.8
[gat-train] update=1819 samples=36380 fps=12.4 loss=0.4885 actor=0.2523 value=0.2675 entropy=3.1336 mean_return=14.526 mean_len=77.8
[gat-train] update=1820 samples=36400 fps=12.4 loss=-0.5143 actor=-0.7920 value=0.3094 entropy=3.1731 mean_return=14.526 mean_len=77.8
[gat-train] update=1821 samples=36420 fps=12.4 loss=-0.1712 actor=-0.2529 value=0.1132 entropy=3.1473 mean_return=14.526 mean_len=77.8
[gat-train] update=1822 samples=36440 fps=12.4 loss=2.0929 actor=1.5528 value=0.5711 entropy=3.1058 mean_return=14.526 mean_len=77.8
[gat-train] update=1823 samples=36460 fps=12.4 loss=-0.4000 actor=-0.7643 value=0.3920 entropy=2.7682 mean_return=14.526 mean_len=77.8
[gat-train] update=1824 samples=36480 fps=12.4 loss=33.4221 actor=7.9605 value=25.4844 entropy=2.2755 mean_return=14.476 mean_len=77.7
[gat-train] update=1825 samples=36500 fps=12.4 loss=0.6536 actor=0.2894 value=0.3868 entropy=2.2520 mean_return=14.476 mean_len=77.7
[gat-train] update=1826 samples=36520 fps=12.4 loss=31.5337 actor=5.4975 value=26.0587 entropy=2.2561 mean_return=14.493 mean_len=77.9
[gat-train] update=1827 samples=36540 fps=12.4 loss=-0.2290 actor=-0.3500 value=0.1435 entropy=2.2594 mean_return=14.493 mean_len=77.9
[gat-train] update=1828 samples=36560 fps=12.4 loss=-0.0568 actor=-0.3815 value=0.3475 entropy=2.2817 mean_return=14.493 mean_len=77.9
[gat-train] update=1829 samples=36580 fps=12.5 loss=0.1338 actor=-0.0563 value=0.2108 entropy=2.0599 mean_return=14.493 mean_len=77.9
[gat-train] update=1830 samples=36600 fps=12.5 loss=45.4286 actor=8.5203 value=36.9329 entropy=2.4646 mean_return=14.512 mean_len=77.9
[gat-train] update=1831 samples=36620 fps=12.5 loss=0.2351 actor=-0.2759 value=0.5327 entropy=2.1698 mean_return=14.512 mean_len=77.9
[gat-train] update=1832 samples=36640 fps=12.5 loss=0.5919 actor=0.4425 value=0.1746 entropy=2.5209 mean_return=14.512 mean_len=77.9
[gat-train] update=1833 samples=36660 fps=12.5 loss=-0.2998 actor=-0.4830 value=0.2064 entropy=2.3165 mean_return=14.512 mean_len=77.9
[gat-train] update=1834 samples=36680 fps=12.5 loss=-0.4878 actor=-0.6790 value=0.2112 entropy=2.0038 mean_return=14.512 mean_len=77.9
[gat-train] update=1835 samples=36700 fps=12.4 loss=1.3631 actor=0.9359 value=0.4515 entropy=2.4237 mean_return=14.512 mean_len=77.9
[gat-train] update=1836 samples=36720 fps=12.4 loss=-0.8696 actor=-1.5374 value=0.6927 entropy=2.4938 mean_return=14.512 mean_len=77.9
[gat-train] update=1837 samples=36740 fps=12.4 loss=-0.9725 actor=-1.2955 value=0.3476 entropy=2.4620 mean_return=14.512 mean_len=77.9
[gat-train] update=1838 samples=36760 fps=12.4 loss=0.8000 actor=0.3819 value=0.4461 entropy=2.8070 mean_return=14.512 mean_len=77.9
[gat-train] update=1839 samples=36780 fps=12.4 loss=0.8934 actor=0.1895 value=0.7309 entropy=2.6991 mean_return=14.512 mean_len=77.9
[gat-train] update=1840 samples=36800 fps=12.4 loss=3.2443 actor=1.8658 value=1.4039 entropy=2.5415 mean_return=14.512 mean_len=77.9
[gat-train] update=1841 samples=36820 fps=12.4 loss=69.6726 actor=11.8876 value=57.8087 entropy=2.3725 mean_return=14.582 mean_len=78.4
[gat-train] update=1842 samples=36840 fps=12.4 loss=0.3905 actor=0.2843 value=0.1237 entropy=1.7482 mean_return=14.582 mean_len=78.4
[gat-train] update=1843 samples=36860 fps=12.4 loss=15.0132 actor=2.7207 value=12.3121 entropy=1.9518 mean_return=14.599 mean_len=78.5
[gat-train] update=1844 samples=36880 fps=12.4 loss=-0.2696 actor=-0.4692 value=0.2190 entropy=1.9369 mean_return=14.599 mean_len=78.5
[gat-train] update=1845 samples=36900 fps=12.4 loss=0.4908 actor=0.4030 value=0.1084 entropy=2.0573 mean_return=14.599 mean_len=78.5
[gat-train] update=1846 samples=36920 fps=12.4 loss=28.7860 actor=5.3559 value=23.4531 entropy=2.2894 mean_return=14.628 mean_len=78.9
[gat-train] update=1847 samples=36940 fps=12.5 loss=-0.0739 actor=-0.1844 value=0.1281 entropy=1.7624 mean_return=14.628 mean_len=78.9
[gat-train] update=1848 samples=36960 fps=12.5 loss=0.0908 actor=0.0382 value=0.0749 entropy=2.2306 mean_return=14.628 mean_len=78.9
[gat-train] update=1849 samples=36980 fps=12.5 loss=0.6306 actor=0.5529 value=0.1033 entropy=2.5524 mean_return=14.628 mean_len=78.9
[gat-train] update=1850 samples=37000 fps=12.5 loss=-0.4277 actor=-0.4873 value=0.0855 entropy=2.5900 mean_return=14.628 mean_len=78.9
[gat-train] eval update=1850 comp_score=89.26 best=93.94
[gat-train] update=1851 samples=37020 fps=12.4 loss=0.0150 actor=-0.1274 value=0.1694 entropy=2.7058 mean_return=14.628 mean_len=78.9
[gat-train] update=1852 samples=37040 fps=12.4 loss=0.3390 actor=0.2000 value=0.1696 entropy=3.0608 mean_return=14.628 mean_len=78.9
[gat-train] update=1853 samples=37060 fps=12.4 loss=-1.0178 actor=-1.9425 value=0.9557 entropy=3.1010 mean_return=14.628 mean_len=78.9
[gat-train] update=1854 samples=37080 fps=12.4 loss=-0.9809 actor=-1.2325 value=0.2832 entropy=3.1627 mean_return=14.628 mean_len=78.9
[gat-train] update=1855 samples=37100 fps=12.4 loss=2.1731 actor=1.6586 value=0.5489 entropy=3.4397 mean_return=14.628 mean_len=78.9
[gat-train] update=1856 samples=37120 fps=12.4 loss=0.1359 actor=-0.0709 value=0.2381 entropy=3.1385 mean_return=14.628 mean_len=78.9
[gat-train] update=1857 samples=37140 fps=12.4 loss=0.6535 actor=-1.0826 value=1.7658 entropy=2.9666 mean_return=14.628 mean_len=78.9
[gat-train] update=1858 samples=37160 fps=12.4 loss=69.2074 actor=15.9809 value=53.2552 entropy=2.8667 mean_return=14.728 mean_len=79.4
[gat-train] update=1859 samples=37180 fps=12.4 loss=10.9445 actor=2.8254 value=8.1394 entropy=2.0405 mean_return=14.752 mean_len=79.5
[gat-train] update=1860 samples=37200 fps=12.4 loss=0.0344 actor=-0.5448 value=0.6019 entropy=2.2666 mean_return=14.752 mean_len=79.5
[gat-train] update=1861 samples=37220 fps=12.4 loss=45.6672 actor=9.5506 value=36.1440 entropy=2.7422 mean_return=14.738 mean_len=79.4
[gat-train] update=1862 samples=37240 fps=12.4 loss=0.5361 actor=0.0195 value=0.5383 entropy=2.1690 mean_return=14.738 mean_len=79.4
[gat-train] update=1863 samples=37260 fps=12.4 loss=0.2672 actor=0.2597 value=0.0345 entropy=2.7048 mean_return=14.738 mean_len=79.4
[gat-train] update=1864 samples=37280 fps=12.4 loss=1.0862 actor=0.7709 value=0.3420 entropy=2.6692 mean_return=14.738 mean_len=79.4
[gat-train] update=1865 samples=37300 fps=12.4 loss=0.1049 actor=-0.1134 value=0.2480 entropy=2.9667 mean_return=14.738 mean_len=79.4
[gat-train] update=1866 samples=37320 fps=12.4 loss=-0.2796 actor=-1.0502 value=0.8026 entropy=3.1984 mean_return=14.738 mean_len=79.4
[gat-train] update=1867 samples=37340 fps=12.4 loss=-0.9617 actor=-1.2950 value=0.3666 entropy=3.3308 mean_return=14.738 mean_len=79.4
[gat-train] update=1868 samples=37360 fps=12.4 loss=1.2271 actor=0.5020 value=0.7589 entropy=3.3819 mean_return=14.738 mean_len=79.4
[gat-train] update=1869 samples=37380 fps=12.4 loss=-0.6592 actor=-2.0594 value=1.4322 entropy=3.2021 mean_return=14.738 mean_len=79.4
[gat-train] update=1870 samples=37400 fps=12.4 loss=2.1952 actor=0.9645 value=1.2626 entropy=3.1940 mean_return=14.738 mean_len=79.4
[gat-train] update=1871 samples=37420 fps=12.4 loss=0.4951 actor=-0.2520 value=0.7761 entropy=2.8940 mean_return=14.738 mean_len=79.4
[gat-train] update=1872 samples=37440 fps=12.4 loss=3.4691 actor=2.2430 value=1.2529 entropy=2.6731 mean_return=14.738 mean_len=79.4
[gat-train] update=1873 samples=37460 fps=12.4 loss=45.3478 actor=9.6553 value=35.7142 entropy=2.1686 mean_return=14.730 mean_len=79.3
[gat-train] update=1874 samples=37480 fps=12.4 loss=8.9224 actor=2.2258 value=6.7240 entropy=2.7306 mean_return=14.688 mean_len=79.1
[gat-train] update=1875 samples=37500 fps=12.4 loss=0.2042 actor=0.1891 value=0.0471 entropy=3.2031 mean_return=14.688 mean_len=79.1
[gat-train] update=1876 samples=37520 fps=12.4 loss=0.2985 actor=0.2867 value=0.0448 entropy=3.3029 mean_return=14.688 mean_len=79.1
[gat-train] update=1877 samples=37540 fps=12.4 loss=-1.0993 actor=-1.3684 value=0.3031 entropy=3.4109 mean_return=14.688 mean_len=79.1
[gat-train] update=1878 samples=37560 fps=12.4 loss=-0.2395 actor=-0.3154 value=0.1135 entropy=3.7601 mean_return=14.688 mean_len=79.1
[gat-train] update=1879 samples=37580 fps=12.4 loss=-0.3533 actor=-0.3452 value=0.0291 entropy=3.7212 mean_return=14.688 mean_len=79.1
[gat-train] update=1880 samples=37600 fps=12.4 loss=-0.4045 actor=-0.6451 value=0.2768 entropy=3.6263 mean_return=14.688 mean_len=79.1
[gat-train] update=1881 samples=37620 fps=12.4 loss=1.5615 actor=0.8821 value=0.7167 entropy=3.7289 mean_return=14.688 mean_len=79.1
[gat-train] update=1882 samples=37640 fps=12.4 loss=-0.5825 actor=-1.2424 value=0.6969 entropy=3.7049 mean_return=14.688 mean_len=79.1
[gat-train] update=1883 samples=37660 fps=12.3 loss=-0.8090 actor=-1.0456 value=0.2747 entropy=3.8100 mean_return=14.688 mean_len=79.1
[gat-train] update=1884 samples=37680 fps=12.3 loss=-1.6493 actor=-2.3763 value=0.7637 entropy=3.6718 mean_return=14.688 mean_len=79.1
[gat-train] update=1885 samples=37700 fps=12.3 loss=-0.7587 actor=-1.4423 value=0.7194 entropy=3.5860 mean_return=14.688 mean_len=79.1
[gat-train] update=1886 samples=37720 fps=12.3 loss=32.4285 actor=7.7095 value=24.7501 entropy=3.1108 mean_return=14.656 mean_len=78.8
[gat-train] update=1887 samples=37740 fps=12.3 loss=40.2350 actor=8.0578 value=32.2066 entropy=2.9432 mean_return=14.647 mean_len=78.8
[gat-train] update=1888 samples=37760 fps=12.3 loss=23.9279 actor=6.4060 value=17.5481 entropy=2.6119 mean_return=14.627 mean_len=78.6
[gat-train] update=1889 samples=37780 fps=12.3 loss=32.0326 actor=5.3033 value=26.7568 entropy=2.7434 mean_return=14.643 mean_len=78.8
[gat-train] update=1890 samples=37800 fps=12.3 loss=-0.0045 actor=-0.0901 value=0.1151 entropy=2.9512 mean_return=14.643 mean_len=78.8
[gat-train] update=1891 samples=37820 fps=12.3 loss=0.6576 actor=0.5184 value=0.1712 entropy=3.1951 mean_return=14.643 mean_len=78.8
[gat-train] update=1892 samples=37840 fps=12.3 loss=0.2373 actor=0.0027 value=0.2679 entropy=3.3270 mean_return=14.643 mean_len=78.8
[gat-train] update=1893 samples=37860 fps=12.3 loss=0.5800 actor=0.2730 value=0.3403 entropy=3.3348 mean_return=14.643 mean_len=78.8
[gat-train] update=1894 samples=37880 fps=12.3 loss=1.6199 actor=0.3448 value=1.3084 entropy=3.3409 mean_return=14.643 mean_len=78.8
[gat-train] update=1895 samples=37900 fps=12.3 loss=-0.2326 actor=-1.0289 value=0.8304 entropy=3.4082 mean_return=14.643 mean_len=78.8
[gat-train] update=1896 samples=37920 fps=12.3 loss=-0.3652 actor=-1.6448 value=1.3139 entropy=3.4243 mean_return=14.643 mean_len=78.8
[gat-train] update=1897 samples=37940 fps=12.2 loss=-1.2704 actor=-2.3586 value=1.1251 entropy=3.6969 mean_return=14.643 mean_len=78.8
[gat-train] update=1898 samples=37960 fps=12.2 loss=1.4627 actor=0.7443 value=0.7568 entropy=3.8403 mean_return=14.643 mean_len=78.8
[gat-train] update=1899 samples=37980 fps=12.2 loss=0.5201 actor=0.0493 value=0.5048 entropy=3.4075 mean_return=14.643 mean_len=78.8
[gat-train] update=1900 samples=38000 fps=12.2 loss=34.0477 actor=6.1893 value=27.8908 entropy=3.2418 mean_return=14.596 mean_len=78.6
[gat-train] eval update=1900 comp_score=90.72 best=93.94
[gat-train] update=1901 samples=38020 fps=12.2 loss=0.7263 actor=-0.3864 value=1.1425 entropy=2.9849 mean_return=14.596 mean_len=78.6
[gat-train] update=1902 samples=38040 fps=12.2 loss=32.1145 actor=7.1192 value=25.0237 entropy=2.8469 mean_return=14.589 mean_len=78.5
[gat-train] update=1903 samples=38060 fps=12.2 loss=35.2971 actor=4.7635 value=30.5608 entropy=2.7203 mean_return=14.602 mean_len=78.6
[gat-train] update=1904 samples=38080 fps=12.2 loss=1.4710 actor=0.3416 value=1.1586 entropy=2.9301 mean_return=14.602 mean_len=78.6
[gat-train] update=1905 samples=38100 fps=12.2 loss=0.7721 actor=0.2918 value=0.5103 entropy=2.9960 mean_return=14.602 mean_len=78.6
[gat-train] update=1906 samples=38120 fps=12.2 loss=43.6650 actor=6.5614 value=37.1337 entropy=3.0158 mean_return=14.629 mean_len=78.9
[gat-train] update=1907 samples=38140 fps=12.2 loss=-0.0479 actor=-0.5999 value=0.5836 entropy=3.1705 mean_return=14.629 mean_len=78.9
[gat-train] update=1908 samples=38160 fps=12.2 loss=-0.3659 actor=-0.3937 value=0.0614 entropy=3.3588 mean_return=14.629 mean_len=78.9
[gat-train] update=1909 samples=38180 fps=12.1 loss=-0.6501 actor=-0.7004 value=0.0837 entropy=3.3378 mean_return=14.629 mean_len=78.9
[gat-train] update=1910 samples=38200 fps=12.1 loss=0.9939 actor=0.6725 value=0.3567 entropy=3.5272 mean_return=14.629 mean_len=78.9
[gat-train] update=1911 samples=38220 fps=12.1 loss=0.5826 actor=0.1689 value=0.4477 entropy=3.3921 mean_return=14.629 mean_len=78.9
[gat-train] update=1912 samples=38240 fps=12.1 loss=-0.9117 actor=-1.3302 value=0.4513 entropy=3.2810 mean_return=14.629 mean_len=78.9
[gat-train] update=1913 samples=38260 fps=12.1 loss=-1.4782 actor=-1.8883 value=0.4442 entropy=3.4108 mean_return=14.629 mean_len=78.9
[gat-train] update=1914 samples=38280 fps=12.1 loss=2.4485 actor=1.3575 value=1.1266 entropy=3.5702 mean_return=14.629 mean_len=78.9
[gat-train] update=1915 samples=38300 fps=12.1 loss=0.6335 actor=-0.3709 value=1.0377 entropy=3.3225 mean_return=14.629 mean_len=78.9
[gat-train] update=1916 samples=38320 fps=12.1 loss=24.8657 actor=5.4513 value=19.4445 entropy=3.0073 mean_return=14.632 mean_len=78.9
[gat-train] update=1917 samples=38340 fps=12.1 loss=-0.1312 actor=-0.9230 value=0.8163 entropy=2.4423 mean_return=14.632 mean_len=78.9
[gat-train] update=1918 samples=38360 fps=12.1 loss=39.4562 actor=8.6402 value=30.8408 entropy=2.4850 mean_return=14.584 mean_len=78.9
[gat-train] update=1919 samples=38380 fps=12.1 loss=0.2502 actor=0.1193 value=0.1562 entropy=2.5246 mean_return=14.584 mean_len=78.9
[gat-train] update=1920 samples=38400 fps=12.1 loss=0.8761 actor=0.5937 value=0.3060 entropy=2.3530 mean_return=14.584 mean_len=78.9
[gat-train] update=1921 samples=38420 fps=12.1 loss=27.9138 actor=5.6612 value=22.2747 entropy=2.2088 mean_return=14.585 mean_len=79.0
[gat-train] update=1922 samples=38440 fps=12.1 loss=0.2631 actor=0.1975 value=0.0891 entropy=2.3452 mean_return=14.585 mean_len=79.0
[gat-train] update=1923 samples=38460 fps=12.1 loss=0.1154 actor=-0.3017 value=0.4456 entropy=2.8430 mean_return=14.585 mean_len=79.0
[gat-train] update=1924 samples=38480 fps=12.0 loss=2.0310 actor=1.1147 value=0.9452 entropy=2.8973 mean_return=14.585 mean_len=79.0
[gat-train] update=1925 samples=38500 fps=12.0 loss=0.3336 actor=0.1811 value=0.1810 entropy=2.8477 mean_return=14.585 mean_len=79.0
[gat-train] update=1926 samples=38520 fps=12.0 loss=-0.5992 actor=-0.8195 value=0.2518 entropy=3.1579 mean_return=14.585 mean_len=79.0
[gat-train] update=1927 samples=38540 fps=12.0 loss=0.4889 actor=0.3538 value=0.1677 entropy=3.2543 mean_return=14.585 mean_len=79.0
[gat-train] update=1928 samples=38560 fps=12.0 loss=3.3977 actor=2.3742 value=1.0582 entropy=3.4658 mean_return=14.585 mean_len=79.0
[gat-train] update=1929 samples=38580 fps=12.0 loss=-0.5687 actor=-0.9822 value=0.4485 entropy=3.4949 mean_return=14.585 mean_len=79.0
[gat-train] update=1930 samples=38600 fps=11.9 loss=0.8953 actor=0.1152 value=0.8154 entropy=3.5331 mean_return=14.585 mean_len=79.0
[gat-train] update=1931 samples=38620 fps=11.7 loss=0.9653 actor=-0.0238 value=1.0245 entropy=3.5392 mean_return=14.585 mean_len=79.0
[gat-train] update=1932 samples=38640 fps=11.4 loss=31.8853 actor=6.4929 value=25.4240 entropy=3.1677 mean_return=14.626 mean_len=79.0
[gat-train] update=1933 samples=38660 fps=11.1 loss=8.4791 actor=2.7539 value=5.7529 entropy=2.7691 mean_return=14.635 mean_len=78.9
[gat-train] update=1934 samples=38680 fps=10.9 loss=0.9196 actor=0.3652 value=0.5849 entropy=3.0466 mean_return=14.635 mean_len=78.9
[gat-train] update=1935 samples=38700 fps=10.6 loss=15.8763 actor=2.2404 value=13.6652 entropy=2.9227 mean_return=14.639 mean_len=78.9
[gat-train] update=1936 samples=38720 fps=10.4 loss=0.2063 actor=-0.1375 value=0.3759 entropy=3.2132 mean_return=14.639 mean_len=78.9
[gat-train] update=1937 samples=38740 fps=10.2 loss=39.8117 actor=7.2963 value=32.5451 entropy=2.9689 mean_return=14.673 mean_len=79.1
[gat-train] update=1938 samples=38760 fps=10.0 loss=1.2362 actor=0.5040 value=0.7613 entropy=2.9206 mean_return=14.673 mean_len=79.1
[gat-train] update=1939 samples=38780 fps=9.8 loss=-0.5749 actor=-0.9242 value=0.3839 entropy=3.4591 mean_return=14.673 mean_len=79.1
[gat-train] update=1940 samples=38800 fps=9.6 loss=0.7096 actor=0.5302 value=0.2143 entropy=3.4976 mean_return=14.673 mean_len=79.1
[gat-train] update=1941 samples=38820 fps=9.5 loss=0.3472 actor=0.0988 value=0.2836 entropy=3.5132 mean_return=14.673 mean_len=79.1
[gat-train] update=1942 samples=38840 fps=9.3 loss=0.2970 actor=0.1469 value=0.1847 entropy=3.4685 mean_return=14.673 mean_len=79.1
[gat-train] update=1943 samples=38860 fps=9.1 loss=-0.1242 actor=-0.3352 value=0.2464 entropy=3.5321 mean_return=14.673 mean_len=79.1
[gat-train] update=1944 samples=38880 fps=9.0 loss=-0.5255 actor=-1.1776 value=0.6878 entropy=3.5658 mean_return=14.673 mean_len=79.1
[gat-train] update=1945 samples=38900 fps=8.8 loss=1.9381 actor=1.3909 value=0.5829 entropy=3.5734 mean_return=14.673 mean_len=79.1
[gat-train] update=1946 samples=38920 fps=8.7 loss=-0.4108 actor=-0.7006 value=0.3218 entropy=3.2080 mean_return=14.673 mean_len=79.1
[gat-train] update=1947 samples=38940 fps=8.5 loss=58.8667 actor=10.2008 value=48.6948 entropy=2.8845 mean_return=14.683 mean_len=79.0
[gat-train] update=1948 samples=38960 fps=8.4 loss=0.1076 actor=-0.9751 value=1.1124 entropy=2.9704 mean_return=14.683 mean_len=79.0
[gat-train] update=1949 samples=38980 fps=8.2 loss=4.5628 actor=2.3259 value=2.2691 entropy=3.2227 mean_return=14.683 mean_len=79.0
[gat-train] update=1950 samples=39000 fps=8.1 loss=23.7290 actor=5.2588 value=18.5030 entropy=3.2796 mean_return=14.681 mean_len=79.0
[gat-train] eval update=1950 comp_score=89.26 best=93.94
[gat-train] update=1951 samples=39020 fps=8.0 loss=1.7614 actor=0.6788 value=1.1185 entropy=3.5878 mean_return=14.681 mean_len=79.0
[gat-train] update=1952 samples=39040 fps=7.8 loss=2.0144 actor=1.2156 value=0.8361 entropy=3.7208 mean_return=14.681 mean_len=79.0
[gat-train] update=1953 samples=39060 fps=7.7 loss=32.6201 actor=7.3928 value=25.2625 entropy=3.5180 mean_return=14.690 mean_len=78.9
[gat-train] update=1954 samples=39080 fps=7.6 loss=-0.5471 actor=-0.7921 value=0.2818 entropy=3.6775 mean_return=14.690 mean_len=78.9
[gat-train] update=1955 samples=39100 fps=7.5 loss=0.7183 actor=0.6534 value=0.1038 entropy=3.8961 mean_return=14.690 mean_len=78.9
[gat-train] update=1956 samples=39120 fps=7.4 loss=-0.6520 actor=-1.1014 value=0.4881 entropy=3.8602 mean_return=14.690 mean_len=78.9
[gat-train] update=1957 samples=39140 fps=7.3 loss=-0.8276 actor=-1.7755 value=0.9872 entropy=3.9327 mean_return=14.690 mean_len=78.9
[gat-train] update=1958 samples=39160 fps=7.2 loss=0.6113 actor=0.2705 value=0.3810 entropy=4.0185 mean_return=14.690 mean_len=78.9
[gat-train] update=1959 samples=39180 fps=7.1 loss=-0.3297 actor=-0.6677 value=0.3786 entropy=4.0611 mean_return=14.690 mean_len=78.9
[gat-train] update=1960 samples=39200 fps=7.0 loss=-0.1359 actor=-1.4589 value=1.3632 entropy=4.0145 mean_return=14.690 mean_len=78.9
[gat-train] update=1961 samples=39220 fps=6.9 loss=1.0132 actor=-0.0861 value=1.1367 entropy=3.7378 mean_return=14.690 mean_len=78.9
[gat-train] update=1962 samples=39240 fps=6.8 loss=-0.8512 actor=-2.3742 value=1.5596 entropy=3.6567 mean_return=14.690 mean_len=78.9
[gat-train] update=1963 samples=39260 fps=6.7 loss=22.4872 actor=6.1365 value=16.3848 entropy=3.4094 mean_return=14.698 mean_len=79.0
[gat-train] update=1964 samples=39280 fps=6.6 loss=30.9682 actor=4.9585 value=26.0375 entropy=2.7772 mean_return=14.698 mean_len=79.1
[gat-train] update=1965 samples=39300 fps=6.5 loss=20.8564 actor=4.7667 value=16.1202 entropy=3.0506 mean_return=14.661 mean_len=78.9
[gat-train] update=1966 samples=39320 fps=6.4 loss=0.0877 actor=-0.0164 value=0.1368 entropy=3.2687 mean_return=14.661 mean_len=78.9
[gat-train] update=1967 samples=39340 fps=6.4 loss=2.6508 actor=1.9521 value=0.7323 entropy=3.3546 mean_return=14.661 mean_len=78.9
[gat-train] update=1968 samples=39360 fps=6.3 loss=-0.5556 actor=-0.8141 value=0.2907 entropy=3.2188 mean_return=14.661 mean_len=78.9
[gat-train] update=1969 samples=39380 fps=6.2 loss=15.4537 actor=3.3537 value=12.1344 entropy=3.4434 mean_return=14.648 mean_len=78.8
[gat-train] update=1970 samples=39400 fps=6.1 loss=-0.3906 actor=-0.4414 value=0.0872 entropy=3.6447 mean_return=14.648 mean_len=78.8
[gat-train] update=1971 samples=39420 fps=6.1 loss=0.2578 actor=-0.1785 value=0.4719 entropy=3.5673 mean_return=14.648 mean_len=78.8
[gat-train] update=1972 samples=39440 fps=6.0 loss=0.4102 actor=-0.4830 value=0.9288 entropy=3.5598 mean_return=14.648 mean_len=78.8
[gat-train] update=1973 samples=39460 fps=5.9 loss=0.4253 actor=-0.1375 value=0.6010 entropy=3.8185 mean_return=14.648 mean_len=78.8
[gat-train] update=1974 samples=39480 fps=5.9 loss=1.0172 actor=0.6886 value=0.3665 entropy=3.7871 mean_return=14.648 mean_len=78.8
[gat-train] update=1975 samples=39500 fps=5.8 loss=-1.4971 actor=-2.3569 value=0.8949 entropy=3.5112 mean_return=14.648 mean_len=78.8
[gat-train] update=1976 samples=39520 fps=5.7 loss=3.8800 actor=2.2662 value=1.6510 entropy=3.7159 mean_return=14.648 mean_len=78.8
[gat-train] update=1977 samples=39540 fps=5.7 loss=25.9756 actor=4.1462 value=21.8611 entropy=3.1709 mean_return=14.604 mean_len=78.6
[gat-train] update=1978 samples=39560 fps=5.6 loss=25.8867 actor=6.2330 value=19.6872 entropy=3.3497 mean_return=14.560 mean_len=78.3
[gat-train] update=1979 samples=39580 fps=5.6 loss=0.7136 actor=-0.0913 value=0.8379 entropy=3.3000 mean_return=14.560 mean_len=78.3
[gat-train] update=1980 samples=39600 fps=5.5 loss=2.2850 actor=1.3672 value=0.9517 entropy=3.3901 mean_return=14.560 mean_len=78.3
[gat-train] update=1981 samples=39620 fps=5.4 loss=8.8948 actor=2.5598 value=6.3688 entropy=3.3845 mean_return=14.520 mean_len=78.2
[gat-train] update=1982 samples=39640 fps=5.4 loss=1.4657 actor=0.7803 value=0.7185 entropy=3.3096 mean_return=14.520 mean_len=78.2
[gat-train] update=1983 samples=39660 fps=5.3 loss=12.4662 actor=1.6601 value=10.8401 entropy=3.4097 mean_return=14.480 mean_len=77.9
[gat-train] update=1984 samples=39680 fps=5.3 loss=0.4912 actor=0.1315 value=0.3975 entropy=3.7820 mean_return=14.480 mean_len=77.9
[gat-train] update=1985 samples=39700 fps=5.2 loss=-1.0396 actor=-1.1988 value=0.1982 entropy=3.8959 mean_return=14.480 mean_len=77.9
[gat-train] update=1986 samples=39720 fps=5.2 loss=-0.0205 actor=-0.3284 value=0.3469 entropy=3.8973 mean_return=14.480 mean_len=77.9
[gat-train] update=1987 samples=39740 fps=5.1 loss=-0.7662 actor=-1.8843 value=1.1564 entropy=3.8277 mean_return=14.480 mean_len=77.9
[gat-train] update=1988 samples=39760 fps=5.1 loss=1.3465 actor=-0.0990 value=1.4843 entropy=3.8813 mean_return=14.480 mean_len=77.9
[gat-train] update=1989 samples=39780 fps=5.0 loss=0.2120 actor=-0.7242 value=0.9731 entropy=3.6873 mean_return=14.480 mean_len=77.9
[gat-train] update=1990 samples=39800 fps=5.0 loss=0.7646 actor=-1.0475 value=1.8440 entropy=3.1965 mean_return=14.480 mean_len=77.9
[gat-train] update=1991 samples=39820 fps=4.9 loss=26.7288 actor=6.2384 value=20.5230 entropy=3.2567 mean_return=14.423 mean_len=77.6
[gat-train] update=1992 samples=39840 fps=4.9 loss=16.7420 actor=4.2099 value=12.5652 entropy=3.3114 mean_return=14.387 mean_len=77.3
[gat-train] update=1993 samples=39860 fps=4.9 loss=0.8239 actor=0.4015 value=0.4589 entropy=3.6479 mean_return=14.387 mean_len=77.3
[gat-train] update=1994 samples=39880 fps=4.9 loss=0.2632 actor=-0.2440 value=0.5428 entropy=3.5504 mean_return=14.387 mean_len=77.3
[gat-train] update=1995 samples=39900 fps=4.9 loss=0.0261 actor=-0.4606 value=0.5224 entropy=3.5717 mean_return=14.387 mean_len=77.3
[gat-train] update=1996 samples=39920 fps=4.9 loss=1.0843 actor=0.1782 value=0.9364 entropy=3.0262 mean_return=14.387 mean_len=77.3
[gat-train] update=1997 samples=39940 fps=4.9 loss=14.5269 actor=3.3920 value=11.1676 entropy=3.2771 mean_return=14.311 mean_len=77.1
[gat-train] update=1998 samples=39960 fps=4.9 loss=0.7801 actor=0.7191 value=0.0976 entropy=3.6545 mean_return=14.311 mean_len=77.1
[gat-train] update=1999 samples=39980 fps=4.9 loss=-0.2506 actor=-0.3191 value=0.1058 entropy=3.7323 mean_return=14.311 mean_len=77.1
[gat-train] update=2000 samples=40000 fps=4.9 loss=0.2830 actor=-0.0208 value=0.3413 entropy=3.7495 mean_return=14.311 mean_len=77.1
[gat-train] eval update=2000 comp_score=89.26 best=93.94
[gat-train] update=2001 samples=40020 fps=4.9 loss=-1.0922 actor=-1.6871 value=0.6318 entropy=3.6949 mean_return=14.311 mean_len=77.1
[gat-train] update=2002 samples=40040 fps=4.9 loss=-0.9828 actor=-1.3949 value=0.4493 entropy=3.7238 mean_return=14.311 mean_len=77.1
[gat-train] update=2003 samples=40060 fps=4.9 loss=-0.1795 actor=-0.6428 value=0.4987 entropy=3.5366 mean_return=14.311 mean_len=77.1
[gat-train] update=2004 samples=40080 fps=4.9 loss=0.0139 actor=-0.8393 value=0.8886 entropy=3.5414 mean_return=14.311 mean_len=77.1
[gat-train] update=2005 samples=40100 fps=4.9 loss=4.9935 actor=2.8145 value=2.2130 entropy=3.3888 mean_return=14.311 mean_len=77.1
[gat-train] update=2006 samples=40120 fps=4.9 loss=33.3700 actor=5.4453 value=27.9535 entropy=2.8753 mean_return=14.225 mean_len=76.6
[gat-train] update=2007 samples=40140 fps=4.9 loss=1.0960 actor=0.7647 value=0.3634 entropy=3.2051 mean_return=14.225 mean_len=76.6
[gat-train] update=2008 samples=40160 fps=4.9 loss=0.4200 actor=0.0691 value=0.3817 entropy=3.0791 mean_return=14.225 mean_len=76.6
[gat-train] update=2009 samples=40180 fps=4.9 loss=1.1252 actor=0.7606 value=0.3959 entropy=3.1242 mean_return=14.225 mean_len=76.6
[gat-train] update=2010 samples=40200 fps=4.9 loss=21.5793 actor=5.1592 value=16.4507 entropy=3.0665 mean_return=14.132 mean_len=76.2
[gat-train] update=2011 samples=40220 fps=4.9 loss=-0.4421 actor=-0.4781 value=0.0689 entropy=3.2858 mean_return=14.132 mean_len=76.2
[gat-train] update=2012 samples=40240 fps=4.9 loss=0.3050 actor=0.1500 value=0.1894 entropy=3.4410 mean_return=14.132 mean_len=76.2
[gat-train] update=2013 samples=40260 fps=4.9 loss=0.3428 actor=-0.6216 value=0.9987 entropy=3.4299 mean_return=14.132 mean_len=76.2
[gat-train] update=2014 samples=40280 fps=4.9 loss=-0.6113 actor=-0.9368 value=0.3623 entropy=3.6788 mean_return=14.132 mean_len=76.2
[gat-train] update=2015 samples=40300 fps=4.9 loss=0.5366 actor=-0.6640 value=1.2352 entropy=3.4536 mean_return=14.132 mean_len=76.2
[gat-train] update=2016 samples=40320 fps=4.9 loss=0.9606 actor=-0.2469 value=1.2429 entropy=3.5410 mean_return=14.132 mean_len=76.2
[gat-train] update=2017 samples=40340 fps=4.9 loss=-0.5181 actor=-1.8773 value=1.3957 entropy=3.6414 mean_return=14.132 mean_len=76.2
[gat-train] update=2018 samples=40360 fps=4.9 loss=1.0972 actor=0.7792 value=0.3544 entropy=3.6391 mean_return=14.132 mean_len=76.2
[gat-train] update=2019 samples=40380 fps=4.9 loss=1.2020 actor=0.6343 value=0.6017 entropy=3.3935 mean_return=14.132 mean_len=76.2
[gat-train] update=2020 samples=40400 fps=4.9 loss=1.2020 actor=-0.5872 value=1.8211 entropy=3.1845 mean_return=14.132 mean_len=76.2
[gat-train] update=2021 samples=40420 fps=4.9 loss=52.8954 actor=11.3000 value=41.6192 entropy=2.3784 mean_return=14.054 mean_len=75.5
[gat-train] update=2022 samples=40440 fps=4.9 loss=8.3121 actor=1.4466 value=6.8913 entropy=2.5871 mean_return=14.025 mean_len=75.3
[gat-train] update=2023 samples=40460 fps=4.9 loss=1.8921 actor=1.1557 value=0.7682 entropy=3.1813 mean_return=14.025 mean_len=75.3
[gat-train] update=2024 samples=40480 fps=4.9 loss=6.7591 actor=2.2001 value=4.5917 entropy=3.2732 mean_return=13.974 mean_len=74.9
[gat-train] update=2025 samples=40500 fps=4.9 loss=-0.1037 actor=-0.1405 value=0.0711 entropy=3.4237 mean_return=13.974 mean_len=74.9
[gat-train] update=2026 samples=40520 fps=4.9 loss=-0.7241 actor=-0.7960 value=0.1070 entropy=3.5115 mean_return=13.974 mean_len=74.9
[gat-train] update=2027 samples=40540 fps=4.9 loss=-0.6053 actor=-0.6971 value=0.1279 entropy=3.6156 mean_return=13.974 mean_len=74.9
[gat-train] update=2028 samples=40560 fps=4.9 loss=0.6031 actor=0.5484 value=0.0913 entropy=3.6550 mean_return=13.974 mean_len=74.9
[gat-train] update=2029 samples=40580 fps=4.9 loss=-0.7887 actor=-1.0060 value=0.2527 entropy=3.5308 mean_return=13.974 mean_len=74.9
[gat-train] update=2030 samples=40600 fps=4.9 loss=-0.9055 actor=-1.3694 value=0.4992 entropy=3.5372 mean_return=13.974 mean_len=74.9
[gat-train] update=2031 samples=40620 fps=4.9 loss=1.0172 actor=0.4817 value=0.5709 entropy=3.5452 mean_return=13.974 mean_len=74.9
[gat-train] update=2032 samples=40640 fps=4.9 loss=0.1257 actor=-0.8977 value=1.0577 entropy=3.4304 mean_return=13.974 mean_len=74.9
[gat-train] update=2033 samples=40660 fps=4.9 loss=-0.0393 actor=-0.8125 value=0.8072 entropy=3.4000 mean_return=13.974 mean_len=74.9
[gat-train] update=2034 samples=40680 fps=4.9 loss=-0.8259 actor=-1.5305 value=0.7357 entropy=3.1059 mean_return=13.974 mean_len=74.9
[gat-train] update=2035 samples=40700 fps=5.0 loss=0.1385 actor=-0.6545 value=0.8212 entropy=2.8273 mean_return=13.974 mean_len=74.9
[gat-train] update=2036 samples=40720 fps=5.0 loss=12.6486 actor=2.5225 value=10.1553 entropy=2.9274 mean_return=13.915 mean_len=74.5
[gat-train] update=2037 samples=40740 fps=5.0 loss=2.2401 actor=1.7261 value=0.5419 entropy=2.7968 mean_return=13.915 mean_len=74.5
[gat-train] update=2038 samples=40760 fps=5.0 loss=35.5455 actor=7.5800 value=27.9899 entropy=2.4419 mean_return=13.845 mean_len=74.3
[gat-train] update=2039 samples=40780 fps=5.0 loss=0.3201 actor=0.1303 value=0.2170 entropy=2.7225 mean_return=13.845 mean_len=74.3
[gat-train] update=2040 samples=40800 fps=5.0 loss=0.2849 actor=0.2027 value=0.1119 entropy=2.9733 mean_return=13.845 mean_len=74.3
[gat-train] update=2041 samples=40820 fps=5.0 loss=-0.4330 actor=-0.5011 value=0.0979 entropy=2.9757 mean_return=13.845 mean_len=74.3
[gat-train] update=2042 samples=40840 fps=5.0 loss=-0.6660 actor=-0.7307 value=0.0960 entropy=3.1208 mean_return=13.845 mean_len=74.3
[gat-train] update=2043 samples=40860 fps=5.0 loss=0.5592 actor=0.4789 value=0.1134 entropy=3.3028 mean_return=13.845 mean_len=74.3
[gat-train] update=2044 samples=40880 fps=5.0 loss=-0.4124 actor=-0.9837 value=0.6041 entropy=3.2746 mean_return=13.845 mean_len=74.3
[gat-train] update=2045 samples=40900 fps=5.0 loss=-1.0391 actor=-1.7923 value=0.7868 entropy=3.3522 mean_return=13.845 mean_len=74.3
[gat-train] update=2046 samples=40920 fps=5.0 loss=-1.4249 actor=-1.8837 value=0.4939 entropy=3.5210 mean_return=13.845 mean_len=74.3
[gat-train] update=2047 samples=40940 fps=5.0 loss=0.6555 actor=0.3745 value=0.3158 entropy=3.4812 mean_return=13.845 mean_len=74.3
[gat-train] update=2048 samples=40960 fps=5.0 loss=-0.5125 actor=-1.0810 value=0.6025 entropy=3.4009 mean_return=13.845 mean_len=74.3
[gat-train] update=2049 samples=40980 fps=5.0 loss=1.7744 actor=1.1101 value=0.6953 entropy=3.1001 mean_return=13.845 mean_len=74.3
[gat-train] update=2050 samples=41000 fps=5.0 loss=37.0880 actor=8.4014 value=28.7136 entropy=2.7039 mean_return=13.783 mean_len=73.9
[gat-train] eval update=2050 comp_score=90.72 best=93.94
[gat-train] update=2051 samples=41020 fps=5.0 loss=1.6968 actor=1.1610 value=0.5600 entropy=2.4098 mean_return=13.783 mean_len=73.9
[gat-train] update=2052 samples=41040 fps=5.0 loss=49.6679 actor=10.8530 value=38.8391 entropy=2.4208 mean_return=13.747 mean_len=73.9
[gat-train] update=2053 samples=41060 fps=5.0 loss=0.3016 actor=0.2279 value=0.0973 entropy=2.3673 mean_return=13.747 mean_len=73.9
[gat-train] update=2054 samples=41080 fps=5.0 loss=0.1861 actor=0.1334 value=0.0784 entropy=2.5645 mean_return=13.747 mean_len=73.9
[gat-train] update=2055 samples=41100 fps=5.0 loss=-0.2979 actor=-0.4232 value=0.1517 entropy=2.6363 mean_return=13.747 mean_len=73.9
[gat-train] update=2056 samples=41120 fps=5.0 loss=-0.3269 actor=-0.3391 value=0.0403 entropy=2.8109 mean_return=13.747 mean_len=73.9
[gat-train] update=2057 samples=41140 fps=5.0 loss=-0.3743 actor=-0.5649 value=0.2174 entropy=2.6847 mean_return=13.747 mean_len=73.9
[gat-train] update=2058 samples=41160 fps=5.0 loss=-0.0201 actor=-0.4681 value=0.4762 entropy=2.8181 mean_return=13.747 mean_len=73.9
[gat-train] update=2059 samples=41180 fps=5.0 loss=-0.6634 actor=-0.9226 value=0.2881 entropy=2.8900 mean_return=13.747 mean_len=73.9
[gat-train] update=2060 samples=41200 fps=5.0 loss=-0.4466 actor=-0.6188 value=0.2015 entropy=2.9356 mean_return=13.747 mean_len=73.9
[gat-train] update=2061 samples=41220 fps=5.0 loss=0.4832 actor=0.1304 value=0.3837 entropy=3.0994 mean_return=13.747 mean_len=73.9
[gat-train] update=2062 samples=41240 fps=5.0 loss=3.5626 actor=2.2811 value=1.3145 entropy=3.2984 mean_return=13.747 mean_len=73.9
[gat-train] update=2063 samples=41260 fps=5.0 loss=1.6385 actor=0.9188 value=0.7513 entropy=3.1602 mean_return=13.747 mean_len=73.9
[gat-train] update=2064 samples=41280 fps=5.0 loss=17.7566 actor=3.6602 value=14.1250 entropy=2.8554 mean_return=13.734 mean_len=73.8
[gat-train] update=2065 samples=41300 fps=5.0 loss=0.4893 actor=-0.2461 value=0.7631 entropy=2.7585 mean_return=13.734 mean_len=73.8
[gat-train] update=2066 samples=41320 fps=5.0 loss=40.6890 actor=7.6874 value=33.0283 entropy=2.6596 mean_return=13.783 mean_len=74.2
[gat-train] update=2067 samples=41340 fps=5.0 loss=0.8609 actor=-0.3162 value=1.2002 entropy=2.3160 mean_return=13.783 mean_len=74.2
[gat-train] update=2068 samples=41360 fps=5.0 loss=15.2271 actor=3.3164 value=11.9306 entropy=1.9880 mean_return=13.814 mean_len=74.5
[gat-train] update=2069 samples=41380 fps=5.0 loss=25.9025 actor=5.5036 value=20.4206 entropy=2.1699 mean_return=13.865 mean_len=74.7
[gat-train] update=2070 samples=41400 fps=5.0 loss=-0.0232 actor=-0.0600 value=0.0570 entropy=2.0194 mean_return=13.865 mean_len=74.7
[gat-train] update=2071 samples=41420 fps=5.0 loss=0.1629 actor=0.1144 value=0.0683 entropy=1.9811 mean_return=13.865 mean_len=74.7
[gat-train] update=2072 samples=41440 fps=5.0 loss=-0.4227 actor=-0.4903 value=0.0892 entropy=2.1559 mean_return=13.865 mean_len=74.7
[gat-train] update=2073 samples=41460 fps=5.0 loss=0.4786 actor=0.3134 value=0.1864 entropy=2.1200 mean_return=13.865 mean_len=74.7
[gat-train] update=2074 samples=41480 fps=5.0 loss=0.1621 actor=0.0491 value=0.1371 entropy=2.4069 mean_return=13.865 mean_len=74.7
[gat-train] update=2075 samples=41500 fps=5.0 loss=0.7339 actor=0.5698 value=0.1898 entropy=2.5785 mean_return=13.865 mean_len=74.7
[gat-train] update=2076 samples=41520 fps=5.0 loss=-0.9388 actor=-1.8205 value=0.9080 entropy=2.6367 mean_return=13.865 mean_len=74.7
[gat-train] update=2077 samples=41540 fps=5.0 loss=-0.5748 actor=-0.7931 value=0.2452 entropy=2.6957 mean_return=13.865 mean_len=74.7
[gat-train] update=2078 samples=41560 fps=5.0 loss=1.7236 actor=0.7832 value=0.9659 entropy=2.5422 mean_return=13.865 mean_len=74.7
[gat-train] update=2079 samples=41580 fps=5.0 loss=1.3642 actor=-0.4537 value=1.8463 entropy=2.8497 mean_return=13.865 mean_len=74.7
[gat-train] update=2080 samples=41600 fps=5.0 loss=14.7198 actor=3.0044 value=11.7419 entropy=2.6524 mean_return=13.899 mean_len=74.9
[gat-train] update=2081 samples=41620 fps=5.0 loss=0.5131 actor=-0.9799 value=1.5177 entropy=2.4722 mean_return=13.899 mean_len=74.9
[gat-train] update=2082 samples=41640 fps=5.0 loss=1.9950 actor=0.6134 value=1.4076 entropy=2.6024 mean_return=13.899 mean_len=74.9
[gat-train] update=2083 samples=41660 fps=5.0 loss=27.5200 actor=5.9054 value=21.6389 entropy=2.4270 mean_return=13.919 mean_len=74.9
[gat-train] update=2084 samples=41680 fps=5.0 loss=15.5282 actor=2.5307 value=13.0163 entropy=1.8693 mean_return=13.975 mean_len=75.1
[gat-train] update=2085 samples=41700 fps=5.0 loss=26.1074 actor=5.6733 value=20.4564 entropy=2.2283 mean_return=14.000 mean_len=75.2
[gat-train] update=2086 samples=41720 fps=5.0 loss=0.6706 actor=0.6228 value=0.0705 entropy=2.2668 mean_return=14.000 mean_len=75.2
[gat-train] update=2087 samples=41740 fps=5.0 loss=-0.3519 actor=-0.4726 value=0.1464 entropy=2.5717 mean_return=14.000 mean_len=75.2
[gat-train] update=2088 samples=41760 fps=5.0 loss=-0.3389 actor=-0.3338 value=0.0238 entropy=2.8982 mean_return=14.000 mean_len=75.2
[gat-train] update=2089 samples=41780 fps=5.0 loss=0.3950 actor=0.3362 value=0.0875 entropy=2.8692 mean_return=14.000 mean_len=75.2
[gat-train] update=2090 samples=41800 fps=5.0 loss=-0.6707 actor=-0.9726 value=0.3324 entropy=3.0519 mean_return=14.000 mean_len=75.2
[gat-train] update=2091 samples=41820 fps=5.0 loss=-0.3920 actor=-0.5136 value=0.1540 entropy=3.2340 mean_return=14.000 mean_len=75.2
[gat-train] update=2092 samples=41840 fps=5.0 loss=0.3805 actor=0.2124 value=0.2008 entropy=3.2628 mean_return=14.000 mean_len=75.2
[gat-train] update=2093 samples=41860 fps=5.0 loss=-0.6398 actor=-0.8283 value=0.2222 entropy=3.3768 mean_return=14.000 mean_len=75.2
[gat-train] update=2094 samples=41880 fps=5.0 loss=-0.4440 actor=-0.6028 value=0.1943 entropy=3.5582 mean_return=14.000 mean_len=75.2
[gat-train] update=2095 samples=41900 fps=5.0 loss=3.7540 actor=1.9713 value=1.8177 entropy=3.5021 mean_return=14.000 mean_len=75.2
[gat-train] update=2096 samples=41920 fps=5.0 loss=1.6406 actor=0.4716 value=1.2012 entropy=3.2177 mean_return=14.000 mean_len=75.2
[gat-train] update=2097 samples=41940 fps=5.0 loss=36.1089 actor=7.4032 value=28.7351 entropy=2.9455 mean_return=14.040 mean_len=75.4
[gat-train] update=2098 samples=41960 fps=5.0 loss=56.0568 actor=12.7418 value=43.3406 entropy=2.5550 mean_return=13.997 mean_len=75.1
[gat-train] update=2099 samples=41980 fps=5.0 loss=0.3251 actor=-1.0511 value=1.4015 entropy=2.5329 mean_return=13.997 mean_len=75.1
[gat-train] update=2100 samples=42000 fps=5.0 loss=0.8043 actor=0.5243 value=0.3073 entropy=2.7291 mean_return=13.997 mean_len=75.1
[gat-train] eval update=2100 comp_score=88.97 best=93.94
[gat-train] update=2101 samples=42020 fps=5.0 loss=18.5637 actor=3.4521 value=15.1377 entropy=2.6099 mean_return=14.039 mean_len=75.3
[gat-train] update=2102 samples=42040 fps=5.0 loss=0.0413 actor=0.0291 value=0.0425 entropy=3.0379 mean_return=14.039 mean_len=75.3
[gat-train] update=2103 samples=42060 fps=5.0 loss=-0.4118 actor=-0.4471 value=0.0661 entropy=3.0826 mean_return=14.039 mean_len=75.3
[gat-train] update=2104 samples=42080 fps=5.0 loss=3.9221 actor=2.1080 value=1.8469 entropy=3.2791 mean_return=14.039 mean_len=75.3
[gat-train] update=2105 samples=42100 fps=5.0 loss=-0.3350 actor=-1.6110 value=1.3057 entropy=2.9684 mean_return=14.039 mean_len=75.3
[gat-train] update=2106 samples=42120 fps=5.0 loss=-1.2155 actor=-1.8030 value=0.6219 entropy=3.4422 mean_return=14.039 mean_len=75.3
[gat-train] update=2107 samples=42140 fps=5.0 loss=-0.7175 actor=-1.1962 value=0.5117 entropy=3.3083 mean_return=14.039 mean_len=75.3
[gat-train] update=2108 samples=42160 fps=5.0 loss=-0.8927 actor=-1.2193 value=0.3600 entropy=3.3425 mean_return=14.039 mean_len=75.3
[gat-train] update=2109 samples=42180 fps=5.0 loss=1.4397 actor=0.5192 value=0.9554 entropy=3.4872 mean_return=14.039 mean_len=75.3
[gat-train] update=2110 samples=42200 fps=5.0 loss=-0.3622 actor=-1.1046 value=0.7766 entropy=3.4138 mean_return=14.039 mean_len=75.3
[gat-train] update=2111 samples=42220 fps=5.0 loss=3.2534 actor=2.1486 value=1.1393 entropy=3.4460 mean_return=14.039 mean_len=75.3
[gat-train] update=2112 samples=42240 fps=5.0 loss=-0.3188 actor=-1.6683 value=1.3804 entropy=3.0864 mean_return=14.039 mean_len=75.3
[gat-train] update=2113 samples=42260 fps=5.0 loss=67.2041 actor=14.7547 value=52.4753 entropy=2.5940 mean_return=14.010 mean_len=75.1
[gat-train] update=2114 samples=42280 fps=5.0 loss=0.6248 actor=0.4842 value=0.1655 entropy=2.4945 mean_return=14.010 mean_len=75.1
[gat-train] update=2115 samples=42300 fps=5.0 loss=0.4681 actor=0.3434 value=0.1516 entropy=2.6871 mean_return=14.010 mean_len=75.1
[gat-train] update=2116 samples=42320 fps=5.0 loss=0.1581 actor=0.0069 value=0.1752 entropy=2.4022 mean_return=14.010 mean_len=75.1
[gat-train] update=2117 samples=42340 fps=5.0 loss=17.3867 actor=4.2321 value=13.1807 entropy=2.6183 mean_return=13.993 mean_len=75.2
[gat-train] update=2118 samples=42360 fps=5.0 loss=-0.2548 actor=-0.2756 value=0.0523 entropy=3.1539 mean_return=13.993 mean_len=75.2
[gat-train] update=2119 samples=42380 fps=5.0 loss=-0.3474 actor=-0.3695 value=0.0536 entropy=3.1493 mean_return=13.993 mean_len=75.2
[gat-train] update=2120 samples=42400 fps=5.0 loss=-0.7877 actor=-0.9643 value=0.2091 entropy=3.2486 mean_return=13.993 mean_len=75.2
[gat-train] update=2121 samples=42420 fps=5.0 loss=-1.1133 actor=-1.6216 value=0.5422 entropy=3.3925 mean_return=13.993 mean_len=75.2
[gat-train] update=2122 samples=42440 fps=5.0 loss=0.2961 actor=-0.4613 value=0.7917 entropy=3.4281 mean_return=13.993 mean_len=75.2
[gat-train] update=2123 samples=42460 fps=5.0 loss=1.5497 actor=0.0783 value=1.5052 entropy=3.3880 mean_return=13.993 mean_len=75.2
[gat-train] update=2124 samples=42480 fps=5.0 loss=-1.0967 actor=-2.1129 value=1.0508 entropy=3.4497 mean_return=13.993 mean_len=75.2
[gat-train] update=2125 samples=42500 fps=5.0 loss=-0.4062 actor=-0.7075 value=0.3384 entropy=3.7019 mean_return=13.993 mean_len=75.2
[gat-train] update=2126 samples=42520 fps=5.0 loss=-0.5538 actor=-1.0155 value=0.4965 entropy=3.4768 mean_return=13.993 mean_len=75.2
[gat-train] update=2127 samples=42540 fps=5.0 loss=2.0294 actor=1.0051 value=1.0580 entropy=3.3750 mean_return=13.993 mean_len=75.2
[gat-train] update=2128 samples=42560 fps=5.0 loss=2.9386 actor=1.8482 value=1.1216 entropy=3.1183 mean_return=13.993 mean_len=75.2
[gat-train] update=2129 samples=42580 fps=5.0 loss=49.0816 actor=8.2276 value=40.8779 entropy=2.3930 mean_return=13.962 mean_len=75.1
[gat-train] update=2130 samples=42600 fps=5.0 loss=8.7271 actor=1.6265 value=7.1267 entropy=2.6100 mean_return=13.998 mean_len=75.3
[gat-train] update=2131 samples=42620 fps=5.0 loss=0.4255 actor=0.2241 value=0.2317 entropy=3.0347 mean_return=13.998 mean_len=75.3
[gat-train] update=2132 samples=42640 fps=5.0 loss=1.9755 actor=1.1828 value=0.8222 entropy=2.9561 mean_return=13.998 mean_len=75.3
[gat-train] update=2133 samples=42660 fps=5.0 loss=7.5269 actor=1.6553 value=5.9004 entropy=2.8856 mean_return=14.005 mean_len=75.4
[gat-train] update=2134 samples=42680 fps=5.0 loss=0.7219 actor=0.1916 value=0.5639 entropy=3.3548 mean_return=14.005 mean_len=75.4
[gat-train] update=2135 samples=42700 fps=5.0 loss=-0.0369 actor=-0.4249 value=0.4220 entropy=3.4045 mean_return=14.005 mean_len=75.4
[gat-train] update=2136 samples=42720 fps=5.0 loss=3.4863 actor=2.5678 value=0.9534 entropy=3.4960 mean_return=14.005 mean_len=75.4
[gat-train] update=2137 samples=42740 fps=5.0 loss=0.8282 actor=0.4354 value=0.4270 entropy=3.4238 mean_return=14.005 mean_len=75.4
[gat-train] update=2138 samples=42760 fps=5.0 loss=-0.3811 actor=-0.7018 value=0.3556 entropy=3.4854 mean_return=14.005 mean_len=75.4
[gat-train] update=2139 samples=42780 fps=5.0 loss=1.8302 actor=1.1035 value=0.7628 entropy=3.6037 mean_return=14.005 mean_len=75.4
[gat-train] update=2140 samples=42800 fps=5.0 loss=-0.3718 actor=-0.9828 value=0.6461 entropy=3.5108 mean_return=14.005 mean_len=75.4
[gat-train] update=2141 samples=42820 fps=5.0 loss=0.8396 actor=0.0079 value=0.8645 entropy=3.2753 mean_return=14.005 mean_len=75.4
[gat-train] update=2142 samples=42840 fps=5.0 loss=6.4826 actor=2.0938 value=4.4222 entropy=3.3419 mean_return=13.984 mean_len=75.1
[gat-train] update=2143 samples=42860 fps=5.0 loss=0.1909 actor=-0.1938 value=0.4149 entropy=3.0306 mean_return=13.984 mean_len=75.1
[gat-train] update=2144 samples=42880 fps=5.0 loss=16.6472 actor=4.4921 value=12.1858 entropy=3.0761 mean_return=13.959 mean_len=75.0
[gat-train] update=2145 samples=42900 fps=5.0 loss=3.3652 actor=2.1574 value=1.2387 entropy=3.0855 mean_return=13.959 mean_len=75.0
[gat-train] update=2146 samples=42920 fps=5.0 loss=9.8608 actor=3.1831 value=6.7042 entropy=2.6524 mean_return=13.963 mean_len=75.0
[gat-train] update=2147 samples=42940 fps=5.0 loss=7.0516 actor=2.7232 value=4.3543 entropy=2.5886 mean_return=13.935 mean_len=74.7
[gat-train] update=2148 samples=42960 fps=5.0 loss=0.0323 actor=-0.0097 value=0.0699 entropy=2.7920 mean_return=13.935 mean_len=74.7
[gat-train] update=2149 samples=42980 fps=5.0 loss=0.2780 actor=0.1842 value=0.1234 entropy=2.9564 mean_return=13.935 mean_len=74.7
[gat-train] update=2150 samples=43000 fps=5.0 loss=0.3258 actor=0.2946 value=0.0590 entropy=2.7809 mean_return=13.935 mean_len=74.7
[gat-train] eval update=2150 comp_score=89.99 best=93.94
[gat-train] update=2151 samples=43020 fps=5.0 loss=-0.4015 actor=-0.4810 value=0.1093 entropy=2.9729 mean_return=13.935 mean_len=74.7
[gat-train] update=2152 samples=43040 fps=5.0 loss=-0.2040 actor=-0.3155 value=0.1418 entropy=3.0241 mean_return=13.935 mean_len=74.7
[gat-train] update=2153 samples=43060 fps=5.0 loss=0.3136 actor=-0.1217 value=0.4647 entropy=2.9447 mean_return=13.935 mean_len=74.7
[gat-train] update=2154 samples=43080 fps=5.0 loss=0.5956 actor=0.0907 value=0.5354 entropy=3.0485 mean_return=13.935 mean_len=74.7
[gat-train] update=2155 samples=43100 fps=5.0 loss=-0.4696 actor=-0.7276 value=0.2890 entropy=3.0973 mean_return=13.935 mean_len=74.7
[gat-train] update=2156 samples=43120 fps=5.0 loss=-0.2199 actor=-1.8598 value=1.6673 entropy=2.7427 mean_return=13.935 mean_len=74.7
[gat-train] update=2157 samples=43140 fps=5.0 loss=16.0525 actor=3.3037 value=12.7762 entropy=2.7378 mean_return=13.956 mean_len=74.8
[gat-train] update=2158 samples=43160 fps=5.0 loss=-1.0284 actor=-1.4462 value=0.4409 entropy=2.3026 mean_return=13.956 mean_len=74.8
[gat-train] update=2159 samples=43180 fps=5.0 loss=0.7706 actor=0.4766 value=0.3172 entropy=2.3157 mean_return=13.956 mean_len=74.8
[gat-train] update=2160 samples=43200 fps=5.0 loss=36.8461 actor=6.7446 value=30.1225 entropy=2.1026 mean_return=13.976 mean_len=74.9
[gat-train] update=2161 samples=43220 fps=5.0 loss=1.5415 actor=0.1355 value=1.4248 entropy=1.8721 mean_return=13.976 mean_len=74.9
[gat-train] update=2162 samples=43240 fps=5.0 loss=39.9360 actor=6.7791 value=33.1760 entropy=1.9185 mean_return=14.026 mean_len=75.1
[gat-train] update=2163 samples=43260 fps=5.0 loss=30.9814 actor=5.5809 value=25.4150 entropy=1.4462 mean_return=14.063 mean_len=75.4
[gat-train] update=2164 samples=43280 fps=5.0 loss=0.4516 actor=0.3743 value=0.0905 entropy=1.3099 mean_return=14.063 mean_len=75.4
[gat-train] update=2165 samples=43300 fps=5.0 loss=0.1238 actor=-0.0998 value=0.2404 entropy=1.6810 mean_return=14.063 mean_len=75.4
[gat-train] update=2166 samples=43320 fps=5.0 loss=0.3623 actor=0.2278 value=0.1506 entropy=1.6160 mean_return=14.063 mean_len=75.4
[gat-train] update=2167 samples=43340 fps=5.0 loss=-0.2625 actor=-0.3382 value=0.0910 entropy=1.5318 mean_return=14.063 mean_len=75.4
[gat-train] update=2168 samples=43360 fps=5.0 loss=-0.1656 actor=-0.4098 value=0.2602 entropy=1.5947 mean_return=14.063 mean_len=75.4
[gat-train] update=2169 samples=43380 fps=5.0 loss=-0.2166 actor=-0.3437 value=0.1423 entropy=1.5244 mean_return=14.063 mean_len=75.4
[gat-train] update=2170 samples=43400 fps=5.0 loss=1.5291 actor=0.5317 value=1.0156 entropy=1.8145 mean_return=14.063 mean_len=75.4
[gat-train] update=2171 samples=43420 fps=5.0 loss=0.0037 actor=-0.8310 value=0.8550 entropy=2.0352 mean_return=14.063 mean_len=75.4
[gat-train] update=2172 samples=43440 fps=5.0 loss=38.8228 actor=7.0560 value=31.7893 entropy=2.2379 mean_return=14.080 mean_len=75.4
[gat-train] update=2173 samples=43460 fps=5.0 loss=-0.3525 actor=-1.1702 value=0.8368 entropy=1.9148 mean_return=14.080 mean_len=75.4
[gat-train] update=2174 samples=43480 fps=5.0 loss=-0.4172 actor=-0.6852 value=0.2913 entropy=2.3291 mean_return=14.080 mean_len=75.4
[gat-train] update=2175 samples=43500 fps=5.0 loss=-0.3097 actor=-0.7403 value=0.4547 entropy=2.4106 mean_return=14.080 mean_len=75.4
[gat-train] update=2176 samples=43520 fps=5.0 loss=1.0856 actor=0.3029 value=0.8064 entropy=2.3705 mean_return=14.080 mean_len=75.4
[gat-train] update=2177 samples=43540 fps=5.0 loss=23.0668 actor=4.0970 value=18.9919 entropy=2.2148 mean_return=14.117 mean_len=75.6
[gat-train] update=2178 samples=43560 fps=5.0 loss=0.8736 actor=-0.0248 value=0.9158 entropy=1.7331 mean_return=14.117 mean_len=75.6
[gat-train] update=2179 samples=43580 fps=5.0 loss=19.4849 actor=5.0812 value=14.4215 entropy=1.7822 mean_return=14.148 mean_len=76.0
[gat-train] update=2180 samples=43600 fps=5.0 loss=36.0778 actor=5.8777 value=30.2194 entropy=1.9294 mean_return=14.191 mean_len=76.2
[gat-train] update=2181 samples=43620 fps=5.0 loss=0.4795 actor=-0.0817 value=0.5786 entropy=1.7378 mean_return=14.191 mean_len=76.2
[gat-train] update=2182 samples=43640 fps=5.0 loss=-0.2048 actor=-0.4041 value=0.2199 entropy=2.0503 mean_return=14.191 mean_len=76.2
[gat-train] update=2183 samples=43660 fps=5.0 loss=0.2872 actor=0.1979 value=0.1102 entropy=2.0944 mean_return=14.191 mean_len=76.2
[gat-train] update=2184 samples=43680 fps=5.0 loss=-0.1153 actor=-0.2268 value=0.1347 entropy=2.3201 mean_return=14.191 mean_len=76.2
[gat-train] update=2185 samples=43700 fps=5.0 loss=1.1175 actor=0.2005 value=0.9409 entropy=2.3946 mean_return=14.191 mean_len=76.2
[gat-train] update=2186 samples=43720 fps=5.0 loss=0.0449 actor=-0.8647 value=0.9354 entropy=2.5745 mean_return=14.191 mean_len=76.2
[gat-train] update=2187 samples=43740 fps=5.0 loss=-0.4659 actor=-0.7270 value=0.2865 entropy=2.5328 mean_return=14.191 mean_len=76.2
[gat-train] update=2188 samples=43760 fps=5.0 loss=0.2830 actor=-0.5454 value=0.8522 entropy=2.3732 mean_return=14.191 mean_len=76.2
[gat-train] update=2189 samples=43780 fps=5.0 loss=2.1657 actor=1.4204 value=0.7693 entropy=2.4026 mean_return=14.191 mean_len=76.2
[gat-train] update=2190 samples=43800 fps=5.0 loss=0.6251 actor=-0.4433 value=1.0886 entropy=2.0219 mean_return=14.191 mean_len=76.2
[gat-train] update=2191 samples=43820 fps=5.0 loss=9.6320 actor=2.0299 value=7.6264 entropy=2.4369 mean_return=14.243 mean_len=76.4
[gat-train] update=2192 samples=43840 fps=5.0 loss=0.1694 actor=-0.2122 value=0.4036 entropy=2.1959 mean_return=14.243 mean_len=76.4
[gat-train] update=2193 samples=43860 fps=5.0 loss=28.9327 actor=5.1304 value=23.8200 entropy=1.7634 mean_return=14.287 mean_len=76.7
[gat-train] update=2194 samples=43880 fps=5.0 loss=0.3207 actor=0.1521 value=0.1869 entropy=1.8290 mean_return=14.287 mean_len=76.7
[gat-train] update=2195 samples=43900 fps=5.0 loss=15.4286 actor=3.7593 value=11.6832 entropy=1.3921 mean_return=14.334 mean_len=76.9
[gat-train] update=2196 samples=43920 fps=5.0 loss=0.2673 actor=0.0390 value=0.2430 entropy=1.4647 mean_return=14.334 mean_len=76.9
[gat-train] update=2197 samples=43940 fps=5.0 loss=-0.2887 actor=-0.4427 value=0.1726 entropy=1.8542 mean_return=14.334 mean_len=76.9
[gat-train] update=2198 samples=43960 fps=5.0 loss=-0.3086 actor=-0.8824 value=0.5897 entropy=1.5903 mean_return=14.334 mean_len=76.9
[gat-train] update=2199 samples=43980 fps=5.0 loss=40.8466 actor=6.1118 value=34.7530 entropy=1.8200 mean_return=14.385 mean_len=77.3
[gat-train] update=2200 samples=44000 fps=5.0 loss=0.1995 actor=0.1396 value=0.0728 entropy=1.2868 mean_return=14.385 mean_len=77.3
[gat-train] eval update=2200 comp_score=88.24 best=93.94
[gat-train] update=2201 samples=44020 fps=5.0 loss=-0.1258 actor=-0.2158 value=0.1052 entropy=1.5198 mean_return=14.385 mean_len=77.3
[gat-train] update=2202 samples=44040 fps=5.0 loss=-0.1470 actor=-0.2116 value=0.0794 entropy=1.4748 mean_return=14.385 mean_len=77.3
[gat-train] update=2203 samples=44060 fps=5.0 loss=-0.1491 actor=-0.5218 value=0.3863 entropy=1.3601 mean_return=14.385 mean_len=77.3
[gat-train] update=2204 samples=44080 fps=5.0 loss=-0.2124 actor=-0.3032 value=0.1047 entropy=1.3911 mean_return=14.385 mean_len=77.3
[gat-train] update=2205 samples=44100 fps=5.0 loss=-0.2795 actor=-0.4740 value=0.2092 entropy=1.4609 mean_return=14.385 mean_len=77.3
[gat-train] update=2206 samples=44120 fps=5.0 loss=0.9772 actor=0.0814 value=0.9108 entropy=1.5020 mean_return=14.385 mean_len=77.3
[gat-train] update=2207 samples=44140 fps=5.0 loss=0.1860 actor=-0.1802 value=0.3822 entropy=1.5977 mean_return=14.385 mean_len=77.3
[gat-train] update=2208 samples=44160 fps=5.0 loss=1.0662 actor=0.3176 value=0.7652 entropy=1.6574 mean_return=14.385 mean_len=77.3
[gat-train] update=2209 samples=44180 fps=5.0 loss=36.5173 actor=5.6205 value=30.9112 entropy=1.4443 mean_return=14.483 mean_len=77.8
[gat-train] update=2210 samples=44200 fps=5.0 loss=8.4132 actor=2.1353 value=6.2897 entropy=1.1789 mean_return=14.548 mean_len=78.1
[gat-train] update=2211 samples=44220 fps=5.0 loss=22.5325 actor=3.1323 value=19.4176 entropy=1.7415 mean_return=14.565 mean_len=78.2
[gat-train] update=2212 samples=44240 fps=5.0 loss=0.0521 actor=0.0131 value=0.0508 entropy=1.1786 mean_return=14.565 mean_len=78.2
[gat-train] update=2213 samples=44260 fps=5.0 loss=2.1340 actor=1.4888 value=0.6588 entropy=1.3592 mean_return=14.565 mean_len=78.2
[gat-train] update=2214 samples=44280 fps=5.0 loss=0.2772 actor=0.1321 value=0.1623 entropy=1.7091 mean_return=14.565 mean_len=78.2
[gat-train] update=2215 samples=44300 fps=5.0 loss=14.0620 actor=3.2487 value=10.8294 entropy=1.6184 mean_return=14.609 mean_len=78.6
[gat-train] update=2216 samples=44320 fps=5.0 loss=1.0646 actor=0.5972 value=0.4833 entropy=1.5865 mean_return=14.609 mean_len=78.6
[gat-train] update=2217 samples=44340 fps=5.0 loss=-0.3171 actor=-0.8405 value=0.5384 entropy=1.5038 mean_return=14.609 mean_len=78.6
[gat-train] update=2218 samples=44360 fps=5.0 loss=-0.1615 actor=-0.2479 value=0.1014 entropy=1.5017 mean_return=14.609 mean_len=78.6
[gat-train] update=2219 samples=44380 fps=5.0 loss=-0.0121 actor=-0.2000 value=0.2054 entropy=1.7443 mean_return=14.609 mean_len=78.6
[gat-train] update=2220 samples=44400 fps=5.0 loss=-0.2569 actor=-0.8346 value=0.5930 entropy=1.5293 mean_return=14.609 mean_len=78.6
[gat-train] update=2221 samples=44420 fps=5.0 loss=-0.0482 actor=-0.3809 value=0.3462 entropy=1.3462 mean_return=14.609 mean_len=78.6
[gat-train] update=2222 samples=44440 fps=5.0 loss=0.0952 actor=-0.2091 value=0.3191 entropy=1.4844 mean_return=14.609 mean_len=78.6
[gat-train] update=2223 samples=44460 fps=5.0 loss=0.1945 actor=-0.0680 value=0.2793 entropy=1.6777 mean_return=14.609 mean_len=78.6
[gat-train] update=2224 samples=44480 fps=5.0 loss=0.7250 actor=0.3744 value=0.3722 entropy=2.1561 mean_return=14.609 mean_len=78.6
[gat-train] update=2225 samples=44500 fps=5.0 loss=1.0446 actor=0.3212 value=0.7398 entropy=1.6333 mean_return=14.609 mean_len=78.6
[gat-train] update=2226 samples=44520 fps=5.0 loss=1.6658 actor=1.0293 value=0.6544 entropy=1.7953 mean_return=14.609 mean_len=78.6
[gat-train] update=2227 samples=44540 fps=5.0 loss=47.3067 actor=8.1077 value=39.2165 entropy=1.7437 mean_return=14.744 mean_len=79.3
[gat-train] update=2228 samples=44560 fps=5.0 loss=1.1825 actor=0.6397 value=0.5568 entropy=1.3926 mean_return=14.744 mean_len=79.3
[gat-train] update=2229 samples=44580 fps=5.0 loss=0.4941 actor=0.3240 value=0.1925 entropy=2.2528 mean_return=14.744 mean_len=79.3
[gat-train] update=2230 samples=44600 fps=5.0 loss=17.9612 actor=3.4169 value=14.5648 entropy=2.0476 mean_return=14.763 mean_len=79.4
[gat-train] update=2231 samples=44620 fps=5.0 loss=0.2314 actor=0.2057 value=0.0479 entropy=2.2273 mean_return=14.763 mean_len=79.4
[gat-train] update=2232 samples=44640 fps=5.0 loss=0.0798 actor=-0.0106 value=0.1037 entropy=1.3312 mean_return=14.763 mean_len=79.4
[gat-train] update=2233 samples=44660 fps=5.0 loss=-0.0743 actor=-0.1187 value=0.0676 entropy=2.3247 mean_return=14.763 mean_len=79.4
[gat-train] update=2234 samples=44680 fps=5.0 loss=-0.1506 actor=-0.3164 value=0.1836 entropy=1.7916 mean_return=14.763 mean_len=79.4
[gat-train] update=2235 samples=44700 fps=5.0 loss=0.0370 actor=-0.0007 value=0.0516 entropy=1.3902 mean_return=14.763 mean_len=79.4
[gat-train] update=2236 samples=44720 fps=5.0 loss=-0.3090 actor=-0.4854 value=0.1950 entropy=1.8578 mean_return=14.763 mean_len=79.4
[gat-train] update=2237 samples=44740 fps=5.0 loss=-0.1838 actor=-0.3476 value=0.1794 entropy=1.5561 mean_return=14.763 mean_len=79.4
[gat-train] update=2238 samples=44760 fps=5.0 loss=0.7077 actor=0.3765 value=0.3469 entropy=1.5791 mean_return=14.763 mean_len=79.4
[gat-train] update=2239 samples=44780 fps=5.0 loss=0.6348 actor=-0.2274 value=0.8755 entropy=1.3328 mean_return=14.763 mean_len=79.4
[gat-train] update=2240 samples=44800 fps=5.0 loss=0.5978 actor=-0.1639 value=0.7799 entropy=1.8167 mean_return=14.763 mean_len=79.4
[gat-train] update=2241 samples=44820 fps=5.0 loss=3.3467 actor=1.2494 value=2.1133 entropy=1.5949 mean_return=14.763 mean_len=79.4
[gat-train] update=2242 samples=44840 fps=5.0 loss=1.9928 actor=0.8380 value=1.1692 entropy=1.4300 mean_return=14.763 mean_len=79.4
[gat-train] update=2243 samples=44860 fps=5.0 loss=63.5579 actor=9.7973 value=53.7789 entropy=1.8281 mean_return=14.825 mean_len=79.6
[gat-train] update=2244 samples=44880 fps=5.0 loss=17.0219 actor=3.4987 value=13.5395 entropy=1.6203 mean_return=14.866 mean_len=79.9
[gat-train] update=2245 samples=44900 fps=5.0 loss=0.2341 actor=-0.0139 value=0.2677 entropy=1.9644 mean_return=14.866 mean_len=79.9
[gat-train] update=2246 samples=44920 fps=5.0 loss=35.2016 actor=5.2336 value=29.9837 entropy=1.5716 mean_return=14.891 mean_len=80.1
[gat-train] update=2247 samples=44940 fps=5.0 loss=0.8616 actor=0.3467 value=0.5299 entropy=1.5064 mean_return=14.891 mean_len=80.1
[gat-train] update=2248 samples=44960 fps=5.0 loss=-0.0623 actor=-0.0684 value=0.0265 entropy=2.0376 mean_return=14.891 mean_len=80.1
[gat-train] update=2249 samples=44980 fps=5.0 loss=0.7833 actor=0.3500 value=0.4493 entropy=1.6112 mean_return=14.891 mean_len=80.1
[gat-train] update=2250 samples=45000 fps=5.0 loss=0.9900 actor=0.5289 value=0.4747 entropy=1.3551 mean_return=14.891 mean_len=80.1
[gat-train] eval update=2250 comp_score=86.77 best=93.94
[gat-train] update=2251 samples=45020 fps=5.0 loss=-0.0355 actor=-0.2702 value=0.2528 entropy=1.8167 mean_return=14.891 mean_len=80.1
[gat-train] update=2252 samples=45040 fps=5.0 loss=0.7080 actor=0.1667 value=0.5587 entropy=1.7331 mean_return=14.891 mean_len=80.1
[gat-train] update=2253 samples=45060 fps=5.0 loss=0.0756 actor=-0.0408 value=0.1347 entropy=1.8353 mean_return=14.891 mean_len=80.1
[gat-train] update=2254 samples=45080 fps=5.0 loss=0.0386 actor=-0.1684 value=0.2295 entropy=2.2580 mean_return=14.891 mean_len=80.1
[gat-train] update=2255 samples=45100 fps=5.0 loss=0.8848 actor=-0.0861 value=0.9839 entropy=1.3033 mean_return=14.891 mean_len=80.1
[gat-train] update=2256 samples=45120 fps=5.0 loss=0.7104 actor=0.0947 value=0.6349 entropy=1.9188 mean_return=14.891 mean_len=80.1
[gat-train] update=2257 samples=45140 fps=5.0 loss=-0.6665 actor=-1.3950 value=0.7511 entropy=2.2623 mean_return=14.891 mean_len=80.1
[gat-train] update=2258 samples=45160 fps=5.0 loss=3.7527 actor=1.7618 value=2.0148 entropy=2.3887 mean_return=14.891 mean_len=80.1
[gat-train] update=2259 samples=45180 fps=5.0 loss=32.8160 actor=7.6408 value=25.1979 entropy=2.2721 mean_return=14.956 mean_len=80.3
[gat-train] update=2260 samples=45200 fps=5.0 loss=0.5780 actor=0.0627 value=0.5380 entropy=2.2709 mean_return=14.956 mean_len=80.3
[gat-train] update=2261 samples=45220 fps=5.0 loss=18.6838 actor=3.1180 value=15.5841 entropy=1.8397 mean_return=15.000 mean_len=80.6
[gat-train] update=2262 samples=45240 fps=5.0 loss=27.5004 actor=3.8787 value=23.6483 entropy=2.6609 mean_return=15.063 mean_len=81.0
[gat-train] update=2263 samples=45260 fps=5.0 loss=22.5038 actor=3.0092 value=19.5187 entropy=2.4094 mean_return=15.061 mean_len=81.0
[gat-train] update=2264 samples=45280 fps=5.0 loss=2.0100 actor=1.2526 value=0.7805 entropy=2.3120 mean_return=15.061 mean_len=81.0
[gat-train] update=2265 samples=45300 fps=5.0 loss=-0.2928 actor=-0.5073 value=0.2410 entropy=2.6463 mean_return=15.061 mean_len=81.0
[gat-train] update=2266 samples=45320 fps=5.0 loss=0.3034 actor=0.2040 value=0.1210 entropy=2.1552 mean_return=15.061 mean_len=81.0
[gat-train] update=2267 samples=45340 fps=5.0 loss=-0.2127 actor=-0.3752 value=0.1876 entropy=2.5029 mean_return=15.061 mean_len=81.0
[gat-train] update=2268 samples=45360 fps=5.0 loss=-0.3650 actor=-0.5134 value=0.1738 entropy=2.5317 mean_return=15.061 mean_len=81.0
[gat-train] update=2269 samples=45380 fps=5.0 loss=0.5712 actor=0.3691 value=0.2323 entropy=3.0225 mean_return=15.061 mean_len=81.0
[gat-train] update=2270 samples=45400 fps=5.0 loss=-0.7185 actor=-1.2099 value=0.5214 entropy=3.0049 mean_return=15.061 mean_len=81.0
[gat-train] update=2271 samples=45420 fps=5.0 loss=0.2811 actor=-0.2714 value=0.5781 entropy=2.5574 mean_return=15.061 mean_len=81.0
[gat-train] update=2272 samples=45440 fps=5.0 loss=-1.1664 actor=-1.6258 value=0.4892 entropy=2.9745 mean_return=15.061 mean_len=81.0
[gat-train] update=2273 samples=45460 fps=5.0 loss=1.5991 actor=1.2925 value=0.3397 entropy=3.3172 mean_return=15.061 mean_len=81.0
[gat-train] update=2274 samples=45480 fps=5.0 loss=1.0658 actor=0.6616 value=0.4372 entropy=3.2981 mean_return=15.061 mean_len=81.0
[gat-train] update=2275 samples=45500 fps=5.0 loss=26.3141 actor=3.0522 value=23.2860 entropy=2.4109 mean_return=15.047 mean_len=81.1
[gat-train] update=2276 samples=45520 fps=5.0 loss=1.2112 actor=-0.5808 value=1.8194 entropy=2.7349 mean_return=15.047 mean_len=81.1
[gat-train] update=2277 samples=45540 fps=5.0 loss=32.4343 actor=5.7972 value=26.6672 entropy=3.0132 mean_return=15.029 mean_len=81.0
[gat-train] update=2278 samples=45560 fps=5.0 loss=2.9370 actor=2.0095 value=0.9543 entropy=2.6842 mean_return=15.029 mean_len=81.0
[gat-train] update=2279 samples=45580 fps=5.0 loss=52.4777 actor=9.0074 value=43.4938 entropy=2.3522 mean_return=15.018 mean_len=81.1
[gat-train] update=2280 samples=45600 fps=5.0 loss=-0.0941 actor=-0.1003 value=0.0412 entropy=3.4932 mean_return=15.018 mean_len=81.1
[gat-train] update=2281 samples=45620 fps=5.0 loss=0.0611 actor=-0.0048 value=0.0927 entropy=2.6784 mean_return=15.018 mean_len=81.1
[gat-train] update=2282 samples=45640 fps=5.0 loss=-0.5461 actor=-0.6100 value=0.1008 entropy=3.6897 mean_return=15.018 mean_len=81.1
[gat-train] update=2283 samples=45660 fps=5.0 loss=1.1068 actor=0.9793 value=0.1636 entropy=3.6076 mean_return=15.018 mean_len=81.1
[gat-train] update=2284 samples=45680 fps=5.0 loss=-0.1042 actor=-0.2041 value=0.1241 entropy=2.4174 mean_return=15.018 mean_len=81.1
[gat-train] update=2285 samples=45700 fps=5.0 loss=0.0605 actor=-0.0939 value=0.1800 entropy=2.5556 mean_return=15.018 mean_len=81.1
[gat-train] update=2286 samples=45720 fps=5.0 loss=1.3835 actor=0.5975 value=0.8190 entropy=3.2976 mean_return=15.018 mean_len=81.1
[gat-train] update=2287 samples=45740 fps=5.0 loss=-0.5144 actor=-1.0188 value=0.5320 entropy=2.7597 mean_return=15.018 mean_len=81.1
[gat-train] update=2288 samples=45760 fps=5.0 loss=1.2344 actor=0.9254 value=0.3355 entropy=2.6510 mean_return=15.018 mean_len=81.1
[gat-train] update=2289 samples=45780 fps=5.0 loss=0.3413 actor=-0.5201 value=0.8890 entropy=2.7667 mean_return=15.018 mean_len=81.1
[gat-train] update=2290 samples=45800 fps=5.0 loss=0.6086 actor=0.1804 value=0.4528 entropy=2.4630 mean_return=15.018 mean_len=81.1
[gat-train] update=2291 samples=45820 fps=5.0 loss=1.1738 actor=-0.6485 value=1.8451 entropy=2.2796 mean_return=15.018 mean_len=81.1
[gat-train] update=2292 samples=45840 fps=5.0 loss=8.4638 actor=0.9293 value=7.5629 entropy=2.8382 mean_return=15.037 mean_len=81.1
[gat-train] update=2293 samples=45860 fps=5.0 loss=37.5169 actor=9.5217 value=28.0229 entropy=2.7677 mean_return=15.010 mean_len=81.0
[gat-train] update=2294 samples=45880 fps=5.0 loss=22.3344 actor=3.1600 value=19.2029 entropy=2.8453 mean_return=14.997 mean_len=80.9
[gat-train] update=2295 samples=45900 fps=5.0 loss=15.6583 actor=3.5559 value=12.1282 entropy=2.5863 mean_return=15.004 mean_len=81.0
[gat-train] update=2296 samples=45920 fps=5.0 loss=-0.4369 actor=-0.8573 value=0.4549 entropy=3.4459 mean_return=15.004 mean_len=81.0
[gat-train] update=2297 samples=45940 fps=5.0 loss=0.4333 actor=0.3306 value=0.1231 entropy=2.0444 mean_return=15.004 mean_len=81.0
[gat-train] update=2298 samples=45960 fps=5.0 loss=1.2679 actor=0.9921 value=0.2978 entropy=2.2027 mean_return=15.004 mean_len=81.0
[gat-train] update=2299 samples=45980 fps=5.1 loss=-0.5968 actor=-0.8090 value=0.2440 entropy=3.1853 mean_return=15.004 mean_len=81.0
[gat-train] update=2300 samples=46000 fps=5.1 loss=0.2151 actor=-0.2052 value=0.4390 entropy=1.8633 mean_return=15.004 mean_len=81.0
[gat-train] eval update=2300 comp_score=89.99 best=93.94
[gat-train] update=2301 samples=46020 fps=5.0 loss=-0.0936 actor=-0.2884 value=0.2240 entropy=2.9189 mean_return=15.004 mean_len=81.0
[gat-train] update=2302 samples=46040 fps=5.0 loss=0.1712 actor=-0.0546 value=0.2507 entropy=2.4865 mean_return=15.004 mean_len=81.0
[gat-train] update=2303 samples=46060 fps=5.0 loss=-0.5271 actor=-0.8959 value=0.3966 entropy=2.7836 mean_return=15.004 mean_len=81.0
[gat-train] update=2304 samples=46080 fps=5.0 loss=-0.5922 actor=-0.8399 value=0.2723 entropy=2.4575 mean_return=15.004 mean_len=81.0
[gat-train] update=2305 samples=46100 fps=5.0 loss=-0.5696 actor=-0.8733 value=0.3265 entropy=2.2848 mean_return=15.004 mean_len=81.0
[gat-train] update=2306 samples=46120 fps=5.0 loss=0.5964 actor=0.2459 value=0.3748 entropy=2.4272 mean_return=15.004 mean_len=81.0
[gat-train] update=2307 samples=46140 fps=5.0 loss=-0.0818 actor=-0.5545 value=0.4979 entropy=2.5157 mean_return=15.004 mean_len=81.0
[gat-train] update=2308 samples=46160 fps=5.0 loss=16.8848 actor=4.9125 value=12.0008 entropy=2.8495 mean_return=15.025 mean_len=81.1
[gat-train] update=2309 samples=46180 fps=5.1 loss=13.9214 actor=2.5088 value=11.4358 entropy=2.3170 mean_return=14.993 mean_len=81.0
[gat-train] update=2310 samples=46200 fps=5.1 loss=26.5265 actor=4.1801 value=22.3699 entropy=2.3579 mean_return=15.038 mean_len=81.2
[gat-train] update=2311 samples=46220 fps=5.1 loss=0.2072 actor=0.0704 value=0.1623 entropy=2.5555 mean_return=15.038 mean_len=81.2
[gat-train] update=2312 samples=46240 fps=5.1 loss=28.6508 actor=3.6245 value=25.0461 entropy=1.9808 mean_return=15.076 mean_len=81.4
[gat-train] update=2313 samples=46260 fps=5.1 loss=-0.1550 actor=-0.1711 value=0.0420 entropy=2.5903 mean_return=15.076 mean_len=81.4
[gat-train] update=2314 samples=46280 fps=5.1 loss=-0.1626 actor=-0.3046 value=0.1676 entropy=2.5624 mean_return=15.076 mean_len=81.4
[gat-train] update=2315 samples=46300 fps=5.1 loss=-0.7249 actor=-0.9082 value=0.2141 entropy=3.0738 mean_return=15.076 mean_len=81.4
[gat-train] update=2316 samples=46320 fps=5.1 loss=0.2020 actor=0.1279 value=0.1004 entropy=2.6358 mean_return=15.076 mean_len=81.4
[gat-train] update=2317 samples=46340 fps=5.1 loss=2.4509 actor=1.4765 value=1.0020 entropy=2.7547 mean_return=15.076 mean_len=81.4
[gat-train] update=2318 samples=46360 fps=5.1 loss=1.1642 actor=0.2687 value=0.9151 entropy=1.9673 mean_return=15.076 mean_len=81.4
[gat-train] update=2319 samples=46380 fps=5.1 loss=-0.5739 actor=-1.7198 value=1.1675 entropy=2.1626 mean_return=15.076 mean_len=81.4
[gat-train] update=2320 samples=46400 fps=5.1 loss=-0.1346 actor=-0.4314 value=0.3242 entropy=2.7398 mean_return=15.076 mean_len=81.4
[gat-train] update=2321 samples=46420 fps=5.1 loss=0.1365 actor=-0.2949 value=0.4574 entropy=2.6010 mean_return=15.076 mean_len=81.4
[gat-train] update=2322 samples=46440 fps=5.1 loss=1.5415 actor=0.6602 value=0.9063 entropy=2.4908 mean_return=15.076 mean_len=81.4
[gat-train] update=2323 samples=46460 fps=5.1 loss=0.2620 actor=-1.3945 value=1.6769 entropy=2.0359 mean_return=15.076 mean_len=81.4
[gat-train] update=2324 samples=46480 fps=5.1 loss=7.7241 actor=2.1329 value=5.6173 entropy=2.6082 mean_return=15.103 mean_len=81.5
[gat-train] update=2325 samples=46500 fps=5.1 loss=0.6976 actor=0.1218 value=0.5982 entropy=2.2344 mean_return=15.103 mean_len=81.5
[gat-train] update=2326 samples=46520 fps=5.1 loss=37.2634 actor=7.9724 value=29.3172 entropy=2.6172 mean_return=15.162 mean_len=81.6
[gat-train] update=2327 samples=46540 fps=5.1 loss=21.8013 actor=5.5914 value=16.2362 entropy=2.6371 mean_return=15.160 mean_len=81.4
[gat-train] update=2328 samples=46560 fps=5.1 loss=1.2858 actor=1.1136 value=0.2002 entropy=2.7966 mean_return=15.160 mean_len=81.4
[gat-train] update=2329 samples=46580 fps=5.1 loss=1.2448 actor=0.9982 value=0.2744 entropy=2.7755 mean_return=15.160 mean_len=81.4
[gat-train] update=2330 samples=46600 fps=5.1 loss=-0.4705 actor=-0.7397 value=0.2909 entropy=2.1771 mean_return=15.160 mean_len=81.4
[gat-train] update=2331 samples=46620 fps=5.1 loss=-0.1796 actor=-0.3825 value=0.2288 entropy=2.5936 mean_return=15.160 mean_len=81.4
[gat-train] update=2332 samples=46640 fps=5.1 loss=-0.3690 actor=-0.9650 value=0.6193 entropy=2.3326 mean_return=15.160 mean_len=81.4
[gat-train] update=2333 samples=46660 fps=5.1 loss=-0.0801 actor=-0.3114 value=0.2504 entropy=1.9037 mean_return=15.160 mean_len=81.4
[gat-train] update=2334 samples=46680 fps=5.1 loss=0.9487 actor=0.4864 value=0.4843 entropy=2.2026 mean_return=15.160 mean_len=81.4
[gat-train] update=2335 samples=46700 fps=5.1 loss=0.7215 actor=0.2251 value=0.5256 entropy=2.9123 mean_return=15.160 mean_len=81.4
[gat-train] update=2336 samples=46720 fps=5.1 loss=0.6610 actor=-0.1042 value=0.7877 entropy=2.2489 mean_return=15.160 mean_len=81.4
[gat-train] update=2337 samples=46740 fps=5.1 loss=0.3300 actor=-0.3829 value=0.7384 entropy=2.5377 mean_return=15.160 mean_len=81.4
[gat-train] update=2338 samples=46760 fps=5.1 loss=0.1566 actor=-0.6158 value=0.7982 entropy=2.5851 mean_return=15.160 mean_len=81.4
[gat-train] update=2339 samples=46780 fps=5.1 loss=0.4792 actor=-0.2868 value=0.7913 entropy=2.5218 mean_return=15.160 mean_len=81.4
[gat-train] update=2340 samples=46800 fps=5.1 loss=1.7152 actor=0.4015 value=1.3333 entropy=1.9582 mean_return=15.160 mean_len=81.4
[gat-train] update=2341 samples=46820 fps=5.1 loss=36.6136 actor=7.8291 value=28.8068 entropy=2.2335 mean_return=15.165 mean_len=81.5
[gat-train] update=2342 samples=46840 fps=5.1 loss=2.3010 actor=0.9596 value=1.3599 entropy=1.8464 mean_return=15.165 mean_len=81.5
[gat-train] update=2343 samples=46860 fps=5.1 loss=99.2848 actor=17.5029 value=81.8125 entropy=3.0567 mean_return=15.264 mean_len=82.3
[gat-train] update=2344 samples=46880 fps=5.1 loss=0.9339 actor=-0.1413 value=1.0967 entropy=2.1580 mean_return=15.264 mean_len=82.3
[gat-train] update=2345 samples=46900 fps=5.1 loss=0.0501 actor=-0.0799 value=0.1523 entropy=2.2314 mean_return=15.264 mean_len=82.3
[gat-train] update=2346 samples=46920 fps=5.1 loss=0.0636 actor=0.0178 value=0.0636 entropy=1.7896 mean_return=15.264 mean_len=82.3
[gat-train] update=2347 samples=46940 fps=5.1 loss=0.4644 actor=0.3548 value=0.1300 entropy=2.0398 mean_return=15.264 mean_len=82.3
[gat-train] update=2348 samples=46960 fps=5.1 loss=0.6552 actor=-0.0800 value=0.7533 entropy=1.8127 mean_return=15.264 mean_len=82.3
[gat-train] update=2349 samples=46980 fps=5.1 loss=-0.0853 actor=-0.3823 value=0.3155 entropy=1.8515 mean_return=15.264 mean_len=82.3
[gat-train] update=2350 samples=47000 fps=5.1 loss=-0.3774 actor=-0.6143 value=0.2538 entropy=1.6922 mean_return=15.264 mean_len=82.3
[gat-train] eval update=2350 comp_score=88.24 best=93.94
[gat-train] update=2351 samples=47020 fps=5.1 loss=-0.5062 actor=-0.6329 value=0.1434 entropy=1.6701 mean_return=15.264 mean_len=82.3
[gat-train] update=2352 samples=47040 fps=5.1 loss=0.4781 actor=0.1695 value=0.3261 entropy=1.7530 mean_return=15.264 mean_len=82.3
[gat-train] update=2353 samples=47060 fps=5.1 loss=0.0788 actor=-0.6034 value=0.6980 entropy=1.5780 mean_return=15.264 mean_len=82.3
[gat-train] update=2354 samples=47080 fps=5.1 loss=1.0642 actor=0.3456 value=0.7372 entropy=1.8621 mean_return=15.264 mean_len=82.3
[gat-train] update=2355 samples=47100 fps=5.1 loss=0.8073 actor=0.0815 value=0.7418 entropy=1.6088 mean_return=15.264 mean_len=82.3
[gat-train] update=2356 samples=47120 fps=5.1 loss=-0.6755 actor=-1.2989 value=0.6428 entropy=1.9421 mean_return=15.264 mean_len=82.3
[gat-train] update=2357 samples=47140 fps=5.1 loss=1.4452 actor=0.8490 value=0.6182 entropy=2.2030 mean_return=15.264 mean_len=82.3
[gat-train] update=2358 samples=47160 fps=5.1 loss=33.3677 actor=6.6161 value=26.7711 entropy=1.9460 mean_return=15.271 mean_len=82.4
[gat-train] update=2359 samples=47180 fps=5.1 loss=15.6674 actor=3.9475 value=11.7433 entropy=2.3359 mean_return=15.317 mean_len=82.6
[gat-train] update=2360 samples=47200 fps=5.1 loss=21.6422 actor=4.9292 value=16.7369 entropy=2.3849 mean_return=15.334 mean_len=82.8
[gat-train] update=2361 samples=47220 fps=5.1 loss=15.3496 actor=2.2814 value=13.0946 entropy=2.6425 mean_return=15.362 mean_len=82.8
[gat-train] update=2362 samples=47240 fps=5.1 loss=0.5856 actor=0.4029 value=0.2067 entropy=2.3955 mean_return=15.362 mean_len=82.8
[gat-train] update=2363 samples=47260 fps=5.1 loss=-0.3443 actor=-0.4876 value=0.1703 entropy=2.6949 mean_return=15.362 mean_len=82.8
[gat-train] update=2364 samples=47280 fps=5.1 loss=0.0427 actor=-0.0551 value=0.1226 entropy=2.4788 mean_return=15.362 mean_len=82.8
[gat-train] update=2365 samples=47300 fps=5.1 loss=0.0362 actor=-0.2260 value=0.2855 entropy=2.3245 mean_return=15.362 mean_len=82.8
[gat-train] update=2366 samples=47320 fps=5.1 loss=-0.3110 actor=-0.4317 value=0.1536 entropy=3.2846 mean_return=15.362 mean_len=82.8
[gat-train] update=2367 samples=47340 fps=5.1 loss=-0.3261 actor=-0.4020 value=0.1066 entropy=3.0720 mean_return=15.362 mean_len=82.8
[gat-train] update=2368 samples=47360 fps=5.1 loss=2.0667 actor=0.7590 value=1.3298 entropy=2.2192 mean_return=15.362 mean_len=82.8
[gat-train] update=2369 samples=47380 fps=5.1 loss=1.2850 actor=-0.7309 value=2.0480 entropy=3.2123 mean_return=15.362 mean_len=82.8
[gat-train] update=2370 samples=47400 fps=5.1 loss=0.8485 actor=0.3705 value=0.5057 entropy=2.7730 mean_return=15.362 mean_len=82.8
[gat-train] update=2371 samples=47420 fps=5.1 loss=1.0802 actor=0.2532 value=0.8529 entropy=2.5799 mean_return=15.362 mean_len=82.8
[gat-train] update=2372 samples=47440 fps=5.1 loss=0.0579 actor=-0.6892 value=0.7724 entropy=2.5338 mean_return=15.362 mean_len=82.8
[gat-train] update=2373 samples=47460 fps=5.1 loss=2.4194 actor=1.2433 value=1.2061 entropy=2.9962 mean_return=15.362 mean_len=82.8
[gat-train] update=2374 samples=47480 fps=5.1 loss=8.1616 actor=3.2067 value=4.9808 entropy=2.5905 mean_return=15.334 mean_len=82.6
[gat-train] update=2375 samples=47500 fps=5.1 loss=32.1691 actor=9.3869 value=22.8117 entropy=2.9479 mean_return=15.333 mean_len=82.7
[gat-train] update=2376 samples=47520 fps=5.1 loss=47.1394 actor=9.8308 value=37.3357 entropy=2.7030 mean_return=15.293 mean_len=82.6
[gat-train] update=2377 samples=47540 fps=5.1 loss=1.0056 actor=0.6829 value=0.3583 entropy=3.5521 mean_return=15.293 mean_len=82.6
[gat-train] update=2378 samples=47560 fps=5.1 loss=0.2282 actor=0.0901 value=0.1750 entropy=3.6844 mean_return=15.293 mean_len=82.6
[gat-train] update=2379 samples=47580 fps=5.1 loss=-0.9773 actor=-1.0861 value=0.1464 entropy=3.7591 mean_return=15.293 mean_len=82.6
[gat-train] update=2380 samples=47600 fps=5.1 loss=-0.2684 actor=-0.6122 value=0.3709 entropy=2.7064 mean_return=15.293 mean_len=82.6
[gat-train] update=2381 samples=47620 fps=5.1 loss=1.1239 actor=0.6315 value=0.5182 entropy=2.5770 mean_return=15.293 mean_len=82.6
[gat-train] update=2382 samples=47640 fps=5.1 loss=-0.5724 actor=-0.7232 value=0.1829 entropy=3.2139 mean_return=15.293 mean_len=82.6
[gat-train] update=2383 samples=47660 fps=5.1 loss=-0.2365 actor=-0.8027 value=0.5959 entropy=2.9686 mean_return=15.293 mean_len=82.6
[gat-train] update=2384 samples=47680 fps=5.1 loss=0.7091 actor=-0.0379 value=0.7783 entropy=3.1315 mean_return=15.293 mean_len=82.6
[gat-train] update=2385 samples=47700 fps=5.1 loss=0.9346 actor=-0.0188 value=0.9838 entropy=3.0332 mean_return=15.293 mean_len=82.6
[gat-train] update=2386 samples=47720 fps=5.1 loss=-0.9859 actor=-1.5899 value=0.6396 entropy=3.5575 mean_return=15.293 mean_len=82.6
[gat-train] update=2387 samples=47740 fps=5.1 loss=-0.1934 actor=-1.0004 value=0.8390 entropy=3.1968 mean_return=15.293 mean_len=82.6
[gat-train] update=2388 samples=47760 fps=5.1 loss=3.2590 actor=2.0281 value=1.2611 entropy=3.0186 mean_return=15.293 mean_len=82.6
[gat-train] update=2389 samples=47780 fps=5.1 loss=0.8251 actor=0.0815 value=0.7748 entropy=3.1271 mean_return=15.293 mean_len=82.6
[gat-train] update=2390 samples=47800 fps=5.1 loss=54.1836 actor=13.5660 value=40.6488 entropy=3.1213 mean_return=15.278 mean_len=82.4
[gat-train] update=2391 samples=47820 fps=5.1 loss=0.6973 actor=0.2090 value=0.5122 entropy=2.3862 mean_return=15.278 mean_len=82.4
[gat-train] update=2392 samples=47840 fps=5.1 loss=7.3591 actor=1.7825 value=5.6066 entropy=3.0056 mean_return=15.235 mean_len=82.1
[gat-train] update=2393 samples=47860 fps=5.1 loss=15.8637 actor=3.6382 value=12.2587 entropy=3.3129 mean_return=15.232 mean_len=82.2
[gat-train] update=2394 samples=47880 fps=5.1 loss=0.8536 actor=0.7968 value=0.0951 entropy=3.8388 mean_return=15.232 mean_len=82.2
[gat-train] update=2395 samples=47900 fps=5.1 loss=-0.4483 actor=-0.5479 value=0.1346 entropy=3.5019 mean_return=15.232 mean_len=82.2
[gat-train] update=2396 samples=47920 fps=5.1 loss=-0.3473 actor=-0.4543 value=0.1371 entropy=3.0145 mean_return=15.232 mean_len=82.2
[gat-train] update=2397 samples=47940 fps=5.1 loss=0.2014 actor=-0.1234 value=0.3577 entropy=3.2905 mean_return=15.232 mean_len=82.2
[gat-train] update=2398 samples=47960 fps=5.1 loss=-0.1374 actor=-0.3418 value=0.2353 entropy=3.0997 mean_return=15.232 mean_len=82.2
[gat-train] update=2399 samples=47980 fps=5.1 loss=-0.4631 actor=-0.9852 value=0.5563 entropy=3.4156 mean_return=15.232 mean_len=82.2
[gat-train] update=2400 samples=48000 fps=5.1 loss=1.7849 actor=1.2232 value=0.5957 entropy=3.4009 mean_return=15.232 mean_len=82.2
[gat-train] eval update=2400 comp_score=85.17 best=93.94
[gat-train] update=2401 samples=48020 fps=5.1 loss=-1.0790 actor=-2.4386 value=1.3937 entropy=3.4149 mean_return=15.232 mean_len=82.2
[gat-train] update=2402 samples=48040 fps=5.1 loss=0.3408 actor=-0.3233 value=0.6913 entropy=2.7155 mean_return=15.232 mean_len=82.2
[gat-train] update=2403 samples=48060 fps=5.1 loss=-1.3254 actor=-1.9084 value=0.6165 entropy=3.3399 mean_return=15.232 mean_len=82.2
[gat-train] update=2404 samples=48080 fps=5.1 loss=2.2844 actor=1.5742 value=0.7435 entropy=3.3344 mean_return=15.232 mean_len=82.2
[gat-train] update=2405 samples=48100 fps=5.2 loss=1.2988 actor=-0.1286 value=1.4502 entropy=2.2883 mean_return=15.232 mean_len=82.2
[gat-train] update=2406 samples=48120 fps=5.2 loss=47.9452 actor=9.6388 value=38.3329 entropy=2.6520 mean_return=15.106 mean_len=81.4
[gat-train] update=2407 samples=48140 fps=5.2 loss=1.9393 actor=0.3018 value=1.6731 entropy=3.5635 mean_return=15.106 mean_len=81.4
[gat-train] update=2408 samples=48160 fps=5.2 loss=-0.3474 actor=-1.3548 value=1.0416 entropy=3.4091 mean_return=15.106 mean_len=81.4
[gat-train] update=2409 samples=48180 fps=5.2 loss=2.7369 actor=2.1751 value=0.5953 entropy=3.3398 mean_return=15.106 mean_len=81.4
[gat-train] update=2410 samples=48200 fps=5.2 loss=9.8811 actor=3.3181 value=6.5956 entropy=3.2601 mean_return=15.106 mean_len=81.5
[gat-train] update=2411 samples=48220 fps=5.2 loss=-0.6225 actor=-0.7462 value=0.1561 entropy=3.2464 mean_return=15.106 mean_len=81.5
[gat-train] update=2412 samples=48240 fps=5.2 loss=1.6357 actor=1.3623 value=0.3063 entropy=3.2775 mean_return=15.106 mean_len=81.5
[gat-train] update=2413 samples=48260 fps=5.2 loss=-0.4181 actor=-0.5929 value=0.2002 entropy=2.5355 mean_return=15.106 mean_len=81.5
[gat-train] update=2414 samples=48280 fps=5.2 loss=-0.2873 actor=-0.4931 value=0.2327 entropy=2.6841 mean_return=15.106 mean_len=81.5
[gat-train] update=2415 samples=48300 fps=5.2 loss=-0.5542 actor=-0.6773 value=0.1560 entropy=3.2960 mean_return=15.106 mean_len=81.5
[gat-train] update=2416 samples=48320 fps=5.2 loss=3.6538 actor=2.0901 value=1.5934 entropy=2.9764 mean_return=15.106 mean_len=81.5
[gat-train] update=2417 samples=48340 fps=5.2 loss=1.9256 actor=0.9542 value=1.0004 entropy=2.8902 mean_return=15.106 mean_len=81.5
[gat-train] update=2418 samples=48360 fps=5.2 loss=-0.6213 actor=-1.4669 value=0.8724 entropy=2.6909 mean_return=15.106 mean_len=81.5
[gat-train] update=2419 samples=48380 fps=5.2 loss=1.4618 actor=0.9781 value=0.5133 entropy=2.9674 mean_return=15.106 mean_len=81.5
[gat-train] update=2420 samples=48400 fps=5.2 loss=1.2719 actor=0.6267 value=0.6746 entropy=2.9393 mean_return=15.106 mean_len=81.5
[gat-train] update=2421 samples=48420 fps=5.2 loss=1.5490 actor=1.0021 value=0.5740 entropy=2.7117 mean_return=15.106 mean_len=81.5
[gat-train] update=2422 samples=48440 fps=5.2 loss=49.4061 actor=10.0973 value=39.3337 entropy=2.4833 mean_return=15.093 mean_len=81.5
[gat-train] update=2423 samples=48460 fps=5.2 loss=13.7508 actor=-0.1230 value=13.9026 entropy=2.8811 mean_return=15.087 mean_len=81.5
[gat-train] update=2424 samples=48480 fps=5.2 loss=1.9956 actor=1.3825 value=0.6407 entropy=2.7613 mean_return=15.087 mean_len=81.5
[gat-train] update=2425 samples=48500 fps=5.2 loss=19.7533 actor=4.0274 value=15.7556 entropy=2.9736 mean_return=15.079 mean_len=81.4
[gat-train] update=2426 samples=48520 fps=5.2 loss=0.2759 actor=0.2015 value=0.1073 entropy=3.2928 mean_return=15.079 mean_len=81.4
[gat-train] update=2427 samples=48540 fps=5.2 loss=1.3264 actor=0.7778 value=0.5801 entropy=3.1430 mean_return=15.079 mean_len=81.4
[gat-train] update=2428 samples=48560 fps=5.2 loss=-0.2610 actor=-0.4575 value=0.2283 entropy=3.1791 mean_return=15.079 mean_len=81.4
[gat-train] update=2429 samples=48580 fps=5.2 loss=0.9470 actor=0.5450 value=0.4211 entropy=1.9163 mean_return=15.079 mean_len=81.4
[gat-train] update=2430 samples=48600 fps=5.2 loss=-0.4484 actor=-1.1510 value=0.7304 entropy=2.7861 mean_return=15.079 mean_len=81.4
[gat-train] update=2431 samples=48620 fps=5.2 loss=0.1290 actor=-0.2469 value=0.3996 entropy=2.3802 mean_return=15.079 mean_len=81.4
[gat-train] update=2432 samples=48640 fps=5.2 loss=0.4484 actor=0.0187 value=0.4590 entropy=2.9264 mean_return=15.079 mean_len=81.4
[gat-train] update=2433 samples=48660 fps=5.2 loss=0.3765 actor=-0.1723 value=0.5744 entropy=2.5563 mean_return=15.079 mean_len=81.4
[gat-train] update=2434 samples=48680 fps=5.2 loss=-0.5424 actor=-1.6588 value=1.1376 entropy=2.1211 mean_return=15.079 mean_len=81.4
[gat-train] update=2435 samples=48700 fps=5.2 loss=-0.0111 actor=-0.3455 value=0.3656 entropy=3.1226 mean_return=15.079 mean_len=81.4
[gat-train] update=2436 samples=48720 fps=5.2 loss=-0.0345 actor=-0.2015 value=0.1875 entropy=2.0495 mean_return=15.079 mean_len=81.4
[gat-train] update=2437 samples=48740 fps=5.2 loss=1.0281 actor=0.4253 value=0.6268 entropy=2.4004 mean_return=15.079 mean_len=81.4
[gat-train] update=2438 samples=48760 fps=5.2 loss=31.1952 actor=4.7260 value=26.4895 entropy=2.0376 mean_return=15.075 mean_len=81.3
[gat-train] update=2439 samples=48780 fps=5.2 loss=31.3011 actor=5.4589 value=25.8641 entropy=2.1934 mean_return=15.112 mean_len=81.5
[gat-train] update=2440 samples=48800 fps=5.2 loss=40.1635 actor=6.3932 value=33.7934 entropy=2.3106 mean_return=15.111 mean_len=81.6
[gat-train] update=2441 samples=48820 fps=5.2 loss=7.2759 actor=1.7439 value=5.5551 entropy=2.3098 mean_return=15.103 mean_len=81.5
[gat-train] update=2442 samples=48840 fps=5.2 loss=0.0979 actor=-0.0397 value=0.1523 entropy=1.4746 mean_return=15.103 mean_len=81.5
[gat-train] update=2443 samples=48860 fps=5.2 loss=0.1742 actor=0.0484 value=0.1457 entropy=1.9915 mean_return=15.103 mean_len=81.5
[gat-train] update=2444 samples=48880 fps=5.2 loss=-0.1718 actor=-0.1919 value=0.0408 entropy=2.0708 mean_return=15.103 mean_len=81.5
[gat-train] update=2445 samples=48900 fps=5.2 loss=-0.0084 actor=-0.0581 value=0.0720 entropy=2.2407 mean_return=15.103 mean_len=81.5
[gat-train] update=2446 samples=48920 fps=5.2 loss=-0.2028 actor=-0.4479 value=0.2617 entropy=1.6631 mean_return=15.103 mean_len=81.5
[gat-train] update=2447 samples=48940 fps=5.2 loss=0.2600 actor=-0.0969 value=0.3706 entropy=1.3722 mean_return=15.103 mean_len=81.5
[gat-train] update=2448 samples=48960 fps=5.2 loss=-0.0227 actor=-0.2885 value=0.2811 entropy=1.5310 mean_return=15.103 mean_len=81.5
[gat-train] update=2449 samples=48980 fps=5.2 loss=0.0876 actor=-0.0389 value=0.1486 entropy=2.2134 mean_return=15.103 mean_len=81.5
[gat-train] update=2450 samples=49000 fps=5.2 loss=-0.8418 actor=-1.0014 value=0.1880 entropy=2.8499 mean_return=15.103 mean_len=81.5
[gat-train] eval update=2450 comp_score=88.24 best=93.94
[gat-train] update=2451 samples=49020 fps=5.2 loss=0.3962 actor=-0.2891 value=0.7035 entropy=1.8210 mean_return=15.103 mean_len=81.5
[gat-train] update=2452 samples=49040 fps=5.2 loss=0.1878 actor=-0.2658 value=0.4714 entropy=1.7732 mean_return=15.103 mean_len=81.5
[gat-train] update=2453 samples=49060 fps=5.2 loss=1.7878 actor=1.1479 value=0.6662 entropy=2.6290 mean_return=15.103 mean_len=81.5
[gat-train] update=2454 samples=49080 fps=5.2 loss=1.3396 actor=0.7604 value=0.6056 entropy=2.6376 mean_return=15.103 mean_len=81.5
[gat-train] update=2455 samples=49100 fps=5.2 loss=0.4180 actor=-0.1159 value=0.5602 entropy=2.6247 mean_return=15.103 mean_len=81.5
[gat-train] update=2456 samples=49120 fps=5.2 loss=25.9451 actor=6.4589 value=19.5124 entropy=2.6253 mean_return=15.111 mean_len=81.6
[gat-train] update=2457 samples=49140 fps=5.2 loss=48.2313 actor=9.6411 value=38.6145 entropy=2.4239 mean_return=15.122 mean_len=81.8
[gat-train] update=2458 samples=49160 fps=5.2 loss=33.4406 actor=6.4905 value=26.9750 entropy=2.4895 mean_return=15.125 mean_len=81.8
[gat-train] update=2459 samples=49180 fps=5.2 loss=0.3554 actor=0.3159 value=0.0672 entropy=2.7639 mean_return=15.125 mean_len=81.8
[gat-train] update=2460 samples=49200 fps=5.2 loss=0.0907 actor=0.0732 value=0.0444 entropy=2.6901 mean_return=15.125 mean_len=81.8
[gat-train] update=2461 samples=49220 fps=5.2 loss=0.1069 actor=0.0752 value=0.0539 entropy=2.2209 mean_return=15.125 mean_len=81.8
[gat-train] update=2462 samples=49240 fps=5.2 loss=-0.0918 actor=-0.1267 value=0.0562 entropy=2.1330 mean_return=15.125 mean_len=81.8
[gat-train] update=2463 samples=49260 fps=5.2 loss=-0.5959 actor=-0.7390 value=0.1712 entropy=2.8048 mean_return=15.125 mean_len=81.8
[gat-train] update=2464 samples=49280 fps=5.2 loss=-0.2293 actor=-0.3889 value=0.1828 entropy=2.3170 mean_return=15.125 mean_len=81.8
[gat-train] update=2465 samples=49300 fps=5.2 loss=4.2346 actor=1.7267 value=2.5337 entropy=2.5826 mean_return=14.998 mean_len=80.7
[gat-train] update=2466 samples=49320 fps=5.2 loss=-0.0032 actor=-0.2071 value=0.2280 entropy=2.4050 mean_return=14.998 mean_len=80.7
[gat-train] update=2467 samples=49340 fps=5.2 loss=0.3147 actor=-0.0276 value=0.3617 entropy=1.9394 mean_return=14.998 mean_len=80.7
[gat-train] update=2468 samples=49360 fps=5.2 loss=1.7068 actor=0.7554 value=0.9762 entropy=2.4834 mean_return=14.998 mean_len=80.7
[gat-train] update=2469 samples=49380 fps=5.2 loss=0.1650 actor=-0.3868 value=0.5724 entropy=2.0550 mean_return=14.998 mean_len=80.7
[gat-train] update=2470 samples=49400 fps=5.2 loss=0.0259 actor=-0.3972 value=0.4469 entropy=2.3810 mean_return=14.998 mean_len=80.7
[gat-train] update=2471 samples=49420 fps=5.2 loss=1.6938 actor=0.5401 value=1.1769 entropy=2.3191 mean_return=14.998 mean_len=80.7
[gat-train] update=2472 samples=49440 fps=5.2 loss=32.9262 actor=8.2406 value=24.7048 entropy=1.9190 mean_return=14.986 mean_len=80.6
[gat-train] update=2473 samples=49460 fps=5.2 loss=1.9652 actor=1.0587 value=0.9292 entropy=2.2695 mean_return=14.986 mean_len=80.6
[gat-train] update=2474 samples=49480 fps=5.2 loss=52.4630 actor=8.0781 value=44.4105 entropy=2.5500 mean_return=15.024 mean_len=80.8
[gat-train] update=2475 samples=49500 fps=5.2 loss=0.1573 actor=0.0474 value=0.1283 entropy=1.8464 mean_return=15.024 mean_len=80.8
[gat-train] update=2476 samples=49520 fps=5.2 loss=-0.2892 actor=-0.3137 value=0.0605 entropy=3.5973 mean_return=15.024 mean_len=80.8
[gat-train] update=2477 samples=49540 fps=5.2 loss=-0.0269 actor=-0.0517 value=0.0536 entropy=2.8792 mean_return=15.024 mean_len=80.8
[gat-train] update=2478 samples=49560 fps=5.2 loss=0.6951 actor=0.3404 value=0.3806 entropy=2.5801 mean_return=15.024 mean_len=80.8
[gat-train] update=2479 samples=49580 fps=5.2 loss=-0.7272 actor=-1.7404 value=1.0394 entropy=2.6163 mean_return=15.024 mean_len=80.8
[gat-train] update=2480 samples=49600 fps=5.2 loss=-0.2956 actor=-0.7016 value=0.4335 entropy=2.7512 mean_return=15.024 mean_len=80.8
[gat-train] update=2481 samples=49620 fps=5.2 loss=0.1739 actor=-0.2518 value=0.4534 entropy=2.7690 mean_return=15.024 mean_len=80.8
[gat-train] update=2482 samples=49640 fps=5.2 loss=3.0418 actor=1.8454 value=1.2319 entropy=3.5453 mean_return=15.024 mean_len=80.8
[gat-train] update=2483 samples=49660 fps=5.3 loss=0.8656 actor=0.1272 value=0.7663 entropy=2.7847 mean_return=15.024 mean_len=80.8
[gat-train] update=2484 samples=49680 fps=5.3 loss=9.5827 actor=2.5927 value=7.0261 entropy=3.6061 mean_return=15.082 mean_len=81.1
[gat-train] update=2485 samples=49700 fps=5.3 loss=0.9970 actor=0.6536 value=0.3762 entropy=3.2797 mean_return=15.082 mean_len=81.1
[gat-train] update=2486 samples=49720 fps=5.3 loss=0.4613 actor=-0.7318 value=1.2299 entropy=3.6846 mean_return=15.082 mean_len=81.1
[gat-train] update=2487 samples=49740 fps=5.3 loss=-1.2836 actor=-3.4039 value=2.1556 entropy=3.5316 mean_return=15.082 mean_len=81.1
[gat-train] update=2488 samples=49760 fps=5.3 loss=6.0528 actor=4.2829 value=1.8037 entropy=3.3755 mean_return=15.082 mean_len=81.1
[gat-train] update=2489 samples=49780 fps=5.3 loss=41.8347 actor=9.6279 value=32.2372 entropy=3.0349 mean_return=15.075 mean_len=81.1
[gat-train] update=2490 samples=49800 fps=5.3 loss=22.7336 actor=5.3134 value=17.4445 entropy=2.4189 mean_return=15.062 mean_len=81.0
[gat-train] update=2491 samples=49820 fps=5.3 loss=8.1641 actor=1.6154 value=6.5815 entropy=3.2838 mean_return=15.105 mean_len=81.2
[gat-train] update=2492 samples=49840 fps=5.3 loss=1.8191 actor=1.2568 value=0.5951 entropy=3.2828 mean_return=15.105 mean_len=81.2
[gat-train] update=2493 samples=49860 fps=5.3 loss=0.0269 actor=-0.3893 value=0.4470 entropy=3.0706 mean_return=15.105 mean_len=81.2
[gat-train] update=2494 samples=49880 fps=5.3 loss=0.9797 actor=0.7506 value=0.2639 entropy=3.4864 mean_return=15.105 mean_len=81.2
[gat-train] update=2495 samples=49900 fps=5.3 loss=-0.0508 actor=-1.1080 value=1.0907 entropy=3.3488 mean_return=15.105 mean_len=81.2
[gat-train] update=2496 samples=49920 fps=5.3 loss=0.8080 actor=0.5098 value=0.3296 entropy=3.1390 mean_return=15.105 mean_len=81.2
[gat-train] update=2497 samples=49940 fps=5.3 loss=1.8324 actor=1.0582 value=0.8025 entropy=2.8391 mean_return=15.105 mean_len=81.2
[gat-train] update=2498 samples=49960 fps=5.3 loss=0.1442 actor=-0.6172 value=0.7895 entropy=2.8049 mean_return=15.105 mean_len=81.2
[gat-train] update=2499 samples=49980 fps=5.3 loss=40.8888 actor=8.8975 value=32.0225 entropy=3.1257 mean_return=15.102 mean_len=81.1
[gat-train] update=2500 samples=50000 fps=5.3 loss=-0.5188 actor=-1.2924 value=0.8019 entropy=2.8279 mean_return=15.102 mean_len=81.1
[gat-train] eval update=2500 comp_score=85.17 best=93.94
Loading user config located at: '/home/user/isaacsim/kit/data/Kit/Isaac-Sim/5.1/user.config.json'
[Info] [carb] Logging to file: /home/user/isaacsim/kit/logs/Kit/Isaac-Sim/5.1/kit_20260630_161630.log
2026-06-30T07:16:30Z [166ms] [Warning] [omni.platforminfo.plugin] failed to open the default display.  Can't verify X Server version.
2026-06-30T07:16:30Z [167ms] [Warning] [omni.usd_config.extension] Enable omni.materialx.libs extension to use MaterialX
2026-06-30T07:16:30Z [433ms] [Warning] [carb] Acquiring non optional plugin interface which is not listed as dependency: [omni::physx::IPhysxBenchmarks v1.0] (plugin: <default plugin>), by client: omni.physics.physx.plugin. Add it to CARB_PLUGIN_IMPL_DEPS() macro of a client.
2026-06-30T07:16:30Z [530ms] [Warning] [omni.isaac.dynamic_control] omni.isaac.dynamic_control is deprecated as of Isaac Sim 4.5. No action is needed from end-users.
2026-06-30T07:16:32Z [2,160ms] [Warning] [gpu.foundation.plugin] Skipping unsupported non-NVIDIA GPU: AMD Unknown (RADV RAPHAEL_MENDOCINO)
2026-06-30T07:16:32Z [2,160ms] [Warning] [gpu.foundation.plugin] Skipping unsupported non-NVIDIA GPU: AMD Unknown (RADV RAPHAEL_MENDOCINO)

|---------------------------------------------------------------------------------------------|
| Driver Version: 580.159.03    | Graphics API: Vulkan
|=============================================================================================|
| GPU | Name                             | Active | LDA | GPU Memory | Vendor-ID | LUID       |
|     |                                  |        |     |            | Device-ID | UUID       |
|     |                                  |        |     |            | Bus-ID    |            |
|---------------------------------------------------------------------------------------------|
| 0   | NVIDIA RTX PRO 6000 Blackwell .. | Yes: 0 |     | 97887   MB | 10de      | 0          |
|     |                                  |        |     |            | 2bb1      | 25b334fd.. |
|     |                                  |        |     |            | 1         |            |
|---------------------------------------------------------------------------------------------|
| 1   | AMD Unknown (RADV RAPHAEL_MEND.. |        |     | 43508   MB | 1002      | 0          |
|     |                                  |        |     |            | 13c0      | 00000000.. |
|     |                                  |        |     |            | 79        |            |
|=============================================================================================|
| OS: 22.04.5 LTS (Jammy Jellyfish) ubuntu, Version: 22.04.5, Kernel: 6.8.0-124-generic
| Processor: AMD Ryzen 9 9950X3D 16-Core Processor
| Cores: 16 | Logical Cores: 32
|---------------------------------------------------------------------------------------------|
| Total Memory (MB): 126429 | Free Memory: 114698
| Total Page/Swap (MB): 2047 | Free Page/Swap: 2046
|---------------------------------------------------------------------------------------------|
2026-06-30T07:16:32Z [2,656ms] [Warning] [isaaclab.envs.direct_rl_env] Seed not set for the environment. The environment creation may not be deterministic.
[reward-sweep] profile=terminal_ratio exited code=0 Tue Jun 30 06:54:41 PM KST 2026
